Longitude,Latitude
102.72247455963422,29.531567061466284
103.23967722715143,31.13981917131438
103.2657385315079,31.119371978222592
105.4563043600576,32.75378015186791
104.26434915348626,32.87173758695821
102.48685284818188,29.705965049854495
103.15834860190265,31.21805795230791
103.27496750645746,31.069229583672637
104.38823393446044,32.651872551584276
102.97341581620053,30.71395188044848
105.03240466637847,32.60507662240217
102.5963234678122,30.32365481869858
103.98830964421664,31.91726140923392
102.3576992564159,30.066479267722993
104.71117913559884,32.76373642432336
104.09279156143936,31.86874823074304
104.44486294407163,32.55489130145051
102.50493553972157,30.454930318920585
105.45965288081787,33.01153364923887
105.20358318764977,32.83408419159007
102.78243270372377,30.743363345475323
103.93368623573892,32.58658180997904
102.42647380541156,30.24236366470931
104.37266830002027,32.67808969595989
103.94107007824844,32.45560399175117
104.2169441313768,32.7813895580775
102.33665025833217,30.076583018481898
102.33585569971194,28.966232715092957
103.99360325046614,32.21949153567308
103.40139182979215,31.424001791540682
103.97155685628577,32.26892432031823
102.89804101529356,30.43990180501929
103.93466678334165,31.862204790008697
105.22628590514505,32.867368365558164
102.39119416689024,30.058765070240597
103.7920136161138,32.111126304732785
102.30607254549464,29.95217376497402
104.66719218069795,32.75543517958942
102.5520320225342,30.802504628779925
104.22576101905109,32.10226664194586
103.03630269096936,29.552007461821187
102.56901426339297,30.586376623434553
103.30749952189667,30.706662754057493
102.88161878736328,29.564980216594492
102.70731769805514,30.21072927722426
104.8385505677135,32.67500903093363
102.6229237422721,30.583898104659564
103.94329036827503,31.51792743470411
105.43839731837939,32.88784914842583
104.0532287646504,32.86293394553095
102.96179512626571,30.824429136803786
102.6695704997739,29.620503108650976
102.69680727318095,30.659507861698643
103.9304018997976,31.447846026769128
103.57647125758413,31.2919555594149
102.71975847588638,29.64466926095244
102.52505725951767,29.91176813018041
104.69830784004714,32.583121734808586
103.11557922695208,31.21342690935314
103.13434441794617,31.26813313758661
104.27348034536654,31.751612281518103
103.03417901288137,30.549044638972845
104.49384723984073,32.93696184307085
103.9100633586478,31.45420395222078
104.59366122693338,32.55477023863318
103.0492491241025,30.98573083898691
105.40360573121276,33.08623991395848
102.40612289618407,30.226291290644323
104.06054133936125,32.2997588145541
103.85252194098226,31.587930382834237
102.98295793921223,29.621118239213168
102.94742387874668,29.664338940813565
105.26190251716535,32.89737305278314
102.9590482888439,31.193104528673633
102.48159880065882,30.63259515792227
103.85500271234665,31.43486165782774
105.14604190052557,32.63370200831235
104.64979220174357,32.50164043755627
104.33661828497345,32.13400396678021
104.38550574666121,32.916020857907455
103.8831149812724,32.211157356471865
104.86808141358493,32.53552668580653
103.26103100190322,30.836556090998698
104.6031010160678,32.60242418868899
103.31720711874569,31.10909529442943
102.4846685106815,30.38040197592686
104.65222616608918,32.64972915792711
104.08880878171736,32.415656534598156
103.04029975051438,29.54705009205252
102.42999720401397,28.984922847582162
103.07721577088118,30.86884136957358
103.7085510367792,32.014249296388684
103.87622615370756,32.66043209236014
104.67582962099397,32.81573203547137
102.74866287255176,30.556833441767353
102.76093849680402,29.582264926995904
104.22057322893345,32.63796326796309
104.03150386719251,32.93598472450915
103.28124875227358,31.063403505259377
104.40817963925235,32.63642381811488
103.8838246777873,31.7595827744714
104.5948803597278,32.506446334007016
103.91288454935098,31.545808739928837
103.00694478169052,30.479073987300968
104.28371016082954,31.765464059540072
104.29926040616542,32.1870652913826
104.43733230141757,32.76775000782105
105.03650147877559,32.70746011845227
104.7492759892826,32.6140890602247
102.98741481980828,30.55606786981736
103.67220674573389,31.98084280421383
102.96895378562795,30.399457783320493
102.99357345679674,31.206351700638464
104.14011758355822,33.027655806811936
105.64118555044277,32.89409640101243
103.99587228634552,31.570835377717035
103.09616177985659,30.42187490139442
102.46042730594488,30.608726046987748
104.29349547412623,32.186744913316815
103.2661051111725,31.0586369271167
102.70164327952986,30.26722391666846
105.29085987268174,33.01766600321291
104.47878290704128,32.75504660798605
103.96538920789082,31.817864042818172
102.42671135730996,28.904048251840308
104.32406220543952,32.22958945786334
104.210343506839,32.11375281198556
102.62504206537702,30.32649979387079
102.60203206069193,29.71245292155988
103.94316480109114,32.51773203232534
103.21632030670428,31.31542617359287
104.58182795635574,32.65999456500601
102.73661683884963,30.864194565942583
102.52413853990316,30.602245870817438
103.7434277372469,32.00035129726079
104.2654842892784,32.05962977781543
104.3979119987781,32.277640679451004
102.59098765013486,30.638926240185395
102.82177286938462,30.431029252878286
103.1309094734517,31.110696398248997
103.08284711459588,30.725068737373483
103.70239333919125,32.03278696290528
102.37715571583233,30.08192065161469
102.75278895124713,30.29138132032785
105.24723322361459,32.64802523463822
103.01131371732073,30.819194921950285
105.16906292398801,32.803131308994345
102.66906282744344,29.73227544866146
104.68814231031952,32.73385243706113
103.90254801654974,32.46341836752184
104.66253193728649,32.453513861866426
102.52923081040505,29.897384482815838
102.67346100795451,30.36868983192857
103.74950040440187,32.117037498271316
104.45717993853543,32.943394988795106
102.5653524341413,30.800948444823824
102.51491401593981,29.906192908033635
102.45362266961257,29.89579724771192
103.28400701622935,30.746609452781335
103.00655864251311,31.085772070812325
102.54174820748518,30.528179309727438
103.87970895968324,31.695734510994463
103.06573127666225,30.429361746885967
102.55501102210874,30.329086622948353
102.57529330188044,30.35683486164173
103.94860554099886,32.66391795770333
103.90022457995592,31.913946040321928
103.13670427600782,30.57207389762928
102.57755873753142,30.525246630366286
102.60036982310999,30.678364325705086
102.45784774454934,30.398476447605898
104.39762825151864,32.83428653051429
104.31554995956408,32.661632977985285
103.2075699343561,30.97079596994135
104.45414022740195,32.539107836276656
105.04778431202719,32.59125920388174
103.2907073550115,31.390337788888832
104.83660744754624,32.48697205401326
104.03924008740302,32.64536809372346
103.86484564958391,32.617361916426695
104.19239563227006,32.62621355090649
104.17931033278326,33.0207731859561
104.36446717775588,32.89139959132366
104.53973253750044,32.46437804112237
104.75275058281824,32.489129266728156
103.29988042353239,30.92908740251885
103.12511217957814,31.017438916609002
103.17000154604152,29.434895555511734
102.34155462521302,30.055676931996494
102.90693536459503,30.45925389279242
105.04693819275545,32.55979588945465
102.61203608004432,30.655227546762507
104.03069486495653,31.446741144567547
103.99705192913154,33.107852284197854
102.40730410140385,29.84662532769807
103.03855647921537,30.962407492845585
104.34988567771151,32.258757629998854
103.92484882610813,31.815214834637253
105.47096884265923,33.03860386612068
103.99762275412142,33.113496073334176
103.84213935907864,31.984041365896896
104.1498475984977,32.21647583542761
103.85606196901593,31.740261494238354
102.59156839046156,30.11113151620465
105.3827751926538,32.998450063224695
103.70156806526057,31.38113599716229
103.98100911792162,32.16043128213732
105.29787209943467,32.97894632910877
104.76680148975369,32.551410910311034
104.23900905509991,31.734069618530697
104.72173572726433,32.609264792255956
102.85933335467794,30.357353015854073
104.08475395805327,33.06869485399927
104.68500303745,32.61340606516493
102.72685217405785,30.202293766547168
103.17518053618488,30.738632425587138
102.57342689273115,30.611433595756257
104.26354068679625,32.62847479148939
104.74809478945745,32.702171534148036
103.08080544297103,30.745769299133148
103.11619389177552,30.458127603391006
103.22852471769599,31.04332633731108
102.73459521103521,29.55105340557581
104.49576016496401,32.696487934593584
102.56340675745071,30.11245081770553
102.53596692724815,30.564025995944963
104.54014945838615,32.50554393289799
102.46962190904674,28.934666163947192
102.54565864779876,29.82100726064319
103.98982384030693,31.501784147730735
104.06547426048321,31.888524663233724
103.83290975428876,31.29648234796853
105.16136809896892,32.70027899086322
103.53683889915355,31.213979692371524
103.46764269004102,30.87588719649769
104.34311685718214,32.088370540939685
103.83174500931753,31.97560648834932
102.92797578630716,30.7041088417121
103.0273663315166,31.281910962599156
105.41681603619459,32.90342309882825
103.37109639328615,31.152558448060514
103.76490013435256,31.794132560081714
103.92399699099153,31.8643380720875
103.13864674993702,29.53249185113817
105.25208742250463,32.70182696146021
105.18936242370626,32.71568961979352
105.15290087040033,32.94191397485098
102.47502741653273,30.53291675064294
102.42593728640327,29.77055577248603
102.97840771776556,30.89712063419558
102.76250584307921,29.49354176597294
102.69073301412423,30.345591650702225
103.23331709508358,31.308388783994403
103.1328970295095,30.97879368452944
103.77769583181463,32.013152082514374
104.18195742920254,31.761100826665153
104.88946214364695,32.6114980420167
103.2732909327857,31.197676319965623
103.86405506035334,32.50694844760788
102.61773636793085,29.707868083599912
103.88653897248591,31.663116892955657
102.98001612509195,31.261522683748055
102.94122538318499,29.64863644270146
105.41312321009924,33.08130423396333
104.1208846685927,32.53699913590296
103.3658842881607,31.077995926563847
104.32446757089467,32.82259309294851
102.3533873334053,29.003497506903024
102.40894524265569,28.934781819658046
104.31167728980809,31.810328677951308
103.03874832606095,30.90520215679658
105.30299635554546,32.81635457090086
104.08567991045072,32.78686298956899
104.47067568892273,32.769302243202084
104.25369759409386,32.07360122287315
104.31632587448422,32.944168406665995
102.54750392892885,30.399027669498587
103.93121239284118,32.04141402914618
105.2702625840659,32.92594703415637
102.3150967183444,30.03748648738983
103.25005513412621,31.234466864800936
102.77452771552572,30.674862256589925
104.82049076035605,32.7674625942036
102.47162243449844,30.5656534477915
102.35471140721006,29.023037001653154
104.17396091797629,32.363908728235266
105.2699287821525,32.75754211404178
103.80997149594049,31.552536922420025
103.33054812229425,31.311980040842084
104.52932592537384,32.544702678240505
104.36006243928513,32.10941377978787
103.33643407231943,30.880677623331223
103.20168241768882,31.14293254095362
104.6130487756581,32.77749106592482
102.53898922774873,30.604569969849045
104.06336112588029,32.56329679098993
104.80719334440455,32.657973164055335
103.9225996696257,32.036018456878836
103.36202406947005,31.057720161348477
102.62060458754827,30.559715833246674
104.15251780909868,32.81130986556849
103.84192571115447,31.59921575528303
104.20414143975894,32.933069492444744
104.26979657576656,32.78682043637277
104.06620290826591,31.490169499136517
102.88394488353366,30.53775537040695
103.03591786590708,30.413166891368377
102.43186937075133,30.07500261519584
102.96197857731902,30.592818064330505
103.6290050533022,31.243755712608234
103.58336767408683,31.117381755291845
102.90495574291903,30.401389941643906
102.74145375999481,30.908602099462215
104.1578927333279,32.32383469232593
103.08995231632363,30.679025847577194
104.21873590573654,32.95721752504467
102.78664572407111,30.908208077261026
103.99733447438605,32.76140054800426
103.77799988618938,31.31354494388988
103.92294604681102,31.794598778450215
104.7995405699602,32.76323501220534
105.0003430590849,32.66943981146107
103.33519655795773,31.034377438496055
102.5966290447319,30.21222071379646
104.97790557541833,32.608074799620795
103.83716917259052,32.55434444564166
103.96152203313476,31.486782852888776
104.0771716934979,33.10682737668512
103.37872527781242,31.121447117402596
105.18394994895418,32.62821329894579
104.05671592934479,33.17816308399302
105.23440316182304,32.79944932325221
102.38822468566644,30.149359093295
103.26084440305539,31.046439760385606
102.31698802901735,30.046163110509088
105.51265904873864,33.01024286233225
102.80299563143016,30.561788908453714
105.38005645795165,32.72168850034285
102.41896575046015,30.311329443944096
102.89020375603533,30.896830772070043
102.60812473531114,30.193096956178692
104.2627065943143,32.6930187958612
102.35116426922403,29.972347672592363
104.35266574546817,32.085640853956974
104.98733126719296,32.536644993439225
103.74949833478793,32.117634173882095
104.010148446199,31.93584000481852
103.057989464497,30.799513275643523
104.4925894864975,32.510739559653054
102.59463338466324,30.281035514706687
104.88858684793342,32.547582866061546
102.81249610683291,30.728076756969394
104.04608317081342,31.622025898754174
104.13121224651488,32.59288409154006
103.23455796397688,31.173463705438035
103.34505631159776,31.116077823718975
105.43316566369454,32.875099672032704
103.74506034112945,31.37033868723418
104.20789702274587,32.19344990735574
104.44154825979435,32.773063585499074
103.3161915317373,30.894721018753085
102.90768431874909,29.419739297332182
103.66280661628997,31.317144262970505
102.25138045722535,29.001403056429908
104.05660469897852,32.834036801356156
103.72934081512224,32.08887971298886
103.22462823932283,30.919805322677266
104.21343014275912,32.708057451411484
103.92953094218515,32.81964683076206
104.96188479316831,32.62093263951628
103.19304083061867,30.8984273908843
103.7844091456177,31.946273927218492
102.31541936226093,28.946518852305683
103.8101089881338,31.493690298012663
104.83656586078885,32.74713863784899
103.68839835536004,31.186859479471288
105.41236874580798,33.04699003372545
102.48152992227308,30.173648939791512
105.55072417049689,32.971317980563
103.34657683728965,31.340860566413852
103.74807917970527,31.87316925839028
103.18129691375472,31.198537209702963
104.07553077296978,31.88215870302746
103.8675170756262,32.314112836946165
104.17118097995795,32.61685625588217
103.29814044416523,31.14565266006537
103.72982679581844,31.36568050794115
104.25821723275193,32.076717315506244
102.43162734938251,29.719530877929266
102.9231961481476,30.644331741252252
105.58526198021659,33.014751270166116
102.41547772574557,30.233329428256926
103.10900946132361,31.057694630006832
104.89183009552679,32.594576353715944
103.73545713730256,32.021928824388326
104.30546032096673,32.842186912107046
104.19949425497033,32.7283684539971
102.9905952170491,30.996968683486863
103.07869788466468,30.874783361492895
103.07650508979123,29.442890127466388
103.08546859140955,30.530563711564586
103.26553559341782,31.142269448276366
102.23912958048417,29.064960593940143
104.17666305794005,32.42524212901267
102.89646477456887,30.38848818399239
104.53754977162092,32.59578514500866
104.3354795134668,32.25936921710457
104.63204629019205,32.490497189162106
102.99940477335481,31.007300771446285
103.92490452010242,32.827736695658366
102.99066706004945,29.53490735672596
104.46904338981972,32.8068046068237
102.54326829533198,30.695790689130746
105.54685168337033,32.845309082589765
103.93277643019557,32.3188920033715
103.43960928515254,31.18361906270417
103.29471763615955,31.05821314542528
105.14953009308893,32.61841776994171
104.15252209085982,32.84941584762791
102.62952541681841,30.490279827373257
102.94736899814711,29.568949431501395
104.32227040176589,32.743495274725426
102.45242774065605,30.29443287046957
104.55169884619391,32.451166142757465
104.98740767228941,32.55885706500604
104.15603462143734,32.917062223274755
103.93397988567735,32.18822358067853
103.76557196217792,32.137313984584765
102.49462842791814,29.996913490758207
104.66827630921848,32.66154331605902
103.89457688537703,31.349227888845398
102.55080719978518,29.89289699443678
102.76727996014854,30.860336269086407
103.305636147163,31.224218354513383
103.02761184449683,30.847653058618448
103.36002707946578,31.309822478461744
104.35922982231057,32.977770460429646
103.04683760681922,30.474953972314598
103.06668102306264,30.98366345808006
104.19687909692564,32.825803383210975
104.07671342073866,32.08076602863367
103.57495970143236,31.24937517219136
103.07017893874,30.441195196878247
105.20716269753251,32.69456930203167
103.87133340320543,32.24387518652
104.01327921069289,32.37859346101405
103.01636909902243,30.90016088656175
103.76734696291317,31.390102528157367
103.93572113559841,32.471938587594835
105.44243102425257,32.82957913204896
102.48563067633623,30.655327194833195
104.56551100705977,32.699761377522634
102.8729986414507,30.703861728241012
102.3812839887011,29.995076740005924
104.1133322705112,32.78345337059287
102.44121113245717,29.943110211523194
104.51354195528553,32.72519167840284
103.78296657591035,31.498384284711104
102.6820604688572,30.779188872155192
103.3438773504564,31.127060174272305
102.58807631613641,29.950260398419022
104.03956661984563,31.4522446771685
103.92867172995209,32.01516736840507
102.57317467805277,30.623494128413757
103.90389003626944,32.753432215434614
103.11205875356282,30.64195208805372
105.31358323347347,32.76001393275872
104.57075790665309,32.59744432845098
103.01331529031377,30.67409345994166
102.64905829002026,30.142932782102815
104.48615338275879,32.7906162079917
102.52193589987785,29.863386434075338
104.65166608082977,32.443771981481966
102.4898097164344,30.760502193273542
104.16764987813264,32.60993170798943
103.18091774265572,31.284274805339443
104.7226401205862,32.666205630845774
102.94359670038271,30.87637447631856
103.96295964964997,32.8571157020799
104.19516293349615,33.029199978773136
103.30054572726166,30.88133197435592
105.46920413251995,32.91472696762898
102.89991882854156,30.41351284395901
103.29486925184338,30.690691105800607
105.01130454029855,32.63308249708097
104.15416589404529,32.18013814834416
104.50559128551329,32.826828579944014
103.93761942843878,32.62650963744812
104.09961934769095,32.413456733144706
103.10263273326204,30.807826298507123
104.05426344371729,31.7454544393591
105.31712693405316,32.823546033278056
102.71837123850717,29.64900778361262
103.42280106600522,31.435189661937024
104.69156098081605,32.856084294896434
103.98247305561867,32.81159396263451
104.04150635997236,32.686771490873035
102.42393366720307,30.06428634217217
103.16439510913067,30.861190822450062
103.87543562859936,32.07217232271509
105.53609293548618,32.73368940388567
103.27524011028503,31.384972789699457
102.99326877362083,30.637426144072187
103.9294966616762,31.490089840990688
105.43168718898966,32.982655050579176
103.06005858238805,30.624672188381137
103.11045874526027,31.071596392121304
105.45004334444722,32.829784065167765
102.63714854368354,30.169535945099263
104.31763272057769,32.64027390947809
104.51085962484642,32.61397435975187
105.1558609211097,32.83888105519188
103.2969739892648,31.260108539064735
102.84624487894602,30.535702710625518
102.62832435752202,30.727945465340706
103.03644928488495,31.171788630552566
103.86117755893407,31.916596258322546
102.35177522898275,30.022228629380503
105.61482569603702,32.97597286560785
103.89918096238043,31.376953452832346
103.17692768678769,30.699561581309972
102.52916974240118,30.201613201506394
103.17680650845989,30.85784965321689
102.55965236524399,30.583915559946536
103.35344878457578,31.334878942157566
104.07235917839087,32.4836733703171
104.12100138477564,32.978606765365946
104.29501817168163,32.90913228803448
102.96171682445936,31.032714147794156
104.02248278166778,32.38646286418057
103.923807555163,32.75060599292617
104.70753998953569,32.75349508758359
104.20268745338333,32.793936685428946
103.03393544046762,30.806846111512577
103.96962029992392,31.68867920585776
103.8829814632973,31.482025430107697
102.37463835409109,28.955404749508183
103.98425924060695,31.371490053025138
102.34961123622045,28.986686411128986
104.11179962723376,32.17463345491075
104.0531714958648,32.51808984400851
103.00529174241427,30.801896680419823
104.11137088498772,32.91080814656542
102.51348820685394,30.70289539447388
103.79500151309075,31.46548945318358
102.62536422380822,30.706314107835148
103.16395371840751,30.49989078229926
103.93631209804171,31.94232392089315
104.68851338531921,32.57820313224858
102.5388525215498,30.733142696403284
102.98033590595524,31.101394404035233
102.73038704338124,30.838477960936988
102.65391761220368,29.709042745093356
102.8540171618563,30.35947526466904
104.09589188172546,32.72320925856445
102.91099909728257,30.569926314382897
103.88999032781632,32.55290334706083
102.57502659525879,30.643530460944323
105.15568912017531,32.617117373829615
102.90915633110276,30.83702972274498
103.82927444005657,31.545284014681616
103.91530760521466,32.522554151353724
102.98091555872796,30.622254352330618
104.00800949985663,32.36680640470417
103.7452170118185,31.340034737431385
104.03546369624378,32.799548887155716
104.0421494340644,32.44402182713385
103.18582876692831,29.5022312764627
103.39897687389825,31.255657377734295
102.88638606138349,30.82194118472988
105.39335244570267,33.118721072882295
103.99481632967996,32.08814298082193
104.86948168107807,32.52094508299222
102.89713400138297,30.775540518965343
102.80544819895566,30.89123743419735
103.16182064279995,31.166433968821437
102.99247147951381,30.828489823553337
103.9824833744942,32.1815144083919
102.72356601829259,30.75724108236885
104.49117819761904,32.569350189111795
103.07811119950702,30.994842572655852
103.91937963940292,32.91387053028814
103.40029203095716,30.823310148851917
102.63287555598258,30.20002703203736
104.1498021344243,32.59609892589008
105.5354669234468,32.782819343356806
105.41545303428278,32.916482318190724
102.98614433397087,29.64157241528966
105.5135988423088,32.87795351825719
102.72507170098312,30.71089147168353
104.12180123211529,32.28504267562974
104.22231007637097,31.791541185704283
104.4675896936117,32.697203998972434
103.99434589642681,31.70951134540266
104.41212600394803,32.67816483196305
103.93163222877877,32.551377535371174
103.35370773424461,31.40467395772489
102.95602091488372,29.671405445746014
103.98882167888732,31.49309138979083
103.82215399519,31.351971603317047
103.0944905337421,31.051132037547767
104.0114836706047,31.86704887287155
102.94595851511363,30.5457106338125
103.05763009503353,30.831965125845755
104.0035494382313,32.770403284488324
103.90815547587891,32.04469172376438
104.57402970288229,32.5205831511629
102.88665485831852,30.604241603623485
104.17920786298488,32.574109099460074
103.9427795967191,32.4148033186237
103.63661408054111,31.317761565309713
102.50915576596945,30.303560326702986
103.30192124849678,31.374578962445316
104.1102188719198,33.15320983162014
103.9718751067083,32.467485325886706
103.72658450878184,31.34085659449985
105.19138684078479,32.90395279169351
104.42837031232479,32.56475219093239
104.30376269774665,32.57211624014332
103.10134185275984,31.116902801498895
104.12097969106371,31.73629414597205
103.67710273937192,31.268763750781645
103.21114581915508,31.096961732796977
103.22891881065695,31.37302827621619
103.9162165564109,31.37872657305938
103.76317773224234,31.98939362129784
102.6850247531829,30.2306612813799
104.18636074263395,32.996990674145934
103.06226470977899,31.05377932661844
103.35736479429721,30.900340191764837
103.88044010700649,31.913534178043392
103.96887176200093,32.654687604281136
104.18934777059418,32.305341008333045
102.65059486921776,30.121636860997967
104.47211967914943,32.75482410822605
103.85740119625501,31.543658705128905
103.60589890273562,31.224530146920117
103.92664977843899,31.847191779232986
105.34959613933796,32.95947318932998
104.05138853875334,32.823418293904524
105.3165707163123,32.895690172238034
103.90955123608092,31.860327408745267
103.89664896057427,32.84126100588367
103.25894910491189,31.12729387736288
103.19097103418625,31.21148111230733
105.48842715030524,32.786132876770395
103.10317776791614,31.010288794738344
103.7175733661135,31.975951681957305
103.26186499787863,30.861630681845035
104.80346094677442,32.61891361165099
104.45032311012424,32.58568901077244
102.57021485052356,30.367801991947715
103.99281808706377,32.47214491012727
103.17202042170773,31.054372331160533
104.03206657459668,32.36455635705322
102.44170772766212,29.92710322365513
104.04442569099245,32.674278448270805
102.76126093621124,30.627015087270248
102.98855328241427,31.183625650929898
103.00684704427606,30.508070569751236
102.68881786500509,29.675205147512354
105.40846412927993,32.816746118693274
103.80073909178093,31.86002930267572
102.56971970281185,30.121329706205497
102.5260510624955,30.43577877022434
103.98089004283165,32.06117475827123
104.12109229207059,32.90290570845989
103.4969327620132,30.87343307665664
103.18374213585996,29.55038363216039
103.81609057732418,31.992727788596117
104.34436899918931,32.73706805945886
103.90939926346326,32.44804031769823
102.39268682525785,29.07512104491637
102.35551917762403,29.81560788676244
103.13506541859743,31.239497281826615
102.80843887318481,30.624372489739955
103.02216403619992,30.589195846327996
104.25547137610627,32.65511703298549
103.18066581009231,29.557303016551927
102.34387799819382,29.807635660728323
103.76683346473254,31.895696827931765
103.6676905118304,31.258713641152585
104.03436090550801,32.37961880904894
103.40783026633626,31.27132481550043
103.8168561205482,32.265789300368276
102.21068007575926,28.995060250049036
103.89432860954459,32.202698236076586
105.56571353596121,32.98339791981243
102.79089294433773,30.688958389635346
104.05367364606269,33.19135041569309
104.07054757590149,32.20240225434742
103.06036954829494,31.107741774036
104.13169553502551,32.29518149072333
104.39859361010897,32.12770844593616
103.90176198283739,32.303757649915106
102.58074178476889,30.625425652385672
103.17623336475636,31.105279768565158
103.65363247347669,31.318607995391744
103.82780946968154,31.804342990883946
103.87160611191113,32.47182676002311
105.30978656734787,32.980042748226765
103.84117648957718,32.62675367370549
102.5298230164991,29.98607974268282
103.93522377105879,32.75041003934158
102.88521141945557,30.77957222637713
102.95018179091282,29.555215638749594
103.08948876921875,31.0837586858682
103.89843992588499,32.544248250984595
104.35863983445148,32.2522019296076
105.14098416692804,32.66600898705443
103.26028170841661,30.819619621873635
103.8925567881371,32.6562552865737
103.0506056041304,30.670082097633003
103.9413480422372,31.676042793421324
103.6375382812474,31.290479463982297
102.8320142063105,30.806055601398
103.18004446390427,31.035055995225687
103.05664807762095,30.466288561907444
104.17432359548376,32.57142097581488
102.99971237658788,29.451904048408736
102.30806383457362,28.96614705067152
103.31900871774945,30.78104282950662
102.49564356137834,29.85884012343984
104.37638196591453,32.538300307015106
104.48558726150694,32.825429781927696
104.4417715213565,32.650679566516786
104.78921169105197,32.64008260330212
104.05029446654589,32.13033881782223
102.66680533318144,30.370143007181834
103.53734215108797,31.081114150515784
104.32321773302934,32.78844617585525
102.94531904079743,30.45752340932887
104.17352060185445,32.75149287862672
103.68587645018557,31.201150738335233
103.73471721259628,31.314537884947207
102.82139596783779,30.783592483194422
103.95415885052684,32.72321132852709
102.96230183172192,29.70244010459046
102.97708668216032,31.14804370055063
103.75367149985219,31.379051615185496
105.23876475191658,32.63567846612747
104.1243036928143,31.691861076426143
103.86150995981619,31.45641270147235
103.82665369048136,31.896739096294002
102.88187226209477,30.72545500344395
104.18428104455268,32.73242633039329
104.2277640603981,32.72876875926275
104.36190560372478,32.312266936890474
103.15714724379399,31.279561201390504
103.97038158579598,31.880291406732955
102.37167473224949,30.09218493988404
102.40895757011559,29.792994700285956
102.62419789453348,30.213711610323656
104.19169222791211,32.6583626596386
102.26812235360215,28.939685961031525
104.12186524927772,32.57117044411707
103.27741000400856,31.135091470030932
103.77592727940943,31.33423702994386
104.41645088178201,32.67567758474866
105.23116551979774,32.881347843411554
103.78431008896469,31.321726450351342
102.69932594574925,30.89737723760957
104.26951073804678,32.93833661975176
103.22566706517564,31.16752596728479
104.62126538933474,32.454782703029856
104.16529336417474,32.67430967258614
103.32640003862907,31.179942905336702
102.39329592387509,29.761627397784892
104.7036669259212,32.80018939244321
102.97067293713009,30.550485600780004
104.29421022299837,32.145440352181296
105.32424832046297,32.84382033357296
103.10993898963679,30.77080657712156
104.02429398063065,32.672556827540696
102.7747875039197,30.708547334665976
105.30814546455696,32.78393505240032
104.71389788161387,32.75414340726655
102.66230870603411,30.159739684194243
103.71460977013366,31.93514963246057
102.32579340311945,28.900083160835944
102.25870003282299,29.07423688059799
103.16320520968159,30.95088635232482
103.30448215388115,31.23023476375898
102.69196086052236,30.82497423402619
102.59550372458723,30.668599001384415
103.90822721133694,32.909022789267084
103.21180964279115,31.22814254514011
102.95932610486729,30.787259245475436
103.86765676648842,32.47820634143447
105.33623328736871,32.642624660202806
102.38251592452049,29.791005018758216
102.75568140285412,30.60764529767185
104.65314502581091,32.578187889383344
104.09094215296817,33.00825820348297
103.1413925911527,30.786077130289925
102.48176211988472,30.10142478871574
104.43623262509203,32.852337209995866
102.55831150296619,29.94473736743131
102.40555225422086,29.068963499837867
105.41948411689559,32.82323024778222
104.67531150775855,32.709535684797416
103.69586651068317,32.02312358180375
103.43142055113991,31.382572282845235
104.37510521187032,32.3190247588657
102.55010332940064,30.35839500353642
102.8973865610687,30.607737968730902
103.2485070333966,30.92381242163235
103.74601224236024,31.94151052146542
103.30280313222914,30.761445397090302
102.19759226455136,29.037827796500792
104.03907080596609,32.593147111226585
103.21120366927336,31.300572583650663
104.50385219166868,32.649037036679594
103.81893133171015,32.65435471708026
102.96331499974863,30.93064975559428
102.64069676204706,30.57425559741023
102.79615832204526,30.43710141161509
105.54698086716762,32.954554172822384
102.85475260849266,29.55632926716913
103.0173812453171,31.099654780882464
104.23220881953054,32.24599564522815
102.46168284680523,28.942151211031756
104.39350450980857,32.58575093430426
104.09426371930111,31.999401520762945
103.96114213134463,32.83658860421662
102.50951312621596,30.250164945471766
104.02283748098358,32.89831847208215
104.19735614359726,31.672102803589098
102.35854413506232,29.771625268807334
102.43743809552447,30.111259635327986
103.82865312174597,32.34921241733982
103.39583462357811,30.83059476711486
102.57603270795701,30.36751374102731
104.27644895984452,33.04174382462134
102.27669752333537,28.916267471894717
102.6296035209389,29.948804681369634
103.26392884862163,30.812393627384644
102.41657477714907,28.906159682071024
103.89183058256722,31.82768240258518
102.53250055204927,30.2832564050035
104.8711797096573,32.768616339089625
105.16356152475569,32.89524733713119
103.27563088781677,31.298365583413958
104.03966563823012,32.44250108619018
102.46207090265163,28.90110094510668
103.89157579271085,31.46437774827652
102.51189308503923,30.521223510109508
104.3222060162668,31.815453822582064
104.46760233429221,32.579760055263264
102.68504465017192,30.874104382115696
104.01799874035527,32.7801242977602
103.27004626672311,31.355287760948688
104.49310456035157,32.65105402645883
104.46333843052919,32.689580002330324
102.70303861835154,30.883424382310285
104.54746445116898,32.48076088435446
103.77887127149094,31.44009094205051
102.96781778714075,30.894820497257037
102.9375827756544,29.4473979172249
102.91998712396764,30.48380312968068
105.07470991032902,32.57184763478117
104.84915751712369,32.51500248238842
102.36544013812424,30.218071364837552
104.42147846046383,32.60681962697582
104.54448252737869,32.78590825334345
102.44089449632263,28.988432291589447
103.14593109742997,30.92671282459252
104.28439383130156,32.756801474582396
104.74418253065714,32.60033740288303
104.59756383858817,32.8506788006253
103.17288167048397,30.83582146833239
104.0596314412654,32.31303281011877
103.9969638555093,32.869658824057865
103.97489916450469,32.40120434129128
102.73022306744485,29.582243294722907
105.33154936101404,32.807379855079915
103.08055628478151,30.892557278456955
102.79085480152676,30.473161078674796
104.46937227492865,32.50161630883822
104.36808856852731,32.93007362224626
102.8010345004976,30.491701982229245
104.5510370577309,32.76448835191808
102.65323034232559,29.943172669159623
104.07174196597556,32.33590115179569
103.85752830153353,31.453419185499467
102.96337762110072,30.642730096198246
103.99749156756172,32.24858137615967
104.21911382588932,31.75234247606752
104.66498837260977,32.697783125241685
103.90110499429692,32.66293880662828
104.10679658296,33.07136312509111
102.3901170371813,29.88549562262075
103.9341544687111,32.89066471981545
102.39597943428424,29.004584151430283
104.59586853875321,32.63511794505655
102.73963643152037,29.641702215916084
104.15143037105706,31.630667569281147
104.20929221245798,32.63186759965044
103.86688103219205,31.912217517535087
102.85003598647528,30.40422620222395
103.3286165615453,30.86463812975298
102.95623946225861,31.14363347916784
102.49647668476723,30.754688343722485
103.33272517638484,31.216966438701697
104.0541110830344,31.437906533312727
103.21545546627694,30.90337582412061
102.56749394811783,29.66742131784868
103.93731711036207,32.55451285942615
105.51007149897835,33.03323520526028
104.12750231864744,32.55817249475448
104.1164663109217,32.448979357179525
103.93871336156099,32.84816132305182
104.36966966446799,32.51613238107136
104.91342422880153,32.76414581638841
102.5089680697782,30.363960521267323
104.20602609143799,33.03233302795385
104.06059466210326,31.864497664508903
104.12344358973378,33.02444227672753
104.0498578623828,32.494440174636914
104.06591142333266,32.89525066223243
103.2449714092243,30.855600917601127
103.95726132900097,32.615091576689665
103.77587433600334,31.324770322160635
102.33806566768182,28.88286995780439
103.45309887837386,30.902899411416023
104.44280970504234,32.70137767873859
103.19348226422576,31.12179003088815
102.99788796016077,30.780953918718104
104.03160598708021,31.82899266140217
103.00614233805221,30.759700890715784
103.10461657725564,30.79387511813275
104.10331922921688,32.32428026090944
104.12608941638892,32.60783350575279
103.38897140429846,31.19867957947126
102.96934860846356,30.839445135222814
104.0547718216877,32.25612406304171
103.27612943181154,30.952945820554145
102.99816789003268,30.691698586657154
102.97510219469717,30.696099910587883
104.12283923607451,32.72658856918326
103.88530990049841,32.10785828303832
102.56141048337811,30.703378986307282
102.24013076753903,28.997599518358506
104.48606486909365,32.54922499313553
103.99163102455312,31.824706938110236
103.82237775933663,32.67320556263009
102.49206262349705,30.10093698663642
102.96828484218064,29.414432886719897
104.12125358733361,32.28376835125676
103.7990053736895,32.11391444637429
105.48327028527899,33.01251557860562
102.50932248464343,30.241823652433563
102.45296984469604,30.058869920938736
102.81992758283049,30.87758175375637
104.16074490876426,32.40219400612466
105.24633147297968,32.94067918557638
103.59307387037359,31.331768146118062
103.08180622909211,30.98099097855639
103.79556404542038,32.06759498157123
104.42234175377313,32.69876361948154
104.84532169228203,32.51405353738323
104.20265406559564,32.724475227956255
103.83041357031291,32.10718260834599
103.03805483294346,29.475756447396282
102.50429906216726,29.770925338223577
104.03579282266001,32.77063933774818
102.45639412483247,30.604103188844594
105.54163438882357,32.910277639631055
104.84864630606216,32.75745169883182
104.18224407558121,32.202249889621044
103.18589666938044,30.63501355805472
103.89462000864067,32.4385016947659
104.81410816646184,32.69038506539954
103.3155243336239,31.306527153429904
102.83027189750752,30.835312806022696
104.14153142779864,33.10172645934364
104.58176229525021,32.75467595175123
103.96225795316035,31.626495184297852
104.40912506947556,32.65803362889883
104.81811633377538,32.481910911736016
103.29251238583012,31.408503994930722
102.44777568922055,29.975868535665043
102.506846340859,30.22584187697576
103.88551439585292,32.39841034470207
103.0500348748341,30.981776913871613
105.41829632435798,33.10732682084064
104.9912126114926,32.72588733076563
103.8528968539926,32.45862513758744
103.83000002666945,32.46794280739481
103.74638866007594,31.857599312827126
103.92704416416237,31.925186788072292
102.687059447863,29.65904035712553
102.96859594081333,30.574573020619457
102.57625762905695,29.900166634858834
103.47773647512626,30.847051296875232
102.70268034664834,30.698322589571188
102.62853351199647,30.842189077075833
102.50716133312969,30.718401468648192
104.4796304848616,32.58699439471902
104.11319332609176,32.33947335227549
103.30359146097163,30.70229041321781
104.07715973320862,33.02274001438431
103.54071471485163,31.136836161172745
104.79004977680154,32.786022378456536
102.53899289779652,29.859342665233765
104.00542036146373,33.13591034534516
104.00954785304074,31.4664035739615
104.15536822871793,31.704212952918375
104.83278916246572,32.56168160068371
103.07485468646811,30.626658415989876
104.03562686713373,32.56855086252437
103.86950015607513,32.49299053576229
102.48867994618308,30.036352182449903
104.85766819809488,32.57103195139114
103.97147668296769,31.94205638995122
104.04813568855555,32.71191955768536
103.05743764682191,30.513509583549133
103.13137249529198,30.634920956243295
104.03522113062867,32.20244854506547
102.94027783406862,31.2168108416883
103.83827904991448,32.49771305603577
103.33030581429512,31.187248412047534
103.9176653451929,32.67015826710387
102.6378658892014,30.52144420416805
105.43233616228488,32.752445152192394
102.84103492425035,30.34907686259487
105.42569185999967,32.91776393958906
102.57375776116135,30.742819995841764
103.98085564101824,31.510257005560085
104.16924439085255,32.70740781816917
105.1768906804191,32.63880960951633
103.85190970902103,32.597146801492336
105.30394485803146,33.021554077644716
103.06712971684574,30.96985229142125
103.94955424362979,31.871125771295212
102.96028582517542,30.41739826307157
103.81221547317257,32.609863269662206
103.93683274550851,31.83192882375237
102.61108864413637,30.682550040104307
105.4812175056118,32.865897895835225
102.44643977967974,29.745699658321797
103.07681392840631,31.223301611835055
102.62328166823029,30.73836218266061
104.87656493920313,32.509786117004566
102.61222791669866,30.356083538962768
103.93392494676091,32.203862672057596
102.90558063133138,29.56145038585836
104.50810070803121,32.579117602890584
103.00668230073204,30.589749428467684
103.92159212861856,32.10796805857873
103.96293842278025,31.93326163606935
102.67812990828395,30.793751928002045
103.82422872853324,32.0953875606355
103.00269436934572,30.763116395540493
102.49937257190872,29.896817786582996
102.44622631271538,30.564957971825038
103.2370321867448,31.289430222683684
105.20050069239932,32.701350989467876
104.51795469594772,32.751872132042195
103.96992589564898,31.509493164627404
104.63730495611858,32.56179314037384
103.93645240769175,31.819290460477795
104.20867205430663,32.27966354327618
103.04534560512319,30.502862553598682
103.01706886961657,30.624243859813728
102.19880515929128,29.059307128104862
104.41543640537358,32.879275664674864
104.04986083143197,32.087670152255136
104.6071627442166,32.735686516132695
102.97475925169074,30.516605927580496
104.28424517043146,32.912517287195875
102.9702637960255,31.264707127022007
104.01058967226061,32.49171703099118
102.29368629036048,30.021697821185718
104.68980564203686,32.487667001178366
104.42592483563766,32.85567755806903
104.26360610230893,32.89414500682143
104.02561858576733,31.836273930003863
102.70664506932934,30.598299146822704
103.97254087232109,31.45554657831311
102.85557001147332,30.931833938974602
104.76303764588232,32.499165740873686
104.49081821639223,32.533565536767675
103.79650440694851,31.50775003223427
104.04423520503086,31.451956859761314
105.38826881993604,32.81003114563893
102.71597534545555,30.827629818246706
102.56449283844057,30.11098403900527
102.90346462634598,30.580742439728372
102.57688544506067,30.120699783676205
104.25129685215872,32.345256955778076
104.30214047246125,32.672643750624935
103.0323039165015,30.49267591822489
103.17345448960145,31.12069864092498
102.91451827886249,30.73739600324391
103.85060160831615,32.004553301417396
103.82358475304328,32.24952605513031
102.55146905669825,30.12731820768608
102.65341749645961,29.640973439533603
103.06030403352109,30.560756692423336
102.47000250031519,30.043216055620395
103.2169183683454,31.296765395891764
104.18953725926723,32.92415598537509
102.7008324312269,30.788316293160307
102.43389843759223,29.825412674017198
103.96401384878736,32.92404085656696
103.14416794618379,30.585615747845697
104.5517509783353,32.736267861229216
105.28357689832237,32.89902989285652
103.00896141325809,30.699778373214883
103.08317807353134,31.233548504550555
103.89305301424221,32.218055291987575
104.11642683120917,32.302455615461405
104.62316470570251,32.58280815461568
103.80795633123184,32.49274679628301
102.79784843543536,29.545405276679745
104.47221403678286,32.64612627409246
104.77791100731396,32.79804449890072
103.88624265781624,31.88828934412222
102.56344605974594,30.775187940236847
104.15635578854841,32.18510100115535
104.35800125059882,32.15498298510534
102.60182702502725,30.07907698482862
102.43624478230511,29.737831151261222
104.81873502420751,32.50131783773857
104.1739148833136,32.64992612656574
103.82482462911024,32.57021373209109
103.82506732518972,32.33445206883419
105.0582246427643,32.70613147957109
103.00215688829003,30.495393839353493
104.06944157371252,31.47525631874104
105.14898922571292,32.96150722628234
105.16547000416423,32.818071493204826
103.31171244759736,31.10620254599252
103.75635066385723,32.0543272466679
103.92630388423628,31.486994340350705
102.51616212163978,29.880056279551262
102.91766985495416,31.171561249128562
103.9319871920942,31.712799028216885
103.20229142185825,29.50258208281424
104.37176625881584,32.83970236452092
102.30433343933264,29.913899988848044
105.26215158155586,32.822907199861206
103.38196704558284,31.129060221424957
104.23012853447027,32.14960965463261
102.48612007451104,29.73194921237987
104.0248253140391,32.98977793611989
104.20864962652747,32.3215847625717
103.90960599912187,32.77754739512801
103.9973962873232,31.83116066885884
105.06266261706295,32.59101236879892
103.37307582002558,31.325968371177648
103.17242379288025,30.499730144475492
102.46490171012383,30.283281313340993
103.65886752644704,31.217897454927485
102.5167272895424,30.738166769721033
103.01211426081251,30.46059509239438
104.11275561037631,31.607239686230617
105.3286643831762,32.81317498641863
104.00617875036012,31.50281142500264
104.7286468779755,32.56055521499748
103.38603087533082,31.14477585986208
103.8645343500629,31.35434278293071
103.89410916025756,32.049229058380625
103.5585165225945,31.09629414593903
102.66860084086177,30.271545037714162
102.97859230207392,29.5390936420989
104.36806883986849,32.779989474460955
103.21472399420588,31.368546903615325
103.89924007557943,32.84677741239892
105.51267983814421,32.894393610039444
103.21672526079462,30.77589571116337
104.34368620269659,32.176783345100354
105.17605079346329,32.85040756333886
103.9815679020467,32.79851182978406
102.93961070627212,31.138157786165756
102.8523385820314,30.915642600526542
104.43957667637363,32.812487735640275
103.90290323423639,31.417573966111583
103.99906501747358,32.416310196742934
104.24541832367437,31.78308208974436
103.11514915461578,30.732696036840366
104.51704751968671,32.78127280294279
103.99602650012318,31.560876099047093
102.49689844585622,30.73796975236318
103.93703201145995,32.39454029053024
103.17442897849851,29.536208986825038
102.75990446807361,30.82811493621418
105.21485885267263,32.94830925009856
102.45305577683733,30.37338817926118
105.28219481418922,32.82729137990018
104.2991716062103,32.19270495138266
104.04855566979755,31.734840008488632
105.29715839032157,32.62707260992089
103.86519332263443,32.482929794865164
104.1696792117127,32.838218068807166
104.08357110368017,33.02847527255525
104.78685921750532,32.55879658957584
103.41328354079312,31.268944491741184
102.67835893044543,30.482207383336043
104.16212624382561,32.254467897818685
104.02454237117666,33.04010476784623
105.18395774896742,32.92312720504897
105.07929606252524,32.55658247827281
104.71316985597139,32.83130159833119
104.7271475530409,32.46536211916793
102.46932516737722,30.119068576019256
102.95003787951177,31.151320070114288
103.86819791294413,31.353982771839835
102.69234280062527,30.266789577192974
104.09245868645128,31.61641574081242
104.23362445026952,32.842602348629235
104.83597615073636,32.481899137313015
103.40801169830844,30.84545584021067
102.69667259410492,30.617522019214515
104.76199330972756,32.48197600562915
104.16108255066763,32.33204006122377
102.93111113135012,30.61420189581322
103.94301821586463,31.49452994368745
104.15176024223504,32.263385920931135
103.1981721504986,31.25574526521357
103.29190844741775,30.701432807227935
103.89630294141061,32.5859865365979
103.04250825908997,30.6335666884156
103.97765139219938,32.10521213640133
103.30915753996602,31.040129291092754
104.27712743366646,32.13605838215208
103.69007173566338,31.23847575027914
103.91794304415563,31.505004488278104
103.93721825520895,32.358681629515694
103.71257454229274,31.892432156915085
103.11320329783355,30.56597235782269
104.80771594271741,32.62532894909336
103.19664448070964,30.986886904926404
104.04497162282493,31.59136600106858
104.0439614678844,31.876733031858194
103.29877624856451,30.69679069867356
103.28941453658926,31.151897537555296
103.7996519231616,31.509237050632485
104.24081363968612,32.74245628364079
105.1457797647869,32.91418648325551
103.10544721903909,31.097216250742925
103.85269664774292,31.48851343608912
103.94207972244233,31.878939013041762
102.6666697028907,30.599272078464796
104.69819033416235,32.79368018206937
105.42561578764888,32.75633891341561
103.98780601955416,32.24904693610004
103.76821159766929,31.96490230479661
104.48619024252447,32.771154132870066
102.9782443233448,29.543966775552878
103.6548990100657,31.31049851732996
104.39062169423828,32.66294497306655
103.88266293574166,32.43901387713115
103.15064587170173,31.13060391834658
103.94717858127372,32.223875264574325
104.41734440927917,32.66611592808901
104.06730403754776,31.53092134050108
103.85356114189511,31.463466257989158
104.51078440628517,32.53693279948552
102.61989659729524,30.46381283870934
102.58899105403658,30.291695099785827
102.7735059888372,30.20922146848206
104.64982716252294,32.46557722977329
105.56788695006439,32.96573555070696
102.40276128500821,30.025222014206335
103.8236268909601,31.587196159135075
102.93792034315014,29.621534273591333
103.59733516500555,31.239949645249506
103.19825994271541,29.51440656240267
102.46291299650291,30.153039244986083
103.85806056236964,31.70717749447479
103.28759915881186,31.147046493767625
104.30591306190219,32.86708133824979
104.13471001947204,31.724315417855266
104.0591376223206,32.32614287327897
104.59280330492133,32.43415722985079
103.82472407104663,31.977035532716492
104.01272882521971,32.72963064038591
104.58911666280314,32.719355201417514
103.9498803624287,31.580780799837587
103.80145088398348,31.908749284124173
104.0871434316107,32.69630189682699
104.21997577388407,32.127353091546
104.44521170267582,32.781610782530635
105.20972845462536,32.63980638260281
103.32328011509469,30.891316084576967
104.55685521514857,32.827690617801146
102.6240304930114,30.38990541642573
102.56831954496364,30.21773237009794
103.80884608629056,32.007366015118066
105.22870542274333,32.70169826238657
104.73832736866713,32.763824548713295
103.29091286710452,30.73601733108435
104.59814814047573,32.88423392446044
105.25403462264133,32.84296985775002
104.09838395727412,32.279728851070374
105.08023080820213,32.56971520855068
102.69353008652516,30.224630580058744
102.68309488109402,30.18777034373511
104.09211184728389,32.28715498832374
102.7202124740425,30.65845700649028
104.37326252324988,32.2627138884218
103.4757511893635,30.861995883122837
103.93694788059365,32.02338979000653
103.94074049667931,32.577595713407945
102.38183667669595,29.802058601494586
102.9593641325251,30.84758657040365
105.2014074512393,32.817995814818225
102.94684750818087,30.570055995294506
103.32610949332368,30.779020508589262
102.84883532935159,30.81361357197534
103.98368603003533,32.52932459703065
103.95186862352915,31.672800702153392
103.98153276707352,32.72935531439439
102.48595198145117,30.642750390638227
105.32120775588929,32.80482074715851
102.42569214011705,30.29819548414652
102.97663687306012,29.684098042997302
102.3327626806466,29.81535756210215
103.91753480264673,31.537035164206248
102.585670333986,30.48117489726199
102.70137248843086,30.289112708499847
102.64993121159775,30.224156422061927
102.38265086217508,28.90164001093124
103.34378747706539,31.235964875171685
103.90360532069435,32.83297144300616
103.20634614501377,31.253472121719884
103.03774612743808,31.06387767303032
104.26739787892416,33.04291623008904
103.57882691549563,31.155705143777034
105.54881779267986,32.98145352416488
105.13540036837148,32.610467845342754
104.32821064966214,32.89922070957075
103.92296023935283,32.72852298652215
104.22550157193045,31.728189286180914
104.62295696599213,32.53053214917043
104.25363826782244,32.27245016736539
104.25362051375897,32.24090568909173
104.59245689893595,32.73315626049032
103.96488860306684,32.47437207232596
104.6400227929161,32.46591736738679
104.06745559046499,32.803106593090355
105.46341320973309,33.01141975214942
104.4354645791427,32.64383224099018
102.66295244276242,30.82015221784641
103.2774445692173,30.721871504620033
102.50363195872913,30.759160443950044
105.27777462768476,32.81776664211104
103.24617339297562,30.871907230924688
103.80092520688345,31.30967035023989
103.92121551503001,31.943237655931295
104.69373114604669,32.79414045076449
102.60793083232842,30.48279560594969
104.22097682223546,32.9266080757084
102.88255649915638,30.631336735651416
105.56355316139523,32.9660489630942
104.37653921900154,32.528550470683946
102.75986147653133,30.79556773751058
103.365044732779,30.890800846473972
103.94506304332752,32.19370203155163
103.43391377275762,30.874613815902173
104.12026003210323,32.52672664955524
105.3608253887374,32.703093396103064
102.61752836305023,29.67653748818036
104.00224994920494,31.971997680709134
104.75065755254363,32.785009736803374
103.00296633325812,30.841247604672198
102.8218134295897,30.470278027968437
103.33647555990994,31.309480550857227
105.36974073405051,32.90161178778997
104.0521073357499,31.595403373323215
103.29350808459085,30.8715505108334
102.69056758232996,30.408484781665102
102.78297725130452,29.485722472387867
105.37101366326725,32.69805756029192
102.33106954050068,29.87338675055488
103.91481280260179,31.383221484622037
102.44187205862855,30.10027922676806
104.24051950578838,32.78552598072234
103.95720926464958,31.636798378655612
102.44684474432674,30.58858203705017
104.74964533872004,32.762724542065975
105.20900892734693,32.70105076213003
103.32074907349401,30.787904877754706
104.655867555436,32.71017816991629
103.971261041799,31.38558307742091
102.99866146429369,30.72980136905674
102.45339275831954,28.95771673514496
102.66136970247894,30.337918422685135
105.43136588882518,33.131870361313624
105.2862304876834,32.83983108181468
102.7557438169755,30.74809200401264
104.98452636662806,32.729838190662484
103.85890694457986,32.1275212273212
102.54336993263232,29.69311383969333
102.69050699226919,29.661376773763713
103.21492759692435,30.95492515026285
104.04444683538188,31.83724464595707
102.8861499255148,30.718936370413083
104.32910767756911,32.87769130185645
102.40021541579483,29.13837344718418
104.02224191150168,31.86877926689502
102.91796390845731,31.125797923100237
105.2480641115719,32.89383322399854
103.53726693447692,31.112612571995108
103.87462017445672,31.455431759120895
103.80902688871352,31.78387540403851
104.07554165810153,33.08771410176145
104.88118362224934,32.59769650480833
102.66283767544878,30.44911938124176
105.21886561430664,32.7856454900721
105.3492802492275,32.995134428819284
103.69886539341358,31.191562749736324
103.99926384024941,33.00663167442184
104.87479176349734,32.67691796924595
104.58393500973646,32.789321367554706
104.09717135673712,32.641138792477435
104.84146370258603,32.63929061215436
102.49214072923816,30.779262158419996
104.1829716809261,32.162818242907356
105.3221027632467,32.67619961054431
102.34142220021567,30.17573659200147
103.86024637928077,32.07231187811216
102.65229952552674,30.24585987552945
103.97878793312796,32.820942292678566
102.97785093804369,29.47771839137372
103.70635485394186,31.351352067336876
103.81606227704256,31.864485679306537
102.75464366422706,30.659785173944666
103.92035307887781,31.91226517534252
103.332960659294,30.866493497146045
102.45066464582598,30.409717057292816
103.89789579111157,31.851922361252946
103.90082692435217,32.706527195428194
103.77898999771419,31.527277165189233
104.31898987899426,32.9758145750168
104.0466784397933,33.17027125895004
105.10700399988359,32.627022924890895
104.00041689894509,32.89523624038282
103.9869403188629,32.82670716810246
104.05404901678877,32.48496956677521
104.10127349336287,33.079559899579905
102.56737458800221,30.66632679265227
103.68520630738071,31.27952235401562
104.2077890530295,32.5857377725013
102.58830392674865,30.669174662522853
102.42029177561831,28.88360211896212
103.81304268689216,32.538159639727766
103.95352380099392,32.87183164782079
102.87797839309765,30.351037492826418
102.42551305842414,30.305350033868727
104.23664611704514,32.23715042416708
105.34086367492772,32.85681103366838
104.0669532365451,32.3139090622969
103.91379837112592,31.984308387796414
104.04643640231848,32.60538461214443
103.8896873173925,31.82366339979069
103.91785081784445,32.707013353250375
105.42655414484868,32.9905958814726
105.48999084643582,32.96686824869647
102.39930349994457,30.1539410955377
102.4492359174265,30.600392329288596
103.12909007911531,30.59893543931287
103.13761012378691,31.132339254565174
104.0311496705606,32.7785873951039
102.55964549209918,30.617176063160144
103.34656632040232,31.178830577030908
104.19079318166044,32.82603330934735
103.45638602518251,30.829794881203167
103.92994679090211,32.25654551126355
104.0106953278359,32.73454334661659
103.84556899087595,32.404334757938116
103.75136794343655,31.287649641627684
102.90629923032468,30.62013513866687
105.50756901840967,32.953102622421696
103.14849727762811,30.800013881696692
105.1809823996011,32.93144847881394
103.90969254933147,31.53185018304405
105.39499220703803,32.721759354892036
102.34729619724548,30.089470867787988
103.9927479232869,33.08433231826426
103.15064948878124,30.507589697864066
102.64167227094246,29.9547669433081
102.87611021073349,30.8991856386713
103.9724557981452,32.329159223545844
102.95889110891333,31.185061466865022
102.4008366780924,30.115276958914496
103.82910646789871,31.300909335574833
105.33796560973389,32.65278107709235
102.82411173478152,29.563783120798377
102.61181359204703,30.476783967859046
104.2935412744511,32.539798143942924
102.51047416272763,29.97200300661508
103.93580578974517,32.40351101295506
104.10562074234606,32.66717875435083
104.31668388589502,32.14146335345297
102.98808427165173,29.58010893670315
102.64937885657939,30.224491798996517
103.96461783955796,32.80110936248268
103.92647747437705,31.725070643993018
103.07132831781938,29.501099673745102
104.09004375684688,32.224720031151655
104.02302994555966,32.51521618318577
104.1187392722359,31.63856269581083
104.03144874572035,32.03751105663473
103.87058642519523,31.500371451612693
104.07818540526992,32.36192993523276
105.29970737593729,32.936710333048744
102.77441393773691,30.47474264204236
104.2802371144661,32.56101111612148
102.60686972873332,30.254951133931144
103.8334965682915,32.61630931164549
104.4644797801894,32.75660733645993
103.88664852320744,32.40392011621702
104.62126245892168,32.84318250223673
102.51144273350674,29.697325262136623
105.06955581259513,32.6366919368958
104.0041406857331,32.83110643431087
103.00594807507301,31.01933770781726
102.73236138255783,30.341356440545642
102.92118138709182,30.421672926029405
103.84332492662186,31.488142637749277
103.17116391141727,30.503626691100997
103.9830961298788,32.75914156224278
103.1764457126556,31.002259342183407
104.42763892724831,32.81837232568748
103.5590516701437,31.258968877174606
103.19607067414138,30.774431544931467
102.5384380887082,29.987890283433146
104.00384983380832,31.734372780164588
104.88182391741852,32.57755656098306
102.33502686834852,28.9785482181556
104.76903758321471,32.759254400695035
103.97732256714062,32.89178598601892
102.68580509505712,30.75426497882632
102.43171953196658,29.03214335799334
104.67778921108372,32.714856375284874
104.7837371993047,32.54718331503812
104.13688017781794,32.58777698661989
104.30552984215984,32.81018225370113
104.41948470539658,32.719589957919524
102.84490784444344,30.68534580688418
103.69346434916034,31.91498554074964
102.9994108624463,30.84928306584389
103.84266217137237,32.31363288401827
104.42744801932368,32.806632271921714
104.15437148755484,32.339284674569946
103.8738518427038,32.351129062899105
102.74539140329979,29.561387455842805
104.93120009422616,32.57805718952979
102.46529847890068,30.488040877023305
105.41333593146705,33.10057777534506
102.91109547112454,29.60534270487257
104.41266755650902,32.86092440313671
103.87622502171004,31.895701321092282
102.97181240862601,30.63597240448835
103.25152481335273,30.985065998498598
102.58260387979328,30.540596412076876
105.28408341417261,32.828536837850656
104.32504323727518,32.922053839461604
103.88368275749589,32.041685832791124
105.5978437963453,32.999359168153404
105.36898766905246,32.682332725143304
102.67087029394737,30.770683159104127
105.30217402891613,32.81452963062513
104.2204901040883,32.250345700806086
103.88541370119734,32.63934953016917
102.39232841006657,29.928752705738408
105.2331572838378,32.77193899135262
102.25118161123504,29.0727191806955
103.17107153886738,30.68275883986987
104.1398608865935,32.17234201995925
102.97569050409541,30.729477394251525
103.85186292424261,32.68592511998485
103.13157818671829,30.60564896698836
104.31123322138575,32.06301638731492
102.31188525705105,28.969358316243834
104.07030746919175,31.740181833837273
104.24377252232344,32.204197887957164
104.14339146804595,31.76931347492471
103.93560808481062,31.952553171664555
103.76532620561841,31.258653053283975
103.98122632614475,32.578702684184094
102.58425844079606,30.84387823978083
104.80842909806378,32.695025305274605
103.16412807684334,31.31071508166429
102.73590857343483,30.914027149047012
104.92560942132819,32.676083296348054
104.78751433544636,32.75643068522849
102.95274276891233,31.244745339494475
105.33997564428763,32.831842844798906
102.50917302107973,30.54541491324524
104.64313701200145,32.45571945451884
104.57086594887798,32.892563170847325
103.9835068006132,31.839595862604405
103.9499696851187,32.8059493079636
104.2502497257021,32.11598814384295
104.34483585552047,32.545504764580976
103.62036438511448,31.285934021626076
103.97443137882422,32.636443941071434
105.40783918436856,33.078336025767655
105.58240836121773,32.94112775737886
102.4158160162388,30.168672854173643
103.29546410344881,30.745955227627487
105.23469070691185,32.94672859105127
104.33416194920537,32.69518125525141
102.59382100377996,30.630663217480922
103.30798558063242,31.405135753896968
103.52663191778446,31.187978535873658
103.2038639860831,30.92393207436856
102.39468533674822,30.176922001648787
104.23583721453008,32.28518911236641
105.12971157032104,32.61964275042101
103.159548727132,31.101653520073018
102.68900445771484,30.640717226862787
104.63680083706777,32.52312076819482
103.92086596344821,32.01598420409556
103.94085672705697,31.437031612645747
104.32616328183433,32.2932013989505
103.69038313658355,31.92342321126565
105.19577228424264,32.59025190349675
104.05118220463304,31.680290492120115
102.49819861025266,30.2533236850863
104.37011141709196,32.752256799950274
102.64593413008956,29.69327133027688
103.08766368890288,30.566167423089244
103.94000719133383,32.74413306024964
102.9519226883525,30.610369324329525
104.6308032834597,32.56469359606848
104.35322539090859,32.767400213631596
102.7432859879677,29.627666601744462
103.89197794194877,31.812000763877514
103.77711680454539,31.99692603979667
104.48666035322124,32.79812450196612
104.10600217440076,32.65938912350247
104.14392834403273,32.32940567153263
104.17021432032331,32.531465648225335
102.5043013304846,30.07105222193396
102.63022869682273,29.682788295399085
105.56018309294076,33.01925729237045
103.28040844041904,31.378739544829124
105.3938220195458,32.84883742135558
104.71557573696046,32.50282864991608
104.03338625693267,32.427007309565205
102.69078909607397,30.34245662227763
105.35066452465259,32.82565661481332
104.98659217578232,32.74309413243502
102.55291299943256,29.726721498385903
102.64357302951719,30.272204222399242
104.25236002167438,32.90081615037585
102.41247032281495,29.74510613328204
104.22767442154765,32.777821876175025
103.82913511464463,32.590508340899575
102.55846194670048,29.889591283467738
104.17861086355369,33.07080530346334
105.44980730776801,32.83898170160578
103.06353659120843,30.60366366541425
104.0321959284674,31.89268403385567
103.94173055557914,31.475106790185976
102.90138005341993,30.369173384065107
102.89368322487402,30.86219398768179
102.67249420756607,30.82658076444197
103.77874927429627,31.41584644602419
103.9717369147121,32.47211584341515
102.98569134785187,30.497126470435553
104.34246513358342,32.58680588732408
103.89869718349725,32.26214320792229
103.17860485260847,30.930937892252825
104.07925211114869,33.09801984201541
105.41216280846048,33.05454460805594
103.3182342658435,31.32251196018161
102.68400219513349,29.655843935652857
103.76875246798636,31.283690213633914
102.7530315769604,30.724348551362247
103.31605919111671,30.787572943385662
103.54000817521089,31.10156103618033
103.94634067465338,32.14188485411669
102.64911789933329,30.694129592933372
102.59109598946453,30.327573451309473
102.48044957049586,30.126002524361493
104.1054789171849,32.26866109742593
104.61187714148676,32.80907606504913
104.28962875304549,32.53390396638067
102.43215033875454,30.370251174279876
102.85585280167831,30.404720139936995
102.90168480142893,30.635098096736222
103.59461023110299,31.181824411651345
102.6844064677383,30.687685755427772
102.73825142630677,30.20862193914712
102.65502448238728,30.33190073525362
102.8759774632621,30.857716058734034
103.10375914898495,30.820454750841122
103.97777764792343,32.90007509302193
104.06149460903296,33.16565120273439
104.24939637046876,32.830213758317655
102.74260786282038,30.595705264926927
104.3952434152135,32.920031009337436
104.25731589660863,32.589312375232446
103.8261635655032,31.517560312045028
104.10661597874774,32.664861117382934
105.17113677522129,32.91138492168001
104.02053973976153,32.173343323697814
104.19523180176556,33.046060681937085
103.05712582773275,30.454161808986218
103.34288259684277,31.283666662554197
102.70999752812207,30.643820498844427
104.31297338233556,31.764416542780825
103.00425146603565,30.790432976831454
104.42050013625015,32.94394885059444
105.60564638440731,32.980816992876335
102.65754221803962,30.76681724039191
103.80744900281843,31.424834196986584
102.52804264939293,30.150624637402817
102.73600873516148,30.613680405920626
103.371183415677,31.160964211975074
103.07472853108379,30.428346545438323
105.17704137496257,32.945503402508905
104.50830500063677,32.621104287946025
105.1083650678591,32.957900849812326
103.79048566188922,32.5800232912269
102.84958065546257,30.702562927018377
104.22409097344385,32.661873710950076
102.40992452636131,30.032789478629155
104.33729845909328,32.77417064581635
104.12055552075493,32.492220907947406
103.92934817061152,32.10456646064313
103.98527779749008,32.68432816112842
103.99109642926453,32.996088678823625
104.03278539374388,31.58670104056754
103.35692190317526,30.715759021769713
103.2349760379166,31.023173795529175
102.82412968954722,30.886019120953986
105.09635880496197,32.656920141327646
104.1738046769332,32.99021992548926
103.92276843979847,31.89286691758396
103.96109707151624,31.498642128757258
103.1413813425523,30.71557504988845
103.86878970121,31.84700659001373
104.8940435718831,32.56371279946598
104.38158508685808,32.32398632691967
104.56334390341559,32.562755392861874
102.87820863862832,29.542447447476746
103.15684818077717,30.65514872943802
104.66963197490179,32.64810028549221
103.1156813273388,30.77001694743917
104.51538116010303,32.61851779136187
104.35225875663944,32.24953314442267
104.17543755705277,32.74471602651218
103.87861785068394,31.617987027965867
104.67065691179522,32.45396680483238
102.49086128492775,30.161439281741146
102.63023696375102,30.3210496031565
102.63662614924124,30.601121278149208
104.33354710026067,32.686066512955705
103.25661185564722,31.047342622102885
103.1080160034562,30.523446537662828
104.70778254263693,32.65072052216583
104.03817943913506,33.08560241337208
105.13569969019262,32.86468991998519
102.44275205956855,29.732021651706212
103.1924230756789,30.676995189612846
102.53907356108444,30.07120806340137
104.3785807862926,32.95795239175472
102.92717342856487,30.81760258451313
104.59751932016859,32.505778566507324
104.04719047778336,31.450400577246103
104.14397456166463,32.147345375408726
104.14072402279638,32.73293595641567
103.9171613005967,32.79163884063875
104.33250833790048,32.58197205245133
104.00101325702474,32.70727569047233
104.13526988489348,31.76262622727131
104.27381572851323,32.60134414492816
104.05724094552104,32.90715047026398
104.68683424300683,32.445268535519226
104.3523323986018,32.70024840436916
103.81345841595852,32.007475298039786
103.5266885877824,31.145638811149304
103.42284677491567,31.34289427029041
102.97101839006129,29.692219804693746
103.30006887154174,30.986812866032448
105.47798162271842,32.97496474834935
103.84462887550015,32.229908208053935
102.60465485857928,30.70547347548818
102.7643435016435,30.64126821854694
102.50988702592291,29.908297770081855
103.26280413938377,30.774016551609577
103.0758538081316,31.07002507671631
103.15579565168886,30.630806123000095
102.30845387143158,29.885124168119173
104.3265775506602,32.648222093014894
103.77584774203908,32.01004877253617
104.6409429492637,32.86287030474782
102.62101810597454,29.98400363818167
102.42129574312474,29.82555740901756
104.2971805781277,32.92962176425599
104.54708622141113,32.73005834683965
104.42773965750358,32.582170430678254
104.20023061449174,32.2944338131626
104.96960949626164,32.640308693762215
104.61095640965254,32.573207813853166
105.4972161975851,32.752216261917404
103.96953055634546,31.663247665778847
104.15461556377316,32.78476273819136
105.32552511485365,32.96887752319697
103.59238839799798,31.272603765687446
104.82984666022757,32.50446466562282
102.89944229003024,30.58203139579383
105.31414960726364,32.74435409448055
103.32869327519727,31.042666179381484
103.16560396522833,30.78929555197027
104.42226842942493,32.788188371214844
102.57566742971522,30.226963477976383
102.49483387195544,30.62792914334603
103.2157945392453,30.917948351834667
103.79446320177878,32.03914040212913
104.07128766059446,33.134316511168045
103.92564333202755,32.79022497453855
104.51894323918621,32.66844962795494
102.78323001930804,30.927367601334453
103.32229542602335,30.699851856580345
104.28563046935524,32.144515162064636
103.54487691619109,31.195481408715516
102.7358207563677,29.557025893828296
103.90792223442203,31.604087282448592
103.33392084756917,31.26602703233731
104.33176977943289,32.56802470756021
102.45528540370098,30.372910688446087
102.76825105750207,30.56179952876112
104.01575329033467,31.886984361747118
104.2463022842346,32.71468475423918
104.57599984691693,32.693141514261725
103.11534990930674,31.007881480697815
103.82231377078456,31.800078544933676
103.97255946736561,32.19392106265365
103.04788778397473,30.969310458809137
104.0698467663304,32.19319226599298
103.03125950064873,29.51572171725737
104.20015038670218,33.020982609655775
102.98569253773131,30.969201570136875
104.0292964021765,31.507927057789097
102.6127309779223,30.67691289305785
104.03243679370333,32.09266226819454
104.08861927874185,33.17608673412254
102.94915289689403,30.489997043632886
104.74054232038827,32.72739334908988
104.74442811158698,32.79117545992218
103.37538924349516,31.09662937754446
105.09254323948831,32.704831528762156
103.98405891608894,32.934689198138415
102.4942171506817,30.39585267911275
102.38942201201847,29.737473696118276
103.96576722373409,32.82608889891056
103.08343685400374,30.831694089353746
104.31393069976474,32.6722994620325
103.04534646767644,31.125804829418982
104.33118474068874,32.72050149165975
102.52823716960086,30.767257835442507
104.01141413726914,33.02311828900385
103.85666387592215,31.80360354150315
102.61353507638734,30.80754938808408
104.82690515024144,32.65741083912803
103.30311317521091,31.198443340764086
102.94586663752436,29.57869973403869
104.42151336735569,32.314407625861435
103.0140752064677,31.08939091215678
103.91834385617358,31.914996253631273
102.5678530807797,30.642342305829708
102.96098423199228,30.400490198693646
104.85898628371666,32.63411663402057
103.12696649333623,31.200332051203336
103.33736698653277,31.37462746395926
104.52825247024704,32.53581006987201
102.77597174622099,30.82476166989554
103.9952311596304,32.41265355339783
104.27042488144053,32.58392786877395
102.4551547767339,30.272330267284147
102.80585429931237,30.704157753437435
104.81085580564803,32.51568204719912
103.36120344214031,31.089081300853174
104.06695748752497,32.72394045521789
102.4842084942575,30.328598804270776
103.20780986222488,30.619774408090116
104.42429710266401,32.8740240148216
103.9103935593289,32.05068617261432
102.53551585032844,29.91781871314233
103.77350506928296,31.911082146301865
105.35974844598358,32.80468835965852
102.84925568397846,30.69421639729606
104.35798639374104,32.657355701240114
103.9261628849189,31.906210298877966
104.6013366074665,32.4284062485724
105.46486009150506,33.00329681890123
103.91988065153552,31.482542207923416
102.44998667420118,28.963257929921475
104.32917810946599,32.93884532551256
105.37996640522586,32.97955288048911
103.75886436262888,31.95043500667421
104.07214713016273,32.3774611668398
103.8087435421248,32.09120714733238
103.9193980799308,32.25134041541679
103.67853008112375,31.213753173208744
105.21660866710572,32.68370025940025
104.14693275080718,31.715633677289755
104.0689304976839,32.64855593350621
102.7273441446387,30.198167948310317
103.15650026295782,31.08058252848252
102.74269703457972,30.742975609199473
102.98250076735853,29.61430430225817
102.91022690147055,30.407985119918443
103.0381687788782,30.730627682530514
103.33457273327973,31.40426519237086
105.18897781771079,32.70887741175534
105.06623879760858,32.622959151614985
104.16604985324713,31.669606241953815
104.12223942480172,32.27736359353095
103.8328626160625,32.60105077409298
102.97599777433818,29.529459381251755
103.92909376521501,31.89767690329737
102.63511285222668,30.622288847947747
102.8729645119396,30.387035208889458
104.67217419017136,32.610765241784335
103.8523284957775,32.632862691277886
103.87685295683647,31.499627621156424
104.8786758728104,32.797500305852445
102.82615134171245,30.66968826039868
103.79502118530118,31.961833927850616
103.89145600438432,31.773133485848675
102.95006787560975,30.5343644335357
103.15767670579213,31.06329576278518
102.37492132169977,29.901223674459352
102.3884712301273,30.050426135132096
103.94594423108308,31.686526962110445
105.45206995280725,33.11143000019856
105.17748317183839,32.8163503609538
102.99068927032546,30.937090584925436
104.07340508217982,32.6991065297722
103.70366438877532,31.89944001299015
102.4250258046183,28.949871524110467
102.45852231720819,29.882757077056272
104.24882772930843,32.246875151488794
103.28192283285648,30.621522585571846
104.11079516104405,32.44615065066014
105.5298029979718,32.94243744381733
105.3286321591181,32.81930149492784
103.92299137852203,32.41109880404947
105.37439758962589,32.97562033886066
102.98797962811545,29.47919080991036
103.87123649265294,32.3243214801744
103.07009521747744,31.17654571856602
103.15585597008058,31.21486861016567
104.01941641698177,32.95750651064814
102.67871335406221,30.615280815422988
102.43931451321968,30.54242956313126
103.91806711657478,32.85575094729252
103.29808610798095,31.151725073606173
104.42786223416032,32.64750185141937
102.56021620375545,30.242442794172764
104.20450276238788,32.33959881457952
104.0233871238344,31.51662017967322
103.97933058709305,32.69111325997798
105.60233249031423,32.89323461731234
104.0542128073917,32.425102128551565
102.51323143272366,30.645633261243262
103.50307000989233,30.86979778657691
103.38544385137033,31.28797349190825
103.70380232827473,31.863389128060476
104.32904210343852,32.5461339532784
103.9881205709539,31.565294727511198
102.95638361842308,30.816611713039578
104.67381788105341,32.50471908772645
103.75699855090144,32.11281096051953
102.30326878651043,30.08543040061013
102.43472664788804,30.104723479315755
104.01726406585851,32.0515997796257
102.34363275913093,29.90239345740704
105.08171959500659,32.610571891077456
102.58665350575833,29.9744094748292
103.84835090123546,32.078576658970015
103.71390442589089,31.942930024591384
102.38079137462431,29.112247325419688
102.35908576255669,30.04049762556581
104.56046310605205,32.45281041460159
102.7624779174733,30.658560307736177
102.89846387677319,29.503257484407307
103.95482113430799,32.898682469519535
104.02081810278017,31.555694632933136
103.31715204611947,31.234892534987118
102.45643774109853,29.755193653454942
104.24917090714324,32.7717520237635
104.58796330302337,32.43986626234624
103.8282198210014,32.203235377572184
102.5021006822905,29.912815874573322
103.31970421067066,30.685742932867726
102.4198425037963,30.097973262763787
104.39205641252504,32.7035184487931
103.76517013368546,32.10761218407193
102.71052739781095,29.689036178446813
102.5495608443121,30.2018211947443
104.10562067202719,33.16010096570973
104.1645231187998,31.769695440167137
103.99694791505094,32.59056939745147
103.36194560988427,31.130132044960654
102.23431111659127,28.974074275181536
104.02301292893588,32.285172444540734
104.15377915206192,32.45250323425325
103.26438328290293,31.36054827665219
102.905504926406,30.532255408160374
103.76629205479162,32.110245556413226
103.0139486501664,30.921676068848605
102.42046648978192,30.273484823954032
102.41330495875376,29.760856098141357
103.25258435673906,30.81368066154713
103.00533017316654,29.452187846657605
103.92074545147324,32.352277170278484
104.3300451120821,33.016265163741515
102.89112780108357,30.63082501631642
104.19307210688991,32.567911180132626
103.538033913577,31.103175021314794
102.59246228989046,30.204713611039836
102.92388725047721,31.116068877784777
102.66924668308121,30.72594279701187
102.90971306828109,31.20849607099843
104.60819330766104,32.53449391016349
103.06333140110445,30.520989702294937
102.68406922389312,30.32383163038373
104.56601879708144,32.47474021712924
105.09345204028058,32.69060957413654
103.94499193032716,31.881369187942415
105.59327415675989,32.91908670888798
104.11820961964818,33.181586254396876
103.70746397176934,31.308052487455655
103.12924242695273,30.840122329842817
103.31838720179366,31.4084530842295
104.17860143095656,33.06154613159476
103.89322030023985,32.03101783348237
103.95246856543386,32.035276338316805
102.81126506886471,30.888944092148247
102.88535792417485,29.590783438931282
103.01190802955125,31.026361349556606
103.19523307781232,31.101897225144942
102.79610647360231,29.497716277150726
104.08526198763138,33.13306296691535
102.31975780675059,29.864870411310328
102.50622418172142,30.355990879112685
104.07249253252556,32.36612454976633
104.35812148325778,32.63754795850753
103.92130045250038,32.29868719415029
102.61709237536556,30.497955176575076
102.60948316781537,30.729024766734423
104.34410802793177,32.74842661491262
103.0303609063957,31.00605883613623
104.80781155671778,32.54795385475053
104.12307160150532,32.730513018457955
104.25067725379088,32.861849071398915
104.14668700758175,32.74278855368329
103.28157094697391,30.816617012721405
104.14802556494912,32.88091118085491
102.53263177731513,29.813503932974058
104.08912851040661,32.225903041973574
103.94693123202106,31.87481763207937
103.97755321198943,31.665587018446537
104.08634713507362,32.335178130929485
102.71062010832355,30.681204797473278
102.55740465808516,30.114413508603132
103.85338519453389,31.343769629840228
104.62117663440154,32.8450405381997
103.39565348036619,31.29846566292256
104.28192178361127,32.80296398896763
104.22899825375391,33.04648617365225
104.01674987703554,31.846729908447863
103.89106505379328,31.7322949399461
102.90478057286697,29.46708985300376
103.60941860496771,31.171346714765335
104.56249865874446,32.67108064308482
104.14093228071086,32.52728156167756
102.5889846843311,30.79035381756354
103.32683683672826,30.87763949471366
105.13393910232156,32.940815174953755
102.74145815933309,29.535307992617657
104.2963112487894,32.160185084744995
104.00077819685393,31.656456358749132
103.63903344281124,31.150396896753005
105.48411171550055,32.78085417386237
103.42584240299831,30.876288087138352
104.11466513298555,32.34829590278003
102.91486891669881,30.59034440882262
102.6497049475578,30.15948541701786
104.05365493182914,32.117963465472435
104.22781683002466,33.024923016304335
105.49050110516283,33.05926881854053
102.3310096171207,28.980410536723248
103.89905515959151,32.287203290638594
103.95022905151085,31.680319885202785
102.43918891682105,29.068227786970713
104.20205981565994,32.96675023038464
104.45833937385493,32.079297688540976
105.44180742984327,32.96113666630222
104.05606658986022,32.919714699518615
103.13495138996217,30.826443080119788
104.47928386560797,32.81089115346331
102.99672738478672,31.211097306868698
104.05530777531037,32.66370794031913
105.40349325687937,32.94409930663233
103.90384204137008,32.421519840826484
102.36318804069354,29.113012333252204
104.91431113946454,32.59969778798851
102.86894459987224,30.6771660763015
103.85642309073069,32.10458621782087
103.83512996897765,32.552480804048706
102.91475661810922,30.88716105979301
103.30614867387675,30.652279003224557
102.92694921934824,31.226513941758462
105.16753886857451,32.60252848559084
104.41806017219102,32.118920579125295
103.11921178676286,31.24488151926544
104.0108804174408,33.06713562595953
103.16435185416721,29.52352682956936
102.38472296560982,29.97542233322532
103.99740658660026,33.07190857947199
102.6087966133323,29.949290945195198
104.8079741959864,32.81745767599681
103.95944695438892,31.986213739683947
103.95696649755604,31.731252860373786
104.34356660719108,32.51927550333388
102.82139124380016,30.51852254086471
103.09507417806329,30.58812992599518
102.4373859001581,30.29498147253209
102.5894170118682,29.83609730166709
104.11289353804659,33.11489685519339
102.67254023990672,30.144396347077922
104.26977087210042,32.7847756733684
104.19633133144993,31.68145190217967
105.35768228742948,32.711401902135606
102.83193224906519,30.592163513867586
102.95674572021967,30.542837109266095
104.20897659794724,32.84151604451863
104.1873312639932,33.09646135516705
104.19829483323925,32.34868791197691
105.40352612260013,32.85674263114775
102.86089857046899,30.565539950105425
105.34487930150046,32.793474685574544
103.31077149595517,30.678044279677408
102.96979101014206,30.878879549469286
104.17867063199967,33.04576971924461
105.28573801697632,32.95663361744938
104.3826226008903,32.72206513856811
103.99786072658263,31.982471027101816
104.4735435211989,32.54944705166719
103.59211490426578,31.33503302566917
102.66115766073297,30.797299301390016
103.01634714972005,30.528246426218764
103.26525908067023,30.78552863644079
103.89748786553317,32.46087104220556
103.05735668180029,30.78529241214261
103.77973755556847,31.27818271421459
104.12772407752448,32.87785465628081
104.02738613029413,31.848871983863198
103.82014608038413,31.984936086143666
104.50668527008987,32.76381288401016
104.38510711109127,32.871744937685555
105.35602679079027,32.736239423398196
102.34548973869418,30.094441407390203
103.39393083468617,31.117270008447587
103.82931124988671,32.302547874885434
103.82692913947959,31.295366850953673
103.71367389053856,31.230297906952018
102.44444208556529,30.19534300311606
103.14060745136277,30.794927495409958
104.07237418233703,32.9791679197711
103.11725068480574,31.03687923264875
102.87427484449346,30.80672573696656
104.06090200237337,32.15481367357186
102.72955771968293,30.678465332430076
103.22550525075499,30.737793511165542
104.24209340174644,32.09352944896656
104.04185705942292,32.26594150225194
104.09966168486218,32.77025123032877
102.46309966135595,30.136022225644922
102.96916643852477,30.729365714905306
104.55330894069706,32.829989454524146
102.66385416790195,29.62018817478355
103.2627279102311,31.36169395232144
105.58946543337353,32.86110336504704
104.01811064910603,32.25186217378095
103.03898625501093,30.566768345577533
104.35949738372068,32.972750002282325
103.80656824565602,31.334713427523127
103.94821576015681,32.83384000728197
102.96763743279556,30.995729724852676
104.73787124872429,32.74176944276914
102.80169095516786,30.905494317146417
104.67432844353142,32.796665181027265
105.00613955757214,32.58286074229913
103.12538611270764,30.63424109766751
103.11842581471895,30.612977647269275
105.18035915749861,32.631192244364925
104.55297461566306,32.67451607927498
104.21681715578053,32.80183047748006
104.30741911818664,32.23947144004925
104.01460362501578,32.20926122041898
103.49018561192088,30.84508174760935
103.34803316191943,30.97172259215742
102.99091869550938,30.40193824676283
105.00497301798644,32.695531859269856
103.95920719112559,32.91801533687424
102.63770436330184,30.758532911469455
104.38115170124294,32.8334196527348
104.89945314843071,32.78694417800928
102.8374376425137,30.37059800867464
102.98606474263099,31.25044051301761
104.06835445136406,33.0951526681376
104.1849263905356,32.90094887090862
105.40991034614082,33.13795906798754
103.94981033062368,32.04234222886177
104.37614798284956,32.2795361144249
104.96920977771074,32.56269424817901
103.09051574309849,30.66566971227708
102.74814540807759,30.610785809552898
104.10466578296166,33.005397791070436
104.07114822363226,32.616531570921985
103.2863610049172,30.763315768563288
104.41169392271753,32.10215438167919
102.9549850489132,30.903441918301354
102.6539241580365,30.300248572997994
104.6003863191509,32.702056532325344
103.97653779629776,32.564590829182734
104.01212619353075,32.671766415776034
102.3543368114724,29.010040104888432
103.92095193842574,32.73460998948075
102.31730522090602,29.84454698892096
105.47062166333859,32.816174938773045
104.27749981096804,31.79457469847262
103.91700311704807,32.43739918766764
104.36196693104081,32.99028864971309
103.06580708511207,30.634508083709374
103.79744029046155,31.38031589688761
103.38384461196168,31.20618797408636
104.13894859280359,32.29359041469342
103.03432853201744,31.136067652517482
103.2002858078022,30.861354701859224
104.0277095793324,32.361042012674936
104.2292642419807,32.627974539259064
102.47956312117707,29.893702611070452
105.23962357978048,32.83261487793979
104.0875510298277,31.672496432302754
102.59309917564177,30.34813252545945
102.58860534366445,30.709479555112498
103.11005089931794,30.565323524595446
103.06064241489885,30.52287686411769
105.37896304593309,32.98561771476977
104.07526276706186,33.0284159983167
104.0134844771237,31.487778276983825
103.2865006413331,31.373386204297518
102.53440766904798,29.67419850374843
103.97912927564505,31.845472684507712
103.89937341148487,32.32096390708545
103.86012619759134,32.69488149449038
103.16277884649762,31.212735049531513
103.85797820596493,32.43139207534224
103.47514058029981,30.94846365000799
104.16773044796635,32.92794070658229
102.67612016616404,30.565608546127834
102.9294300317893,30.801749883804916
105.13212511199866,32.60524811202174
104.33987719638253,32.09570060459918
103.27771541284216,30.786887701064447
103.90121907691524,32.613802244751795
104.74840291916173,32.68959525686065
104.2790026638075,32.58049439867238
103.67405192885936,31.285222896849724
102.59210312114226,29.922156815473677
105.5031932765555,32.83273956067603
102.37763578712472,29.933546549958297
102.56011925757157,30.167427479938254
102.36150161742118,29.953439915938148
104.65653533457039,32.816092946297935
102.86208692532527,30.85820916047648
104.04658869159388,33.008494398918714
103.18070867670055,30.977455237546202
104.2842841798163,32.07595232901854
104.67891258473179,32.84708952410323
104.19142174481046,31.667292682147103
102.98173494301287,30.970138459731825
103.81361573603476,32.60777799675429
102.94449360634732,30.42658594178181
103.97132085096771,31.685263153466636
103.77606244317528,31.323932521491464
103.63106592676418,31.139843255672083
103.76057683931027,31.455157557317204
104.21633565748193,32.733700057945185
104.2963125242561,32.04438755819245
102.72229478033456,29.601774663416293
102.56622384339224,30.441075296444804
103.02869051688036,31.163813924177443
102.64538005418297,30.831174557422095
105.2133087835213,32.635190829947135
104.08296872160122,32.82335953431122
103.9494342234496,32.19464603822181
102.45553054291595,29.97511165737523
103.9013939454365,31.394816348737365
103.0159659820445,31.103892547491036
103.85046143077705,32.087752000825816
104.136176819273,32.26323480901399
104.19550790180836,32.30733350363862
104.398916823091,32.65826918952779
104.90318520197631,32.54572321147272
102.5465225430749,30.772250866883386
103.83951154507606,32.41051407375861
102.60960833087849,30.105723373257494
103.3049052836689,30.649886925021214
102.43202134817216,29.892460217889326
104.89119994499008,32.73822140731325
105.5184686970259,32.89922821618598
103.77587632918612,31.40383066444256
104.0360960313454,33.11260303660568
104.91245978051,32.53258278271335
102.92922842082699,30.856727012944862
103.98351053820465,31.85897371612421
104.44552299797313,32.76537676790971
103.99774610467315,31.857451240838646
103.84318422125416,31.461209358317795
102.97880090091951,30.508305485990995
104.24698308452575,31.78069526605126
104.42929061022916,32.6161323181032
102.69592211813595,30.746217975461384
104.70831101245986,32.45738587076128
102.70448611805251,30.863278935361496
104.19051870815136,32.155428432571846
104.76230539937671,32.572159375056614
104.42466935090393,32.81309949181583
104.31093502646407,32.62594890259902
103.9399927727765,32.51328769741108
104.02750821438144,31.93470139330721
102.62150340588443,30.176955291625323
104.50551466753272,32.61030417290807
103.95349346965456,31.92476720894873
102.70756549031418,30.850311567441466
104.16231821138206,33.04536546276568
104.67774180857703,32.44740687193238
104.23858497419725,32.65349391742262
103.97365838233799,32.47118024919502
104.19908089915731,32.35910227152045
104.19728411518544,32.92545489472336
104.00714318520278,32.29373721927384
104.36779852678033,32.84625628345953
103.27985722303198,31.026484213832727
102.9133353401838,29.48028423510918
103.2387258979256,30.960999176004663
103.1605825204511,30.646701140314995
102.80028239236987,30.81326671993997
102.38155557638777,30.0497201487769
103.23866327959021,31.26051044089333
102.7097247997322,30.248427026499666
105.38555648406346,32.915336171128104
103.19024666793547,30.761522914972677
103.3065529188754,31.31158216755288
104.0392493523184,32.26201083633619
102.94876176542179,30.633625390110215
104.2536213934379,33.007279815171444
104.06399261179516,32.81771384167028
105.02035524037609,32.74976676526732
103.95093933603447,32.01949981800707
103.20862195182391,30.718288360580328
104.55633092594422,32.683188418632646
102.89078669669783,29.5115008397744
104.04141287171285,31.60942940578616
102.8468795584381,30.54707504539862
102.48465147835103,30.698993514177133
105.05449045492526,32.60735985071094
104.11622933431502,32.92118322286882
105.44566917341004,32.926394200799095
102.52463739419308,30.264243343145584
104.20243404964218,32.11475170370605
104.55874786760693,32.601164160730825
104.14737110095791,32.322098701493445
105.26403587021372,32.620860071439616
102.84328962672997,30.3913907758046
103.28828269076222,30.964355930927006
102.66307636109885,30.105821901277043
103.97189038711728,31.88355032125493
104.15700026398947,32.33176232690259
102.42423489048717,30.461985006735013
102.48436759898206,29.716305579041176
104.36606147957724,32.72550141727157
103.9777432285676,31.544860525754025
104.27774149117418,33.00300387640699
102.72392801682687,30.791755246462355
104.34017871449996,32.56123807053898
102.98747045742041,30.943090908143425
103.94803946041459,32.79698955476428
102.77334925000387,30.559185713208166
104.79558641341006,32.8042834312687
104.45983776782302,32.919024249660666
103.90133708797823,32.624697809653725
104.79749279517141,32.52675858797509
102.54701827651641,29.715394090634973
103.2624484624285,31.335725884420995
103.9156456532767,32.608155121914926
103.91176933613254,31.41954939795943
104.20715797773337,32.75856861794293
103.32017001295503,30.695053403346694
103.88914345293661,32.04818200679766
102.8626513367164,30.426788899593856
104.06454606328562,32.67629579091294
103.4176850651513,31.20679230692013
102.55939246380028,29.687340317127397
104.19069780265507,32.61809849215646
104.65071382506589,32.5816204756998
102.66020428859684,30.533571384827983
103.34171182954051,31.348293115736567
103.26810173784887,31.184468097380662
104.16338540379665,31.665928306361124
102.73546720038544,30.303575531182624
103.89282455949663,31.847795470217072
103.49390653991259,30.868912271467515
102.75070861851499,30.561777972020003
102.81332097241118,30.49269443749877
105.51939316360755,32.79614105781212
103.57064989718789,31.128144389080763
103.93133965682772,31.827603518603397
104.64113590154413,32.66896586679716
102.664330339902,30.59128214862074
103.17086992960837,30.506686883731
105.55805303525315,32.837676058028705
104.1493911633966,32.94007752606586
103.92896634045454,32.91213891491981
103.94527533758958,32.29093093923977
104.15637720577655,32.71206605040651
103.87262533421084,31.43898973314764
104.93383347584574,32.55416446722638
104.09228150768283,32.4152146720804
103.22494373284955,31.327741225885163
103.31554756230165,30.991879690597816
102.53432012979745,30.690262663517345
102.56774512202738,29.724616202548756
103.05961851598016,30.980369873242857
102.6179422877975,30.767337969464624
104.45528106600756,32.655554395950276
102.50063822165913,30.073283327169044
105.32110926999036,33.00977470754296
102.93531656181297,29.59703114990148
102.78297588642438,30.56744658591094
103.05009159226417,29.462110202622423
103.95494611753277,31.678388030107715
103.27125612861929,30.880109555399425
104.10336506380253,32.79469798692589
104.77941130532088,32.72937090336202
102.53510301854766,30.320256003728243
105.1483289433554,32.678191159143545
102.5439337963378,30.219657236043165
104.58022020539343,32.66847839547267
102.45552834509735,30.056363262324332
103.89956443581598,32.394401708294524
103.8389392428031,32.093071248374216
104.53978487306841,32.689814161460426
104.75375362672114,32.75193261740283
102.9951459972005,31.137225918918453
103.3693670008713,31.356022620883348
102.29004928895812,28.94440998884253
104.78908612934349,32.62933796128808
104.95025121010832,32.57399016649281
104.37982490722023,32.92488675681394
104.28699683665543,32.20852341974869
104.03563681043426,33.00707514123869
102.65420101329865,30.132461671751944
103.92401489210633,31.816358357250586
104.6412896899854,32.75619745271762
105.64207075649712,32.86010358949668
104.56223743197049,32.52133780464397
104.04291871103248,32.29111075132275
102.78793062760232,29.54055022363468
104.1162856003899,32.492804208894384
102.70148694322037,30.55063088088984
104.26503432626278,32.83347151092112
102.51967754942304,29.877042934200126
102.67242653921944,30.263607712713966
104.73920606273659,32.46477054848577
103.81042680969772,31.87797693032386
103.33821723954799,31.193873558218854
104.02201055489773,31.714285941731035
103.96638502833343,31.717334225780796
104.87188556542489,32.663380943488704
102.51222253354143,30.244138054722274
102.59621465430605,29.875968536627397
103.10337005098539,31.03047387500494
105.28896929542572,32.93100004634262
102.62052265888455,30.451180529947685
104.47819512792836,32.668519211833846
103.69082230760526,31.278154591670663
102.65099465768776,30.426635034496
105.47160849891425,32.927105303622305
105.27511302204073,32.663595939346436
104.23198259018139,32.208980589940865
102.71757065252129,29.56586281604595
104.48075232916526,32.8606902210602
103.16732806118075,31.15409725541473
103.00420252173556,31.00258870728113
104.71939570688801,32.627958786811334
102.4776692121961,30.193179219310025
103.82869631761449,32.064295549696446
102.58608928325734,30.128656926921117
102.80610594148278,30.8788646135064
104.82721513652147,32.613250829243206
103.48138124141191,30.86714579719039
103.05792346223554,30.745770403012312
102.94276617881197,29.477203374810838
104.14212486042175,31.77977957806401
104.16547087155017,31.714428401518553
102.3512271674885,30.15216739452893
102.65850618852097,29.98663455958512
102.51195265205915,30.584578809066425
105.47161333756809,32.81303319260575
102.7995506632621,30.497802216236575
103.87205014136663,32.060584787771866
102.40618301629601,30.181453142242773
103.79580742379511,31.983850836328482
104.23849856393984,32.85743669079795
104.74627009389644,32.499710310579516
104.35768581108898,32.578216838969475
102.98871621853175,30.787712734848903
104.3437395367778,32.84239539096855
102.91910096578422,29.42216759546836
103.02230522887436,29.53956773019935
104.2234264480478,31.650663691522176
104.34646609913663,32.156307240578755
103.29192389190726,31.28456125089186
102.96802562526992,31.24787288878111
104.13494214887044,32.86274393498083
102.86559135112154,30.511023576822396
103.93713599682378,32.901975415052114
102.22975692994741,28.979082978195322
102.94348871430877,30.482283817006458
102.27144329291244,29.06998426559606
103.07549316449715,30.909453306278998
103.93146696765274,32.873945877212044
104.44683493420821,32.07355873476949
105.15840667911803,32.612113352084044
104.33902239031914,32.235932708737764
105.46831877694369,32.84250168084175
102.65553424562731,29.62133267851762
102.7814097769692,30.683155061065317
103.75400182281898,31.473618192474788
105.3853763865023,32.99301937713447
105.13008077633853,32.58415954945707
104.25072575156085,32.13447859995538
103.98896819240068,32.91650724700525
104.23089757899598,31.74188668073982
103.94251742481265,32.416572022190266
104.08558437378694,32.858098740243044
103.87266559920215,32.299477499994154
104.24146136146622,32.3317539368918
104.44209389027009,32.7337925114044
102.52948239769161,30.56683417892803
102.7317017857212,30.555830988920142
103.96512667070705,32.861349348743374
103.92934031120275,32.50469169413378
103.17004519962528,29.539188714854607
104.27369203515237,32.84613515343226
103.35319586165554,30.99248633225642
102.40687073015707,30.13921957117174
103.59620656411718,31.177693108187796
103.87557422598141,31.983172186728623
103.06152575732331,31.22172521251335
103.73468855114605,31.369916662574873
104.34482255019012,32.68727207407244
103.17166591763528,31.03955683891648
103.36731654418337,31.329896902427528
104.08176940651141,32.611463869123654
103.92721644152921,31.486327513324177
105.42950736245973,33.100481499670515
104.27153309297323,32.89285300439123
103.06795266515519,30.58880173593862
103.84905260063526,32.12784619191968
104.07345928188809,31.577811284496534
103.92194360281518,32.90139463563834
105.1516104082355,32.957554203367664
105.27945590986681,32.83315244660334
102.82991216708709,30.798637865065338
105.37637550855871,32.99533184659286
104.9957455384738,32.572771749905144
103.76630648790388,32.10553676500859
103.9096164858018,32.03330432518289
104.07511299826338,32.88037762118938
104.0025938537422,33.03553414178736
104.58551795374792,32.592137402242834
103.22558200834825,30.855243020391494
103.25964546501815,31.18646875559202
102.9127202185236,31.095122966606265
102.91824782727947,30.500872293923532
104.00691933140523,31.882616394104467
104.88984917768883,32.53691508421005
103.15931314551177,30.735493543123724
102.38429287121998,29.84118662421606
104.13273372065947,33.014482383029616
103.94061576568946,31.4758412308566
105.03570466517617,32.71372408012067
104.66977435103998,32.64612163313304
105.55577749259179,32.85492205219249
104.05910096773815,32.1529063480688
104.19961278809716,32.829735698675655
105.27105438884031,32.89712061030715
104.30386426732936,32.051637943643726
104.80385478776574,32.579956905551676
103.01189884218707,31.27407113276847
105.07057785810092,32.657688592783
102.22372810025945,29.073726813213508
104.44457781239157,32.10620934134022
104.53963696852263,32.88387147395434
102.68639536267291,30.24615680635077
104.3461369686413,32.077941092121605
102.85163629506161,29.51502899474373
104.38650726356855,32.60667243103252
102.85169404811245,30.671738004662142
103.96014248533403,31.821108112960204
102.79161246217696,30.570794482984464
103.1233181110181,30.678454417421268
104.5556658159566,32.689714346417176
103.07088524149377,30.92260871978347
102.9259050672359,31.202743544484814
103.38047410885822,31.40933905104066
102.92042556044207,30.439637014397547
103.94418912998879,32.18945245065283
103.92641354800682,32.263926382871304
102.731250476715,30.882793056838157
103.08054557679976,30.999908624549224
102.86005659739983,30.360305768153683
104.20317680951689,32.916633921368756
104.22052682376635,32.29347262599433
102.96892018861286,31.167423015701484
103.28970464004338,31.004897671836375
103.12308713191373,30.61790178492493
103.17942532218994,29.474342345449326
102.9986595868377,29.451466609456187
103.00752575484782,30.794904492510458
102.91499167641925,30.45106030701549
103.157501077084,31.055208631167407
102.42013601615214,30.219611960817314
102.64798074740409,30.404395127474768
102.52460212363788,29.91994581225589
105.0254261969512,32.7416769045726
104.03410306507806,32.11558327000874
104.09058709868668,32.694537197701045
105.3752751165442,32.814041410214685
103.71182378335577,31.30695361033216
104.07906508813262,32.90495428887779
104.03555702742426,32.22461816001949
104.86705816705103,32.712020917919446
104.03657424637288,31.443193885643765
102.98141729658349,30.52615949839231
103.10102075658197,29.483175361432437
102.54158782325305,30.160982382952717
104.33842683215602,32.101857656358526
104.29809550163671,32.70747206454899
104.4065889860554,32.536547311122376
104.94717094955456,32.68297162001456
105.11013589151433,32.614468439755505
104.25097522463699,31.72572874500404
105.31552775964867,32.87904044212558
102.35584184248083,28.872857309457206
102.98479627265203,29.431339508003227
102.51812992637937,30.26176893355339
103.22505198002504,31.161266290339917
103.99120690026696,32.96358811971732
102.98736844349357,30.713440093811474
103.92697340832905,32.18810562537703
105.52084627680748,32.8161845839228
103.02805468368632,30.824546944873717
104.50884513089743,32.67635640784598
103.96652672464317,32.61152245658746
104.06358955841225,32.89655994086931
105.1124078756451,32.86005223635281
103.28919325708557,30.869400150508103
104.69970777791487,32.488356513142435
105.11549076441702,32.57290837523223
103.20825524680168,30.710592917765403
103.16124949613832,30.79639622275768
102.6406456734966,29.710774534636794
104.97784834584357,32.70863544419867
104.82309132775981,32.5342473740712
105.47305975017161,32.83990198932476
105.42774947029767,33.01980291466148
103.2317560563379,31.205742556931096
103.95722901204569,31.806846453159046
102.57245614878343,30.36338633582502
104.61526304472189,32.60409829398486
103.27656177620658,30.704257973794277
103.87622673407978,32.19033425905766
104.01953320175639,31.67490515841531
103.97335187699153,31.8314037388861
102.94911025404487,30.70613255798219
103.91882218083323,32.28814610966466
103.26928733062357,31.05625200495514
104.14383825761936,32.966293568818756
104.39379965203328,32.86833441950252
103.90368825274955,31.449154209022794
102.46504112257303,30.220826459119692
104.12940635686574,32.688379920470595
103.61919890902549,31.250006330675706
102.70762034317183,29.65332617384721
102.66684540597117,29.64147006466234
104.54516196369707,32.626483837539126
105.22714365265514,32.60502762453519
102.63751025447812,30.10618282021876
102.61879486846087,30.705888550085724
104.00227094112675,31.562204127473734
103.33183442786402,31.168564016512757
104.19443513543544,32.24149357658102
103.89054656511718,32.473860929076565
103.8571486482193,32.439122075265935
102.38752334398603,29.12270019806168
102.41665523277315,29.829529828433824
102.64459038530006,30.607206184859447
102.57542523508671,30.752769119885176
104.93376121323523,32.69302159954843
103.33967201333373,31.413396026612993
103.4572757456941,31.387786357965116
103.81319106580628,31.409695696742563
103.87223464574319,32.336640644091894
105.27500983823282,32.85244354521654
102.87364644780962,30.358202605433824
104.7329093373767,32.60019589914937
105.0807454669357,32.696283582343156
103.11668202352405,30.874365424314046
104.18629796371374,32.58968484335464
103.63061826544613,31.191516609947026
102.99021772622712,31.104620737090638
105.26947404828168,32.63216819045394
102.34934773206066,28.941173585473777
103.38961457447816,31.1314447263403
104.77825550313354,32.78576432721709
104.10138719883106,32.611401302688584
104.06823759422652,31.464479331604423
104.10943377704011,33.11410804975418
102.49856969733763,30.315420382126145
103.19713862589714,30.81761187118977
104.22109102362073,32.2506033078756
102.95565341132561,31.167244866678338
102.69229958220423,30.74876427046011
104.532025726846,32.83547167749377
105.39360903427867,33.09957073789751
102.46687997110803,30.322220160146347
102.78794960473502,30.83767792160399
102.9621798607828,29.41600046732825
103.65662538129901,31.174094811197342
103.01811995935587,30.984586060394555
103.12838855549377,30.752412759545305
102.800297697282,30.84062390800841
104.70112178978174,32.45764294893645
103.30477823937356,30.964190417578212
102.39768623059652,29.022425372962736
104.51377217400625,32.80617559233228
102.30085905733682,30.148541363848647
105.45904141825521,33.031965420516045
104.32089181402849,32.9645330878263
105.10635792578043,32.91995337840368
102.50463204367064,30.05631684205641
102.38525419946141,30.163425713981145
103.9687206483018,32.817170252766914
105.48875979808876,32.921536437425374
102.96251835439517,31.265184387923796
103.9711109977023,31.378025645713652
104.60598895203697,32.5382698072279
103.64238403123825,31.270730939133383
103.81165847541415,32.5797264519241
104.18225375259165,32.86722351006094
102.59393449724139,30.17855418499608
104.73772941162443,32.6899442825838
102.3427218325207,29.035410981621
102.92068253575133,30.658209557237083
102.93549538592795,30.504265193774465
104.03053416722398,33.10727070349655
104.6791667404088,32.835621648341146
103.31952726425322,30.678488450986872
103.2869887726436,31.32608354886147
102.69721555316687,30.74507182258085
104.25561159304422,32.803230494265335
104.47240231805247,32.59398704302316
104.04083284682697,31.599021070639495
103.34975448471901,30.822746693152197
103.88066786649658,31.855265370072697
102.90763998651629,29.463522263570084
104.37771779338638,32.55978568571124
102.52071572741393,29.987267509215553
104.44063124229169,32.634549587171875
104.26477558223753,32.552477077212174
104.15915282143621,32.98157488291864
103.96308270589043,32.43845284660064
102.3407860429384,30.097785355679353
103.66268753813145,31.202109813063934
102.53041611143071,30.798307931949747
104.31247289897368,32.90815159709377
105.4823235201065,32.91704500788372
102.93390425015005,30.962706588563307
103.98994546349215,32.028115995284175
104.3968516440204,32.899221830866665
103.9508268952127,32.29504318703001
102.66364609904842,29.735301655717993
103.85250602891244,31.51290216897314
102.49962702886849,29.745428519639436
103.90101784749656,32.88173058412611
104.04096764648729,31.54342298736402
103.05064382765379,30.640349498161534
103.87026581603898,31.401015420329113
102.98936520423982,30.77716494919293
102.57883695436001,29.925431980650952
103.88267791492194,32.136848867066846
104.68342986591777,32.86996799416492
102.74371581467697,30.905107632026677
105.39093357677685,32.726034974338084
103.88325928081288,32.17887802169992
103.99986132846219,32.837203431905735
103.9160339612612,31.469608449564983
105.12498705559099,32.71840980173212
105.53234913467466,32.9830527376984
102.67298938768563,30.468386006080998
103.83855088603839,32.55093945330628
103.41303412375062,31.427768376357836
105.11693873926785,32.59756671983911
103.26397326642959,30.882122245339282
104.17576230677989,31.756347740246778
103.99291261156397,31.666222818062025
102.60028683331176,30.002597229285964
103.89621248336641,32.486883248741115
103.73927870639493,31.34413110823636
102.64370230312127,30.843846012525304
103.83321692057709,32.56887739715977
105.44309931421643,32.871104860899635
102.56817280764011,29.78851601315352
103.97904479643043,31.6138026955661
102.48848562146954,29.0041616379632
103.089221126985,31.118484066855782
103.99621421159912,31.969963359114907
104.12022327100163,32.39071547394832
104.20908875896954,32.7486688431326
104.05904300939855,32.01149924754578
103.02288796360274,30.531385736081035
103.77695201201848,31.816300339178984
103.7810929495523,31.44321918569163
105.43701641518722,33.019930106437336
104.48332747283655,32.85031577511546
104.62540841624843,32.72199354488341
103.37926361897046,31.372343572417126
102.54596783323953,30.1019032674856
104.31389432783826,32.74023212991222
104.00389092284286,32.32584909345301
102.58641864513088,30.43939042338851
104.24493621030312,32.63304969014656
102.68034402960782,29.973103544414812
102.67605182595575,30.56306924329843
102.71301741459105,30.24861414346959
102.83153198070023,30.366638047292582
103.1207058973886,30.956318613973593
105.51944982472214,33.05464177333386
105.19691489960225,32.66929655195154
103.21053361221038,30.974988294769997
103.85308141213179,31.468339815709356
103.31673520894809,30.64749061498317
102.827111490362,30.606103904302483
102.95114214520814,29.444338853814113
105.16673458399629,32.924436019260526
102.55265035053264,30.38905709185871
102.86651524486747,30.804627651928016
103.9106608834248,32.15691526029069
104.46660682399997,32.10511492884786
102.84378576128765,30.88061857733602
102.43780255837301,30.18220517715577
103.0694594563127,30.838720113073585
102.74730636335909,30.717295607003017
103.92994381682938,32.004944066721805
103.70701312604078,31.192427750798633
103.34216215338046,30.769739399678816
103.7926788957076,32.00907300668376
103.22898754313692,30.869293004228183
105.3988394469149,33.05393752880472
104.27710891790754,33.02100790260415
103.25373580369929,31.070422602773853
104.61405717487656,32.559825465743714
102.77569506693696,30.760489989817806
104.21141299344151,32.637196514398376
102.68495928680309,30.25792934790871
103.91487835418786,31.57614934521314
104.64337176732857,32.691110504051835
104.3233712622788,32.23643520780778
102.57151990932813,30.64895998230181
104.22943456286427,32.97530600924763
103.27753871409493,31.28890383256884
103.99618732326468,32.25639359994334
103.92814102890814,31.463277895499445
105.1021372461497,32.609395376777094
104.15869278093069,32.258547849811066
103.3110663227976,30.993870878332814
103.67579656773668,31.345797199962863
104.58463563736133,32.66701486881621
105.27860982926155,32.911404008439774
105.24126495989492,32.88457117512659
103.95470447189801,31.70824439184256
104.2039339299687,32.978981664929215
103.42614713676686,30.867203730268262
103.33193031319303,31.412645729438985
102.64978301208907,30.439000878766933
103.77092745415159,31.395192994127882
102.77542118131525,30.67035742973767
102.35063136311099,29.728766622645548
103.04904305417335,30.491974350799598
104.055389391527,32.0081835725997
102.56623293977137,30.28046149800819
102.51627706392013,30.422501106801928
103.97334266067281,31.670654458622778
104.47933195530415,32.87146793762053
104.14878852242511,32.457696006589835
103.05567659597774,29.562570409046984
104.40628451648954,32.65996104033922
103.12145204239849,30.790731620498832
105.43310324162759,32.891695316620016
103.78875563170726,31.391139669715812
103.03237582080381,29.49842281899722
102.92141415437278,30.99655280239441
104.24187588823224,32.76017310798825
104.20164853176459,32.65270681409108
103.65180768989971,31.22883524854496
103.93112385748027,32.762050733384996
103.4575454332966,31.36214341659768
102.5415173234243,30.166147605192258
103.87499834737191,32.54828539404936
102.92554900251017,29.61185399290838
103.90234136504229,32.26124724484316
104.05108667829892,32.5738884894572
103.10144009889066,31.082034394705943
104.85345949127348,32.803303405970674
104.33896480596947,32.96826522297125
104.23628906210449,32.137498909688794
104.17382341863208,33.08979121139774
105.6134282323828,32.98210444902627
105.37583737517637,32.864454550600854
104.08565704700007,32.0691442004826
103.16485809937014,30.738690883323063
102.47982567273404,29.98631822945873
103.32143476266859,31.01542653639954
103.94276343121575,32.767012775415246
104.33480571485717,32.29054557392967
104.09434048947087,31.758356494209156
103.9591834229665,32.694101572202264
104.37240769006145,32.09914277470704
103.93970367306568,31.70195867165601
102.98096567253518,30.47923817669539
102.89821110745459,30.756274594927508
105.47270088099738,33.08915118887715
102.94315002295154,30.803100666904072
104.92820671281235,32.52842955759187
104.50646361003692,32.50042368180165
103.37738397260219,31.255509119632556
102.33881265645735,29.92417722886533
103.2415959849246,31.26926519701348
102.76685239841252,29.632368066143545
104.11353326633711,32.99397685265747
102.98936649986922,30.48093133765198
103.8037743202773,31.436300954501196
102.47163683051251,30.44404013736407
103.31042602397277,31.12080396473774
104.35953553039955,32.60286017063981
102.691942072749,30.901745572425323
103.22835572839418,30.735159824915122
103.30228322982408,30.684837552751386
102.27771138546075,30.009845471864345
103.88948263491224,32.27775396251876
104.64474358465424,32.654263648933814
103.24609505585993,30.859678793867605
104.39898033873698,32.68598483095463
103.85832796976962,31.899537654753402
105.10993538200967,32.7104589435925
102.75205681595827,30.200938332756124
102.89261042689327,29.577554877512675
105.27043567719014,32.64917158713564
104.28118859592574,32.916498068486916
102.72852158182648,30.786965484667274
103.06693404126368,30.670326273326673
102.59061964222482,30.208961179358294
103.79820475589467,31.57551891834257
104.42193847506016,32.54942684822385
104.16447029091685,32.25242645519874
105.01571307178044,32.74306266026116
103.17797068461692,30.70384234769682
104.3345194066561,32.70663757669524
105.26389466836858,32.639405076732196
102.7129155010853,30.855067359854438
105.02041572951697,32.743613042774214
105.48142634311544,32.760696552376956
103.83953619024862,32.484542546629704
103.84622816160872,31.506739376860295
103.04163330957171,30.680431050787647
104.09186780387637,32.771014409050494
102.36422074078554,29.88841949465821
105.04827183438128,32.57351441786871
104.67827022369053,32.557462916491076
103.62034059723403,31.22709461509977
102.9641272605623,30.927870163057808
103.8199317784442,32.29000311092823
102.94785458054635,31.25268574082832
103.84330776962047,32.21107045839222
104.07013812185865,32.99903636490104
102.36918940436092,30.121034123234764
103.17460458164086,31.130673217556968
103.26041833754238,31.319546790049323
103.80658366108794,31.858258291160393
102.9202977283905,30.79295890369787
104.48975806702136,32.5109398559626
103.99091462666038,31.627666013243413
104.20680893610057,32.29433224109647
104.1126704581102,32.3984284706106
104.06991610142025,31.42508093461114
103.92352032153937,31.67058317078558
102.78059380217125,30.45583126959503
102.74274750047576,30.540058964260123
102.87817767749355,30.72441503266763
103.00688955950378,30.56211509247773
103.23581857501912,31.024190911295676
103.93871185443214,32.27580891335176
103.16301481460482,30.570163371144922
104.53848303611794,32.69091607532897
103.03670718531565,30.527212945640795
102.50948040186059,30.289124242800643
102.34296882645536,29.90278871372813
102.31692586082643,29.990644378100615
102.52071049500402,30.57079610698541
103.0659821775261,30.835361185916987
102.42023433444632,29.055191916301847
102.60416079091165,30.142995140117165
102.55808611255512,29.68586280000727
103.32335323057653,31.238250378977742
102.98820302418905,31.116416007177865
104.22538928886578,32.63215224778079
104.12468054473268,32.93263833835151
102.89524020642457,30.80760117475492
102.86867581487996,30.86417733993583
102.65139977096642,29.944524273240162
103.92264326626037,32.52331308594965
105.24039882137225,32.62978292482009
105.16481561610756,32.61556036966281
103.81191935640403,31.58505090985251
103.86473565419927,32.4831062208638
104.00353242298279,31.54716011121741
103.38092986033732,31.16724467688101
103.07557572844473,30.738476104327443
103.60771666583582,31.34360193113266
104.22922867229136,32.30627634175056
103.22625675697891,31.089421658116905
103.28600248245172,30.72417547078189
102.93636141414562,30.69049321690326
102.42559285495436,30.27161525015414
103.7551343168769,31.950412553292818
103.85365028552683,31.503378899071627
102.49658898311117,29.751395612734
102.28250645237806,30.08815516421208
103.23700927313863,30.850175609598868
104.14390179025432,31.70507234710625
102.72751585553286,29.640328090186404
103.74795633664574,31.40390139949587
104.31092723261021,33.03058604615195
104.2163195406021,32.190803566996394
103.00537955943058,31.013764390267788
104.32738257281204,32.645014741668824
105.26180544692589,32.854591084818566
103.92254765754033,32.02016144912887
102.7095606424363,29.571975055500907
103.14551056262421,30.814921608389255
102.83746666010065,29.609568201926272
102.8062878466933,30.723452077600456
103.10141888595102,31.07870289872707
103.87844555314796,31.695800253540398
105.25578741092451,32.694184044904794
102.83537290493133,30.362318952966156
104.03010143774807,31.665231256980316
103.21815099625488,31.23937877184645
103.77597982699493,31.31955507553492
103.61061546989508,31.145245015875528
103.12313953072706,29.50311419043903
103.29456539421975,31.027859045034063
102.9680317027368,30.628301174746262
105.1921130891756,32.678361578931735
104.484667522096,32.6204985267176
105.25718965741885,32.79026032714873
102.47582820692065,30.168791834272717
102.97820971889813,31.244204269200967
104.09429963008779,32.06256536919693
105.64959937823397,32.8768552519567
102.98415602294328,29.428246524020487
102.71920684474642,30.785471255115638
103.04458925569732,30.68831540376141
103.10122710764941,29.449267080496828
105.47511627357396,33.08638392172858
102.94703646911852,30.55763215931134
102.90871553780445,30.61728158252179
102.99850724758402,29.552706834418405
103.89367300619594,31.777061927770536
102.31278844735213,30.093057337295377
102.78154126052837,30.846184928357296
104.53673867374097,32.533316688954734
105.49973114080358,32.795937217942345
102.59456987181524,30.461870695621357
105.50939616748971,33.00069011810835
104.1300999133751,31.621755319759032
102.36124943698606,29.813684262506552
103.09489517811288,31.120526272604824
102.45836517924596,28.97016001813749
105.44710758023606,32.804095061504604
102.3261581466643,29.986747696643935
103.30086788566736,30.851690800560664
103.07259016345697,30.82124196314533
102.76326580782491,30.797397616911827
102.61775082781138,30.397467557314272
103.80105011079728,32.58715455014547
104.55103181926061,32.58005059753795
102.72496760386834,30.605037652618535
103.89717968320389,31.61760329211163
103.0482038602478,30.81545290278272
102.59594957020657,30.138422109482576
104.21336866701685,32.722246638018575
104.84009336876304,32.63418792956806
104.06217483763996,33.05021951819038
102.47519884170319,30.44037826381755
102.47964107348628,30.208807261369326
103.0810861901343,30.54581595132238
102.75059405189994,30.58337811966826
104.46179145189717,32.08991782272252
102.53923737765864,30.364976913323645
103.20066648857535,31.274624900468897
104.41109201943544,32.50368093168169
102.70107173984523,30.653473902544594
103.38662742894195,31.053501096233354
104.1079321250533,32.904127347619216
104.58235066331629,32.891612236620595
102.66959812271425,30.758281769926448
102.30704286543512,30.004336634335413
103.03111793457828,30.68307413133602
102.91926172918787,30.954561471949404
103.42675579648774,31.300838555466857
103.08992605540156,31.244686011356645
103.38839201382784,31.273131824909797
103.909542967086,32.61049025340358
104.16137657087104,32.955397467312444
102.31454110764187,30.120427805466186
104.95593332485392,32.55887518342895
102.4702042665532,30.044504368999384
102.95207563910316,31.16843230631255
104.16877908643133,32.877952098257936
102.79404211310694,30.451158300488544
104.0697383903354,32.105848920840096
102.65904534605164,30.333584560086223
105.01772648389213,32.73724552864101
104.33547518417788,32.78446422148425
102.47751526263302,30.330441435014528
103.9541966957934,31.843079381128916
104.97067495149679,32.60260753447408
102.7238318626945,29.612246756864973
105.33625508728768,32.986919596249834
103.00614791421482,31.3245567878351
102.55549054884652,30.62462483345196
102.9211818689354,31.2056480112367
103.9043728027576,32.84304322011941
102.65153261734297,30.842769037694424
102.44874753097541,30.22877060776681
102.93069386192883,29.521655428363957
102.87697134445695,30.74620569606391
102.54125239394621,29.740194498437564
105.23439269884842,32.91694182056755
104.5593448164601,32.69170124537243
104.53749166749628,32.763651384008114
102.68771295581801,30.573705149388932
105.13125253553544,32.94861070950952
104.5974017470219,32.77669608329382
104.24594203124082,32.62900770860663
104.6337479979853,32.44166674396145
103.33183387479828,31.278675125350713
103.45519617437475,30.852678100660764
103.35052370293855,31.346524723639746
105.55767124671517,32.95339832315768
105.03169876561049,32.68875826163593
103.86272792965875,31.767949632035275
102.8228070332593,30.634084340096194
103.02223795228127,31.00058301948438
103.70041554086899,31.312996656522305
102.97955827824082,31.018310893613446
103.08346565953838,30.456094674624367
102.5874660431742,29.943145930771056
105.1666756953872,32.6841832880932
103.14586225516514,31.256782516497985
105.1088216516953,32.62914248249856
104.04111322915368,32.281418219749405
103.95410315496505,32.30171642901739
105.3141991729026,32.992580969739876
104.3750291959069,32.927894611837736
102.92095594431562,30.828296895080733
102.94808471880164,30.667989875331063
104.87646676845198,32.736385700284266
105.39278356140464,33.0564002818699
102.2806766843235,30.012216549703012
103.95974604187657,31.495072258504592
104.0582317523093,32.776592857115034
104.87331121451422,32.57049803002417
103.9462768984141,31.496529119985624
102.97450147731054,31.265702965274826
104.8082875597803,32.680090958570005
103.81494849984938,31.349191292685997
105.34434215704397,32.99301961416771
104.01656611330503,31.93436627048635
103.311177547331,31.082354976677895
103.06380341845258,30.41282748619089
104.14924329409567,32.65236731352862
103.28736167923806,31.057390332927223
104.30984250788033,32.2774368284853
104.34228403120368,32.797847050199586
103.12478080477572,31.293822373556424
102.39413318061005,29.947297030081014
103.12409988889364,31.025841526864237
103.6357918772743,31.16369063309677
105.3872972292866,32.82529843141885
104.66689376087882,32.685674980750846
104.31699077087983,32.21965592900714
105.48293228283018,33.04214710323089
105.01710651883124,32.69538264031422
103.15788933088609,29.526043814411366
103.27947096022301,30.929026715656818
104.34025119015418,32.961245046032836
102.37859300510294,29.11294326835005
104.1137575562787,33.03834302887151
102.52228875296093,30.431080666370466
104.11635851904039,33.103451827282555
104.95046503627832,32.67118610441311
103.82189646740795,32.66852308021498
103.26722582005465,31.187707341644497
104.22349028436274,32.8741375911259
104.72629809658761,32.72942431022305
104.04133208114587,31.616976848613227
102.90723436657423,29.49860880703859
103.95968742706143,31.57027468433833
104.69523354672921,32.552541854511794
103.61568140770562,31.245177637152388
103.25029523676555,30.814751925162852
102.88520754634783,30.523309207404008
104.12972351093296,32.43889302427729
104.05949354249617,32.8258456274453
104.9880402894485,32.56325572492791
105.43137250609396,32.93770990708789
102.39440058310208,29.057126408868335
102.90069509083196,30.32763108868874
104.0554849623425,31.57641692317018
102.47743492001098,30.50005872856117
104.51426542544257,32.5795540288561
104.85718883848993,32.769360951718056
102.61886508983903,30.193094672042005
105.39267543017536,32.840025215722754
104.10733177141911,31.60741983212738
103.9775600905008,32.83138150176539
103.96234356092619,32.959376103461565
104.3314288641599,32.9503387656078
105.1114756614814,32.964926533300144
104.23446214777128,32.08182526366394
102.51263165542524,30.086109668897997
104.90231756457,32.64078187948955
102.47018045152824,30.605665313497983
104.54903638744553,32.529842795060105
104.07215399109975,32.709205558068724
103.84805466733556,32.231725839869505
103.13742726438547,31.01398443845512
103.24601701989825,31.26650382845195
104.81338765395282,32.5373957230016
105.43394935960666,32.944553968188025
103.16400308106948,31.24335417349105
103.8382894584334,32.52498306273217
105.22443533910119,32.62304403817652
102.61674611067444,30.413426414728548
103.85780728040697,31.469518781394065
103.99587921035504,31.63392663336705
104.35637867452286,32.61213380242527
102.57242433298669,29.79120270469185
105.42862171143516,33.09896284280753
103.02003905047565,30.458475397913606
102.56481994844519,29.79573122039481
103.90612297125908,32.34936983687427
102.63236247890188,30.70514005689155
103.01448918797753,31.2468443932456
103.0790711299648,30.80504549677963
103.81934707695522,31.320903482046226
102.82913158271286,29.490979609728363
102.75746772213043,29.607397462782814
104.33860953088544,32.96497294069972
104.39782142677521,32.688000828688125
103.36365763800535,30.818255460841165
103.93059746716249,32.15831534469809
102.84643508954308,30.869465310467127
102.59937928372707,30.189415364334153
102.67082078098096,30.522245553750118
103.94871854616444,32.78759941108539
104.85340761592536,32.53449186940692
103.95777162519339,32.5847882882098
102.9032318245006,30.68786168175293
104.12466805067905,32.18811948400047
103.76889855909853,32.01315366042165
103.15959148587173,31.00625512762064
103.75636437936411,31.383934567339974
104.37145429087423,32.58541546909439
104.5653758739645,32.86638113627575
102.96489854061704,30.52587113479317
102.97761713221722,30.496539408251028
104.1869070953403,32.17101747388454
104.37218940548595,32.55932499307789
103.85406861536646,32.299122637224706
103.15739439731597,30.751696731200678
102.45879345432472,29.04080309823699
102.77864908758323,30.695264800414723
102.29092618381935,28.978351698319614
105.46775719652283,32.97058818400713
102.9153084424922,29.49437080970231
102.79621139843775,29.502050150096284
102.40521941155093,29.811576611018417
104.02398839431352,32.304067848665596
102.36428428524306,30.22067357640901
102.74691613266758,29.54457103223785
104.41019592732705,32.745964800684284
102.9923109192199,30.45813282453271
102.44183322887628,30.132749901061615
104.06506555408048,32.88915829086941
104.35789506073117,32.88287056110548
102.70666884207108,29.555159782006797
102.55422378063729,30.582479665232743
104.86892766086693,32.700231725886496
103.81317225517331,32.60572018959209
103.86677876746901,31.9896005016723
104.95705323174818,32.55097030788365
102.42891814869594,30.06792337649557
102.65157226184279,30.42226620387114
103.34372674433217,30.86150792495052
103.26103418679773,31.068870038857483
104.59081107116056,32.46508430128947
103.17246741732743,31.09685618737382
103.8767938780478,32.28908811657109
102.60410360987738,30.41827341217766
102.67664568856712,30.377744588546626
103.38704010513376,31.294100453149643
104.06996339599642,32.76947467036296
103.97348754371812,32.23405199455189
103.20056696233058,30.864496261426183
103.30793819478559,30.882904994789737
103.40696083971649,31.14891931341021
103.27079852835699,31.078260265540273
102.8356438333678,29.528278738236967
104.21883985633818,32.235776801771195
103.08426553583116,31.170802552014823
104.096289843455,33.15614914427205
104.17714079294882,33.070717612046565
104.71965389126085,32.840071696877565
104.2640102847705,32.882299861031555
102.94563311525143,30.902852913665036
103.11642684743154,30.779525595820758
104.0757772575426,32.16405149448145
105.32977087220617,32.96794888107191
105.26478268872617,32.915693841372054
105.38006186060765,33.02288364787047
102.73145281663231,30.319122944806672
105.49005114057023,33.048663422864024
104.02796253572821,31.618228641816433
102.49623111636873,29.758204927622696
102.28589030300351,29.89511587344861
103.40188810259346,31.291216372399145
104.09201162072338,32.879930442251585
103.22814167153173,31.104237887906983
104.31789398051436,32.74245451852604
102.76802126902528,30.690018688850774
103.03064619730992,31.1763634990001
103.1653296641801,31.17512056489179
102.61251409997688,29.73395395546931
102.56818138456754,29.788711172869764
105.40305827128358,32.79158695884593
105.47293535447871,32.76747064253247
102.89342859220001,30.789328820381552
105.14488007988894,32.717542279391516
103.98659170893414,32.51326180915518
102.7601251963224,29.6135464803216
102.52809003451596,30.236683127453066
103.17130384317679,30.73703334338763
102.86069086788547,30.861306924944145
104.61002812858726,32.62876637123099
102.31225489069067,30.003429301852208
105.37912997707473,33.04828894267478
103.97820566206906,32.4148118985674
104.18676363083424,33.08223368795816
104.59063416040402,32.482715743505814
103.34683531938988,31.06822928065041
103.85006024747271,31.980306381342533
103.31314233118569,30.73297783274132
102.72032585630731,30.85762920471963
102.48327471616335,30.321216104850446
104.46096533311074,32.80507897045671
102.96185402577512,29.635210353264544
103.89269540474395,32.88848269468611
105.34277966049322,32.65366732076615
102.9266610003888,29.467297638686006
104.17555564046722,32.98725221000043
104.94921837249558,32.557596660070224
102.42482731136649,28.88892757275548
103.01349412524209,30.460906265337194
102.45289052847659,30.276677136950035
103.0158865025454,30.764602450869987
102.43514569025841,28.990184809604955
104.11214344257495,32.436566976358584
102.58081631156152,30.53946622657969
102.37466906298894,28.866961232466508
103.29619889641295,31.338535968776966
102.46356513519287,30.491752773437632
103.0067859377255,30.761846478327456
102.41904336056456,30.005050257391737
103.0068555239136,31.1119387901094
103.99110654097956,32.651453098743595
103.2453806209281,30.889214971757642
102.74206332150501,30.33796557015833
104.01991921307858,31.844038570515057
103.13995523742177,30.961078287075903
103.00098627453448,30.58405833496205
104.3070061503235,32.758268337266045
104.87687356308135,32.67708316446491
102.43418877173501,30.289512536091735
103.32659224699364,31.411724114903304
104.68855928201057,32.50923441160688
102.50316705124625,30.357459266114386
103.35500966358396,31.095501235157453
104.49865195276281,32.614620462189464
102.69501113894654,30.50339878005529
104.27467882369018,32.05186689729498
104.3102219573414,31.76312511095915
105.55613835031396,32.932081181902646
102.92474433734117,30.878916541991483
102.95349670410333,29.691030323084295
104.75985710297212,32.53277450018315
104.17026168406967,31.67566909012437
104.51550384198812,32.54011391610924
105.03314873860738,32.572245927206495
102.5653854013781,29.89624937442054
103.88954210023904,32.62404412944269
103.9182479581732,31.57187645918908
103.69878332432305,31.16688756201367
102.93334984729127,30.80722380114669
104.09195219804596,32.568919975830944
102.59034431432106,30.426808809011167
103.07186854361933,31.257989768963416
105.4855033516833,32.77154370662701
102.64617305348777,29.973259008187448
103.27240580153102,30.907720576588773
102.92186480985167,30.61100630881353
102.42089939495273,30.234042747773575
104.07938674977257,31.697717510206115
102.4932594645179,30.617539437222387
104.2882179111848,32.811517525367606
104.8518048296031,32.77239121599378
104.29558180487466,32.22550297611085
102.9154135382061,30.499912118479706
103.91774795263035,32.16791976593339
104.38879082991815,32.7101519857887
104.88584812778315,32.73693778933845
104.14200009885339,33.029166273020714
104.31212014168698,32.55624651919833
103.82948574509604,32.483111135002794
103.77524669343047,31.94685091501423
104.12182954446982,32.527121209447174
102.47931853087874,30.628130631144053
102.6927577791407,30.58968888450752
104.01834359814228,31.86283778276112
103.8222604073345,31.91526479692551
103.84773950905088,32.28516967846661
103.91413727748139,32.66686059075013
104.25702048610351,32.76915665358672
104.45511340505345,32.945224375804244
103.07321793860582,30.541172088159847
103.20526256935354,30.743605803724286
103.95850896523243,32.30797959235689
103.9222549549633,32.91293641085045
103.01256713792107,31.19563839680673
103.90478315950142,32.04424839275238
103.80388755943348,31.89405856527254
103.04220291229261,29.447664689843265
104.01487741303964,31.529338686936253
102.87690370309751,29.483396573219686
104.03149830666702,31.877235028750732
105.45000502802637,32.83060746294676
104.53702929647704,32.871585779330466
104.12521887713977,32.917801169083
102.53324218022246,30.12040197134608
103.86117075121288,31.580247157067724
103.9438265967392,31.874200968711783
102.74144296252975,30.563864141287443
104.0561521974706,33.0862004763039
103.60024117333417,31.174308384583828
103.90985662296073,31.4201181507237
103.88313047410132,31.749354298673282
104.31459350955855,32.51568539759189
103.96592402849959,32.29835662656335
103.96724840523781,31.5905380170048
103.84207670015884,31.898659075686943
103.77632407433103,31.91560049060631
103.18755235425463,31.281547726364863
103.97858043416522,31.963395713305268
103.8706029143138,32.529509080861494
103.88268695066724,31.520612913872977
103.22657994608173,30.783217798869746
103.31039128599855,30.639699349764673
105.31598494415545,32.73651048330928
103.19004622954196,31.234288253016203
104.3207077981422,32.0624919625112
103.59829031481965,31.165179778091478
104.8004825778424,32.637165814926924
103.8221649990966,31.51528571784466
103.17765928655285,30.616749446242522
103.75894017110619,31.86960233797908
104.3342302685687,32.89734051697667
102.95826651814853,31.044909240205328
104.53923000615825,32.525507962372465
104.01710065214945,32.07983470041654
104.09664911125958,32.63681018631795
102.408761946845,30.212092988779023
104.15604194910205,32.856590888238436
102.61624724546985,30.675723702405758
103.74398308788363,31.35003056874699
103.13381297986331,31.266091752702245
102.56638665692098,30.762028653262863
103.97854003795737,31.5714780100536
104.69688558366298,32.496530552428446
102.64094446842968,30.613643452226032
103.9939538268597,32.445732161857805
104.22151823502968,32.787667250404084
102.2673192917439,28.950027106571707
104.03721692691933,32.511171886409386
104.09740590175315,33.143310945140136
104.27155966559828,31.75854943908876
104.27869044664453,32.623173042884055
103.99605699315244,32.60933372846425
102.57822934409107,30.253025152401168
103.36163408474361,30.805888975786313
103.21787562409763,30.686589569833284
104.30592206764194,32.23200005910176
103.28332271336731,31.15760526879946
104.13449270554185,32.703455963105846
102.3539160173374,29.71661866026294
102.88272176920131,29.596869502516235
102.77923949795807,30.89324312744631
103.96308268023532,32.914985933564544
102.79705404159462,29.5062833128235
104.23787848208624,33.025452281504286
102.64110722620246,30.74218887219133
102.95666547053635,30.999001476596682
103.97845807855903,32.156980586772
103.32018472305364,31.175163700797277
103.92846816406694,31.625502563378625
102.44787636490466,28.95960120452707
103.9150008885236,31.434468674005156
104.15767458846504,32.69627476810075
103.77198852079258,31.9888549307362
102.36864710128508,30.219007579259543
102.61572773641062,30.70810729911166
103.30601682405305,31.399117546732025
102.48232292267122,30.096466967327583
103.04706576254787,30.635851469110218
105.43118770413874,32.89603196582825
104.66082566997164,32.74142168562966
102.6043409733345,30.640864152840418
102.99679109079909,30.833966179988995
105.59127073609396,32.95756877018123
103.57633027903991,31.12992361508309
104.74955203456288,32.68291187399147
104.48183230464399,32.73868024252973
105.45144318753573,32.818101340036876
103.0375551464155,31.27138013319027
104.2149550121188,32.795308203356136
104.02678509530465,31.86603722526296
104.24926751169205,31.768241747440936
104.59740870929583,32.81675287545508
102.96263443283355,30.516024566201384
105.27078755806835,32.81487222800627
103.74776058736184,31.81384171143837
104.02008867295162,32.43055699484783
103.89544764096271,32.56798324973068
103.31431346143789,31.27863882219975
104.09859843670164,32.391324350287334
104.35263946340255,32.590396640804215
103.98620156338444,32.25432619590184
102.61903155820482,30.29895688856662
104.16784903387094,32.363029549943015
104.652181510035,32.63003705232999
103.80873897144417,32.10876502188028
102.37022690703283,29.903627884033433
103.88757284815959,32.387754624767766
104.0621543106979,33.074523340189316
103.86207184316268,31.837181097527704
104.01105782984557,32.93259358770203
103.08484346416095,31.18554550701674
102.65517364123002,30.364476137555403
102.8408109165863,29.617289035844138
104.25328892128458,32.177513796196
105.27910490003634,32.758219322586115
104.05644400753242,32.10826737630352
104.63631725737386,32.74602709983226
102.30964702221262,29.96616319844484
103.76968824473805,32.112832881452825
104.20458289723494,31.680453898163123
104.49609197754815,32.67176874489202
103.69301745309896,31.905237051899036
103.79659184502188,31.899486968863187
102.7479153481174,30.70197089481238
103.96617514106823,31.450811152471
103.89173317136928,31.415750017280402
103.89869009124962,31.881813886109228
102.54167678115039,30.61350057243536
104.88178048381361,32.544742177905036
103.28373951236718,31.251019452052553
102.77262393693482,30.767337646013985
102.40091442282755,28.981817708561866
103.26291758848278,31.25339624436856
104.63284476621436,32.6276570890603
103.0283868047786,31.22306805613809
104.79870355233139,32.67626849330953
103.94675233303833,31.557497135502032
102.49937622645345,29.678476654890776
104.05430972105951,33.051486229530234
103.13436055134605,30.866269366551933
102.44702449113902,29.057635539839485
103.90285416318893,32.22065832911282
102.57987578974328,29.929695467950292
102.9447285193616,29.569030263586853
104.47436846549516,32.497229948652986
104.08026342666702,32.47797269703366
103.14187216819633,30.807595510428282
103.40426160736921,31.090028120364696
104.13894640486559,32.9843246813532
102.63007753851069,30.09698114616945
102.53864198643393,30.341168217545043
102.9273960266928,30.70976812198976
104.31991996408212,31.762601762052004
104.35208452274297,32.769854746849525
104.11696270100377,31.713001318075605
103.68700933650817,31.29287806906011
104.06844784690371,32.56597072857501
104.98774007304499,32.59472612340767
103.94692235944056,32.08411743249497
104.69170179680435,32.558242720228144
102.56773305312137,30.28902464623924
103.1695728696772,31.000916020307557
105.49133629305796,32.9861062042889
102.62634309708665,30.752199790048362
102.42672962921824,30.064053700406625
104.37735782947301,32.56996566516267
102.95767898020027,30.910872391745887
103.97723329157084,31.694341978596473
103.84423680463303,32.458991519411626
104.73804592171324,32.79950230671769
104.5553984291528,32.77876523821205
104.19988616446335,32.89609103101403
105.33894203322603,32.64503671365852
103.23529867103036,30.845827839524613
103.55208449720507,31.278246441390234
105.45408372742031,32.825403917527765
103.19590921137282,31.16540375662137
103.23499083236537,31.26444867529595
105.1759599109264,32.699750839117
102.5408151723058,30.59611154155818
104.00118887300167,33.022554556488785
104.15574141797676,32.866018989199524
102.66016313815808,30.37184920502272
102.45071054111634,30.214995351045975
102.54474534672282,30.76581796850932
103.35890430677753,31.313350205352716
102.56931077926143,30.512723282252427
102.81892315352951,30.565720983669184
103.78587410096836,31.488036966480365
105.29617831518888,32.73574337168867
103.70078902704257,31.23160206637332
102.90586952714949,30.573139356024598
103.85674483380171,31.99078766687047
104.09393931892195,32.10589340379433
102.37337207173736,30.023211688352696
103.6005617757555,31.195419388264604
104.8218108354333,32.51296284324839
103.10095769026,30.71698090636321
104.03976200440611,31.62223158338225
103.65233692126276,31.31009534754488
102.9186462054071,29.463562413791532
103.98504322501417,32.093143005684915
104.87375151519987,32.640329842224325
104.27387723009866,32.1603668085593
104.69662218265951,32.654975660733385
103.29237324206301,31.15083107238619
104.65841789878576,32.723971028717884
102.33232468938239,30.05481348512785
104.2670940743516,32.664429312759324
102.75305697562146,30.916207535376543
105.20800712345671,32.92105943282367
103.34251137226383,30.988544212379132
104.16741185361508,32.54206961028112
102.84794475555886,30.844018889312174
103.56904213844459,31.1947498756581
102.6130464872677,30.45888692013261
102.53855150681967,29.851485517697064
104.66969458685406,32.75008396641373
102.54668540689768,30.367592738525328
102.88117614370142,30.80944635242266
104.64173623550904,32.8327376743459
104.14635972752492,32.21195149271124
104.9533245321491,32.64571759919096
105.13158779681574,32.65145585599509
102.94417351428056,30.765747229903194
102.78721310466157,29.638620452480488
104.24345263400862,32.57504749485683
104.12414701286225,32.69567701834676
105.3388283764626,32.64556901663099
102.54949713997185,29.869344998369865
104.00653656157827,32.43496671973631
102.49027074474517,30.589654222105782
103.79408792062351,31.41129349427689
104.05778170573811,33.10345720503908
104.3373960076402,32.29209040871272
104.14909412224328,33.06568051952791
102.41624649559994,28.885912584726558
103.17068825166406,31.21062579970448
102.47732611418019,29.75707015972825
102.3771171953951,29.887497046167137
103.07390900467739,30.854792726030436
103.90320262406667,32.65209354093801
103.94571450697653,32.39962009139247
103.49541436634037,30.90061317984272
103.01078612950585,30.738013257294092
103.80161117703196,31.425915932520475
104.0159139904821,31.57378615448772
103.19292429716663,30.80850389005215
102.51900408484713,30.680776583086836
104.14566290630577,31.753806517184664
103.95323428262994,32.082441967791105
105.3142539302928,33.009397731334985
103.06512057080897,30.612047486058675
102.38133040249816,28.961579183132944
104.03670284466223,31.692711890077096
103.00739845689847,30.67829090152611
103.93020302010044,31.847121397848657
102.90293713912992,30.652837401996816
102.49653321258592,30.485357703855136
103.0646401754878,29.444190051820986
105.24720062715,32.60559788364044
103.15954557895714,30.790745876611734
102.55983995654982,30.60746116055205
102.23363143496168,29.074586450364322
103.21870728180896,30.66788838188117
103.93492605830393,32.89952181797891
103.87632803009951,32.02887186910603
105.40787570839908,32.897283121579214
103.98081276680064,32.84717116236651
103.18072609936614,30.54272043110514
103.80264832236597,32.102420160842826
104.16705471705949,32.397980075154045
103.69050458541784,31.333860083843152
103.93345476224401,31.478804292136747
104.17911063256041,32.18317688155902
103.00975879355104,31.02748260611057
102.45396894573518,30.35177450028749
103.7484855728152,32.113813914617374
103.17257635259945,30.557779940310734
104.0809993072312,31.462447808383637
105.15774334336756,32.91071747200535
102.5315283155057,29.675697259644906
102.62286050430099,30.651981599656484
103.09326352272785,31.247433010196186
102.29395130872703,30.0986676089911
102.84048833605613,30.600472894340268
104.23650679279112,31.730390466626872
102.24261087294637,29.055165822181927
104.08345402581575,32.13333671857371
103.18316224330097,30.894480888939718
103.91134536979186,32.85732354409606
104.08154770294168,33.01718414847721
104.02928486629646,31.59869213484041
102.8810160167732,30.632408520965647
102.49142841913846,29.70803185076499
104.91492773557344,32.56103985829678
102.59930744070242,30.597034556194806
103.13783411792392,29.435815739979567
102.29021973837467,29.840694416004535
102.65723651292744,29.733966272692864
103.1721742336556,31.292921980092242
103.707114398088,31.29917827122223
103.29166707137817,31.118415126974366
103.7475291163042,31.455034265269248
103.00545670084422,30.712202928498087
103.87953585073603,31.807470025208676
103.72153312522714,31.29923697617412
103.9557158248992,31.88477762608138
102.84837047601876,30.395997909478233
105.30706264095647,32.835429137779435
103.73881248230248,32.121999614909775
102.87826471740733,30.702167727665085
103.32957586555098,31.182326879961433
103.94979585707924,31.915598810141443
103.02708128275421,30.9199374604221
103.09118217337355,30.878590378320293
104.225941223481,32.84105905833959
103.95344694453551,32.550563651589265
102.45212367900217,30.007036690693315
104.84261138619314,32.64587276220764
102.64316791587386,30.371463012440245
102.37687205248197,29.023644634907757
104.54876753506244,32.87392234662627
103.33190848766775,31.239773643089272
103.951077699421,31.55611557871529
104.5107337355713,32.56319948720473
103.13258144689351,31.193903721521636
104.8286633569134,32.780620644893
104.43421703078064,32.70376443190849
103.84505207775906,31.749476901028352
103.08399126522644,31.105536924613446
103.838082960216,31.301757436656622
103.18522934961302,29.54194848937547
102.40560166806434,29.929840179470432
102.85614552635113,30.48283048038616
103.26145060359369,31.16213670300357
103.91347519288374,31.58730603461064
104.98530092859707,32.65120861417995
104.30288078514614,32.055027172615965
103.21065609585501,30.672677268771018
104.16898313765267,31.738579122153833
102.87421271661651,30.830202797729903
102.92677456311073,30.58115789783943
102.653486024216,29.99467136229603
103.24077348343087,30.956164417110454
102.85038098054488,30.722851964318625
102.50386635140704,29.987820811444543
102.58199269892181,29.953688719197846
105.45750526680136,32.986971023574796
104.01868766995256,32.55585427135156
104.73206747717768,32.67970932739685
104.98855642182735,32.70993852873034
104.17796338602294,32.72880056414767
102.50593613116139,30.571715701548882
103.35271464396656,30.707997826369933
103.91823385481098,32.56207073537667
104.21451855963225,32.75768150941936
103.7416944582813,31.807772095215874
103.99889226842355,33.10849481762914
103.74590942789753,31.261788297209662
103.07634239645797,30.813209870024597
102.57302323704157,30.131269187253945
104.89974970847264,32.63103626857469
104.38834473939906,32.06680872798772
104.59914022023365,32.677882440439745
102.45188899083568,30.545017594502394
104.9070489883833,32.5433628566969
102.69393404506192,30.889935922455706
105.37363026525846,33.14503112009838
104.96981155997929,32.54187147765461
103.18208075336241,30.56340152378445
102.42479465490722,30.10162314139209
103.96471093167212,31.621126074770114
102.78149134068478,30.61107953921641
103.3262560502771,31.099910847172065
105.04212977282329,32.659468180834
104.3710055944974,32.69756792081571
104.87885433583456,32.54251670241359
103.36213334115625,30.852591223893135
103.91560200859361,31.841404117856534
104.05086506929815,32.33771425660372
104.33177176955141,32.58153156720583
104.06110721584626,32.99107183030367
102.86180304534287,30.786019527256887
104.05207573691081,32.35603702414333
105.48207858672096,33.1115301117289
103.33356680871024,30.983159015969942
102.91040988959192,29.550915366954296
103.93081868428386,31.847696267281584
103.90830275415652,32.827696624755305
103.84779502745204,32.22167380650592
105.41086125925416,32.73552434030845
102.60552179942181,30.66689534848125
103.94793643347502,31.369900233936026
103.89782587747044,32.49324771911919
103.02966188834985,30.78156790812876
103.734418175519,31.313050434227215
104.23818345055838,32.666398676372545
104.22472804974926,32.63750260554278
103.44424279844107,31.33430385496106
102.90383233072745,29.579027623974213
102.95083385873718,30.71785800641941
103.84487710934907,31.76565557850441
104.09805405848155,32.33851599547358
103.98291711535741,33.0163558409834
102.86183044750743,29.607002346985354
103.9615731564073,31.80675268385401
104.96465172435752,32.59474599620733
103.14283395890241,30.686214140076565
102.46395788929637,29.844278553489954
104.28804975638336,32.97775993415238
103.97513810687398,31.630555978421505
103.60755759785141,31.257392656473176
102.72272538302582,30.922676032197874
104.47306794701814,32.60310708399116
105.5204135999482,32.805620930134765
104.14362125298247,33.04573910026139
103.97515222171558,32.32170820105417
102.8708029260211,30.920177564813685
102.93159776365997,30.909874412659214
102.69293002731142,29.660517679649924
102.95194517262692,30.69371044159298
104.81252904540031,32.65618077592288
103.88305383440824,32.30377188647249
103.96761432076417,32.31606478501345
104.01211443350371,32.91998351032346
103.15866960351991,30.912397380228658
104.1362457538598,32.881245596278376
104.23785309352708,32.74545744557857
103.94043539294131,31.82505092394243
103.69270970445625,31.895130733521434
104.43366993728569,32.666048416935666
104.02170288612093,32.735738539114955
104.11778716645887,32.302031997740876
104.0315384305263,32.10501225655617
103.26043276378549,31.241850701791552
103.04141915547554,30.645932229656292
104.21265849597033,33.05251158380037
104.3355641220244,32.978208268446856
104.81436004566282,32.791123653232674
103.92542373597092,32.13688908748261
104.66630978630869,32.74413508950756
103.84614512470903,32.434486539568795
102.59087767715407,30.2353393779197
105.24624273904436,32.639746364500915
102.94336250652805,30.656979501296412
102.63274415962319,29.971987632658763
104.54019793681208,32.584311209780736
104.98485681332413,32.65700817612841
102.49243258463886,30.25899230226951
103.8328605583338,31.595446186995556
102.67641624971631,30.502542227961417
103.95031994758286,32.48866472093023
104.30365248342129,32.850475953876746
102.45612749500998,28.895746885774393
104.17963271414901,31.771509645688134
102.92338644078518,30.68875416493991
104.37489492195151,32.28362360475671
102.47616627681832,29.987561491870743
104.3586794075082,32.63467644942948
103.2169198062238,31.234594354324592
102.72709296683472,30.534811963041168
102.37248278565235,29.920113051274463
104.56134831189023,32.43009992713627
103.39024149751485,31.12982899665241
102.48509234663712,30.676614945842104
104.10497788667956,32.976957607084
104.52029078938676,32.49675476299073
102.83111223518557,30.66233417563374
104.0330964106938,32.20783520336414
104.7171170557443,32.54017371238344
103.85701114298405,31.989099522492438
104.19252423263944,32.7278728419339
103.9040538181184,31.464324125906277
104.06049972009079,32.65179444913713
103.98814177690367,32.47138821833821
102.87156569070139,29.55598727233236
104.21184910929722,32.20743550243459
102.4395583920708,30.444777389026154
102.62741376889856,29.992823887876266
104.04354344904934,31.83522708174908
103.22061210503641,30.9760124599954
102.78191740210893,30.8751227711381
104.62222504912587,32.739317925541194
102.91683982434549,30.660733798810597
103.11492854576294,31.126016207062435
104.35388403677852,32.30136649555934
103.04512828394947,30.92510067639221
103.99663230318573,32.037742002640236
104.3926076661425,32.963510217198646
103.18773215856467,30.994329830463272
102.3887988099738,30.026819615226312
102.56673771951837,29.982033414315598
103.16842974428856,31.105776925452393
104.53815576901215,32.609603850076724
104.78535738579174,32.70918974743328
102.64108759650617,30.34038649531385
104.23808956907814,32.9942734038195
102.30771235473918,29.92651468070654
103.29764315875194,30.736403322316423
104.48391647347106,32.79556966681706
103.1582407471528,30.94029956169493
105.39970934453547,32.825245560053865
103.05935337111019,29.558478808033968
104.65457273432432,32.52156003016142
103.81854828426884,31.965105382891984
103.18425785216,29.517430076804796
104.93566953465523,32.64884341084455
102.65200744897581,30.264129574746548
104.98279716079871,32.57945075617894
103.23900596150855,30.7937444568114
103.85256327130392,31.439861535296757
104.31728961068978,32.721837707734494
103.96071912045996,32.230768229078244
102.50408491436903,30.17129809145128
102.43967988826782,30.120002155492802
104.08835130684061,32.24932991237398
102.51278307473284,30.110284545992684
103.89180725819305,32.8981122302397
104.74806516142144,32.50384101813994
102.62218000760865,30.60194210443249
105.21994417202833,32.679090148571404
102.65380617053316,30.11065324783024
104.61287403122975,32.77772404107231
104.0459153296513,33.05904794019608
104.23344521621166,32.08527247617776
105.15266540621094,32.980946719805814
104.47319671201502,32.59279519678081
103.09327235591633,30.935194464112325
103.2484873702187,31.365952473542258
104.39189887174165,32.07904426547551
104.26465142707481,32.690682446042395
104.45145110530221,32.57396895756834
103.35420097199277,31.285905035290977
104.18858980064986,33.0700916748239
105.26541820338934,32.89065743931682
102.57353364717596,29.857649601217343
102.9756651113531,30.379438245997964
102.50156703154839,30.41096514691796
104.89883138770092,32.599774356792224
104.34550870923628,32.86093707893172
102.73187344381374,29.593822753105798
102.83919478663144,30.69764807428731
105.22852993828153,32.69554379229736
103.13264944536047,30.595370553373996
103.89774573741202,32.51698819004305
102.79455771514309,30.902588454774182
103.80538012728067,31.578035470345394
103.66653460469324,31.349011130754118
102.44257837310998,30.34085630901266
103.99238508251689,32.970724999629
102.5412037979113,30.142833975949653
103.37670682413051,30.909431244458712
103.9442247887642,31.909093376159742
103.93297200038131,32.6667301249836
103.37507247816917,31.05783745941725
104.06221251496066,31.895673629879703
103.15663689779267,29.541785337218744
102.63626502902845,30.40999705254092
102.94822090501111,29.692356823807547
105.37769407826018,32.951262949450935
102.52723845713992,30.338655738153886
103.86082539420248,32.550363832507706
105.46275767711428,33.079552518724114
103.84531536229017,31.436935222289787
104.2729863439912,33.02980302434931
102.92676241639757,29.51433956985006
102.95532877385818,30.702311169044886
104.61319880834176,32.79573433823429
103.03664849655601,29.48240596235395
102.9109537401047,30.918348825271504
102.69892552709136,30.684836500565225
102.36358254655167,29.00199205493918
102.2738636447559,30.07249952882529
102.98390188049115,30.727646279877668
104.0361751090225,31.97823275906993
103.07563718286738,30.95069908694277
103.54582669232003,31.086516727875715
104.70911844368024,32.55268002120236
102.3829120760765,29.09733096756626
104.3966164030562,32.288886888574844
105.31231767740573,32.87773895053958
104.6175107646258,32.51501962508795
104.07403407990792,32.85636214730506
104.26569173006011,32.11943914138138
103.17893355818985,30.993780923398305
103.8057711849796,32.09001447347449
104.1643535822775,32.387072970644724
102.35020104521708,30.091135427459363
103.12198398495097,31.071104281852765
103.0657649129779,31.05534676357552
105.00802585417216,32.71735730660966
103.19621353175216,31.316682873401007
103.12819814723412,29.485263042641026
103.93723352283789,32.090899299713755
103.04359044139557,30.460045394686464
102.97994411634623,30.519557381573154
104.23406541824633,31.738297552362457
105.18182800199916,32.60867931263448
102.2763717855944,30.086778190876156
104.17349486359363,32.217799224812865
104.0743658338338,33.02203758435404
103.27998407632067,31.04567088954282
102.38679573164076,29.74061386473863
105.1023282036512,32.870084459710874
104.26133614623427,32.69687777954927
104.71698781111256,32.742883263462986
103.29589892429249,31.23378044652994
104.11577579253233,32.564662135439185
102.40429059027099,29.76894377041018
104.67973009565006,32.5520555080135
104.69727455206785,32.83244504131496
103.96156598726186,32.52553110319846
102.92906058214346,30.687949984171045
102.4893930128557,30.69829283948585
102.98518577606154,30.576078853841814
102.72569901091502,30.638400730739868
102.79832816712111,30.678909231295762
103.72195139503422,31.23887587016403
104.43385028309746,32.731738094608275
102.62123374721227,30.61725186484656
103.6735405266106,31.98293257779451
104.39580784247985,32.950406447575524
103.29472531928513,31.10174025314213
104.34842235973541,32.791478814253814
102.38180052576718,29.87577433716132
104.15649259997384,32.69098241933254
103.99071048472915,31.9261452201358
103.9025215932371,32.003547260778205
103.08267910436318,30.65440538093128
102.33806199172639,29.83127428318782
103.87892287109453,31.543204452091015
102.6794165484585,30.74339560617583
102.43123164135409,29.01577144478022
103.30219030425354,30.78671237091802
103.8347660661327,32.444006729215
102.42124061517373,30.22412103356812
104.15044623963554,33.065017671817564
104.67196400590711,32.78295645001742
104.15205342317043,31.649973643985664
103.90301612358638,31.584708268044317
103.22865908749041,31.10372153456618
103.6646287306161,31.149378712709215
104.1721507873745,31.719705111488135
105.42712356520066,32.93022356449835
104.3762859258783,32.9082087825839
102.97057999061636,30.476157916711358
104.4653165906717,32.62981753801818
105.30547987262528,32.83059755367886
102.57912540356632,29.993791056884493
104.15729559599714,32.932718228292515
104.55243155603505,32.821907173448665
104.49678183374247,32.66545787449189
103.01963881613473,30.58904582765988
103.25012053263418,30.975995481040513
102.55026679742997,30.114788579209254
104.35601184217407,32.99042597295816
102.93494321393364,30.40324883852997
102.26571700703916,29.067673015945672
103.73354561340787,32.04615250943351
104.1175726317515,32.229194323073884
105.12312614022615,32.65113209318923
104.31593359071344,32.799855190007314
104.63894020277364,32.526018890902414
103.96255673193775,32.12664792910039
105.38345647923072,32.898436333851976
104.62275909444449,32.842403850698915
104.23761490475502,32.607287446254475
103.88002396290712,32.04495612353506
104.02902647644513,33.08184380889211
102.4658335170855,30.535265975706942
102.4056973581631,29.01139962453031
104.00087597761531,32.26826840087907
104.60111962400617,32.88759274246336
102.70204625329009,30.872989405506107
104.15628266739499,32.96820257072766
103.0226800446408,30.94880267455609
103.4907197767182,30.900691525238656
102.51210568928369,30.317526553430028
105.39618590458973,32.96609302564189
104.71369080755638,32.82763588727358
105.29084417297665,32.817817754516405
103.97318012694652,32.86532825097449
103.2210848163397,30.98792194988961
103.05974429797853,29.446229403708973
104.02227617843239,33.06187212645979
105.47638786523942,32.77313343757503
104.41909208051281,32.76872203854206
102.39768918765309,29.086344593462883
102.57657321563616,29.991669509622692
103.32515262349408,31.347562043750617
104.3613829985735,32.27107708107125
102.4163864299578,30.138305056646473
104.22974223551994,32.95938865790858
102.71449393823629,29.689925763279362
102.54533700529974,30.25789315608804
102.51151356103057,30.686112404805762
103.97148666134238,31.89428860933831
103.95876885411285,32.517198330333464
104.66716361228396,32.60951370998316
103.05795452710592,30.513900790800957
104.07513397377348,32.362361596655894
103.02060873928416,30.424269769531232
105.55233898859635,32.95315013143099
102.62457563135666,29.98418876571471
104.25482301757529,32.614977856234155
104.11385011987934,32.16994688136655
104.01953304117922,31.957376552116088
103.18293812524693,31.30637011962712
103.06246559415324,30.964799903202767
103.40568013465908,31.206679067562362
105.52190179189677,33.04652555187542
103.92606963410047,31.79303769679921
103.22368520221701,31.30629448762639
104.09522000270779,32.547466041983604
105.39180448530053,32.77889822469666
104.01072070120807,32.65794483877003
104.18384298274846,32.281227947657314
104.42843177070654,32.660476576512366
102.93191515733933,30.951876373198587
103.20070126785569,31.33130166151861
104.58665695239067,32.71482904308665
102.62858325854306,30.438567473540665
102.65834986929343,30.182270840031393
103.08725671774287,30.937171771543802
102.90890539359103,30.873022208585546
104.357463437814,32.722621648119826
104.03721807935058,32.27756198354885
104.04071991629014,32.9738831482929
102.92603104131712,30.69377941216895
103.91192919003011,32.09973276311194
105.29462295987582,32.82142929558128
102.5479012026851,29.972677438414145
104.50052262841257,32.59643228408204
104.44542103374955,32.5621687202173
103.12653828004487,31.272779301114166
104.03207978628687,32.66593785852008
102.80097654893531,30.540700077103182
102.2843908360367,29.89291102430136
104.20545338855013,32.91840174201511
102.67467687397281,30.638999264830453
102.44686167733059,29.062388184201073
104.05448578511323,33.014596025185725
105.48506347676101,32.765890958905885
103.88758989982561,31.8610669027769
105.27392246414833,32.87659570578275
104.38089581548667,32.80804008541743
103.00600406056894,30.959625686724465
103.81562867859178,31.317032509140823
103.21669116242128,31.07230808833577
103.19058572590497,29.525258622970888
103.2974595106464,30.777587207308606
104.70899679896252,32.780330584061126
103.79989556932442,32.106143598475334
102.62191276828496,30.285136634494755
105.34515637376073,32.72861932791116
104.33910400132004,32.974435669657275
103.0946630862709,31.227680111759167
104.1822815881891,32.16223436377692
102.4199068594137,30.267142394445262
104.33484628942323,32.30064001767061
104.56531028562013,32.843615152451314
103.1140057293768,31.10795045099917
103.56272233882329,31.218688938393356
103.0094064152822,30.96158601066482
104.12613758274269,32.830107304174874
102.97061178986003,29.412400478311955
103.5994990465587,31.131432376701117
104.76561119240843,32.69392032365869
102.71416637946854,29.5518889046516
103.9983471546761,32.62405049064064
102.38828560272492,29.966338714170618
103.86888969568963,32.0090458806047
105.28490843812845,32.90334401876338
104.95941509062652,32.63634817290338
103.83924604660356,32.25409329465019
103.98094863484604,32.626874162068425
102.7341458171896,30.720707592318497
104.00587718684878,32.814682949941044
103.04281050332456,30.948948442935098
102.85491483425125,30.602714117809857
103.14543951500656,30.60166863180897
103.22366197638897,31.328349746466063
103.75585044514888,31.47085870394813
102.7226242151462,30.73901411289607
104.18287688082572,31.740105605718135
105.06449337680728,32.591890818239754
103.23571839499405,30.745573978744364
103.0911750826532,31.00897166473465
104.05043584105951,32.20127859876493
104.04510748901122,32.645572296030764
102.37449953339713,29.856452711608245
103.0137934052402,31.023835848059377
104.48314511717842,32.731570387598566
103.94986453100378,31.67546425112224
102.70104628738069,29.598085635697704
104.41266935804806,32.85019005113355
103.18456126975299,31.123597284540605
103.94002814638309,31.68321475954311
103.74695566437703,31.81084934905691
104.14424501606263,32.22093428429437
103.96361604264905,32.38867627073677
104.42908984319828,32.516220756867874
103.0134900578616,30.698851738905216
102.9695395357597,30.918149036332075
103.18162701049364,29.53231381931724
102.6853724811463,29.599930844152247
103.85371617299727,32.272017625435836
103.90225900257226,32.189232701555376
103.21426308719946,30.645437939144237
103.92972491117321,32.320237652564586
103.99282429958764,32.004499291439444
102.8562295551961,30.93468137503012
103.84450461896809,31.932258527883832
102.6824505983354,30.50629022695321
103.76070652668601,31.983053244955403
103.18260237312431,31.227319148764394
103.96316232724324,32.7688899080124
104.52575632530991,32.66116419575857
104.33537303593717,32.07737544552673
103.4205805166145,30.877596106287967
102.81736565512496,29.6232598292923
102.75366399038538,30.26138809090299
103.27806784960956,30.820264831109903
104.75400712686188,32.558166690145825
102.864703084103,30.504578253077042
103.78499584940346,31.79227259450766
104.20603810461175,32.864638648360575
103.75466279817435,31.854757801021726
104.74090536374779,32.759536100364784
102.46899731168908,30.53989898305296
105.2139662856701,32.7938782643125
104.22120355042657,33.0220581714146
103.69921027598772,31.934045281929475
104.00562309312123,32.76996144436787
102.76523278906984,30.243106953285174
103.86342666493432,31.993957074319074
104.28553572732123,32.644115912019714
104.40112330083045,32.55245081021753
102.6108454510867,30.587000699697064
102.86279778097084,29.568189892988965
103.39605154801318,30.846380096772634
105.28651536022805,32.63492497350479
102.5706532168084,30.760067753943886
104.02657424329139,32.873063943633824
102.60634246308028,30.35634219901938
103.35375359891344,31.098353879780117
103.03874235105326,30.497484434914508
103.04465910976491,29.47765924657487
102.90944279529793,30.885693902650388
102.92285207560103,30.483027365286038
103.42196242217949,31.192041260470354
104.67783510581803,32.77441599482541
102.61144116160912,30.26855143697733
102.76708000671614,30.560703429615543
102.45489059731885,30.42420883584814
104.02610786070306,33.05477541808952
103.40392705605751,31.278097725292476
105.26337250645386,32.67496181036248
102.77972216120575,29.55658678014359
104.8546384796729,32.70594033416928
103.39241065571889,31.14767544531972
103.17674981121299,30.922060047150264
102.60934730355721,30.565841849109287
104.84997486216803,32.51120521222983
102.69704815637074,29.583511605250084
102.95100278185032,29.485485259901026
102.90149348556578,30.518109261427856
102.79080210477085,30.509427994140243
102.62646653645075,29.657160807792472
103.62088471487252,31.156660932427318
103.06294087582938,30.472307654034907
105.48238484875928,32.8266957649975
103.39780309715329,31.350567481877
103.0419927527334,31.049317419978976
104.12175814595034,32.96305999469361
103.03566791243775,30.76737466715724
103.77988514284115,31.445824103495717
104.20528183780553,33.04833927970719
105.42317702987434,32.91286251997977
102.6706189579421,29.951844878354684
103.05645387859506,30.668023437468953
105.08609205141971,32.8771083294529
102.72092402333506,30.20301062414073
103.76424483201096,31.917150717925725
104.82008378788822,32.67535890802989
103.94540698527682,32.6927303272051
104.75329350183333,32.60108866591357
103.32786886978761,31.09026500377424
104.31691769844132,32.53977994027054
104.91119545207818,32.57660356311962
102.36841516265211,28.942122129272448
103.17406469816179,30.665627216508604
103.79111981730433,31.531600496236322
102.1989630419819,29.041098459498144
103.92482872684997,31.5085928456099
103.19398839514436,30.771512047151568
103.35436387215503,31.078742887770947
102.5384968080704,30.716185212582275
102.71483104976376,30.19394885351167
102.53304034476179,29.8816306918693
102.48131161979609,30.604354249527603
103.2144062288051,30.991020283841674
103.89408889773605,31.41984496443059
102.62985098438732,30.16142403180348
104.26791465155905,32.121144274836716
102.98010495812909,31.165161787827213
104.37746907973893,32.31614888625666
105.42303198238893,32.94096321952413
104.12571087261564,31.744047968688207
105.55558387026015,32.95647738284774
102.59435323216961,30.486088606376263
104.26294533347075,32.63195183053549
103.04799772049512,30.538757770870617
102.51147730429113,30.695369680810266
104.18080948794058,32.8463668155668
104.17078697915463,32.199526104879425
104.4776588511079,32.83963312057877
103.2402469375792,30.810830363032302
104.32197988777624,32.70079092533762
103.20431999856015,31.153328803064582
103.91005753831848,31.784334271257567
103.1573203710165,29.50785951598927
105.1691965860953,32.70637690419337
105.37538952091519,32.89551665580322
104.01975359293479,32.22449084027079
102.50645880818351,30.595318108589122
103.01503564650694,31.185305721133012
104.08830316487769,31.453459522896715
105.2800338907377,32.679212460779205
103.13703175283646,30.583921818872767
103.9992033549797,32.08855355907414
103.20720190651993,31.349930776595205
103.82912653522418,31.475619526862207
104.06079196650617,32.24404624079079
104.10445864387191,32.12482129885152
104.08585152800173,32.91414016198292
103.90103219470359,31.46809858809729
104.04846427066013,33.16112918934585
103.82918368180626,32.473416149685015
105.0887092992768,32.64522038999208
105.31859201720293,32.78363459539564
105.4051779125068,32.80678190781584
105.29539677966919,32.70254135860401
104.34047782757037,32.75866929118713
102.79428301621277,29.6082276696122
103.09938877197756,30.728322760269247
104.79356381462846,32.61804873925594
104.37868807877506,32.32341788326514
103.80410589062498,32.5843706868427
103.91230415681194,31.7316873108373
105.19922043093538,32.92060481565958
103.90053738809645,32.228414857645696
102.36432474067139,30.12394054252036
104.56347720289482,32.89337222939858
103.84683091806409,31.58811771794896
104.15795461444219,33.0241018197382
104.05760658039576,32.00851902571361
102.68802505468558,30.568377739131343
102.96378925844357,30.713136399148414
104.68650958325374,32.7247013412126
102.53915032950748,30.506037150452663
105.28158548618025,32.92260100651224
104.27867064516359,32.151322999550906
104.33878265243743,31.82592085400047
103.42092525588485,31.107625142400693
102.83158424692037,29.508289942815377
105.4070923231117,32.77698115766369
103.57936547409409,31.309403198013328
103.38931824449922,31.147120380106387
104.95862485276638,32.64217072729956
105.20317177773902,32.68330479972529
105.13894580319631,32.86611703231486
103.9556820614257,32.077159030047696
104.41670016631068,32.0429095701482
103.22654154276418,30.935704850399944
105.45351019746144,32.80792455099819
103.29364589453583,30.75080826778143
102.43179398212271,28.944752809267953
104.01780792856925,31.548320118458925
102.38167154372087,29.129723034212184
102.77113613806196,30.540037814014667
104.22706690060188,32.0939655047622
102.40436917437796,29.83354216667049
103.74666523426649,31.840645212823503
102.96890440491694,30.976340622067127
105.50953594523519,33.05049600012349
102.96569744055402,30.719717850843455
104.15605648099648,32.47883383363806
104.48841419910809,32.64742980227967
104.73801946358249,32.74588922482707
103.6742654311948,31.302475184348808
102.78496892246183,30.730469119244525
103.89885148011895,32.404856953774875
102.58831771991908,30.62267773459079
103.3512302128716,31.12160706425098
104.35756676316969,32.96921508936268
104.8289433206179,32.68647207940322
102.78739419090383,30.822694090665223
102.4011502382969,29.11058857388965
102.31795496565373,29.902195651867444
105.39581458178478,32.775837860351345
102.58435729980687,30.09559019164883
102.91358118722066,31.22456453297843
104.03133418960878,32.75923103807623
102.849046601523,30.90420838133959
104.06844723407474,32.18578567430705
104.26282265933209,32.287700573482624
105.3146864835446,32.77747745397491
103.2995574945299,31.378810518171207
104.24608026862816,32.80713977799314
103.20421894500421,30.972926464054115
102.84057355541476,30.75944029042694
104.67057851688236,32.552549557863074
103.91995622349658,32.53668397279692
102.69832497163924,30.253298433864646
103.31315032801488,31.163530247031666
104.01387856261432,33.07053604792901
102.85948969451137,30.89442408817026
103.99447099544831,32.383937878403096
104.84824842105364,32.68960427379546
102.96398127658749,29.63386821946503
105.00332013905302,32.54603640617309
104.6155696360504,32.75617891100098
104.14646976874047,32.783267003430026
104.06074543967446,31.663525629492952
105.36750178263921,32.984608994435106
104.2359644741925,32.13614378971667
102.45108651027084,30.595183830734904
103.29393922425174,31.191864816291247
103.81316510466934,31.296147911688504
102.66440401710146,30.493322202107077
102.50906265628166,30.224429213243823
102.48842674986622,29.00889883214872
102.92586992710339,30.620552483154313
102.70286330847975,29.69813425748527
103.88012109969024,31.52822789883799
104.69182769843597,32.83199924497853
103.92329605004754,32.282998602900044
103.95544195036845,32.78419236100201
102.34791768890005,29.978690137633862
105.47903129230356,32.95967633828916
102.44519146606777,29.866390363515556
103.63547141536775,31.330637522699213
103.27533374259548,30.92095348863771
103.98144461225272,32.149090019773745
103.6713237328487,31.234520174604086
104.11791550180868,32.461374515014285
102.66765770924003,30.000303894395785
105.59853925790485,32.99559985380459
102.96856392493582,30.739224638186514
103.47188963656097,30.898743487753805
104.02936422006901,32.10483236344855
104.89618981182983,32.577482371982214
102.83819193800014,30.808633632171556
102.85121297335996,29.503183583012284
103.79505949198148,31.573897707035695
102.24755325363745,28.919455128988965
103.03722412127134,30.756735293691474
103.38527467918438,31.073796840070052
103.2094826666812,31.287447394538287
102.83969590838602,29.594453533634844
104.62059516333646,32.69715280798398
105.36644531393,32.898311814124085
102.87179568748817,30.405533345132667
102.58320543663655,30.486679172768927
102.36449616083785,30.066926183471402
102.64239642571641,30.102918196665602
105.4899493960227,32.75921305022166
104.03474211272099,32.63530967722919
104.20094455788524,32.345007331491914
102.73431981117992,30.657799902434075
102.79675078081138,30.63009265363185
104.10115551929228,32.46102862118676
102.88157982647364,30.837506589119407
105.28594910994536,32.624612827323986
105.41690489223072,32.92621834052952
102.30015763193032,29.992022579134712
104.34787793654837,32.7859573073635
103.17358053808302,30.525119617218074
103.80807722099814,31.457453823369075
103.96365425245162,31.550018415930484
104.1189572770482,32.5811057578299
104.20972847995411,33.018778003167455
103.05531984136827,31.13706034266984
103.33875141613785,30.94883728387911
104.36819077733132,32.957288147784006
103.86709042538781,31.75012402486191
103.03890839770663,30.865557848823588
104.04769070435911,32.11743516883174
102.99405746173754,30.97563623089905
103.31140538774356,30.805004751741993
105.10551343571123,32.9302949096183
104.14598140770349,32.42584969213553
103.94261688210221,31.833698824023006
102.7455761609886,30.689249212151324
102.32492820622117,30.097998414659937
103.58418294264864,31.23005057698608
103.01142622597852,31.27897091364946
103.90111880165385,32.55179283579171
104.51878139904184,32.7445193267042
105.05673858130704,32.66806674214807
102.43682360164716,28.914444154330276
104.39024551011954,32.78448061795008
103.75533551953434,31.331882442725593
103.85365693174322,32.41535239675832
104.04425500265152,31.430083380938683
104.26339080479056,32.98692401633766
103.26845500793111,31.03201565576896
103.73207576419703,31.28439328685577
102.39460666540732,28.943623809701776
104.31478308959599,32.13716282193747
103.82466275669616,31.363644955941663
104.72405598070696,32.56183046574349
104.70832520818746,32.72377470462293
102.8820457674989,30.326876132747863
104.66677261306607,32.47934286650356
105.02054747068192,32.7340824580734
104.24116574206955,32.2185577913891
102.46363137135411,30.329491903491927
102.35205519836163,29.101630617160648
103.07335701909061,29.44119966766823
103.83573176895078,32.40718452545395
104.28868434161741,32.328799758079114
104.37131895773429,32.76297724254289
102.83374205500313,30.549890101058814
103.57004149585048,31.331391257546084
103.97093813187637,32.58770155344071
103.87382286017029,31.435348556701875
105.5075306223509,32.84455550576122
103.85018424722074,31.843145036143444
103.87421695993775,32.609337213860925
103.1711174947453,31.162990939222993
104.13839101868128,32.851525641503336
103.85174850065347,32.3561785201685
102.52472597682754,30.2033042240985
105.31429265194012,32.95857165156564
104.66485755039636,32.72460669750574
104.84865634926936,32.59506972962273
102.97203787538619,30.993139844280094
104.05822255672568,32.91232343409646
103.01027611834279,31.122936944385348
103.11158025153829,31.011850471631472
104.1188558775321,32.593539275150505
103.28213345686983,30.653303300291157
103.68576323319039,31.94705119244885
102.93286838103485,29.568905297520832
102.52219456881076,30.500680048185025
102.31066403644662,30.138681370002892
104.23881814447729,31.73869323437674
103.28831389059967,30.67414855159367
104.1566828449432,32.75663851729802
102.72354299534771,30.738372920304194
103.00326854319627,31.007448556936268
103.95844217200859,32.65795778123009
105.48792237834772,32.87262320305218
103.06335682142176,30.91360046100807
104.04505177349434,32.56783254467594
104.3401759088534,32.54702645372166
103.89675003300621,31.683565589012364
103.32809509874507,31.326412809836267
103.02315118961776,30.929425571268453
102.66032253091203,30.36847272249359
104.0166258708725,32.08243608421181
103.8612498840292,32.6061928090994
103.01675662721064,30.590199166191333
103.07539540911209,30.553049611309525
104.85007152693464,32.72789275033329
102.60543039396035,30.393039048100597
104.04055835092615,32.01816955998099
103.63531507877177,31.225949439012986
104.11435627574255,32.3079337733251
103.37846660430546,31.42571570262849
104.18761072267576,33.07814120358829
103.29082530322326,30.68170830951834
104.4779116106267,32.512462492784195
104.00621117320462,32.13125838911255
103.65349348056357,31.150419518675264
103.27325695068073,31.03384485285911
103.02936463220345,29.509453396950697
104.01170899552845,32.73437358441071
104.86706923453976,32.73931009172697
104.65033709214514,32.5894884515618
105.38909796908533,33.10644850840719
104.05161891575726,32.63721131138796
103.91881047815693,32.91446396012072
102.57479668419208,30.338161656302596
102.74042747539617,30.85288982732814
102.35165596637874,29.034140826879565
104.22569626911782,31.770477813500815
105.10046714386344,32.8953319074657
104.66114180481698,32.80712062840986
102.6725540535285,30.79383098292132
103.98890516531057,32.01928455618548
102.90091116572262,30.460046447828255
103.92053145383977,32.35106802938255
103.905820403142,32.738163441421534
104.9025028642841,32.781570343111454
102.45853877937142,30.282490658980702
102.60781966742798,30.812096557473843
104.14294779403095,32.34550894196089
103.06112487034287,30.651999690679666
105.29331781507358,32.949609872448406
104.07315966486043,32.37079189901845
103.85258391085385,32.362947016683954
104.12753902832094,32.98221204962266
104.04726072761436,32.065754127490806
102.50634832925273,30.58270854495426
104.3864735834217,32.71635747707034
102.45215434211588,30.39440309268254
103.22138053214516,31.23250145277174
104.12544646686806,33.16011790831751
104.14236418116779,33.145713827442016
103.99547548665237,31.90974711193922
105.54491290244417,33.000581842794524
102.95862779165316,29.41734802806242
102.61010766158503,30.30548517145353
102.42890512132665,30.34267973649296
103.34688639079937,31.17519836568885
104.02082120403281,31.914177741922828
104.00444871791477,32.32990444583561
104.60334886497508,32.61100108594794
102.52544830422787,30.723847453006737
102.74326504866673,30.873868221205825
102.73230092849325,30.645056240368376
102.20995798515692,29.049743233101516
103.35583439063966,31.36438973639677
105.26186731015508,32.721617680477515
103.95497834502609,32.545160276115055
103.97596323706671,32.53870126362284
103.16248719044583,31.002022748737645
103.31239586698074,31.23434556382553
102.65200396123588,30.421981086060054
103.06785722415539,29.494889908590526
104.79356407651518,32.603680060005985
102.55168762627959,30.419525697523152
103.00165234224505,30.744019401606074
105.02725594039406,32.667051629265465
103.9380399134855,32.322669961602614
102.71765075494484,30.35204249990484
103.73405303010647,31.94722566066401
103.83824756988297,32.002520018212756
102.61258018407698,29.701708542554258
102.95385562014201,30.991304497838886
103.11098039343969,30.696643256227336
103.98939749353224,32.45712099062875
105.16551586814178,32.691618995975006
103.67699969515569,31.1580256402667
104.0881543814872,31.616080581364123
103.45338001687225,31.36720141148095
105.13039794936132,32.93449206764481
102.43703448331318,29.75990378105495
103.27990719543146,30.722817770787064
102.85059953999867,29.530358099676157
103.02892028232726,30.419892664562173
103.12370234122139,29.458259577259877
104.45705417857772,32.61085050399059
104.19492036936306,32.58059618840482
102.41262755939482,30.277570886779674
104.82583697591875,32.610430998553944
104.07838159596233,32.445499299535975
102.31130447473943,30.07319097670705
104.57959491208983,32.48242835681434
103.41059510223633,30.82653740749587
104.17080669601516,32.192630611326315
102.41188521778247,30.12967378784923
103.86507373424288,32.500110649850996
103.23325917040953,30.81168533498867
103.29367715436526,30.786268672184388
102.47972069388115,28.996962793956527
105.01706061780838,32.593544885020734
102.85066045947866,30.830912341993933
104.35383047112875,32.96088694850745
102.60721025386643,30.151692649642133
102.94263484220008,31.166746727515317
104.000516211086,32.980009615862684
105.13269736167013,32.69694730559122
103.37939066316288,31.290413504922196
102.43813153970837,28.942732913490616
102.70875771911727,30.604454452165683
104.34575815337188,32.65052135937656
102.88923728805486,30.689724476510126
103.73440906314524,31.882107357392076
104.99637694212956,32.60522533145127
104.8238185231124,32.623208053593835
104.1183570227068,32.94129203348726
103.74202654536599,32.11402880457693
104.14467731163687,32.955449043019556
103.19088865811236,31.115266257755767
104.4608416832999,32.673081606267644
103.92271759604918,31.869809542863738
102.85990537041134,30.527863173990923
102.94198443414992,29.64931251477311
103.2197892264255,31.323668421697732
104.16928995707255,32.68833989664689
102.6754364902953,30.1964646523798
102.5443955009103,30.80872322509071
103.95003911294609,32.60299841457016
103.95889345412425,32.02095544995748
104.29174975386451,32.191999078467056
102.6153857382058,30.393696319694936
102.50793658254567,30.28950197117969
105.18431851030617,32.70960194317257
103.81170094385067,31.77295632285212
103.30335531220685,30.97562930322905
104.06902186199939,31.683478937171845
103.97310124682814,32.26489261002387
103.83842892244567,32.52175984476201
104.57324384085787,32.46489377539047
104.43377888063219,32.50123724755758
103.03310888123949,30.432575149446105
103.19010688394948,30.678315798693678
103.25759910810913,30.871278175683997
102.382039480922,30.11208153945404
104.09077834999262,32.922490671067806
102.66409262114281,30.2813860060897
104.44141692907088,32.70599619894805
103.00527207957367,31.314334956015188
103.32093715243599,31.1275447310056
103.14462529019751,31.14389827132927
103.2120434570426,30.85032445333413
103.95341473277396,32.00522155266991
103.12050693286724,30.590004866323415
102.75931141998656,30.86261274124426
103.31410638858098,31.132674184891318
103.99865653765839,31.681111857022724
103.8404436741715,32.63587945036021
104.26052135458667,32.625107264599315
105.12054626732717,32.852998054287326
104.23766902423382,32.85657776530186
104.02892841112168,32.93215929048347
104.95660097069346,32.686426467840114
103.77651443851715,31.554859000449667
102.42295962607484,30.253943240565718
103.8912924181733,32.256320574895206
104.6369020816912,32.671237831571055
104.39305284151659,32.80522720463057
102.25105132903637,29.05366190187149
103.45017182814928,30.90623516260165
103.93682198838326,31.688529221413827
103.9577316913412,31.56819104269135
102.99098698316449,31.07539404501859
104.92317642688728,32.59755080184952
104.56344967820472,32.877218435794205
102.65969929999429,29.95068542591619
103.8388502073759,32.213971550319116
103.00451029103253,30.454692916967794
103.85528503577464,31.551043432746912
102.65349438928027,29.6386505722383
102.9751370957909,30.965965837369588
102.8813068738948,30.348311618689735
103.2009826528849,30.82114913576861
104.54060810309011,32.50352304837746
105.1875657498825,32.942124808174874
104.00280478226809,32.37649012159155
105.31267574304746,32.78092595183924
104.87851736664436,32.55794314109875
103.91647519574207,31.57200830658749
103.44968019995352,31.426634930269316
103.57600617180941,31.336960680395908
102.93215345274345,30.77791108149207
103.7366331564746,32.12199770303289
103.90993855699801,32.6876515139032
104.21462203731107,32.6188695557096
102.54283539592761,29.94531562735878
102.69617288152253,30.25109916393123
105.17677920479132,32.82161798778485
105.48420905088386,32.92981468248437
103.96785857728393,31.835799000213402
104.51458378628638,32.546735168139826
104.19038442316108,32.941633228906305
102.68848154507447,30.2404320182589
102.95520015517921,30.39770025975875
103.93296186530522,32.705358129474604
102.3265527425543,30.005314284747616
104.3772104566297,32.962824080294254
103.73258038606595,31.322999331511628
104.20398157281068,32.188397309341276
104.23995597300627,32.26741881750026
102.4100122779615,30.272979899538175
103.9950641798308,32.879918172972346
103.82877669172156,32.23096020152913
105.13499220682131,32.70599716119366
103.76778846074774,32.01738823467676
102.20603195214291,29.058611204976646
102.86060696835924,30.472602517131392
104.02667751034438,31.573968553150124
104.59868997455045,32.85642560212698
103.98876070120849,31.68166009501275
103.81480276960006,31.57049373084386
103.68775822350959,32.015527379264164
103.3608176318092,31.003612285244458
103.03165632802516,31.243748514254992
104.5648607899971,32.573971921783674
102.99954034208399,31.2065348175274
104.1341588811351,32.28082074798616
104.02740116168685,32.8904842948729
104.105116550745,32.72750038079995
102.49762728367809,30.655319293257893
104.60536264159425,32.778846351802855
103.81076627299754,31.776216129948047
103.88647878842366,31.657807321931518
103.0139565835441,30.84571798731089
102.70492375323097,30.30292781890448
105.46764068658356,33.00615753587641
102.91435909447485,30.36340278112156
104.78372220067433,32.497167016803644
103.91185363862256,31.444006197184965
105.04108951164575,32.6110814943591
102.50163021996877,30.185431818894042
103.81131411357389,31.76728682844778
102.67231779970967,30.213960053226494
102.56168272476772,29.86481597344928
103.00033064173044,31.165103518856995
103.67333134298441,31.335015048354162
103.91608199976199,32.022553846875375
105.20348378518841,32.678303432223466
102.91841023939529,29.439068280282285
103.69382865474805,31.89827919858635
104.25895958626776,32.73675715601742
102.98010757350316,31.255273106491007
103.13818124862736,30.909901875115423
102.70493672615761,30.869360080116405
104.41476231848794,32.66344046997158
104.80389458372667,32.54516924628677
102.44141202566516,29.792461851442482
103.74078254125102,31.912125324336508
104.23792289150211,32.78943440398474
102.96803505195957,30.54294909802298
103.10426354999285,31.24707738096846
103.91801172916347,32.690122891192516
105.3660867107039,33.043168673185576
104.25450345888378,33.05459770984353
103.99355324409554,32.96698226452507
104.05881134993015,32.7444243222697
102.80276464804608,30.622305219340458
104.13342306620733,32.97288609099471
102.9251787530182,31.24356633995464
103.79540511939963,32.05309314329111
104.46933234800719,32.87100904488255
104.02506758192544,31.649631334762503
103.07660796275296,30.64857924341711
104.16808649278299,31.72787120427162
102.78993789336025,30.87045594344827
105.48113743629305,32.86756941718946
104.02314822324558,31.998201505821015
103.88378202475275,32.261682735283586
103.18752628238153,30.82573393916648
102.98828080249356,31.239953041657728
102.52305457789004,30.11487128688604
102.50462399013533,30.572813877277834
104.46000367274702,32.804012667876705
104.284261693955,32.637609826234645
102.81806047215147,30.90460671350936
103.05671332410954,30.646946765268066
104.5806168055589,32.63654712768306
103.34150411254151,31.25614266384586
103.84361243289575,31.579820081865
103.14988809993888,29.450590364360217
103.87111406405093,32.085933677155204
105.1627155638566,32.62555877909072
102.88477000994686,30.77187848724143
102.58985889475,30.615399033760415
104.46739757089868,32.568728408581585
102.89428164471339,30.891634988469164
104.3373861895948,32.51824502303474
103.31093305376227,30.935744636033455
103.69016212054512,31.24088837633355
104.62142937016618,32.73234264861294
103.29778518363187,31.12531012698686
104.01900777825168,32.45069420685681
105.25779858433835,32.89666563980857
103.21843060660281,30.719685433696196
102.53010600300556,30.03767822052345
104.15798122308414,32.44867757344688
103.100713301953,31.146991348502546
102.76638999000491,30.84509330951156
104.43520957923145,32.955057091326196
103.34716411020197,31.21235836038429
104.542582048585,32.711846142992215
104.0591593730915,31.954379979068904
103.87727389113357,32.11438955131815
102.38226280584223,30.0983362259075
103.8609290380985,31.336297279370154
104.05348373606844,33.1739643448822
102.62316670576578,30.51325906812698
103.74515779556398,31.387130180356174
103.84032824465098,32.6706476956588
103.15566908550325,31.169388947303904
102.90542435350838,29.61699174865478
102.4983835970371,29.909192236573976
103.15360231853923,29.448467304466494
103.88865687276072,31.469664247844797
104.44486277171269,32.47368366291615
105.2305983761189,32.869986413008185
103.98353982373696,32.19143224852297
103.16448942635357,31.24721867585481
104.0067115714994,32.418169189208534
104.42746077035702,32.5458369833656
104.2990333578056,32.956678851973265
102.5446607722986,29.65889476134178
102.46619820569737,29.025551335690146
102.6565719405498,29.66098639284954
104.08264751220106,32.95631340307818
102.62450244203227,30.54003733932118
103.13434888427977,30.563302398588643
105.49574109495808,32.79942916098663
105.36715988430747,32.85213334757828
102.51518048553481,29.851490031743854
103.03188767619312,30.467779098080467
102.79541225830322,29.488186058194625
104.01944314808654,32.28445666599965
103.12414677171448,31.150391725545013
103.2850557612259,30.7979237044273
102.73198016896566,30.732598827522345
104.01910796202183,32.99737782584721
102.31033475551322,30.10610987233004
102.59532141092298,30.82903440043356
102.7237747581102,30.351482629378165
103.56973112092192,31.12891162303683
103.16742162635744,30.96009342640656
103.60491427910422,31.256993283583412
104.42577575561117,32.697787151621014
103.18914027678426,31.060700927056963
105.4735342151539,33.01673975389622
104.38757632282474,32.302526308036306
103.47215215708425,31.410825119212095
103.88064854490283,31.3898191624139
103.57164151920435,31.181959396430223
103.86341872516927,31.517304715212422
104.907839793301,32.578592852216055
102.67392631344246,30.109286523192015
104.0895255593437,33.13672779530419
104.39091921558645,32.29628328318767
104.07290320292243,32.51103483499812
102.58382872834066,29.646702968472553
102.91234422696643,29.419458852244244
103.41615883494421,31.34913688766957
103.95421642187154,31.528290688368305
102.46119103588214,30.59692012110715
104.30570855417822,32.581469165779694
103.98264328228959,31.993734053933288
104.01491543324238,32.32291092805555
104.35625146092576,32.862895264906015
102.42988594984953,29.97186240929053
102.54420432222526,30.121019508484345
103.86263102524812,32.27403871008862
102.94593612325183,30.483624289088986
103.354288462192,31.05769213009232
103.0722156620178,31.07474270204529
103.7882451501382,31.534868380174974
103.36372666230976,30.880817367175293
104.30279486353795,32.8036887749497
103.14267782034644,30.770263163858704
104.12064002684697,32.7010721441481
102.74106327048324,30.551511052937688
103.76571704551553,31.52337158530505
105.11085240069806,32.69827651468627
104.1798562238802,32.7134163882527
104.21387220575522,32.33827119526605
102.99260918444116,29.613606318925786
104.32237290836855,32.6872202146452
102.91419032056773,29.423578575134705
103.30294198725966,30.619796203466855
105.13058661431815,32.577453003467966
102.47356567641903,30.272829746547565
104.46681477749347,32.85637848697113
104.8439466940707,32.581990512713766
104.17994783242254,31.660614154796704
104.31819178634868,32.80184723090497
103.92023343358971,32.69548963600763
104.66953621994736,32.58037020764992
103.86654796790323,31.603238492865945
102.46357259021988,30.62158634888223
103.79208258937794,31.525022720860857
102.68212869408633,30.40893277470386
104.70558011835442,32.537967955882735
103.0610036674602,30.901585851401805
103.91083590955265,31.9892930199746
102.47722804654522,29.720144124355386
103.91220655628469,32.860095316566195
104.96606027276937,32.57477990879997
103.61303211323388,31.340772600864923
103.57804505071465,31.11599264559892
102.76149007206534,30.9038987710682
104.22292743754232,33.02415257882478
102.68740529778829,30.34519442783519
104.22244354685691,33.001684791766216
104.11398509061785,32.22291935130619
104.02524071077454,33.09178947372
103.91721315609107,31.802594034374142
103.3142754990087,31.089581167024274
104.45541100998422,32.9278208742453
104.06105049540233,32.585379718256604
105.40297679927858,32.80909204846571
102.53138283514423,29.99578579379441
103.13095715780138,31.15036543361814
104.68013253830627,32.54800875849205
102.35829043306117,29.82875719744648
102.57199380732672,29.88982050868267
103.0414266778542,30.96833542566043
103.83246964076992,31.57181698521436
103.94481076860222,31.969983789223882
103.87668145446942,32.240447817777984
105.35005239482388,32.8519942004792
104.94357008326385,32.657957457123615
102.7279205919777,29.51166741565655
102.56984977205586,29.850615126595176
102.73526493447713,30.60097657421779
102.88960944563235,30.630684940109152
104.03741232003385,32.43935619870473
104.00895766904952,32.671166256082955
103.03413974132562,31.138684068402114
103.93606900179326,32.86721798784177
102.5832866310591,29.951281667375756
104.09061457267747,32.55870637816997
103.88680516876312,32.208355870060664
102.60239306077186,30.355417353488136
104.14499439917611,32.180697902272684
103.76544298064476,31.252707785124684
103.17972614970964,30.868325476827053
102.44867040042048,30.175555726462193
103.31072217994047,31.016444103619072
103.28734082959612,30.919752409812
104.11690050737317,32.03270166048383
103.6252680581077,31.26858105596719
105.21490280127774,32.688386078673076
104.07453829168018,32.2900955067479
102.84270745568868,30.712667425438067
103.32705226884907,30.79226524767426
102.88061336445992,29.573300468195846
102.68366301618603,30.24704910007354
104.15956595569664,32.76775402244563
103.90827235815871,31.495085060620408
103.97736401010434,31.584048301746193
103.85358580630613,31.38343444823672
102.82092146996627,30.8193046455001
105.13088274643464,32.63005570844731
105.11750505406019,32.61001830231694
104.0386946446775,32.51008366773759
103.31129771991733,30.700831092309897
103.93487881351723,32.27445854175993
105.33174178014531,32.92026315024845
102.78395463356321,29.519642240066545
103.30997264902298,30.78720862196025
103.04027842704174,29.522361991338727
102.91306457283295,29.517224259714244
104.07671748763252,31.89074865969658
104.10579699358041,33.05134155788256
103.18998263124999,31.02406384171278
104.0044451833129,32.64568923285981
102.6719274845167,30.151303859162965
103.74439981549716,32.030242408057795
104.74999829587777,32.6908918957063
103.30066084782628,31.24329307704945
104.32452021594125,32.14049399334789
102.73885981754655,30.607471899313122
104.23822508599653,32.10534022865196
105.62730378630725,32.87450161093435
103.85374445694491,32.04381553986596
104.14701104099933,32.36485423788706
104.86917761252184,32.551771709783175
104.32702147769507,32.779743346021824
102.94014331064321,30.762970463865805
104.7864175505394,32.71059242960865
103.96129389966852,32.374177387324664
103.28956856650007,30.96964947354591
103.79613729627252,31.966919267013047
104.36086814558739,32.78841973168993
102.80844421920499,30.73564091404206
102.75321214384955,30.319360919150185
102.39234299281631,30.17815687019597
102.27042664092782,28.98523374841703
104.19746622472492,32.74559595662414
102.82231654734446,30.823546724053752
102.47349292626447,30.336611881948638
102.97222313659177,29.471661544533298
103.98993961774913,32.210131191197355
104.10763150534784,32.56028947304177
103.01634049851869,30.455856499121168
104.04648271163036,31.687185317977537
102.67030108339013,29.690818889962586
104.03751695229785,33.03608909634775
104.26701562697167,32.347493489262845
104.65541262503775,32.445409502757926
103.24963638435948,30.967601734556933
103.8633584930479,32.6693957443908
104.35864563260213,32.05727863689245
102.7515530229717,30.795794992874796
104.40667382471851,32.640762807581005
105.56613953003438,33.002219314696035
104.401736300037,32.879603078978334
103.74215558183417,32.060845023322265
105.54257712656526,32.87582701800001
105.39788375533475,33.154181344432686
104.7141268721865,32.667259468749215
103.56910422469142,31.230777151329423
104.14376752361366,32.45314192944581
104.33634089195581,32.85566258805762
104.04167899225871,32.119306900032655
102.54878830271275,30.472320696912924
103.62134485639046,31.329665320943022
104.31259589340394,32.61720937574402
103.38541968227075,31.079587987089795
105.51382217741346,32.996801021180886
104.75280208039477,32.692086123496956
105.43018332810391,33.03889416045211
104.68281862122284,32.71185160482486
103.88289422732987,31.66759981794602
103.48348737695568,30.9436594686715
102.41741753798603,29.77832175695758
103.40738396507422,30.856630212957267
103.95048017070647,32.24561431577937
103.69017204009873,31.156691944153692
103.21192182528522,30.607308538011324
103.06003701383565,30.90947596533715
102.33355057921065,28.95038868534001
103.05919020003479,30.686731070971604
104.53253239046813,32.69352290127892
104.26664791049421,32.98324416132733
102.63518343367863,29.99752925744679
102.741604606922,29.550209764150416
105.27567336675621,32.78379548938145
104.11336788148446,32.051837325933434
103.05436279399588,31.0225025184489
105.35462428027098,33.0338851048321
102.26716540017175,28.908018347462022
104.3478569086379,32.582539504350095
103.0577942778792,30.445623017699702
103.84025056091808,32.39221332939778
103.03691944393385,30.474064923365255
102.83530854570071,30.809688424864056
103.63466603327649,31.30320838310608
104.08671122626481,31.735493017314667
103.86014505608037,31.94111455528305
102.45457430089606,30.198117574643614
104.06391376237731,32.22803921726031
103.87413413960239,32.57871868317089
102.83109889936912,30.37205550688946
102.70311855937965,30.821345681116174
105.31520084072979,33.02142550086768
102.91751583770426,29.457699123032576
104.63395290842739,32.83899799959241
103.91392554755855,32.57759622638101
104.06503960689247,31.576397721273505
104.12993643631505,32.86574005169467
104.54963175219544,32.706564213943594
104.70757159043002,32.781235524908666
102.85712459564029,30.5398100925255
105.29828776643228,32.831599876182814
102.39371625803383,30.060783874770962
102.7746911546248,29.55079206511703
102.47302437092407,29.930011981775063
102.75898621087514,30.19604700476646
103.04463132291362,30.879933285392042
104.90835130375781,32.64291580905595
104.00943432440002,32.65519251276519
103.82085262143269,32.600387534859145
102.94054848801699,30.79560063209319
103.76990294094269,32.03898291097958
103.90770799469745,31.42917005748667
102.67541078142341,30.467283612529428
102.30272582119323,30.080804258288357
102.70406977359195,30.709039935315328
104.02389294988566,32.2028887073071
103.1823541305402,31.31852538947778
105.15520418746925,32.92651565210322
104.4701901466475,32.54786096644599
104.08070291227227,32.92836545890217
102.55689073599184,29.70615476133054
104.10881289043346,32.85404091679367
105.27619753276012,32.89197073431522
103.01772138992999,29.463286836694852
102.61079770388187,30.277151281078602
102.98754856482873,29.622552335861116
103.18828397138596,31.223927715445562
103.84780568360681,32.3889774485077
105.16524293827464,32.63930778995994
103.93818567751353,32.318796940286944
102.861748323923,30.57541308487444
103.11088974256684,31.218313106538094
103.95129307782182,32.15640991283229
103.96966416193368,32.91641667879367
102.73664382018943,30.78261034011063
103.22911762551713,30.926344524213317
103.98068929633021,31.466647900041032
103.9098753964698,32.644898954666544
103.89735783118306,31.814164831750897
102.97575132705121,30.681509761176372
104.02080471427227,32.970573546980894
102.60673773404805,30.257969973653697
104.3113004538658,32.930378456007595
102.51600890014436,30.771783463909966
102.59681219959711,30.670046976846685
104.63391662983574,32.71718272013986
102.52882456793394,29.857085293138145
103.81143045162496,32.61141139634115
105.1626026986224,32.9781994670911
104.37356116349535,32.29705940896404
102.5225519723305,30.300103020949614
102.42271709827726,30.492954535895837
104.1836465497433,32.20990445039834
103.09195431679827,30.976835940089305
103.98084538129311,32.90258698211949
103.30774793091037,31.131354859979886
103.86028860878507,32.44313200666256
105.4718571368332,32.7825419261027
102.39680148913028,29.788163206791467
103.69252192969444,31.33419287077989
102.74266812517324,30.240277389474702
104.1451503104164,32.26193760393751
103.37868544060103,31.272360865507174
103.8483350288479,31.323665413648126
103.937983568636,32.87425828924472
102.69122446669645,30.825648540928952
103.78848601689978,31.859217911762105
102.92424558447038,30.78971497588161
103.1429244093575,29.538601902279282
103.37407499427115,31.13517733808609
104.22428733833752,32.711203317620885
104.03282857679491,31.841329171960606
104.09149368791572,32.64538818725415
104.12790416767201,32.239025617439445
103.06033721300487,31.156025801256675
102.50655028401101,30.625776049203125
103.63632019051741,31.32525702964207
103.97262819885283,32.35908053559894
102.34675057439297,29.952379493770856
103.36603324395286,30.968091133342753
104.68552224084173,32.848487700927315
102.42982029124374,29.962085023889678
104.14740475802232,32.296346666127086
103.84652349389955,32.666066233102725
103.34402524356383,31.05636761563836
105.13065267053503,32.636509757293666
102.460924251606,30.585469632568792
103.06193937587861,30.693619443042714
104.12107681291046,33.145155772941045
103.72870856484188,32.03342605587298
103.09675699286248,31.115920042444692
102.60756199987235,30.094815476116413
102.83133545893506,29.541058087049954
104.29888100795434,31.81488865138122
102.46997578160247,28.99587248287791
104.52513744946458,32.868037858668124
104.06144077455923,32.34235760180464
104.51975373719421,32.78053120107246
102.9984040023892,29.442422640403684
103.92145424463698,31.89131353454975
104.97447196778553,32.65529974087411
102.96640373123434,31.15861993568912
103.88237648581573,31.625749277858315
104.5379245156243,32.462457337740204
103.0967071399193,31.261399524946544
103.73077219971437,31.91584437017775
102.41578693501488,29.740673060430893
104.27915951042013,32.10476820242201
102.64028858634425,30.842596178793883
102.61599801278939,29.988850555442575
102.68283044192341,30.639917080600362
104.71390854788149,32.55399048661323
104.02644553356623,32.55968882222802
104.39598483252874,32.959116738143024
104.03685488884096,31.970875302265142
103.16692031772891,31.05478951923075
103.06223205906379,30.85455261385716
103.06387938125077,30.854427284982496
102.55431596260502,30.474703014794606
103.98874484946329,32.94253623178189
104.03138872772269,32.59856723738766
103.1046159175458,31.12722877091916
105.32302224908986,32.97303115927294
103.93638107262097,32.046180420669735
104.67156977091196,32.732270206881836
103.88372509084233,31.350473981627438
105.34203209597244,32.86233957509848
102.51189813089279,29.866224435684508
102.55818185226967,30.57444514697803
104.88943476853088,32.72032535601047
103.92395354820312,32.11096412218153
103.80669258560279,32.54215236778677
103.93580945522822,31.550667475705243
102.42634653327076,29.049034170417077
103.90301457837299,32.17100432978301
102.96297015190984,30.792022039689407
102.92600907357408,29.553014465051596
103.42234888563883,31.30496179590488
104.69032742614587,32.78856719712645
104.09787765460932,32.790866437983496
103.44116328952431,30.845060659583385
103.96389606660972,32.44997479783551
103.11360831786361,30.833935067209804
103.89762769875729,31.990725399561004
103.9889933355591,31.560573647742114
102.51720955063638,30.52238953175231
102.92288717937707,30.53890316977547
103.3156571916639,30.704761887662496
104.80860206689097,32.604784686143915
105.48288540863051,32.96598562398583
102.29536107308475,29.899366792561114
102.47944826138902,30.6316447553213
105.54718645726943,32.743763510713016
102.81294386838466,29.51640239635027
102.45003368760162,29.90581136425287
103.01541536335651,31.10253586320009
103.02112101583056,31.165380433938658
104.27298764940548,32.27113132059309
102.62003881442398,29.73796139751804
104.03991493418872,32.69359067029019
104.36924276315271,32.95480502840554
103.86041312163604,32.69018181857343
104.34001188339718,32.06749552126576
103.99524295531998,32.26808582646698
102.55732245705528,30.388954603156975
103.25725591280336,30.979802918793972
102.52186389502454,29.866222244116408
104.93863321800124,32.55478631625045
103.86617377045037,31.92561767353023
103.93442931689135,31.435757201893498
105.49899598354463,32.77347562068154
104.67173631568356,32.643000518374535
103.99808898890349,31.888257518701682
102.93832788214442,30.774264486099035
104.03042056195034,31.84060579746822
103.87890991330764,31.880253429718355
104.6277254120285,32.62968379878222
104.13309695062414,31.666229189614626
102.50692935626468,30.140029816372568
104.56812861818867,32.60565446422758
104.0540101792039,31.60715773669735
105.01263854858396,32.629302754938614
103.29309724936715,30.856315533940617
102.61274647096936,30.718198126769952
105.63534267657593,32.853695236848445
102.934359475188,30.93043793308508
102.96112865139209,30.77685601623805
103.798923770172,32.10236982750985
105.23710933444117,32.66231139754852
103.85430676382377,32.5830417559934
102.71794029257764,29.59101877141371
104.04137073775212,31.5781136546957
102.41252841096214,29.068399346792926
102.63642223401514,30.138339087311895
105.61818655017831,32.89616264523959
104.9719487737837,32.619657792818856
104.04742850942095,31.7281996804243
103.84511070374072,31.3566744573009
103.31040385671068,30.763848244618174
103.93932212852302,31.48091010778911
103.73502836711658,32.07702193895733
104.80863960407503,32.73739262058791
103.93982389038578,32.26545449130604
103.29024948466054,31.068888211578223
105.51474633704989,32.7505040523785
104.5345880502707,32.807125486076124
104.22796892736639,32.760708061962404
104.90730324819725,32.623365187182436
103.9892886073722,31.609780854668855
102.96423712434849,30.676201434886202
103.95229928618856,32.38387008222066
104.18147489887136,32.90680862550207
104.14344737304815,31.695849446142308
102.43882460972306,29.92726174461554
103.1016414104821,31.180017677930255
105.491249649987,32.87345819695378
102.44900388214539,29.756325771822837
102.56064203633127,30.06206066518958
103.35473379680967,31.363215448734486
105.31390472262186,32.76467302869776
103.00942936961765,29.520416422175515
104.25578988767455,31.750087434438626
103.9891898810664,32.08050456632761
103.98229417857989,31.569116922513043
104.11247394475704,31.632578593092443
103.16651007693588,31.137123536955613
104.461132358258,32.929805783249705
104.24993897134576,32.235377229310316
103.34085965295733,31.132553235844902
102.57611677393842,30.454782607936124
102.44083932729089,29.78612395543375
102.81451485570554,30.938614365757964
102.6381997690297,30.238733079798628
104.51547836003849,32.78812694448687
102.49504857625793,30.49266705563133
104.30448979422846,32.17991271025022
103.81177181285261,32.03886009423284
102.54185922539531,30.37919107486431
103.1196463039751,29.505303994757426
104.31794148101828,32.69789010131221
104.14549020323985,32.78542459032179
105.36636759338896,32.84414043123782
103.09819605082834,31.274022948841882
103.14583075689293,30.70622390290452
103.92032762438511,32.15791560482058
103.84668402178845,32.05362022702979
104.03323883614974,31.59678737807431
103.86662942677458,32.409810694928986
103.76821505928343,31.88673149086902
103.75085042847844,31.345703283936487
102.90513960396558,30.87516941601981
103.26947121931387,31.25497954740298
104.35143370061039,32.971188958187675
104.24389997088984,32.2703957158388
104.14613220782802,32.455336689363946
104.36065456767678,32.95418098161707
103.79912062756937,31.505913468481296
103.9725321315859,32.8190784272522
104.13800070452773,32.54486586249271
104.0605474066164,32.82619722376548
103.85241966458274,32.2279823225359
105.1936638181291,32.9054777260432
102.66359801344814,29.944875377777823
104.50354503876916,32.751622277947014
104.24969489304479,32.1300137641008
103.28326137494008,31.129824885523693
103.93714097985793,31.908717192209977
105.02298852440703,32.64770099566785
103.02416413931293,30.485946596639735
104.30278553170797,32.782190150476424
102.84189392899196,30.520581193126112
102.65022802730371,30.517202966688224
103.05891655973711,30.534774439366934
103.22926247621331,30.987380101677374
105.58827893484278,32.94853671396042
102.42741355644164,29.02257336741401
102.55761267771487,30.819270252713228
102.69614736501319,29.595092095270232
104.36395428726613,32.2521619833619
105.52490122076047,32.99502870077775
104.54834656022234,32.867561306717185
103.914854313546,32.358139765863996
102.57864866691739,30.713912270155745
103.19873823193913,31.12242926426118
102.3901988201399,28.900754639034798
105.12401071308368,32.63398074940578
103.15573717179547,29.469912879231277
104.11594704700056,32.23445462102767
103.05267675261362,30.98724815791587
104.57719451451253,32.652632512559336
103.88143677172432,31.707232165581893
104.04213854965731,31.671004999170588
102.96334980765012,30.82578412691017
105.27166804324136,32.84606538130464
103.09860021918735,30.749946380144102
103.05555468631053,30.789963396453622
104.38890830496396,32.75228340254614
102.63811933333331,30.825145955383864
104.32148033449346,32.760261345667075
102.4777649242261,30.653949075061554
105.58366325919332,33.011901863520755
102.62517415541127,30.76952483292463
102.97866244582858,29.45383466331148
103.0535501189346,30.925887443592146
102.84817153521675,29.55257684113025
104.22508118647222,32.75758202445926
105.14099749783536,32.83061370389261
103.08784743287384,30.532496340560296
105.34303347538344,32.93801340992797
103.00596538498053,30.511208090820244
105.1510307433633,32.65486887917678
104.04428653639934,32.99854835451428
104.06508633950696,31.680025054580582
104.40655366541557,32.81352937425698
103.897536319298,31.98506126126231
104.05528142782656,32.14417992704165
102.71189210699941,30.706621792758405
104.35364930603475,32.278013142023966
103.71223495633986,31.24509666505211
103.16928328074243,31.201751752417334
104.06523574000559,33.139226336200515
102.47261667023814,30.45151932344104
104.05541655991208,32.32857303459922
102.40079133512907,28.992632101911912
103.16844004654743,30.943385046253606
104.09292659797606,32.23173172285311
103.39790433363689,31.063660347702836
104.71627312462893,32.55686226480876
103.80567669730279,32.572700546025
102.4277316374685,28.927889769429076
102.54172506395807,30.529697356572683
102.99487210917397,29.632543955500935
104.12518280814953,32.44123959501673
104.10050882510977,32.50650671829149
104.31128157087501,32.64681024106898
105.55195943239242,32.75162618859975
103.16613937323648,30.60707129707228
103.18809684348611,31.214046003192635
104.85228202540797,32.80549743771374
102.49456974367494,30.22008105054286
103.96312106013934,32.41486320987773
104.31390371991617,32.897944380002066
104.80213491129474,32.73253070726039
102.54922691952622,29.853086357830318
102.95519795076243,30.430708384304957
104.07552242232916,32.53784433484664
103.53860307430476,31.256586683425002
103.57902811083606,31.17225590360382
104.08894917682753,33.06701627206026
102.6263662560764,30.267002246011412
102.69388724015704,30.676809306062747
104.12354205349293,32.444968589812106
104.02922544975179,32.219746142693886
102.6264237751393,30.33821134329901
104.0214713659214,32.64769348337779
104.19026994442792,32.26438512183247
104.1596726601124,33.103303847343
104.60934528767726,32.681851703109764
105.21966059852781,32.823619220335644
102.95597251839982,30.93671084107615
104.95186278565399,32.62317279603922
104.22879585942623,32.91984762762492
103.98329929934165,32.64806791800115
102.66683962266276,30.76456458565837
103.91116081950068,32.42276408140227
104.10270909208518,32.61081605041194
104.15090164589645,32.6697591255711
104.29622612857902,32.67737910971617
104.7556635776626,32.60362266907784
102.4675771472573,30.228627979554187
102.67325207029003,30.634690802326542
104.2305194488285,32.252997243686266
102.45190826917349,30.193752890389874
104.33711288534104,32.742814830257565
102.63225631195338,30.419855848012293
103.84409464585572,32.35165133246565
103.46601794100012,30.917462066517903
103.34040023529904,30.8688133610655
102.4773491763887,30.396922247299724
103.18027943253601,30.7372049684106
105.52526691269811,32.81347906254857
102.35665275735144,29.96527614832747
102.92472523641752,31.210485804839116
102.54009572842186,30.746967853362683
102.33720512754104,28.88740011496101
103.88930286217571,32.58356571654847
102.99109161631623,30.699676562539814
103.70401139067633,31.211928630058754
104.0197261231818,32.4954567886138
103.91456080933429,31.372959273332313
104.12264095076794,32.7225965111316
103.43239142063686,31.407779312833874
104.86631883779681,32.76682555768471
104.01724660970132,31.52876776336974
102.52818943641029,29.71753683175041
104.1104389576565,32.35692160606435
105.11151105915168,32.58184968706406
104.63803087053287,32.65646677182773
104.09574626047808,32.3937332884422
104.23954921443206,32.096753281245924
104.33210330992941,32.16768624575616
103.0958045481731,30.952427320055605
104.19742371577291,32.24198897538058
104.36994998297506,32.05287957441972
102.56582647692308,30.13484711300642
103.7299545976265,32.04923754712636
103.12177077146045,30.71140128768445
103.91773762407628,31.587596444025184
104.1381770013307,33.118942211969596
102.74964905344342,29.54746637825983
104.34308806357518,32.131978642742105
104.40121545125884,32.59197312569818
104.08178821901866,31.471232214074927
103.39186770908691,31.255184612516707
102.80549621369711,30.472939548470908
104.77349279104625,32.57235479089316
104.00792835114503,32.94393192038408
102.8480607773795,30.766743826376608
103.82482615108923,32.48509165077369
104.68361239678659,32.61808694374138
105.25452636821885,32.618558442146124
104.05954117454323,32.801216557004956
104.90260437959466,32.76753533044802
102.60124856964308,29.879787899036653
103.31558280785347,30.85769583540913
103.99512796931768,32.67660704181877
104.06756559606092,32.269270912767176
103.39042208766448,31.285809093622177
102.96717653156853,30.525913591682805
105.51158372011274,33.090577692767866
102.60614626361331,29.687032277324114
104.15852308212695,32.944217258491086
104.07146288061841,31.881230022509794
102.92309083197773,30.34035791471641
103.4193571152073,31.197694166051416
103.99332183559254,32.64404825670172
104.35790962860538,32.61593124777046
102.66931939206145,30.398347639729927
104.19659063755006,32.98035879613176
103.88581849975105,31.73754932865573
105.32426941470739,32.73717815695882
102.96038488696948,30.881051184043738
104.78844729556202,32.736215928594675
103.05156036259399,29.52412908286395
102.46909422155449,29.89426760154943
102.5563905207154,29.69736339053132
103.96433880662784,32.16831726164244
104.59423170596882,32.77048866959931
104.05217396477528,32.43547027479403
104.9336775039228,32.624651935906144
102.70651755788218,30.339546852399014
102.96511933752885,30.55974391131034
103.21175566609163,31.30359164743201
103.76666771837438,31.333196381175433
103.29464084579106,31.08645761078881
102.62988958511963,30.808714555120904
103.35246653040132,30.963487807935156
103.89789450642394,32.587607210035664
104.125559652701,32.80432892959506
103.1029056495975,29.45819284759944
105.28099274555296,32.73127877157426
102.85542227208924,30.802223267680453
105.54278266612384,32.742456488181936
105.06195000940623,32.56324199960023
103.12704664541955,29.455889386504616
104.19341309566083,31.77864170634202
103.98823420220037,31.53031426645944
102.54829673295971,30.385350046494224
104.84344710157121,32.734143195774905
102.26448711801474,29.07223852564034
104.20969714579569,32.74292065672222
104.19166135421061,31.778069394548417
104.26279018630346,32.109715229811314
102.92856710907375,30.786321972142492
103.09537491707091,29.451184506870938
105.23554074996525,32.70126302088008
102.90978526615031,30.95612465035437
103.19044750876623,30.657555953194176
103.38143673575257,30.911792537251713
104.05492172875105,32.39686948945518
104.24731190501159,32.11829004093345
105.3962656015358,32.944942420519624
104.06856033192007,31.449717552920166
104.11028833702566,33.0445043271063
105.37355677131086,32.91769978670848
104.08475166633883,32.20322919432999
103.93862547697192,32.89080155478902
103.29062144960082,31.28624707148663
102.8992996366825,30.53322223060259
105.4212488525204,32.820935277332005
104.29713206355156,32.97080792860251
103.89128295421891,32.30583813832783
103.13969087997086,31.063146894601143
104.06269835874646,32.030134562023775
103.34310269249022,31.018776058008907
104.95242371004149,32.58048084520419
103.87956568293349,31.876568081789642
102.91274268737315,29.609631375952866
103.00142577710206,30.663917325254808
103.57384017893921,31.266592237682246
103.93661957035978,31.87764250144476
104.0004976975226,32.23431534112923
102.86922576970207,29.614091208471706
103.84075919610339,32.661955619203376
104.45895087270318,32.72402715390092
103.9807847733811,32.753459567005166
104.34514953078283,32.714315430924735
103.85328214433133,31.84889076643766
105.54098245208301,32.73180708263572
102.62564213442614,29.677148559650334
102.77646315015899,30.46570596927315
103.94393239790608,32.09180471994111
103.9064454341789,32.56478915796957
103.75066021462952,31.916099989974626
104.23703160084297,32.902851256002734
104.54568568076198,32.801728004706234
102.53016453993395,30.275312460567385
102.38588631287038,29.091364701546528
103.1386853436923,31.009492026877812
105.56159198665299,32.995079261614855
105.57354707794133,32.947298473459085
103.85162033325793,32.00692213514988
103.84823977197968,31.443566496777283
102.95645579049224,30.467805667753343
104.06451312773508,32.04054752497481
102.55502762230374,30.164922321536555
102.32060110892954,30.116457009609455
104.10445515045973,32.886496275799416
102.70073863245881,30.84857321010844
105.18369025884914,32.79604817395647
103.12451561247246,31.079165672611996
104.417669244131,32.87596982290486
103.2086287471944,31.20370915228579
103.88067499203007,32.123723835507214
102.27963259941906,30.073884641402728
102.60977682810193,30.719840556783176
103.020238447331,31.02416760880524
104.14741988319909,32.288083226457516
102.49304545403115,30.27500460555918
104.48282866192288,32.642087996165635
102.63366900331751,30.431786209852177
103.03378303335185,30.77493901462054
103.9892948166898,32.11121651209238
105.60139726476282,32.87937366719433
102.68101805127903,30.35145655790483
102.26065681789856,28.905431194066637
104.04498230444572,32.27330401902698
103.77829220117822,31.804614234162642
102.34608451139242,29.912721454872194
104.05751890709136,32.130838698897975
104.31343888814907,31.75789556199606
103.98868085630727,31.868117354234762
103.91213325618256,31.69472414427881
105.29190637390828,32.83312788111595
102.66964258607833,30.83038440679148
105.46771536472046,33.037005428467474
102.84116032350597,30.786333476787643
104.53568039683401,32.64535555963439
102.37502350448028,29.83897734051481
102.8596160976143,30.84799222658173
104.05326553323005,32.768496462271614
103.41330591550235,31.367212588257086
104.15881284006741,32.55220260561394
104.04666374599489,32.311919626326755
105.44215653769221,33.02664472655212
103.89220745233973,32.131344994971265
102.59040534391764,30.732641600605806
104.41563393919844,32.12993534068231
104.55696524490745,32.8889218742298
105.53899230574277,32.76770648635631
104.22962677761615,32.980258805388715
102.61191819616201,29.931749295198898
104.9861182180214,32.64046509536749
105.5843850216937,32.978457475646856
103.35726858467801,31.27346827722996
103.93800892017832,32.05167450964797
104.62781749399011,32.493262584387914
103.10495867868327,30.988413133970052
102.62825298036903,30.51336625935143
102.64062369024792,30.16830706439771
103.3089092065074,31.09154309849844
104.33673348630923,32.227186747653505
102.80601282611757,29.513978871607662
103.08693170723821,29.51469673934808
104.63304635974734,32.64378251979972
105.18670892774787,32.6644333361638
102.53778390673813,30.64417462337323
103.74734885973415,31.327078889931663
105.25032828846714,32.683643202903056
104.5072611519802,32.547073812960214
103.08299339826183,30.825276151452165
104.4816402603386,32.816358116697835
102.48369234334673,29.858663631445033
104.8421455374305,32.69099535022368
105.43261108540305,33.14304678792402
103.39198127153004,31.34030400996867
103.97624923533053,32.45370356881951
102.55774471049595,30.363518089515335
103.09896997883301,30.6909768367349
104.11624886319228,32.99071121055885
104.07542512586205,31.74401917900988
102.32919803233706,30.00421824910714
103.97333306796594,32.09860815368812
104.03652439246446,32.641659162182286
102.72210671254244,30.704945898970628
104.04583821626065,32.182760327159386
103.04616057358969,30.590761709352243
104.96721162305185,32.56630613980319
104.04958498246478,32.19108774095541
103.80327777982957,32.55143540920401
103.87246651711277,32.66883259750822
103.04028615985882,31.17907378808888
103.46574562719793,31.430021148819172
103.19905047752422,30.653266187272074
103.94438343697817,32.315005622273475
104.64755154759756,32.83812386566204
102.32792814898035,29.9299836589783
104.40406008224593,32.511419868805234
105.27662310809966,32.789765333032776
103.71729592691926,32.0348384612927
102.94006264978054,29.50621923562934
104.2896571476141,32.291339952624355
104.02702590733718,32.80285816832856
102.4782075342955,29.995042370456225
103.98929959120862,31.633568175746774
104.82183964037431,32.70138840663462
103.22879374325913,31.14832028523513
103.28581616711247,31.308295294423406
104.64687633691352,32.819370945989604
102.3240225453347,29.82109212508207
105.22515837719672,32.95163750864384
102.6383522693408,30.33739395927096
103.91367670429706,31.462880448829726
103.36893037882287,31.03855158335849
103.86855928746984,31.774918379621255
104.73581999838078,32.55683736443063
102.97928535715191,30.43137137312783
104.28196246590599,32.2874495682505
102.527639713533,30.656754433364846
103.74837718098931,32.13921781699019
103.84125771848265,31.74578905703593
103.04028187495477,31.280846406172405
102.89550426960065,30.651517909460964
103.83130892173808,32.51041623889866
104.5862932392475,32.720984607551344
103.39545901820743,31.158173020086213
103.90852520494111,32.211475701790334
102.5991498671408,30.37363402681787
105.57726300971582,32.88999849419247
104.20031365110715,32.33478725197939
102.71903457457898,30.874431221642833
103.86442944485398,31.708529223054732
102.8743264966169,30.45026903283282
102.49198022442486,30.35009721725584
103.69224089856844,31.322737820586983
102.6122661391311,29.953692521728897
103.91934433408743,32.88924112813358
103.80073810178777,32.05036047220157
105.43278745372332,32.80554440246675
102.55229322989692,30.25307470184242
102.73759141155425,30.384128610521486
104.29652982850524,32.91078152977586
105.55951517886008,33.00674376475173
103.66688381257462,31.340941589294673
104.74429274892121,32.76297969100452
102.51328386905395,30.114362375738654
103.5910624278266,31.25033016821932
104.39718203945,32.733404062503375
104.56071163511149,32.68385347991689
103.18836191610366,31.316995382449495
104.00689194687355,32.33228789450591
102.81238712131793,29.56770830085614
103.8274195925029,32.49221448695136
102.47807286912233,29.900707770629943
104.10294924906349,32.36878042445147
105.27370321663072,32.610523490374234
103.23268534349235,30.847173131120265
103.78672077564113,32.014530689106195
104.09670201668422,32.182800480279546
104.10612782863116,32.53572383503614
102.8352480365522,30.897532722062337
104.09023591497827,32.253195067602135
104.63227994795439,32.474764393495605
103.32230772491727,31.247027121992577
104.56662960570984,32.63362454311459
104.29673050075912,32.74568163422991
102.47090319437496,30.456023891800903
102.3687579512414,29.09883963309079
104.75286321931671,32.64378848193453
103.10501240823083,30.45776530371649
104.23881353150459,32.637836793748896
104.47428639356623,32.65819629314016
104.2602167260723,32.51850827100561
102.35352552531903,28.89705404863488
103.91993294381162,32.317464582925666
102.98736391626696,29.63516817686791
102.73263658921209,30.835400581134344
104.1461053805651,31.684228793017468
104.85007291029127,32.69570653589949
103.77247813289057,31.955054190377663
103.77710105565382,31.889933063844147
103.95176643244945,31.895315838375637
104.19999128992897,32.803725270153606
102.5948327285551,30.133823363890677
102.82521172144911,30.884818023808677
105.3813524467028,32.79361420302567
103.93705086242578,31.846430543248037
104.09568212419788,32.543644856702315
102.99657938884415,31.05666423285303
103.02228661699509,31.2635396811769
105.15786064931757,32.94296079604779
104.25616758401443,32.562125292122126
104.15251159858887,32.98941967988368
102.44181959321598,29.982379049015325
104.31465672194302,32.593797897698096
104.10839599016563,32.012285509516474
102.826132851522,30.878169765440465
103.97455606028096,32.333079987371065
103.36582112444958,30.731074267433183
103.82440650328498,32.10421123209414
104.6451123214284,32.666847078351324
104.02225440399057,31.641157847337112
102.39637102709143,30.117604837043704
104.46478216937781,32.52433718466748
104.03859925618195,32.225778567001434
104.96189806502827,32.71026567730296
104.11061836780267,32.69898996693597
102.61722544915438,30.278608754597304
103.85072812558636,31.329781321604568
102.82926256689571,29.61664538848345
102.54024602891074,30.307444337596625
102.90295348027324,30.39738779901413
104.10419097845511,32.39367059833686
102.9417528798753,30.70129437923146
105.0999059305426,32.89319053345057
105.62355070228776,32.86021998333051
102.3663683965638,29.96717582954198
104.6004306179263,32.82052857533114
104.24098946932926,32.80206200664828
104.39917576606126,32.514721984208336
103.07080950276324,30.993692332814145
104.41339109045795,32.10292839594936
102.66479972594547,29.675284021237815
105.5004735637029,32.786242549536425
104.22756817845271,32.089160482166854
102.47020965226214,30.58235930754177
105.21303299545394,32.876552016619186
102.86281973221628,30.83622528750793
103.17813064399323,30.647112572790853
103.03455040411546,31.23998928396061
103.04429471529606,31.046927789806833
102.95836232176062,31.22735748505423
104.03490932954232,32.576488095588
103.7342494301791,32.04444114647268
102.43929578947419,30.46614355832045
105.37208745244058,33.03380755318057
104.34244062983429,32.10882432022909
103.0606175830981,30.981240900203964
103.89804390884578,31.80483738447512
104.04967139283083,33.20087082452701
102.57809671081678,30.58798838233465
104.8822873448903,32.764831830649996
104.06703444703209,31.66181377593849
103.66694483302584,31.321433675552054
103.2582891545352,31.04365968230872
103.69475932457935,31.305137969259064
103.94754672793955,32.36085834630901
104.2329275621267,32.84679681482485
103.40194172215664,31.173023299383114
103.96087619961399,31.531706971259172
104.23873871613907,32.93592250007485
103.98813172150409,31.984804952104035
104.14871572927095,32.61828145358595
104.28832798053067,32.26289358102244
102.5592006441592,30.809978352344146
104.86999566018753,32.79216539912774
102.91629109189537,30.751061921960265
104.71879208793872,32.60934648282437
103.1938995093366,30.97834339964813
103.20036864136996,31.100059165693743
103.13619971567569,31.153388552996333
102.95683097160675,30.541150407773994
103.84246331747192,32.46316057048054
102.42618565246241,28.91063387915577
104.10318878106186,31.76895782197768
104.08788469335663,31.878235707379886
105.23434575304805,32.927754864796
103.92985043194717,32.63945890964199
102.55904339603565,29.734059817256508
104.88905943581032,32.63244732466495
105.52656315153052,33.00596164951105
104.19943829785515,31.668377259837396
105.37884874324973,32.88205901081537
103.90951675484854,32.762474003355386
104.03358300199079,32.56957880762816
104.03371149604502,32.18033579659216
102.66680226076821,30.353256116031865
103.20295521345908,30.829703060126384
102.63644162853154,29.966029253104594
103.75981455386862,31.342771565084234
102.69478253975495,30.285308368274812
104.01722270542639,31.491666778749675
104.52849370730742,32.71701488935352
103.745866055658,31.348334499397534
102.41657389887078,29.80326217433465
105.6252910288886,32.90418421037289
104.17941694506422,32.76865792694708
103.08919186887478,29.436593399153985
104.14707715092294,31.741541535335582
104.75803878130529,32.75010676687815
103.98475371060869,32.42078771510236
104.06763611395031,33.08854863142419
103.06762839719804,29.484421998985603
103.03528040608536,30.95945779522258
102.24089870956588,29.02875305842104
102.6791664439455,29.960466249051038
103.06475992443985,30.428197811227175
104.32921309666146,32.71263347073658
102.98412634153705,29.60265491814417
104.27263871770883,32.06206204824716
104.03174888207572,31.888496332731783
103.08688396103375,30.768277478259648
103.8424206950567,32.62596027557048
103.96111575508415,32.81222621966421
104.7446040917485,32.687755534858304
105.00355106629738,32.61396501386666
103.72173568699942,31.897702658204867
104.23751457145232,32.73155865607811
104.76979437601666,32.75241597898933
103.925426975391,31.77216928914512
104.54563118026918,32.557755374002475
102.5250989673379,30.69979422997357
104.10639549368881,32.68915229824083
102.60365245618698,30.27976354461535
102.43750587532583,28.995911509240074
103.16795063599153,30.95454407876779
102.72830992398937,30.622583588793695
105.38127742001423,32.87669455972378
102.50329227223038,29.716291007433405
102.45372203764353,30.15536288472377
104.2211090122472,32.97919509232603
104.51671745636399,32.649374156824074
102.73634307171112,30.251150619651455
103.97345377338357,32.7552681334714
103.88155425018789,32.267856181185195
105.36941314922626,32.98519601026868
103.92463417807794,32.60851525790934
104.1273989198752,33.08905037312208
103.2187520561311,31.31744506466758
102.30389828704794,30.04874882249527
103.35527346854418,31.040000139196998
104.98219237810537,32.717258608404805
102.87230956877495,30.82020985701004
102.74986853235124,30.558816644076515
104.2865548018035,32.946535425967475
105.41103886686888,32.87990688923816
104.34114183890524,32.60592216715879
102.60930471589393,29.880877185410984
103.35898808038426,30.811391979605503
102.54426191931212,30.157990590563532
102.83800464470863,30.75049035721527
104.02911236065103,31.99690166953246
103.88355253515019,31.36222613734975
103.80915040582173,32.546165651421624
103.3080778104484,31.28363506521802
102.70055075263099,29.613592095141772
103.76673187587843,31.451331210262012
105.00217561815111,32.573757455792546
104.44901556866805,32.831834243758834
102.97573506965533,30.914918545175393
105.56670150362206,32.87515828975921
104.45080683978316,32.0859062500998
105.53806580793092,32.90699008143452
102.76101055085421,30.89200126548077
102.28158370311462,30.05341807380062
104.51202438411559,32.8128572152106
103.93362994132663,31.93327007443939
105.46123127539235,32.93769736767529
104.17300981487706,32.28516152712728
102.5492381767862,30.347039322273744
104.055925135832,32.59683333221021
102.50395209523182,29.880053770623206
102.94682149818695,31.124889691651976
103.14284409489473,31.178659017633297
104.0012150437929,31.946495695598077
105.48648387557647,32.99938188074809
102.67047301806059,30.651944111743585
105.00494035686961,32.60782664062619
104.48107205879886,32.6845955027591
102.73260269013072,30.783348743180873
104.08995374302316,32.51051030678705
102.88598113354664,30.517604281811423
105.3924341571816,32.72768483999396
105.46164625035455,32.852478828396784
104.60022918318973,32.560991509181974
103.94429005202646,32.14633282122162
102.6259941178531,30.14298389990264
104.28206889747139,32.053661872091695
104.16684295337667,32.64178379329226
104.00457365654492,33.11616602686233
104.93753286166668,32.66209098930994
104.48429488193179,32.62803967386907
105.47353789623253,32.92430358696425
102.68459708870562,30.494636846403402
103.86375630930206,32.292019324311525
103.27032054876882,30.83023915954038
102.48343358767265,30.137106457016454
102.7270970630237,30.755166290381396
104.3761178066321,32.66866443751531
104.15014465177046,32.69602887033836
102.91148248051626,31.10216529361461
102.87981077295565,30.717360215066062
103.23851535373005,31.370593971223542
102.71302945186925,30.252340923805114
102.3797394504889,30.196325132108708
103.90091686554732,31.534603490338505
104.768010688972,32.720810130670344
103.17845105961477,31.085329970422322
104.75244298425869,32.754867071698605
105.50376276948018,32.89216960682933
103.12373701072846,31.186660471463004
102.48346738875361,30.033921571217036
105.42099953590511,33.07312364781091
103.36982700703281,30.857567569718157
103.01698835984197,30.854315581278605
105.51024754199862,32.838541686567396
103.02994514204403,29.54172855873059
102.49041821552755,30.44570110325117
102.35070697885345,30.034314178178917
102.30902063171486,28.952539805426564
105.17959697982909,32.81637936936024
102.53825839951924,30.6017126188351
103.2607015298013,31.098674295959743
103.00614756929392,30.941138583240733
102.86730556806296,29.530658783427825
103.72024467124757,32.03440355940985
104.8648135002206,32.80215765114852
102.84085588306839,30.885710767726938
103.96287721014728,31.565157447474867
104.25394777733713,32.64205842946913
102.39213314725517,28.901516473648492
103.95306260924589,32.78117000000844
104.22321028976435,32.612260837585765
104.00035988712168,32.60161890907633
104.11559372129202,32.298367477594624
102.50909428873995,29.729423345545964
102.70605311123327,30.21675645134803
104.09364432696094,33.091116909832344
102.48338961194008,30.552039942437784
103.12876519154105,30.794170305023833
102.96961461647004,30.37747394609125
105.15006428780904,32.883715817956954
104.04163398161859,32.03564693803875
104.2102516342171,32.5834175532051
103.41697406774546,30.844032280896133
103.79042698890835,31.42242195011967
104.84226716977307,32.76057730221612
102.38833943828581,29.98092568969792
103.65254292327468,31.250626432011785
103.22455528426315,30.694263941177017
103.51910169549919,31.246683621399686
104.76716135268221,32.725625050760975
102.6919083032291,30.642441304299687
102.2392090184489,28.99667492050978
104.760259682409,32.5596862706395
103.89076669986919,32.258620521113414
102.36855009919078,29.798462220467172
102.96148425179675,31.037740894367968
103.34857321536168,31.173671403774957
104.11847561897417,32.30721548295496
103.88022613658508,31.99437449043478
104.45290989826881,32.83185914948305
103.35221370007366,30.729577127486234
104.16561230594911,32.331633898235246
104.91823788775386,32.69493184618071
104.1527745902399,32.76228126954929
103.96669191459662,31.977370437765327
102.51245435917465,30.40993156645815
104.82979557570994,32.72541606308064
104.00830751093285,32.80999489178801
103.24930591675005,30.796599750475682
103.86204334260692,31.539346921586738
103.4062866200446,31.10955460983792
104.27988278812835,32.513251973435125
104.46870230304353,32.829224983540485
105.45140517125355,32.85312448502553
103.73080385021476,32.038837195633256
104.86043198809588,32.793038393338534
103.91146533557817,31.72114200400505
103.65955944855851,31.278527399614433
104.06122040764603,32.22773352031829
105.50823928813546,32.979547254131354
102.78354369595503,30.66699395924523
102.59851997050076,30.726001299514632
104.03319361403905,32.427676426703854
103.67796903891973,31.344672441952333
104.04838841132712,33.017891857919366
105.32163124553264,32.827247044248125
102.58300813902699,30.286987780700596
104.02458527543135,31.959805161166788
104.08218966199485,31.743641630002138
103.89244037523315,31.573345519033108
104.19052343824163,31.73803921763608
104.32493410395166,32.90492051387229
102.99319463545866,31.12848102860267
103.57095489679507,31.215494769370125
102.87994104635946,30.88596849584739
102.42587145198522,29.873776583517408
105.54380655384152,32.73752105744202
102.73907843905312,30.870761699107142
102.52931192365133,30.554927758073777
103.19654259122068,31.02826501481088
103.5662578288437,31.275246835644403
104.96843533159772,32.653428215007175
103.66202383348757,31.128804924753663
104.23259637231673,32.25661454765104
103.8577951503807,31.589100484464502
102.70360273745541,30.362794344225954
104.1710361075254,32.203242841742615
102.42516255241065,29.939950989355783
105.19022409633145,32.588253688771694
104.73063226681224,32.75578901415071
103.88449369853056,32.60793955277578
105.50465502117027,32.84856120756899
105.34311707451535,32.839961022298915
103.27468298069395,30.939891425031256
104.02308199782462,32.146147434564654
105.60237200925754,32.89195518492361
104.0979006545708,31.698604875210233
103.78872510464055,31.849121127685592
104.09938140257847,32.89696063651021
104.0032207030729,32.75903797499262
102.53233425228896,30.351851860511374
103.92804222927137,31.491829192314555
104.07920691438711,32.916859726729506
104.10720273730735,32.60337213652186
103.9781199744205,32.916224180442484
102.56416108007248,30.362936053230644
103.61208954205269,31.149136592152782
104.54455083078395,32.70270459857081
102.47652900174201,29.89302725247942
103.8387699459757,31.518237021104568
104.99754115000134,32.71001272435669
102.57430279287125,30.415080863895618
103.9468760963979,31.50593903453844
104.22682288513204,31.7981176437563
102.65183201346318,29.649799154773028
102.78747942393292,29.490565031841868
105.21560728416502,32.92485097128258
102.42074743475573,29.974592742196922
104.02257455155906,33.093380483545346
104.12505711996849,32.2422181414856
103.97513953831289,32.056058529207995
104.05054419731479,31.414104588153226
103.21376673593197,30.95762201550765
104.2059643949479,32.7996321520154
104.13435492368015,32.702406303064635
102.39879652689537,29.746407703383753
104.65150410913769,32.78795965311563
102.6054443671235,30.740648800540267
103.06147578481173,29.528922521185297
102.96495354107829,30.729385874823947
103.9744183840443,32.696157749718914
102.95184909791243,30.415763681784366
103.78200137614645,31.85501670264284
105.22458154740625,32.628622203032634
104.29225280237623,32.540209936286
104.95413719095501,32.70690332526397
104.87994696180722,32.61752814753106
102.9437341568099,30.707852575806193
102.60736061445581,30.45166422062085
102.60537506934932,30.611514422515803
103.69186082474539,32.00789393092439
102.29097167229713,30.015901430291084
102.50571875224347,30.63981205662711
105.62399872795909,32.88239017457266
104.10486830272856,32.631331281213534
103.10906311699964,30.64085432057879
102.61099009902787,30.628996119588823
102.6603488263203,30.82692373599382
104.54857704955856,32.66503324125074
104.04883728271875,31.64533386851656
102.49947887183917,30.244924259567867
103.81423260254878,31.93122707904235
105.23233753551442,32.61216675084468
104.47548724911879,32.95257551416822
102.79523104669809,30.517635195449024
102.43765620364333,30.43281393237323
104.30131370459141,32.769753902672015
104.38050582857785,32.12109283783752
104.20410005028658,32.247498918139556
102.38296823160063,29.007208065770207
102.81783719397781,29.561538056635317
103.14499385643599,30.620282283870445
103.27809887566876,30.814615898442003
102.29096186227487,28.958813024613434
104.17966135517557,32.38242664282097
104.23366831414911,32.722957720489646
103.93080331666752,31.54374936755029
105.50645864105306,33.02955863415063
104.29628525279163,32.76928479925714
103.33145546585537,31.308795595374313
104.25758429989901,32.257091193006396
102.72022364916357,30.333254487426082
104.03196888474977,31.58492069638435
102.80447172099505,29.615225704788234
102.55139201857348,30.716849068937833
103.24135891138306,31.177687399545025
103.19425695935621,30.94765208248301
104.31756111166791,32.051305788109204
104.12397022910899,32.19127943947573
102.80929063707909,30.652921273161816
105.3108135783436,32.75744800527446
102.52540602667115,30.50519772260571
102.57780864076736,29.946644612087763
102.4835387308502,30.395043060189007
105.39258491934463,32.80084442245091
104.97435709443043,32.56236191684516
103.02086644620677,30.837626604978023
104.25949715152029,32.53657647535101
104.29871490000647,32.8466896789071
104.21538861598614,32.17292693153991
105.30283981835417,32.77562165389567
104.69495690364828,32.48703639384776
102.3970854852312,29.795852500313384
102.9012822518802,30.779786233320877
102.64493502249499,29.71377934330995
104.1143701066226,32.65008664044033
105.36893745374411,32.71567300225621
105.48756555559036,32.785519272705734
102.9922529839322,31.301119727025682
102.67393920009891,30.29881602456452
102.77594851036247,30.203722058905264
103.01668348224129,30.84795347194124
104.01430550000717,31.72178649173797
105.25449006582804,32.61847072446899
103.35874545265901,31.07543060733105
104.8277114542118,32.78176479966632
103.29559832228662,30.635735573752903
103.48212935790492,30.940452559843198
102.97645212676522,31.191806478752262
104.4280668259844,32.61171521187886
102.50120160310384,30.720993505614413
104.12129337118394,33.09652511109722
103.0298939434203,30.67585833431189
103.78022426279868,31.85162219316116
104.02555231125136,31.52685266332985
104.1027361473933,33.06495817923593
103.83229430330793,32.445695370771766
102.36114198537183,29.009094264469812
104.54260203332971,32.826748865528025
105.23877960691104,32.807619813537215
102.98488653558073,31.166346798982367
103.33562377181042,31.027208118716217
102.3649387537514,30.158248813395335
102.52422318184931,30.251259489931066
102.60411465500741,30.750732577683515
103.05573985325815,30.75459298430971
103.02531714620262,30.808224003159292
105.24586332854099,32.66923206345456
104.44889255055787,32.821449496419206
103.31291884766142,30.940734786344926
102.67630324794429,30.66634266579669
102.7382417333897,29.637485156065438
103.16647256525721,30.87188599373641
102.61143192325746,30.735168696068904
104.15159217740295,32.43516328080839
104.06125741408361,31.74880172129259
104.2421522993658,32.28821254554187
105.32419786517868,32.633155431517515
103.02882629623197,29.462307800332407
103.25315119220974,31.20689530801069
104.2258355428272,32.79262656394864
102.99458905446855,30.531447977604053
104.09111923370817,32.6121807936049
103.9951156801131,31.56098689016745
103.07180402068902,30.956545993165545
105.45532919876825,33.079597743902355
105.44849771428773,32.95959460907136
102.98703663655515,30.777723466669393
104.11977740205728,32.553425294611785
102.70230839042014,30.750364219696806
104.83504189583658,32.61463841846881
103.98092229275635,31.685037892375206
102.75355867365555,30.817138736611838
104.83196337632899,32.67544640145585
102.52428542308675,29.94680250864524
105.49467858377824,32.81999033873464
103.84046516949064,31.58868967525512
104.60904118542403,32.869516610502856
105.55834846198752,33.01977574711722
103.93052272854949,32.336820183113396
104.30946477071058,32.541639316833795
103.19101170426163,31.299189833924284
103.93082659433233,31.883242303641538
105.03807605745648,32.60819454178407
105.27645666524998,32.9749239668329
103.62821831564304,31.27132157968303
103.97771381969694,32.78685193351715
102.73950390024946,30.658667519904643
105.52194925702182,32.90885683279518
104.11494405854643,33.022328080590775
103.45841606862092,30.83259515242402
103.82218435620908,31.954651096384097
104.48767789054915,32.84942241928812
105.17732306791169,32.83196837813408
102.90017768094718,30.832733694987013
105.10429003238119,32.92669140942702
102.59107258867257,29.833201546550608
104.41600118954021,32.61905310725878
105.18521563131254,32.79244444150319
103.25895164293715,30.781977705544055
103.8296191899382,32.247533536767016
102.31026116726566,29.83411902356007
104.37035882604648,32.52411238029288
102.42025789411956,30.0677487453516
102.48330891900537,30.60878206982048
102.46416351461454,30.37117682818689
104.08332072517473,32.393515927263365
102.7486981270325,30.178947095199614
103.92296058078006,32.91421309380095
102.99647401743007,29.4563860098683
104.34281036558693,32.23904780071649
102.91906270411415,30.444552031990487
103.09055103119258,30.748808500642447
103.11308404143158,30.857098831841878
103.89874734856824,32.732753405352696
102.50264916636245,30.35906684445194
104.14076175191572,32.73613166371725
103.39842023788675,31.14017919549504
102.81265755395067,30.441508371259456
102.51231316372653,30.285079127525588
103.78111225707237,31.47927987605132
102.64862996207131,30.15904069693967
105.09732766204135,32.90217880724903
102.80196598321426,30.76317907584088
102.60512015680975,30.82016970943321
102.65610586337465,30.76766092656961
102.67224761125712,30.2058745731046
103.16559481651458,30.931889655900825
104.02540208417814,32.30266423621115
103.81866643293475,32.50353122859794
102.37168066066663,30.209338618363155
104.48677012297472,32.946434748158644
104.31519528530684,32.20442466533652
105.25108717326748,32.64541876892844
103.84586721082002,32.638175520532286
104.05059976913871,33.102933076040685
102.62806022037661,30.113585227188402
102.59845133448093,29.935894790124088
105.52344934610042,33.02365174754778
104.26147651638937,32.28925129152128
105.42547840821024,32.8387270736537
103.91728453075345,31.65484972398565
103.08850746421952,31.15723452313821
104.25035250872402,31.783897387908294
103.85685360225135,32.335721853439296
104.40332785159438,32.28376993766768
103.26472196798467,31.209071881273186
104.7121348279513,32.74316451689392
102.44882514310983,30.617403425052313
105.31879527607735,32.79881068054357
105.44363578921994,33.02333753550916
102.40373429951286,29.132456639792455
102.49844992938289,30.52314016012559
103.25579997055614,31.150779488433844
103.28757106849913,31.015623676022994
104.06950114600735,32.49041156494819
104.03379405657537,32.36372172954272
102.70545414059754,30.768722546283993
102.40814197089182,29.82274113685542
103.13757148627228,29.457320663170858
105.36035728836185,32.88465475959368
102.67468566355626,30.58391908542136
103.17204101235407,30.975722107746474
104.01773302540136,33.103481002368
102.37186926721809,30.040772791876144
104.14961561369205,32.78106150525223
102.83095056028348,30.4627777292182
104.45571712690587,32.75621726386298
103.98666392915688,31.91306580465821
105.0696504429733,32.59966511612846
102.91917113179154,30.583357989764444
102.97855808167311,30.798975967376578
103.1711516324501,31.26612685585455
102.48470410874535,30.030506372916996
104.08511208718515,32.49923986156207
104.05762824544858,33.03351476166553
104.36146658506819,32.740793587980114
104.05022228277022,33.14777017376435
103.82675937444466,31.938828121174346
102.72441391839,30.335553321259578
104.06475834077472,32.6223495919722
102.9965990457772,31.135697214015245
102.53676841976706,29.960697660440314
104.54113712928816,32.73545971910298
103.76841661593421,31.264863938926165
103.96834743060813,32.26191336663454
102.38237657094328,29.942991352720846
102.86105191744804,30.522197152296712
104.1113411687546,32.651642605242436
103.08428497586469,31.030115307640795
103.29017995016638,31.312977096221324
102.41275496595087,29.108611865846353
104.54142634262742,32.57353702296456
104.18031626068961,32.732594354860964
103.28330065236489,31.04243053129623
103.62958749620933,31.237553923874103
104.34337724217258,32.26658668603588
103.71296157502344,31.29617835359754
104.71763070370024,32.561908101334296
102.63053569146022,30.21781360992765
103.75047084182847,31.35115429824232
103.04724227577941,31.239566161864943
103.98196907007531,32.68641091095079
103.61302997687788,31.141088976243843
103.92654135822856,32.094967656506014
105.54390089754779,32.73734110122163
105.36906908218454,32.825261083346575
103.98813698385773,32.00504038659522
104.39820911793595,32.861319600995245
104.03562413649927,32.07618716606545
102.70273556338465,30.74048317438372
103.7293963791702,31.911623040821045
102.94736476663691,31.175386877222085
102.35148919221655,29.86636625990316
103.96780546895391,32.078969994849324
105.287789424493,32.85051446126075
103.81834739655196,32.33081512390081
103.83777693735877,32.08834509714411
104.35237024032975,32.28316014118471
103.93324833505811,32.390988659405465
102.50083230015231,29.906337198896104
105.43256680974024,33.11459006814781
102.96276285206575,31.114227616766303
103.86570741662659,32.2106576636199
105.1052387873815,32.62881026311371
104.00705111910273,32.53902274196861
104.72631390589513,32.705089661716954
104.24684826595325,32.19385882618308
102.57603082061175,30.310666123670032
102.82792125254905,29.59180918726952
104.50416690780602,32.50728403563726
104.09558845208616,32.17901045882877
102.49166469976521,30.55391811915571
103.82428170590543,32.05673569583001
104.17611344430348,32.911901225040644
104.53045725910066,32.64236090377544
104.00001753832814,31.838696655223135
104.01528128767364,32.501302340139766
103.66241016407066,31.159665546119776
102.68415305339444,30.860445065302645
103.13405472851414,31.18831897288087
104.02096937712267,31.491333561857363
104.12020372328388,32.28114961540758
104.2256999361306,32.81693095695798
103.7412646649392,31.89352036327912
104.0077541787919,32.61499701419193
103.37999947429701,31.093920706063294
103.9844402363755,32.4253455514247
102.78402913489384,30.820916249957115
102.97572271308424,29.53708622218547
102.58617584712186,29.864429007807693
102.48032084555217,30.118971942753024
103.03353721330588,30.773380203203853
102.93195393816552,30.735262054967208
104.17422019569383,32.56188395501564
103.9886622572872,32.25775764251738
103.71760095787641,31.364037974470584
102.38811554352192,29.871589663236996
103.92055887415712,32.0573710697337
104.0884027482855,31.742874833718318
103.41145046826644,30.855489143406913
105.27375648794789,32.87635694365442
102.87279245290529,29.58253806991886
104.23280515344011,32.25864221097952
103.5605413486935,31.27282750236545
103.02206980704958,30.533965014570434
103.08434406805488,30.800638988575965
102.66072632385166,29.99964965586794
104.15785175637696,31.694094969025176
103.89671461795983,32.552441168655385
103.13277044856618,30.71260474433468
103.14073929072356,31.205726270254715
102.6787620101729,30.70934689604806
102.61371516498733,30.413659318959493
102.60909861036934,29.651720105486767
105.4184001934624,32.97624585080676
102.46261233016025,30.552970114696947
102.32201555597324,29.825124211970895
102.96243808367365,31.214609121487687
102.93538058868047,30.539430244671202
103.99718870442892,32.156258748994816
103.16098916600698,30.798431612270168
105.50130115106037,32.82029170102677
104.15238581771455,32.34892016079829
104.22221694266835,32.193430274691025
102.41912283914759,30.152994946470322
103.17390852384429,31.221729448995916
104.28291459667655,33.03706907031125
102.56447880422081,29.996329638183024
103.9353922233044,32.063007394761755
105.2241603830245,32.92359811406371
103.96054478975311,31.919817528072603
103.23801292507834,30.77532422977084
103.05418969311219,29.48279453417662
103.70613304151532,31.990818830314268
102.87353214394125,30.82843671057376
102.40036039257001,29.107278904276004
103.06372200353339,30.473906149726822
104.02681165867895,31.736604131335532
104.42234539165858,32.825168191176104
104.6824402196731,32.67722665548849
103.3737663672762,31.11926212539794
103.87106495533465,32.37079225245926
104.41376271428724,32.9262766340843
102.52594211138879,30.071828533380028
104.61953062220898,32.42325529537751
103.03691916519914,31.180301155890835
103.35400892514294,30.829146425965103
103.97417558770314,31.503214838024363
102.52489918327122,30.242817132135954
104.42101122068729,32.29948620996544
103.39818411080958,31.1506112413581
104.1536219420188,33.07892165312686
102.63889279533791,30.527345366504854
103.07297648195431,30.675881125913683
102.63889322507495,29.9519771416205
104.62572804978707,32.459894744961986
103.28436514181416,30.928843579021656
102.93482058090659,30.95050679751364
102.82469446023912,30.669497472302886
102.97599482681086,29.417892851623844
103.26690415217709,31.169662826749242
102.79053843553308,29.590752247658404
102.91521718366717,30.638399488499076
103.8403084651914,32.41663775112448
103.69741422751207,31.993444753362624
105.55653049204372,32.89481313485093
102.51603361497753,30.30038379026341
103.27068073226422,31.26669038577839
103.06530185528435,29.47517246423573
104.04940460914538,32.918792312192835
104.29217795509811,32.59632290293057
104.84501383491286,32.48365958288484
104.57818909186582,32.532569748866294
104.6918266939362,32.81448276431081
103.01306991094879,29.540660063428138
103.90613306759859,32.25618433876802
104.04303938062354,31.739191976743328
104.29290277615796,32.12933226876194
102.9891648553881,30.557256416332965
103.61513407576693,31.265495274980196
103.96499665361264,32.27845304142034
104.45946796224489,32.79336785220319
103.78734513457171,31.963287237235413
105.53557723802642,33.04902514009119
102.45624299934272,29.027495306689023
104.55576857465545,32.82044571391051
104.09623573856159,32.498300195323324
102.61812573730201,30.13040481803982
102.77591786798101,30.685770287783413
103.99227465252866,32.58023604144695
103.95146391410006,32.28524381170224
102.42808117986159,29.99657817065085
102.54822968691343,30.26952732960074
103.85230844553979,31.877174490942163
102.77533277307306,30.597885775908424
103.91562874590892,32.346958931097824
103.76985015476994,31.29485021313271
103.18617873833759,29.507578855819634
104.25154918265227,32.29988050001115
103.84367408458024,32.5802020527303
103.2675981406288,30.93695555400732
104.32067577836588,32.512917099952986
103.28893229648651,30.82657693887159
104.34734230169886,32.64536937814901
103.27165821529502,31.29898426296306
103.86884030111935,32.09997371736566
105.44918325742469,32.777560294948515
105.2609455401182,32.71168949425469
102.97924512072582,31.22514265946046
103.2459514996322,30.93391804196238
103.58875416900142,31.17662382281836
104.02779107093144,32.17258338445127
102.79713446740044,30.549138291072918
102.89802927992676,30.63011826914364
104.18180678102571,33.00264206922675
102.9939794227315,30.50110335184818
102.54394344911441,30.192255956247514
102.66019210520022,30.24479946940088
105.54281346327097,32.949526697663
104.25203830239323,32.958104373885256
104.07671267460154,32.89776854354345
104.42975260059538,32.0887877931878
104.32444133410601,32.5817689984098
102.83043354130632,30.706238090673025
102.39143775098118,29.035841197931628
105.05700193598734,32.68060750515306
102.47724020079221,30.421943332377076
102.660644572167,30.748925206252235
104.83498765019895,32.48478918310502
104.25365933602765,32.71346458276835
104.81037277643323,32.6423954561925
104.61493044849759,32.79246020757702
102.61198004566396,30.520121229780177
102.46398409556983,29.845531551498933
105.40709566249015,32.99448848828333
103.75265200286391,31.353235802464678
103.37932701940437,31.159099224550815
102.61364531293428,30.315829538504
102.72925511999946,30.659825981793595
104.5694816533554,32.78402387025324
103.28206259365957,31.13274084754423
102.97416086856875,30.414001409594487
102.61692643911282,30.2482717222618
102.84505344299231,30.54606717021006
102.99522390423898,31.170095415148246
103.10814512286096,30.585128902929377
102.35935139794069,28.87844921930749
103.14533210909717,30.899422128087963
102.1931844231753,29.01622878654927
102.29467617744416,28.963357796559137
103.18928234555378,31.24070679476082
102.935413504693,30.525172193669782
103.08651674269886,31.18373729260356
102.99647726490106,30.589952974809897
103.88630947338795,32.43873019795245
103.34104248632082,31.28526099711558
104.27912693480896,31.765458918872113
105.41481032981436,33.01084612543701
104.18959790251668,32.134881252902204
103.92081162227791,31.687185129882984
104.65645619792971,32.51404122997569
103.39426348001788,31.332522367187188
102.55595432518237,30.72639927436078
102.37346240343787,30.2160250081973
103.99881855433368,31.929296602241802
102.66602316586807,30.1871592081102
104.63418950301353,32.51043927681255
104.13332287253061,32.75788469947877
102.63879904660408,29.707157832757975
102.49215008237871,30.264600379116096
102.76405394273931,30.726360368084656
102.94614281712512,30.431718870016926
105.37041007968992,32.88473626124859
102.92766097496072,29.55544783859777
102.5994865335266,29.8786182778151
102.597771156539,30.487587790412466
102.4320498136817,29.73295827280019
104.07767628047984,32.313728158246974
102.55657986887391,30.17086959712202
102.95562063159083,30.412402237001405
105.32285983769876,32.66632359247106
103.93657816182179,32.483818747971604
102.35687047412655,29.873378740754497
103.03311384846933,31.022596140666828
104.7130226706051,32.59061835690279
102.51641845914935,30.652283736872903
102.38043073681445,28.93907950761486
102.45766495687813,28.955711444373502
102.77291459917109,29.63247977953756
102.48505947516473,29.008903622362514
102.33538648013399,30.015390237114847
102.92505553445437,30.55311288989866
102.57868317442333,30.164592758114182
105.40679174152257,32.77508204126222
104.26469754193903,32.26557268122437
103.99427796138889,32.60403653275801
102.48566316611418,30.199606158103002
104.13202806872492,32.1758098842206
104.12696786845146,31.7158983935019
104.1547000548229,32.90716587173327
104.4286524461467,32.70363535401165
102.44733393230335,29.98068717613173
103.08134070552859,31.138836307471454
104.59757755890772,32.46765450834411
102.70450859750078,30.628388193558415
103.53687817073242,31.12464253534866
103.1928800159936,31.17920932884299
103.29171193133921,30.796155957939256
103.82418215685652,32.06366344241003
105.513935998024,32.8532916755064
102.58267593239503,30.443351189766247
104.4653389924216,32.68106107907765
103.89406506294624,31.750060972908685
104.08651959548389,32.96287489814094
103.86463044388687,31.76144630231582
104.13610590008639,31.7369211052605
103.05897456959411,30.644822453897202
102.56130697526895,30.068497268666487
105.29402031487577,33.018524999592614
104.18605070280091,32.30709784141275
102.3635828091711,29.75685073629775
104.0282666508223,32.04498855380598
103.88996679741851,31.457503417692312
103.16419759758519,30.50586638294772
103.0450271819224,31.26738020218018
103.96947888232322,32.832799975257124
104.24358468078418,32.61154728334015
103.61146093674586,31.30842828801306
102.63609299792266,30.475408871303138
102.35873053279785,29.995177443564128
102.54304151935003,30.69855757888563
104.1548218248294,32.40153876999156
104.54080203857635,32.63251683420304
102.70128785893964,30.554370421866835
104.42393519119972,32.82503682413741
102.51786887452924,30.64167540877189
105.18084172240067,32.84366978642961
102.45610083325299,30.066551303805376
103.81364644972946,32.26865489995828
102.51959495467385,30.582739009166815
104.03115262356208,32.43994679742407
104.06537948120256,33.056382819271725
103.02852361953033,29.548254015582636
104.29309359810223,32.58676272413245
102.6235384190178,30.41036742129046
103.19011706952567,30.962526944175526
104.12784865885374,32.193924319390774
104.27888645164919,32.58379698104216
103.54876498684015,31.150543652646963
104.46043298765883,32.80228333289686
104.42126278817645,32.67260251560456
102.4896949199285,29.97072632544316
104.13373374256891,33.091550914913995
103.76408165618714,31.934315025081037
102.34425340912856,30.114875123572794
103.7485848547392,32.09819639035301
102.37391439253388,29.91719854930981
103.20821018400191,31.050657113365737
103.09232123270243,30.936043789397846
103.86298497017609,31.433227719666167
104.04993244596206,32.971207832635386
103.24323210078698,30.77567634140191
104.5361870867245,32.67419575942127
105.16796277114635,32.91223644997535
104.23154715755642,32.13610483147437
104.34061487042825,33.0013259401792
103.63777526676134,31.331405900761858
104.35701646537608,32.826187097445
103.10559677899109,31.26961365003818
104.18707904706469,31.74309463639928
103.88828066024686,32.55003135783939
104.19614081008665,33.058768165922615
103.98642673341986,32.87846407483839
104.94875199074967,32.66072296899476
103.89590850097849,32.61669556842316
103.9487274459015,31.450364459562323
103.3037301172787,31.404409158597492
104.4796447732354,32.76556972069246
104.89423851410167,32.55328189263775
104.04597145930524,32.44577155645141
103.10614490350936,30.435053320397095
104.12224840954086,33.146827636286
105.13212226202967,32.57956283572965
103.84555312068204,31.972050492794946
104.60144178286454,32.57186888357719
103.76693824761479,32.081455216415435
103.89769901788621,31.879547862248394
102.56293164412057,30.10056473433377
104.53613912601674,32.64654253900461
102.46011370652201,28.910662590889277
103.92883850975716,32.78122319571744
102.41968999368774,30.24589371777775
104.80135816817418,32.744121974533996
102.39580193630533,29.797867769844864
104.46110712705446,32.68700668024216
102.80213642227815,29.530095211018565
104.01222659203842,32.97223170096368
104.37275142961397,32.10499578519944
103.88546612594104,31.605846764287158
104.33055395907527,32.22105360275884
102.42677312601002,30.222228360254466
104.03138455923293,32.570308608351176
102.40920983237666,28.894768303454818
104.51922549897749,32.508920471649354
104.01548233587778,32.62410584521548
103.93274218213648,31.48278024034678
104.05860340117498,31.82939004563957
102.93841050480235,31.117002498102263
102.74381856935787,30.314499032561024
102.51536851844966,30.559090425510277
103.43695134023247,31.363375783103677
102.90857070563939,29.435915619484774
103.87452305634773,31.61028956665543
103.89319507067259,32.30425645910276
103.06355595631952,30.624553657508642
105.47655019061305,32.89882430350453
102.81395328532867,30.561683891249977
103.81207144526886,32.10022775659692
105.39427226681336,33.11642859053681
105.46129324656319,33.073486120463436
102.84755633618829,30.75692289590837
103.72214518743405,31.863965961375346
103.04631785413693,30.77135667797479
104.57902328501976,32.872173136975945
105.64119519453669,32.89720162767983
102.98903979066255,30.77246635298438
104.76064021799925,32.581734221511965
102.98763041262772,31.083528382270476
103.45418689071063,30.857595629083033
104.26079575557327,32.51571890412832
102.40009551017003,29.931332071667317
104.18696074034578,33.05431554138662
102.9790412373765,29.538947264902927
103.8324866093543,32.659760844399884
102.45601116272185,29.013341323958795
103.89651350840519,32.495279834697115
102.6042755359892,30.10645573494517
102.54711492650553,30.21482917426069
105.32693931852194,32.96764796253264
104.52399892750427,32.74888538017999
102.97188331330352,29.443896524585348
104.0962614232003,31.61340605639183
103.2394827019071,30.64069301537531
103.18627509161007,29.466799262196247
102.67667480402574,30.586681588618816
103.83094385180506,31.568191560751828
103.25209797927441,30.77427929180299
103.26529854837621,30.8078645428611
103.04664571269905,30.638376156257987
102.97053132257427,30.609041433533147
104.75951445660365,32.5010963604894
102.20724000250055,29.05979631736945
102.57710373222864,29.832686647367883
103.0023393731022,30.503884736361364
103.25657578904719,30.744255719375765
104.01068251874263,31.91279839660681
104.43289948019147,32.66769532860712
103.79427618119595,32.01911037085592
103.36831671435708,31.230149898274775
102.53304230739178,29.87412683846673
102.43568824504126,28.910344542479194
104.07357526900456,32.26284545038237
102.30204711269892,30.098698429064562
102.50430117658746,30.76887764533646
103.17616759453334,30.987684316450686
103.0301170306718,30.462828815883384
103.82982722649871,32.05068358051726
103.14003282562902,30.624882646019575
104.10266512282111,32.04127361590468
102.47511371625544,29.755984510306302
105.53001989889923,33.0335091587561
104.88386476423614,32.76606537489131
105.40659706934275,32.888859457284106
103.05104981412103,30.566104904259856
103.8420987372093,31.597217794131957
103.04222804760641,30.58093351994276
102.29907952298235,29.969631290153746
103.86342704673602,32.32298563785611
103.06270648366822,30.554986025399955
102.97855680049774,31.02528021075703
103.17376879003442,30.77826991383065
104.48928224813245,32.48649928674885
103.97758405109262,32.41485075462157
102.4149727460822,28.90040843415916
102.84272659490097,30.906701518993458
102.614067143246,29.9378411532727
103.87334144810521,32.50577311306137
104.30251224211501,32.850886528969966
102.65769321009195,30.729266683142832
103.09550582791641,31.046764043384893
103.42925222915329,31.405012134846572
104.30247762542663,32.55598454797361
103.8617504524033,32.3302007494939
103.90999257443697,31.377224973626873
102.92232044223225,30.355447317321918
104.7724109796037,32.77787715708488
102.80909195186501,30.498474573811293
102.57978263661434,30.428024644954537
105.34171221920334,32.65980583083852
103.28371240672205,30.722365869129657
103.07407074149042,31.25355531677994
104.60170441349716,32.801659209184244
103.82850486344444,32.03245695973755
102.55486676116185,30.788345067417207
103.53997858530231,31.24382345585684
104.03648967620157,32.08826842928503
105.31034153038297,32.855884921875486
102.63105917616424,30.566673287615128
102.7613210939154,30.636568796155423
104.35237451724744,32.51630495719607
105.33703464932411,32.65932792102994
102.75212257551824,29.569049280185695
103.29034210401232,30.624537974695286
104.10316884550416,32.767320206939665
104.28652311527436,32.18715968960444
103.74943303200675,31.884540496272006
103.99336085080613,32.050809882239
102.43465265456265,29.03275436070639
103.14678834423893,31.128974224046186
102.3999528118678,29.782659940433575
104.50263283358889,32.69051089268563
102.78612118763064,30.610932147581238
102.50082987055877,29.699807120914937
102.96359618853039,30.453139558756202
103.88651528075603,31.80481446832355
105.08155415434967,32.65475049653384
103.17465247191431,30.592668859232447
103.36544701961968,31.265893547428668
103.03390032710686,29.506417905466108
104.91444339817097,32.72772308992685
102.59162752654977,30.53081648095585
103.37056920332586,31.049208831801284
102.98774841073482,31.13861603948797
103.03084270699813,30.858660720842497
104.4003488228361,32.564114454188896
104.30107832397108,32.1063241630901
102.46621573947029,28.92512647460701
103.07645591586912,30.74070339748093
102.62285643422987,30.21694463036208
102.93646823309969,30.61983514696417
104.3092140427878,32.913050922227065
104.01986281253548,33.069876757166554
104.21864357313713,31.800184613293375
104.04088713494545,32.49513993024034
102.43046067461016,28.944512130944073
104.28402924815613,32.751510616698354
103.84718315044529,32.36196602932557
103.733112912586,31.92925072395107
104.07070528950682,31.56629183200232
103.92842926860257,32.56171237296934
103.83177776216958,31.318058294159098
105.14838612752827,32.957635138300645
105.53146023169718,32.78828747507938
103.8737537574671,32.66838683242001
102.93182056063252,30.609374106757926
103.04570421873012,30.94997285742625
102.85166799973616,30.693712215950697
104.29137426793119,32.542712306205985
103.75743203980741,31.287624477808613
103.07798767535492,30.563391565019618
104.98246045076814,32.70015137540982
104.1179222571602,32.265155691732964
102.48778002040385,29.983477332262083
104.47826646509554,32.7693982617536
102.47727533449654,30.373172273259723
102.6330560207926,30.80640345008637
104.074230317841,32.01292924943159
102.60257753594207,30.70616519416509
104.41477801762123,32.13788675869157
103.17180703183541,29.506060133994538
102.6882731651023,30.189370224183627
104.69500697568111,32.821391195463846
104.25336237557708,32.53972936097155
103.0685434500121,30.47802466751505
103.40854278639227,31.165292489559114
102.9277004102061,31.20380157283303
104.2608685046386,32.621598575598945
103.6207995520992,31.207373583991927
103.21591827254976,30.970918679837666
102.60822029927861,30.31808205261825
103.0164202330871,31.133359392965364
103.83448360321646,32.02068362084815
103.62992145654881,31.1572552709365
102.99212658150368,31.22273751487296
103.08637722668355,29.498576885760315
103.16005136977024,31.171250958496366
102.95931847439118,31.185975647648853
105.20266911233547,32.90497819663146
103.54873016393003,31.20208904527909
105.05469893845422,32.57335268684479
104.7091215773781,32.59541031310651
103.75070318113562,31.325779050211835
102.44353230029883,30.52833957397302
103.57751827932414,31.100591948081863
103.82844063045742,32.10145964142204
102.55668512779593,29.924636755669102
103.89575503784489,31.452992413874348
103.89218871517141,32.607902621846506
103.36686432974956,31.072931399576433
103.03434202152272,30.77493790750707
104.32410268825782,32.77372265043128
102.94719167162064,30.52548757393822
104.14722397834556,33.05946064834352
104.34763321241084,32.69663474149022
103.89485140031734,31.699590466596312
104.41430951142192,32.71828821166195
102.45638298733375,29.979187453718477
105.3742000117447,32.69388606326173
105.36664937080371,32.71184054350082
103.87871978696346,32.21619007550028
102.97308090163817,30.958751386826123
103.04985059589704,29.488916984837374
105.27461165285236,32.966691710903206
105.43548646800825,32.90976046470021
105.27538685631139,32.7611882205556
103.28836732282647,30.99702419298822
102.86094962492302,30.761241558701904
104.02794038252213,31.558715577163014
104.41149953549697,32.51582869802285
104.16745531536479,32.94671130583609
104.11370236169607,32.95082367543035
103.76162624540426,32.088710846053445
104.02092404653327,32.6519355205423
104.06033441661299,31.580943658307227
102.48739293124204,30.654642424146527
104.03673642634146,32.91036903396105
105.53452236254026,32.87952169989214
102.36025591545064,30.028578292668573
103.89392854396804,32.6459307915399
104.6862199536022,32.56194838899383
105.24707203837539,32.77720725447591
103.58647771880058,31.291374056344107
104.54297462383306,32.84019102794848
104.66957656579794,32.73716566261699
104.64990434139943,32.77238925431422
102.63347116586954,30.816708098978026
102.80462127659281,30.82164678245945
104.36069555609447,32.57760109907674
103.09855247928603,31.181209520333223
102.54413513865323,29.99793441847401
103.0749210426288,31.184980815934935
102.5385825502977,30.10817398509266
103.37700657468747,31.15059416290619
104.05847433971722,33.177244664087794
103.95612396103651,32.45690153711629
102.66784845962792,30.483685082082115
103.68444101219612,31.979604104022364
103.90881074807965,32.123523624577786
102.44513332771105,30.146638666386842
102.58931606784242,30.459797174652074
103.87767358648026,31.674201406114445
102.94214821343124,29.482279232602252
104.30389946055827,32.932865951960785
104.15917443385706,33.02667731384514
102.65311718666118,30.799605186668295
102.9836378375818,30.50055563987371
104.13774300484525,32.46241006839702
104.24329649535665,32.14373522019315
102.53271229384782,29.925854179110353
102.59925238289719,30.11384682262002
103.8538547086371,32.099401899835364
103.17087010637593,30.867221088140212
103.20544142884734,30.655273982816464
102.99627649425598,30.49640978820519
104.74668629938975,32.663580776092026
104.19195936266955,32.8622180951263
105.57792019419308,32.993090449849205
102.43493160338741,30.38863587402653
103.2813825455708,31.31005064371644
102.7695106067408,30.876883686249194
104.07499757408456,31.88695291753655
104.58993717750809,32.60709320606112
105.52394972743771,33.06961750735284
105.26727562892371,32.85481093060687
103.14617908772333,30.714734582637043
102.5235212835159,29.720131959460925
104.58476082963797,32.87729477738197
103.95596001868125,31.382813816384655
102.28391440146339,30.07704476260093
104.6888685772038,32.61111851937754
104.04078672704,32.83386079348407
104.02354192674223,32.51355196347622
104.42768879110444,32.594028195345636
105.40876552986904,33.091652163057205
104.03048987171557,32.63971283192433
103.23716644208362,31.277572709124577
103.27370808483067,30.847907657843194
102.6368783902407,30.17198400803928
103.81756759609009,32.05447452025933
102.41975539238072,30.492920473406258
103.09632945992271,31.206759048849023
104.64550763188508,32.70215643672344
103.95082866020472,31.47444336653698
104.73609730420736,32.73844921627759
102.54249013193899,30.693438803974807
103.3350672503608,31.370038329200202
103.35682030210296,31.299223874504758
103.8786800293734,32.66163468721959
102.8896852577854,30.7425103957372
103.81226200955501,32.26728055460912
104.39123375916623,32.08003050814026
104.22805875703028,32.09632209299517
103.76816109276277,31.93487785524049
102.45386148099674,30.399684562501626
103.37610168313114,31.08494041010321
104.78580756913995,32.705063224164455
104.00118685310538,32.214507514514295
105.00859115068519,32.7363472066704
104.37234612939324,32.581544109813635
103.04505738750768,30.681017138872715
103.28047451695936,31.3966379241483
103.79437924076127,31.38325262155878
103.96433635140458,32.59922859905505
102.3272331200557,28.895360717640596
103.76726839490118,31.514268086178397
104.06816871783457,32.672686418975715
102.46897849257205,29.884902200270357
103.25495984651202,31.093603585709317
104.4903463361356,32.79185232855852
105.19515277278956,32.90585522137647
105.26690357907476,32.65579736423147
104.70092856191843,32.77925099814768
103.78884187640224,31.86237154479937
103.67834986757231,31.334125030829238
103.76381972559516,31.529646738486715
104.07084277856445,32.11120104920315
104.12881440489562,32.60349532061419
103.15163805568152,31.267668455487005
103.32896077150028,31.108848801410463
102.80014655019617,30.434458653629306
102.7754037786658,29.592381245135936
103.87961498934303,31.890557539618396
104.46549507674291,32.841729778535935
104.4184134437406,32.091903903570426
103.60449462640075,31.111902862206975
104.15142158291452,32.602519647448595
103.60555045988676,31.2933521374648
102.47943350455037,30.772424839411602
103.95604054970507,31.865179118470692
104.25901668756956,32.69879349323077
102.51362416685492,30.604805181138932
103.96430812821326,31.970071148105923
104.73462189302494,32.69446421034362
104.03381484020365,32.33920907358802
104.42789427487295,32.293800140219425
102.72097603058559,30.265264967377696
105.1973577696712,32.67975257434402
102.70772650611163,30.54004328047127
104.97610648840077,32.56801254858391
104.05721323338959,32.118002020116705
102.63241948090982,30.33108615525033
104.72757701126592,32.80515597225816
103.19356370672415,29.508066351056595
102.47978549308772,30.05691286265576
102.62603831972143,29.664523739807926
103.02013304795905,31.20842705154441
104.0313030926913,31.713329668537867
103.09499385879339,30.429197364207027
105.58994351492434,32.84948867288307
104.22689141978034,31.739861757505434
102.35054250709992,29.916598372485403
102.91006720038612,30.4696939070948
103.91510471256787,32.03816272276043
103.79647889734946,32.01373925655274
103.28974760422538,31.07024060318533
102.36548724352436,29.962937117369247
102.53792340192993,30.318673434896
104.1032549587977,32.66548624048279
105.35509467007806,32.970513606378475
104.13498867467224,32.258830570000384
103.35414042616716,31.22113403003027
104.32364071921907,32.73118222157179
103.22405823861571,30.603392226309847
104.01143498620426,32.407954015403504
102.57336736872796,29.727588501823593
103.01038360467521,31.095017771358265
103.37761392271825,31.196291165918865
102.36381264931084,30.053887086353054
103.96912891574107,31.696508071073495
103.12045672106844,30.86676805284049
105.3739650779405,32.72890455153205
103.69634414690574,31.21215511609091
103.89875509171549,32.273938667932136
103.12067623551607,30.62451660345519
105.30507484080965,32.73190415340033
102.918209786216,30.68930385952033
105.18593639754634,32.85074001698143
104.14541405818814,32.6975149790199
104.72897007513168,32.57721578248331
103.9729797781151,31.97992670886168
103.96566560136591,31.96453799483324
102.9166452032049,30.895652092736498
103.00778769799031,29.50078368159452
103.04189305124727,30.500783249526773
104.97961451344587,32.62665367024003
104.30156222236728,32.963614961397724
103.98814954838944,33.062478214914364
103.04057967273314,30.86546946903673
102.83079152433028,30.725705366562835
104.10564639760304,32.68996011660598
104.01731015781773,32.972814590485775
104.29147195369148,31.808410599033493
104.15115261543956,32.67290993955744
102.37034988442531,29.815003986381875
104.03972173989195,32.85313577464296
102.81711542152547,30.825863950302793
104.7146885679148,32.73913188471123
104.09626605213374,32.22234085074347
104.77861061401796,32.77118421586279
102.6900956185907,30.90502730304034
104.44137289360421,32.73041768366254
102.44664167212092,30.32265167681664
103.9482511318523,32.53775752544745
103.03337935873375,31.03334427259281
103.9969095853882,32.7766360361941
102.75202932990142,30.180246685513264
102.93482023687906,30.52737211295901
104.14692674021848,31.658565356116803
102.86163695792666,30.42470161746207
104.73393926933971,32.625192776860125
104.22837718810334,32.23084650388313
104.0685636334823,32.184623187098076
103.93247162179937,31.459210734617233
104.41550360913618,32.52965718778292
103.91319962554503,31.85292637013507
103.95159478833871,31.848110266485794
104.08583445509569,32.756722060243746
103.80960662902001,31.783914592786296
103.4606510199104,30.884244422455634
105.12475375009556,32.612828055532184
104.89058461171976,32.577871550469766
104.7676799827774,32.743861445942564
103.77012974507944,31.447106012684074
103.95755398901599,32.27059839909795
103.90438319676146,32.494163001725056
105.26663872560188,32.990346796875286
102.35442907350229,29.876458752010237
105.15135488787587,32.83983677564226
102.51526096736208,30.404356983017028
102.42756291092005,29.80180818883468
103.91630823166025,32.04034560518167
104.08557497778665,31.55364299170361
105.41540772653646,33.007182838759
103.84240062702611,32.050037557158
104.55472553742645,32.67472152434326
103.76390963262297,31.935945517583384
103.78899539243612,31.777975720333906
104.08463399116499,31.539331758368007
102.3446232927692,28.957585864841032
102.36662385040945,28.920372908309723
103.00067596425369,30.978200101820057
103.29224567278902,31.229831348195194
104.0714889043359,31.700378664151017
104.25542969018343,31.795653126777335
104.96681304774496,32.541040501273116
104.14979717832632,32.28694577056857
102.7038947497694,29.58139185182869
103.23656299994467,30.794487772339142
104.34383333666301,32.585246523813105
102.36432765540063,29.889495575170834
104.3386838373996,32.72127450542915
104.02912597100274,32.5997827853774
104.11698308271649,32.88549217219793
102.64611962884311,30.594707401551172
102.79069412453231,30.516089774182863
103.9485699335048,32.57226119271855
105.38128012778641,32.901597561972004
104.6616929861611,32.83110322112625
102.5423882715973,30.57901142405238
104.30876032783904,32.880090627717195
102.61666606751442,30.410502836309178
102.89050332502619,30.790168095831202
104.28864246611093,32.64633283832346
103.92893726776114,32.48657594989644
102.3849796076444,29.009225467953545
104.77852301023427,32.537207399877474
104.39516114595828,32.925453026988315
103.12093288335855,30.588595420526417
103.11498581521288,30.997960051348716
104.50342841555286,32.775009213747914
102.75837228758643,29.580986776645283
102.61669039231492,30.345283032841813
104.15524704922562,32.83228678527138
103.18263259871136,30.712903637303643
105.24197408650886,32.87359805018592
102.86480822809081,30.69650623974946
103.9695203652577,32.09665852692509
104.14324215748941,32.87604637915503
105.53208718246444,32.94600654236279
103.76044845826802,31.322663020009173
103.77497845511898,31.449049564880887
104.28175344885328,33.01570015554164
102.57652811581676,30.739748192876526
103.84496353322459,32.41480524245915
102.50098624114989,30.54017688410829
102.48581058631785,30.07497093284516
104.1794766607103,32.93716163555605
104.08596602392672,32.189638194668184
103.39905599257031,31.370251787992053
103.71437804919569,31.91181318270661
103.25104548952307,30.815690789832523
104.0274150825993,33.0623170238569
102.49391307945056,30.022263831836433
102.9262147920929,30.37621372473409
102.78201111194495,29.519703556274212
103.26865055412699,30.882134620420505
105.39377349681803,32.818439324162405
103.18073549823555,30.834266320417093
104.2492535304778,32.92807807991736
103.97579601698995,32.435465579143184
104.4545774204418,32.130981904846614
102.85194436482443,30.34430874950106
103.92676033040445,32.063728311698426
103.83838731219521,31.356069806517855
105.36617960453891,32.89248138533304
102.48852450387001,30.11453681749252
103.94768059869698,32.21534602395816
103.3799504120473,31.01956551477972
103.90930224816113,32.89304566834685
105.12735694364845,32.592664525325816
103.55195245585908,31.22699982749731
103.97003252220884,32.504340274998405
104.2310254237564,32.86688360915191
104.37111310330121,32.269808144880834
102.33830088969941,29.965829725439917
103.08482169552605,30.69769841489889
104.30237311486756,32.55075604085732
103.30484992274204,31.052646468103447
104.0370009467937,33.14232780390267
103.83070230827161,31.94860842246704
102.49786765417204,30.74343109112286
104.00327486865312,32.962528352100804
103.82560706391416,32.59088139925212
105.14644866819235,32.7215690097687
105.4288753848103,33.027003041207266
104.20468434490644,31.76074580113748
103.92616017946526,31.546380550139197
104.20750463233655,32.702786361421396
103.35289723062431,31.179927668266874
102.75553752957457,30.259011465106315
103.93926290545501,32.55787235520388
105.38754988781699,33.026489809604676
105.21122965489506,32.62872577936866
103.7079553554124,31.840689147959853
105.43191621419011,32.758880130497204
103.92737911535096,31.52156921957604
104.13219217675797,32.58501786595531
103.83349235086098,32.04078258031625
103.11145153015978,30.533404503882615
102.50728376865021,30.72182253135386
102.54911911788462,30.74500191972796
103.30785278921697,31.036640711410605
103.84667043911297,31.947907012932383
102.73158177871653,30.878468337362992
102.57425757685631,30.657942413762804
102.76054328975609,30.918657059437123
102.56221441488091,30.07597206856715
103.17431518819566,29.477911522110517
104.84242775077013,32.74455520551857
102.57180622816087,30.743798500122516
104.56910017056133,32.70262948454546
103.26506295967914,31.00762550766094
104.47993741156691,32.540443939647986
105.11863240833297,32.66629776625157
103.92178464736077,31.717536825419284
103.2909689058027,30.76217009036013
102.6685065017305,30.29070606384913
103.15872555393707,30.68172200401885
103.22631725241371,31.18056890291745
104.2220980984649,32.5701705902166
102.57549012412376,30.74264324573085
102.61503180619405,29.7326053252319
105.06261714902583,32.687660461127045
103.87772967234683,31.93923601679222
103.93363451045471,32.58172952124225
102.42742613493836,30.495694096436228
104.23099868283713,31.7596900330062
104.37715174660056,32.97261658492864
102.47619469784595,30.125641948215513
105.0533223673871,32.64215544418571
103.15182217178992,31.078496035190348
102.6241349317212,30.83524995771345
103.94014773526244,31.46897821243231
104.53810221443787,32.555049413257265
103.68701475356588,31.907960489965028
103.0570778879018,30.591081406254446
105.4420215134848,33.024751082253495
105.26687186903251,32.67072349005741
104.06657473269307,32.69069494614038
104.70862991375392,32.782890060012235
102.6139545455748,30.697704129772156
103.34231823772217,31.19558119760941
102.58505643168152,29.64296191152879
104.02815307995165,31.61716309079757
104.65439495740388,32.601748846266176
103.90572737834769,32.16478987923737
103.93796732299651,32.0509539384551
103.28109610008066,30.865097976956857
104.16229954178927,32.421293102916536
102.60062550293793,30.33185771653759
104.1143831765778,32.44420092706384
102.46680093834807,30.3793915877828
104.74984100998925,32.519335623448356
102.81529663555939,30.729352323077766
104.03989121936489,33.16522652675179
102.59071465694966,30.73722134563028
102.49877183424366,29.020189929144653
105.5871917259552,32.96834800051205
103.86408004621934,32.67581130065394
103.66785406719258,31.164790241088234
103.05996886872424,30.872398995957465
104.69389869953508,32.73464043512415
102.94216716287731,30.59165052287611
102.99485395222354,29.461069092852217
103.07564843875612,30.640839229875112
102.82688277409041,29.54468994758952
103.2778171005884,30.80652198451
104.081808859494,32.26598144500041
103.77526148594944,31.917961336780593
102.87377792777254,30.402003871959224
104.07627078764399,32.404402794790336
103.88480496115022,32.0652733422049
103.95727254568311,31.492862704983708
103.97515577514434,31.916757984816062
104.29596197233639,32.727497178878174
104.29762788731483,32.30646560074153
104.02100050828443,32.257763017360034
104.07164794715446,32.05202780691968
104.38364467440105,32.11820446563397
103.89282363069967,32.07050801344204
105.1665935733298,32.9346232239093
102.88484836228355,30.62705250103269
102.83657471934016,30.79347747865686
104.25083355826241,33.04527431744182
103.13895925581095,30.767796732219033
104.02709197805729,32.762909910613125
104.23205176167306,32.092628504111694
103.89955462006102,32.28836692287912
102.38045251942798,29.940780267452215
103.81978803399096,31.968080490124063
104.32552172340823,33.011995320165276
103.98146461200375,32.074704120449766
104.75299760623531,32.52719760718582
103.05220317733888,30.950889991317307
104.01390103428298,31.591587940392188
105.3557707728711,32.90922035280584
103.84391525924052,32.3325034492076
104.44064775686692,32.31489088095675
104.26129022476745,32.875933905000856
103.79097980593909,31.523844751952755
104.49117095508348,32.84436591835437
102.39482554490152,29.753234439873665
102.64463616742512,29.682029985209947
104.57816871426756,32.823432649269705
102.51889627800458,30.146826992409302
102.42217100734979,30.507835334678447
104.0674718539742,32.24787079794223
105.53070355473368,32.875348715158765
103.36271385248033,31.00866329579275
102.97377825151969,29.53137931852866
103.81995963013242,31.998770182613352
103.20122830966606,31.245046388730884
102.97297215915995,30.412170649369923
103.15212935834413,30.510144684383196
103.77561697983646,31.493557376830488
103.84860383894949,31.74796652579233
103.04691192584048,29.51185633082289
103.79159939404116,32.10590435757019
104.34275410470543,32.2019003172826
103.05101407626735,31.206237153991584
104.0335984951545,32.51807801691276
102.64519364961673,30.652224405521913
104.74995539051974,32.746164004803404
102.72294324215558,29.530938594223834
104.30736254432725,32.58817796628835
102.37630711041886,30.19335014289637
102.69875025272106,29.667373748084525
103.14843960556186,30.849420578199027
102.52984522663068,30.082781008789816
104.04962842897817,32.81599652070576
104.25623654356951,32.84415731467696
102.46829584552106,30.016727070075497
103.00714677000757,29.479340939713392
104.10063141687122,32.76772690572514
103.36315116079273,30.721980838671037
103.22692143858569,31.218147539140798
103.23446236826346,31.141716036833365
105.14629228670204,32.81614204591749
104.3535305312873,32.86995249488437
102.3927761199528,28.993966758578196
104.20838395057329,32.18969179612185
102.26234477040896,29.0648829174491
105.20579594012588,32.84329480829686
104.19786682908557,32.178713908968184
104.13698917477444,32.68943343853321
104.13469379582862,32.301071742462405
105.57565687278462,33.000545980066725
103.95252457874105,31.67657080654632
103.23622708555311,31.22438172426774
103.87666352980459,31.36348106185577
103.90285562755372,32.573729964545485
102.66878879869255,30.822554856981363
103.23463885472293,30.662117297840112
105.01394148005052,32.697701755103054
102.98771935900878,30.510709404489212
104.34526650128886,32.18866765728916
102.80024703202845,29.56361010640419
103.62491912477245,31.142382839349544
103.7536203975228,32.056406699839584
104.42905184301469,32.61879544488503
102.60783232553555,29.694914050355155
103.2300731831838,30.899718269357262
103.10938593011652,30.748949041736843
104.41810265379112,32.8318303518927
102.24673668734806,28.992815692805276
104.3031974898854,32.56709006742368
105.23207596155294,32.78134583923263
104.99576768952561,32.655313733911264
103.21260080576778,30.64079834328966
102.75452067358216,30.68238496028665
104.19955681176586,32.84916585005431
104.31331388951989,32.10173712896095
102.67010068545372,29.92293917693084
103.02079720696474,30.62808096817614
102.97059535376478,30.974148998722395
102.99685842038174,30.96672588178804
104.18122708830722,32.24376484933627
103.72041244629114,31.992225335188607
102.3256900988679,29.93389775809647
103.81992973555118,31.582280792832275
103.42041554004489,31.16691290955556
102.64882962583755,29.981448758699774
103.09772582398642,31.02125477964924
104.68695792483648,32.70102857296537
103.8460652833917,31.994464095186988
104.11943781549988,32.555862841986766
102.7467368734098,29.603915040260958
104.0979246428097,33.15194174428161
103.1830965466422,31.13582905054232
104.23339037933869,33.05880024041886
102.5446384638438,30.615998038219825
104.01469485462476,32.24976617002087
104.87306068828549,32.6002771101654
105.49943531174021,32.77639413104798
104.11833412020673,32.77605043283895
105.26615240696381,32.79082027097144
103.92467035319805,32.672170080896535
102.4257596250444,29.728703543667912
103.96759848825117,31.544116340978256
103.77198651540584,32.11805664057121
104.1799797738338,32.74615820938957
104.21430739871951,32.5637226203003
104.53510136605914,32.7583988886763
102.35763131839067,29.72473540501458
103.81900588542847,31.862300297528495
104.31124331581819,32.183534748673225
105.43024381057914,32.78473709976453
105.35270659799771,32.79839252580941
102.59308917404428,30.23065173186225
104.35632946586846,32.74364555146866
103.32746795357761,31.03776859020066
104.17168777137776,31.67856652849634
102.88133048378057,29.49458264039594
103.12320694386756,30.766081210296566
102.79857071908626,29.529784815810416
103.09486637255709,30.61582976759679
104.08474765000202,32.89463462547699
102.31994125631358,29.96844955860093
102.82102210940076,30.913924197248065
104.0185820971938,31.56424352108014
102.9698339096822,30.76959781499487
103.95259237567875,31.703580209889427
103.87732015757217,32.659285948825215
103.88545789618244,31.484636743296193
104.03451787201419,31.73229003245489
103.02223726834922,30.77990782547413
103.9575167117895,32.35516214719863
105.17873722756804,32.690713679956225
103.22896033687957,31.282062442278487
104.03436951966806,32.123009781519215
104.85730515020965,32.57667201854122
103.93314717327657,32.33080549574428
103.10865239037626,30.919797251656806
105.35796891984924,32.864505596290776
102.31301501035087,29.990336014011564
103.37030051470073,30.979525843064746
104.3713395579503,32.72448250777895
102.3882168842987,28.994185886359
104.83875483052965,32.50887857099202
104.06607801866666,31.42080503819558
104.28412251616652,32.29295423561829
104.23116211202536,32.332794941839666
103.29159497883866,30.77516476634246
104.02776030804526,32.91161228758538
102.45797951018557,30.092170095954586
102.62936467527751,30.291529763350063
103.71891796146883,31.832569485347392
104.17110329692726,32.64066990663856
103.00648188967965,31.16364200404952
105.11196066098226,32.878282758131334
104.50144690011443,32.70443188812497
104.05833854274402,32.807406600804896
104.0840547230993,32.894440848304896
103.95873015378233,32.266527911038395
103.42357165853912,31.382600966747074
104.38500182836064,32.73105022569104
102.94846435000511,29.42737629577107
104.75051666582598,32.66114715348598
105.4093329278241,32.9115188726101
104.04542176452775,32.16910001234609
104.25238958012804,32.087238568645205
103.99268274298609,31.54566381982935
104.18888797185846,32.96217133513065
105.15662308717033,32.69451255117461
103.83164297172601,32.301968216969485
103.2368544946828,31.0489012125899
104.37848511453291,32.63311999925343
103.21147014523777,31.36842688477943
104.08775779638773,32.73484726354837
103.20853821859545,31.297339667069767
103.31546626000718,30.985602756497602
102.68853850709777,30.73380794160066
102.90944618279045,30.597621964493513
104.38843548144442,32.099560628049964
103.88306547454312,31.855634265590595
104.22894317378618,32.1291580102369
105.51983150877042,32.80182679753013
105.09774846482195,32.6526474921627
103.87898699579094,32.38982728123355
103.90061687953843,31.59419680730005
102.74447548190031,29.57080491477408
102.9477423150587,30.61967350814942
102.38717349582883,29.035126310528987
104.140710818424,31.65284167608271
103.79056171131734,31.37461524104096
104.89731635644472,32.559345228775285
102.3965077347429,29.083318830316294
104.48526066818134,32.52656540759746
103.19988769169197,31.26273589068318
105.33178622885362,32.98372757713796
104.08277941958352,32.8666031740363
103.82460907632763,31.480464146945597
104.9415520128087,32.55213590718855
102.93402565334361,29.475992130207832
102.9203276625417,30.78838075816469
103.40025814664776,31.248474127737712
102.74876266547957,30.75218266474492
103.58340733525864,31.202508627741516
104.88636363200622,32.567916669637995
104.06742434036993,33.006380995495505
102.52966250362896,30.163690159137733
104.44674484009546,32.49945635035816
104.35847257477093,32.275753995250426
103.88435104670873,32.70060992760928
103.99203619599,31.672731464867606
103.31546806757589,30.98028706929943
103.98557125828688,32.81823102498596
104.12123819972639,32.404770461017286
104.01284478241469,32.629942711895055
104.08532464465894,32.86565240691159
104.19228132804535,32.336155840128264
103.00137567702846,31.08453756907223
104.1966732373698,32.96956152980743
103.16706101509286,30.60763287677704
102.69617356960597,30.59002532429242
102.56880909542241,29.726702454724123
104.69579212257621,32.4406117022337
103.27510186537748,30.784628307484766
102.44982561744403,29.98238547761324
102.38807082504381,29.99958233713224
103.1715476663795,31.23900748999052
105.30086218293208,32.830188091470276
104.84542137645005,32.76148847970066
103.88593031633026,31.593805098129778
105.34837912204213,32.68291116454465
104.01739661966563,32.606772792166204
103.22087276867344,30.87501051371466
103.07414574122097,30.86549855784439
103.96866936854946,31.734822511122612
102.97533988030195,29.65740965744762
105.36056565161749,33.01180846165108
102.960315670064,30.918867807433983
103.95282773828572,31.601352794690197
102.45055397144803,29.899049585341245
104.47698417908894,32.54207541939297
102.450191473816,30.18841042321229
102.84066373343056,30.538039355201008
102.9117044211966,31.19880731651097
103.14299464600293,31.14056976571143
104.48515611515867,32.85598055033252
104.53783236103035,32.58360160897204
102.90700889360062,30.922786846722328
104.52072192760536,32.57890405839633
102.5248885515581,30.41070663433849
102.27699750509379,29.88012430832672
102.53944905810644,30.241285718595993
103.0128419712155,30.425307675417454
104.36169362689176,32.692964827538255
104.132896573552,32.20945043342779
102.48534128282503,30.411243413734606
102.67371805106808,30.36319643704747
105.60128265828926,32.90777158071325
104.05145709533176,32.97153812934963
102.53313340241483,30.729494144819878
103.90412302700335,31.65015506152167
103.89551933374756,31.925575082044602
102.74262894213473,30.81101305721729
103.99748693984718,31.84195497435664
102.52620184322163,30.728670000072995
104.34715580795836,32.27908963196326
104.55074836765539,32.8588946608656
103.02450059086242,30.603186458705334
102.9543438068868,30.930356751735307
102.43892069586053,30.389309120026855
104.32256061769408,32.22072209763147
102.55055625318144,30.639677568315197
103.89250985125692,32.44522189737336
103.01336992850317,31.120855170955448
103.19233867554533,31.309170302850674
102.20097789976417,29.095366902192467
105.00455535122393,32.553471626820546
102.82469980749954,30.686676604513103
103.75309407388748,31.837843203478876
104.46181352469888,32.50941645985455
104.57816249965127,32.53548260442705
103.45746554287672,31.428295207081092
103.84976792257294,32.482578013035784
102.22435932893617,29.097673374114372
102.74591366458246,30.825801968351257
104.3514416027346,32.10303235775418
103.30326055595395,31.269945611371696
102.52739794175567,30.748197269639693
103.35896409290827,31.059505501344937
103.92200499156137,32.72400818617855
105.5340959472302,33.06461523839428
102.97627355034416,29.425226729962976
104.19283391949003,32.910922398712614
103.13028101565564,31.059300571653694
103.8437558773482,31.754456167456436
104.13939797397664,33.11048580015606
103.91873214598598,31.39344254274054
104.12427449309772,32.65456382057247
102.65870963215833,30.843706923368387
104.03788837276933,31.643561648818334
105.47153034468427,32.96334832537668
104.97427592395192,32.5457692000962
103.95478893085703,32.885694206498535
102.68536448621623,30.65843775944462
102.61310098254958,29.67511527256869
104.31590812112661,32.22624236915813
102.98051966562127,29.44122292776207
104.02841480310893,32.78040120125692
102.55941011063202,29.93839329162751
104.03015903545023,32.36219333157839
104.32024925947995,32.14747732422347
103.76338994755754,32.09276240504461
103.00984048804955,30.84796058174416
104.14434026275309,33.14429757860288
104.11023083814537,31.672234143558192
104.01820484943309,31.522671080681633
103.82010465579769,31.405716872448664
102.36899924045534,30.1515322791623
104.82177895809431,32.77548473819506
103.01634527854084,31.068503428713996
103.90631425952769,32.586834256213734
102.48867605316994,29.7035375478431
104.62334214659258,32.468537231042816
105.36700208558294,33.00550908825669
102.98760729753347,30.643676739827118
102.41538451834549,28.959283865191708
105.22124441689567,32.851079801654706
102.84279810552448,30.775100815679313
103.04989836420434,30.561756035978426
103.01226968655317,30.71666113981683
105.23510080283339,32.925688166393456
103.28714033245816,30.935929925692744
102.92863226340606,30.691877443387558
102.86649262630492,29.508313807453153
104.22992230343307,32.92959454151634
102.91700077862,30.47622101532122
104.59233738280169,32.76755227758582
103.06559337298536,30.53052779645285
103.3330791732905,30.81091605746121
105.29562454827534,32.955913699404604
102.81170356597652,29.529083784755198
105.34928234754442,32.95571961501741
105.01813938507111,32.54173674031319
103.75697512131305,32.026169981690515
103.1806193398301,30.921721411676167
103.8394992150543,31.387375101077787
102.56717091317847,30.204338574691963
103.15586995014846,30.948148186875603
104.56489420081995,32.73726134215179
102.5278948190886,30.409376247686627
104.22372909512836,32.92242438414986
104.28331686171356,32.72790748008421
102.45099148724152,30.131131362364965
104.52151048969976,32.50957932008301
103.01902922016563,30.467872613174823
103.88456416046083,31.605092476033946
104.6070816747596,32.5237462166364
103.27395350087951,31.379298670165515
104.33621368506039,31.810345571938964
102.8078347124483,30.624367636936718
105.08325830952757,32.88453098349986
102.98302705082513,30.55820531990232
104.2854857503478,32.069507246856425
103.00910871026811,30.777420076714495
104.2483257772858,32.31357708919616
103.42581663613112,31.422854677585185
103.1186630784874,31.012016196575193
102.34301111615034,29.82965618808903
102.60233013453114,30.38702150033714
105.13810678341245,32.57277210769206
105.63324873732726,32.857108925356684
102.89784264527262,30.687012821149274
102.74759238328755,30.681050576056336
102.69540173781989,29.62342888225656
104.6913841776221,32.50436470851766
103.87506855883467,32.318651499559266
103.15110057028102,29.532938206463335
104.01136809918788,33.062050480799016
102.64271448270333,30.35458022400923
103.43178159910107,31.363673840683138
103.8575901537993,31.974820167677684
102.93463627904617,30.635852324798947
105.42169426700609,32.7415058405693
102.86145753001655,30.350791155051514
104.35538599083712,32.31339503082324
103.1999558449745,30.850701305856898
104.02176003796735,32.21615344012263
103.8027358899965,32.07171159753388
103.25458953715085,30.68893993790984
104.76309064324614,32.62038465425307
103.83358694760183,31.532112152465324
103.88846887803037,31.814032447258114
104.53777007498164,32.5663770395535
105.2678168661627,32.94952877627953
103.25873141878598,30.701372999762242
104.299049320317,32.99773812720771
104.59086390614424,32.48447557555266
102.37585733977392,28.948459236796985
103.61173714619966,31.294856526976858
103.0898999761987,29.462617104820684
103.85219253428289,32.518452215001695
105.00000952140213,32.72925074901694
102.65351038047302,30.443533172520535
105.13709223742232,32.56620213539826
104.09679039995227,32.06839320367437
102.9220774202068,30.994859949151973
104.1275502268881,33.0170983473786
103.52980452042291,31.093239213172904
104.16704722731691,32.20484832928854
103.01883343997436,31.056506670901804
103.33711440296013,31.26273770394543
104.94824929521441,32.655697980655766
103.35779379893096,30.7382273625444
103.02530558546613,31.115318546566836
103.52172883630142,31.112458855996216
102.35988834550817,29.97767680396182
103.89379206321192,32.449650529350876
104.05461690182739,32.918418836602754
103.09208786340652,30.82243746752979
103.09962502040827,30.726957521829007
103.16445428322677,30.515643372675097
103.82009060137577,32.550116753035894
102.94880166317684,30.84660942136978
104.0310751467687,31.607201957569163
104.73792025098219,32.805908214056075
103.71207990824878,31.906301028272882
103.95681174225996,32.17360134142444
103.17945970725765,30.614603510950232
102.8037359197106,29.61124946217686
102.64860986867676,30.39894700474759
102.53944977991127,30.534337427265527
105.52424094756873,32.83458017944111
102.47950306871904,30.488576102800707
103.25524907863563,31.020838685486833
104.2508093821009,32.86183745740919
103.29175975099696,31.076275631659932
103.25004490667739,31.36559520712985
103.14611831849103,31.090151450624862
104.04815266135641,33.05268620033352
102.36046083279369,30.030663852877346
104.35504780147689,32.167219371784135
105.40860777473999,32.75168157810344
102.57286740984546,30.323572118232043
104.18259864284374,31.70598356911045
104.78259839275137,32.736352363517874
104.16272563293055,32.85182635589408
104.92600753758613,32.77292290176255
102.8684351594551,30.91432830573585
104.3610409060786,32.735139107765626
104.00395809307437,32.49198378439834
102.37826035071029,28.923401693371734
103.96828133793362,31.383508704991097
103.98593173514064,31.992268798638523
103.86839235444249,32.5264446794858
104.83689135904362,32.805027149621075
103.83989158392383,32.65520054636806
103.105853812209,31.09564496314755
105.51967668115006,32.76645336991505
103.98492220047221,32.50196865783296
104.44930232014046,32.086962199340036
103.0555911263038,31.099025181412554
102.93928323592883,29.69790456717087
103.26503387643616,31.007586685174
102.32923147128098,29.95228878362543
104.04591580422938,32.585700135494605
102.89187458458493,30.890073290379345
104.60209184943888,32.87155475359775
105.04752198386277,32.683301419922586
103.00620020912707,30.806454863837153
105.4382932465099,32.79180620704327
103.82540281708661,31.992730921025416
102.59766260112457,30.335414566502354
103.61347140154241,31.244265279758583
103.29858698198642,31.146283142774582
104.42551088772258,32.93621207710886
104.15013608334445,31.639757211212572
103.36718572631155,30.913123961539036
102.5891803228872,30.397023113901948
104.23506686123284,32.904705102891654
102.9212649423966,31.122015309052237
103.82199246948763,32.558787705889486
104.08275497781435,32.997589146633594
102.43021851783914,30.467047379640757
102.44658086597138,30.40253762914065
104.22931919820105,32.62803135735699
102.46392188933778,30.129031841285194
103.10738618110031,31.224333628121414
103.91282789109965,32.2224255385687
104.90119500793251,32.76414960147108
104.38335609605757,32.64205526399594
103.71094970175793,32.04617547557972
103.44555485091725,31.367341365149056
104.43260174630419,32.93618415203565
103.54836289685696,31.253936715443363
103.84603552807144,31.83425073718968
103.13650233354758,30.608781882726856
102.46093115217163,29.05690324429315
103.30347047563531,30.619408151192225
102.38512504627593,28.9496690271555
104.40873661381177,32.5883080488181
105.02815004878694,32.61237425917137
105.50711033924642,32.96110069941124
105.53471527914596,32.79186555094069
103.15829161828182,31.276746316351353
102.53271525094709,30.128880744895504
104.72364650506013,32.776820958698345
105.45920338680153,32.953560296582104
104.61093369645282,32.83108882529985
104.5177179594583,32.679875936645566
103.9910184943353,31.733539453545372
102.71610530539243,29.567300655589257
104.6942299938944,32.70427039194741
104.66370369999755,32.716333714754214
104.35917418314708,32.78635433303878
103.76400592552865,32.06297799224721
105.5614753462608,32.83309565337724
103.08958300283928,30.563201598655237
105.23653476903537,32.6630351236971
103.22322525493887,31.03960262690436
104.45352984089581,32.530903109984735
102.67562097646363,30.494792319796723
103.88471561627394,31.954817368938055
103.08713108648199,29.447036038827434
103.99189294585433,32.14723649122686
102.21511597122759,29.03095778883036
102.55321277641715,29.71435083226713
104.8722236047427,32.59484808142011
102.5698605900508,30.635750841393925
103.00108513906186,31.215763604545685
103.08304926926292,29.456968976082006
103.19183835288052,31.04244046653729
102.72349996854135,30.19132455695168
103.84582256714363,31.738333283382726
104.21941673882192,32.64932298986249
105.45350287709391,32.77980342830699
102.66321122646461,30.768475842066916
105.30011654846646,33.030831156634456
103.75129308386406,31.79306258810384
102.42477800428146,29.73787662700708
104.21364060392494,32.352589962855824
105.27480849593323,32.97340822578716
102.97471486836949,30.436398144491392
103.16857426016477,31.111963761651978
104.82124331167451,32.533614100318
104.02934335167558,32.888838350029765
104.61655874912994,32.86330237173813
102.44290143673103,30.408827126678208
102.74716606308208,30.743459559469557
104.8878563459698,32.51992710586211
104.33013201157031,32.1611278185048
105.34617948587899,32.99686628588694
103.82967518419389,31.487029362462568
103.9805558879007,32.58780699541349
103.91784396882854,32.299118229969054
104.26940892041684,32.50989137682114
103.89234395225033,32.35828746790473
103.74647695179229,32.135401312197565
104.29244835292965,32.05494539132261
103.35876212875841,31.18458300494505
103.34918796905076,31.112265210180052
103.23660053747665,30.78007485644857
102.61899560460053,29.648906977436013
104.01628639238753,33.01652320460004
104.17532709591278,32.27306393357006
103.96968220529556,32.13476986578847
103.93683618759661,32.192534261533694
105.40443764206125,32.916386686085424
103.86026223898091,32.06090213001751
103.8414201310055,31.960791140219268
104.41882307262081,32.116827708587984
103.83595091324905,32.00660051872193
102.73095925471868,29.571081128728608
103.03082467356609,30.743066149668582
105.32155716641265,32.921501274236526
102.70341734034375,30.899939742507662
103.029385173934,31.054686616627393
103.90508120315353,32.76165105265305
103.2139194271309,30.779709265103673
103.16244133797613,31.25008207426308
104.4221624431018,32.856601121128136
104.14389434468872,32.70016503846818
103.86538994968299,31.761617298946216
103.86122763280498,32.35194107836426
102.58466088038794,30.83852311428067
102.92449788125606,30.920762656136947
104.4066650638794,32.895663228088985
103.12076920350597,31.018141375177343
105.62020427048091,32.89837261483773
104.11390553312708,32.35788507493858
103.21137651579055,31.22465284978996
103.85924005814707,31.368015710818298
103.88123731075218,32.69868382908906
105.53008472539643,32.89417492538721
103.91116139063062,31.400501590336834
104.10674052541128,33.12470549839909
102.95082020790746,29.616808945863482
103.6397034035876,31.352248194939
103.83375359717093,32.00119653963142
103.75882367646817,32.041351548820444
103.89157500694257,32.875498648725575
104.16004652144369,33.08078369936097
103.99906946470351,31.85094644802409
102.50192967544557,30.215508489661154
103.07548357323556,29.558818924463583
102.68309209826776,30.753465690698736
103.93299334968106,31.88845471538584
103.2673338754094,30.639660850978032
104.08382773753912,32.72242087179926
105.137961488685,32.685362823679284
105.61593176977985,32.89423354341426
103.15926163766477,29.454055781075464
103.08408630977793,30.655552953268728
103.95914848281743,32.36737868277635
104.0784992637914,32.26370880253914
102.41983310556084,30.524028459022368
103.93270356583768,31.450373989535404
104.1753033108373,32.66160945342324
104.94998422964167,32.68915239022623
104.16690601470215,32.202171998863946
104.28804510738054,32.609527683802185
103.30196127239023,31.039871796064276
103.86512662051484,31.704567966137486
103.33428896376476,30.951133407885862
103.97906485834497,32.06108377243731
104.15759835048469,32.161201715994714
105.40198720367854,33.00675298272204
102.65305701611592,30.183028535013026
104.0034662334408,32.713536920763616
103.29905949255264,31.30514260524818
104.61924145407205,32.605166497940665
102.62636867516896,30.398914526400194
102.4782071052562,30.109432480759452
102.52405951927322,30.321197706646757
102.87983706217794,30.74841874597742
105.56223825713477,32.8975876064747
104.8596473104571,32.71519647610627
103.04440121203783,30.834643242088084
104.36710001390942,32.76570800055312
102.7053349124908,29.623863205992905
103.09210173525716,31.117803854516612
102.47563322442129,30.035139435185435
103.66402423453253,31.312568348285467
104.33508039666079,32.98587568335152
105.2915057485755,32.68980040426683
103.86720289255982,32.127093264893865
103.67597754188529,31.96297887297914
103.84185947514035,32.29153457477956
103.85125650842984,32.10535553482717
104.00106218555935,31.619749010566043
102.27251171233505,29.873008993805676
103.12248629670485,31.052150393530134
104.32888214228751,32.150878943286365
102.94177983438179,29.600673144077984
103.92348136585932,31.474013647529855
103.81493777298977,32.25959593520899
103.16623237100913,31.261707707471224
104.10931105565491,32.98030329533257
103.14054110937232,31.233823090653377
103.17646708886929,29.455408179669433
103.04273426167853,31.14676517621416
102.30038954106752,29.985448742028904
104.03478964588659,31.620694289809084
103.94422661803276,31.897979441000764
104.55740425000174,32.609812010761054
104.12043696434284,33.07353235224857
105.5208545235429,32.9587741488957
104.28566065644027,32.94763371583185
104.86195698386409,32.765964235318435
102.87377187254852,29.511883553175974
103.87599574699914,32.06211578080104
103.0949929866308,30.432868172790656
102.5303911635916,30.4992548292558
103.78579673822506,32.02016794061535
102.5280413817859,30.228374458164176
105.25649661464223,32.66515979465923
105.237608545968,32.9103909551943
105.0954033662816,32.877726751782866
104.2253899353339,32.342425660990095
102.47505918231954,30.250899461134157
104.08724717871074,32.52887233994684
102.63387859320599,30.329384562395695
103.79241144132874,31.453450197842702
104.10907250571427,33.10249749274437
102.46248688548026,30.046823327868616
103.314292895031,31.38282723453921
102.75519949289381,30.233765268800433
105.49884017319475,32.96015176015703
103.5981580873862,31.18890696514469
102.43682089559209,28.879797609188373
104.15020316126375,32.80676134409503
104.0822608993822,32.16513136446042
102.3996543035208,29.79012588869934
102.74408401163495,30.892391152875188
102.60252079329094,30.621949623229387
104.44463087969251,32.78579920309859
103.89732866710204,32.08399099568193
104.14067596822697,32.55725049519659
104.41854554498269,32.80057585371048
102.59407566939888,30.765591440093644
103.80110205142648,31.957911509110893
105.25542358355766,32.98162995107639
102.29730497095518,30.113508174977117
103.0695886581624,30.867371589285188
104.91857732345073,32.561950341064254
104.05109058789174,33.02913702324516
103.28309780733089,31.33705033954958
102.68735715920475,30.79838503824044
103.02167651030675,30.55676328315411
105.4861318434206,32.758628980568346
103.99844537839988,32.79806963107107
102.45327299919605,29.742658437953015
104.35650978858904,32.820801020655715
105.45071424039122,33.07408509871627
103.20912815322936,31.306179297135
103.97495177910436,32.93537861625077
103.07537812673364,30.92931505102967
103.25445794158856,31.325496877488636
103.28002900654943,30.975407028447435
104.14822292385526,32.72405089902246
103.85682268909261,31.604162645179578
103.0418503005047,30.674579264573474
102.54696715500422,30.51693248489742
104.34803080657491,32.9989728959562
103.12760655332,31.223528633844495
102.8495558184011,30.679936169379324
104.07550054153965,32.86664513230115
102.97035105301353,30.85484824987434
103.27208382469809,30.979952685192096
103.71134580743932,31.163400134246878
104.10608351528793,33.08857397346613
104.47379042577715,32.64911629472721
104.6097502831546,32.49043772515008
102.55769399981068,30.30713743976333
104.22505241102043,32.581139520235304
102.4736903768857,29.87318049796546
102.9999924838362,31.137049667407133
103.07973570411264,30.827644352953218
103.11594952687504,30.46240994700456
104.15040412246495,32.352017311012084
103.81063655237979,31.45603296639732
102.32222100250848,29.895621384007864
102.72069260074805,29.59897554857591
104.04929433988747,31.625518103067378
103.99579060874909,31.53757229953294
105.38984469294256,33.04728126160556
103.15308860684675,29.5108384227161
105.19172181820176,32.66107008425059
104.31720697882896,31.786039561590655
103.85861618341347,32.57143401281525
102.51495202945509,29.97242522873648
104.0106813355839,32.251874107321186
104.46594598651924,32.48099792951465
103.9097214991363,31.719886974641824
105.28181464465949,32.73326635840675
104.91058791904172,32.525033209504336
102.77777143465369,30.769906585544387
104.18877112831775,32.74760398789198
102.69649653025581,30.67086973306743
104.24767482127012,32.232680278070795
102.95997159189724,29.63961226936729
104.68697621848338,32.4901476754145
103.66904220283865,31.256447533600216
103.96515900065009,31.667909847203255
104.0741880181781,33.1585362945806
104.40191821754253,32.956252151227424
102.781739442279,30.775496001279883
102.65596658491762,30.394492820421824
105.25596801589332,32.903554557462655
103.83730073325528,32.516970926566174
102.42087160411201,29.706874498831766
104.66503010054069,32.56945636723351
104.05015608643666,33.14102053324264
103.089981026165,31.198854853098016
104.24765319003284,32.75460986249552
104.11817797890846,33.01184591156198
103.8025718450222,32.07939740331756
102.25508893197743,29.044328841906356
102.81168362523525,30.582920873638166
104.24204597409526,33.00857244954125
103.88539382741301,32.21565237322432
103.94773236140767,32.812612130005945
104.6095592904665,32.59512279030481
104.66845455511671,32.62495416269268
105.12410422823137,32.921756012507565
104.3410689944373,32.62307537424796
102.40395609332377,29.871676107844827
103.16734822349382,31.111364222810312
103.88019824826644,31.738723212854325
105.42623395980864,32.966458204309106
103.04969901444895,31.244326223655303
103.48836046833271,30.900287310785448
102.90070052522918,30.416877230636015
105.60769161029438,32.95877731344505
102.99265673927506,30.744754273136554
103.2791920556973,30.86404891054714
104.62246157821677,32.83057418700255
104.10538125286531,31.607315804298057
104.26697215612617,32.85324471197434
103.86970014942874,31.499438640841092
102.5510927052164,30.750335783780354
104.42885231771537,32.68092583880264
105.39298769526032,32.788318760462786
102.46284963398394,30.042661026687092
104.27261336357016,32.91686866286952
103.74370176381714,31.844398279210314
103.2076301025973,30.804238431160517
104.01888114134995,32.36917698952038
103.23588648487602,31.347063518090664
103.8552022282014,31.87917186318847
105.46508251411373,32.859538258506326
102.27973289605283,28.95588489675266
104.51905334217167,32.85488814810615
103.87262786007923,32.239641324692485
104.30239321426524,32.165549679612745
102.639549385919,30.573802244459426
102.96477951558863,30.77996724431575
104.2429973735532,31.75881511646913
104.2805262435072,32.57489780260365
102.42762676966765,30.550330948716084
104.00762815624707,32.78824280422242
104.0611502981217,32.90003050376711
103.98820149731554,33.06294984868363
103.0249621250927,31.087088630478487
102.3157621746797,30.061501459247943
103.8566220372776,31.927726170005084
103.1637705593945,29.52380679252136
102.9711228424742,30.6099947920084
104.66862094738278,32.6204371818234
102.65613848445552,30.16416129373417
105.14198074373132,32.603409445089206
104.04437056871608,32.278968933409395
104.08131864081588,32.377569551900976
103.96239622141702,32.15440355767097
103.05361744139343,30.983492495881805
102.79134801547903,30.674273446172364
102.50499588259626,30.699851220096978
104.22692811572246,32.23728986208518
104.93617240097507,32.63188855852454
104.01334804271625,32.4783699472828
104.12069655181757,32.532570335451645
104.45152063918225,32.848136327885946
103.97550468060871,31.68935792128159
103.95872521545337,32.42802606535655
102.63689676414207,30.787464651841503
104.70896867822377,32.68014551110564
105.24868766377588,32.88308956697034
104.59621455231216,32.71867233682403
104.05157341635241,31.479419074596212
103.78025246617793,31.469231725194312
102.42842803394336,29.713295984300107
102.94261740454088,30.76864742058472
102.71220398601109,30.36035321542263
104.10153043374929,32.66237859606821
102.89573403932435,29.569246967831717
104.20219100020452,32.26344937059883
102.63621672754594,29.93566475142392
104.62700691776186,32.580676059823894
102.43566076574433,29.928942980918702
104.43026955535994,32.81462326977414
104.23804460669182,33.00827080743093
104.1915989756189,32.73560314434868
102.31041161687506,29.979780313981102
104.48441898235251,32.84236937880769
105.39736428782541,33.09929106863452
103.44032007644097,30.837092758306323
104.149269301355,32.924763052721616
104.33794364199706,32.243759738523444
103.77302914106163,31.273691733132708
103.1543399742415,31.301463138861028
102.3804111320353,29.00335429552913
103.32077831088486,31.118972692044203
105.37319548746852,32.82271092186548
103.92973710039654,32.4964374934759
104.11307678197737,31.61057785466796
103.02980199436321,30.97927927843938
104.26722208862726,32.068294871626755
103.582632391952,31.11577312862025
102.38428092650085,30.111050753131828
103.78932003282675,31.327959906774097
102.53252527443226,30.179567933824146
102.58671168237244,30.222492345607357
104.92553848710236,32.5824204965364
104.30815307392137,32.660696842880206
105.12927699790819,32.965410532404135
104.43434301762456,32.81556426834526
103.97913704341107,32.49720315432166
102.2704030378175,29.886861827828557
103.63631827554586,31.186181109508045
103.21778272485592,31.238118700278463
102.21306879891766,29.07185048374193
104.11831063252038,31.771212637146576
103.05406227776321,30.41426582909647
105.1587028849853,32.68427713123837
103.91405544300608,32.13223324469376
103.76001637686188,31.28710803357776
104.46468114675969,32.71871636469008
102.85989531968761,29.609988059313658
104.34481399989662,32.104745801024265
102.66397589953431,29.95271880174239
104.24267053139286,32.157773726150566
103.73431076849977,31.807691929491813
104.0012504687054,32.7512919029595
104.05153812287354,31.9755122607527
102.31270481884528,29.93806671824566
103.25783420649007,31.18491226172968
103.45575025197961,31.352336960637285
105.41055739029756,33.09273320454468
104.73716166671024,32.54899633725642
102.5957127447483,29.857235072990527
102.5364906065595,30.165604194577536
104.40682446419544,32.76318697560877
102.51113337552083,30.087643236288933
102.94681592285967,29.536714262500354
102.75948552547614,30.875810516506156
103.95456498692722,32.78033443779143
104.03245311805284,31.97437058606945
105.41477642668141,32.95999439003171
104.2628053419897,31.782520306625727
103.11886867869778,30.623049694479107
103.68710669279994,31.923488943174362
104.81030843605264,32.77109686941526
102.85032058064627,30.559207409566405
103.1251001291061,29.445043006668552
103.83916813761915,32.59941526066402
102.57591098575007,30.812379684627068
104.16228662796526,32.45381302000438
104.8639754387215,32.63826070186428
104.44187458653423,32.55255580320988
102.58523881255422,30.563093056216076
104.23403905426815,31.737925666422424
103.1126506639514,31.204806011992254
103.17925707381683,30.514391385147036
105.03627465786215,32.73518273046819
103.24602474485565,31.021712517397553
103.00364332711828,29.539576932104346
104.61755389788767,32.8584171986427
102.40065487844497,29.131278937363724
102.89522004717081,30.77798903007737
104.26609652616487,32.5285403794011
103.20536211389226,30.778963606615644
103.30336777720464,30.969853153529645
103.03436160719332,31.01811396107407
103.75769508872112,31.892245545344394
102.5655548994374,30.40153919307711
104.09830378818882,31.73965472748729
103.89660749097708,32.265108441969524
105.16731793442295,32.67137256244335
104.16194640146617,33.10974488233106
104.9802810624021,32.68999931549567
105.15404184530561,32.88442849251539
103.8834318620391,31.70719598185888
102.5112674755869,30.023854562951403
102.32032720288791,30.06395794433054
104.22606622772591,32.69453260989573
103.1515961764491,30.52972342396462
102.76313962826546,30.799198984335924
104.29901557521788,32.75259098222945
103.85402404405389,32.211433159574
102.57454083087256,30.314721286033404
103.92515526331009,32.65602273240708
103.73495258076366,32.0533298847549
104.54710835930115,32.74367129899853
103.90994347749518,32.504397910586015
103.89721675923937,32.63857092138939
105.01354456562044,32.57437987143223
103.37028884033434,30.875489664644725
105.43204546975785,32.78283158595987
103.32020785571329,30.986180730891853
102.39311118574416,29.10786231660933
102.60098394832875,30.439025266198357
105.47810600014904,32.79770645211522
105.20442615914004,32.66499878990543
104.04525689812797,31.55657878988758
102.52906377042189,29.694233983400018
104.61566388815858,32.68459499540239
103.91778048852126,31.976004005323052
103.72575443065625,31.926180996984932
104.49607041824639,32.569471850032095
103.01772861717417,30.613499284890548
103.68991239986038,31.989871761535657
103.20253760760373,31.359812296856905
104.3593429902107,32.711068012607576
104.62154727947778,32.6931902339064
104.23062267008946,32.77500107018506
104.32029525677002,32.71318565383123
103.87888835494167,32.061645078207356
104.13551588149305,33.101324402127595
104.89773826806956,32.53527458991366
103.1891270719708,30.736420886151624
102.51324051278682,30.168929957256225
104.28362155496089,32.867851344685796
103.82585677869464,31.41281446936212
104.27791113615157,32.82246495890843
103.13029449267165,30.750916211166953
104.08450636672453,32.483391106185465
104.38968205630633,32.71043715865202
105.5186661846511,32.906246777115896
102.27229412634178,28.910937964312854
103.95423743053716,32.763181277933754
103.92759585222365,32.26800996003116
103.84093660985413,32.30692608452546
103.01839034925669,30.703554619203736
102.36982240038621,30.217291879757802
102.85538825687938,30.540765697401888
102.681900191561,30.301899476430382
103.07359907223308,31.020321648994717
105.38099218444206,32.947889293076074
103.21900023937411,30.948112806293125
102.60862665552843,29.690508647780433
102.95084330469838,30.819804204244694
102.84617850756855,30.72296310277587
102.89820357695888,29.502559902510065
104.33947029053533,32.635209585581165
102.60311266806315,29.700170557148073
102.58327555940889,29.86421670862215
103.30055926589984,31.243567206576383
103.70401583097029,32.00006584301653
103.86720910135922,32.556975760921496
104.47890219319152,32.68989067430165
104.40152740689585,32.516524332942176
102.62312746521476,30.6850780396628
102.50211856295608,30.603157113655453
102.81395489086499,30.784917698795155
102.41664753260002,30.053068387601876
102.60269846324937,30.20924994669783
