Longitude,Latitude
104.6373349179707,32.73426565426795
104.6467566852101,32.7829216539701
104.37173917059681,32.82043558992066
104.13339311898798,32.856735281494615
104.01197146456065,33.019264376110584
104.04816029304033,32.87773803603811
104.05982650551942,32.94148120873219
103.90825513815899,32.716586032866005
104.19581894684218,32.960242428465726
104.19667222258715,33.03583978301244
103.96603195675065,32.89793577318392
104.10820390027031,32.70967742440639
103.98755089531171,32.98899846134442
103.98078917063869,32.68667465520084
103.96448259882905,32.69367385681611
104.01817368585819,32.630715948545074
104.20149356435222,32.59279058009069
104.44861222929364,32.514776355981745
104.49935697541973,32.557306443828274
104.34832858770943,32.56279537216578
104.22828288465793,32.6080455251137
104.14314076617134,32.94172697486713
104.12782754857211,32.985412460040166
104.304514670368,32.97594027491941
104.14467702750265,32.787757386317196
103.98871533347813,32.649516331188366
103.89592947357221,32.521136751238465
103.99064741408057,32.54340961799823
103.97927919056475,32.42192507302856
104.13022835864457,32.59021100966585
104.38426908495786,32.505547635451656
104.28493905957428,32.6287770107487
104.30258633427775,32.77440442199446
104.3485035374492,32.988371106555974
104.05458984583262,32.78655661133393
103.8891010854876,32.895995026967306
104.0272070060463,32.80657674112612
104.06435118024825,32.8592870372366
104.02318013862005,32.93784798353431
103.98765358797004,32.98950609579762
104.07351954959906,33.08999169328539
104.09322220739277,32.91023952454937
104.21166309606079,32.956741610653076
104.29401491657518,32.98485826936791
104.30210381828256,33.01399858486107
104.05147226470183,32.975852466607805
104.12095027274395,32.869778651353705
104.21022685400294,32.775718401555984
104.37502025977035,32.93059973727593
104.2368435049119,32.81172784602246
104.02159208385801,33.130218605560884
104.08813599244401,33.108903984362726
104.07616231624898,33.05715551701874
104.02681281911802,33.15834484949469
104.1151318217122,33.0389107260515
104.08653294955873,32.85204473507028
104.00027327722903,32.768914071549425
104.14057244900529,32.54304751865836
104.38407560631346,32.692738009087684
104.41741716923562,32.96217370613565
104.35519165551753,32.85333505010927
104.38916911087006,32.64996635841338
104.03140522248106,32.75267215952419
104.02630597889194,32.52168367321455
104.12275232056429,32.58719168069617
104.15105296576104,32.660845117323426
104.11652813743711,32.70557707917433
104.30183288788356,32.56403229425591
104.42110101317355,32.5519949244688
104.50494894812496,32.60713855290872
104.60416643602048,32.660941732065325
104.55794857442787,32.663574600370886
104.92499138666176,32.66664743254131
105.12294808674794,32.70225792033076
104.9376555246526,32.65135835837373
105.35528538368395,32.67398816630884
105.37889082487385,32.72788263524072
105.10797743024136,32.586179797447635
105.27144592225818,32.70533474448456
105.25182341190596,32.91599267669301
105.32721956747429,32.79326759830728
105.46964494168837,32.89874749088452
105.4902162539196,32.903805963122785
105.29199356580556,32.87481887494934
105.404818071165,32.97375016272346
105.29482469322653,33.01870727968724
105.44908314102925,33.12695844063909
105.40016284182931,32.831325973932465
105.27447113813183,33.00200428714466
105.54782450575638,32.99000295026343
105.28796613078717,32.828949084320946
105.33178812912419,32.87973690442712
105.44119649537548,32.971446354601326
105.39429282416356,32.98941608415056
105.38318849681782,33.04242345602267
105.25480696910333,32.92820127815535
105.30866606324865,32.934895963514386
105.33392486052135,32.676823615481354
105.14716251168,32.64443810474506
105.19715414236208,32.67169630111439
105.12043413847674,32.6293967391952
105.09601840235288,32.677793956614195
105.18951132845649,32.7132672304827
105.0563874565824,32.64191804684908
105.02004492617651,32.714759147004926
104.86004792330608,32.64793444167256
104.75155290557282,32.56000052454331
104.81325154577651,32.77432393566416
104.91041102901265,32.75008735421128
104.74538284468962,32.48404558171302
104.74581766364646,32.47461382177786
104.62328716630687,32.53027636746714
104.89164699954863,32.74986489252454
105.0562461790151,32.69332504333942
103.90524620366843,32.710807222854065
104.00124017357062,32.550654628472685
103.82039807356847,32.38464909117517
103.88506315045375,32.45403548684303
103.92748164720253,32.57501576077546
104.03185858243077,32.60149579489524
103.96752638361522,32.38226296488525
104.00392416853182,32.47810814326901
104.07604579714804,32.64524848899299
103.8647836795671,32.40963631110041
103.87776426001582,32.159968562705195
104.06752049403178,32.00229602481187
103.95328917214711,31.942261098103188
103.92870220476975,31.829015858433003
103.97300571165059,31.905292227782994
103.82325203908077,32.027315241830465
103.69982811000747,32.00686258865216
103.98386719437896,32.027568534589626
104.22129315405239,32.18787941970692
104.11698003466142,32.332096050776315
104.20142369336398,32.18624513062524
103.91922876501128,32.06711967201127
103.86182978002216,31.74542706516903
104.05735427897878,31.533785447882174
103.80376264323691,31.52702240125006
103.8358251925067,31.41792481677874
103.95139669559781,31.448493624197972
103.8453485989688,31.49631200017631
103.75453654752977,31.387188370004296
103.81879023558527,31.517503514061115
103.91826973603695,31.374865769991818
103.81574149555613,31.291434645767296
103.81391974290756,31.32444593800274
103.81253286736276,31.32934445198372
103.73508133596137,31.474990620147977
103.7954106026705,31.32487206034946
103.64935716807608,31.2725183935845
103.60693553738164,31.266872974500323
103.70063798913247,31.277133644230293
103.60118748387514,31.155784775341676
103.55198930237121,31.148163139022852
103.55100460254383,31.248052054815005
103.7442862662345,31.266775722774753
103.81194588746223,31.438115978916443
103.63183045575,31.24801910522811
103.64677102742084,31.21652867763173
103.82209259072155,31.374422172133006
104.03396822462557,31.508603793144005
104.00317523258927,31.47894661455694
104.06219999929667,31.596809602222415
103.8974539395081,31.599631844649256
103.86938028649534,31.54836337199886
103.82078024332853,31.497985938369204
103.7234236400124,31.32087810312722
103.73180316163754,31.26381339868524
103.73365169392947,31.303984099106078
103.82653804671334,31.329711097379196
103.66460453033847,31.194590859487413
103.65490311419961,31.191688478783647
103.57160147453457,31.306943528726272
103.78329872864649,31.315954528548335
103.75133851555977,31.331962758167162
103.64395027496988,31.353329087447378
103.725647915991,31.374577941471465
103.78146452504994,31.335837895121436
103.88554933099273,31.42362079340205
103.8441554419554,31.495885792735816
103.90242420650388,31.609826882570502
103.99577292770212,31.616234790697572
104.07482933582021,31.536711292854775
104.11136892879084,31.71837789518275
104.3335698641433,31.828364393564886
104.34257955423037,31.81911681281399
104.24288395938541,31.7345703092472
103.91635963929714,31.636078399399555
103.91456144351694,31.606796222776154
104.11030647492778,31.644642615513284
103.9981815809957,31.7018422088281
104.0620299601024,31.443750842119726
104.04820499751577,31.743343962354007
103.90613893080227,31.833270735673377
103.89426697037582,31.991645710783548
103.77007734917412,31.98531088408998
104.02926759749121,31.85493071986828
103.99950010028338,31.99943410375996
103.92398995790916,32.01607129477113
103.98838050692915,31.847787913419438
103.93657102918709,32.22027600624868
103.86750643144808,32.36967435911953
103.89594319698851,32.261371648616795
104.34045349349489,32.246190424248574
104.28143247681352,32.07732456412791
104.43925930040915,32.07225450221396
104.32371873401404,32.10360377850344
104.39257293164468,32.09730657471886
104.34461784347229,32.0643284314599
104.2563807278356,32.20425250664982
104.36158060839684,32.264089748583025
104.11770827470895,32.287145437082536
104.00097922382948,32.20308577577843
103.95358686075126,32.16890718709023
103.93717648033933,31.974238447781307
103.94957053378847,32.102295189000024
104.04527404204708,32.215057049055424
104.25451611133752,32.142605399536166
104.28669081297956,32.27674482989638
104.35419489737517,32.247338202981574
104.20132804414865,32.123519526555924
104.38871838004822,32.31648431842237
104.34882895850224,32.05926219227757
104.25674413649007,32.1953368560875
104.2832233574662,32.17952082091617
104.44528134282439,32.108030821022055
104.45293887386569,32.10799472828938
102.93125700367217,29.62674208366033
102.83203475947272,29.48787847047114
102.76322177321848,29.490803927258494
102.8186678832053,29.47756402346003
102.92901119581838,29.483435900458677
102.88628310721218,29.543371407996286
103.10769574791021,29.49454619593539
102.97602923700188,29.468489871775606
102.90374088202485,29.54602300733745
102.90809142984166,29.485217868370924
102.9290824795572,29.60161569566705
102.80500214437778,29.489056451477165
102.91794303294591,29.493053907983505
102.95598223562263,29.72225809635761
102.94582332336776,29.57001552788938
102.89452559112249,29.50645657277196
102.7375533103681,29.558992951582418
102.60275336173926,29.66176964984358
102.5624038534838,29.647739106888377
102.65271147928493,29.679235017108333
102.74115676373009,29.594905740259534
102.72051547722202,29.601166688192162
102.76811524738122,29.625931765625896
102.59316211852678,29.687586758692262
102.54929709054949,29.68119353248663
102.42497256186854,29.80688356990911
102.32279347683374,29.92002806002099
102.41669374969794,29.767148742858108
102.4055921523941,29.79596355106305
102.45105763795583,30.16416234402766
102.5366010483013,30.12442147139994
102.5923437356388,30.075794545246225
102.53833292044479,30.14157643281605
102.40831507747954,30.20310369812489
102.3086495733932,30.15924160083938
102.3422981484105,29.92994873626062
102.37369676969061,29.74432482193946
102.40139185166808,30.052985203820253
102.428681825994,30.09070946462206
102.35630943238725,30.06140507444113
102.32153324572083,30.027488558172642
102.3656869885308,29.856408696539177
102.2970918837186,30.00908250208395
102.44169530897214,30.13094178856361
102.54040807164816,30.18245874919063
102.37553610152307,29.990108774389704
102.41615821568352,29.935683052457748
102.37556380054136,29.953422820846125
102.32514884754211,30.063644600331287
102.38907793021309,30.079105936883774
102.37710133175955,30.104400822749053
102.34228726226904,30.19798589272882
102.3829822035384,30.149283496337805
102.38147250946876,29.957417661227698
102.59434705847396,29.91208741038071
102.6532904322307,29.9527881667694
102.53287674334355,29.902610679022736
102.44618434449599,29.956630894035573
102.35679308412634,30.195989095856426
102.48708814088694,30.17099870732393
102.45745045158255,30.203910241776466
102.53190940473537,30.301750902885257
102.57364243783445,30.24540686665452
102.4713260993853,30.046523521522417
102.58933856118396,30.083850567929794
102.57418551165227,30.223750061736574
102.57020567349794,30.512287127298237
102.50857972650954,30.57536846507288
102.67479981489763,30.71842750228202
102.5952832192254,30.672881723563354
102.52330215045686,30.76086711520362
102.52185321786867,30.740021796523774
102.5778406224499,30.726499661234183
102.63248267502745,30.521527272310244
102.47326753545192,30.60735908393171
102.56600919928827,30.764109948081835
102.71885312094378,30.671162052866443
102.5081398714484,30.559053657954752
102.46018987537214,30.54405377939395
102.45200096919358,30.560928953943847
102.64611229961693,30.480872855489736
102.52474946039355,30.4922869777136
102.68924357861955,30.256421397953854
102.58182364621405,30.295310861693736
102.47398404838891,29.978377420696766
102.53975278697399,29.703899408798787
102.43985401262465,29.913063151072826
102.3789213814566,29.911757645372052
102.51607745116311,29.781912271489475
102.46082901782495,29.751698607820696
102.31340317676344,30.00112285538148
102.35713964782467,29.800702811983644
102.3675126838878,29.716429948289576
102.40481809393695,29.8730680931022
102.58900488451215,29.88567668816249
102.3090056862977,29.87038956854417
102.38654600673117,30.011826779800746
102.3288954975586,29.884326591224664
102.5341593660574,29.6571662575514
102.55775252604663,29.73604177080779
102.70132066259049,29.673985595635237
102.59749433664328,29.710704995782116
102.74289463054605,29.490751237468388
102.86817637739644,29.57453671161182
102.94355016533007,29.70031165467787
102.73365769288674,29.63931116982396
102.82358186690864,29.599363319801643
102.81600991333778,29.555135702393976
102.84020285113571,29.498016105453935
102.79269468276509,29.49291221161683
102.65262264313279,29.625746633664164
102.6758812501653,29.690033461166554
102.60150858534487,29.68348498928476
102.35647531860707,29.767467123761026
102.44964326239008,30.545432580402217
102.61371473435389,30.6175352929079
102.57366884673478,30.802298857510674
102.50997556728804,30.649637762194047
102.57104410483123,30.28371595159818
102.60899565846123,30.53600164369657
102.63945222701128,30.39055312925268
102.69086047427932,30.19139748546696
102.45258842598886,29.87462769043505
102.52513022306526,29.928984625545343
102.44514792688301,29.72647970084336
102.42405877332159,29.72952783597837
102.60092410338935,29.986649711862032
102.49033324172342,29.921000854982037
102.558845411086,29.80888673211571
102.53259056286542,29.91565322135449
102.63367684158388,30.009475284660162
102.45182333416453,30.05660681110844
102.55222029180882,29.95034560202863
102.50388566356779,29.687331155456857
102.51303881084598,29.71840014125795
102.54330277913455,29.741107614586323
102.42910353742948,29.718890214478293
102.46613601132543,29.87672203202235
102.3209245934941,29.829828308670866
102.38050598716501,29.922876204745176
102.62781093518186,29.664303395103463
102.73997403788833,29.60078761385615
102.79059193095213,29.616092723876424
102.77103359604163,29.586950318099777
102.9870706456902,29.517606313233173
102.90638435715934,29.45358564024142
102.82865757274878,29.55135372753013
102.70387278773578,29.62644393816836
102.62815757312407,29.706998942449232
102.72928154549388,29.561518036127918
102.65674594338418,29.619550149866473
102.64585344908654,29.737755810716116
102.66963982247336,29.678150813409253
102.56708000259712,29.69142296913487
102.44466445109931,29.74637386399303
102.62953676830628,29.682827023822462
102.6236903621045,29.740678651962245
102.76053170498685,29.496942741577143
102.68252512342357,29.72942937954869
102.66236306374495,29.65215250862402
102.64364774523897,29.645213224931382
102.5953031614944,29.981343292999124
102.49671686964653,29.954624377049335
102.61684707982847,30.11015056643963
102.64423377988003,30.14069129497313
102.73192164780998,30.283047053347495
102.7624904402124,30.19246029713643
102.53327086350527,30.136868553473438
102.4866214722959,30.173751071600922
102.60468093847078,30.431819944932084
102.45784615142675,30.331109617146673
102.49192657815185,30.455286422397254
102.44065891936988,30.342416446875077
102.43530489280998,30.362529861193963
102.48215401445752,30.382739272375304
102.47376672544344,30.483097525205718
102.45605248156254,30.293545587676487
102.59055729508468,30.422993178276684
102.7348521270218,30.313346123038748
102.58283691818181,30.34645871489754
102.6846860037888,30.335104701051065
102.37910298248006,30.21430415707257
102.29272606775619,30.123671246451295
102.3172231197309,30.10424215360523
102.49471602800479,30.022307350414852
102.55882795617286,29.871118342111703
102.47766639631982,29.852883806938358
102.29008689290362,29.88924430971734
102.42221260215238,29.812583923326898
102.34223743548353,30.089383750847766
102.44672000132799,29.949084173940893
102.49982869978899,29.713202343034443
102.37524613866839,29.756792413553942
102.35750522197453,29.770607124099143
102.46010571639589,29.74890197798108
102.51214983967854,29.729943794453522
102.6563517220967,29.70224841061195
102.60032887063856,29.645467444446165
102.5645502945066,29.645587560959896
102.52910335594424,29.719139080060593
102.58284891918193,29.7016783704483
102.51928604369895,29.985145845512886
102.56959491481699,29.928502198675975
102.36464626152211,29.951450467718654
102.37658215447652,29.853943392570798
102.430258205554,29.748190506124658
102.57967271596158,29.89272383927313
102.4024444984361,29.80397112199389
102.47401947931898,30.147635693140824
102.68344867960762,30.228041534072197
102.4375016069333,30.256665472946523
102.763969899685,30.23236034658338
102.63353277884876,30.12287687202912
102.50279217258561,30.11403002188334
102.31390250002744,30.13679220611696
102.5179164336195,30.28676913533298
102.41913826010666,30.290559775907138
102.31321201819252,30.16594655233491
102.45942835683394,30.05233204787736
102.46040612716153,30.03195772134377
102.31691707751865,30.0477467251747
102.31578100504211,29.948148044434294
102.49938983745564,29.976653688124337
102.34725697269542,29.95723927155515
102.33329321737418,30.016110627464247
102.39417231781785,29.90851849836367
102.51768781225232,29.943039631882783
102.34109984762016,29.835398208365287
103.93446756026579,31.717964746530203
103.94232335574938,31.913862739864545
103.90476221495733,32.2540484914044
103.83967680410584,32.40927141049438
103.86612664866321,32.449306668327374
103.83565461093478,32.49927092320225
104.04468848090451,32.71817448648797
104.13328246262809,32.68651027016514
104.33988454634503,32.76567424746071
104.2184192868747,32.90815014320892
104.13636309753119,33.10213911067451
104.11650070317897,32.95970380526696
104.28001100503297,32.933965298787825
104.42229461781696,32.82217400323063
104.19624055599623,32.799182612494505
104.10304931859622,33.13321446388629
104.06159289850673,33.10193798102925
104.30470905649427,32.95663280367227
104.20641519973978,32.932458076679026
103.91450210524637,32.585773014722335
104.12564647397681,32.635022378033206
103.98743675404876,32.872634077895356
103.83588670498098,32.643445853582456
103.97661845730914,32.73763523349941
103.9007201620802,32.89284261238993
104.11251110510472,33.07699717261079
104.07781987733263,33.17526428483075
104.16614486606686,32.9017888095163
104.34478508078395,32.83274018435398
104.17636608465666,32.78499928326735
104.30529358028645,32.646238610151784
104.36804008457075,32.522946331610704
104.34547114980589,32.776338551641864
104.62913225186544,32.78653469000151
104.53410209624396,32.81437472928306
104.7209205463132,32.83894498811713
104.79767583497004,32.7772211380371
104.5637984459979,32.66440648340144
104.83588779831695,32.64636035213845
104.90059817269578,32.6564315748583
104.75574849753315,32.59619576268359
104.59865443786926,32.6525565411898
104.65813717027616,32.496824035155406
104.79706556275542,32.518358481280416
104.91565900107618,32.62670091753349
105.00752705508799,32.70047756926196
105.31236865334138,32.729011018117255
105.03778883397534,32.595286412116515
105.09678522519,32.590586492920345
105.2541792622989,32.780958453660475
105.29515967928442,32.767703877844596
105.43380066740129,33.0393223210607
105.18604645113172,32.883810191634055
105.18768401527171,32.900672672790364
105.2253364001118,32.902116598222726
105.25102051206262,32.88667785275514
105.31326513477416,32.836018796627364
105.522850435356,33.067361561696394
105.46969598954429,33.08428036323486
105.41198201976735,32.96864067351309
105.46619779818857,33.050547726809775
105.3527659303449,32.92478674218762
105.52380992732884,32.9493074296502
105.42257203074664,32.99267146529758
105.38559865828468,32.828248379565075
105.11654837777466,32.859260958276025
105.13917157041216,32.867277677441585
105.1378844277271,32.83834088263155
105.20993547799327,32.83589665972566
105.11194355184762,32.96167436378479
105.29608314697245,32.9601126291434
105.28021280786925,32.9155937605322
105.36173610703779,32.976685977032254
105.53944845644219,32.956159629298185
105.51080059364321,32.874054238004504
105.55127503866473,32.87101745332575
105.47203941750315,32.84453746985616
105.28056063378513,32.65100602066927
105.24429562281772,32.687672867067846
105.14345058595207,32.65130116264452
105.29869359145094,32.65574496262247
105.21566772727806,32.92704826277057
105.26317747717094,32.85878703946242
105.36711612968739,32.812717181165866
105.32420231374105,32.71031276068818
105.55383356533092,32.87929956297939
105.5240998076699,32.902392003541706
105.56411108609262,32.959130824627685
105.53124585575364,32.92468082189261
105.63256145927116,32.98265984347241
105.41772772302059,33.069995831768665
105.31152731483228,32.91321140020365
105.23560743530547,32.81481740487069
105.26796385635853,32.98473154402471
105.28777987265015,32.87309966290909
105.53554781178002,32.83671547042348
105.25695800980155,32.609058540338815
105.39140101136469,32.84542600454012
105.44572491045844,33.01052391889792
105.38749171752804,32.965250168715514
105.4441684952194,33.02198031195987
105.54609463069848,33.052705570595116
105.39429328240038,32.90045285918024
105.49230861473936,32.84289714834574
105.59929962336312,32.889626142437876
105.48236436896441,32.9995095985517
105.56056209504071,32.93074457356462
105.5960175640296,32.877288607072764
105.46399068214272,33.00247744025643
105.53537760594782,32.90000741393686
105.51404462304758,32.76655194305585
105.39034934885669,33.02233056729789
105.40592525017696,33.103969053125745
105.36411358913509,32.96078073990166
103.8491369528893,32.52882785609886
103.83145776561281,32.627441601453434
103.84463451526877,32.48859939074993
103.85449930235559,32.551209626002844
103.80650471623551,32.57425493870783
104.1458431524708,32.44237161249877
104.00637947449903,32.38058145061802
103.990485560467,32.544523279854886
103.8239586552279,32.51597615110929
103.9232893444786,32.452073569020556
104.03282005362959,32.32650458124959
104.0019734984483,32.26357011051242
104.04555686889317,32.26807349785165
104.03903700997827,32.45977628009338
104.14073707557351,32.54170272533368
104.10959131888679,32.67303807769724
104.13825024942464,32.749274897503504
104.19147248627088,32.867674623619585
104.21376014630269,32.745912422849706
104.29993800006862,32.86758115315703
104.33636598312123,32.53615475482426
104.2148082184664,32.571988927772736
104.1207913493616,32.859412505297186
104.38628379984115,32.901474520749375
104.244469017469,32.71144501842672
104.2899372803112,32.66756043867209
104.30331521809887,32.55472395330535
104.48844390423484,32.74074574903647
104.30879835777864,32.7398681690715
104.23711708873483,32.86855593855395
104.24516351012866,32.853336975249356
104.16250465883753,32.80766836437786
103.95058656992175,32.69465344103378
103.94317479297965,32.6964014985457
103.96088364173941,32.62292867628444
103.84884633202009,32.53903300557374
103.81447041544675,32.59683449484197
103.8242667354096,32.489569074735854
103.8908061172012,32.56666376329592
103.87310846942262,32.40024582520599
103.90048178310701,32.45297197359818
103.85131163077894,32.56183764167165
103.97428160943238,32.71514860075438
104.08190552710415,32.76545021279979
104.29939579216729,32.7654135889102
104.3261819268764,32.79792731121063
104.01779103937028,32.924021957872654
103.99984179259039,33.05721376927732
104.08484962597029,33.1649420622305
104.16196291921388,32.798476344334084
104.27176496085288,32.92172960813095
104.53084136457399,32.882785894836694
104.66964862771094,32.79232039978624
104.6185722134326,32.80712509791187
104.80045301952538,32.815188191395926
104.83379385598165,32.62971082494407
104.70643785824026,32.65176769077096
104.73249346908356,32.585292917769976
104.89948414091845,32.55951398695564
104.85694617325743,32.724672959767894
104.8989708233416,32.76695731161563
104.78899825752295,32.78108673617951
104.45633287804893,32.53502631518015
104.44798628349058,32.95480238120144
104.39218587156127,32.838351600561346
104.428143920562,32.78362173509596
104.26923114710443,33.02567305710842
104.50226139082731,32.87850747610732
104.29256435366418,32.85486647200579
103.98829799859602,32.87176012226469
104.05958321331424,32.82401166702994
104.06609315667833,32.94117729154674
104.1618655914426,33.118317153229405
104.2025472382132,32.985890207231094
104.053431508533,33.070872599084055
103.99408577520718,32.880112945408015
104.11513005208099,32.92257391621118
104.09362727845031,32.99944657262112
104.01592693054516,33.09995890185629
104.25477511144005,33.03328058285186
104.29381667023172,33.00274709459433
104.47535098264777,32.7723514994674
104.29274849986139,32.94652597856535
104.33301943373507,32.89910786469414
104.15760597506222,32.66748943328822
103.97693824453063,32.745946727334825
104.23207933306746,32.660125666421386
104.12252841721902,32.59961833388178
104.08939263692194,32.56401130948991
104.16697555252081,32.82368731391464
104.34172673226844,32.72362575331277
104.41993856956297,32.872456558829086
104.26522663675233,32.73243819693276
104.38682582156505,32.66208021668917
104.49012474972302,32.488865145886614
104.61161462335328,32.59140562643221
104.64577608055407,32.448588166400356
104.62347520870546,32.65848066422645
104.34904524084688,32.63060718323245
104.49357778320486,32.48913491078095
104.67406160784418,32.66505549369015
104.68954697283255,32.83614362218842
104.51928878722508,32.823436536316876
104.41585386873999,32.96306322407059
104.60071244655906,32.829591222586274
104.62138710176117,32.87131219056868
104.84302338719596,32.73960967799871
105.0541309981134,32.63913278525034
105.06436068873657,32.696663492611044
105.15129679499961,32.70272721469408
105.30532395058444,32.62220457364831
105.36359319395142,32.80992774013892
105.50630404495426,32.85434113634589
105.41006535127578,32.92899841711094
102.49419495817999,30.526524538926836
102.52931859266761,30.658795566164663
102.51052443001853,30.789208633631063
102.62659604480784,30.46627496117665
102.54635593770394,30.281305271601155
102.42715569990173,30.238961870127145
102.49424413502607,30.453811828508158
102.42423898127544,30.33072588213455
102.45266671008044,30.286209100179317
102.5755956462458,30.24936613984235
102.55092684928722,30.49531517398578
102.53367302233902,30.68622363991433
102.50827423539302,30.78910601269258
102.7126841954938,30.675337504331434
102.71043289991559,30.646707813417834
102.80824339689674,30.890702289459483
102.6640138124468,30.796050915923615
102.52170696192307,30.64438346861156
103.00495501206768,30.58676764088099
103.32537508338211,30.761746919131053
103.2134649413085,30.930007361359973
103.25948620947545,30.99014670686149
103.07781448522069,30.933456639279402
103.24109340665397,30.831725986857464
103.22911533995845,30.725874248223224
103.05884137267303,30.669283059311102
103.0352967699286,30.775338887430895
102.90022721156045,30.814532898258317
102.76611354710667,30.69038906175196
102.75215728714815,30.56656421020904
102.67026798119302,30.573807679200755
102.95720794910561,30.642536814654793
102.9153845616759,30.48824718603934
102.96690597352968,30.412169416507563
102.96469055068057,30.517807453577323
102.88207843039969,30.604034676978884
102.92120917938624,30.600400760122184
102.95703174238461,30.918418832976432
102.77670742638477,30.623851189986073
102.74740702480992,30.340145302028095
102.52302194376485,30.22645115842438
102.65740401596521,30.402339347103663
102.55198693184313,30.511629792924875
102.65005985926594,30.60237640871873
102.79471659420298,30.790200404532552
102.98077776303028,30.722336532710177
103.12661912302127,30.575236362510275
103.14873644798541,30.667886900446998
103.21283268132869,30.64064181697821
103.04780217456353,30.57713395397782
103.04534856102406,30.796199813363575
103.1520897651533,30.587704573193296
102.8076551173378,30.825347908746735
102.77164284492373,30.655712966575006
102.60680991463967,30.581497389899074
102.57637221220469,30.566308090445503
102.54693007761226,30.782026293173665
102.68463340790174,30.801016749177148
102.599411950722,30.676394566043072
102.52642211903512,30.601508999572403
102.58608978107539,30.67412563686183
102.50043025423798,30.681035373031726
102.60464535486987,30.494460176044555
102.48342651686104,30.464847715510412
102.72266915807235,30.277239810753056
102.62898140664304,30.11116943943766
102.64258092219323,30.276809947115698
102.40080617163592,30.16759921913915
102.50295788860097,30.050143330689856
102.51157932033323,30.30535539774569
102.50474757892661,30.5545802519374
102.4540367369204,30.482447812546397
102.58441978418513,30.383935190556667
102.59681173323428,30.165551269252234
102.43689294036965,30.446345151199925
102.58383012197922,30.80371854146089
102.67922752416135,30.62632133809299
102.8211110977883,30.540710211625964
102.81939524690007,30.67026689566581
103.09479623138031,30.45172728747355
103.02633350999794,30.41257156710233
103.14801902500446,30.722367000938256
103.29107514344801,30.7356053814053
102.99122264482254,30.895979489732394
103.12279165377451,30.758582779168137
102.92205499169395,30.612904002840242
102.72087160433243,30.556975049189163
102.66660256756235,30.51334947612661
102.634063948464,30.451398124921806
102.66974041763046,30.750623907190715
102.53107925810986,30.520287438309552
102.43183976322602,30.517490550439852
102.46837018688703,30.54642753105602
102.57268392838829,30.62444989931587
102.56730645670953,30.64314349902841
102.59028581988271,30.460821155550683
102.69054667157972,30.337695877072157
102.65525716185523,30.31545789817627
102.56453961549902,30.241536561548156
102.55237480541275,30.341696785596003
102.54459338290438,30.234480472633678
102.43912437180296,30.326773096649625
102.38823346378716,30.191330540717072
102.40809030518872,30.22931430891126
102.59505250646782,30.112981317519075
102.42395956355317,30.258965732145807
102.4334788363814,30.359203382289753
102.40694173819415,30.251767245772196
102.33950988829228,30.201478970575973
102.44211482411947,30.208056792354437
102.43059606473383,29.912966363486184
102.5556068574601,29.82055379442732
102.63418680279437,29.947478754581176
102.4057353466661,30.152499613826475
105.14137215422836,32.973714152116
105.17651209357444,32.958602592249775
105.32576700198518,33.00832836267137
105.37340590020492,32.94073374829163
105.39992394898893,33.13192528438679
105.46915973746535,33.02061764600448
105.27845044900992,32.92664938946069
105.29835477830069,32.83530770811953
105.16383838627799,32.898351002162904
105.26698754970262,32.828268195781604
105.09477433335529,32.944686471451135
105.23036993175184,32.85475557883904
105.2772571805274,32.870053172737265
105.41206584464499,32.97871402511223
105.48499528633353,32.76214325921417
105.55733267709235,32.92792669936718
105.38553634465895,32.96861573868881
105.61814744288826,32.98073664518643
105.36740092922565,32.976319640171425
105.08524954406187,32.91168946003166
105.3880357058607,32.79720542441436
105.5615697085822,32.96956648119652
105.52406865183532,32.957104620683026
105.27662708952928,32.98448209173035
105.20570002094247,32.8359941570129
105.36039697352676,32.72765456166923
105.07097228332577,32.70767564126141
104.92436270879416,32.685011083957264
104.6578446087948,32.54138187607224
104.51343524137694,32.5511490806471
104.57845665098347,32.57138802708743
104.65916102217741,32.81854864135414
104.62341164238609,32.739382928611164
104.73575433331932,32.76859843144985
104.88010691431869,32.665441304917074
104.95866871584407,32.60996416879451
105.01703275887563,32.57182558438448
105.0084278934753,32.59078138395048
104.86325386612016,32.71062071411845
105.01187578688148,32.750722985187224
104.99829297273656,32.676548103319
105.12876951630503,32.5995097633055
105.10624167913899,32.70840287182944
105.31487785108098,32.77243083430228
105.16479703652699,32.89833753190863
105.26437060546525,32.724480411763786
105.30026862629151,32.8217490067463
105.35131669501472,32.91878371414699
105.33208360564392,32.83704547948912
105.11247269271223,32.890809514218894
105.33548007323023,32.92906907095763
105.31146862036296,33.03553031289836
105.52569771887411,33.03340769308469
105.55450723971646,32.879443353270254
105.52117485782829,32.75227492591854
105.49715711962129,32.79551488390036
105.6564424461128,32.85701873593651
105.57399478611073,32.863510633203745
105.61599542643833,32.873010148058356
105.47752348498977,32.90271023181655
105.48798412208885,32.975370338001866
105.40587840323634,32.84793620229009
105.55154146607241,32.76080030434771
105.54844657974841,32.87702362755816
105.39457298096694,32.81609322526035
105.29742639973222,32.77875125072027
105.38069111790577,32.80536739462542
105.1774159503997,32.842245966621846
105.41441177958681,32.78816735684187
105.57209767937164,32.89308715068857
105.5560777765954,32.96325161178843
105.51702355677203,32.822279740342246
105.5506933347736,32.8830787624572
105.47588302295969,33.04042538653787
105.39998095445978,33.01593945851662
105.47526528643377,32.96695494293539
105.31327767028225,32.88714564888749
105.3188437209025,33.00067471769283
105.25441831619293,32.913916711570366
105.1260652322644,32.94533680123195
105.20016730665391,32.88595975437521
105.54278252668294,33.02369557398824
105.60118732760793,32.98754326988486
105.63693112297429,32.88729189172722
105.5551076327836,32.99411885716311
105.40908770912677,33.14022869605171
105.29971549515128,32.8294381120979
105.16706173472653,32.92312939507631
105.33173237294216,32.96945277200536
105.53941383353805,32.95823995542863
105.52417045209845,32.96263592920469
105.5047768990856,33.10562001271934
105.45170302915805,33.120784572560815
105.41308463819921,33.08358846402185
105.49911797904669,33.09751148463162
105.61914113688363,32.969932521453345
105.59636329722996,33.01278328572531
105.44500662573843,33.021012929055665
105.38435771547304,32.811497750767636
105.32927262703552,33.022855529594324
105.37301782447061,33.01283537989193
105.2934223071919,33.02172744941551
105.43735139386591,32.88625907043858
105.54202249202893,32.7439088656353
105.4891834731136,32.82547253752984
105.08107837041146,32.63996900126224
105.04176967384221,32.72067401314526
105.00940662263847,32.57551009455328
104.94725769386802,32.70294869090815
104.52851385626391,32.7930844673277
104.30091896754206,32.594329505840335
104.65035914830561,32.47783175908728
104.22063239351884,32.71838884429619
104.47495505445671,32.810705824964955
103.02016477359487,30.881429529226843
102.99947812425107,30.732846595837884
103.14962540689706,30.85314132851063
103.24429319095375,31.01735327910938
103.397531070572,30.85434426835559
103.42144159227624,30.86307812016121
103.28602314771233,30.965690920386415
103.3714028422816,30.97957770994776
103.27666675594418,31.054631835997842
103.37410021293053,31.030191940221243
103.02776813810418,31.069152323199326
103.18440761787902,31.227420439011258
103.14013279955411,31.19999515083394
102.97734180619177,31.164950607040268
103.24863854111203,31.21152066973741
103.24802081546586,31.28717317158419
103.17443555479005,31.21323625440711
103.29679757707635,30.7613177076198
102.97354611360784,30.973294104984188
103.15225354046859,30.69733581695602
103.3162325203138,30.677963205192167
103.35659966880974,30.732594891012752
103.20494202532531,30.757872261100644
103.04415400351425,31.042681659988236
103.19229715178821,31.011468817794405
103.2363136441049,30.902242667507434
103.27008164703166,30.898669567850757
103.11364585172329,30.75559749086898
103.0664871923151,30.60605137743725
102.9780914517589,30.622499203155073
103.07450261876937,30.910197880849484
102.82787498855122,30.85086411831688
102.97549503614157,30.55571647479739
102.72401457529935,30.54928880816393
102.69230862535122,30.61913634110784
102.9514587807575,30.76225454540291
103.03543513834909,30.617725304734446
102.82937617727121,30.54406566942205
103.23402128626768,30.61495766329856
103.01764295057664,30.695544961792876
102.74923891896047,30.706625615074344
102.74885245089122,30.616239502806422
103.15244322525174,30.597873444315038
103.31232852930263,30.712371314610284
103.33403078989913,30.70025279219391
103.13102817227164,30.70728463319649
102.92683579033668,30.60581908347305
102.96911736929862,30.549406446827014
102.83163833687493,30.7460880668219
102.65896838681087,30.680434184494064
102.74098639882985,30.696475532714548
102.66821031062382,30.628666437141906
102.50265804778657,30.48191191053161
102.54938888573831,30.52025567966331
102.67960237377173,30.483567263290873
102.63052580835006,30.52348631340885
102.76814718958352,30.6847357997814
102.7406240611807,30.583709527623657
102.46828157225393,30.52453055055234
102.57783913725449,30.56413858316843
102.49788462600448,30.657011650759294
102.50759008268386,30.4725935378202
102.54748802063278,30.299375763717904
102.53345696257264,30.631300416070097
102.79732048053542,30.82557763424359
102.81927722543965,30.679484011121694
102.7972006494341,30.605385448841577
102.94987548491005,30.671885520858996
102.96393428342529,30.534686713802476
103.01503955382957,30.5440297292311
103.05838229146026,30.479580243613853
102.99917473476077,30.4869310591976
103.00571934705403,30.557516279792132
102.90027364639452,30.362254139506334
102.93650363820278,30.69574147513062
103.07708441696464,30.652490876521266
103.00443314795359,30.628787835047397
103.09911922716475,30.572784808948605
102.85153087094234,30.801912515605242
102.7254818445549,30.861138615600073
102.45076038519655,30.60561305769621
102.43780370565317,30.527737793422702
102.58358385404203,30.6022176455308
102.56446401881787,30.53359005425967
103.00795529884671,30.700693521346007
102.97756400745669,30.81022032206949
102.90891802025402,30.70829431346218
103.16612246748154,30.737823235729998
103.053650604971,30.512998994016463
103.30331673017828,30.684787947353062
103.46396863432409,30.883259449319794
103.24773998145496,30.762337512878663
103.20823108468078,30.865544034159573
103.21236047354958,30.827065708430634
103.26979989824295,30.921801766070374
103.12223720870891,30.921771871651465
103.22197717675766,30.72477371596485
103.13442378214853,30.80700405485934
103.10171304283553,30.60411725753282
103.03177609720204,30.83383251539557
103.10206648297097,30.63734907959459
102.9766640827353,30.728332986227983
102.97433626243462,30.545463642143527
102.90447498252429,30.387061762613644
102.82177450290622,30.506633562496226
102.64177414510776,30.533797031342583
102.58373545600953,30.418858111021073
102.57479625925508,30.471586340401146
102.49229816723249,30.369057718661022
102.54233887866931,30.222520042248785
102.57982656050362,30.432394252541418
102.63077261296569,30.40357777067289
102.65248081965574,30.412481287739908
102.72545686553438,30.261621615925815
102.4639669652724,28.916524234158167
102.43239064394635,28.882239183069558
102.26377580020954,28.955861501446886
102.39013476927778,28.97275801957865
102.43282947606475,28.93838867553505
102.34377794674538,29.03406885380507
102.34010459431158,28.960833600240306
102.21700333436885,29.03657283996908
102.23118270998243,28.988387397500126
102.21965130406838,29.065624003056765
102.2038006785785,29.001920224068265
102.2357054114717,29.01461810825581
102.28503271248195,28.979744352807764
102.4594126776798,29.022058228692742
102.27142071868082,29.066094151146682
102.19498559081887,28.999567809728127
102.1943424856556,29.0455652599745
102.46594014062369,29.023346269913535
102.40574556900653,29.117820351852668
102.48066417690708,29.018310826754963
102.4640901401976,28.954955799602217
102.43354462626984,28.884658373984674
102.41983241139425,29.045477386739282
102.44264878828919,28.98509303704418
102.3827641314959,29.13591441271541
102.36286157429821,28.9239062298958
102.3435098214266,29.108945936555486
102.3403507078226,29.084350081944855
102.46458632767674,29.0332748446229
102.34452151497018,29.024009627720748
102.42867801317706,28.908061666860128
102.44472784046017,28.90021901333011
102.38718663585104,28.9236254200324
102.41792197911285,29.096347226693716
102.4434605637906,29.001621416714407
102.39861146452185,28.862836958424825
102.45402869661892,28.8863003479148
102.40062449812966,28.909958208033647
102.25568961917419,28.97753467266277
102.26393780915826,28.957908526746273
102.4173836648718,28.949931119553643
102.46215948558171,28.908725233196588
102.36769577082671,28.97662530664642
102.41052969583458,28.92149899632005
102.40702774955567,28.898447438346974
102.44808871439717,28.982355545143992
102.4668882664593,28.912364785787407
102.42116296316769,28.865273574973525
102.43555773494418,28.947592168167056
102.39353757782061,29.129670012693076
102.46701517105912,28.9651548219786
102.44659931951674,29.06260085491732
102.400912994637,29.101587696561765
102.35654772333005,29.033693279170407
102.2548986693937,28.906159635701385
102.23582398184662,29.026068538638018
102.28459096701692,28.96402701859553
102.32228313133882,28.95981532676278
102.25011367854869,29.046986843742065
102.21035274141732,29.00962173779098
102.23747259792478,28.956379112335487
102.43567894922701,29.010852237293513
102.46971965383389,29.019215782335742
102.48056884713462,29.025480567102164
102.37751045945473,29.027867670301625
102.36533672889163,28.972238433296013
102.36321731824827,28.941137900690734
102.25409239493872,28.92256333644577
102.43362519092629,29.016564473549618
102.41848996100303,29.0132040503508
102.3575379459371,28.875929168416956
102.45714155387127,28.98156994285931
102.44627167491154,29.00677684262416
102.4575448296125,29.00598580165547
102.40450681274964,29.03503793550959
102.4608213619623,28.98401473993561
102.37833609224101,28.999310412234546
102.36765675168608,28.967386212363042
102.41740824605061,28.971522960524783
102.20609568929453,29.010112055616542
102.22126187638474,29.05975103645652
102.26681017292313,29.06794832998089
102.19843485871195,29.005368650852184
102.18770046432469,29.052932448362224
102.20335384800599,29.037862029675328
102.21494706593681,29.09898055666899
102.38886108563294,29.039234741334248
102.35719599531456,28.857007317543598
102.41003013681737,29.068513202859982
102.38432237350955,29.147449343865183
102.42878449538122,28.875222869145013
102.4386194120535,29.050988925580278
102.3760938211305,28.916101912969772
102.39919920091337,28.96062254428744
102.37772064427219,28.96335290534958
102.23444618479971,29.05751325565538
102.39343450315624,28.876577953648482
102.37217404298477,28.90245387266495
102.43843180987326,28.911768933102795
102.33826587166543,29.00297022838224
102.31708622467275,28.957655426035767
102.40072766873331,28.887885368215095
102.37438740130709,29.006348648380104
102.3426554388419,29.016029991743146
102.27661378640902,28.944592755586918
102.22073055727593,29.048969385726817
102.24874318160742,29.049613189328685
102.35204726606047,29.00245262036134
102.45251915602354,28.873517391723368
102.41882627619214,28.95459850245036
102.24562975646143,28.954254812625578
102.20959946639384,29.074094795723813
102.23827853925636,29.006130300071113
102.19130001387745,29.03792381138306
103.22185218190836,31.03455030077612
103.1497617013162,31.278003374705115
103.22650454791749,30.947148004997203
103.27973674618818,31.143854947734646
103.28599198136868,31.229332829137075
103.43046734437522,31.394722362234216
103.24285405862236,31.37020746744283
103.39126644121913,31.407237937161987
103.42452099611138,31.385439817298586
103.36410678279934,31.221777891377936
103.2386182804427,31.151563583669404
103.11241210475256,31.16836214781553
103.32414281212066,31.226068472328304
103.12988623026514,31.1628823974797
102.94381826095132,31.1644658373739
102.95849659509054,31.043984479693844
103.14621055129048,31.01177594510245
103.2530408574423,30.669467430513464
103.07644141634123,30.765155710367644
102.9847520324833,30.631103557730412
102.94987522917387,30.54354697141568
103.00992901499217,30.407116985838947
102.93520556879427,30.4282926502805
102.86137763918653,30.493064447605615
102.76717114989731,30.575575505806107
102.69850636506303,30.76998437619975
102.58651804396214,30.61803903471956
102.86070436457571,30.50729835553649
102.8778920158658,30.45866386415275
102.95829693888456,30.671851766456196
102.59790814004909,30.681491324039303
102.80743429589972,30.527160815600833
102.8853649954021,30.325007634533875
102.78913688914088,30.46503221055143
102.88919628795833,30.32632963514578
102.84436083598148,30.36095136245673
102.97054062582289,30.394037167211597
102.95781748863642,30.633740369197135
102.81984426898109,30.59772826891113
102.52568899862008,30.55776252175444
102.72780206266899,30.872676846868828
102.68424603979334,30.828175072642395
102.62740892359474,30.74918121762803
102.58659183732259,30.417579655203877
102.58636438663456,30.37096743691091
102.67901761973565,29.964642773148892
102.55022203102983,29.98342656027129
102.67389070397148,29.990887363086696
102.47458905637923,30.06950017004522
102.28053679381249,30.04031372750067
102.40660064571445,29.832888709963747
102.58304641431297,29.98759181429465
102.46871461175765,29.94192744399319
102.41563569355716,30.03133997513023
102.30889271748276,30.15237617097612
102.42313410058105,30.303339290637787
102.52946522788577,30.187336213333236
102.5396083156106,30.133510780404208
102.65087867523373,30.141061754879388
102.51481533877775,30.156200856443387
102.38241033481367,29.902937896617505
102.32918021244878,29.933001501934772
102.3399028375035,29.873074225994888
102.41379722954338,29.93134095886915
102.53194887120327,30.23663270761376
102.70759036318168,30.234954435475746
103.01222507242375,30.456384225278306
102.86611954388448,30.428082487528087
102.99777640270936,30.596266152533243
103.12725451041011,30.89193189375245
103.09846292282649,30.84033331495323
103.28453109131793,31.19778157932098
103.05168367966327,31.27221293144568
103.26451965199055,31.28182142175975
103.41830293203655,31.43698991611846
103.29929220223052,31.310058145951494
103.35011442398599,31.33396795231075
103.4369177339956,31.358189204804425
103.39431764853003,31.2333201880778
103.42149570275443,31.363247206066184
103.30506564470792,31.16298079653936
103.28331889800228,31.211998021773308
103.30841492330131,31.37306891093352
103.29951550459954,31.392265272497934
103.35614513074123,31.30107155722136
103.40536110466554,31.26934084956969
103.42812141007732,31.370270430886016
103.3822866771177,31.368566846629747
103.47426113644619,31.417889376733278
103.36389367556367,31.18706449089049
103.39641322132861,31.292438488455996
103.197392988701,31.114333143797218
103.0985621823774,31.179800115075267
103.01735450266483,31.055743284238638
103.1837361286006,31.112152200854304
102.97493594879458,31.076481605082844
103.09345818159554,30.995352744923157
103.31984620702448,30.889202082967635
103.21048437472906,31.163732606402533
103.41591268230042,31.14408285273474
103.35871979385325,30.95796601611479
103.372868959869,31.085191281252992
103.05956300151074,31.096419957511323
102.95861595116168,30.921225611654425
102.95074170503787,31.000985090573078
103.05191329207898,30.90086054647668
103.2559636349031,31.068156053601488
103.12485044013033,31.032501546453073
102.86917064655619,30.834562552372276
103.03192178709983,30.852097113315995
102.95199599948108,30.655004973444395
102.98760547404531,30.52114487124242
102.62988920602784,30.48969271098783
102.53624886101538,30.610891436947874
103.4424396120887,31.339727627138245
103.33726091900299,31.33650865066299
103.27678343459063,31.332324329346285
103.29577240681375,31.40601517786017
103.2081179708351,31.262666332174398
102.97181115475053,31.118464860707927
102.92104712535338,31.22584236346471
103.07088407164389,31.176674665584432
103.03100705839464,31.160088603633415
102.70255604269316,30.879372496409008
102.66589675596701,30.798716021269026
102.70583533023586,30.708168181149812
103.10438394856548,30.442224603016236
102.89411940770383,30.89967534468382
102.80647187884,30.93245305267968
102.88722172797655,30.788042496486046
102.69928333141769,30.850274421050646
102.87056092152002,30.80769926609102
102.8168390818212,30.924565387520865
102.79898755133551,30.884108051966244
102.59636515428271,30.72884087069282
102.77789770182724,30.659227558002783
102.79914218781865,30.8052889273903
102.65160957640899,30.754619065333745
102.927378097718,30.749219908270753
103.02291887427396,30.811095083956587
102.85355594187298,30.79888569308364
102.79865311474217,30.86375664184744
103.00839509018432,31.05038929298764
102.97689176413647,30.472658152228295
102.94579788892291,30.39567600299697
102.8431286988542,30.46778531034402
102.71696262020893,30.67510007366722
102.63065001519524,30.839182813500493
102.51789200985553,30.7896989520969
102.50594004994088,30.638623558670773
102.67949682727802,30.666962663913612
102.5791049371726,30.763790470690857
102.66936049192728,30.832108108906684
102.49561941134434,30.74744757230838
102.48967760759935,30.555583670506138
102.80885055229349,30.647211086763175
102.82078119463422,30.7572301761753
102.97929083981008,30.606379757012974
102.78982198540245,30.4431589499672
102.69846679253118,30.62573993824896
102.72452735193032,30.726608798768424
102.64604729804338,30.360411390846892
102.52222609450529,29.979311474939188
102.41211958242386,30.035887534313947
102.31582254491438,30.10325021299945
102.4729022251338,30.30208960082947
102.6268113227157,30.101702334088174
102.46767799498441,30.20583773084828
102.52999811732906,30.360164197694214
102.57988785451927,30.55184674327969
102.77717470902152,30.708994451707486
102.61347397031217,30.508994354983322
102.61530991463634,30.70994235225746
102.5732929132393,30.81543731569256
102.74702516185549,30.551620375623227
102.75553808840621,30.647554162966074
102.91847049385083,30.624319647546876
102.91520153668898,30.630647383684586
102.7879332307744,30.563239694718458
102.61697646627586,30.507775792484455
102.4834474058048,30.2424812902217
102.35893170739533,30.024058374837484
102.33227306906831,29.974544672286473
102.40546984599268,29.862947453291955
102.48743758225291,29.976972358839898
102.60637569999321,29.933857886460352
102.62374582345053,29.98229028594369
102.66925649330257,29.992778598399763
102.54757228373516,29.887569946267654
102.59345344627958,29.984174582797248
102.4552234392413,29.931065600724292
102.42258857184548,29.891369482982213
102.60462479460885,30.26344930050287
102.56377100406368,30.42579534390474
102.56340192911424,30.652888385309204
102.51691825539301,30.689913973935774
102.49267625358709,30.626989505523756
102.52886088008859,30.538431810032975
102.56699532851418,30.488783202531348
102.42836866635643,30.454473895707142
102.55264640166207,30.54657859423468
102.80766093798424,30.69615931078321
102.75295052285618,30.67378797496763
102.72446307027298,30.611024579527168
102.65162152913868,30.661439147785824
102.56677321857445,30.634529119072976
102.63480736381217,30.444690228553473
102.56139018351388,30.389780352158873
102.5743551060135,30.27941689925201
102.63313476747882,30.155391005720567
102.6239937610815,30.254754190315513
102.54793293430674,30.280082759698477
102.60025570105392,30.08834601223574
102.44658542452324,30.262363143198346
102.53743210271736,30.089525511320407
102.31601425378625,30.086119032600408
102.44259210612533,30.16623071442905
102.4333625600331,29.86023338999483
102.44215937601591,29.92297529997341
102.50102130622632,30.09059043727045
102.60578272905433,30.12540301113549
102.56238993683415,30.297254645375272
102.67587494863069,30.175849238866032
102.52349509192537,30.0954363127087
102.53901634867991,30.25610185100827
102.73857592521374,30.376047881822114
102.62586442349216,30.443893087090256
102.49498196930388,30.42522484976849
104.4822471386059,32.94440014399011
104.42153466723643,32.87190564015349
104.47295804427134,32.74788713767976
104.62633376962246,32.80712478238957
104.39048964275823,32.64435350180309
104.41816165720537,32.87569417758063
104.34002394985568,32.57755144009426
104.4391480713678,32.68575983430614
104.27311654668654,32.817981705686
104.28572650067966,32.84001227752463
104.02144735194342,33.098181478875034
104.00029555674938,33.0404207381362
104.18280868633667,33.02137498409652
104.0547373733696,32.92461235583536
104.11492467032875,32.77527145477525
104.30016972106246,32.82947273490909
104.48156520867363,32.87478827041329
104.50713133871885,32.69516930746449
104.51196467417546,32.79050010176782
104.59508167833974,32.86983346586187
104.3211919636624,32.69047568829866
104.1516619178838,32.72847242742954
104.14241066061065,32.872172865965894
103.95257085831265,32.91017525192457
104.13672078213514,32.69954675391036
104.3654557437155,32.57114155415229
104.46712888824841,32.764391161378335
104.41406617711439,32.68627888824015
104.24827188693989,32.6833457807223
104.22009259722914,32.68534749374221
104.33139147766336,32.58629635755978
104.28902516363259,32.56309286311341
104.33801318319094,32.584336553270106
104.47250708596052,32.71197326122437
104.47448599341027,32.866852272763296
104.31597785354028,32.98981822115806
103.92962209498782,32.83864775757899
103.97942790945466,32.96228963307539
104.01059855782468,33.129269255625175
104.04784993877621,33.12732625767382
103.98831336206032,33.0468624374723
103.98506820815307,32.85676652480388
104.06085841345714,32.97731061020392
104.14437050056164,32.95023574522185
104.03556445792532,33.14208892379796
104.08383695887336,33.01678612947881
104.28290259639999,32.85611067548863
104.26787631283534,32.95155976084718
104.36526169174637,32.93936599130932
104.20452343088974,32.9499728116138
104.09646760065644,32.91753750034954
104.19253365403831,32.593863309256776
103.96286704081037,32.47122310672466
104.11884148396176,32.19830119684486
104.24468647251123,32.163413536551786
104.17438624244147,32.28365534079587
104.04730369628565,32.207686766450905
104.30330348643565,32.1403136825026
104.13089875263101,32.16877970354814
103.93953461417655,32.321938150901666
104.0681950286952,32.55733634092164
104.30261127453787,32.53367312717252
103.87902366261699,32.66565586745536
103.88796189316105,32.66410712838638
103.8721347234614,32.42649588692911
103.86204057752947,32.63244400802389
104.14162387156284,32.43669935665964
104.03796711263838,32.13393221312212
104.21265081269657,32.18485764105127
104.24989851126146,32.073848283051404
104.30553034367186,32.08068334107628
104.30519683994385,32.126363927535145
104.13287765094852,32.22474550957255
104.02502820687593,32.306418862571626
104.03613963527229,32.21672722552829
103.86015876812552,32.13341942642048
104.03021988771137,31.892581232172105
103.93355378578045,31.80759249706788
103.99949210139924,31.668545134480997
103.98131218567744,31.617566692094776
103.88074475385056,31.84249544869291
103.98581264794505,32.308954024062224
103.83501896334644,32.23611119338188
103.86127672506748,32.344739402457556
103.91179714539192,32.33550776074408
103.85328486509248,32.39043874115927
103.87281301303175,32.58647626035846
103.92468282398855,32.67599457310431
103.96349148212826,32.69807399197815
103.9045434277493,32.49289854547754
103.88277066206376,32.41348900151051
103.96742044168425,32.40675223312556
104.01900832680128,32.30998549491585
104.0962990413366,32.47389221055901
104.13919489786308,32.429956324673206
104.15039539973579,32.2514013534112
104.03891531666562,32.45763758933816
103.97415209791389,32.49942345249317
103.84216593147306,32.65413487252234
103.82442277789795,32.622768606823755
103.90959501180642,32.47390583669444
103.81373058048764,32.6096308002017
103.87279322892267,32.485583322394255
103.90689243434683,32.70851361176636
103.81815371386088,32.53709785020163
103.85045222923227,32.2983202558846
103.90571627963027,32.294855954614135
103.98846563545706,32.09658396256683
103.729201840929,31.864245990680995
103.81963211910289,31.809000751056967
103.83449070656211,31.88997615696056
103.84920796437186,31.86445799802688
103.96016261260894,31.96238150900535
103.87590023712528,31.923682149011093
103.16275906378274,30.642548922102108
103.10818947938911,30.569289536548695
103.03535354833383,30.521009170022147
103.07498910353334,30.566932597164357
103.17673128342439,30.516080828692143
102.95036767468869,30.458101628304476
102.87644207097107,30.401503350544267
102.94514195270891,30.511835257654063
102.75583875436642,30.548449355653233
102.7193375008217,30.658732089946632
102.8233115732572,30.697621244147662
102.99331040148353,30.689311901816506
102.91970751587094,30.867092745193656
102.82188446470306,30.791500633789244
102.9557948124639,30.62661978256328
102.78728244802736,30.56270510258868
102.73374867953662,30.906858792837355
102.70386807396372,30.90786376283999
102.6840349417483,30.795420265189264
102.63441299169787,30.737428733381073
102.7219047652047,30.89629336009377
102.73817050872971,30.7286512595304
102.70135445482377,30.90653264762267
102.85719405262974,30.90737589488057
102.74864961430215,30.908775567076365
102.82016533180457,30.928596848467798
102.93443825143542,30.72901149805558
103.03438843673187,30.712091007281746
103.15890117911877,30.887693825721268
102.84232715777993,30.52079482465987
103.07709644387985,30.641308010445613
103.11386247899064,30.60857843447847
103.03515595873895,30.620537432838457
103.12002593461173,30.580243050371763
103.34068440881377,30.785715636744985
103.27359183178915,30.997223182007968
103.04683427631404,31.07903216712995
103.03178886289533,31.26306767206205
103.27948377359338,31.33019531917842
103.1869073703394,31.04364292285647
103.31470912021098,31.066201298864673
103.3734015943803,31.177134623250616
103.3562287437837,31.383947384289634
103.4096135550381,31.41782919912107
103.41594279646066,31.27206359470337
103.122153444749,30.90581850430158
102.82583908040415,30.860882717069536
103.02176001064102,30.920116623581997
102.93560123728376,30.807040680164587
102.94857346467809,31.01246120452854
102.83578521878971,30.896476307207905
102.75856080778185,30.801177089939756
102.65270803744146,30.80241345873029
102.53409213724737,30.75297420133598
102.65943993209069,30.669550923964064
102.738588308743,30.87755266746528
102.70970448726682,30.86305980632747
103.02308936220321,30.89946350687314
103.21733096811568,31.175662636154712
103.13706515720035,31.248636872474894
103.11041152212398,31.2121494568503
103.30567174198094,31.047461877600053
103.05234772934605,31.043141640619137
103.1213357462428,30.959213558046336
103.06737187489985,30.799976422438043
102.98237614360919,30.800215257275187
102.89563756285291,30.739650998826242
103.0878944265762,30.682655162813596
103.05995548177165,30.736892681628174
103.19219546139111,30.689237159118004
103.25470576971537,30.86285240167478
103.10019644354023,30.92364392011545
103.28353383225608,30.65279790391258
103.13548974616322,30.693843138462718
103.18595532082163,30.626153995681346
103.2501780697637,30.68998294839133
103.2473435910712,30.813966555642768
103.01447951581964,30.684983870651322
102.97990352812451,30.976081780472416
103.09119078015134,31.06267989027221
103.17369339720184,31.094528468634202
103.37109144634012,31.091941215148964
103.07866912484063,30.878245389319932
103.13131016562663,30.992740615908986
103.21387233267752,31.018649272449583
103.21978284339176,31.030633698027945
103.00348082956883,30.91895508301474
103.10868513218054,30.89411215137247
103.18917420450079,30.595096689001874
103.20677582985417,30.782835278547218
103.08774495909368,30.87952873501842
103.03576163595402,30.87080055046549
102.89654874030133,30.716509706391367
102.91118431335931,30.719300826695427
102.77132237609719,30.58675782503531
102.6874562609864,30.61594394735297
102.68509390346564,30.691706426038255
102.56648726439212,30.612204365359357
102.57768017666493,30.67667517300969
102.53330390396552,30.801875761453637
102.74110685481527,30.63903954849717
102.6246250101539,30.806192356181786
102.71959137453678,30.830213534135115
102.60587448114413,30.77274830418603
102.76050867299817,30.66997278031591
102.50813958597817,30.591994927561295
102.5081406377654,30.711968000586293
102.67225620730099,30.529382321755804
102.72263827827456,30.555844769410726
102.77291134387285,30.60991348492456
102.98190328707035,30.52484863903573
103.1603701489492,30.770093154574006
103.15763863212962,30.786596841139072
103.21076911144135,30.871263205494824
103.25752994257562,31.342369628146855
103.12584707177676,31.276924036329575
103.04975072981257,31.126949646388532
103.01590520985586,30.989445311090204
102.92252163522933,30.7425926639003
102.77435040371995,30.877003719030128
102.55912482778334,30.537064857332176
102.52722547013694,30.602113163949365
102.52132442022165,30.27121044199573
102.42624764900899,30.0706658889329
102.50604323203653,30.073471222526653
102.40489020307466,29.973862613896035
102.37541044081681,29.845554818098538
102.39779426161516,29.88975129053798
102.37049561388204,30.070363915850955
102.42407352369158,30.065501261876264
102.42074458372699,30.11159028924077
102.33082003237318,30.123944901709212
102.45160858890883,30.118640498829233
102.30687806566556,30.07331891043532
102.3319173554474,30.09108260703315
102.42628441024961,30.052074295079525
102.42817104801296,29.8966689230488
102.58873214763346,29.912002982517855
102.58997796981298,29.928551047768394
102.55268038120201,30.19377963498386
102.63498953825628,30.12490708605223
102.69562048404082,30.3059106884026
102.68087793367762,30.213975152004615
102.49306491857409,30.162895823749924
102.47111971053894,30.039266359658193
102.40492113196774,30.036645035225323
102.33866673371227,29.846533510367678
102.5230405943367,29.69114799467337
102.5528343610789,29.713659986570192
102.36748545637376,29.75878873022987
102.44755640648319,29.87603247146216
102.48857077558306,29.75074431255124
102.53563556812875,29.698962527744943
102.87537068527375,29.503653634678496
102.73566654491911,29.580366945643863
102.78638616917114,29.544723212050094
102.99139640967296,29.645099470381265
102.9765804381938,29.55822754862913
103.08249375608341,29.47460200696827
102.95539762489028,29.483690457230534
102.9230737648322,29.56424286524541
102.74203389852403,29.609429624382123
102.90090867072824,29.544360431973423
102.9853961299616,29.545086182658267
102.92197647851664,29.498868787363175
102.9703832021508,29.651166805613332
102.90046003853756,29.474262991870155
102.80703474626159,29.499768470813052
102.83070034459506,29.586801702856267
102.68810957248218,29.689508376721264
102.87928092539272,29.57470442966356
103.0012268374209,29.58952282083199
102.73297296966207,29.611433194426258
102.693775696551,29.697441048326585
102.51991576879753,29.71638485709813
102.39952377702818,29.717111743126022
102.43944507304434,29.820372804223286
102.42691276259947,29.902352510326825
102.55996850574789,29.803843455099685
102.6230658986425,29.72270420408028
102.67511327876971,29.633300406565883
102.5572892283692,29.881634598795056
102.43981010979249,29.996676141453307
102.37088494472134,29.833196815055935
102.30145469822652,30.001396718904676
102.41409337660848,30.192036465185776
102.50093496083292,30.373906343751294
102.48667982558925,30.41697353373785
102.50765604588622,30.568722787794485
102.50254385238354,30.56769191319698
102.58739755939918,30.66114083439602
102.6349801812316,30.58637714384751
102.716501616552,30.5633367273635
102.73529150383342,30.54643750427179
102.88213782895225,30.41696611716874
102.79271577031211,30.573515970806824
102.92227451140288,30.35039890367424
102.91316187389255,30.48384971323615
103.00708268874533,30.688266116485355
102.88961744708938,30.439909420675363
102.95533324038543,30.439118665456732
103.06122625169358,30.459783452660574
103.10281015688076,30.438808255014596
102.85067649669301,30.582224325606745
102.8582903764425,30.39967464478224
103.0316087001618,30.48213694971555
103.0420735287536,30.462130829072887
102.9362060777855,30.43497812461654
102.88380899528671,30.38927268664387
102.9812556412253,30.420766522052507
102.98946467060557,30.420498835197087
103.01075419515632,30.53820831416226
103.19079808029613,30.717163261329247
103.06939857884129,30.853917895834815
102.79787309694264,30.794233031716693
102.75353400354898,30.68605162155743
102.65979405863781,30.517319303461267
102.54837859429281,30.559942508834503
102.7760717773585,30.634687267007855
102.76773221567638,30.45340955175723
102.84132008931648,30.497697644843115
102.88967647387796,30.632214638284456
103.29202479242647,30.69706604754537
103.27166377491389,30.663274768623847
103.30471659278642,30.669343891030156
103.29386219459033,30.73889142547454
103.28430525470706,30.932161361585603
103.22810166248779,31.020328353507107
103.10763282355433,30.93691126893188
102.83234304760701,30.593696274923797
102.96718439576124,30.43511692061651
102.91305591559592,30.473835379322395
102.89555047586003,30.60868759021197
103.03231595185369,30.690007358987994
103.29489106499793,30.732772261972087
103.2800657543814,30.621612824901845
103.13208132545118,30.74804147885504
103.09217108226619,31.124670497898634
103.03729081810346,31.161230732579014
103.27042979368169,31.109098868284388
103.44043788818257,31.193230358894816
103.28705866216595,30.833387645632353
103.26470607343853,30.869514328877962
103.20306754254212,30.728456513792835
103.2650580294104,30.95284429191049
103.25599995511051,30.689064163428014
103.14500812784202,30.65278086987644
103.13406757658223,30.674733985276124
103.33128683573511,30.6764815276844
103.1482917298178,30.88675169367543
103.13142280794594,30.735305009961305
103.08075691865378,30.854684116033305
102.99897254548617,30.763757267681548
103.08387844476357,30.981673968465916
103.18863801183129,30.918351565595774
103.2067019096567,30.832296726790233
103.09654868017368,30.837954623212042
103.0249019236046,31.098229358703417
103.04433533736511,31.037637438196725
103.10723476821371,31.122142993285557
102.92090035879583,30.93875998647174
102.94572785722401,30.926591501642758
103.06312011406942,30.722550804937427
103.27191620594692,30.749333383815312
103.3052454821689,30.82007150398348
103.32423387279924,30.9538526238604
103.3154318418668,30.87775755661726
103.51811706091924,30.977483789214308
103.53512306720914,31.066321720488975
103.58367406683008,31.11601385074059
103.62263794483218,31.194111253659102
103.58039933767968,31.10486041404334
103.79635232141175,31.328734411241907
103.69488275558969,31.205978131154023
103.59547829016704,31.303866767847428
103.6007532048965,31.272653462949744
103.57381354300826,31.198939247032843
103.58982908096225,31.300981045723777
103.60856717261237,31.23581336894068
103.64375147576816,31.130643774732988
103.62891245116829,31.32322691497237
103.70547056590122,31.221209036054574
103.81078881796573,31.375061072818912
103.86671696977788,31.43481610884851
103.86644194971426,31.635563300967764
103.86191804382001,31.448674400740902
104.17148748656149,31.65497908927092
104.17550304419652,31.71158508803821
104.27746294983548,31.80682110247452
103.93124747777134,31.670129620849192
103.9933550078717,31.48766732400636
103.7469410539455,31.442093900620605
103.97651261367632,31.375154425976554
103.78338453766699,31.515116490840875
103.94457006414308,31.440151830001387
103.86040722265098,31.36876708056364
103.8195438831625,31.583222950377504
103.88414922091809,31.403987824425503
103.7019644782778,31.344390568546274
103.55873089441889,31.288671344942028
103.60373772995749,31.17118841126808
103.71667431069093,31.269406736748408
103.82101837547663,31.578924034980428
103.85888902700842,31.417486683992287
104.05168269187733,31.58806918145631
103.90787563719333,31.4769566783813
103.86738361675373,31.52955433267566
103.85477970238395,31.32127877226409
103.77175548268004,31.459478712265927
103.80499777874212,31.358367174397227
103.70267288415084,31.29649096617183
103.82620020395636,31.355207744534876
103.76371487139986,31.268266862762395
103.66976453736451,31.213760579980477
103.5330404966653,31.07874147921193
103.53492902572897,31.222668387157043
103.66915993352501,31.293291150082204
103.57529535360321,31.223772425033523
103.52692734777244,31.137578720872487
103.64094901167098,31.147552616419464
103.58523600196649,31.12829816280725
103.5570528129411,31.15876558105734
103.74105046332302,31.29690753595396
103.69216612715614,31.28011419047645
103.63699975809939,31.298358380230226
103.9142312413707,31.500549451769036
104.08882227224628,31.67841627105094
103.85342094399545,31.7095278067135
103.8727364386215,31.57447053310728
103.76556923072631,31.51746343661731
103.83372943535359,31.569891998526366
103.87474492683735,31.50497055451261
103.89944310616255,31.36329786158382
103.93051688195035,31.355429818660216
103.94068130349179,31.42759995099347
103.85243711658602,31.3702205670206
104.03198563023224,31.480672125082517
103.91925402998201,31.512368918068468
104.01291505715874,31.509251592811374
104.03369550253305,31.466347726110154
103.8811784471626,31.46161125860471
103.85701817321683,31.5965298922809
104.30290406812878,32.8785177946963
104.51646471913564,32.88352758842045
104.73113833886384,32.646492397743174
104.58558104046836,32.832027046981224
104.64558677449257,32.67178172125389
104.85877229082311,32.55409376885921
104.69226300468546,32.6556879350334
104.60262666803546,32.471588386521226
104.61742652565117,32.56026125969097
104.53245416798356,32.5102247934556
104.89307665689378,32.72306672350745
104.96352578170853,32.69024483696394
104.87770518094501,32.732710782634484
104.73999076521898,32.558516102590886
104.5054369180611,32.53086355779562
104.3358142511042,32.653669238531506
104.33302869030439,32.7302099702862
104.58737928021485,32.635997973690856
104.53167953282735,32.77630311015217
104.10683912027156,32.82260486231128
104.24556885586425,32.744831570614856
104.18948872871967,32.95015425238767
104.06699979892915,33.18410672747514
104.05838431011615,33.127393487934384
104.20557025514005,32.991487183593826
104.36554417013049,32.76578407512667
103.9842370063909,32.73340784200692
104.07172200748454,32.72581170941726
104.1251935241568,32.701262104582185
104.16266224006647,32.83785526694659
104.13442284642545,32.9303708550571
103.91511338735104,32.721682121604765
103.94297247777169,32.807340375445335
103.89458463913135,32.66442952489532
103.90231713520565,32.692795407299805
103.88394640204896,32.39211956376798
104.00261997331096,32.39229310820081
104.11206636251252,32.54009183864195
103.88929165107083,32.69432045606772
103.94225293641959,32.67943002207922
104.00542437937956,32.51324825201959
103.97161758086929,32.486721131953715
104.07509315056687,32.46967102920367
104.05260687118128,32.699205202097836
104.02969431650936,32.90019481171466
104.0619648764588,33.14960707420253
103.99087771969094,33.04471720102661
104.07021241017583,32.86654573203408
104.15167863748503,32.77863520972126
104.13794310454254,32.725839267626526
104.0259545827552,32.74873516855914
104.24013059373203,32.94155319540709
104.23563842912283,32.56785051899231
104.39522455112103,32.617703483016875
104.5471888469188,32.81050456155217
104.42282966003938,32.63050582350073
104.56013798545376,32.69770696379822
104.75361275383601,32.75955783687625
104.75469820251358,32.75761088115761
104.64412383571116,32.73196910862457
104.6211975117489,32.80886078244615
104.6780543180603,32.583200607994776
104.36295425261692,32.73956155265918
104.3094685213087,32.58100194937334
104.43492564344851,32.56789004978714
104.72699265219966,32.67554034652031
104.63132192515987,32.724780692012
104.42802032808886,32.496089745798045
104.4937409890292,32.50724825880138
104.72391399902578,32.49883861233878
104.7006596207784,32.55233827398836
104.93393159004982,32.69008364730206
104.87151177013631,32.69403385385585
105.00294381058136,32.696090507607565
105.00914039738092,32.56595293225281
105.05329300304024,32.61541534188641
104.92582943609187,32.767151162220834
104.9843549859231,32.7292957227822
104.78898480373903,32.591136964912934
104.5514872454625,32.53515836808012
104.44600240426269,32.602291673666045
104.5675345999007,32.702756712605094
104.72742705499137,32.74495247274161
104.69522435126645,32.543835218646116
104.66943681624124,32.68130510693553
104.59086049350658,32.6605254382495
104.56118634212635,32.678624641944516
104.42080562010261,32.62362558344467
104.18036560375846,32.785481436057644
104.16984865924148,32.93621289732876
104.22757335073999,32.9991871204872
104.2795749783872,32.90012794884858
104.14537514054793,32.96921144479453
104.19413325421715,32.94510326847623
104.06933167692246,33.19699255977704
104.14531924561335,33.10638926822101
104.05164713193061,33.15123573596675
104.15352788807196,33.03876732844276
104.0496711871829,32.918071794603755
103.96306038038558,32.65668250384575
103.8209784218986,32.622988659819285
103.83031359172945,32.598406428417974
104.02080100366723,32.60166113609798
104.04824798344113,32.41169660777584
103.95674676517446,32.25525770240656
103.9147516973996,31.68998792676598
104.17121334961645,31.648762013831007
103.85962668051977,31.739315574994265
103.76181993410853,31.833452665366877
103.72934196131804,31.99969099854255
103.8477134575569,32.11927797496812
103.85187793461041,32.28789440935896
103.89452585732327,32.34685167977856
103.88534060395331,32.31828317832907
103.93139689363451,32.02733383278891
103.78623828564062,32.087039537135944
104.00300592077063,32.00007087825708
103.86829880790003,32.110953780171776
103.9320939908285,32.13214630130284
103.92314889058049,32.17181814200166
103.97387573360069,32.56369507320939
104.16088967046882,32.5272169508559
104.31177407496064,32.847990351092584
104.42237497977361,32.83371630767848
104.55637162330747,32.87425132027348
104.68817655665964,32.6397890719303
104.74552859273118,32.67590271036917
104.77319524494233,32.63878467181435
104.57592400109249,32.85427718591553
104.71011741171436,32.78480891876841
104.42592777499017,32.83347755123528
104.52920973852088,32.86127234497858
104.57384385903558,32.75013098390848
104.65427407214192,32.515601536372294
104.34106281131832,32.60370336480262
104.2620587442703,32.53633951616508
104.09204870924725,32.57644573137964
104.43854306946795,32.78697570794358
104.11919717628587,32.934694461117395
104.07778774367641,33.09370175219319
104.27192154251387,32.802790339573484
104.29142330145513,32.777413455094774
104.43156396326248,32.79602147356367
104.57809161738754,32.64091481294688
104.51497061663147,32.54612083673437
104.54266194444408,32.74375126455063
104.49834506441243,32.86647230467845
104.56873286361352,32.88015104718767
104.41678169245783,32.94830963426606
104.51902646427644,32.847793877460944
104.57851085893388,32.880424649841
104.28284714652668,32.68980646294996
104.54313506045588,32.75285821422837
104.74003307888455,32.77898687929836
104.75228421994215,32.54459651682125
104.56339675587664,32.77497315208439
104.53936213627962,32.618196925846576
104.6320263308322,32.552171682316505
104.61582234073038,32.79204667092873
104.3285353228133,32.84819066901015
104.24066963788727,32.7636597814439
104.26219540999199,32.77775386264897
104.3732605518219,32.69193925638793
104.17838340901235,32.69692629839512
104.12802833049267,32.57252332432381
103.91653047507798,32.567411736473396
103.85013268196661,32.518855507199454
103.91360413962441,32.71665620020313
103.87283073358554,32.684875937097196
103.88902014337181,32.575547632585966
103.95211230992676,32.4956973199996
103.97392292290654,32.51588743548296
103.90834427584488,32.33363573879436
103.90129187215025,32.314752950646806
103.9552479839943,32.335630800829804
104.18340289355358,32.18384844621476
103.94813338252507,32.432881019993275
103.9014173739919,32.41039807991598
104.04644324634201,32.36511799573469
103.98622615914569,32.611792197302535
104.1189679205253,32.99424114582277
104.0174915949922,32.978367105997656
104.10972741248246,32.80669959110262
104.3464958270654,32.991496907464075
104.25877000072754,33.058741789549636
104.3006620107981,32.940479273129405
104.27788091338967,33.04239251102994
104.06458661758435,33.1118334405135
104.24269727278876,33.01744898703942
104.19791546543297,33.04046516674355
104.24685428318182,32.992196636162234
104.39097916972092,32.669715596902066
104.28222986698728,32.80053576902989
104.38182577872504,32.78636086894917
104.07464670070569,32.74329231773394
104.13063833528483,32.81592090986564
103.99443804857638,32.89028944197055
103.94314352781035,32.8823000724216
104.1255779335752,32.88708973030615
104.18540567698314,32.863372695269916
104.10626716523727,32.818993733963666
104.14655346523004,32.839213121402594
103.95216734516781,32.651001512568975
103.82449590244336,32.65887157050167
103.85942370959717,32.57371868366332
104.16071382752621,32.444073660847025
103.80297514567937,32.31889190372891
103.97108249397927,32.1100283584757
103.84904619329225,32.22689093393101
103.97088672788493,32.291326656268424
103.95894020398971,32.42235154340029
104.13731951812704,32.47448670367574
104.07206733955593,32.558811421070466
104.21329001998151,32.744088249772375
104.1703594301725,32.602476494519976
104.42146570989826,32.532848485594485
104.14992676075978,32.547323210777854
103.95240678381631,32.38879496917834
103.82190625908986,32.396075585662594
103.95633977994244,32.19512465339097
103.95633363064324,32.240133240804425
103.95776976776877,32.38274564460495
103.85214801945273,32.32775403585004
104.08337424189784,32.1654332611228
103.95926218540254,32.05297552797489
104.0263851203917,32.11406005419717
103.75831792688899,32.11695778855722
103.76715552234079,31.985334593594192
102.30762398553487,29.829987531775494
102.32579494190804,30.069948249467522
102.30389752387939,29.89973588535963
102.63623531711741,29.94721609722334
102.66970556963906,29.971385412720753
102.6891818801618,29.92431695777717
102.58300072434768,29.9152449031127
102.42866304647306,30.120878778371594
102.29880681071143,30.0655308142444
102.32758536332821,30.111587809316717
102.44982380719243,30.06961545023255
102.6612544028412,30.143748371434494
102.6368342479466,30.304401700504666
102.7087328794983,30.29365836353566
102.77123084947519,30.18905415453201
102.73905291969375,30.253691836050546
102.63907285973242,30.275700255736975
102.50035039827539,30.189524823446348
102.61442454660936,30.15629398274813
102.71783533883709,30.352587463591572
102.4440659678777,30.371466847793428
102.50826591456804,30.119431621650467
102.37456614473719,29.820893757432458
102.38056035497206,29.749913747267644
102.63876272080138,29.66149990464855
102.61246443302551,29.93903819134535
102.62746493280302,30.10047771883637
102.49032783323757,30.0818887818803
102.38923303827278,29.9556879261082
102.40095938766832,29.9088223266686
102.53323759187055,29.953026566742185
102.36387951072943,30.023940863078117
102.4020412135089,30.20213164715651
102.46074379719333,30.385506423814043
102.37925928604932,30.055859265598905
102.3503470276118,29.74876786180526
102.3653659316984,29.947130717099494
102.42022195850473,30.20549149420185
102.497205583405,30.142191152851545
102.45414511875424,30.04365844226504
102.64417366767375,30.189590470946083
102.43823229303092,30.156148973285617
102.6126487263799,30.413541455897604
102.67948720539454,30.796156419424403
102.52711000159007,30.69528124244375
102.65221846176144,30.683709226312068
103.02067945122386,30.788327165662757
103.38652065897237,30.866287192162552
103.50116554515071,30.965540026852512
103.35995263239415,30.9937376509869
103.19610292370888,31.15770948987976
103.20110790894343,31.123191427713355
103.14099948767088,31.082987153449917
103.09356969518024,31.229232970540952
103.03956544332242,31.116597214363416
103.18319270075838,31.260902967870777
103.3057809445972,31.277434582224586
103.23999789346959,31.1731800879653
103.33324628181305,31.019772017708913
103.13006243829919,31.089274498186164
103.08691810308699,30.997769897776593
103.25967139070984,31.13298181907569
103.23796014948086,30.882589313596327
103.26919247065143,30.737329975806773
103.17157423320556,30.966900739825626
103.12160560620981,31.011343038940677
102.94145991579948,30.836382301709207
102.88295525084686,30.81081783895588
103.05337385553398,30.514855430602765
102.93401593203527,30.37166088950268
102.96331287744734,30.468153555565284
102.89300775884827,30.510269225091537
102.76363106365609,30.547325909060117
102.80865558820528,30.589207286055565
102.90001504410651,30.644607911540945
102.92292439431492,30.480399044908197
103.02597612656393,30.410529318426043
102.88640838200554,30.531186563574476
103.06732689924029,30.46921828286697
102.8807328072654,30.455811405986747
102.9600368973202,30.4013774765023
102.80393068724341,30.484168771398334
102.4881691266385,30.523297419534433
102.48165775083987,30.36755980727643
102.65857895591857,30.47057966505013
102.65173506150133,30.503153646930585
102.4936296127861,30.729733883216838
102.87588169851313,30.782330780978082
103.1589015111053,30.527676011988166
103.22743463479809,30.744992103484158
103.15061680047266,30.88390991430747
103.19003814686972,30.59311961048481
103.18318004566451,30.773628038876563
102.99309075514985,30.941064044094418
103.13984862316931,30.854724993453594
103.28575667242647,30.85209584351178
103.25521523145859,30.91113312106279
102.93907726612092,30.591096417819028
103.0764565155893,30.568748449351258
102.95259408015275,30.539768171963463
102.8683194766662,30.738064835610164
102.78092907858357,30.610066619034093
102.7742097348573,30.745870049756345
102.60717272738006,30.76303494984801
102.48753431951054,30.659767446983903
102.5669205599557,30.619142309651423
102.63289140030282,30.533987238346686
102.70993810033384,30.26615942331785
102.60463331393571,30.12508160199001
102.46062392401521,30.111816988572475
102.4447882329368,29.995363431695267
102.51426010900286,29.930818908364028
102.50445570644749,29.970402319923902
102.63230293702138,30.13992572267939
104.09412911069793,32.310099803972086
103.89545755463045,32.414213475245056
103.83752179923036,32.526483080060025
103.83874596380444,32.591945369995145
103.93743396001229,32.53422151801511
104.00284601810615,32.45806541912507
104.10159831867261,32.36520868750389
104.13070845525232,32.482950332934195
103.9523137608132,32.46088164044068
104.0126375212737,32.39696800208945
104.21864229564159,32.70412366185668
104.29401646186263,32.975921443555656
104.09967745503269,32.63972417330505
104.09440658108646,32.530784788193394
104.00232809454621,32.406905559808074
104.10145125605494,32.39728365864634
104.16703470412399,32.41501862251623
103.9101383992916,32.527816940194576
103.92663363883761,32.83334248449293
103.9630549083426,32.79279477782945
104.03953668472607,33.04245273417207
104.04042993560218,33.13412369141687
104.05813152304118,33.103666386511804
104.11543338044076,33.08285660909173
104.161118769556,33.10216483288972
104.21455628635795,33.0331662227531
104.11486326584274,33.0342101800352
104.22158781879735,32.893272364806585
103.90737304307096,32.85206646101177
104.05689548737368,32.90812638457397
104.22574872275258,32.84232456124206
104.26237367977323,32.74018266026122
104.07870460121748,33.02581551860169
104.16197221713975,33.021822718936185
104.10037685518327,32.82253784238714
103.94711782537048,32.842864580537125
104.12675237079421,33.060891345724364
104.19874491089332,32.806315103653056
104.06952289534333,32.868084380962976
104.22654625587455,33.00260043454038
104.23600388915136,32.799019570191355
104.32437358213109,32.91340990790741
104.3653466588991,32.677351128545276
104.58142607946996,32.72637895828417
104.87281003477625,32.74250384241655
105.01885757472165,32.568474910527286
105.23568763890357,32.62462906584925
104.9807907583546,32.593601175394234
105.16152610889597,32.60023451692027
104.98974698658517,32.588650962561296
104.69519373838169,32.52479777698861
104.76349954867342,32.56596633079795
104.30885897679347,32.56562675554571
104.4642216780626,32.68383869312245
104.52975272098561,32.854251450281005
104.82034322909598,32.71534336686389
104.78878972946123,32.572753739850576
104.71094886541269,32.63718301492938
104.47283412088453,32.60579349384693
104.52189476102848,32.57275073894291
104.29737972991536,32.556761706707846
104.55130165905712,32.61740961400984
104.67211242868352,32.57788511319082
104.46812907954244,32.490797343986934
104.56454626800074,32.677370701743115
104.66114196931855,32.44826117864934
104.72405075364426,32.624970504267814
104.55884487753887,32.84783647338282
104.41258072474294,32.70035553793465
104.38401271957767,32.731404569100526
104.62445761210692,32.57293304431047
104.56759233473743,32.51024765275368
104.69775398662355,32.49124753034494
104.73175530449137,32.50975551136767
104.75611455043595,32.65824308031686
104.52975829771879,32.61726424858328
104.57145299164337,32.64520144409219
104.83049459005451,32.77361875343261
105.04018838124811,32.67912540019048
105.23875866220651,32.69519094876198
105.35873911884472,32.65668649010777
105.12310773520664,32.566068901182184
105.22289677479056,32.691140085716206
105.04690671296399,32.55176738559398
105.08086016318433,32.58861208684235
105.10075552567817,32.56321524929616
104.91905679505723,32.66836886268242
104.81795764405743,32.8077530858126
104.90800307600395,32.76292409313351
105.03031197012827,32.60362452460376
104.92864992484722,32.770006693974956
104.75367552655216,32.793813172024876
104.41410544003837,32.705954586305836
104.88037487089733,32.632055689469574
104.75801138750118,32.54865382681511
104.76168963643073,32.49243086052319
104.62082053031091,32.8063594106803
104.49591708292722,32.80490814041972
104.63060041628718,32.760682542845025
104.5886146391458,32.46046285004019
104.45906454116493,32.650215546724795
104.45183220655778,32.50103535245988
104.43075623648042,32.60148579388716
104.57031108453354,32.444893680673324
104.5780389724037,32.59409136526095
104.51486645069329,32.68060733336807
104.61552826875433,32.68388817641193
104.88435996856613,32.7400946174021
104.76837845846586,32.59275266377231
104.63477621612682,32.73535495770955
104.35724360409591,32.65584757809898
104.46239644161676,32.54060793327512
104.70753427099861,32.524269742093935
104.83821103353397,32.71611365990937
102.48319803333148,30.633766328052854
102.52818032232881,30.652610666319227
102.74574910287141,30.642246644190802
103.07305188308221,30.902797353931724
103.05177376322771,31.26481979875309
103.04683356997012,31.06741105460801
103.00701342627347,30.742697825103416
102.9933355911237,30.688947013193047
103.22447094147311,30.63562462665974
103.08087037349829,30.529139255777906
102.99801703046386,30.562088460217222
102.98783103346125,30.42914595067881
102.72089501411762,30.56635558449971
102.89491011099376,30.76093217566299
103.02872921196007,31.039420108940522
103.10400226460409,31.275691865756066
103.15013487392746,31.25445378114642
103.16806369073804,31.273149840310964
103.43479451974297,31.341193753876883
103.13827586150347,31.143975307816408
103.16810954546865,31.216538525174474
103.29128671060283,31.211980507793626
103.36843984969846,31.270596689946558
103.20160868704154,31.317531758737154
103.24988371942804,31.260358678918077
103.31857847247598,31.208421529849343
103.39856248005935,31.32010096648371
103.36296640508476,31.194901026548806
103.30566636092394,31.05404416446552
103.26263906961142,31.183906507846096
103.21783574593562,31.027880981223348
103.20403666908344,30.863665656097883
103.30490880086306,30.627969011419463
103.11326220881566,30.778190353154585
103.08001940439038,30.63667182307619
102.78704516727456,30.61216148099361
102.82757913850473,30.445895641644785
102.8006975107802,30.48064851705793
102.8145287614832,30.451241543359643
102.89937582779713,30.358081957120845
102.79248026684407,30.431000627507697
102.81696324132369,30.438381616625172
102.88362695396852,30.392770370302706
102.98515277342662,30.42424672911198
102.87827743580603,30.349710226474414
102.98504033558811,30.412834016494624
102.86296966600356,30.585191394769044
102.85830540481568,30.78856748487293
103.02719379928554,30.94126156891451
103.29636463547827,31.00564617212128
103.26899413754826,31.154718441821398
103.36565753498958,31.260627548313664
103.30254296388483,31.26008341767451
103.31873124281566,31.135751298172426
103.2130917388649,31.27477255524069
102.97187454072865,31.113186048414892
102.98189919344021,31.198614914299895
103.03025270540817,31.290921354076698
102.938854826586,30.962825580465857
102.88157097072875,30.865122468650814
103.14437069509096,30.80133015994859
103.07631661979417,30.811858360456135
102.83102515894404,30.549760654473754
102.9923156582509,30.57080116096238
102.98673811965301,30.66938698112954
102.91672748581603,30.661069374121762
103.15143900436755,30.633092404541536
103.23810956099777,30.649289849050568
103.11785140249692,30.6832058775416
103.21654520526904,30.609557851321824
103.04890377642758,30.556120417762163
103.12721557922288,30.56842987536268
102.98591085787075,30.9921509262799
102.78238075217018,30.93145848924082
103.01595030906805,31.02226977797258
103.26788168402356,30.745455296026655
103.27447973904619,30.68821593923329
103.15752445464133,30.872773198709776
103.25696882254023,30.97442128370265
103.32086945156058,31.228992311208938
103.37498278772712,31.15664559169232
103.25960069189784,31.142905900631142
103.12485030828711,31.004759377737784
103.26921381127167,30.89304091562522
103.0745220591927,30.973785092562782
103.14383295715409,30.79521762454121
103.11126376721883,30.55608412241096
102.9390815984673,30.655281144433758
102.75553454022764,30.62247840221222
103.0899527536683,30.638216943275356
102.99468845861831,30.418995708371433
102.96160521473213,30.600133861786528
103.16257096859442,30.518633832415514
103.29506457261165,30.685230042703036
103.02345222591443,30.77891263623639
102.84964069111834,30.707628983384126
102.81704513508427,30.67175566704013
102.57027182559021,30.55246229617917
102.4656293947956,30.42353176930518
102.49480978640757,30.56352689277569
102.50972319833086,30.68804604809113
102.49381701434307,30.45746251332501
102.56831287997305,30.571347605293997
102.47680407498486,30.53419863541346
102.59325325043409,30.58173479947262
102.470863674613,30.64288893206213
102.55354109937271,30.542781097717512
102.43035921356778,30.332159258049654
102.44038813248511,30.00815962734565
102.61350440440087,30.18465672791445
102.54248402365184,30.11390081227987
102.5371902287138,30.335590880775765
102.42515678553734,30.39191980756513
102.51861465976138,30.210676981763644
104.07976086091348,31.860103643891854
104.15226913258361,31.75857086181687
104.18543345277314,31.78927952701602
103.93169807191262,31.6093555073312
104.09237361692405,31.689292974670256
104.22370360366772,31.63992774353753
103.92287365107798,31.592097265717392
103.99543440678892,31.47997065568871
103.8924259325394,31.442261322884853
103.79042196229598,31.540996693975814
103.8216044188409,31.48591721489385
103.77256244760507,31.463128349328375
103.72303672981027,31.26688158626839
103.84924614355843,31.341698874274442
103.8547493414971,31.354579553065268
103.59322142781235,31.275158320358273
103.88989308550939,31.421694120852234
103.76109775761456,31.410011628451993
103.86346559014216,31.423545861313308
103.89198501551,31.3801865625953
104.08793203001926,31.702228215167622
103.9825616794362,31.69986839604185
104.08514779889119,31.657769497586184
104.09956911860912,31.644000905924287
104.09531844212336,31.875357204746035
104.06401118146154,31.560416079078976
103.91793817049225,31.751535708592286
103.85133201518083,31.458790850078326
103.84585303871677,31.530102749558353
103.82307116141168,31.604424543116764
103.9525047222402,31.601338054027856
103.84486011256732,31.76651292470339
103.7015149541368,31.867980917633464
103.90080378600577,31.801364975639245
104.06137420118289,31.946762062076292
103.91808373060226,32.12351954397509
103.96985692256737,32.220208669094376
104.01631673597382,31.889588247374505
104.0687070968918,31.86783948687842
103.80621047265844,31.87363204894095
103.8888769213547,31.8433452291538
103.98361111310332,31.943602216848493
103.90206804764618,32.137239662793746
103.90177577661103,32.21099887102859
103.86302809174333,32.2525815965734
103.82977473618882,32.36225101958243
104.09060254692436,32.42906365823345
104.15724956157428,32.2348352131527
103.95694636333046,32.49953413905502
104.24276909626498,32.577149025140365
104.50272897319165,32.84660978463859
104.29813377115545,32.9829061443439
104.23229322132894,32.952783571650976
103.99692348669652,32.73679466942574
103.92903759015344,32.64730581189561
103.91468801658333,32.44451181886039
104.03481505413754,32.35738079885643
103.9325991300021,32.36734221981351
103.94943237428251,32.121027142411286
103.8786513695623,32.09391244938856
103.8593664220809,31.96575023362412
103.91299684875626,32.072915148709164
103.77572422602061,32.11144881904462
103.74472630458821,31.846473778721585
103.9506989206478,31.833281990295344
103.78197246104858,31.848243216285017
103.93359438526629,31.827227250953193
103.97231724719893,31.719977977207353
103.99850776113095,31.7074765670856
103.90003366388292,31.549222980364902
103.79362916911276,31.472791649353695
103.76518757360442,31.50909232435519
104.02030327703395,31.568155945800896
104.07339916127667,31.64198742486167
104.00215573439033,31.538078449760658
103.75190516770755,31.2941617168669
103.84464982878586,31.38662201921133
103.93079635664087,31.357472169168123
103.90988895075938,31.386949447585604
103.73912617197622,31.35533596099988
103.79916097205621,31.3273742711591
103.62790248176543,31.273514830795424
103.60052811421117,31.15816534451813
103.56731638551545,31.244213071265268
103.64074266086736,31.19628707710468
103.73330275061555,31.25420300922394
103.84644829069715,31.552046971347593
103.80615731905627,31.481849602612783
104.12630195432635,31.783225544040477
104.1051829186172,31.771415413696396
104.04725262132746,31.684871008782203
104.24794696080471,31.742136413258052
104.11509595654753,31.672935332979094
104.03108786650752,31.737233664882854
103.80831856724397,31.450402296196472
103.70172449310554,31.35840374053137
103.79513612140792,31.434944059604007
103.55852390777453,31.230924944135182
103.51058875507388,31.09598693342738
103.65267524528137,31.212524224451684
103.63671257821713,31.22837612424314
103.63359254048846,31.19479519033962
103.57333852374562,31.0970105139195
103.53317938699261,31.112054732426426
103.62803040536488,31.236805498765253
103.61677533245125,31.20783642109514
103.77339006038775,31.317825950085236
103.71000705478838,31.241075968716956
103.69487796816097,31.253795152085452
103.73638130024754,31.376464140636013
103.75459366449587,31.466564238091433
103.9083309398185,31.621660562495755
103.94739688554783,31.698457448514503
103.74419938750674,31.875355513392677
103.13005524666822,30.69707835229028
103.28130163260853,30.68210030286769
103.15687621268263,30.6572878746936
102.99409370124982,30.913846810656885
103.04190310996582,31.053496497800342
102.92223132195687,30.999210221414998
102.98145423755433,30.987062135007974
103.11751578061319,30.84214921344048
103.28364092434794,30.91485593209959
103.1784174936988,30.609373650070847
103.02443932264327,30.864246091741226
102.80022537670145,30.848510341786227
102.95865464671591,30.853994036847748
102.92596131683311,30.789282697168147
102.99135682388574,30.716492294353618
103.0842531614763,30.921139352693768
102.88926925885367,30.689626717663984
102.64230055866223,30.629656033259742
102.76876376255927,30.464907718793683
102.79135500943093,30.433443002733892
102.59938431961612,30.654559404196153
102.50328498087681,30.618843370850087
102.74418683861316,30.79210966050966
102.78559486489041,30.64961016080614
102.76257781302365,30.593303357872312
103.12847441907697,30.65505929622216
103.3917871066298,30.830456879352937
103.30781666294283,30.687584711833694
103.19029777156135,30.727778304476477
103.23998189237037,30.74376894236162
103.21487085442072,30.66076260892712
102.90680265419975,30.581247178686883
102.84963543575445,30.80777408152662
103.11446769645258,30.81379329407442
103.27200620288133,30.65350154129586
103.27481637932371,30.68866092306487
103.08146685109158,30.708290632621505
102.95805663300618,30.915799304109747
103.15518591689273,31.009019793192945
102.981847154735,30.93872362726446
102.96906284659997,30.844435901225978
103.10925648178052,30.89951207789686
103.18029275195964,31.120046271606835
103.0990015731568,31.107430138832576
103.23443666297199,30.854976920237764
103.09854409821168,30.677045586698164
102.99290638736362,30.41859863912783
103.2131518267472,30.62425372335004
103.14926439972217,30.585846734987708
103.17652818386088,30.528000132258864
103.10329715229106,30.70385110218174
102.91231741186948,30.583093467420802
102.87819314769717,30.510601533116155
102.86916032810046,30.51689123526527
102.91927434092065,30.42851614039877
102.92277957615416,30.628424068860248
102.98118853639501,30.49548896237964
102.93146718628134,30.548407483920297
103.02915488721464,30.525197587210755
102.84461963613273,30.51484794335495
103.04444193225676,30.611925845230015
103.2295888659018,30.681905037962547
103.27565248870562,30.858582859566052
103.06925321224395,30.764590144550564
102.95380183525168,30.901863165174582
102.97829586349137,31.013820787325347
103.04016178326575,30.999818778445213
103.00449580442829,31.01602320478672
102.91896838945411,30.909582117394915
102.96190517335637,30.811929132854463
103.21734955364106,31.0389194613306
103.15351223935599,30.96486437613663
103.10365600792218,30.927063728462617
103.12267985023998,30.785837684120214
103.06741918944186,30.886444025507892
102.95698587212465,30.95791712031298
102.90560297379503,30.741979686865644
102.92613822000148,30.781865545257606
102.81383235756711,30.737160097763642
103.07445920347088,30.620553190472503
103.02408396587755,30.795802882457625
103.17051182007279,30.71200259456351
103.19079331670889,30.910132283966977
103.02742064419634,30.958206400034253
102.9734985906059,30.757729479117838
102.9736572528178,30.71393272562871
103.31382074319836,30.9964518324958
103.00646692075236,31.05905923100554
103.03134469275928,31.041045828585624
103.0006181880247,31.26804859954984
103.0103564772667,31.089870735675976
103.07357461181783,31.267028402303644
102.90666955176641,31.108070925839545
103.03189626085457,31.076542112421023
103.3542747025954,31.159616252590535
103.31128257664585,31.04500389962666
103.19981325262633,31.26164914052095
103.1480773525416,31.280317807061436
103.0543811455338,31.169312554849785
102.97837512251532,31.058885726255156
103.02788803879177,31.07591072237414
103.10179941844841,30.842281415097897
103.00094477179515,30.74565666037103
102.99781345463694,30.653420081621302
103.26607357716412,30.758773209864504
103.25921546561007,30.75515113840725
103.02567613461736,30.800669777432816
102.94538674030447,30.693744654289784
102.99037689071758,30.604879353886194
103.08664396478267,30.598024767013555
102.95907818531468,30.668150280032513
103.18134319148264,30.80055162123894
103.37487131890384,30.901612833222458
103.48203051694634,30.857673288720488
102.97647598100514,30.86879943871985
102.96188761255293,30.725593214288562
102.95178436736566,30.822334485923466
102.86766493993504,30.6912157486547
102.9311368911103,30.741024483592316
103.09419490384258,30.714373053594837
102.99574630265893,31.010864090851122
102.71132946915321,30.779064137862395
103.05894314869016,30.87848247096751
103.16603122765083,30.965275193651255
103.30829922704667,30.87646491003833
103.36942489073104,30.970293753362963
103.24717363809788,31.055671812457547
103.14097720137306,31.077772686792347
103.14501039782748,31.170017372095817
103.29324126538357,31.23794791359187
103.41770719526993,31.386082616149046
103.36142149013943,31.233545931976668
103.20699340372103,31.302653513267348
103.18472606770936,31.124072244960644
103.34516557135237,31.032382587266554
103.38941618674464,31.301276948470157
103.21834896197805,31.344729306311525
103.3811588174511,31.29695370918842
103.34006080778686,31.397390247165657
103.2441088575301,31.196843415012673
103.3207711834179,31.349709004965643
103.25049278436552,31.167867154382606
103.26136023531659,31.383945824600755
103.24836304575732,31.241685060820227
103.10911448738952,31.138758226629523
102.91017021179267,31.16868024569167
102.99059314623364,31.13202176504325
103.36390422920698,30.980896089532116
103.37738640299084,31.0605361179497
103.29278383860213,31.291666529307694
103.22418214481748,31.112658524586845
103.03740841473868,31.143218593965322
103.0356864375915,31.23907034807615
102.9577253456492,31.238968225912142
103.02592420217213,31.17581170638773
103.0606757409153,31.20960929124188
103.1499451581634,31.069909829981732
103.06453901257044,31.033386440738678
103.34745582252653,30.784763548705072
103.1712804877214,30.58529653563943
103.04293719469305,30.616769425722445
102.85808269817606,30.60193398869957
102.47919683444488,30.755937938670545
102.4362146927969,30.55318293580152
102.49933722949473,30.65911319377176
102.49272676739794,30.59538780824349
102.57782321846233,30.553820444554837
102.49110512328552,30.413111587846533
102.47616950334466,30.485468347988178
102.55778236369557,30.49141644182754
102.5371876769116,30.408205094171212
102.6211401443173,30.630491289896575
102.57119422571385,30.721318666416426
102.66478166865797,30.753084660869288
102.6880245652381,30.80442742274923
102.7652905023121,30.552873295246776
102.92245508446597,30.571383982929937
102.67378270674959,30.796157564653143
102.74826391766385,30.791868764059046
102.62206417718915,30.70269920995821
102.47944496589406,30.393264151889323
102.49547078594831,30.37892821197499
102.54385334649659,30.175511288231434
102.50072048790908,30.113613994245426
102.57542430722137,30.160023158278836
102.566357537538,30.141592642327275
102.455811364957,30.360530053006766
102.59264254766647,30.311198708232077
102.65089298817097,30.24022625436704
102.73749539056072,30.38720270304057
102.6124374281876,30.27794001477531
102.58861881516383,30.497116079505084
102.44733401096613,30.36820362377657
102.5676198361991,30.300150194156867
102.67498029440314,30.281834063542878
102.54740724851801,30.363562818660796
102.48245069760623,30.388221259044435
102.41608310548631,30.18515151293481
102.47959887589208,30.15261454176618
102.43311983643511,30.16841586004102
102.45114153323986,30.2052465379517
102.54111370486608,30.258197101101327
102.58165164081103,30.194462861299016
102.52495854147266,30.231397639717446
102.60671452108666,30.28713722318817
102.69214559768018,30.24504231798468
102.64514446652024,30.1117296549916
102.75603864965119,30.25150789350243
102.69641819009529,30.265934728232434
102.5041983360503,30.61735910727826
102.6285749516976,30.785648380267446
102.49793155655493,30.638604337078092
102.6633222338535,30.788370084619494
102.59916733472882,30.76178138692427
102.64925082492118,30.644307459945214
102.90040777422878,30.618404421514423
103.0045403801515,30.59536422713821
102.91620891906094,30.490815269811907
102.86382625884977,30.487012808011553
103.0966960256215,30.586524514329785
102.8613586694149,30.582967909405134
102.97574279649395,30.457374550385715
102.91220690584264,30.434811698278757
103.09016744309643,30.713377264315774
103.18185223543409,30.583074015387073
103.14998943243755,30.510525291560644
103.10581372653859,30.456326142665283
103.00652671952967,30.551483974492584
104.2864886346724,32.055069619133285
104.3769186531748,32.31144803054209
104.17108778062385,32.35667201159549
103.9117448351739,32.30558092972985
103.9947488752809,32.18170040889442
103.975471756785,31.984685821974423
103.83355387819755,32.18399427686105
103.98451226370462,32.39753481914384
104.04627241695246,32.11860459193537
104.10255608652466,32.06791568062289
104.1946400432523,32.16509729875744
104.23250402288423,32.073156575428214
104.21712383405331,32.211684134910165
104.08047833979751,32.34507405509787
103.95823157489998,32.30760610283617
103.87460311704749,32.19479853707925
104.06966594280757,32.18003800173238
103.93207085795424,32.1433690794913
103.75702186084337,31.914533273022535
103.75527448871301,32.0046570127534
103.92317166431566,31.922278716412023
104.08678948249248,32.14087006222017
104.03408739634719,32.112597912237874
103.78198189303949,32.11427967222062
103.98422149739275,32.29643394156939
104.30568186399296,32.06884116106693
104.25285971018768,32.16551238099414
104.12356173241061,32.24897066707182
103.93207057957311,32.36674517930979
103.91786088692119,32.106005307044846
104.06255290910676,31.85876401841077
104.03517365068026,31.866295415278092
104.05244908862515,31.8362508456931
103.96737811343823,32.103397594104784
103.88008750629203,32.03819087517618
103.71215779524135,32.0417316467551
103.84211969750628,32.09628002819878
103.89024561586079,31.966025648504793
103.76302982850261,31.89171774438013
104.0102250590794,31.955985825006294
103.86101971351115,31.887552330167527
103.85291383356962,31.9958417549442
103.84658262250764,32.035330872897354
103.87586441168028,31.75465979492227
103.89207687819624,31.862439300774234
103.90885068500107,31.978359670458868
103.69693580062217,31.840986753839648
103.72636600965185,32.03927224266151
103.73713081712279,31.838308955445058
103.78141570534156,32.094777048008574
103.89890484603875,31.881510596397632
103.9339387094243,31.86261351305826
103.82819032755438,32.02711608542436
103.95486371630639,32.116508868873574
103.8314296485391,32.41218546091326
103.94906263481141,32.62573488131933
104.1596872416033,32.72538173151287
104.27086924978468,33.01679695139049
104.18111313540437,32.97373507688045
104.00097805587923,32.82082951448198
104.14401721060686,32.8000733706087
104.13761929786429,32.74920882593319
104.00024482948797,32.64521307421404
104.10822781469965,32.84600915046667
104.09911685717435,32.77214707303378
104.53709799267814,32.82373844356765
104.32533871456064,32.64595659894792
104.38629936778534,32.576394673055205
104.28355978575026,32.67866787961608
104.78809210186778,32.781036506504655
104.59690262743466,32.878339471379775
104.47464162048468,32.82623330026439
104.40743452769725,32.75397426104161
104.17277696512885,32.57655613999103
104.29773013208198,32.684307471559194
104.10468335784196,32.407539430917666
103.97980899579467,32.4035827150135
103.90874886401743,32.45879119575835
103.9212054243651,32.70375817418803
104.04982046424648,32.79074908668969
104.10810519468544,32.94156624731546
104.18293221328884,33.07914110067031
104.21870520925607,33.00384858520928
104.2186769854189,32.83559957246593
104.05037981426734,32.94801621901302
104.08323238369631,33.181559026938515
104.1835755433198,33.09329410815938
104.09284663547801,33.11659817287106
104.0807414340596,33.02922567615567
103.97739949479187,32.71329725530764
104.07031644774345,32.76721888746541
104.02342707856225,32.799126604312114
104.02043123362529,32.732253670952055
103.91974301684355,32.57975087337096
103.82491303651335,32.59767684963665
104.00516037542879,32.32374718916859
104.16547086748169,32.42409739477227
104.28047580705385,32.27835995296699
104.31342764712372,32.2100374475739
104.17709350890223,32.28651637893994
104.30853772595705,32.155914584913084
104.24549442665487,32.10880659509631
104.24698447695319,32.2632512912488
104.34497161676656,32.11233373638072
104.33874659024198,32.11032874859511
104.37076226084058,32.0723749781908
104.38820408611772,32.064021929396574
104.36700640564192,32.0738614154579
104.22101153716099,32.26372405029393
104.05637806811954,32.122213487621174
103.97702413816373,31.89119363155324
103.95163230498214,32.20742589100534
104.01803717525593,32.07978439778109
104.02439843365444,31.988597055281623
102.96453405005111,30.5015099702729
103.10704820126738,30.548150808552098
103.08070392908776,30.67894755706183
102.96562772782191,30.59754137968347
103.03351775072787,30.654280835258948
102.9452456955468,30.556933582820008
102.92318300192656,30.33684400079203
102.83076820155786,30.371651439893494
102.82796029240654,30.513081513095923
102.80693346500478,30.474334892299332
102.72745042344503,30.656500779713458
102.82565854786984,30.555857035813577
102.8276287866687,30.44899604174632
102.9743139727654,30.559476688891404
102.78992816828018,30.724832932152914
102.7419694525189,30.81782681997834
102.58941477162857,30.738128970400908
102.77866560657978,30.80029805072166
102.93441262937448,30.73871497568451
103.12888504724035,30.759393402162093
102.93020794695028,30.380170041712834
102.92621753831123,30.367216735369837
102.9569078781522,30.6753617266306
102.53698689293535,30.63098712146903
102.71933713438946,30.85110008787171
102.78368577444742,30.87387325259355
102.62725355117115,30.72394309929039
102.58276402690016,30.84812808990669
102.65255698322656,30.711389270878446
102.44538673415047,30.497509027152915
102.54220061141034,30.345230209467744
102.57127316424742,30.10164586206882
102.59217153263002,30.30899560384459
102.71562966632852,30.3449053600489
102.63795226852922,30.288992193971453
102.50860787354888,30.27078932551944
102.53540847930917,30.09654449037997
102.5858586831616,29.889874955606636
102.47392603313426,30.016281128576612
102.37653014803801,29.8130103998059
102.3481401879759,29.84284236207782
102.41984948450593,30.003458561375815
102.30701121599996,29.95859226100226
102.42324075496397,29.751382678261784
102.61710001906332,29.685847909068492
102.69972591483362,29.627727091258922
102.65487187891196,29.70974403722915
102.70573244586488,29.584761866726094
102.75102090068548,29.52577454695778
102.6837932229246,29.584995847966265
102.63502834079151,29.7004503214815
102.83522688333389,29.617879595552136
102.73741246862933,29.558751464481176
102.72902303707939,29.609991769600885
102.75906553698029,29.54897404898804
102.6733927486746,29.720405839907173
102.54328830461839,29.728982291371963
102.66348409143357,29.664967149419354
102.73306838554265,29.651729370496305
102.86475634781755,29.553021804555
102.7084078241876,29.532550692714906
102.72064726478736,29.664066193604974
102.53370672107962,29.731816222917484
102.3530164205625,29.843684368753586
102.32428610157966,30.01811216550806
102.40495309773921,30.187903546628004
102.4896725743951,30.134556177887028
102.3146302984551,29.98170250139941
102.59276364702188,29.873297534852465
102.6508992703377,29.962746737242572
102.60428986210016,29.946893838101868
102.4139614497928,29.97821689521417
102.42336631100068,29.956361646147347
102.57140033053629,29.989577645170943
102.50733833110733,30.20444439926397
102.42325286013073,30.305713283682444
102.52483708564262,30.11546875755879
102.45267863036264,30.215372944272236
102.38266265929629,30.04346610782326
102.49718735233671,30.021299741734314
102.43947425222107,29.976046319032143
102.34035496598486,29.9382018534971
102.27942535082042,30.02737668059272
102.27083449403754,29.886221246647946
102.67028161525255,29.649903041081863
102.72209067877029,29.51119952325036
102.79412104340892,29.62275013662842
102.6914459271711,29.657701533161124
102.56736367173545,29.67869706877527
102.43516653856213,29.720031957063686
102.41130516821117,29.73053313806779
102.33898658662712,29.823615944594447
102.41952786661268,29.86841942742141
102.41523680531637,29.86947502237503
102.58956896155314,29.872788013460212
102.41433213004039,29.95246670933845
102.28073336283109,29.8856785145779
102.32569187671703,29.986197920403587
102.35802194422163,29.95921061897719
102.41907649715816,29.949022623671866
102.32766738735371,29.85455395823744
102.48692950925198,30.055658376756085
102.52826726799488,29.84098751464339
102.57479805277224,29.96480322718652
102.49010431588256,30.152387903922715
102.6796089374706,30.19784661225125
102.33029018932017,30.0663804306235
102.5623815239248,30.073735707599692
102.46400995333111,30.281780678540528
102.49683869196534,30.23167491010747
102.53256483356304,30.37693694182454
102.58748022870326,30.64996613323088
102.48614710723331,30.749938976085794
102.60850575110334,30.719027608867204
104.05262265893546,32.950358850216354
104.0317290325435,32.90488525477281
104.06780619954834,33.03733940212814
104.2638123495289,32.86363145973576
103.99840007649658,32.6782945325906
103.98998474917836,32.6179797711895
103.84117333372627,32.44020607464833
103.88521551046465,32.44695500868429
103.837087025656,32.309938922549165
103.88223266040791,32.29129701393049
104.10795001692613,32.212348263065344
103.90107950821657,32.36842173816054
103.87058289450076,32.368042614717375
103.85396968884388,32.446455314211164
103.91574048379775,32.49395077161324
103.95208886173752,32.6057960756878
103.90292371232341,32.71257986991177
104.12940735381152,32.568003821175274
104.06007516735245,32.49758921761
104.00514264847367,32.58549357518632
104.00881954253944,32.436249542951984
103.87446397014773,32.61546258109406
103.93312214741385,32.67153465357946
103.9250849213327,32.45270039113045
103.88651795195504,32.60870545656935
103.96364948816876,32.79362050508983
104.09221857634034,32.97377855015334
104.36017841411159,32.99640799452969
104.2276444692456,32.813936004528856
104.53417591390917,32.76908199157944
104.55019417940625,32.84876632915293
104.58145643881083,32.81027637994717
104.51056065459086,32.54932217111871
104.18219685811043,32.69194312342544
104.0313496245369,32.716393825957944
103.95578036551593,32.72887760595655
103.91611732954884,32.900233080273786
104.06593359073523,33.09541699707806
104.1046611940932,33.162262926132854
104.07080245361674,33.044686422125146
104.05120425818245,33.19771361745171
104.24385695795218,32.96569515938047
104.1837325454985,33.04227537051269
103.94168616566897,32.617194040666625
103.90335122894997,32.65000156431637
103.93922920065451,32.64634504919392
104.00923930373165,32.85102760720505
103.94231359697548,32.7944681544237
103.95616007151632,32.81753612993406
103.87555790832732,32.690346788561264
103.95352276143292,32.762962316212565
104.01624561285918,32.97593189100696
104.1582159239218,33.05973504461476
104.42360829526382,32.72088438681667
104.21391825688346,33.06634637157465
104.18783708554342,32.90834718111712
104.09563181029375,32.89086060659149
104.19147724619974,32.84395016189565
104.43023136822467,32.700704898047235
104.39943318989387,32.85852604407982
104.25400447778752,32.793937374830776
104.2117433749813,32.78789292600173
104.35112718140073,32.732203524417514
104.10322089112456,32.48506335199941
103.86599774572774,32.313475038621235
103.86413423307673,32.09283629335546
103.86658099744567,32.12852642289453
103.93591804480835,32.084157077070756
104.02576119141918,31.95728044302286
103.85981455957045,31.94070169505987
104.09167806813903,32.060151569573904
104.03936252728708,32.11172011103971
104.24460498833325,32.22700421577414
104.06221629294525,32.09891925302078
104.00047782137884,31.992630905407196
104.05465955089616,32.04604150316246
103.90213680048669,32.19462030594262
104.0461675757917,32.21350477712459
104.26191109417806,32.2392044710091
104.22978291967252,32.27166639240348
104.1153598632603,32.37235507827908
104.20016989021848,32.29831067076344
104.07002211690025,32.32657879560459
104.12034097723682,32.43195560952906
104.17742543878198,32.4310432271055
104.23902570362942,32.35174384467614
104.20701885576025,32.14977078262851
104.10028144939425,32.36420294167295
104.23414309383902,32.21642106892453
104.28320747111748,32.27407384442588
104.21149260639442,32.34669321927896
104.17273594827374,32.28786218545218
104.3099647840214,32.30855543275157
103.90029580689458,32.27538220567715
104.04498475590329,32.27494544790968
104.08756604163219,32.257704993117954
103.90004476443535,32.13475713500766
103.95931952855048,31.911477767524207
104.01677308153346,32.167031173174315
104.17470470138468,32.26321798953424
104.32232945959623,32.29007903708181
104.1012103739837,32.346423375157855
104.18230341649317,32.43463554781022
104.28185611941889,32.7621491963825
104.28144712377228,32.76026092185526
104.18620188889533,32.7669617013838
104.06095357057752,32.7244124281828
104.11673357132281,32.751785054352865
104.22616060297308,32.67219315397911
104.30768498376665,32.72666345193424
104.06336051963542,32.79682545449278
104.24493211056975,32.78692394291202
103.9052149503606,32.89259760532994
103.93404035017095,32.733510028414706
102.87994755248242,30.763216814098733
102.82256579443629,30.757641723485367
103.2033136315146,30.82536809522378
103.28819057817721,30.660572870127663
103.2936370071301,30.8106738434796
103.09180775660293,30.849862109569642
103.092678435113,30.781961874773852
103.02206345679991,30.604123058702562
102.91375684507861,30.613898490121407
102.87626354896956,30.370601332707
102.84381175428857,30.585958191153377
102.80393663178786,30.7207728224597
102.64920794997266,30.649804659186614
102.7775015348796,30.766487297005586
102.73446350275238,30.878210158919444
102.87628770915842,30.732544839008888
102.90700433719601,30.79354664262236
103.2746056612859,30.64282106969335
103.31048714696423,30.807298702726463
102.99832472858951,30.677445725835252
102.8748374386055,30.532837749235025
102.81226213332897,30.501693065531555
102.63767624971958,30.727369552093013
102.92066623958421,30.458282439134628
102.96108667736104,30.57089388433558
103.01204226737875,30.402503722468897
102.92881248687632,30.441629135765343
103.05500238508785,30.55447282198085
102.96744928382213,30.495554732899343
103.33803192459891,30.782216926052875
103.36947881158717,31.094992832664158
103.34353776155126,31.017622282754367
103.3497111985448,31.107299202219757
103.27221448540924,31.039862905188507
103.191506977592,31.11652505913928
102.97024542353651,30.881034487727636
102.94422007096533,31.14290191934257
103.17894667971122,30.770568938313335
103.36156846912591,30.849046532323378
103.24030715713752,31.017854187443394
103.15742542793934,30.96043771344878
103.04554666962854,31.00103943258865
103.16693400544712,31.006976454308855
102.992184165967,30.886956751577706
103.06175786435715,30.673582914481816
103.21149451485464,30.634393030092433
103.11969594658689,30.45580022992876
103.1106081884257,30.42631633199079
102.85453670764913,30.552724141048092
102.45249999148535,30.399718581554154
102.63731650206819,30.266509019081465
102.60261548052026,30.479922086810387
102.54313823020132,30.428008644818735
102.50567154795023,30.404191601866952
102.6640621205171,30.49758767862683
102.65897762364848,30.472498388110807
102.64707008646248,30.514999324083565
102.49325728723711,30.386942665491258
102.43221159637827,30.34413192341907
102.56045268440916,30.17848506832552
102.48055467101565,30.51450366019431
102.42197575457686,30.38649603819736
102.52771333469691,30.358152762855568
102.45480510908699,30.27463522469733
102.60726598758986,30.548584568595373
102.56432695079121,30.77382538350531
102.57224624899695,30.810982049510507
102.55691877709191,30.552470510466723
102.68636826922649,30.289847532126817
102.65913808907925,30.22616215597968
102.36556235803491,30.126527613525237
102.50241133266294,30.426086637202886
102.63686405376563,30.474141408319326
102.57221877970625,30.463967686701935
102.41067246371539,30.28309695688507
102.4628549229302,30.366967101671868
102.50749269815239,30.406964350020672
102.62162571199762,30.34657531624692
102.5296652096086,30.203777677318495
102.54864016000057,30.116381611596964
102.52987999996911,30.087312660094025
102.33580368435854,29.836827559927247
102.37396468071914,29.958482738828422
102.43687916290884,30.034861135497884
102.33299975931709,30.191213916606873
102.42958563598337,30.380653720594392
102.58797111055398,30.17258023696409
102.5968862383243,30.440522316380342
102.67324089395,30.220344637502787
102.76053623388628,30.295007270732306
102.72980838679057,30.36509382969071
102.57219485593765,30.535504294234247
102.47377450670152,30.231405205034758
102.3829434955822,30.211933770427446
102.50380349289823,30.08499799168283
102.3960682094136,30.079437755850535
102.33668652108578,29.975343008145266
102.37473824190855,29.860940359138365
102.5626330077848,29.998371103810417
102.32815565351979,29.926885639024523
102.54411445859276,29.91400864307111
102.46760518989807,29.73382557874339
102.3717597909921,29.993314694954336
102.52335786480276,29.893895990668256
102.37773955556224,30.222514385940965
102.66255262663881,30.316908278345505
102.69117754248518,30.20606595717248
102.591252556849,30.345866141527306
102.65964776139734,30.24778838273756
102.57069724986691,30.224873967055554
102.69455740788335,30.241895252065735
102.72372501005803,30.300435053816372
102.74302414326658,30.318840144235075
102.54896967668584,30.18145666895747
102.57121846055084,30.138413599393182
102.30368893140738,30.07575155005946
102.33764532391604,30.162629813487094
102.4100387855732,30.262733698934444
102.47066383961948,30.302505918617808
102.4246522034721,30.28462813654786
102.42879081707156,30.474113847077433
102.60792923691871,30.38989423225936
102.43441282654139,30.380067864006403
102.4452379032565,30.229464499800386
102.56192283301526,30.50973004972903
102.5492636611853,30.463258661284684
102.63316388856784,30.344821830816244
102.56018627277948,30.122527248916665
102.64834667280535,29.952562558520437
102.40646174817779,30.13040295387126
102.39818333364617,30.12873531213426
102.3394905092991,30.033371558426627
102.3559294272936,30.181964381187083
102.43732242211622,30.128297108659176
102.49762908844271,30.05144551874507
102.41888899947728,30.018166353978643
102.29565575530913,30.083394042471575
102.55514289419304,30.104638342631468
102.51930938489272,30.11679739038119
102.50829515627387,30.298708472902817
102.61091679805097,30.37627577770786
102.51808884641825,30.504454221758003
102.5263043835417,30.6320106956092
102.58938862897953,30.54115016866435
102.50924202850081,30.52506893257801
102.72045827445699,30.2864306867539
102.58272891020991,30.078129517765834
102.41504740113896,29.81404095294386
102.47459647301255,30.02714693042371
102.31447967845902,30.02012124616701
102.47097728400936,30.110839024459164
102.4955775266423,30.24505744163942
102.56716995584122,30.12677885448462
102.49695344457974,30.298120402074623
102.46868992517138,30.428176288574473
102.58774305195554,30.24775390856087
102.56747359393857,30.227106411203398
102.41116764983161,30.06274666743092
102.41133483693994,30.064364380744088
102.3823719713107,30.084831992879927
102.34535489376051,29.741871612898688
102.34720950920786,29.933295956174025
102.4132969699246,29.828793427904884
102.54501633599807,29.921149462997768
102.3961324474308,29.941049567189612
102.34863696209509,29.917269952378287
102.30162028759699,29.86017065368082
102.43293906060906,29.948815961986693
102.51527586803842,30.134338143515198
102.6134649938763,30.31536661448231
102.41670657497231,30.14675017972422
102.39846236545955,30.23391473127107
102.34204758041663,30.096354910849374
102.46374881743586,30.403108487353947
102.43246471639094,30.550960394372076
102.48561361663916,30.684454097563147
102.49583207422796,30.744025856617895
102.71517060533247,30.81805210602255
102.80870691799389,30.460650097898128
102.85059867869488,30.673061346854613
103.06974311815343,30.888910170366398
103.24307031414098,30.80558851272562
103.1191528924372,30.75032205225048
103.30527809683588,30.73686601096416
103.2684318635543,30.710200229169974
103.23812417718653,30.7735204054779
103.1541759684554,30.565217321260583
102.9721069587247,30.59846835360243
102.96244414504898,30.63219927089694
103.1712055068297,30.73427767875368
103.28307426032889,30.95351031964673
103.31525214809749,30.970436104410965
103.27220115891919,30.953704183771617
103.26731760209137,30.82920401894776
103.2450441363704,30.745855230854342
103.09214754438905,30.737154769974907
103.15687524433415,30.584149517923443
103.07046837787533,30.788428271708156
103.17136955892322,30.59721397316745
103.2171615602347,30.762801216651145
103.36156923923835,30.898622985788375
103.17233637556348,30.88458040757213
103.24759490593632,31.06423976769672
103.21734721440384,31.370688665210743
103.40799868190778,31.27856814184157
103.3854625570864,31.12584436415901
103.37918115055457,30.862800301860467
103.21362024476431,31.083492365532877
103.12397249526563,31.29571145500659
103.13497896091967,31.232676357568366
102.98858139743506,31.128214372944672
103.08041937909918,31.00042890788106
103.16093144484746,31.294689570850505
103.4016639257809,31.349350176132848
103.20834949547279,31.287919318653326
103.1771453123945,31.289868647157363
103.25936611228614,31.163597460441117
103.38221599539844,31.32098737718604
103.3415569768109,31.3436688414259
103.18078277030929,31.24362093942676
103.29046607856999,31.085956985544115
103.2528561639755,31.135545946093238
103.31221621248584,31.17163744041535
103.27486770002943,30.9998362378727
103.39472096714374,31.336801224468363
103.43273861711961,31.395270473573554
103.44651324162407,31.370614776854026
103.34668160624403,31.28518190992194
105.56195715449739,32.92062370549293
105.52446783487622,32.80620936111883
105.39485051707575,32.94560229286304
105.30184165485058,32.99507136138327
105.4481209487396,33.007894158204635
105.53509908745279,32.85946772662639
105.43079815074447,32.87399470484408
105.21734000187661,32.849301442403494
105.39025067932177,32.76047087618773
105.24306228020704,32.81578866225257
105.30453003136925,32.83847437767893
105.28633127761421,32.862031479328195
105.42504242173813,33.05842538704185
105.47058428171981,33.012499145346176
105.56425615545025,32.99574150319538
105.44967287562933,33.02299273823451
105.4598527222484,33.04892146834685
105.368185949303,32.88442089597423
105.3956382771496,32.892487599835476
105.33162402996517,32.63664403335754
105.36996489240819,32.681456315750076
105.19909158762928,32.69718483393748
105.17184510623969,32.65859477788055
105.29763146910074,32.85283955016367
105.28715416766516,32.71633797477028
105.2106465592184,32.82379730527591
105.18133196198781,32.6831076144845
105.16028392034339,32.69800472695837
105.15531665626835,32.70673083389175
105.3130851150505,32.82433445482836
105.43167681818899,33.0086179197
105.44548251571678,33.05157100625223
105.61944418161576,32.89839315412743
105.54646551238287,32.77439544298893
105.41962558111943,32.77305381770855
105.39817222097814,32.96095286061562
105.5318527404869,33.011791827694935
105.53590187815361,32.93983018991297
105.46121355646007,32.88860011273101
105.27434155682718,32.77789276845106
105.18388540927972,32.94677788093897
105.3208627785216,32.962310176842294
105.34503360352807,32.866897802646484
105.30267254963648,32.96763702265364
105.29818899031277,32.90749602646632
105.24654110425396,32.89267665702261
105.41067886592916,33.06687832857674
105.40949442678561,33.0154902759276
105.48113733416488,33.08884576329861
105.49583222696957,32.91766913530026
105.46285466022834,32.798957712499465
105.44021390160677,32.87465111396766
105.58751893029877,32.95049295541288
105.57541725069204,32.86964248757025
105.43289542147971,33.144426315497384
105.46168462639127,32.998241428978304
105.39519640915681,33.104145046805534
105.43221766465518,33.0104161060685
105.15547537203295,32.92591366072744
105.23730815599905,32.884107560254755
105.15240352115887,32.91799807374957
105.20697471499673,32.877238777277036
105.50312775844624,32.920896735881165
105.42618959336568,32.96258727282031
105.61028816787145,32.88713631657385
105.4509821193224,33.062382228124015
105.42313991816408,33.13790462366641
105.5345265968828,32.912663921817
105.2790910953754,32.91281447636245
105.33790311263539,32.88454339127915
105.31411654141328,32.94526404366215
105.44318569736673,32.91131563829138
105.39684351058308,32.809454406827555
105.4511768374601,32.9922373439384
105.50901642191222,32.85070155317859
105.40904550684937,32.79224465231797
105.4667578420048,32.90131499104739
105.55760425830358,32.98134289624259
105.3205099587964,32.79416385914458
105.30478282440704,32.71872172527939
105.24921716193693,32.69619070550279
105.15255191962052,32.67795827215253
104.95385808326989,32.634342974790336
105.01758240229277,32.669160538895795
105.02718251187437,32.68272462398345
105.10969579253585,32.65114742735571
105.01390397772504,32.661347039495155
104.82014352392483,32.59971495156151
104.75011323382328,32.46637809595687
104.83512665789351,32.53154902931059
104.72400019490546,32.659164604851405
104.61577036418463,32.66972348285305
104.43208409418521,32.51803164342521
104.64131408184497,32.45980996271612
104.5430076872767,32.45890174522574
104.59796944783977,32.43687342619663
104.49068844836873,32.490299962175044
104.89942911711167,32.6465211512723
104.96490993336036,32.65905492931509
104.81553232542502,32.68884929698369
104.9166386465025,32.70275944751198
104.72083433328484,32.72999598196126
104.4499927105099,32.8374965821217
104.29314560696105,32.8720388871213
104.65665689380711,32.72513653506157
104.67108369223244,32.7054543286019
104.89264393789995,32.59563305755656
104.49984250067973,32.711414658988026
104.43032407538982,32.906074936573845
104.5369651694454,32.85900755852329
104.55990825002127,32.69008454378701
104.36958518463827,32.713698851621736
104.20316295195853,32.85732715561621
104.28735122116096,32.59904846807834
