Longitude,Latitude
102.8694735036957,30.846951014424796
103.24587335994464,31.041929035808323
103.05593403191023,31.054910051987793
103.21086991334184,31.138537760057417
102.63541687290389,30.818890566193875
103.2646934857399,30.728990574858578
103.03556921126619,30.44795824443612
102.67317483790715,30.486613551397173
102.88964831399142,30.818816252476907
102.50475196870647,30.049398026306257
102.52952011034967,29.730079758492934
102.57780411624981,29.991462132352382
103.06676599096635,29.541974066717714
102.89696754858551,29.522293263070132
102.81734772499449,29.514827452749365
103.09352249435345,29.462224113695797
103.04204860259722,29.50044972704683
103.04204860259722,29.50044972704683
102.83266631488706,29.598218360903225
102.82769965516627,29.631880605405293
102.98116491740396,29.561139345923564
102.97491219348666,29.48725774039133
102.77419153313818,29.518583907079034
102.82148608296202,29.56236215309059
103.0833617009754,29.433152601460854
103.0833617009754,29.433152601460854
103.0833617009754,29.433152601460854
103.0833617009754,29.433152601460854
103.20747174043862,29.51583951483849
102.73383509536842,29.586616249305784
102.73383509536842,29.586616249305784
102.73383509536842,29.586616249305784
102.91275741214793,29.628468578291407
102.91275741214793,29.628468578291407
103.13867307566042,29.467592573824792
102.97842648458587,29.638450155654787
102.44261049833078,29.731810983689954
102.29692303812541,30.07312764526926
102.41662011050781,30.00753334688661
102.3674455138143,30.121393926833722
102.52796354417956,29.717625096293165
102.94358122503166,30.547951200708486
102.49288616312107,30.305179548994847
102.49288616312107,30.305179548994847
103.40867488994384,31.195397856265643
103.4275499358694,31.317746955048626
103.571013442799,31.330942951473464
103.19726980026482,30.90778600400914
103.30216525712048,30.713322292253
102.89814881236794,30.894909148589033
103.28098198610974,31.167286485473053
103.14411638371132,30.82565143863317
103.12924631615479,30.947201282768162
103.3452892200151,31.00782725044936
103.2054334083666,31.069237505683844
102.92299531666546,30.608285906373155
102.60909524949325,30.417928810883584
102.43786956079323,30.415389297278463
102.70467910761005,30.35200825897685
103.17206597154049,30.694815598797863
102.71312645655601,30.533545862171124
102.50637097706885,30.380115592395644
102.8312450029181,30.55006619253134
102.61814880685414,30.49897355004415
103.33786665700504,30.94536548345985
103.05911925050111,30.472105147124605
103.37821868917011,31.308937129392746
103.8883118835388,31.55115534498444
103.89746013498068,31.436315475526705
103.93336386004107,32.03446166721395
104.1986058963611,32.11000859550024
103.88836047972946,31.883441536416093
103.85744077154331,31.84514060499997
103.72084192745507,31.891198606534722
103.9799735918063,32.08798152180517
103.93440210732268,31.92557347428128
104.22344896850744,32.28744731219491
103.80788177651871,32.02214743653911
104.02774212152958,31.947732106222627
103.92462298921288,32.0343285548388
103.79864336722585,31.964260310245187
103.82482181573504,32.28528754989862
103.85534782965365,32.39889054416614
104.77386189835516,32.73599210161785
104.91392445501035,32.75565906300448
104.30074572210681,32.29483858303269
105.29246824027257,32.630890004554416
105.32237375290241,32.9121800443366
105.3412859558271,33.02237219920521
105.45925577653964,33.00675274286379
105.50018749925384,33.101172523397
105.50018749925384,33.101172523397
105.52230198867429,33.01762803094016
105.31416756894882,33.03967135239339
105.52247461622521,33.00825148642975
104.7603479171299,32.747427590246055
105.1711600203053,32.97074810858889
105.53259652069183,32.94833155894288
105.53259652069183,32.94833155894288
105.5282722964148,32.89310823769649
105.41598264592443,33.124591155909314
105.44871940011541,32.97188885630198
105.58933053893314,32.85849790666973
105.48750110026559,32.97186204060886
105.29548867411312,32.84227488003222
105.10331181012907,32.57253666094405
105.44759725475943,32.98199111143992
105.54810346300182,32.98412581879107
105.30553220467863,32.70407220463767
105.29622166741012,32.82636255869781
104.6964068309767,32.69750464910187
104.61614093730589,32.58729825693198
104.78425403261815,32.74502102886767
104.89605157576109,32.627159088342395
105.12759829261421,32.86565640120362
105.4300315739739,32.7671981728328
105.27123952529561,32.659824702413005
104.719658916658,32.61537214580606
104.36820642546627,32.58583881360093
104.31890668560015,31.79112145740742
103.83223881045474,32.01909808018494
103.91208014924159,32.16902221055653
103.92208580784678,31.970656798006587
103.92208580784678,31.970656798006587
104.06035709759604,31.75248223551119
104.45848674966386,32.5949892061872
104.33090617167608,32.95749665751028
104.68882825046332,32.53285668014686
105.29106665170085,32.6401204799671
105.33282461506909,32.81734788678936
105.35962352184826,33.03064271154411
105.42787782970433,32.87940537331567
105.22813423078539,32.64168081157525
104.46070235588326,32.654865421283105
104.34986450290516,32.66638816597658
104.16803001197745,32.9570578261425
103.80327331500617,32.571071749855335
104.40972715540791,32.865943207731576
104.63539479417422,32.6201817107251
104.4474627311676,32.658283542675875
103.90974530947202,32.26081343301873
103.84791811817924,32.17924304202655
104.11142941727212,32.20506867666485
104.23196005439227,32.29393112600323
104.4167270698489,32.66670629778346
104.59423897638841,32.64479609429655
104.40942964735682,32.9241000279556
104.47240972980971,32.75473245025243
104.32633937127753,32.56772533467323
104.44727307888775,32.56313454491363
104.79927170101065,32.5029301664634
104.48973749512416,32.56912248561284
103.89003738601109,32.67235260891734
103.82318448298017,31.931362039387178
104.35466049216656,32.10422181503895
104.21849352516911,32.254258288574626
104.24968472665373,32.29316840754764
104.00352379536258,32.53639628411482
103.73775285313944,32.14800907026411
103.91744400616697,31.76576028777116
103.89841767837484,32.39938136125231
104.25730444581208,32.698842290114065
104.3807754198286,32.12042423353281
103.79338401769871,32.066112295588994
104.17622921164005,31.73586293531646
104.0848656331814,31.584257524978835
104.1150907601637,31.621590554218383
103.80927330684965,31.347345117628084
104.318367178865,31.79459489906815
103.81510129411983,31.78901932254971
103.75818075521865,31.479144242127038
103.14615677331298,30.996093842998683
103.41716119353241,31.09867750073418
103.13559794828343,31.0726095612744
103.51148572130707,31.090134155190846
102.8502547662602,30.9115999915572
103.15162827698593,30.5985929215309
103.22490364563537,30.719180143836464
103.3750641398285,31.165113236907988
102.95305873168388,30.5404486197573
103.07924335496455,31.190256069847813
103.69729956382211,31.28778373057286
103.69729956382211,31.28778373057286
103.66930234244606,31.35836374008622
103.3189481217507,31.33775872586342
103.20375886507979,30.98348309734307
103.13472061089263,30.835089951560384
103.09347954324612,31.12349013625092
103.00752235696002,30.802330981435812
103.02386684940801,30.671381583536864
102.49480317221877,30.192709014646443
102.6061938296907,29.67912594310178
102.901217655354,29.521345138413626
102.3960564646045,29.83991402955521
102.47681715786821,29.70209256514437
102.42227458079712,29.88870091706964
102.72730762680703,30.923106880966742
103.06172957762526,30.851029481259054
103.30239463706857,30.728645044385257
102.96476767577553,30.495315952304125
102.99402784633698,30.747348450436046
103.2011380839685,30.693818510199286
102.96770236673129,30.69903057432441
102.9366071024965,30.376605402458914
102.54458539171807,30.494203961792913
102.35109928628309,30.153039095202733
102.59903714242928,30.32791646427949
102.35607364761431,30.141998087312444
102.45362451246974,29.810698022962228
102.54751268380095,30.535440698218487
103.00459131461895,31.012323836735867
102.94931187846315,30.976261156854612
103.22898225013395,31.049817408032844
103.30223260287995,31.231959068679224
103.88752174799455,31.34453913196246
103.74184805952012,31.304277760175328
104.00587224283669,31.54340803754358
104.32863916845737,31.817095995214054
104.3196064795496,31.78464581140475
104.0516828417458,31.435508915940936
103.94322901713194,31.348243402728396
104.15743278411934,32.55924815954566
103.85807493345966,32.528620854023416
103.95688054994845,32.59399524622607
105.29776156133848,32.7430639961516
105.26510105327664,32.88293656661951
105.65057027040646,32.8810702130174
105.40788627428938,32.92814715264566
105.28075233180392,32.94982411315245
105.45348167771553,32.92679933299435
105.58714608977103,33.01331280461481
105.40060112827977,33.12800736685582
105.34725026286773,33.009771144078606
105.36681184116632,32.68986368003394
105.35600895237347,32.91487908500638
105.58887548784398,32.99042050850124
105.37620879986613,32.964916589164964
105.37452722625206,33.14687317812078
105.57897749880539,32.895604375878165
105.47595564244199,32.912649405534886
105.18298913877427,32.83421068706563
104.91644720676634,32.588988665061436
104.77967622386583,32.53429469881531
105.10515210097805,32.628182123969616
104.42289853912746,32.49158526447472
105.10311362832329,32.60331001707947
105.39207453988143,32.81611247159349
105.31716218535233,32.64017886540014
105.38473245074859,33.156703894920334
105.25745468606992,32.710373005400946
104.7913079458481,32.797386597751746
104.53193462769696,32.62031255492862
104.91146245245622,32.77830546657333
104.80022568792528,32.54623024506423
104.48210459283325,32.70614325513651
104.73796815365951,32.59175301005192
104.04885245720448,32.30609918213406
104.60875288336831,32.45838974815601
104.59998762663272,32.718205629364455
104.61506101095091,32.62555985385744
104.67021002965319,32.85441265509905
105.12542834652183,32.681092519772385
105.24699760727336,32.796151513609416
105.16427587129107,32.81332742941824
104.319800637119,32.89038486119009
104.20659499103931,32.88148485677723
104.35709872356146,32.54657764978763
104.22236976224066,32.833319008897476
103.93638801734211,32.2308322859133
104.15844949628533,32.215088455408
104.24431587560274,31.788277029935873
104.34739127241501,32.23178573317674
104.21861408760411,32.2247058291079
104.05013935692078,32.01002593598087
104.11221011407748,32.418529053971284
103.81460668840877,32.559229205221996
103.81460668840877,32.559229205221996
104.10332738366866,32.470628153346794
104.1547581240504,32.45565225870481
104.27561444712832,32.67568227743103
104.5135077425519,32.55172766047885
104.86709300562586,32.6387626873454
105.09529168890616,32.58698392344487
105.14295237456922,32.831904630969646
105.4251969262441,33.14682218474042
105.40775711561011,32.97181282904068
105.40775711561011,32.97181282904068
105.41896650531245,32.799917907520694
105.44235100296197,33.0100274306831
105.6061226348287,32.96428398325453
105.32849773722002,32.79214665459695
105.4943541199107,32.88461534101884
105.4453659329046,33.06441855000736
105.4453659329046,33.06441855000736
105.44760351289587,32.91977438807782
105.45458836185577,33.06509636763272
105.2657288984444,32.90820230055123
105.24602113223818,32.93331797969086
105.34291588021222,32.839850941492884
104.99810268728268,32.614762254076936
105.4476377006993,32.78584374911889
105.44413599759841,33.02893186197885
105.21794382949328,32.706493753684995
104.568332871923,32.557354645277194
104.75063964218943,32.5932298617976
104.70605241207647,32.72417082351255
103.85274691437067,32.22937202123574
103.8649656034157,32.18276255285384
103.91566368184583,32.50418651273944
104.05680638096837,32.21498398530236
103.76737994628378,31.83101966728105
104.11107922232524,31.64064364425909
103.96172041313383,31.89663240899696
103.87622804222246,31.599157481831906
103.42277533580217,31.386062101907704
104.0702592716738,31.445032691228537
103.91550343604224,31.398456521711882
103.65151084025791,31.20394910193599
103.74771891134846,31.27095532851207
103.74771891134846,31.27095532851207
103.85968675338003,31.565310633679076
103.60387408227157,31.325188538701426
103.74520411417978,31.297994763631202
103.98574833781376,31.473778240740224
103.83211167968877,31.585495961738644
103.70397011527146,31.383967806984412
103.70397011527146,31.383967806984412
103.70397011527146,31.383967806984412
103.4468345902833,31.41319914935176
103.03376884851781,31.240486487726702
103.2679065065554,31.159173681828808
103.38483087067132,31.39982308341017
102.97445927909314,31.04093733380973
102.82044321823761,30.906292361055986
103.31905263669782,30.775037338107865
103.09199354724625,31.08662508112174
103.53704804941874,31.155234525179893
103.80033618531021,31.325253842518077
103.62960689026018,31.124641765211027
103.2882721615955,31.375179809107287
103.72779081497295,31.274683514123577
104.01412099406421,31.559203473809166
103.542859867491,31.253861898997272
103.41302644771172,31.202619059787292
103.88372316258555,31.74771366029034
103.93327840656885,31.716088526332904
103.74764246185782,31.811295213021424
104.00507947539617,31.854304752194665
104.28020690074747,32.18337123777844
104.99756956269903,32.550501452351355
105.00231735491788,32.67712616296985
105.39650951588702,32.723802481882174
105.39650951588702,32.723802481882174
105.2802983317619,32.8633543542044
105.44303090548,33.04938745230658
105.27682762282167,32.882275841059595
105.51407705174887,33.0624910275387
105.42351501794052,32.754159900696706
105.53569230027993,32.76717065923355
105.46125278826555,32.88581820663171
105.38047424393608,32.81218395306756
105.22097117505406,32.84541502069562
104.95553060959779,32.706875941750695
104.00022196902692,32.81341083544832
104.04094881931569,33.049736949817245
104.28488489284442,32.969990852957885
104.20813548771928,32.73518818664728
104.20590104145856,32.5689930455507
104.67428508822752,32.822286544424784
104.53951768412354,32.817858699724496
104.31712616230199,32.56452339259395
104.75630908569023,32.50500204030756
104.46258980874434,32.77250598128343
104.51200390789492,32.67095436726001
105.32633202560676,32.67015799711727
105.32633202560676,32.67015799711727
104.61910383964754,32.86759594489294
103.98001559782807,32.46383772723209
104.31703497900963,32.550306842158236
105.30601676762613,32.76609589517602
105.12407910009465,32.89985708882155
105.22999205766928,32.87776784138745
105.45055682185874,32.75470896841938
105.3641023975845,32.8838235072148
105.01990769925393,32.72203627230003
105.29594969388262,32.98198795195057
105.49777387722304,32.83391382112219
105.2394854692679,32.8899251539643
105.43390629586636,33.01705684316779
105.39418523876718,32.976921137839305
105.41858939947072,32.891210983378954
105.58499279539573,32.907134962108294
105.4159920881946,32.996809318041066
105.4758446318032,33.082415840376214
105.59004474395626,32.871508669666504
105.19135593261014,32.93536986668178
105.03818961282846,32.73737016692785
104.73868310023549,32.793652823596986
103.9490728021799,32.66887748283158
104.18411264109206,32.35546742125297
104.15204643564508,32.600761067407404
104.33438840382536,32.792233491123774
104.69808750090503,32.632996369954455
104.62513052569776,32.67869582446189
105.18745227661397,32.828327910529985
104.93953297717664,32.649366213833765
104.83856066525992,32.619555793817725
105.33474755389149,32.97516194792439
104.58809897060715,32.50810804814485
104.47673354318255,32.63758550675984
104.78789639426518,32.597094270703096
103.90514957688765,32.21311924121477
104.23309908043088,32.26344297050756
104.13306256817711,32.42010728772024
104.25390500555582,32.76872730101806
104.22814103633873,32.79026318447813
104.34490105719655,32.61863109075477
104.0856553652259,32.65833812238095
104.0810406753953,32.73957154070843
104.03893751219695,32.13058187164065
103.79636203146612,31.951451558340164
103.8844130765553,31.77289340236935
103.89501376767521,31.712815898857407
103.94630338151438,32.139499587102904
103.82589544187611,32.273406071102194
104.0605268357394,32.25027705839021
103.96006772584768,32.10731682432208
103.89377187682888,32.37588612290996
104.13227096378776,32.28786408910626
103.7462671948013,31.94529322523548
104.2314933299173,32.236790700350284
104.04862045498855,32.90257165054391
104.25720102173041,32.994251523335265
104.65343345150413,32.60258384001804
104.58908985321649,32.83581390960696
104.17043397223853,32.5562936550025
103.9405300396587,32.67140540406685
104.31648808648745,32.81445542963618
104.05838813158995,32.78097776956848
104.19438118541002,32.83687881376065
104.03316663655691,32.983941914454014
104.07274469684941,33.04284786747771
104.12711954710569,32.770806107714414
104.13375715229682,32.4004621686525
104.05792772199844,33.054784910684944
104.07368313731546,33.0003019954807
103.88997179511632,32.58459717620903
104.50266981567302,32.87261902573297
104.18287055765511,32.99740624837118
103.91890396824579,32.80855277918238
104.3631828696024,32.69228303255012
104.26454844067467,32.667899535811195
104.43387368749238,32.793620869980955
104.65533607158248,32.67257350736851
103.84497096847365,32.67275070014821
104.35832062390405,32.125231694711566
103.81390770388712,32.54505410858985
103.76468717005172,32.06015501377418
103.9095827779346,31.83352631490698
104.00284277640309,31.69287342168197
104.04644433396142,31.65400024668984
103.7902238572071,31.957149414496957
103.80924022806249,31.960858036216603
104.4079294919861,32.11724425618723
104.22836957332144,32.23819315798284
104.31639926379285,32.61504481815084
103.84269238149248,31.954961069937546
103.72937953545546,31.99652505601747
103.67734522018735,31.9676468301411
104.0047574223205,31.7247616566573
103.90294293309688,32.43909770590598
104.75431531854423,32.4931202478945
105.28499273403109,32.72625178923904
105.31296000630095,32.96385612440234
105.17798153794844,32.59931815604484
104.51690901861865,32.591821228527756
103.93552888059524,32.568251789723604
103.9750627058048,32.05011574784816
104.46669510501613,32.728552530815726
103.99198082808766,31.894727071432822
103.9124597296713,31.86580032471519
104.16099671089255,32.252009845183714
104.24766128281205,32.80199839642008
104.15172054252886,32.584839378502664
104.21243623460698,32.35510115250568
104.31267720536427,33.01093101216109
103.83926364784992,32.43603653096617
104.50032914765676,32.84485812798243
104.75743263710233,32.57227986746749
104.61204276620934,32.518477724947196
104.71643931158532,32.64818395417444
104.00591999858392,32.93524375897983
104.00591999858392,32.93524375897983
104.13709020778239,32.99247688725453
104.34401864800678,32.63313696128874
104.49124867052514,32.57893076248928
104.08059221822424,32.36633885032301
103.8919399779489,32.84143771442435
103.94069088054367,32.65513016516472
104.38273257882537,32.60869800685952
104.97050089322319,32.72400284362175
104.96278485007298,32.57031001514439
104.96278485007298,32.57031001514439
104.67950244115336,32.67882566615243
104.49806877935742,32.57686235865176
104.71412874610846,32.565505439673615
104.83990362864753,32.650642852222504
104.39761800467376,32.60665251788615
103.85807364280956,32.63461477212519
104.15866355101141,32.70920798507995
104.12704455512187,32.47591546553145
104.06303946332808,32.719201992111046
103.9376833057327,32.797825618779974
104.18254846253515,32.195748702020154
103.97091238872001,32.371904464788024
103.97693446441806,32.756545184624194
103.82569953450131,32.33960666660465
104.11094263426963,32.48034220223392
103.95997966744574,32.07233984649421
104.06766414776561,31.84701280543813
103.84404461527157,32.435276815011164
103.75797553434492,32.0287673942419
104.18815166046363,32.61724944441299
104.88417637157598,32.79224358338103
105.4350218416433,32.81528987616542
105.42441817513928,32.826086007238196
104.93772213816624,32.63642831075298
104.6505539101666,32.64379350158085
104.19353931372915,32.967439171606905
104.2591571176235,32.83422153655923
104.34170255982278,32.2613666594847
104.53442835697116,32.59671123992577
104.78698263458594,32.64584333998837
104.93610453994853,32.61392327931022
105.27307660525781,33.005508810529975
105.27060499087855,32.81696340398887
105.18120607993552,32.89112105794735
105.17663909695176,32.977801255201406
105.28956746862478,32.89018922137204
105.46599361019324,33.00757457332675
105.22193386730785,32.778523487867545
105.59634927950738,32.84608209039362
105.31860341656798,32.99346567977259
105.4861005270204,32.77631316175701
105.28271531465498,32.95714168391328
105.63352092633089,32.874160995487266
105.31747127864912,33.02969107938485
105.48487916340787,32.834525493477265
104.5566474688016,32.889222008344625
104.48462921163315,32.72390802263795
103.8940718864815,32.402896113654236
104.13386475050498,32.43909413056281
103.95948789477427,32.29696423936057
104.25998992717523,32.85164034987693
104.18161395560809,32.721663017198566
104.29244595292622,32.639212772391495
104.58795375399409,32.86476369781705
104.08180053143829,33.1206736633741
103.98699489673218,33.00276454253877
104.13628214735397,32.88518201033249
104.52327178663022,32.8185715390881
104.77643143579738,32.51763652257165
105.09408557880293,32.66273268067975
105.37999976866232,32.89568505271245
105.34531145645607,33.01052727943402
105.33269697676913,32.84096251190825
105.49560907623112,32.788723604733434
105.03238337008708,32.696590246626776
105.25270963594369,32.68179580016823
105.14785590892421,32.81984132891501
105.07928945272296,32.65701623116876
102.5857582689775,30.19629855053689
102.9404051416039,30.364109540212734
102.67574328659448,30.5030356831215
102.3771251925624,30.180098564828235
102.43281222756539,29.891413423034834
102.5989461313725,29.971385848276437
102.59988898566327,30.292207412149963
102.62416678140079,30.3632149035103
102.39704770626254,29.852407099519006
102.43548518558244,29.845310518357064
102.58431545586383,30.6020725427173
102.73764988518039,30.53467605195124
102.62079255032724,30.358652838492212
102.50531767811967,30.18827822147266
102.51218380077643,30.086135937179176
102.75298258531352,29.609954972311925
102.47513347261521,30.500218098349364
102.51131924179445,30.292617649845294
102.43605873010158,30.45238701427846
102.95504910036179,30.8760619100807
102.92556092914792,30.490075180244506
102.54463047821648,29.997413572306513
102.7654902170415,29.61895654591908
103.10875948280103,29.440557820361096
102.89123269657613,29.55342521031408
102.89123269657613,29.55342521031408
102.89123269657613,29.55342521031408
103.11948642033538,29.46370122106045
102.97221753515231,29.49322387421205
102.83534707169918,29.59230330612375
102.99751500773003,29.605136628621185
102.75578047351955,29.512726260425037
103.176040439136,29.47210676070868
102.5785082506768,29.836875678240453
102.50390244906006,30.24981866260116
102.65476223800566,30.010449364963904
102.56660719893388,29.9334311348652
102.61007362808571,29.709694821661977
102.56731678017589,29.872535215666634
102.33491200284041,30.016714856415007
102.42416867335527,30.11506519426608
102.57529703276435,30.382744001026538
103.0809596539058,30.601008489038527
103.57816851766177,31.111449084578346
103.01954658653736,30.93870813522543
103.39287491497855,31.352316588417814
103.58170426513804,31.186048451051928
103.12466094393082,31.270665406756176
103.00500561076339,30.50018198906855
102.89049966762845,30.610364925375382
103.28643781853681,30.691012160593356
102.97319869233797,30.61080802753914
103.21141046409103,31.00565999246914
103.29732729548435,31.078451246264756
103.21902230827317,30.628068371543936
103.45677150455519,30.860635235142684
103.45677150455519,30.860635235142684
103.02290704317629,30.568201318195033
102.92968392965732,30.84796559008456
102.96650379950664,30.668377358414357
102.78781592090587,30.459664218000313
102.87656304707762,30.820661104815883
103.06548444264654,30.86368968033265
102.73704299632226,30.861406005566092
103.00143618095902,30.811489887214723
102.82609605264877,30.691000294771587
102.8819847771786,30.625726723952553
103.26948041470975,30.762601504288288
103.29503194277714,30.68607576113916
102.60447291803662,30.385699331253743
102.38713856880617,30.131063145912353
102.45918391361035,29.952392089748617
102.67613452377091,29.996755718954308
103.09901027825147,29.43621269033215
103.02989614940404,29.51185168015575
103.12606137489828,29.483680924457243
103.12606137489828,29.483680924457243
103.12606137489828,29.483680924457243
102.85712175445354,29.510540667576528
102.80001192263131,29.613379196682178
102.94885781849116,29.67558315404173
102.94885781849116,29.67558315404173
102.59986184251565,29.922591796015485
102.56305705082734,30.100769672151742
102.62981490414478,29.941944626039284
102.38533867636619,29.830140636691915
102.67269272361325,30.111990821679278
102.32166263864849,30.037117483046774
102.27782257607947,30.00973031180482
102.34992340460894,29.728754071148565
102.34930872948985,29.723220289306074
102.28457633151378,29.907350899629286
102.45445184359458,30.19180713592256
102.32436645834251,30.14716534759143
102.50556183343727,29.74507182488672
102.50556183343727,29.74507182488672
102.33344457875499,29.744270269482694
102.58267519515533,29.676802756513357
102.63431015943682,30.186919668376532
102.61393834350547,30.277868202937583
102.48344872166163,30.077231835961218
102.57092219256853,29.645934663318567
102.52916099883147,29.676508544364825
102.52916099883147,29.676508544364825
102.78396834869827,29.595503792873544
102.57535416296291,30.13301205263066
102.70811468019757,30.852180554633613
103.38157661767389,31.099744487296498
102.9825163275152,31.243456103593285
103.0149871651703,31.17756294078182
103.08752089792688,31.10660803100624
103.35883474443071,31.0699078617058
103.59206432670737,31.162009020154024
103.04196558753783,30.91950890859994
102.80143327360211,30.89504100474798
102.94454584726945,30.692898076072364
102.64176988396783,30.842820345335134
102.99657124465907,30.725953863637343
102.64375386404987,30.589654066203643
102.51375184500226,30.481712940319152
103.23963727364614,30.874542929169557
103.1937248479166,31.00247294694699
103.30505664050025,30.84522824491239
103.0293515761384,30.61297667280351
103.37040865020461,31.036941525648327
102.73851571787654,30.80252260673701
103.16041989403595,31.127059284691335
102.94984985598438,30.965687428754922
103.20803497944421,30.623825269496173
102.45027825541796,30.275846235031455
102.41770405869812,30.11048677977224
102.38016429728923,30.091862167509447
102.84910015602728,30.615547172269466
102.56465985050822,30.56409719788183
102.58484331689289,30.67257256493107
102.53278889562014,30.350773972417418
102.54469328759323,30.70107564869703
103.29153443132967,30.66725056022641
103.2847516872116,30.838317908176517
102.51256113327888,30.617053303319654
102.81598597131224,30.753524993818345
102.8119454871628,30.85300843723015
102.76259884772135,30.740551261516043
102.51705022596657,30.06958184827847
102.62568253948508,29.9778591467939
102.52930205494637,30.201764855464017
102.58549165575438,30.51979276436395
102.68894846421608,30.584204518865835
102.8749333723042,30.334634577419106
102.90897412463124,30.434832442628522
102.87158287732109,30.413285874687823
102.61170952334234,30.470666011695844
102.53696738238105,30.36039971177183
103.29539488802186,31.093635633857865
103.23653737559611,31.29212329298501
103.17479592984868,30.83198304313008
102.79367822620671,30.45285021779522
102.77593818346398,30.6025194178071
102.90371931469274,30.36193464132742
103.1383710088543,31.053422216152367
102.83503017460019,30.869931510489536
103.130802244137,30.985832369332602
103.24418826443988,30.856448495698956
103.21508504071907,30.92674115830424
103.2992770171851,31.05246911670799
102.95735697257871,30.69800493346741
102.75349594618932,30.593440972364018
102.91773655130105,30.80266723865155
103.17454602967793,30.581301536581194
102.7086483934021,30.813025894882816
102.95963512241474,29.692289603800894
102.7769311330843,29.597739371482415
102.9667781467272,29.523059859387935
102.9667781467272,29.523059859387935
102.9649786078504,29.481615290620024
102.92225094098623,29.45168645432059
103.09716052459841,29.521651804840378
102.94341139809605,29.487739703194986
102.94341139809605,29.487739703194986
102.76676851153029,29.529972489035256
102.3032304076434,30.11078269008556
102.66688140252845,30.019011444206832
102.74955964468228,30.754274188632273
102.93151694243579,30.936490599250877
102.30034712423877,30.130484392537884
102.30034712423877,30.130484392537884
102.35566586007656,30.204282163705848
102.57680825347738,30.18833452045481
102.35661694802965,30.089283197298
102.57994317521275,30.10177451068392
102.49940451261133,30.63017850821808
102.51647593560499,30.22130449698736
102.40974796367655,29.98640076059895
102.4248129281658,30.145647349119475
102.70870791342993,30.628281183015783
102.5596862830459,30.521153881744805
102.73727628346391,30.22002827958095
102.59543369490292,30.18465202731436
102.91756927979367,30.423896984003875
103.32007822463784,30.871330448712598
103.37285300953745,31.03855904386656
103.59723976860579,31.189325869085586
102.92653616582365,30.45382124740578
103.18320021673729,30.72924147124433
102.42233970734293,30.15826452457856
102.62814067720517,30.8029166499352
102.80368287832452,30.551419882082545
102.86778679892362,30.541328959098973
102.62813967196229,30.435490611765314
102.49646190876537,30.780837001099876
102.64909414596653,30.63710087714069
102.79428168686744,30.59468708365334
102.7555264841849,30.759313142070074
103.19173072177786,31.093246748959604
103.09322616984234,30.773302338623118
103.13502589296033,31.15843927591407
103.26764055916357,31.176805846893085
103.22500062284833,31.361272694716817
103.37607827330892,31.04861267036354
102.6469972431432,30.151144090021386
102.52939427941075,30.502569762736513
102.60237721733664,30.631539857025686
102.81505474176396,30.6004024814199
102.86458437500036,30.78887667503662
102.8819423441119,30.72356784483617
102.5192694288716,30.772993970188914
102.86167784023193,30.73221065558577
102.44593479932777,30.170774051634165
102.5746398421792,30.357388468123418
102.63946226272269,30.387158782406225
102.30186818821133,30.073047727067983
102.44996524987658,30.405199760123985
102.51914301029561,30.543908817481654
102.71683244700493,29.68910598786186
102.76142487860382,29.58039259526786
102.76142487860382,29.58039259526786
102.63652053050915,29.674487481827143
102.33295616239103,29.896256009329605
102.61210652003071,29.74577397974307
102.3962992916234,29.80561168987473
103.10119896686577,30.644826069507637
102.9277705721561,30.728694781485054
103.17917601382534,30.60516703047253
102.96985865970245,30.61418821339867
102.8228459099964,30.442900116723656
102.68163395086445,30.564988497387574
102.69512714063899,30.775934221009408
102.5052107450868,30.640267501423978
102.76322793963581,30.85586241025634
103.44757940706342,30.8334743371641
102.98623198898514,31.154768689046822
102.75905726442163,30.856693631408636
102.47735874573617,30.550713168069457
102.79240134875042,30.742213593683015
102.95179729148762,30.59283405151671
103.04240480352735,30.477831671847316
103.2552919826686,31.060769040068028
103.10549083962849,30.976098082378613
102.76595127728923,30.695198412772136
102.7367208958327,30.37174985839396
102.96388129697692,30.86292717388134
103.12572269383197,30.67335047100513
103.17032828653448,30.620583525048225
102.53998504961152,30.603143773861348
103.0298232623182,30.805520783310488
102.81893251458095,30.809949120477484
102.33247425146257,30.085536412838707
102.37016600798029,29.852353859908135
102.37620441200303,29.80606156025008
102.6121572763878,29.929850247331856
102.3030599409215,29.871872264077275
102.49042217293253,29.961468774991527
102.4423340187501,29.7722763822529
102.4423340187501,29.7722763822529
103.03867423234634,29.50291007363584
103.03867423234634,29.50291007363584
102.98206524394486,29.66712627045864
102.82057271159756,29.549740769462414
102.86570503741852,29.53160276660253
103.17244270425806,29.5494882088926
102.87952033222709,29.506288513918783
103.02915429740821,29.557495627185013
103.02915429740821,29.557495627185013
102.92978171390007,29.503407907412956
102.96326359419128,29.431107629483616
102.96326359419128,29.431107629483616
102.91071195287977,29.595826340059418
102.44619132433297,29.753867077638226
102.84321943430483,29.50136246557588
103.0497006965106,29.470322730645258
102.75691726690974,29.546533761238262
102.75691726690974,29.546533761238262
102.75126205561214,29.61135280032244
102.75449899291728,29.618317405387227
102.49789372082337,29.87320915797989
102.56521235115706,29.72694904878762
102.64018027087106,29.928887920508966
102.64393318527492,30.448198265839146
102.72761413854728,30.801966903023903
103.2840646027137,31.008866053960865
103.09450996765867,30.887614654673715
103.40725269464518,31.14723022993324
103.6235195108253,31.301961480918376
103.78137744812038,31.52524081180717
103.17551371359879,31.296774820448345
103.17551371359879,31.296774820448345
103.29790954648361,30.85610606015715
103.13592073351866,30.882330860367723
103.15029740867438,30.93510962172791
103.85615724308568,31.431229313875143
103.96324052008241,31.619553413409694
103.73728492011206,31.381139716705626
103.93344473864403,31.663319950506814
104.01909915486071,31.944054079924697
103.78691915211394,32.06911519484026
104.03393496523624,32.10087585328399
104.06481582648026,32.805976222357174
104.06594489974474,32.48872816684863
103.84015125926612,32.18184237102452
103.82800048455303,32.1260312181938
104.05158415717146,32.199748377355746
103.73865025709632,32.025116249792845
103.90507621299568,32.35750236755139
104.34418313025749,32.527480207962434
104.3293355615112,32.826863178136854
103.95095506861551,32.56201727488238
104.19211531218426,32.787779693781275
104.35330850017262,32.977341539839514
104.6102752617299,32.75182143258039
104.50719851629371,32.87687465792873
103.95501512937876,32.88794462015023
104.13033870351155,33.0486326844551
104.04856916061617,33.09397308866627
104.25226747084156,32.85189583442479
104.50010419944533,32.83765761034067
104.00267591824172,32.38870563659187
104.34154098385261,32.57926188890031
104.17487240776678,31.681771189012633
104.0961552440358,31.719370401402283
103.73193953479735,32.0615125725502
103.8622847540754,31.486677484172876
104.21093432037594,31.739968714750955
103.8298886577944,32.12821684778053
103.79183690566283,32.08194665635128
103.93896343202044,31.473579919423234
104.09828360345904,31.732110088231416
103.8140160021964,32.26450396360083
103.85152419072665,32.43484768172265
104.05114273278343,32.49585420708598
104.44958426982538,32.05977415819361
103.97677359492762,32.06373660089322
104.15438938143538,32.28129402366025
104.09674080340598,32.705852950475744
104.00536559538634,32.578130431630214
104.10646726323279,32.0079380686259
104.30856883120288,32.16289392671686
104.30619500797974,33.010578315954504
104.0499349024442,32.85937756937347
104.8534786644969,32.80496137144612
105.31842466520301,32.82568033645169
105.39019491872381,33.157190402278545
105.11867139998621,32.89504379579092
104.7964472852289,32.556278659950934
104.1925758191521,31.778017516945116
104.01028054064797,32.23883568285869
103.8865696456781,31.720943892137555
103.82583439021515,32.2504070021599
104.09343299159026,32.37323138712752
104.15944554745613,32.80714285806776
104.08552982715996,33.08956837894711
104.10150773452092,32.75891447347041
104.01093476327976,32.991879905368826
104.34182646300349,32.80521770103518
104.08950817701005,32.906508030058866
104.07521820374794,32.92108259020209
104.01383539413476,32.941127196850935
104.37704325843806,32.59812449394075
103.83190303644763,32.66944485674122
104.1215398879881,31.76480185700421
104.00144359202937,32.68841023863834
103.96279968981837,32.86176902770639
104.2882652528797,32.94362662852393
104.35588081199182,32.29553625332526
104.45884158336145,32.48211955441512
104.23658860727362,32.605954183670605
104.35220175269517,32.69950172906536
104.11143203908613,32.903129482590515
104.2893243104974,32.591825114964564
103.84202374139439,32.469023096929824
104.39027754774186,32.62483007388531
104.56538231125867,32.73544455377906
104.52532579758025,32.764887973656506
104.04184479357032,32.77618582174669
104.41939579120033,32.862569546685556
104.08404055570205,32.627516132701146
104.48661215269799,32.5940630081885
104.71713824072306,32.76420369884747
104.82076519899306,32.695631521760944
104.46315922023385,32.59226247781077
104.59325100893568,32.712936212365626
104.8080054483897,32.794589438310695
104.42509134254114,32.57185870523728
104.05725971700357,33.047330974365345
103.90849000705262,32.15429872256672
104.0038698009945,32.58606144405659
103.9774853155607,32.17234145242017
103.87640826707646,32.04835759665783
104.44650556017277,32.59518143697939
105.00655494360186,32.54382073760717
104.70244026816106,32.72303991132668
104.8982598415619,32.731183799183164
104.42651192467389,32.93332771835848
104.07224119695641,32.15198375393696
103.93065089657439,31.54911922299975
103.82420617718313,31.307746711711005
103.40692182538453,31.11542498614138
102.94945730502613,30.75137069614294
102.76030021645343,30.744184904061687
103.2658676895895,31.217414303646706
103.21789655514829,31.096014981709168
103.47840417684142,30.86619426375643
102.60527893508436,30.831506789917746
102.63743549639304,30.760186927778914
102.76257085011376,30.88667352166328
102.76257085011376,30.88667352166328
103.23238020331557,30.98518109239777
102.96948210576606,30.375022090195838
102.80878448237986,30.834384886726866
103.17361837382643,30.808776290560342
103.19846905881495,30.646024706522603
103.06715110180625,30.72906983294438
103.12037164563333,30.834432540237664
102.83777274360759,30.501872990441043
102.80698023702378,30.58791809013613
102.87520644068283,30.765543436589795
102.97771937267599,30.778965273929018
102.99991887957096,30.61210570691147
102.39254783746156,30.214593320493613
102.28971062992274,29.878136456771824
102.35024498879086,30.03203175659057
102.35024498879086,30.03203175659057
102.476067933992,29.992757675054897
102.83972516360463,29.610206880323606
102.57316995264802,29.663468571129982
102.9562750586232,29.597404647828704
102.9562750586232,29.597404647828704
102.78558014779144,29.602926240369705
102.78558014779144,29.602926240369705
102.31646274610353,30.105025691358843
102.4753386191043,30.55425928792448
102.59535924927852,30.20304196564235
102.50300826866135,30.507523553316634
102.63347519414079,30.224117171593473
102.62681550037836,30.66562547112628
102.5261734993718,30.421022223099644
102.93271326875625,29.50355466257236
103.12644360684627,29.497906406344892
103.12644360684627,29.497906406344892
103.12644360684627,29.497906406344892
103.12644360684627,29.497906406344892
103.12644360684627,29.497906406344892
103.12644360684627,29.497906406344892
103.12644360684627,29.497906406344892
102.83937881402748,29.547441586784768
103.10298782736054,29.511663792795737
102.93185374422414,29.548255539842373
102.71981748171736,29.622833375691787
103.10925511080583,30.5871247124686
102.42364063233973,30.542180011873505
102.66205006026526,30.316428683745823
102.63649009703883,30.27514495507819
102.40920700515993,29.858035787640603
102.37787268734553,29.859037035997456
102.56652439896718,30.066202177550114
102.56415230758167,30.49073145062513
103.13773034204452,31.05016244245737
103.00259126511094,31.03273483971857
102.99662536257426,30.754173228674638
103.27479584446556,31.014484074369545
103.20137319046746,31.038773048097806
103.12254838282317,30.97279859874393
103.05811694471801,31.04989663795376
102.39964137728413,29.968316613892366
102.52603666377024,29.69789861038038
102.95246870771726,30.645740229980476
102.46017249477727,30.05221397190584
102.66538928525192,30.21664362712194
102.92183221417196,30.82811757807632
102.77729791089828,30.586174613768573
102.67950966163008,30.648442944326927
102.49011411971443,30.569848424945068
102.43388382333107,30.28658060855387
102.84461536706846,30.781023550020898
102.82394874230269,30.796079645856206
103.17702845748936,31.28744754985807
103.25705700227192,30.881638745363198
103.34121230767732,31.33162456173239
103.4300491108703,31.38896160374019
103.21064803205356,30.983560096670548
103.3925318011434,31.429949449908783
104.0888837374907,31.639027154092332
103.80471544386324,31.539119526581427
104.09345330549291,31.71881079189762
104.02095657141507,31.51644241728022
103.31744988651838,31.267004029605996
103.6359165996212,31.133605304664037
103.50154117088361,30.96770920971731
102.43413281747772,30.432442316970164
103.18504428670951,30.796772992703122
102.59138711178251,30.549685011782422
103.20285440713792,31.074059694094505
103.42304751124534,30.845650079900683
103.0656710132647,30.78067303655305
103.22973484549813,30.873805251866642
102.49278232323807,30.177501934195657
102.42624999542703,30.038125734257413
102.6918072577697,29.673365725178968
102.61624675738287,29.96990359065954
102.87923735735485,29.516615112632195
102.87923735735485,29.516615112632195
102.87923735735485,29.516615112632195
102.75418018528889,29.541344642653463
102.42970190477142,29.75255759438074
102.36376846154849,29.75865243109374
102.42883157096875,29.88386354584508
102.5033818218864,30.053674400936078
102.50614143136993,29.774778933533806
102.93518187134612,30.78466216275007
103.23106550249003,30.716148603919606
103.3864117791595,31.37467575713086
102.53917780548699,30.817480319323284
103.15702910162545,31.131038692584657
102.96158467281839,31.19978846927702
103.3930228576758,31.189086735536517
103.35895129026412,31.0509219648835
103.26427422872992,31.275199856487852
103.0284025685902,31.254888698090735
103.17744878241443,31.08943536387905
103.1428582148369,30.84128205824296
103.08884720451053,30.74358586600742
102.99586890052093,30.847465316864376
103.14559858419749,30.642414410727312
102.85580074853537,30.703274614756058
103.21328669892466,30.920376164611316
102.94797594511465,30.97894593883366
103.05542768550129,31.264646543890276
103.09007307750353,31.00091612469533
103.30111356038456,31.410589338926503
102.78806475110223,30.90115589862984
103.25132162996942,31.345681824744652
104.06633260170415,31.55000764168203
104.22787809388578,31.64200658531196
104.05501206568567,31.67259143442381
104.30757372391513,31.797405867038474
104.03510296056996,31.700901585043027
103.43498074894475,31.364529441850735
103.5948411939322,31.234289637271157
103.71374903128557,31.342560728063308
102.92024290646404,31.229321611508265
103.36048383174433,30.995283106809726
103.05682734287141,30.976597395503255
103.17648268764171,30.835906773588228
103.03939847989824,31.267062137027263
103.59516971959411,31.217790554363024
103.40883300768982,31.267128855579088
103.58756551080674,31.336843881041414
103.01178660256276,30.666454339688624
103.15089115635328,30.859461536505375
103.2627823118766,31.187706078139822
102.68446033854534,30.213020020829774
102.41206822767558,29.764110314172623
104.60270747366674,32.60554402836943
104.04591742585998,32.36874052723501
103.99336305176425,32.679673339532044
103.99344825319231,32.77667549155109
104.87823427022659,32.71355789807846
104.88700760102726,32.720502519560505
104.31242903422908,32.63063797616985
104.92347380849813,32.634694279331775
105.34941429112708,32.972562493139314
105.43768251364004,32.9277694165291
105.41060456764465,32.74004286429187
105.33406418632883,32.692426367734726
105.59541026474406,32.8752848703677
105.59541026474406,32.8752848703677
105.60881823221631,32.906392155500775
105.34362154819219,32.954596122079685
105.46633238766734,33.005485246051386
105.40315100436719,33.1038764628626
104.83067422128296,32.782225716392595
105.38532991759067,32.78490644502944
105.36304343578266,32.876174291220295
105.5980994976618,32.912427134737584
105.49571504331824,32.94536168855265
105.43064978148271,33.13528628375252
105.46743221683585,33.04394201822137
105.3902521123546,32.9850637979207
105.62221782445849,32.85657148153214
105.44840282752132,33.07110265846361
105.48031990244445,32.84591397415744
105.2663759374218,32.77137688619577
105.29711499601183,32.88340991880342
105.15690098992748,32.82470601359321
105.15690098992748,32.82470601359321
105.5344028755077,33.05716500650316
105.25288837166114,32.85871721721449
105.14841212646482,32.944996807752986
105.4534881754257,32.78509220570284
105.10266981809882,32.630353479416826
104.90080199549149,32.68261570537357
104.34773441228235,32.95011348688733
103.86021559414039,32.5620881512019
104.32416530009479,32.570130406249795
104.11266288453498,32.339907092932236
104.1468744277012,33.05094207402416
104.12442854302556,32.563119320894835
104.17862702992402,32.942523002587116
104.23070750925109,32.65897013733849
104.0951967355184,32.62597636050382
103.97808669997148,32.448654014961754
103.92725819527662,32.47197028703116
104.05929050159145,32.79803251187242
104.63250131783502,32.51605884841238
104.63250131783502,32.51605884841238
104.40268019332316,32.860886678367756
104.39057543017158,32.91270093933097
103.95703670301,32.76360861017861
104.22696927965859,32.322649117655786
104.53052301558176,32.6903140589143
104.03916890930954,32.61854921259259
104.21262143286826,32.96360023011913
104.77391302683851,32.63576868959156
104.74581698656087,32.63802271741535
104.3679078930236,32.905320546560425
104.35881259755209,32.92871679821367
103.86874839420821,32.31790805478118
104.02549583407283,31.976209239633544
104.0566891973855,32.224232354403135
104.155217643378,32.227977350479584
104.10095504636107,32.19023761663422
104.11198753494344,31.756086342965673
104.26975284718966,31.734374461972102
104.43554732787844,32.0915480856488
104.5837906417674,32.65214626596307
104.17198466990997,32.78188165146482
104.1383800937598,32.86801546816833
104.35420161783247,32.83796552805724
104.0379779191328,32.49746135570862
104.22322902367915,32.28321096336635
104.08778966156883,32.246486669944254
103.98695816508116,32.368242485003385
104.05236719912796,32.269047635618385
104.46536428205656,32.94974372608686
104.60467531884383,32.869180772565706
105.19660402679857,32.925483514962814
104.46066454708186,32.84432895428413
104.33337863702764,32.90999507267221
104.03929650514502,32.77608027236715
104.42937656166019,32.61471643287154
105.38653711968911,32.80067066813018
105.56288433451563,32.859733038718964
105.32742839329825,33.039822008718616
105.44287144679234,32.773948800601666
105.53177780399308,32.99107528324241
105.53488561368508,32.78391346177373
105.164229686474,32.95776166138337
105.59675861955128,32.890606451775135
105.12721218743488,32.94248061828033
105.34186385690143,32.82406651240064
105.42735057535982,32.73648009226185
105.29986355159691,32.80337916450782
105.52451328635483,33.02935694405455
105.40551444508435,33.0851801704967
105.27841276922553,32.977917792280664
105.00971389112601,32.69535914476612
104.8435111692559,32.70858349627762
104.92843497931298,32.68242146476686
105.18377253721908,32.68979153472182
105.07824833922089,32.70429157709903
105.12116465071601,32.91269703800202
105.30087840204621,32.93255849250893
105.32387599683267,32.7981872306207
105.46130437666653,32.81872616770317
105.24749567458991,32.68720197709402
105.06770370999241,32.63167993970814
105.30415477335575,32.95706255246712
105.30415477335575,32.95706255246712
105.48406949435054,32.89337751305353
105.10199152380713,32.690924446268646
104.26276098614005,32.77540137723687
104.42553393174302,32.67914304257342
104.70895722804822,32.814338254473036
104.40948706188844,32.92409479157175
104.44231485650072,32.62563094817717
104.05987711957977,32.81166578087712
104.28658082194414,32.70994440247746
104.65004804273015,32.6895385397866
104.74210937659805,32.60636666102342
104.74210937659805,32.60636666102342
104.8036177000844,32.71935914045972
103.95190680233699,32.86067910847917
104.61589699717439,32.458722067310596
104.55368874113886,32.49831410306972
104.52807921996366,32.51855314132184
105.16332836428865,32.71243086759739
105.38944635198492,32.98995537046405
105.09867567786586,32.70301520126351
104.65358151071483,32.51730857457301
104.72592651238857,32.56238196525022
104.11947444715446,32.40571910693142
104.14732795358226,32.24986601423376
104.3536805539469,32.54781966171093
104.41218734834125,32.809843285670084
104.37058315478555,32.78607464769704
104.42761648186327,32.807148915860694
104.63511976440394,32.73669577479702
104.59344322782397,32.44022878951397
104.39616203581657,32.07388719871392
104.0190550907143,31.466270890007742
103.99852770674974,31.7054712119375
103.81057065331306,31.91350730425592
104.00167855103044,31.516697952989883
104.13449418845387,31.623196244730096
103.89594894305625,31.55391450493625
104.00071442311219,32.3285207853477
104.25544618360553,32.68974924134592
104.00526648700483,31.937420504250042
103.91099781965745,31.452851609349167
103.90674987650937,31.409110163555916
103.68832844725917,31.373544912570832
103.13466891263633,31.181167129706402
102.65127223056318,30.63388718137024
102.99275665585193,31.036616597752012
103.30476312209203,31.0081171264558
102.871420294613,30.91783185088298
102.61006633467825,30.51093052843072
102.79609386328148,30.498864022267618
103.0552101562487,30.929844871730428
103.10028362903653,31.210285854333733
103.30896925425999,31.228148522711912
103.2219158551805,30.689347091181766
103.05094757107837,30.870125621461472
103.0068135103699,31.15975644632707
103.16651097593954,31.132277797221477
103.21315299465489,31.175585739671053
103.6166396755607,31.3298520286026
103.83017935619647,31.416455159876246
103.83017935619647,31.416455159876246
103.83017935619647,31.416455159876246
103.70503251538184,31.165960375694283
103.63925643535542,31.153337138275358
103.6337337845349,31.144960036480548
103.86640822323481,31.46809286198564
104.07393572617265,31.42810042943771
103.9661784212079,32.34302616763359
104.17346372209725,32.300678820598534
104.37298115988736,32.096398357357884
104.37200952254067,32.114901029397004
103.43626378509197,31.36540658022476
103.21681180804629,31.16615075141574
103.0224079937665,30.696178842649676
102.97715458728968,30.543948907466913
102.86484911675434,30.419557457294047
102.58108723077366,30.071767938875023
102.47919783033231,29.733750201661685
102.43214819635136,30.082640697573982
102.49776985023914,30.45845477993277
102.62517359197358,30.423154043473
102.56675924723017,30.316720789245295
102.58070466184577,30.279289019440977
102.64685120335267,30.133676048616906
102.6662710487419,30.718390364961017
102.53937886564248,30.793221583810745
102.63688005708842,30.52981980657617
102.81100889933954,29.594721037139383
102.82987469307213,29.62573406654885
102.44787995699657,30.473741279881736
103.09399603994711,31.0049522832225
102.90646779909413,30.692775319518304
102.9257079555078,30.481680241426464
102.74211324954591,30.7588350016474
103.1404245672628,30.767397003432063
103.1565416774197,30.690463103127694
102.71517697255521,30.59589130039183
102.59144740444697,29.686513317883335
102.59144740444697,29.686513317883335
102.99554427384204,29.546432872704848
102.94219691222605,29.708291719524425
102.83548297896331,29.502719380545287
102.57543384699885,29.9141874422978
102.57161954249646,29.979165917003
102.35763005994659,29.983105944431692
102.74676197910624,29.555640180979577
102.74676197910624,29.555640180979577
102.9386078719526,29.41080703400317
102.81639948424429,29.5306947159056
103.182300154952,29.481332061248057
103.182300154952,29.481332061248057
102.90997033348847,29.43111760798829
102.90997033348847,29.43111760798829
102.90997033348847,29.43111760798829
103.00358804127465,29.43899991992831
102.91239377884136,29.549596157033356
103.17487328577164,29.551656943434836
103.17487328577164,29.551656943434836
102.79777155463024,29.630246172273427
102.45578398313872,30.050243483155665
102.29617654653534,30.004526178569904
102.64757723445713,29.734564422022366
103.05803816314236,29.491866860102892
102.81070293778427,29.621629623207227
102.32503251952085,29.82306011862045
102.68848790705904,30.309680559378524
102.58433852363922,30.61803320509123
102.41714310152052,30.245448584143926
102.50302902834332,30.15788179711674
102.67984891769454,30.312239655874674
102.45081854183556,30.55026581658833
102.45081854183556,30.55026581658833
102.6872110215039,30.403542184924774
102.5392616888937,30.45211548910161
102.55536905663982,30.10699638932989
102.66243313512305,29.977419205830884
102.51391545945192,30.19139755054265
102.57977736865772,30.457343248967483
102.87923724010736,30.708878620278085
102.88775206777096,30.76848567853602
103.17994407841651,30.915174355970578
102.98934843224077,31.09881987159694
103.05602471210074,31.25105066317078
103.04027728846528,31.15864395786629
102.72278295020364,30.64858376877411
102.50537373439455,30.297157588532443
102.68636477342558,30.190638850503376
102.53768703231853,29.880230471679806
102.50222492819495,29.865045212393913
102.42441616353166,29.846809451830914
102.57844779003845,30.135540005431135
102.31937530242885,30.034627304334627
102.63901293361764,30.00477463143631
102.5715499734913,30.328615403680246
103.20120356946514,31.289381526247833
103.56416178506193,31.203266719875224
103.37985607373435,31.071543188564256
103.72010531747972,31.227133075635596
103.99425051365449,31.634891528818837
104.05229202031741,31.750131571644996
104.31572983600374,31.79891243020836
103.99779072502014,32.242773244183894
104.36890484651575,32.2687371030431
103.92442965104689,32.650123875769204
103.8326914833054,32.6367419073365
104.76974706912209,32.708486081791854
104.111207041493,32.981492383814874
104.45986620552098,32.86622076734946
104.30795199705065,32.83213996619379
104.45491942523806,32.77561278335128
104.70858002890105,32.58075110879053
103.80027186371026,32.01197143177117
103.90256735456997,32.13571770968921
103.95848159368053,32.27391635211994
104.22703779355513,32.11000286408682
104.2087048582511,31.779588812343874
104.10569264003605,31.617559063558264
104.10569264003605,31.617559063558264
103.9597592163908,31.81323396359977
104.0362752980983,31.680034660782656
104.3187942007619,31.820650062227493
103.96109755068896,31.71150116921787
103.72309437249903,31.386538467591123
103.72309437249903,31.386538467591123
103.19512257830355,31.329580064307706
103.13422474682613,31.009495782159156
103.18862140333832,30.631552502424487
103.08535540289506,30.561128616769835
103.03547734630004,30.804753195132054
103.24796260319324,30.896261602516027
103.16819308959487,30.794529031751274
102.90985025036298,30.81980276668054
102.97754333948802,31.008270818939536
102.65504822793434,30.446197670726686
103.29494516447838,31.180358474375545
103.03394468073122,30.787050916928052
103.1055072922518,30.60281377799777
102.76255524954904,30.23181849479163
102.65424432592833,30.14405489634868
102.6351963483111,29.946183650118414
102.57029762004056,30.25973172183485
102.709723480121,29.66046106519668
102.9761876536055,29.45430813483789
103.07004706199659,29.456978201141585
103.07004706199659,29.456978201141585
103.21451710683122,29.489996878693745
103.09844480649028,29.464110058855212
103.09844480649028,29.464110058855212
103.09844480649028,29.464110058855212
103.09844480649028,29.464110058855212
103.18709611155874,29.459978746957074
102.91570879962613,29.609098846052063
102.91570879962613,29.609098846052063
102.92479717661534,29.59043332823975
102.92479717661534,29.59043332823975
102.58974797745857,29.89870566138138
102.98460372213985,29.577159634316324
102.95154201945734,29.700779547570757
102.95154201945734,29.700779547570757
103.15008243907627,29.461134398742818
103.15008243907627,29.461134398742818
103.15008243907627,29.461134398742818
103.15008243907627,29.461134398742818
103.15008243907627,29.461134398742818
103.12846635326349,29.460347320981487
103.12846635326349,29.460347320981487
102.93930919994257,29.476896337880227
102.92121674531015,29.53967848634316
102.96921906388516,29.694279335807458
103.15308742480512,29.479929022223835
102.78171873519112,29.519865516429377
103.01318843050252,29.49078161324352
103.01318843050252,29.49078161324352
102.9898441881238,29.54011720648924
102.79205570227168,29.52106805872537
102.90386323096386,29.52582596663851
102.90386323096386,29.52582596663851
103.04375332049824,29.540889055996
102.77492029452223,29.59311610409827
102.47612157845995,29.704243496295515
102.41792584152223,30.018277325588986
102.60248595986843,29.673141299736674
102.7590835645848,30.292072939228923
102.7586648030983,30.720086710256542
103.13304594791148,30.723818575068393
102.59101037823292,30.30572321904647
102.7892345836841,30.777032115532283
102.42123272504259,30.322850566587825
102.83373971644741,30.796620714736832
102.74936423064035,30.75169063871448
102.60390800889074,30.727240621488914
102.60390800889074,30.727240621488914
102.81804471597398,30.600174652061433
103.12925088154599,31.076866008807603
103.10952052351603,30.846552860337358
103.05901659807351,30.66892436916946
103.05901659807351,30.66892436916946
102.74134922753417,30.57009861030288
102.53590937866473,29.91041862460604
102.58320005728768,29.99514693656163
102.52482681898837,30.61801800009347
102.54677100901566,30.376956397043188
102.49643781530209,30.791242388315325
103.31518379618471,30.734544490655505
103.34127759598367,30.769643059236415
103.07452160353446,30.608871631750752
103.09572245011681,30.555174615051598
103.59707278370871,31.205118760397834
103.59707278370871,31.205118760397834
102.9607382983668,31.21274420440668
103.34502039454573,30.836004837854905
103.24544395772682,30.77644106817034
103.47743792644516,30.858512794750393
102.93960098548065,30.41893048017155
102.91395573086716,30.661132184605673
103.1261249764429,30.653888904094615
103.1261249764429,30.653888904094615
103.19892239739737,30.705669368325413
102.92200566118451,30.777927683193784
103.00052299901421,30.449518228555547
102.94426842923848,30.646453267896177
103.12766141887155,30.629497509771213
103.19533728028303,30.837864797358694
102.71262037143285,30.54562841769822
102.739301336199,30.824956467067913
103.08559988200653,30.606249926785758
103.61465324491529,31.155751313260897
103.22898490000448,31.37225463609001
103.57401774776453,31.13372336255278
103.0925416617117,31.269830600908016
103.0925416617117,31.269830600908016
103.08564590721217,31.070615229531708
102.98451774153929,31.143611029901226
103.02262422477857,31.16905002992321
103.09729359988357,30.830308120682815
103.43685341098546,31.332032997336594
103.3743235623426,31.352908843960986
103.3743235623426,31.352908843960986
103.3743235623426,31.352908843960986
103.18448159593568,31.251140399137135
103.2847663188271,31.26002406876818
103.15311165908535,30.946094925737178
102.7630922199509,30.724199826848693
103.07357679743681,30.65366906325647
103.16775797777079,30.503661908237977
103.015102987196,30.91825537491855
103.12131495302313,30.70889971082966
103.02925838116451,30.465585573569214
102.758130371049,30.7349703040434
102.74516799789313,30.327470130266207
103.1278776051809,30.856537576572016
102.97762781865744,30.64272870062378
102.54999027239182,30.132924128534402
102.44749571228368,29.977799846262958
102.4041846844592,29.87457019614625
102.78131535786738,29.63194926990644
102.85765993206769,29.536396761973496
103.0300728987599,29.482468462235076
102.75694667394927,29.609819068783015
102.75694667394927,29.609819068783015
102.85866350132076,29.502299983092783
102.55833622391762,29.830313447179158
102.62647858406672,29.704390085207546
102.62647858406672,29.704390085207546
102.51804408091643,30.078063534949322
102.50811457123152,30.576870548868552
102.52242632813719,30.616839707484292
102.8984477702242,30.630544057832665
102.99534491432433,30.8986640463969
103.20934994656689,30.766145393203722
103.0221468397656,30.71347565706505
102.45465973591811,30.238519169920423
102.54105459422274,30.176418027526044
102.37539130404386,29.799052972552886
102.67431998740018,30.478962442893426
102.41918597947367,30.319814752787284
102.58378392074982,30.626207893874493
102.70584090172575,30.80801535513451
103.37531007974113,31.122634516000236
103.1763869839336,30.82693931376183
102.94702145385685,30.46526732279929
103.32579983841262,30.81359877330589
102.69575424508385,30.701119713977675
103.55926361963944,31.13428191052773
103.77094656069946,31.287728592922402
104.00203497250159,31.533149336799866
104.04342598504115,31.687546643552782
103.78242339191462,31.332822475660045
103.80428277230565,31.345980414675804
103.80428277230565,31.345980414675804
103.07031793151948,30.974888778783875
103.00674270169593,31.019906311095728
103.13324390498113,30.90357003802097
102.91465931090607,30.594478057968136
102.76968010454546,30.73889799779506
103.20582489058465,30.964860996082336
103.35203738266061,30.792821734334225
103.29565476110535,30.654682850365514
103.35755437611869,31.071949629086838
103.12476857889439,30.90906976620004
103.07366787561457,31.053587489037334
102.83860634330186,30.822401449680104
102.79992647154165,30.44240354370073
103.34216096700457,31.117040940359857
103.2235401298752,31.11064849781918
103.33609265079305,31.08209976918164
103.04419353050348,30.940033973678506
103.09722405548686,30.979619770633633
103.21215214045327,31.284429724473625
103.4226061716402,30.831145083538402
103.30922459557219,31.25818814665548
103.2700479431098,31.1040419065686
102.91644114794225,31.11344814935826
103.0268573742499,31.06418865681895
103.20058902705725,30.615863495096942
102.74476476021032,30.605084693264967
102.88768404592457,30.72611978690722
103.29419212189715,30.664170378473646
103.00086194216517,30.634348122480358
102.93155989581946,30.55519618741754
102.4887762391215,30.754200415420733
102.57166212809203,30.709562167023805
102.62294618633635,30.506433488148595
103.20320506638664,30.726589655365498
103.36642144967654,31.03219222561939
103.25750400543028,30.700097787418407
103.38362396944456,31.059154135759076
103.35866833426623,31.10937897610661
103.05364455029064,30.90259455411391
102.85129917343045,30.425283504605808
102.60523883479573,30.559332097907575
103.05854238858727,31.0775513907652
103.68760531824564,31.313920783141224
103.00926949340496,31.262914388983436
103.00926949340496,31.262914388983436
103.39012293051879,31.30260923079957
103.64388934734393,31.180584231762953
102.84251751366396,30.494161526310336
102.9096707010574,30.814851660126763
102.72805563151384,30.280521480373682
102.6539628552786,30.454896779640066
102.63580176539328,30.142222376440955
102.49370942040194,30.13268181653197
102.44292103655889,29.82704012741759
102.4616887842766,29.865416087456012
102.40760353875851,29.723230525569832
102.4490605655349,29.822418008918017
102.57773080817404,29.70396511047989
102.64663238763967,30.50829967867536
103.10645078948276,30.871797608609086
102.80949873970094,30.8332478999581
102.96319270971232,30.58895045742059
102.96005830744717,30.40537635065288
103.10187863751325,30.64704898259908
102.84598058187004,30.822999571324978
102.52701793746796,30.344440466598293
102.45664601136171,29.95690290865073
102.38443671484796,30.09547315118334
102.48292008006042,29.73405536167018
102.70093813013962,29.61128776737552
102.39393030808525,29.967603350069883
102.5609410381995,29.88171292483683
102.38566830891276,30.189102355394795
102.48756076105924,30.405975121807316
102.60493229383113,30.51717419202276
102.99942514827387,30.45843968193623
102.87367081098247,30.38104806193677
102.94070603164207,30.926099504039826
102.96720339294644,31.01667441707488
103.75770525017653,31.300118231832407
103.86444779364291,31.378121204316553
103.81278644099405,31.337751001170307
103.57251987237956,31.151362855996354
103.57251987237956,31.151362855996354
103.68755015874198,31.220223175177583
103.77938091825374,31.313887667855337
103.77938091825374,31.313887667855337
103.8673057964179,31.582209252543954
104.10004393038012,32.4980322601482
103.86186137814839,32.50910546655503
104.12291786606245,32.71769621049275
104.27042486076326,32.8830960768583
103.91084145642864,32.8923685945879
103.74721201229923,31.943871339373835
103.81645970543046,31.490092352138635
103.31059072016245,31.387901342929137
102.926241301582,30.947137303812333
103.31411425815993,31.209628255545272
103.81962921414403,31.36823442917835
103.61517270019648,31.208217991126062
103.71371242657598,31.271311875414828
103.71371242657598,31.271311875414828
103.7841887343636,31.30677343641044
104.05418830444245,31.584737306296887
103.30870571135655,30.691094342955314
104.62835344186257,32.780082417218615
104.82315913591964,32.52720383719425
105.16784865234928,32.848258690221236
105.28298499436967,32.90059797103646
105.15156924491325,32.69610030646467
104.40099970560854,32.55184043176806
104.66002806683174,32.52698535539296
104.86098121207638,32.680377650925536
104.72708195841449,32.7861880242954
104.28255476660499,33.01390467572084
104.00413422279992,32.535101209678686
103.98451104065161,33.085841946094284
104.2418216729713,32.923254902795605
103.94381767572015,31.995360710922608
104.22454821226515,32.15417760126842
103.9668695298599,31.867963512133944
104.17435717571526,31.71595784800151
104.31291404413466,31.797408636008374
103.87158923358714,31.587993406486774
104.14949460408744,31.732905165562634
103.73214247601328,32.059089434485685
103.89379093096734,32.43149644387452
103.99552699972789,32.49556712618407
103.91542295678299,31.90979069681767
103.76468389227456,32.01500733928738
104.2217593796221,32.83776052958657
104.28116847201055,32.840266744117386
104.32291587203183,32.765633823037184
103.94353890113891,32.60533307039782
103.87987263908892,32.01127461110077
103.72079538557182,31.38076564162005
104.06849366328233,31.430946843655384
104.06849366328233,31.430946843655384
103.86259264903151,31.733026365785268
103.82834237742102,32.307549506616354
103.97478234353154,32.00207635567083
104.0335611226344,32.17992590281868
104.13035641054338,32.83629145763285
104.63290790527851,32.73848331369825
103.95045025398048,32.14667209551503
103.84891162161581,32.20235076654816
103.99885381475308,31.69078619415459
103.949408169646,32.43534482280059
103.92160203349323,32.179392302597215
103.77208704290204,31.905740964453717
103.84107442004611,31.47905295748338
104.32357229343557,32.520586837573354
104.55610737209598,32.60672415618724
104.56881238786964,32.48782223333274
103.98560874133409,32.27699552045064
104.25596222936163,32.21406398224858
104.16215884146486,32.33797122701288
104.1214991028079,31.740689193444027
103.99162950466484,31.93306043135935
103.76106527083556,31.408523123879615
103.87821600249232,31.5001951722952
103.72536516245964,31.30979189665595
103.93654586474993,31.467200820173215
103.93654586474993,31.467200820173215
104.09436342512954,31.676444289799388
104.01445565018378,31.66061050940029
104.09857730215873,32.02586163552349
104.43400629076848,32.7198008753105
104.02496600219808,32.89546638380641
103.92872782674924,32.12781588370948
104.08924739485651,32.08552510746466
104.04414156702495,32.87475775121394
103.98323944578337,32.92603130905612
103.88384396987179,32.64960492854163
104.26976651264864,32.52216935916292
103.95628922461,32.182150502506026
104.15162296410364,32.63899456460499
104.23608229024292,32.7494545409972
103.93944618240393,32.72532522754279
104.12130898278792,32.956778801489456
104.11938340564836,33.11054346929857
104.1013981350496,32.6396191135772
104.16181035053116,33.02442370819733
104.36670078174804,32.62332084596483
104.69241285697599,32.81859075702123
104.5008260531056,32.6134527551191
105.14208695372989,32.5941990227622
105.10494048911869,32.57480610084815
104.57225254410352,32.53324994348461
104.68547934410577,32.65729229809011
104.07572013757395,32.34774821892169
103.90369865633077,32.20394685982557
104.02349063654843,32.50825071820951
104.49441150952875,32.770683740386204
104.59430970357717,32.85248299113204
104.8765285344076,32.54614531566935
103.98931787204307,32.699685931125074
104.5295009471623,32.72886159335397
104.89006412541299,32.68172387350865
104.48705745315985,32.93880545548928
104.52582658543335,32.87191843454016
104.00877195158074,32.882698175506725
104.09599514188994,33.02822378400174
104.30586690755702,32.70411843864834
104.00134447339164,32.98089530696247
104.25642330053158,32.974712205072315
104.25642330053158,32.974712205072315
104.18550873080245,32.92710977558803
103.8115102871642,32.56123810113373
104.21824107439107,33.03275716654736
104.1962084008219,32.31508141699787
104.13130090294102,32.325070306334524
104.13130090294102,32.325070306334524
103.8757853372886,32.59223499783253
103.90771971323599,32.40441118006865
104.82059901283216,32.57167334022554
103.97082248834036,32.350917998168796
103.96284013729259,32.21352679378611
103.90187446269705,32.58325109614379
104.11992643101217,33.03481687810381
104.15876308396264,33.03824482804622
104.07681674781611,33.12898634395772
104.08709788205573,33.03107750509191
104.01451354369505,32.9709171457742
103.87818335018045,32.58392962828094
104.08498433191292,31.538484475950565
103.82233701713812,31.48969921754345
103.75238095957758,31.85092539107945
104.12700612566707,32.39324253702277
104.13590566140411,32.99903599370046
104.91842729458003,32.69820462424656
105.16600796417917,32.62251844649527
105.12780875354008,32.93232058547622
105.51161135601748,32.88523816401007
105.51161135601748,32.88523816401007
105.6080615388118,32.84683397223277
105.28180081795223,32.766372705874524
105.43029843059205,32.77768728215777
105.30566925538895,32.72651461808048
105.43853534506863,32.793578849078536
105.26451108181057,32.936081627423164
105.47673449037401,33.03931112703212
105.63039658050803,32.86312264623184
105.57513929458749,32.872773648424676
105.2730329621074,32.6370038574204
105.05953301319569,32.70310663219245
104.8379962861849,32.59998164665731
105.48544470090121,32.84142515250402
105.46639203618902,32.86114141423798
105.41975465821128,32.842737320034786
105.35908805500266,32.6646923690364
105.58517722580372,32.88989869068079
105.02232381246286,32.703768094369856
105.39758872526244,32.79695500334273
105.49608590864437,32.981596497371065
105.11616254167177,32.70627497055595
105.30400684346164,32.61809247235735
105.46045066912433,32.91837433245318
105.35678372956248,33.008160948293515
105.49223601269217,33.01115233948779
105.62147275248344,32.971174335931
105.59706180001606,32.97460047546073
105.1526641712818,32.85409213620301
105.47188053640944,33.11495532364691
105.30571810147913,32.84592054018426
105.00803357478912,32.55281593050827
105.23651593971896,32.62081442705646
105.32448962147066,32.96943971751123
105.54161347802072,32.74496958117479
105.30868702696635,32.691377761996534
105.58080581872981,32.94848707489567
105.17471535836077,32.801462833428985
105.17471535836077,32.801462833428985
105.17471535836077,32.801462833428985
105.04294457585328,32.55281049523197
104.98790156716437,32.645041487254915
104.78121599594346,32.61494744414948
104.6364790372447,32.80022262867885
104.6364790372447,32.80022262867885
104.14638439049186,33.13475157156535
104.57125434812254,32.727113655159904
104.38654410646846,32.817249735868685
104.11078770924202,33.0474904532132
104.28465487896806,32.70270441996298
104.3645099274838,32.076976068580954
104.70962432313513,32.47291425985705
104.33092192875941,32.212230011475306
104.24524268822503,32.1608738468187
103.8940644006617,32.07441828638654
104.17257799159144,32.66764929029713
104.64484060699141,32.454626821563494
104.65692744753103,32.67152729256542
105.160185891855,32.92243835543516
104.80070394634532,32.680899477664006
105.22183374657332,32.70990698932052
105.64464588786151,32.85616982773007
105.64464588786151,32.85616982773007
105.33595601715456,33.03094842937487
105.28878552567978,32.88728413735055
105.2954626368377,32.735269280580695
105.03301497526061,32.54410619687537
105.14987197736149,32.895742508219655
105.36137442167187,32.913869628204495
105.29201183816794,32.69293656946243
105.24722891123673,32.630681950761385
104.86258817936208,32.6955251644858
104.6923957747455,32.60401799818982
105.10041120668193,32.70963191870301
105.30111211041316,32.68958444870527
104.94178825345114,32.53434197373648
104.42785866135388,32.91757865441877
104.11604154518336,32.6981151191502
104.07326479906018,32.96929503920349
103.82768372306118,32.37490804629695
104.31063125772343,32.6130834483361
104.29926775049567,32.55049702400946
104.28222519077251,33.00724676792303
104.26975391361665,33.043111166437114
104.02439196343134,32.964352436598176
103.99796493877253,32.74138856813247
104.24828237368835,32.75072713339073
104.01356055331712,32.53644269908917
104.2815015287327,32.63509413399734
104.49194094736228,32.665581823963116
105.02854285682955,32.67891368845669
103.99800789659575,32.8680631273045
104.0878485212904,32.94407029131163
104.13275551626752,32.98145958019426
104.29376274347167,32.660799602095246
104.16144759140559,32.66977931998262
104.0512004351271,33.1636257057164
104.11166562362246,33.110721884565265
104.11300061363653,32.88933951210974
104.11300061363653,32.88933951210974
104.07370928144776,32.32148598416013
104.20130259591029,31.759047168839913
103.94984393073574,31.523658847748408
103.94281903262389,31.7226660478
104.01722479399758,31.85461872845905
103.71835294210607,31.85022680211822
103.93384228602604,31.84140270031323
103.93705987453772,32.001634174956614
103.73269247902267,31.892266420592353
104.01139931321566,31.883152121805125
104.12719514075218,31.63574951183418
104.07580762556096,31.657704879921514
103.86367164666683,31.854261233505206
103.97729601387788,32.1389447216792
103.95446928220284,31.860971470328078
104.03202060381867,31.893484587144624
103.9735405131682,32.02551447882366
103.74774464606324,32.120304632034745
103.77829210633364,32.07532390618646
104.10319089022742,31.859456680509744
104.09442858827732,31.624780347363746
104.0296882913175,31.692251466144185
104.16266118811012,32.30186909898885
104.18966136915276,32.97544221601022
104.19025926019496,32.92640749369709
104.75557023462332,32.609536844185534
104.09630372319916,33.187447272153065
104.57887313356682,32.56000004285038
104.48927783146847,32.731257141801045
104.95207653337513,32.71859835514054
105.40242843069186,32.81450261227825
105.40242843069186,32.81450261227825
105.28088994896156,32.69063220602404
105.56924762010571,32.996393805762175
105.48463317146752,32.98818475674306
105.41089439191389,32.88283578857962
105.58292933806365,32.92056256522594
105.49856953419513,32.943230886659265
105.51169026693972,32.89308555475623
105.17850282476006,32.88554075233432
104.58773901795439,32.63192679324052
104.70046872876641,32.59005587093808
104.63396029671169,32.67816425639898
104.90552055045697,32.68090266968194
104.82648581950167,32.490056256761555
104.49027217535344,32.567488483575715
103.79134981106431,31.839016908139342
103.8853538897153,31.695486980550204
103.73758141503458,31.29198183040435
103.73758141503458,31.29198183040435
103.33758146055713,31.30585319841203
103.34728103197983,31.09651060119755
103.16027252817437,31.297552913307364
103.25235229705214,31.34215278688013
102.99351291047299,31.149122613237402
102.97761134943818,30.66206189453469
102.5566265949928,30.78871514043898
102.8117267363903,30.518261632951372
102.54422882775675,30.530539794641335
102.69205751016504,30.798101654188688
102.7057416395926,30.570813133804887
102.4475705709288,30.46340414671987
102.4475705709288,30.46340414671987
102.57762045922327,30.32768618716594
103.0527262670601,30.431391466920907
102.68658951939037,30.27451856702086
102.43275706310142,30.106201110640672
102.29992239261733,29.923781971612467
102.27460538148284,30.023293848051452
102.30824750142884,30.03718961230736
102.44942447847755,29.950721662030354
102.5381194736003,30.306822447653406
102.56505008312273,30.752734633229622
102.49837350735707,30.713900071525032
103.03172507986396,30.421350180534255
103.36951868684426,30.99505631954896
103.13388388071277,30.569258794409027
102.74696105928068,30.195169224542038
102.62906910943434,30.532570725108407
102.34066898514348,29.980495381492204
102.34066898514348,29.980495381492204
102.66790549313937,30.522404209245323
102.64407004994999,30.324776383200287
102.91966573075094,31.110311137488626
102.94463391023007,31.177369868431807
102.96920194526757,31.17559595129698
103.11345940016533,31.26369153679878
102.91646083140331,30.82099227173468
103.2223299383037,31.30395200952275
102.91132141043096,30.918359340613982
102.89867603450591,30.61290134987943
103.33744928829923,30.846971879143574
103.015468475945,31.2093590449117
102.68232943941865,30.79143184073914
102.98774661879087,30.65284173611309
102.4387615944791,30.344422396339993
102.4387615944791,30.344422396339993
102.62691060564102,30.137818018944536
102.99959073787504,30.445537076547893
102.44301377421412,30.383481619864757
102.4972832229745,30.04812651278969
102.51030425141292,30.12615080827098
102.27332470727917,29.872947772620133
102.30866757585096,29.855081349515803
102.30866757585096,29.855081349515803
102.29753556154783,29.863705111538973
102.46366632166665,30.429021020486534
102.42307431344943,30.461315137123155
102.54803813369477,29.880279595615008
102.62049656311044,29.99812062501212
102.6081364748875,30.413564828422178
102.43033187106141,30.173500479916836
102.8968232886602,30.721917791225348
102.60937448998008,30.70471360299346
102.9076486571857,30.8010602667512
103.00087777137381,31.032612082143654
103.12286722984706,30.78284085507694
102.45854084472059,30.565888734786242
102.68067285632826,30.839584290917
102.7797650626533,30.53789761946132
103.00057214518579,30.929563620212697
102.78010488771746,30.89571440678402
102.99828620758925,30.936944156254942
103.13170323145718,30.99143419051751
102.4730232848224,30.764921605125014
103.04936461742481,31.10156475226462
103.26244971209168,31.110049368416657
103.28248097083475,30.771853890321264
103.01896259626626,31.011999846460363
102.75218816254956,30.8787091917289
103.13288482291422,30.951109980576735
103.16391090291424,31.254231568588114
102.99671326634972,30.616193382242194
102.59918540771079,30.265225368774455
102.85798387204579,30.724108839196326
103.04152781358775,31.21840018290757
103.02539505006258,30.871491107313556
103.07954732276539,30.899724201686432
102.95146960846958,30.6011907574437
102.5377521348062,30.358600599089726
102.72325908974469,30.78123858127907
102.86756707914874,30.71836405804581
102.71477686608688,30.68792751746025
102.95544523453002,30.978499978741134
103.14309188517731,30.841846559201965
103.50927565003919,31.114065660310764
103.33573116059635,30.817118993539985
102.96056876703858,30.984003518310487
102.76109508114783,30.67871591942549
102.91785577177909,30.432585172714933
103.10050128978824,30.556238419340847
103.31095248883501,31.131404608256318
102.72915288705444,30.733178916110518
102.89162512966581,30.438350411682983
102.48630365874024,30.42392547045073
102.74014381755552,30.277592271474056
102.6632875986575,30.335199472419877
102.59158408936969,30.40394510079683
102.4882019397028,30.359422829964085
102.93246678473344,30.849031174164157
102.58020598114368,30.460307288457663
102.80838702611013,30.47332747345857
102.90387959071133,30.362292548084117
103.03507685968094,30.870602438988964
103.2451701973724,31.072922388105606
103.24058842764416,30.916098187822577
103.6607838665527,31.33656617189478
103.25710075357641,31.305158883964936
103.25710075357641,31.305158883964936
103.31704341533498,31.218354921467217
103.31704341533498,31.218354921467217
102.99870504504625,31.30286707256021
103.05286458382366,31.168444734554175
103.27615736740769,30.964168770907165
102.98432319541875,31.06653475060796
103.20579192512963,30.928588624597502
103.35020083363544,31.072180566802608
103.17158764745251,30.996791171085725
102.75956221744646,30.71659507563838
102.65818317097467,30.75409353108617
102.67914907886343,30.820597612880654
102.83506892718295,30.539280986598882
102.96831956738083,30.578073230026117
102.98011563941088,30.508641407612465
103.01225554988844,30.495933215691995
103.01225554988844,30.495933215691995
102.97944978105821,31.04925395139635
103.26536971897062,30.911864445935553
103.06094423387351,30.511152520920255
102.53877329679709,30.322070052250446
103.00782560239617,30.53103966018697
102.98623628586488,30.82651048570369
103.02829661089676,30.865485311052474
103.15745989325858,31.218991813386946
103.23359453947283,31.373114888464112
103.28150148490266,30.639528048803545
103.28150148490266,30.639528048803545
103.01508151900428,30.690843212949826
103.00217666834126,31.065719507798175
102.67948342263138,30.76064404522981
102.71913450024415,30.54484514095518
102.93831347498498,30.499725366099742
102.94923690472129,30.802275789152855
102.4203697939816,30.32132329220117
102.46349862471614,29.965471444081867
102.5508892685614,30.595652258462763
102.47366127441303,30.50817611653906
102.74070056537724,30.65956054338572
103.19601644497382,30.573981598215774
103.42409856608428,30.831073327637142
103.24997206436687,30.751479010207
102.89342777477508,30.79017658959714
102.96302342749932,30.614090503811855
103.30953664206808,30.760146990458882
103.05840198614364,31.271212442201882
103.39354759819284,31.185856048698195
103.1168422257475,30.85385513219338
103.32922619307415,30.682981606576327
103.32280992891297,31.00717095730887
103.14669921580183,30.89897894315373
103.37238825123465,31.1841301861277
103.40916383709667,31.36041500167122
103.36240535505921,31.392025033397726
103.28432630214489,31.307472427869037
103.28432630214489,31.307472427869037
103.13604743137549,31.151245151816028
103.3090697176309,30.887792803909083
103.09765385970967,31.183148072119078
102.93387324925445,30.457776272016172
103.7226393417839,31.382336788966672
103.45207608042627,31.340878275574482
103.19094288933738,30.88117395391717
103.08190419311917,30.93164696307114
102.91699862266461,30.737281986213898
103.1174992994053,31.12389377357559
103.02478903966576,30.705295947657966
103.18691057366838,30.667897848398336
102.67660141640344,30.725733002008422
103.40101429701282,30.86355859690859
103.16577382323543,31.122885287986207
103.35353433286718,31.232872847215415
102.79743298283907,30.544169854271917
103.07254030706733,30.761877152079887
102.90576893683165,30.593236286586695
102.9414404049837,30.61621432944635
102.93042175767991,30.506514188015288
102.68710891944374,30.277213597335965
102.60705310769458,30.643971041967266
102.95467433917666,30.557379099861297
102.49572563523719,30.029487189664707
102.5362564910236,30.16035708652453
102.85756754192302,30.580836801333266
102.79506030492622,30.838544631243035
102.99615934180335,30.860253944598796
103.56115853981409,31.276335277113738
103.62264630584,31.325951085541597
103.79819990451611,31.487288228448115
103.86956508857378,31.581841956767114
103.97904373604607,31.665059166096025
103.97904373604607,31.665059166096025
104.00455063497851,32.12345046283862
104.21545088332141,32.134877921645156
104.1857714551444,32.362554633296675
104.26127462845201,32.710810365384305
104.11774419935031,32.73377771402853
104.59636253642181,32.79228206461882
104.88735198282313,32.636342035742
105.19263981917842,32.66851929408374
105.44619740675041,33.096825166958155
105.41516077709274,32.810541021904115
105.41516077709274,32.810541021904115
105.35724979748014,32.8448935590894
105.05278915352811,32.660276108407956
104.62568387349897,32.649472488590646
104.36580142885268,32.75658256410137
104.70077855917003,32.564491811924924
104.63817099983478,32.71428199491926
104.83189755894252,32.77724680707501
104.77385249914735,32.635464710392235
105.1761902222985,32.59238506540157
105.55615455395065,32.97842174392725
105.41424051302599,32.986280283504186
105.24812283405431,32.623356337591005
105.24812283405431,32.623356337591005
105.35530523551076,33.01578983613541
105.02105968710863,32.72427895317731
104.7732843528683,32.572483767394566
105.59928835397108,32.98561560272303
105.49857428532457,32.771778582064314
105.41648728143619,32.89006090236243
104.67858383400419,32.56739692831911
103.95542382815346,31.941991901710317
103.7494596369485,31.441879215879
103.27926619354376,30.817128449069713
102.95494149042388,31.151166233015974
103.65959797072244,31.29985837950108
103.61872429927637,31.204053666006022
103.61872429927637,31.204053666006022
103.61872429927637,31.204053666006022
103.25659966035842,30.8059949264875
103.38361160488542,31.11282495859537
103.97372714314635,31.615019850345874
103.97372714314635,31.615019850345874
103.91077566688725,31.41031791578155
103.91077566688725,31.41031791578155
103.79714855751617,31.838903336745627
103.73777180652954,31.356364884229862
103.40945146441078,30.819243372333613
103.34925777820762,30.722888541843535
103.14376442171371,30.66228986039878
103.33603716719328,30.85062264940965
103.13632841148113,31.248791794849048
103.52658860417459,30.96536824554125
102.78899644474433,30.575439430461312
103.07755607099688,30.79049232741222
103.06513164042772,30.960377056498768
102.99984787819055,30.517455504006886
103.13072581232501,30.800582611764536
102.59868397172508,30.547056503481603
102.56352331767346,30.711954105930914
102.48415414326121,30.515936347902336
102.46233267778882,30.316672361219013
102.63342532969837,30.497646271893014
102.81644808401514,30.458935602726434
102.92953337427801,30.39533691426692
102.70998673085411,30.56183165733704
102.84216590087267,30.49265839600306
103.19884116329217,31.170610165729546
103.26255985550561,31.29760800380227
103.45861431979135,31.41377275437343
103.45861431979135,31.41377275437343
103.13499999081897,30.9087113847696
103.27732795185344,30.686364905415928
102.94448464370973,30.61461201800066
102.93825089104905,30.97022304902116
103.29989686776993,30.862100050099908
103.3795419853634,30.9089222058192
103.26191852948952,30.630249265773745
102.69112449856551,30.65282475449223
103.05338553878096,30.677503107115154
102.47455741501037,30.468954659170368
102.30495322284244,29.964821145525846
104.32031904556968,32.99986457689629
104.49289133056706,32.75457733466682
104.04000642341067,32.7245602790398
104.78303162244119,32.766785079808834
104.29354341649345,32.63396868454814
104.26033215683115,32.81072966274868
104.10552927113052,32.212168173765484
103.96395625204866,31.96399579032126
104.07972435478055,32.054959842673796
103.89356419774975,31.836588623676292
103.72174804431279,32.004620701629015
104.04880339488595,32.74399566003119
104.30007810831161,32.313246767032986
104.39981009591777,32.832010618597145
104.46161346248789,32.579858081705
104.42295451034886,32.487872295703205
104.30504392916805,32.74660383440996
104.8057234813503,32.5005845226814
104.62756094703016,32.59149647758391
104.68737505690912,32.59747021776367
104.4667419654058,32.11290129774828
104.14033975184813,32.47410016200428
104.05584140625344,32.40445478778011
104.06707926610504,32.64872172104285
104.05222201436666,32.758837055137654
104.3899190146677,32.32517363140189
104.674175951851,32.486823633335774
104.82645116451555,32.68160625216211
103.94733832331139,32.86698461876621
104.75909141905005,32.56909044237013
104.6753835042827,32.60853117375967
104.81922826768994,32.49348715650993
104.69575242695637,32.632237497801356
104.707581377839,32.48107985029306
104.97612382675888,32.609233632220125
105.15510167896683,32.715521449698905
105.54261912036938,33.01426474299649
105.55318175436045,32.906264502002486
105.585171115168,33.000983922804494
104.76396055413927,32.743571583502124
104.34097204131875,32.56386064795395
104.62363818323186,32.81021045925968
104.87102996972364,32.710576027389884
104.03198511266909,32.19260118447824
103.81639215682719,32.06916775005512
104.20962946994939,31.767363925770184
103.92631972289652,32.323972829727865
104.00361535308448,32.5005797178936
103.95254057337787,32.53026950152127
103.83079008528189,32.34156366839252
104.3256763403927,32.829485823406124
104.15680983402754,32.806325732856614
103.82208848674624,32.54366937871898
103.95280324866434,32.11608429377688
104.50233176198803,32.67228963176774
103.88657339824945,32.4602243693278
103.88657339824945,32.4602243693278
103.93297967049666,31.920197959868847
103.95216062110912,31.716538860719705
103.65778658189095,31.308179479610402
103.82809758491392,31.557007137107657
103.91672253419257,31.60657271743888
103.925771776935,32.16768521952886
103.73763317786883,32.09503545917242
103.73763317786883,32.09503545917242
103.73763317786883,32.09503545917242
103.73763317786883,32.09503545917242
104.35141989509074,32.11017945521559
104.02223938179168,32.49096495037478
104.14820869286267,33.03489458479225
104.18751653173557,33.04873750670184
104.3188441490776,32.98537973203554
105.32628849705571,32.86762738225217
105.03313828920798,32.608950117804824
104.53742343650727,32.620559872118726
104.66370241037983,32.487460895304494
104.79421763544414,32.76547713220263
104.79421763544414,32.76547713220263
105.24115032983715,32.70078921327503
104.61022546663325,32.475252190751334
104.23574843657931,32.62406648305664
103.90451358944163,32.08082517229942
104.15172491937244,32.15871577409481
103.8110227057585,32.007662565778965
104.00301692708742,31.469930685453498
103.87599706163415,31.39275599303514
103.87685727192839,31.414231699729363
104.12471065659837,31.764374082143984
104.08911203691767,32.19894153357438
104.06423676049431,32.036492743717126
104.32582214718397,32.901847745737555
104.30130925339388,32.80941542120279
104.31412320463492,32.58756329329074
104.59844244925124,32.87175017891842
104.39073529395488,32.82523934917568
104.11505302315139,33.124985441840956
104.23793583266253,32.72015821935981
104.45135972239076,32.86205273493878
103.98914308191132,32.942853356879134
103.89272912297567,32.611944562037614
104.24043100390251,32.82210053147564
104.1076671145588,32.47240322655223
104.01360296291037,32.07389179857297
103.77625682297958,31.884670815047134
103.7067510323832,31.25696906000268
103.5154309579359,31.08690659870403
103.30429949277125,30.792436183706062
103.15128342211355,31.08574020013956
103.21474962923202,31.306085110033145
103.34258584960743,31.07032875108614
103.62354660533043,31.14030865799438
103.54458786468018,31.096453380509693
103.05807972346223,31.151685153404486
103.32843116886252,30.978314899569092
103.15533899697472,30.900259145209432
103.11202886509439,30.82014120322053
103.08341835146332,30.977853052318682
103.13422320361443,30.737392930077746
103.13422320361443,30.737392930077746
102.47691747686477,30.414363846818713
102.72697488694499,30.361432262217598
102.68928144311337,30.674283694142957
102.33398231464818,30.024731626831265
102.34923987291971,29.86065432408135
102.52046042178895,29.686062447725416
102.4220893950872,29.913872336401358
102.68041934420668,29.91673300306913
102.30183192057362,29.952363251560133
102.59165369072646,30.272643241792924
102.95784860223209,30.446676299448335
102.84218455976136,30.692439687896602
102.62123425167266,30.788404046619622
102.96857013804461,30.400909567502804
102.69572562064839,30.877351602468643
103.16832834241373,30.649359657941226
102.85113047404944,30.37068355477023
102.92280099127882,30.82649259182236
102.62052042126084,30.495542973905664
102.69297787891553,30.19718325288604
102.37290572320063,29.92095583618508
102.48537045460004,29.96323988113836
102.52717334240573,29.683118438188757
102.71221078863228,30.63120552066868
103.00435696214419,31.263698498217497
103.96441466887748,31.65244715179937
104.00586507907447,31.684926440681146
103.63288981129759,31.215904522215602
103.58372887240539,31.10886870880772
103.43379718120647,31.180543561838906
103.97435310309046,31.705837988580505
103.85470691142625,32.25609820015139
104.0394966415537,32.44908965102599
104.19714045949567,32.2262723193933
104.22794979118828,32.33370153312909
104.01520558289656,32.32675399848002
104.08817438531149,31.99913732639178
104.20246043872343,31.774861321740836
103.78508896358912,31.88770012128504
103.8420464364087,31.96635773322884
103.9567212346643,32.15240561156537
103.92318135118431,32.160165851189184
104.05898453894402,32.195139769167156
104.3910163449251,32.08313969594113
104.06361259148817,32.70064000369252
104.06673063388027,32.767532153725234
104.5857018840748,32.79807240561298
104.50423127122029,32.733833227824306
104.55897765772602,32.86757998952962
104.22815796285742,32.95576805556326
103.97296956301804,32.512835555365115
104.12170636157818,33.02028790325808
104.21298691121456,32.83321955732074
104.8084903230845,32.482326320171886
104.56332916527403,32.76797932559565
104.50980771530025,32.575859189995874
104.48032050510972,32.72725237503845
104.81000972864942,32.505787849241244
104.2454552411112,32.74692359287377
104.70143715768877,32.747378615755224
104.16145759888366,32.6323608236308
103.84396354456389,32.19988785115009
103.87359716697469,32.15200530134843
103.8144187838224,31.906163694129848
103.74501130245528,31.879314840580243
103.97932189937096,31.925314846312215
103.97848124964115,31.671820582157533
104.11508985783934,31.698333961901426
103.88084988575183,31.91312421005559
103.9455561376336,32.29874725279056
104.27625594584107,32.257144511611166
104.09266877851981,32.48947542954776
104.1020821148204,32.96015966019829
104.08732499405153,32.85407268642326
104.5726780901492,32.50694529142331
104.34483221124694,32.84167961341525
103.91035858206072,32.89423038489428
104.01776047408136,32.75758368740967
104.62752542580684,32.60037870638923
104.66588228075454,32.591944987173555
104.75612822378946,32.517435007531304
104.22921143264988,31.79195297780441
103.98438827256845,32.543761422623255
104.35079692617276,32.70540820658397
104.17839099127005,32.653834345275385
103.94795997769272,32.810477950548794
104.0075047962048,32.7716367554733
104.13040093300225,32.86286607469859
104.67646477068675,32.67350087088925
104.87576396684662,32.639359121700565
104.70447357847637,32.75313466796319
104.7233498357815,32.614333970730286
105.14940175009636,32.98063043590649
105.00322648895431,32.7279094306916
104.72249342828144,32.815608222562105
104.58759217728239,32.865592237239866
104.32398702568054,32.72012807861574
104.10689055647951,32.77850998416571
104.3018673665625,32.57962388448063
103.84646852534586,32.356202021120644
104.31852288682596,32.78138502349029
103.83223830838558,32.58696950932608
103.8467006590165,32.38078056461286
103.8960562584033,32.025672379780985
103.9237142686576,31.794853691898325
104.078772743894,31.670396116983486
104.22981138061029,31.64407435683545
103.86123538267373,31.3699590951361
103.78347798864333,31.813292205638376
103.8304221117231,31.899611304511012
103.96383779870057,31.376359360710467
103.8368269602255,31.5997466658076
103.87881113783013,31.7638430718368
103.8213751364398,31.782758410077815
103.81068411877253,31.5569466646664
103.81068411877253,31.5569466646664
103.96697454133307,31.719132536304485
103.86369771225996,32.05109352221091
103.9648910977669,31.482536399210346
103.83574931190846,31.907806710683914
104.02343595364444,32.123007378370005
103.87436803942765,31.561187457470023
103.96128671697691,31.482034320713545
103.25355321803451,31.15877578793414
103.61319162599703,31.215550448522343
103.29641140499103,31.045358050084914
103.29547740875026,31.227161117309187
103.4976315374598,30.86826817366064
103.1085083444636,30.876337356642395
102.75816697400121,30.628962789529204
102.5845649803828,29.944676406431952
102.36179721799436,30.122325829846428
102.52575026168773,29.763552286443964
102.43096801878067,29.896741226498474
102.60936266080715,29.861221761600397
102.5273186812903,29.922540348547205
102.5273186812903,29.922540348547205
102.4311200565941,30.280156832367307
103.10595971141919,30.424492302159504
103.41930507022045,31.36902609651053
102.98067733287854,30.862108988412142
103.28774478854332,30.810895814466885
102.9875191491325,30.41309009422072
103.03649931613924,30.678521954659963
102.58528435502491,30.35879604960652
102.48665350569317,29.853171255568576
102.32932985860016,29.84084883014204
102.47424456525802,30.189447939587843
102.58446519111803,30.060875779990308
102.42048455359281,30.305274063069376
102.5622815068735,30.205389868546003
102.85232162142815,30.898840970462548
103.20674219314046,30.950013331667602
103.156410154689,30.78212423744338
103.24198184940988,30.791839548468353
102.5040969901211,30.66667906824551
102.497112712835,30.627496925993135
102.57825643011925,30.60289776443279
102.6145276835109,30.801279039322715
102.84109876913024,30.733302947101443
102.33142778012397,30.08350218193798
102.58698656741613,30.211318129242763
102.71259350787226,29.93052343072341
102.93230893332436,30.970866235125857
102.95800160738364,30.55603490537791
103.17031424832804,31.02101991232828
103.17778052904924,31.298205798715586
103.46699443738743,30.873409809299506
103.36686445377305,30.807794216452475
103.34908807675741,30.801666743553596
103.46773817001983,30.850924415988498
103.26312406713554,31.165329968136003
102.63851511078387,30.71669474415005
102.82668632212257,30.68715363934162
102.51616327765332,30.733919963198982
103.20357585714825,30.855228385471456
103.00867152432048,31.24013694883134
102.99834820654978,30.86064978330401
102.91898612701847,30.69331300484093
103.0441827149566,30.73122862719135
103.13892227719418,30.97364546706891
103.46223528978612,30.93108811679146
103.10588551514608,30.812821902509736
103.27810554416504,30.724156823424508
103.18250745483648,31.055242254934207
103.69967812654887,31.26706639778327
103.76413153501842,31.503978778332385
103.25488639456697,30.85214850612079
102.88673507001774,30.340008523351052
102.6813699908714,30.248019485612062
102.37426562317911,30.1213724164213
102.4826920781833,30.300679430393483
102.43567754453986,30.243770200907697
102.74825356993968,30.753311625971133
103.44167479656396,30.86891061235887
103.38651354548153,31.175072847690014
103.66697459940539,31.197519168244536
103.7938002447763,31.358732261063356
103.35837743720778,31.365865282236637
103.02855409577298,31.0145145025155
103.003688026959,31.09826203361004
102.96562820545152,31.051504462069065
103.01876106186258,30.605146581521623
103.36537292255008,30.85285037183747
103.25325124841532,30.830896280622724
103.22288553816823,30.851496051277874
102.84860320458338,30.497332355487938
102.56668601465127,30.69183781628029
102.52246877067341,30.225918407612912
102.4055181364974,29.759527224710755
102.7061018843674,29.619511923017253
102.52911925905836,30.30039805913989
102.36874904134594,29.96519638075631
102.45950779624613,30.40332702678952
102.54428653570629,30.4619893527799
102.56024308248215,30.694110172378192
102.812876501212,30.42755975154772
102.5148542659167,29.991182205203348
102.47366018254912,30.474034156943898
102.5520261991375,30.125835087863415
102.5520261991375,30.125835087863415
102.52454510822396,30.168267725184272
102.3038144162107,29.945513955427504
102.51235118273623,30.325792755333833
102.69016775062488,30.587912023700756
102.69112735946727,30.498346724199607
103.26771442770246,30.78664791765282
103.09144107874651,31.09298699807322
103.3656108059191,30.832691342113936
103.00720414750877,30.54238312671761
103.13321131283264,30.774558327216916
103.08623202551011,31.228281387614533
102.93296636378071,30.62290028491083
103.00825086220868,30.662218789031513
102.79798917266274,30.50493543702143
103.28152876226396,30.626620958699093
103.17813944391378,30.618409066099176
103.11566900288152,31.09069083036
102.9276117332911,30.882792590706178
103.10537668237907,31.156815752777554
103.18025366180383,31.09973621337919
103.36313696962179,31.38005061737546
103.26533081467048,31.22195523114266
103.19231888346214,30.935073307921225
102.92625721292859,30.650406177597297
103.14596229656532,30.74858830350647
103.11008663770961,30.54159184436349
102.51597421457542,30.095128097799243
103.15349314063793,30.810037282437527
103.37549009513053,31.237027862748324
103.37549009513053,31.237027862748324
103.17523679022264,31.112179431374347
102.99576087660827,30.911370364532377
103.32581364156214,30.90156874987094
103.33779872449293,30.713343182396574
102.99453313604519,30.906851669981947
102.92792275292821,31.10195886192013
103.20209915185302,31.333591628999685
103.31597943869203,31.228430872499082
103.13751154171898,30.911249087592047
103.02663951672096,30.616885041745757
102.65049467600798,30.266998331333465
102.94379253912268,30.642051641240407
102.59424023092855,30.21452634554505
102.38902698407941,29.952783393498997
102.61631542956003,30.484497464232778
102.98479907622426,30.500173734178247
102.48203652955377,30.264033895222745
102.58483302073728,30.50397916553915
102.58216035747533,29.945947523651913
102.41437233968185,29.83210273601785
102.65595796983926,29.998524527965657
102.29629310115237,30.0362638815154
102.4324064228196,30.163144536301207
102.51294563201644,30.41007810073669
102.46808356421232,30.601968096444093
103.08964383909671,31.280285831193893
103.01433893783057,31.166551083619893
102.87340116961926,30.72049893389516
102.82245341473113,30.70903222569649
103.11589948188734,30.65778479022896
103.16752059348347,30.746435764715233
103.02819137071361,30.6419791668212
102.77308244079943,30.577952428477783
103.56135182788057,31.204269318148373
103.47923009282873,31.41594307949785
103.91408081981866,31.350788900071976
103.92610669252703,31.429772408856635
103.67082612212732,31.194616969464597
103.29011366882109,31.33850544672991
103.14728263720602,31.171392620519473
103.03062515873584,30.74486567251554
103.01659955194613,30.796998108348465
103.0839802014418,30.929830813354684
103.3045813478029,30.78187236307163
103.20002988883692,30.86049505205178
102.79422072001476,30.7194301047282
103.09310318119657,31.03184087288859
103.29589773866094,31.281500084092688
103.21397654903303,30.895578735663644
103.30023548197221,30.946887830083096
103.34032653180353,31.13062261797934
103.31696331516928,31.198817555672772
103.2672329200652,31.174145589317945
103.30592853651045,31.125157306117828
103.61283335419697,31.12153055634832
104.15798583041467,31.754307180576472
104.0535232047251,31.68989878688823
103.79697349496139,31.509667102208866
103.9064858743797,31.494123402484423
103.88722439784881,31.726691738606643
104.12250081593024,31.714802028362467
103.74244166775121,31.9940904307845
103.89200355233031,32.02223287079601
103.95999781763251,31.66852343142671
103.92564183876289,32.245860437022394
103.90519208815266,32.297109420475614
104.26918500767684,32.272805131651374
104.29932122263459,32.21579664899159
104.23782401583003,32.183055219515865
103.90649112511804,31.92117414295668
103.98963491520212,32.19364989547171
104.05375316866052,31.740287408161386
104.02657093239574,31.546383529217728
104.12523045324575,31.655819783087892
104.04364519330528,32.58570903422683
104.16991524724685,32.57135941796992
104.51477539407986,32.53987984918441
104.29199809919301,32.676653903055545
104.32539833357241,32.0731702049965
104.07269647067966,31.87485203816589
104.12526036874522,31.769803208323157
104.13302095980758,31.77007967605506
104.08277225181155,31.720051099642674
103.75395238345736,32.06001561638462
104.24198771103765,32.59441488035034
104.28296810427815,32.147838530134386
104.30195695136422,32.628458247588874
104.44012254070293,32.611822786196726
104.1119686026647,32.97526452713055
104.07631978549026,32.9194932309508
104.10039578425899,32.63793938881849
104.1176374728651,32.59529324693813
103.97270875686523,32.60470241475261
103.97564073104354,32.56764277445488
104.36139253076188,32.73254550967913
104.17200531621533,32.990702574938986
103.94672456114667,32.1695013380174
104.16774860065155,31.722107471117866
103.94912182437466,31.51529383007438
104.03599148932601,31.610952034341175
104.05512328623828,31.60459537324475
103.84448046867558,31.620510139083525
104.10221220362817,32.22002756387308
103.82551935289638,32.6181245834121
103.82551935289638,32.6181245834121
104.1197319952118,32.49039098024856
104.5893633815953,32.590481301735075
104.14064752758405,32.29524858845897
104.02949752090895,32.16635976741739
103.70309739794797,32.038085728074634
103.70309739794797,32.038085728074634
103.7315630730829,31.26985989802146
103.19848417407815,30.778635006314733
103.21045184811267,31.065818092568826
103.22664299267579,30.878551099191547
103.4632370307271,30.90282245309741
103.10641965404098,30.862695649733606
102.59771965821916,30.724621238558683
102.95320148134324,30.506635051018815
102.53229067044448,30.293998095555416
102.49041192840583,30.24048168038877
102.64207816381833,30.516129458486738
102.66880731109796,30.52688318619526
102.68440792213708,30.587160703325036
102.54148834740528,30.715288771470362
102.61357979960206,30.847124231296757
102.61423434023749,30.381897100786315
103.05996263538931,30.45376701933029
102.92127681409679,30.943553973201183
103.22787828964509,31.075992591552335
102.62422216221692,30.82193854826125
103.13644321426534,31.065789654172423
102.96496743942768,31.1577804443403
103.20804960989219,31.039156754792607
103.12226422093106,31.14884473107862
103.3371880552455,31.170283496871043
103.4183287276427,31.43131499991946
103.4015244124005,31.213307714180353
103.60712432249628,31.269565970392854
103.64761876965457,31.122043662602916
103.41302403892496,31.313177518768658
103.76163865046132,31.375525767587906
103.96184726876123,32.14569692306856
103.92238783392126,32.10849829239919
103.76916361910065,31.957161703940027
103.85054577427032,32.38064160955516
104.25230809354251,32.7102554190792
104.08377065962563,32.69599478477408
104.06288283959258,32.79566602467209
104.6585111131828,32.60079258016494
104.28902266305205,32.81744941653564
104.26003876222755,33.053245687874266
104.52008817008667,32.516994549485524
104.54597209286618,32.87138367246777
104.4196733020331,32.7620583785692
104.39799769565172,32.7221621699104
104.93025368891091,32.67611014403281
104.85801544339223,32.534034985078854
104.39335186083859,32.58415938526895
104.20321766505288,32.23162101028586
104.14721005212392,32.14450741986047
103.92166620926426,31.759425567850204
103.97140575427456,31.655178812100573
103.89658704887229,31.679488701698677
103.84984808160648,31.604447205661206
103.97790016792044,32.06392383264786
103.90100518150918,32.09406298199407
103.90283589039842,32.61682632488879
104.16906212476167,32.36956335216281
104.24011529883953,32.149535948894446
104.29771819770308,32.32023784915126
103.90153321997525,32.35130073811091
104.02565633736982,32.491950919549645
104.12579727154946,32.55394970772029
103.98976856647327,32.364971890974424
103.95305289333133,32.34462435853035
103.87169605128774,32.082906882657866
103.91933063703962,32.34957991777653
104.05579457536243,32.39181901457325
104.0582072554836,32.62442703466093
104.48328503509624,32.857363031862626
105.04556578932235,32.67281170264384
105.04556578932235,32.67281170264384
105.16197964514738,32.85056791418904
105.59913855357935,32.98268445998797
105.47270826050523,32.87359239259473
105.53462227411248,33.02963026691959
105.38500374096637,32.73638751997677
105.46422101256704,33.000590161641846
105.55829944306208,32.9572912511061
104.60049021625942,32.575678560348585
104.73414413100703,32.47794380295955
104.66937772431713,32.772290431765704
103.85779195361903,32.63953577018801
104.10931838334857,32.84924594282254
104.69663250514684,32.56097201180967
104.31852039474141,32.73446985397394
104.21859901434483,32.928750043885664
104.00809550486908,32.757413753546295
105.32951718429929,32.84909191470149
105.17249442853853,32.91541653851343
103.8981787894572,32.849445274740646
104.02600142255768,32.414505868246295
103.9847050538988,32.483928228336055
104.14858873226918,32.77786461685373
104.12888999495803,33.12756814633014
104.11769466951995,33.08749923752146
104.61490722653285,32.84458875989739
104.68332852773004,32.731029427517356
105.11942176131954,32.63330542402916
105.41155621565088,32.87805879133723
105.51366590371435,33.0435108145638
105.23482284621423,32.693163110092044
105.43349134981504,33.072867146715836
105.20498287938867,32.59843252463144
104.57961238395559,32.6746056750075
104.04388019745863,32.6023182034506
104.16978165058525,32.90653890257097
104.0468442710046,32.758031198649505
104.48302661030598,32.922902426350326
104.74592250765723,32.69453056986738
105.33590061391608,32.95224703041577
105.1839698335724,32.658740668923826
105.1839698335724,32.658740668923826
105.0458173812931,32.62332472867421
104.88091728147691,32.76908288092969
105.04603635865689,32.6713761242379
105.04603635865689,32.6713761242379
105.00751321734116,32.66900902369525
105.21780052318636,32.668938288711544
104.47779608263738,32.48262049106438
104.21704229826032,33.02461057235287
104.07082555185029,32.6354875250614
104.13626853485843,32.45049842560503
104.2613485543434,32.98802693053064
104.05909425061711,32.78396364316092
104.3245676673244,32.578941542311505
104.58708956139759,32.51478090295047
104.47747037823449,32.738917186651726
104.0596745767647,32.66359857399406
104.1261402103243,32.48338337766394
104.07800077125134,32.48691278047031
103.79360334611899,31.925098169715127
103.7529041176703,32.11933337608526
103.89121432002275,32.12477723503055
104.39475177207309,32.815524552984655
105.02537096462729,32.66488603051096
105.48013366390144,32.84320362837321
105.36105881068278,32.897620899630745
105.3502494376174,32.79693481855525
105.40757161189072,32.7838076038527
105.29054437744401,32.9217119401014
105.26293940261479,32.94263077324259
105.02560739894675,32.72722196050577
104.8535112533082,32.66965292422589
105.12637050394005,32.598225671814845
104.83988199284121,32.635907719213634
104.68936458916409,32.85966898242789
104.4512294436119,32.55177861035802
103.92602564079371,32.85666071813256
104.26418600422843,32.74747957280593
104.32268936323511,32.56646640717336
103.99588515107685,33.11658570939833
104.6191787952935,32.711502773725115
104.87850034054718,32.71997852233829
104.86672509280328,32.651432189945496
104.63979555133129,32.722400540486134
103.96093461672959,32.807498954175266
104.0931392089413,32.674997987829414
103.91113859775983,32.46244556367466
104.35557745183667,32.638779906322206
104.06917486766433,32.783206127548354
104.34101075648896,32.840028324136
104.39996563004387,32.51155015635285
103.98774017778875,32.59113796775082
104.46402739427153,32.529510147298204
104.85617331396456,32.62045022154782
104.84134185779752,32.81004214729667
104.26763860829975,32.692851305901705
104.79304212521477,32.602370853004075
105.17029525538653,32.67042443773741
105.28140197403481,32.64134241255304
105.21768362824156,32.90805127144172
105.36435966643944,32.86790462918986
105.50033124634679,33.05188556495195
105.3583920567784,32.71765137708791
105.43784366181023,32.83790262512385
105.39163801768086,32.99692061262487
105.27136061448977,32.88488072577917
104.95016087906944,32.598290242798875
103.83289263561247,32.67826671835978
104.10374037683388,32.89822199948008
104.05099794761195,33.082114278544815
104.00365675703004,32.328083746365664
103.93219725899013,32.60948122631299
103.88389645649522,32.18529316966846
103.98978352363486,32.13016105729138
103.89505415619912,31.689365084452515
104.15252307359698,32.86733856617394
104.7721759522844,32.69043599149271
104.63861299152065,32.822456047805865
103.98886170196637,33.051766002010886
104.24612022200652,33.05103148702993
103.96826448636178,32.738151506470096
104.3886625451922,32.76275211607962
104.21635694143863,32.573401305016745
104.22764362984843,32.615987086117116
104.4844925542814,32.8322300379022
104.16647421975584,33.11381070705503
104.03585310823897,33.14407449712858
104.31627785100372,32.656254523272764
104.3239538054108,32.216389295418246
104.52526654841793,32.63397334759433
104.14031483530897,32.994863092079925
104.36255890552168,32.76599134089216
104.7654869645445,32.77917833691907
104.52313297442018,32.736907181572725
104.66554228002434,32.78340712676966
104.6902721272795,32.47679491393556
104.68938955557222,32.567126475893524
104.44760970154265,32.605788227167054
104.56427834964609,32.72527922472605
103.99508291296519,32.72601316551364
103.78954161609711,31.98486649059149
103.76146533964915,32.10453475290634
103.92400814925482,31.565223481972993
104.06309805092354,31.671801057920376
104.0728696484444,32.170929395880535
104.23020146151195,31.771828911206345
103.7915372565304,31.41031785123843
104.08563849924185,31.442809854075207
103.94294606972275,32.45380989022102
104.1797660099929,32.892786489368575
104.08319114375125,32.86821755529317
104.35215101926718,32.93195955637639
104.55172925831312,32.560326430714994
104.01270366285533,32.5644980292107
104.05357260983223,32.84242016651382
104.09743190390533,32.912218624070086
104.4683458236875,32.66129386933368
103.99204682885731,32.54279014908633
103.95063532908438,32.45012407274227
103.95784649063732,31.945033539363976
104.06517338098081,31.68730149935599
103.97225944833652,32.16481898824574
103.72605367747151,31.99288835216435
103.80585862756008,31.944649198537327
103.80740255050128,31.98040710899973
103.9439320932156,31.932744257599403
104.0813144372163,32.155894396624895
103.8240829355221,32.04472600434361
103.81525449794347,31.77415278968253
103.1389452364063,31.07018485816737
103.31940814432444,31.067919491000925
103.31168808364745,30.770651255895558
103.0485641809342,31.221963649164653
103.36035416942123,31.21470699909573
103.85038980001619,31.59383597968713
103.91773737985585,32.43849266657467
103.7939684466566,32.035919410927534
103.98761500769,32.063891155701896
103.87805526197107,31.802791579137462
103.54577245088814,31.188529240229485
103.17882834689343,31.173253204549805
103.37992869804218,31.05884170582731
103.98983327223293,31.570465505189986
103.35709985372637,31.158754722102305
103.12393869108573,31.086888680551333
102.66450800313946,30.812686350126768
103.09899751853645,30.958620838519394
103.14626040790812,31.09090819921055
102.96636736377327,31.176629236102794
103.19625588735823,30.772113937313687
102.82041706670674,30.792328152467324
102.98024136622223,31.18571960317005
102.67942041262698,30.79372051696705
102.57780439985596,30.677830465157772
103.34154256165806,31.148387684447115
103.26295520077892,30.636884381846546
103.12149297358944,30.831555137616544
103.2382975584054,30.895244360006316
103.21852418579343,30.63602051747535
102.82376142724662,30.52225868132898
102.82376142724662,30.52225868132898
102.84978173338428,30.85028809618182
102.90283022836547,30.74964455931768
102.94764076170391,30.850689276717087
103.34239887758787,31.371158985461147
103.39061212441442,31.14725386850659
102.59522703858104,30.804656023976005
103.01925856749838,30.751560780817595
102.56277986944905,30.433414460154726
102.55860368371984,30.813344870023492
102.50336329337983,30.601956143539052
102.50336329337983,30.601956143539052
102.45475264044569,29.987122028053378
102.50767446565992,30.576399746805063
102.93000999630807,30.905998314074083
103.28549370028556,30.764458384241802
103.36355607471027,30.741760036562738
102.46464022503285,29.909389824597653
102.96983494452553,29.438117626188397
103.0646344509044,29.52568709384352
103.07292582373772,29.469135699071458
103.07292582373772,29.469135699071458
103.07292582373772,29.469135699071458
103.07292582373772,29.469135699071458
102.87508882392589,29.486553513286243
102.87508882392589,29.486553513286243
102.87508882392589,29.486553513286243
102.95488615467598,29.704472044844913
102.95488615467598,29.704472044844913
102.97646967179237,29.62558850172413
102.97646967179237,29.62558850172413
102.98536928788947,29.603350455809977
102.97322452217148,29.488805989647595
102.97121625323135,29.50419220074045
102.97121625323135,29.50419220074045
102.97121625323135,29.50419220074045
103.03824376053453,29.50403853163488
102.46536667922952,29.75338510682831
102.5097989467874,30.044043267752325
102.67101083603775,30.481056857303095
102.48386728148729,30.161723569447787
102.69788277643599,29.624538485710485
102.69788277643599,29.624538485710485
102.75014487416344,29.596403123185105
103.15971258711768,29.527084021274984
102.95705033067875,29.506122862896735
102.62756660006943,30.298107775568457
102.57213924879926,30.275635799943448
102.68288300119117,30.667051816432114
102.66070436717699,30.388531816206015
102.60930269404028,30.388499748223886
102.6701985243202,30.494012969183572
103.05505841528111,30.811420233346848
103.28123210792377,30.661882812906597
103.38401634234702,31.185014898305788
102.88965900057376,30.861661851374663
103.1989961236069,30.736842584790363
103.22664939808541,30.691055216072396
102.69250534885728,30.708883137323802
102.71688114625947,30.356392470050345
102.81000492050195,30.868529961799393
102.59229437535168,30.251439478639725
102.51564313830063,30.44049285773387
102.57991839416074,30.738098080142144
102.56149882677092,30.389582602468177
102.62467995122623,30.168994598638527
102.74846865000103,30.23954454221678
102.39834073194264,30.069001047452232
102.7390850522995,30.18874116631795
102.40674857341965,29.72979500635238
103.13821420861177,30.76094939835615
102.7032562490758,30.84665087438234
102.59150272837906,30.46938145656512
102.62589565515053,30.49967030985323
102.59576677737537,30.762760536766198
103.20725926889247,30.796643905905555
102.92837200322514,31.200649979206457
103.17676009211036,31.214199626911256
102.92926702504215,30.968860359150394
102.65783876075702,30.61072459890409
102.74892880279015,30.801606661944803
103.42191748438637,30.825975337152695
102.60551871008784,30.61368809530292
103.26190142271238,30.850902626417817
103.0677137456628,30.950095178280097
103.17823850905192,30.81724518567454
103.06065564489525,31.121247702341698
102.96605953980698,31.029494383286263
102.72498897971367,30.863470543728404
102.72498897971367,30.863470543728404
102.57118206574172,30.694112577915313
102.97296776253015,30.727074245189584
102.79371795317905,30.80761311057034
102.97485090372312,30.570708513531113
103.00215202261954,30.637386841466483
103.05458075124118,30.55319551811672
103.19705063062074,30.721623024937962
103.04116191244329,31.262949000395658
103.17693087259225,30.924363799845302
103.08242335534959,31.022944711429616
103.46183202467071,30.899556793657407
103.24387477114065,31.16289098655391
102.92210873042846,30.36834792328828
103.4200088325108,30.86846108649558
103.21838226700439,30.97876028198236
103.30820393085035,31.397599583297758
103.22975433114397,31.123289439019004
103.15263880018323,31.011151185873924
103.02269568636285,30.484652948408005
102.59715361270001,30.748539640396533
102.49476282049174,29.95629928632227
102.51494501484513,29.975619666373824
102.74244607838514,30.551876346207138
102.4765273950539,30.576630489249453
102.4748740166312,30.388039959967248
102.61880882091373,30.391003282609752
102.64526464185614,30.271283009523167
102.5943799324567,29.99524242482401
102.56307484770387,30.517613483489246
102.59554906892166,30.40216881770606
102.46692063450662,30.28207836498331
103.05633656214849,29.450209426888897
102.93982529616768,29.45729493168637
102.93676375033311,29.620159763213866
102.79946009208696,29.627628353690525
103.02520644858562,29.469622961887662
102.8386503243991,29.583099667777052
102.75035011051668,29.62844737189774
102.9596121762609,29.574114263838656
103.09340929859228,29.47037313866206
103.09340929859228,29.47037313866206
103.09340929859228,29.47037313866206
102.48936371399341,30.198052722282466
102.69316208139264,30.723585151083935
102.78222672639819,30.60351809281142
102.6521167608244,30.376701814140098
102.43467554707902,30.266224286976396
102.99744485496056,30.617864572362993
102.61342316529895,30.108352735396444
102.49018620704766,30.319085266222544
102.49018620704766,30.319085266222544
102.64682507311274,30.143948620080877
103.12465695665973,30.585509575662385
102.88011439249966,30.907821630642992
102.70846447429317,30.56621887755676
102.39850971799063,30.193189354628426
102.32183249081199,29.928428545988698
102.32183249081199,29.928428545988698
102.44656286516853,29.976187105844755
102.53859496016182,29.903434869553724
102.52605496578515,29.88094758122744
102.48396005368286,29.954585421076523
102.48396005368286,29.954585421076523
102.44912571084876,30.05096638955728
102.57473472749712,29.886416906106174
102.44778877927115,30.23032854287184
102.60263116371873,30.409609515666727
102.53644555762797,30.236327476412036
102.41139209135935,30.11074786592527
102.56712645997614,30.2014424734151
102.74444714430274,29.627427775961067
102.412163273847,30.019242601522592
102.63618648061326,30.35940912219846
102.77788100731424,30.658832062624388
103.02226522166417,30.482079821837782
103.26835686608258,30.71523948606599
102.75252091258868,30.717891644015403
103.05302261009135,30.66407321538645
103.74915743515488,31.886229629297546
103.95112550355337,31.685498865269377
103.83485912611317,32.177044169148125
104.0127158215529,31.7266764693796
103.94191959514708,31.358071519120145
103.83208570582622,31.414944059406697
104.018803249421,31.73245795231314
103.95020645923091,31.521175986768633
103.95244420577878,31.463548030981833
103.73440422317772,31.37882925106929
103.70038536110923,31.26623420993353
103.66248993281077,31.35408473347163
103.3148997207458,31.341739064901056
104.28195136870173,32.19211108206063
104.11509692121768,32.59287437826602
104.57952944924448,32.49483494974392
104.33725663903097,32.83562010416169
104.60678230968111,32.836040022614014
104.3168098486526,32.218260194269284
104.01502258947167,32.06516712726422
103.94846311820048,32.48357125902779
103.72057332597758,32.01634523578331
103.93961301066554,31.992443706238802
103.84471138293995,32.29183535512619
103.87953091211732,31.68696145100955
103.75409925786856,31.88237575894981
104.01134306214091,31.53062399682141
103.7308855792642,32.030066262286496
103.67919101905638,31.92176258744232
104.19026535078495,32.183680805992054
103.87969076446963,32.329133874481975
103.82878640771608,31.842357934939045
103.88408793077957,32.361111847862425
103.88408793077957,32.361111847862425
103.93356602042473,31.811960492943765
104.03967574259521,31.53185446254555
104.31988062234602,31.823886919909235
103.74533778414668,31.87239450837993
103.90663863873404,31.845198708208788
103.91693456323658,31.609503804746378
103.8927177061611,32.07239815316326
104.30453972946282,32.570255524687546
104.21255053602323,32.73871674018145
104.28911124588751,32.55800439842912
104.90921496298651,32.71442424794647
104.00132558928937,33.07432209004341
104.11962358061625,32.60880180499797
104.234238663757,32.29807759222355
104.00708487617699,31.908949072939677
103.57105589718874,31.26469370486611
103.23899212226223,30.921582409138292
103.2232706916383,31.209573503356722
103.03963034029017,31.274687649370588
102.8541419077901,30.93103482298173
103.0120054236417,30.710987759508505
103.03794477040823,30.469834467891914
103.24118913914144,31.347817652802917
102.99273556216288,31.231050901544833
102.69711248399828,30.84062506935382
102.72715872470513,30.695290478450204
102.59741208457567,30.444065508003185
102.61087555129433,30.80101712979416
102.8537391511919,30.927071365233058
103.37257213525298,31.289244172084555
103.76575462962178,31.450212740504206
103.70704868928311,31.345026537472215
103.06395716211233,31.012164151957855
103.0733223820301,30.878970154424774
103.28676124676898,31.35933329394529
103.11665116206392,30.796303870614242
102.98782817057204,30.731156350902214
102.4996138444184,30.75405779688333
102.89776692325836,30.360561153532284
102.6693332717361,30.190339147629324
102.63915045690389,30.776095943494138
102.88728726317457,30.459799120189068
102.94311235085299,30.89381077158711
102.83503574599112,30.539496632572064
102.60637112429042,29.869590742943412
102.28923575015078,30.073345925223286
102.43493079850965,29.955306270882232
102.5973161376407,30.55967277350494
102.49624952874767,29.736707141657618
102.652754796139,29.710916147770853
102.50607392746313,30.196513741917812
102.69087117765281,30.241901901898647
103.24478703154595,31.048724481068916
102.89841265513219,30.90746522614719
103.14436598793966,30.832131897902407
103.02701590209767,30.5360420893475
102.71552895542796,30.906749274896764
102.59340835617719,30.449798190447286
102.33465627690059,30.108681260756804
102.33465627690059,30.108681260756804
102.43085956906314,30.325462314914333
102.29926021444392,29.926465832381933
102.36403132943205,30.04372461064564
102.54148340417709,30.21300985443012
102.91417285481002,30.37346750329434
102.9173214226866,30.615240852655962
102.89882234031734,30.744657444219957
103.31116929071027,30.67527914358024
102.80006488499028,30.590138065552868
102.54096806940345,30.052146690086175
102.63133248643646,30.12002670702239
102.37277148405782,30.104923573365955
102.54363853616687,29.975550170616927
102.55743072084039,30.19559282715054
102.60321191282449,29.9256521255764
102.81723534691297,29.56891769991777
102.30630984646594,29.882600614508863
102.49350713743432,29.994729987198554
102.72800201495836,30.316338602034854
102.91886559879921,30.451107734371437
102.47477841221834,30.266215364235148
102.31172843800415,29.881706439880436
102.38074536863493,29.882999623089468
103.14376910058952,30.640911025513386
102.81024273585676,30.7293778168015
103.51981017078143,31.13059059734384
102.98470364047697,31.025045005842784
102.95977837716748,30.771997478158116
102.98791625555232,30.694969220286527
102.82118304981654,30.444784721674274
103.08903785901629,30.898031000825792
103.48764310048865,30.852662131904996
103.1989053916149,30.70801949934545
103.1989053916149,30.70801949934545
102.78993349968209,30.882513933654693
103.48126104370564,30.95488758321932
103.1635762321708,30.9064099794442
103.02240061599255,30.934204818992363
102.98793125902476,31.018161750675663
102.84712003467193,30.878367482179925
102.89562956054687,30.391078448595575
103.30626978944714,30.822106037800445
103.41782655054713,31.3859530728219
103.30138187245059,30.730222935831996
102.8396895218881,30.36843414993243
102.46736269328849,30.286497414707366
102.56029663482364,30.186134864082874
102.49268974680331,30.067577341731354
102.44372907944458,29.898383568157026
102.6833784518188,30.341002893212142
102.40995252023154,29.824280769881096
102.50849240486929,29.87073017726251
103.04838754378734,29.557993012982735
102.81328955764118,29.513868456108547
102.81235555153975,29.485702933815432
102.34723028625739,30.122461958331936
102.89806580114599,30.5900981707449
102.59150572280626,30.742953639776342
102.85012521234228,30.70656870077198
103.016619621568,30.576828152242218
102.94406406765894,30.720075218439796
103.1323097917167,31.136303350675156
103.08173220078662,31.159267958634082
103.08173220078662,31.159267958634082
102.6323463913942,30.447269742559886
102.6323463913942,30.447269742559886
102.63635280369486,30.50123881270874
102.33759272407862,30.132574550876864
102.42292291878886,30.066067221105104
102.51352962078528,29.864109837708128
102.49588309020899,30.018449671695592
102.5307112012029,30.126102817974765
102.49417994595885,30.146242957056877
102.32839610298383,30.188378802363506
102.62398676460235,30.496759493375254
102.57163011995236,30.072770107129536
102.46009387696967,30.151913276987553
102.70639080544002,29.631354555203572
102.94238986963288,29.512492322929024
102.94238986963288,29.512492322929024
102.70605143940976,29.59990162043365
102.80721542743719,29.57261690646552
102.80721542743719,29.57261690646552
102.62477535237045,29.711497083342362
102.7986124796944,29.530828821487088
102.580076857657,29.70782400426223
102.70801221518097,29.53904676137229
102.40064680783675,30.011462767269883
102.28697957101586,29.888585286498408
102.49319290836813,29.736941589638143
102.50018994147825,30.10909305367391
102.44981274412649,30.062164608926377
102.62790816472402,30.39876350983951
102.4976841364542,30.20588474633341
102.52402785355555,30.690419497560367
102.69152630650227,30.804718371106862
102.85085342904338,30.515262397253398
103.14099416168266,30.72406661173919
102.98560984861506,31.06925949283836
103.30900127373735,30.84989658425803
103.56456744852612,31.27993981747647
103.2924279398937,31.151027954913715
103.169182481188,30.60560337856795
103.00247570648861,30.58078744647414
103.34097729692441,30.95025142737497
103.05081666784595,30.94047781798637
102.80594333009705,30.851168061544335
102.62356421115273,30.627075731321877
102.91222692865323,30.61230913130759
102.44312141087671,30.456149948076582
102.45707767675361,29.97029281179889
102.56506996779424,30.259486362489753
102.46501097519818,30.287603764004363
102.69783141203095,30.645884298595945
102.99891207236837,30.668090710611153
102.56683742836647,30.333394993258143
102.5122167091179,30.255775469461305
102.45599444620888,30.4089740798147
102.86035876769361,30.767207988031796
102.43262588078746,30.561839553950996
102.56686872006709,30.637114489116254
103.02375024129542,31.113736352694737
103.19539975055791,30.867375249514453
103.35909201021022,30.885791282754592
103.35909201021022,30.885791282754592
103.53688738066117,31.193145175559824
103.23675343881698,31.09958137034206
103.41639880069312,31.361133702439364
103.57921667747326,31.29431893783407
103.82603867247167,31.505583299064586
103.7395663137084,31.284028542036523
103.38918030323019,31.396006040020865
103.40662759935259,31.101533216086942
103.21137223035474,31.21686250765589
103.23833747765849,31.299333107524713
103.15262648572437,30.800109434968757
102.88683760645335,30.367402470214373
102.83677312030689,30.48712954992234
102.96995374400814,30.933939080594964
103.10880047280268,30.52567636560441
102.68822937886664,30.69829126289331
102.44548611692493,30.585431526512952
103.01010579503888,30.548217898800022
103.00543829553737,31.110114745887397
103.20071475322632,31.345336089304894
103.25369366102295,31.298376676233836
102.46000024955035,30.266824018773246
103.25602438354801,31.363642676388082
103.03404178117968,31.000076703652823
103.07564926888871,31.02968668145339
102.96016326075447,30.95197178099751
103.08038175264142,30.46708473027494
102.58791440554296,30.81677548209416
102.88536409552691,30.339644364189525
102.99729624678947,30.69291145873711
103.23481501300212,30.8726092189486
102.76089622501664,30.916330496187847
103.12338644325516,30.59389107520705
103.01872911883005,30.867972197783956
102.74399820499956,30.371256821402586
103.06044991355179,30.95749460087796
103.19935749769103,30.86215846055846
103.28036614593361,30.75453490542418
103.32237413892686,30.693940827954812
103.17956231967995,30.774730882519165
103.12139237958372,31.053253408618506
103.6991407879896,31.21335214064701
103.31656653579394,31.227986372746177
103.86356607353102,31.33790138336535
103.87475842713555,31.900901378805607
104.19218009046271,32.311663049812346
104.03002155606714,31.850340259116038
103.860641408765,31.460498858257342
103.60795571199516,31.138448407941237
103.25333389511435,30.98300170526869
103.21697967356427,31.356851466149852
103.31803946860543,31.16020670534785
103.3474517426411,30.825015626703053
103.31083708523248,30.945151684442692
103.09461350326995,30.911088892920525
103.56448399286833,31.247239376480476
103.3323650270814,31.083157785854443
103.05821061746371,30.585088915763173
102.93586728794943,30.472046072284787
102.58113841536378,29.710789260889914
102.38258845676765,29.799126071941945
102.41999337751163,30.53610272331484
102.59097485042115,29.94168415347864
102.49405867714336,30.073751063081616
102.70583417628598,29.619159575042026
102.41956793277913,29.968975397073226
102.99091412443677,30.632453892478892
102.81128534982791,30.761793140723036
102.70407186585389,30.592873702407815
102.56369766460011,30.380184384946393
102.91069421035608,30.476364186798673
102.67088761512585,30.00822728290161
102.49386354282692,30.71836069033883
103.04101231425282,31.141560154912998
103.02788986498548,31.22660237571061
102.73819164181512,30.733019839118725
103.16458232341586,30.707965360723467
102.67422952861612,30.84130666487777
103.39752687782588,31.34064300169247
102.85504916699648,30.488812949365556
102.5221245847901,30.233426061110897
102.74563456056576,29.508269299754733
102.74563456056576,29.508269299754733
102.77469485776697,29.56721790992312
102.77469485776697,29.56721790992312
103.10085411761993,29.463605847906987
103.1819358246955,29.466025262806635
103.1819358246955,29.466025262806635
102.62487413609989,29.73056072915069
102.87485756207744,29.52365527584286
102.6381354580229,29.68961495383897
102.54652779365536,30.29218122301026
102.55630698976445,29.775796859170246
102.97709746299321,29.674670981296384
102.59970294617078,29.68760178862341
102.9623071840549,29.449416714333612
102.66015502052922,29.66562950615446
102.45947198165919,29.937521152821983
102.66361819358276,29.72268748578998
103.0022050132276,29.51734009877476
102.99050895333727,29.586643156697722
103.1693875836942,29.538737619003275
103.1693875836942,29.538737619003275
103.1693875836942,29.538737619003275
103.1693875836942,29.538737619003275
103.1693875836942,29.538737619003275
103.1693875836942,29.538737619003275
102.6671406619087,30.005096104352443
102.67367292667232,30.484646100586716
102.60600806015825,30.514273170468247
102.62531803219416,30.228268053326705
102.58267245706486,29.8751751608283
103.04550061618642,30.669644505047895
102.62202520595254,30.743191284189923
102.63860868525913,30.33192653198022
102.34701489426529,29.964808098239768
102.39883125589517,29.80634116763912
102.37604873099227,29.979264630475647
102.57352661647406,29.721099703255646
102.58748987153447,30.32921795197257
102.63721174044846,30.358052115752237
103.10354218331882,31.18122720843225
102.80229541584701,30.767693254339527
102.76399022083805,30.77422585507623
103.21572399783226,30.797520334343186
102.64958296628839,30.84942242135974
102.66032661711907,30.852868091016425
102.6366898692038,30.824961912933126
102.54538829662573,30.51799497217165
102.64590231084107,30.30372723168607
102.58515054087208,30.361748867016853
102.88304932173074,30.711703915597536
103.08806323801566,30.572644556066493
102.81675010785645,30.90908884494571
102.77665612917703,30.774610030889047
103.28542530129366,31.100434888092867
103.9343166629346,31.337289984856557
103.88084218263911,31.381890241394032
103.79830629387968,32.00941019976998
103.77730248267238,31.828341512639085
103.93381395169588,31.839830382107657
103.89536800016215,31.646543200905874
103.2049103244404,31.13087769961005
102.74994462769837,30.699784316043523
102.41547157740979,30.28114406921036
102.69994514714122,29.93996356296335
102.66635824004405,30.788999236372273
103.01484303043996,30.59288956908255
102.86723632769278,30.389402571015257
102.72637678399514,30.729836599862193
102.68546499018044,30.612321067882075
102.79134404875083,30.78439245444334
102.5727571544162,30.224991006926082
102.4729294699327,30.160770341946026
102.56897121377226,30.834036088131672
103.20811046014238,30.827385704619537
103.17879529075913,31.007450612109245
102.7739749207844,30.72299067450618
102.33901363031869,29.953570723058867
102.51952841455446,30.586789417660942
103.09333634913108,30.627592465414192
102.87552703215992,30.810860102893237
103.061880298878,30.675905505171404
103.061880298878,30.675905505171404
102.80031338976258,30.798162443815215
102.68360768424223,30.403227770984596
102.5735631537918,30.29417513196226
102.46228308389333,30.290526235097524
102.4886265620453,30.293214866576143
103.2629933180401,30.6977997638124
103.24450810281715,31.250706330965087
103.29847407247983,31.348084796778256
103.07278747455503,31.252223448793472
103.0999631357741,30.841360481808408
103.2232178729968,31.11485694569757
103.20969102011587,31.000905801473337
103.06638178253135,31.11766622238376
102.99103895993355,30.473141801712945
103.09602184329135,30.985437125942845
102.50016619845077,29.78176432223534
102.50254441056012,29.777717527202757
102.39803094469418,29.888435126486737
102.98111788765547,29.51676994245321
102.65823190621477,29.689903496153732
102.87967220475326,29.536983313473296
102.9953565034056,29.429038606645317
102.86652370075669,29.601872692561365
102.99085300130363,29.465079346181042
102.79426072915537,29.52151814240941
102.90450759763706,29.44881192421423
102.99555531925688,29.514517138701454
103.12416832552714,29.470412513583366
103.12416832552714,29.470412513583366
102.94416060723717,29.409876029819152
102.94416060723717,29.409876029819152
102.91355017865529,29.424797407067835
102.83037466423832,29.584178925092456
103.00113069570921,29.608577953166662
102.72708900354293,29.57392674599042
102.8858164598454,29.572754674754364
103.0906653975515,29.49444843083477
102.78766875662697,29.60034507127142
102.67789689874577,29.72681212319486
102.97105400679163,29.449602331694702
102.97105400679163,29.449602331694702
102.76908724531641,29.499826653655568
103.07210978039599,29.552527614557924
102.99298603129178,29.442855149635328
102.5547967352987,30.313257358211295
102.54074292287791,30.5462971506387
102.45896353760213,30.271128123182173
102.7667443211992,30.71018732055657
103.13988094744921,30.907506758045837
102.74362329999343,30.845552069388035
103.11631795475274,30.629231139808386
102.62452262876486,30.72460150893016
102.38244529125724,30.092296687045188
102.439060254095,30.24789344287511
102.32655986488952,29.901006599734224
102.46775957757087,30.1568765878741
102.57225324909355,29.94395728374172
102.7448313968679,30.21323921361975
102.38191956993559,30.00606295450877
102.57252489340324,29.864512186926074
102.55833253659347,29.783553552204744
102.6952627390165,29.70560035709336
102.55747127259467,29.816813877189407
102.50278087302938,29.89180782354952
102.35260880392339,29.804228251386522
102.59349246878858,30.102629192938114
102.65081230364565,30.492381048986864
102.97312230272767,30.85194120478217
102.95203192705053,30.488701526292118
102.68829070886092,30.238571595057685
102.58250769859468,30.707966008295955
102.57322736075331,30.764059967228434
102.68089420252583,30.33482671150014
102.90584193825676,30.81611888106997
103.14491582967567,31.11274045095365
103.0985668596556,30.987266564011183
103.24710163289564,30.861223576613952
103.39500244762411,31.049338754861868
103.56888446950616,31.119819273468543
103.44888240260507,31.41868787517136
103.52461667480028,31.235059096652744
103.24977025622451,31.303037033385696
102.92356927772802,30.565801232328752
103.19958219069545,30.91437436389121
103.37414714166597,31.36110222431274
103.98077836585854,31.739677499646653
104.21015265393058,32.09404184875336
103.95688896434082,31.942902318453754
103.686268921982,31.98924734647253
104.02665083453239,31.85702863464648
103.90879529557414,32.17076467913415
104.00829842240285,32.87701575744087
103.96706549953524,32.88555483396004
104.57988263691327,32.84758817759375
104.66623492626688,32.836170856791256
105.0360188820981,32.60575154541251
105.20193627433827,32.65446200261858
104.39521702714227,32.573852959850235
103.97923488605039,31.929116500712873
103.82491234898623,31.40345519071011
103.37568619834074,31.128784410002677
103.02159707051158,31.231118666192096
103.22884560124635,31.321696851633877
103.20321240257154,31.28957739154752
103.80862776665805,31.845968126941283
103.80862776665805,31.845968126941283
104.03069158049277,31.959647603132357
104.05136056822553,32.14469081548751
104.0208114653928,31.841013166122547
103.86463988652719,32.60149904193317
104.1925621680053,32.69106272564009
104.3904221792339,32.74853030174555
104.65333765579761,32.67603286467886
104.60377052357674,32.81220408128761
105.02851488870253,32.66083050068542
104.71456347148043,32.45746967405611
105.38965895786025,32.86722869500322
105.37584361652056,32.793994098832215
104.91946022069601,32.594035253695544
104.66295716797363,32.72126493528069
105.0795255041222,32.57560554184064
105.13280527584055,32.845519447350306
105.44143330164358,33.077419133730714
104.91174652884366,32.77967555761012
104.73864400447513,32.60219248074698
104.42613868753237,32.63099481835533
104.12310435999497,32.90029875706642
104.67535144550241,32.862430879493814
104.26530334949693,32.97870659326589
104.26530334949693,32.97870659326589
103.92008180810622,32.68382969975228
103.92008180810622,32.68382969975228
103.92576652212803,32.56312636427386
104.0943621842651,32.59471443024881
104.05012753404803,32.716031069486405
104.1016511342086,32.439605363441586
104.75207477415054,32.54919085335786
104.69243649421256,32.71938157730419
104.31986803714197,32.20354211506695
104.13636123578378,31.646236140421827
104.02419934270516,31.884757366985774
104.00974783922562,32.22041057809448
103.8982714037658,32.04264846957515
103.96052698378817,31.58086596144627
103.9930667427932,31.504683081061923
103.92548210346617,31.49764764925193
103.8851321626797,31.791502044896426
104.08294397017299,32.00437828172042
104.149420749728,32.59276938321942
104.28000264380248,32.70769893290449
104.62071200475312,32.834323801585775
103.79767616519881,32.587220319616144
103.8535785836962,32.56656867400907
104.02442550997924,32.49924703259582
103.84893721780247,32.40389013336306
103.97947992700391,31.96406004690105
104.04195367610505,31.682969087800117
103.70654981675077,31.984417605103292
103.70654981675077,31.984417605103292
103.6832556252794,31.949549495017035
103.6832556252794,31.949549495017035
103.73386022939692,32.09450012702212
103.92879444132416,31.6662934557462
103.94702125649223,31.53726382464028
103.84889272816238,31.448619913959792
103.36359653828166,31.136124432963687
103.16140827576524,31.092945206882103
103.16140827576524,31.092945206882103
103.15355475411639,30.82888742725032
103.12355354537804,30.92998167887333
102.64013439132266,30.581029720205233
102.62696201685283,30.286104644592644
102.65188444642332,29.739473157335244
103.16724505925214,29.47128110098491
103.16724505925214,29.47128110098491
103.00644273586775,29.542408055646167
102.93156584209281,29.41978969096806
102.74962208601306,29.541544562916364
102.37117133013473,29.803598094559334
102.43018642220221,30.30872923113679
102.51436040769227,30.334992094328335
102.81861484360984,30.868816375440307
103.27555279293081,31.0617522192778
103.20793097929696,31.140286970354538
103.24481433256615,30.855267372748212
103.14066131967958,30.84867798076588
102.92738964228394,30.630038201550036
102.64973763686434,30.688712274881144
102.90042644300632,30.443457520540814
103.30073879635907,30.68360650937952
102.91043534730429,30.47418485350567
102.65063339014074,30.78237234086807
102.65063339014074,30.78237234086807
103.10393502022828,30.74874629020426
102.82427814398024,30.81241200251101
103.00080564668131,30.46654435564304
102.96493041474153,30.982884554255165
103.41043147418175,31.27881034187927
103.54320023869637,31.124734653595883
103.02183963184085,31.20158526580936
102.70142569718793,30.856857205161717
102.72241273270215,30.765669623272803
102.73133512172537,30.32815917650348
102.52089570903487,30.113245807693925
102.7817851465924,30.6821041782141
102.98112629916643,30.423182427817814
102.97690386778153,30.503016338630133
102.66788916441739,30.622691565248566
103.13835763929525,30.956804182543763
103.18060186128122,30.798806281616997
102.85896305755959,30.862917737851078
102.85896305755959,30.862917737851078
102.97724505814296,30.748613629994683
103.27846495526703,30.97842168949221
102.84227852040192,30.758869957647914
102.42766640581313,30.458262568754087
102.69483879987285,30.707745476694303
103.12086809745982,30.558361765207472
102.49659578992994,30.588266593324295
102.68328935005877,30.109206541768202
102.5015549468277,30.688473950062942
102.60170143851236,30.71108145446099
102.59134474848472,30.667346366855856
102.52013789381817,29.990684285153616
102.33399523112185,30.179383765636103
102.54891097807588,29.69181828608095
102.3662010562816,29.9179849467781
102.63086160556382,30.501062146906985
102.83328334981805,30.792117562050976
103.00816146900308,31.21183789913906
103.0202343567426,31.227008431286972
102.72693009593931,30.901878557670845
102.8629620307949,30.934826203340123
103.3774554304163,31.22717637659605
103.35895976957757,31.354900469964893
103.26028721401856,31.282569476763218
103.43975329981325,31.179370609301166
103.69298583659668,31.16028783969343
103.36193041507721,31.08262398926801
103.00723761964542,30.831310330285742
102.68512318659009,30.757474974184515
102.64033616415405,30.315948097265753
102.46500395574944,30.251839039562988
102.7117138343019,30.202748624509915
102.73507492890397,30.391173566157402
102.70616036060456,30.664529855274356
102.64837275738562,30.824489216438128
103.07239389398512,30.92650860024781
103.0029266543167,31.02842063447692
102.5998093364441,30.382700588089314
102.73016362039283,30.34933161101835
102.44365835975573,30.145043896863232
102.55234778954052,30.19196093247513
102.4453733610971,30.61747262206269
102.81427294071615,30.74287168533712
102.99296537923317,30.81761319353658
102.95824253434392,30.49633813614033
103.29255024948554,31.24637050106577
103.033729159486,30.551996956838305
102.78365370337409,30.692266120930896
103.19604030746393,30.649511257675492
102.98413534231625,30.987466901373004
102.38427702299354,30.20636375102852
102.66174739581976,30.63498329829718
103.13464920327297,30.777257551090088
102.70100656513482,30.818819802238515
103.01119295466535,31.13371020114688
103.26929729775097,31.185991267848088
103.0586266284853,31.224517074039664
103.17028993849094,31.223956107878
103.28655964809924,31.304506038164146
103.3433847089212,31.2792756119764
103.43958857880195,31.42235974886698
103.12539630619371,30.56725743487432
103.20347642896586,31.303862436394965
103.18816973394145,31.132146260297393
103.27567535837444,31.33415177386144
102.60383259338622,30.540496553995972
102.80713242922234,30.839008603316618
102.78226999393449,30.6872810941216
102.54526400369858,29.940542878976967
102.36748704510381,29.76029283447092
102.4957837295192,29.736810056282284
102.39817036300059,29.778992375632132
102.42572354197634,29.873425050259584
102.61594212368452,29.722598465227502
102.46958836680972,30.27448009585058
102.57392585584091,30.50764897850255
102.36806551494644,29.894214655087048
102.39624257295608,30.032907527066556
102.6870876850514,29.68895435424681
102.83795867862163,29.52610310620314
102.83795867862163,29.52610310620314
102.82595556690569,29.510933066874763
102.82549542999496,29.56666361553702
103.13102914128359,29.525569274840663
102.4951548176617,29.929961133264154
102.29733552330251,30.000000830202723
102.6495779151367,30.177192915126003
102.64969857241744,30.279073294346276
102.69097432774565,30.353125472177943
103.36804234055106,31.245097943889537
103.43046149999456,31.398913995361216
103.57774697237541,31.139113347920794
104.05320214009906,31.441645882170175
103.91506678988054,31.401030061641052
103.91506678988054,31.401030061641052
103.83524656174593,31.463497418802405
104.0548862708454,31.427816676064932
103.86415592979448,32.0251656249378
103.88181529324152,31.716036593897144
103.59484470095063,31.207350859364443
103.17834003638451,31.05420524269648
103.38924609291195,31.043770055656395
103.20947134839045,31.341461802440786
103.28161225458375,30.84781537703238
103.88920027414467,31.551274415971797
103.9146204790911,31.665746223242568
103.85090295535419,31.428714362051018
103.28147951543689,30.938096989037618
102.97666898669142,31.035955837708407
102.85731563674624,30.599018976132864
103.10062263720933,30.771068283756208
102.91339957098621,30.501429827903674
102.80985641687084,30.63926565100946
102.90691077163507,30.527643923630713
102.54071354900745,30.544785588387835
102.62961041701716,30.651013279947815
102.52592546814903,30.699092777428717
102.58234158401486,30.679645984184745
102.68998689776255,30.402168333266605
102.43325156256377,30.1810543847212
102.59335336265808,30.203209919722184
102.96730712379683,30.43302178229193
103.25546827681123,31.301613075312236
103.15677496027821,31.143511143832853
102.87443818290859,30.433642262379564
102.99704012984408,30.921828560440773
103.03931764350592,31.179357872690183
102.62199149936073,30.84389192321225
102.51146875215694,30.351679484756797
102.58690247173486,30.204377415680096
102.83717744130166,30.378960543830235
102.94388285457477,31.195064469505763
103.031553130602,30.822794580063356
102.81380709928821,30.807279875432783
102.78962082673573,30.657792042218325
102.80738793829576,30.66779096600458
102.97769652292136,30.745355960259552
103.2232711454324,31.375178144487624
102.91132406999311,30.568102183093995
102.86998268230039,30.33774555469616
103.23512871184539,30.762215956615748
103.01273539062123,30.970451230400958
102.93669758868803,30.398519288093137
103.28402482126694,31.072408762367495
103.32280471626089,31.057077691965134
103.40652340764589,31.23967323191412
104.08572141261658,31.46014038618888
104.03561917385215,31.70482191591553
103.8212234879812,31.805653382244085
103.86468730898928,32.25982570179307
103.73811401392796,31.936139084944603
104.02274877780711,31.857242471720195
103.98090964472158,32.0343912845913
104.34126124361931,32.19470384180808
104.23510930588463,32.13939168829358
103.92461633053165,32.240372257105776
104.03479357380436,32.64281074584227
103.89235451638578,32.55067408883233
103.83604640247289,31.76324077082387
104.06314944604016,32.40218462807572
104.31165508907874,32.822638608703514
104.12517633589019,32.49895264645375
104.05338808869497,32.713926170488804
104.09512482170844,32.574711289447045
103.91915765522032,32.19168726905126
104.42610381769231,32.0721539229643
104.42610381769231,32.0721539229643
104.64958495752875,32.508716727018815
105.27015020735504,32.660408296381334
105.42426613555088,32.73685122658193
104.77470638685041,32.65601827207131
104.33616414611784,32.7267222373034
104.57940410451528,32.54802383483236
104.50348859668244,32.60853357731018
104.43395718454428,32.75263172561904
104.73337272156446,32.4977542775372
104.30293657482935,32.78233119974489
104.01390946618335,31.913826818717805
104.01612190162616,32.303490264698205
104.23593922789348,32.275657820202014
103.81682936126822,32.5224532324456
103.81682936126822,32.5224532324456
104.03813680217203,32.981865767478695
104.00061944333629,32.767287365387105
104.01591103355932,33.094090527841466
104.01591103355932,33.094090527841466
103.83240883041663,32.246560260971286
103.86922271443251,31.765860817131177
103.8805137588396,32.00455843356607
104.04782230761066,32.39854302333061
103.89593253590014,31.774260756769976
104.0266332836246,32.2921538215139
104.48698378484222,32.83771569762901
103.99201273946746,32.723839139234045
104.16851057011006,32.58897697165948
104.28157701386503,32.66985472702616
104.20774616828979,32.95753149971908
102.91332955237385,30.425184577634806
102.87051226141823,30.793157524532756
103.08682576763098,30.90515292487926
103.12870261116205,30.901150407046647
102.89634389530075,30.592246220725205
102.59673581032973,30.448839824885336
102.56414447233439,30.36739824649291
102.55074354164017,30.524503501397692
102.43976416773936,30.399949524602278
102.41717044032264,30.177241529306876
102.48669826421859,30.320720921225814
103.07951287333157,30.98964563278107
103.304434962439,31.031652994748217
103.33164169018433,31.313985758496013
103.18352129257848,30.87083747402541
102.94058343825897,31.181400820456584
103.36512733869881,30.83986076714174
103.27845430755019,30.930947165269803
103.12885814636016,30.812762692767443
102.89827882650037,30.537182489255798
103.24772496391398,30.675314297610488
102.62363891162146,30.244054586437453
102.85900772825704,30.53041887252537
102.61413664732225,30.27456532471273
102.43906700288629,29.82509530477087
102.58034224098809,30.142219717712415
103.00183957919145,30.62134647182927
102.71198243420697,30.536981306861634
102.82967740319442,30.505207635533935
102.44308475416025,30.315514834471767
102.83487554437885,30.549701471085
102.45973853792182,30.278630022134006
102.4584984861565,30.058751886044327
102.51236604426842,29.962216690309965
102.5379812273818,29.896277518734216
102.61586165936068,30.356624649946802
102.60045024105189,29.938440040495312
102.55228962460382,30.243672374943024
102.39368410736523,30.212309277115367
102.6939518049701,30.29523717816588
102.50658604974213,30.398979079066706
102.95690652630925,31.137327479713644
103.00204521424777,30.68697025777895
102.94737939938007,30.92378184726885
103.2459269708858,30.97583031947433
103.16977654962862,30.645563461229603
102.85953162818662,30.72503347085911
102.89828317249217,30.438421757212204
102.57048988480093,30.72413449874308
102.57048988480093,30.72413449874308
102.88692794689283,30.607427070616566
102.60169326048681,30.74030208277638
103.10050008773548,30.792851560880806
103.04711229572192,31.060561791424327
103.28306941886174,31.006688610506174
103.32581514070394,30.892105399874474
103.22790689185487,30.846441062060645
103.25049977366885,30.69582221601698
103.2203764925297,30.74589181697858
103.20344232015157,30.66663400630891
102.63140903620966,30.13276940158716
102.51289231942934,29.9195954302014
102.48136046770462,29.926265023973997
102.4468347674958,29.972638280761554
102.48975853644077,30.23894098876526
102.74266097356175,30.33892393746374
102.90487120552844,30.378027855101966
102.56180268011941,30.74828103440423
103.31210794263606,30.949972559912265
103.26916915619341,30.817922457637344
103.24000851235868,31.30378547630964
103.23381548768924,31.183629167917097
103.35127932927584,31.281008560281357
103.37363360375215,31.272697633633832
103.59826081525794,31.343851753699838
103.3841915494243,31.330927565304282
103.3841915494243,31.330927565304282
103.3841915494243,31.330927565304282
103.24562533060102,31.32856926437691
103.31912337727101,30.7975366822601
102.92185333165168,30.997607461789162
103.28327010247392,30.806023022809025
103.02720719511613,31.20690735613915
103.80920921384663,31.320596793686068
103.17919291613676,30.898390340741752
103.7629312463477,31.46358502157286
103.78469026885276,31.521077632994228
104.0045430422078,32.11709513528384
104.51778812291258,32.57270392926803
105.20572381789982,32.6981456739444
105.17742613362762,32.89241537366118
105.32119730632921,32.85341209569674
105.50664051891144,32.94215726522351
104.84771144997059,32.51330718794905
105.0336831674739,32.617422499210406
105.08266239725485,32.88586233825283
105.30193843679486,32.65065816792672
105.17722410892327,32.9767494776508
105.2976415244115,32.627493637437425
105.31730864922221,32.828045848481736
105.31730864922221,32.828045848481736
105.34276253749582,32.666432109068225
105.19869146868426,32.6556868139936
105.13542969152962,32.646676844552395
105.3067765245104,32.80950779806547
105.23032602551474,32.626721725764206
105.03239159293106,32.69685963276798
104.85327513873034,32.54354957254615
104.68812272570024,32.704922547729936
104.54358293565859,32.65217274791305
104.627439417073,32.8408001007607
104.55468266838771,32.64033525497227
104.1277272123328,32.551966717562195
104.10994514982801,32.752372025437445
104.47791391710523,32.55627254031387
104.73202194748023,32.71690792613386
105.21541662818484,32.64291478224848
105.54815069567813,33.03056744392434
105.29669865948756,32.876191001084976
105.55086639724547,32.93910315128936
105.51079017457302,32.79756212929631
105.24444294710288,32.77396999062591
105.28841948321097,32.6475592543125
105.48448344522092,32.87893398779783
105.23462196084192,32.81677150197493
105.31427551221394,33.038968644060276
105.41241698276065,32.9011684622999
105.137051332402,32.868419434066475
105.14999916781585,32.820828423647455
105.16942837643275,32.98232294764444
105.1617645419924,32.83409374297782
105.09481495170104,32.87237958390209
105.3577473175723,32.81207556047106
105.38064437690169,32.98689116646478
105.413723244272,32.76161965002071
105.1269303353547,32.610862701664814
105.18365367240025,32.64835103632986
105.46029462235052,32.864608202562806
105.30528816559388,32.8962130123021
105.30528816559388,32.8962130123021
105.58423058751121,32.916234312910866
105.11817617419145,32.684934706342325
104.88316153078375,32.54992338694567
104.75452745822194,32.59788053038904
104.23369971235975,32.320277922255606
104.52255739788912,32.56843741151682
104.16963991002139,32.20476527946274
104.01028451958304,32.2252064323237
104.57437067157083,32.486938217096096
104.58790605936836,32.76193470374227
104.07479970702637,32.36838496551855
104.77933509050666,32.63197416838403
104.46374009160367,32.75293593673395
104.48403802160719,32.87446120186913
103.92197007152332,32.62435249787623
104.20900319058961,32.89514642536207
104.13283426574556,32.91935062281768
104.11533961845555,32.168766278914035
103.85338513547434,32.505170418827944
103.83749885029512,32.60715811210225
104.11709192019559,32.3983702560591
104.01834663060474,32.692847667069685
104.14242247162038,32.945931083789176
104.44157687420258,32.95955058965112
104.50477603774449,32.5449596167118
103.97715410576428,32.886509116473995
103.83393097049522,32.53739052759091
104.21706818820714,32.62877413083627
104.29331902355261,32.63969457661649
104.35182493812587,32.91362448928738
103.9627661659724,32.62060187430036
104.22926237207464,32.94022295866955
104.05968515467019,33.028913322884755
103.83727044176753,32.369085852069105
103.97708243880136,32.23174017253691
104.15127772811736,32.59326705709554
104.12099591587965,32.79748743478742
104.22079927279476,32.62991237333486
103.88036745563977,32.218076411341585
103.85843482941493,31.777222161158647
104.00565530592458,31.685818077838313
103.93370688383726,32.11818619732503
104.12488622608522,32.40453902489735
103.88202444030891,32.238253217018695
103.90823607199124,32.175220738476064
103.77447291906417,31.812502598503322
103.66599919991734,31.273436763949448
103.19288946121472,31.01075261207657
103.38969363260641,31.035631526368114
103.12912871485338,31.28808187334362
103.31841656809885,30.838241901731795
103.28362133260099,31.121433208085584
103.31004946631515,30.64090959305677
103.29902484483038,31.31774788607543
103.24963387837641,30.987778740979003
103.27904044769642,30.998056338206684
103.01231270917954,31.186686374742056
102.87466279618258,30.84707860851385
103.14545479271509,30.501774140426924
102.83762861877612,30.764180305816385
102.77849633705891,30.57116827705755
102.7232851184863,30.851080337463667
102.66867462217532,30.780910016350852
103.16988738555912,30.861576567439254
103.00808807897553,30.910622065577396
103.90281179009718,31.472153121982437
103.22638479005539,31.170011240828156
103.36606158846521,31.193311861137538
103.12036607721028,31.16190426314736
103.31446336897291,31.238145856291467
103.34500683722614,31.3659124498722
103.83236755381924,31.451495517706643
103.84952119413164,31.597891625920166
104.04774900041917,31.85369338914592
103.77660054088396,32.01532269366418
103.94820904520593,31.921780380546142
103.85987532441798,31.843300721343276
103.82648383658135,31.92420812104878
104.03196216289062,31.743090364658077
103.79690502364028,31.571416585886666
103.90830999804054,31.47063291773762
103.85272916751049,31.53427472926476
103.85272916751049,31.53427472926476
103.76906168450682,31.81737333763929
103.95673743796705,32.36329234929145
103.80230018554138,32.11165537727577
104.86381401652999,32.79925312960742
104.37880249883116,32.940746979281144
104.27150647714679,32.80826782496928
104.3325118378198,32.825905726895385
104.29332152835026,32.19835170581778
103.91715838251709,32.35093336379797
104.26400927776581,33.04614101031667
104.33557420862881,32.96213239998288
104.33557420862881,32.96213239998288
104.1918340469063,33.06635191629875
104.1918340469063,33.06635191629875
104.10691970709497,32.77209961548412
104.11890401701476,32.82861554013905
104.1280072671441,33.14195546343331
104.59785162792261,32.776139262142735
104.92204649023503,32.57872795038045
105.31195522124438,32.660181910945546
105.25150795059636,32.616371934700666
104.2392224165309,33.056565474028574
104.04760309376098,33.07076214381192
104.29335725196665,32.81810685861769
104.62080046889923,32.78952523096215
104.50694843513547,32.50741811493161
104.48198090304565,32.65625019563758
104.2807973957437,33.01390689714058
104.48911536804769,32.71841191231881
104.54269968689312,32.815567768159724
104.74255226219849,32.47036374357547
104.7833052006246,32.75344601964445
104.82829515981224,32.5349919887393
104.79687065483101,32.64268670456521
104.4436649209767,32.58298813650616
104.46247905499877,32.81801378277909
104.52362402881921,32.7500882953182
104.52136521085771,32.81965490476321
104.51560408101884,32.688647481567585
104.1384023370479,32.7283956240304
104.02525115460111,32.792285320783336
103.88514963155333,32.60719800488592
104.08987550258803,32.38379042641455
104.29613006392142,32.316527808377316
104.03213190013372,31.711498943121228
103.83449810606234,31.49028692774839
103.06793605001877,30.80701096113593
103.35958453545675,31.115955038342154
102.78302519174534,30.91472340924549
103.499080199603,30.89742092915752
103.05485133149071,30.944855892501568
103.01940291603054,30.766507774450893
102.99947498609019,30.47774329952813
102.99947498609019,30.47774329952813
102.85356047090865,30.57354608168858
103.08710787218857,30.763273191772335
102.41529661685358,30.145205192499265
102.66586160289403,30.217465590762586
103.08535341693397,30.71966740664281
102.97758166223926,30.75489200850774
102.62778223840068,30.785068376453502
102.71156039095648,30.814811357496122
103.14057415125468,31.006119631070103
103.12176226541771,30.467296835339106
102.83039777848605,30.66580391950474
102.50186679555952,30.640096993144244
102.47588917429161,30.553779684435984
103.18624091742858,30.89634779715463
103.05533671743643,30.878023898424885
102.46857337242429,30.33089428824722
102.36539187809224,29.960017088737704
102.70238645869033,29.70138475986073
102.50689117261636,29.899607825767223
102.47606958254465,29.7217524028503
102.97976170680874,29.48506004339678
102.90462526324761,29.541566345905604
102.96669265081324,29.43651310713061
102.58773587007286,29.902586434432738
102.41371710621834,29.858887118714946
102.53018965915167,30.671854029939322
102.68690655100748,29.921371805516525
102.52553338741835,30.179179457096808
102.69888216555572,30.559151310809032
103.092359603238,30.813899047188638
102.96709006962634,31.03074679992984
103.24582277394137,31.099986972994394
103.03572638780754,30.775514330777593
102.99379166228991,30.644023228853225
102.57675190180373,30.2480463245627
102.94245777624053,30.606465550987306
103.20501385485983,30.800816391600616
102.87560296741376,30.75604515438214
102.87560296741376,30.75604515438214
103.56733926158329,31.25354186999641
102.90715047141025,30.834872100271113
103.21550863042187,31.329035438072573
103.21550863042187,31.329035438072573
103.55001627756857,31.25782355464617
103.07282056318418,31.112626289838417
102.34275667230136,29.805009483010988
102.5481125328978,30.089928354825172
102.43351216091737,30.39795519683159
102.74385708730416,30.597844675704625
102.87581634954026,30.790503940697185
103.02787266625329,30.570543870937865
103.22331655865474,30.787215258090875
103.35887957731454,31.17020022934547
103.17183839607415,30.868158886779796
103.07084571761935,30.619186604820822
102.75698799076332,30.79637732977302
102.55882461082497,29.930733049159475
102.58639203569602,29.83272618076928
102.4794476024937,30.044802274310282
102.52406585807955,30.308678927361818
102.64338336479064,30.171068952518556
102.50535151955063,30.364173255600644
102.51237976824221,30.686130896057815
102.55305911707616,30.189080913647516
102.56885148655904,30.43384375333684
102.4618617515155,30.36302141225462
102.327405651968,30.059336605900956
102.3309073734351,29.93909976833413
102.41115736662962,29.786364436692253
102.72334423576638,29.543543783675894
102.54292855120546,29.65781140919519
102.33338434052423,29.831552371230377
102.47288894845595,29.94143801063853
102.50315664625765,29.749406907428643
103.12773521662308,29.511845690248073
103.12634716203034,29.4965714512875
102.9732621111765,29.61291817762023
102.9732621111765,29.61291817762023
102.9732621111765,29.61291817762023
102.89686743515776,29.474251648418413
102.66572547476895,29.62144239938203
102.42583790239449,30.10805703496498
102.3277048641539,29.834336785298046
102.95633097591754,29.613527680353446
102.7509833011147,29.56744772044794
102.72493549203377,29.64238922789078
102.41556643957699,29.76281811394971
102.33440767013057,29.911002915110902
102.98069956739783,30.62278194605856
103.03518339943905,30.56628044205101
103.12678846648313,30.457101493617248
103.2694326272425,30.86594712972676
102.3181778103855,29.94247119111018
102.60530015653575,29.950653408264706
102.5695203756861,29.72508582808869
102.82951769105532,29.596553626039128
102.91532930118171,29.56321214187368
103.16548868121215,29.534201294732835
102.98515210759807,29.60646579393372
102.52119137559276,29.721913539147625
102.63544958620999,30.175526960858264
102.33285040083565,30.01026052708283
102.48757734971925,29.861032325160977
102.89944125679068,30.59502643022733
102.5444221018244,30.584892565851582
102.68442392127133,30.589398790079148
102.50565190355184,30.42664574622597
102.85668265719146,29.55454039394122
102.71463545370231,30.23897387937576
103.0515786927463,30.48276147836569
103.09708018769982,30.667806000791376
103.30579151776804,30.807252313930405
103.30733026604987,30.846677981328398
103.09836735360523,30.538769032424266
102.55682662264488,30.221934105487097
103.0234571582086,30.5370587827383
103.37189177038091,31.089704235701383
103.58667702245108,31.164266552537
103.13430160281057,31.155573414247282
103.00002245040422,31.183927858856748
103.39958707082899,31.107492664035107
103.18733926272976,31.217727233008823
103.23094757233511,30.984286971450224
103.41178676772536,31.14487668872322
103.00681100113373,31.316051386345016
103.12781717851873,31.053103746802027
103.21269647385293,31.370314390278395
103.23739606204319,31.357172777663934
103.23739606204319,31.357172777663934
103.2225356564107,31.328912341484028
102.85155654650937,30.72289807633871
102.52122979268292,30.12722218447512
102.40719839829406,29.803696912103828
102.66886161024868,29.928301822012426
102.57027953631216,29.87460355299957
103.26030459692656,30.649828953651113
103.0773449359329,30.83515846815516
102.96476977439939,30.866913800463866
103.50769504252685,31.091640870469217
103.34365541514558,30.760401013943305
102.52103934526241,30.3536637366857
102.88414426143937,30.35376874579115
102.79062402978202,30.47526686543823
102.8399307191795,30.901002678045
102.86834521162486,30.425370527730454
103.00995415355408,30.86828776456928
103.04193701932799,31.081114177594063
103.48252720736038,30.87583754215827
103.09115127745083,30.70229499535888
103.18082099279181,30.80027425197114
102.90908692903058,30.889742531826876
102.73525446333781,30.907805609031623
102.31287491868166,30.143719037277265
102.47135030950778,30.261432895433792
102.71978809380786,30.347114663423437
102.52726358717405,29.703906459473263
102.54417379105908,30.452215076292163
102.73945709335189,30.596483893975304
102.82219968593968,30.896610645189295
103.4958731857942,30.842894810296503
103.49781752480393,30.87771895928978
103.2661559981081,30.659559629882548
102.81110166225186,30.67195902258335
103.046405122231,30.581301977457265
102.81477238508859,30.78815609308905
102.68104073455686,30.51234862053717
102.4692149360674,30.249913575528318
102.60577847597052,29.72581973882068
102.57707308269472,29.836831875031066
102.58031621779118,30.35775772610466
102.90939470780002,30.45512282053961
102.84497990810428,30.561162854060274
103.15943050640627,30.898045240718996
103.35120581231065,31.033358263308042
103.34971389331425,31.194969657079223
103.14039255746512,30.977042166475208
103.34095647317518,31.197030077508497
103.50438507869387,30.944929879459515
103.45611106351132,30.85444380298115
103.49251972989954,30.901974990219557
103.07643552647046,30.619229556246736
102.8365618049821,30.555657535188345
102.78516521882509,30.83373791693337
103.05761189719975,30.84080437104658
103.30973321670703,30.955910472250604
102.94586046656492,30.891884938977984
103.16493869698877,31.088636500631733
103.18676654086097,30.578261229878557
102.45165904167553,30.203629881451903
102.62053493099287,30.66325552409142
102.8180439098733,30.86864974984279
102.87108927616843,30.51491113233118
102.5470549453025,30.360408490716093
102.91900656659388,30.396029190371216
102.44761915012623,30.277611295371536
102.28927695648525,30.03211679892537
102.36706647776643,29.911854147806686
102.59060690707024,29.939972766890243
102.53374930193657,30.120861178786114
102.72594499563316,30.663744976726427
103.19647120872355,30.64113961528767
103.09078720986608,30.733387007485803
103.54306706111548,31.164660228986694
103.6346219452037,31.138783841230804
103.32034462596627,31.056355981930217
103.56934925212477,31.099046476025936
103.85939552717977,31.40845550571808
103.84422966792056,31.495380993019925
103.88682231355612,31.355121483952676
103.88682231355612,31.355121483952676
103.7907857176648,31.53011798469328
103.7907857176648,31.53011798469328
103.88255987393137,31.380862118709775
103.97911348396678,31.515932102332222
103.93902940488408,31.94198918322114
103.81375009829478,31.896267602779186
103.94638449036789,31.816459617281254
103.9036806632555,32.0053348299374
103.9177566602886,31.532012835616676
103.97998947372372,32.0992236245793
104.3949685658606,32.09617624366756
104.3949685658606,32.09617624366756
103.85327720750652,31.510716789306155
104.06288001197804,31.59335828055977
103.84596825140285,32.486157459708885
103.8770102079365,32.38371654232474
103.9167520705323,32.56104336353994
103.9885103505686,32.86550335428687
104.34832469852061,32.59015310231946
104.40713520233457,32.67829023702597
104.16753227400018,33.051058238435665
104.05583224204292,33.092317350593284
103.99860964986225,32.870891429483684
104.65304074274681,32.81626437499484
104.69802138566972,32.83770803135918
104.188472683279,32.87814369013082
103.95864568780172,32.7420401831805
103.96092442519759,32.28863114281744
104.2781751327129,32.237582166812295
104.31204961577319,32.767307866026556
104.0188738717994,32.88631558363677
104.53755282694229,32.84170145382862
104.12006286704293,32.664611631398785
103.98991383734817,32.84478605242948
104.21059348118789,32.56281402738562
104.11473437175485,32.44799747975865
104.79137086086399,32.783897052261885
104.95083267942273,32.63695000730108
104.19528659600364,32.211556180875455
104.34908655415559,32.05604917568312
104.4183488722816,32.32046955496041
103.73328730420536,32.00516198389231
104.11892132335083,32.43043162398063
104.55245849270582,32.68655280107944
104.05560145820047,32.829865417025104
104.04730701480369,33.02043923043748
104.16788872653315,33.11162737205009
104.15026615142496,33.129493773905224
104.65916550957235,32.46417805435655
104.89542249176993,32.52330300679457
104.37548584905129,32.881982802122245
104.17222932674706,32.86115917291266
104.00053390419536,32.51815433774563
104.13879518783816,32.813918499922494
104.40823009275987,32.56346057075399
104.20963737832828,32.87440385290291
104.1269134009215,33.15777281952613
104.08490254425924,33.12811376631452
104.32664322250632,32.94873414640589
104.34648062029125,32.7564019178585
104.77428286565303,32.69548463429786
104.94262623357996,32.53954177486842
104.60276041464607,32.5424681502492
104.35084080121877,32.970450202517405
104.41281221409965,32.90147023236965
103.99323548599348,32.92614958574185
104.31759633538971,32.74538461798557
104.0224744704036,32.62091421238892
104.03399420109888,32.66336034542924
103.94307241194902,32.68927936853502
104.36047054119277,32.725980516776545
104.13273907131244,32.562561216690575
104.14704273655676,32.85245859462757
104.39015177195935,32.918875081447126
104.27715140610691,32.76245293313686
104.36560196449396,32.78050046031318
104.84958815302957,32.58575036926087
105.42106449867413,32.77861731540218
105.60988542721994,32.99101218765955
105.47854533225106,33.04700704026603
105.5069242826224,32.93168465193925
105.45735357600236,33.09974855934624
105.45735357600236,33.09974855934624
105.45735357600236,33.09974855934624
102.71299516696756,29.521950537258572
102.87899375737427,29.536343658036916
102.98990384852904,29.446251276746818
103.17748540290327,29.542856325561758
102.46319680313243,29.84942764956907
102.39397066233718,29.859617700270107
102.41764314158604,29.771388800489234
102.4590098412256,30.144300259309894
102.38800035364152,29.938005208929418
102.57545858850004,29.67295585204719
102.57545858850004,29.67295585204719
102.57545858850004,29.67295585204719
102.74591737958269,29.518274307296707
102.5493762706255,29.669665770656703
102.29538994428329,30.055270722462332
102.418004532169,30.035421365201287
102.35731587643203,30.111151670908615
102.63194250903614,30.399443134071742
102.84873402635606,30.46845822398079
103.02388347782362,30.415399722070976
102.65847439168124,30.30725010809559
102.73084280458689,30.377567506760645
102.65962250053126,30.45849378391238
102.65109355484132,29.95390699746774
102.52891221144623,29.986955311604024
102.58547802921711,29.863785558846246
102.32265673762521,29.994522900971795
102.44592067703509,29.881704864129226
102.50988351131913,29.724247970810957
103.02816067444105,29.562334582878396
102.80701027084018,29.51526414651601
102.80701027084018,29.51526414651601
102.67739951992618,29.67357497624362
102.55276705937113,29.713986613402213
102.97154726736032,29.667087767437362
102.84476324003866,29.624394329634043
103.1840966893386,29.55020596796141
103.14821169488779,29.514948699289807
103.1692784706785,29.45291184346001
102.99137553696755,29.43216711873114
102.79813618538427,29.611378285493785
102.39666134192134,29.911793601607485
102.43750296429761,29.959915043613744
102.99126233936279,30.580170403923173
102.75072409967409,30.813089121138905
103.25978514136297,30.721061438287055
103.06898322385712,30.98439501522128
102.95221952317279,31.198273097771185
102.56821604372162,30.403031333378188
103.16424435814947,30.722275501404354
102.83542413432477,30.798581086099336
103.09141018327571,30.80261911654978
103.29174758295827,30.79873932224136
102.913131092357,30.70568384730201
102.56448167129393,30.376325779634474
102.52972242068509,29.944403358539596
102.53601176601993,29.98611782898047
102.44701979956936,30.07881284564541
102.80477353068883,30.552227075267922
102.7935168051046,30.482328763745002
102.4878806013661,30.276625876756487
102.74687180882422,30.65609865785255
102.90951377844284,30.951878842777983
103.26891995460231,30.928099851272776
103.6083920297008,31.135282225733743
103.26404175737142,31.170626233081947
104.01016661858345,31.829700689188275
103.91796453163383,31.647925636343988
103.71901685276943,31.879414629173464
103.84301889828555,32.27404480771594
104.55053439422454,32.85961397400867
104.04024400763444,32.843447723739615
104.80953525697133,32.80967051748954
104.64228197606296,32.59418761365426
104.35580447065638,32.58939981845509
104.42906663544898,32.90085351524889
105.31217915154537,32.78738129716797
105.18334314021759,32.91609761922243
105.30554814819358,32.971939054153204
105.14196754378331,32.902729855715606
104.2867543559372,32.51740302339629
104.47357706365005,32.10390191301403
104.19634506829021,32.287052107823996
103.9693667504697,31.84350535991463
104.30855712895294,32.26820770534634
104.17376979347593,32.764291461321825
104.12286862485362,32.36243877313608
103.97835498067852,31.610703676197488
103.69044105508246,32.04533807236719
104.05810635234292,32.01713293860694
104.05013253542951,31.688803388015316
104.20508654262787,31.752770498141096
103.73428358441292,32.12724708607027
103.89748093373156,32.4423661505211
104.01060170509275,32.81290035966949
104.1866903996065,32.861003087933014
104.82517627643648,32.81712177226896
104.60033820280884,32.74582250257504
104.68604651182177,32.782020768208255
105.07253602405581,32.67724803069
104.69112336295724,32.52446497974852
104.65165531072735,32.71951514328186
104.02968601735985,32.98101222574414
104.50763273112797,32.73911853122128
103.97868402353858,33.00998348967911
104.4581813011624,32.93316881500164
104.03689706209838,31.98153167987518
103.86973235230674,31.792748970574632
103.96534455674914,31.47784690836532
103.28439762752646,31.352229454522206
103.08956150932799,31.220843291415722
103.02031428321577,31.20661079036051
103.35660152721137,31.34990359968027
103.81607396881301,31.553073111823835
103.78656066766354,31.964286085669393
103.95146443349012,31.921283490785033
104.31866782348429,32.57137772156145
104.66855512387934,32.54651291916377
105.27758159850303,32.87126934605696
105.3715241841128,32.9538448275298
105.31721271544824,32.68161883385057
105.31521598793704,32.639145384795725
105.13134093847992,32.89111796442098
105.51133434874477,32.88076522158706
103.87846853726218,31.796054118383044
103.93665607804473,32.00217288568377
103.74918490243267,31.910001910157266
104.04957622857027,31.75175878142418
103.88349878662599,31.962956917807887
103.86280190247533,32.116331225670564
103.8214719898887,31.604465323812377
103.93550860095978,31.69202325052719
104.13558815101061,32.3530887317284
104.38743670758058,32.89350901980075
103.88935263845642,32.53020204115989
104.0153140721846,33.13608837907304
104.00605856767949,32.93006933893602
104.32065236813999,32.91561762962218
103.79849578479161,32.58390723964213
104.56375246260116,32.70916773593073
105.39597581501836,32.881467185879956
105.01902992643323,32.7051000398379
104.71040341874225,32.5937560274189
104.55612195232392,32.8405746585439
104.56660586130688,32.44535873778592
104.68932255709272,32.62029037771786
104.98641156261385,32.60393595772465
105.30737694033697,32.86272791373323
105.25604931214474,32.81871218020858
105.41934770986418,32.85085067438139
105.36154553684646,32.697050788788566
105.55253134448793,32.96458469284505
105.0092608158805,32.685274558965695
105.0092608158805,32.685274558965695
105.20459169009347,32.59248779364484
105.35543455471904,32.963129775329236
105.45485426073019,33.11991039972107
105.35917679313891,32.907834365535344
105.12586712509345,32.861975063187124
105.34552229157885,32.93292016110042
105.18993248324615,32.83077274416097
105.20830190718996,32.683459002158756
105.00835735146012,32.629440551267166
105.5063250689057,32.73538979625776
105.33819405002185,32.89180191430992
105.11860476731071,32.703359412195894
105.03205066581772,32.57226697798971
104.59015823203659,32.49817019612956
104.66421510593734,32.58417256952616
104.68810684663383,32.72266181845776
104.94786098875701,32.67778536640448
104.67071188940822,32.75936165714434
104.19463537624242,33.02711708629835
104.040455203715,33.157748915720575
104.6811237372651,32.58008486548933
104.6989912898326,32.68898669046869
104.17974571982977,32.251188899848195
103.77402186775944,32.00342048295923
103.97717204909426,31.83573501501747
104.3024897997524,32.879708440295154
103.92169475649395,32.34871248956319
104.236620789965,32.23023117193232
104.13876605638623,32.62195574960258
104.67334196484259,32.72042220938769
104.76425023938664,32.70419602974603
105.36573337544557,32.80826906209704
105.56782220070762,32.95594528255867
105.35165936857254,33.01430979311155
105.31419177477603,33.010512904182946
105.25711818690834,32.8074247132737
105.39966152046631,32.84618389786585
105.62319107744271,32.97918676541977
105.4803085534296,33.10790531958283
105.4837029944778,33.05174969188735
105.4969166529985,32.89087520067594
105.50028202885028,33.037461549366895
105.4892566283164,32.85364705786446
105.34954393689209,33.00787856817608
105.42597938496762,32.749992671795866
105.57911483905384,33.01573872636411
105.15699476773207,32.97075089751961
105.27647105870899,32.632932566794885
105.1033350764469,32.931415289185
105.13685987959391,32.606972165698714
105.24085922592623,32.65744833612538
105.57647768806433,32.84960481733128
105.47112703345529,32.989748087783184
105.63502794984566,32.8550568444387
105.03114588776717,32.73738492808933
105.11360222469594,32.60518181796445
104.74925548129758,32.57365691489792
105.1252067215307,32.94409082889496
105.32609802452112,32.73011012485825
105.44866096474462,32.96056571812611
105.44866096474462,32.96056571812611
105.269760097846,32.76314108142781
104.84759807900127,32.590216243825566
104.45656977795659,32.663223269055905
105.29677763395664,32.78459131422357
105.45044354008,32.85578291862807
104.59396587663245,32.633162649880646
105.25068238592353,32.61447309573889
104.83017634221459,32.49586986511783
105.038457174101,32.658845930229354
104.58661639146263,32.79326933286182
104.36206961384119,32.52099958503577
103.96425529143943,32.32794579120512
103.87471336505061,32.05491420002638
104.28215428601077,32.078731093766756
104.4019840385349,32.5623102808031
103.9693085662526,32.641198324904344
103.96931972604618,32.667386213180805
104.15125396510525,32.161440871197684
104.00872373343272,32.15775101877709
104.03358473324572,31.43459594517794
103.86479669108702,31.98577746528356
103.98441075803586,31.86610518905619
103.81184074885414,31.846143196532577
103.45405435804511,31.371576485415122
103.37998674876785,31.251525970094942
103.38533750704639,31.426403300910657
103.28123504500957,31.2912624909278
103.08359349846837,30.904600293251868
103.01968306661473,30.99011115164109
103.3346444407547,31.336766919640443
102.51168803370803,30.710168625870658
102.32402325074872,29.921094243692075
102.73495464106784,30.813194203127683
102.73495464106784,30.813194203127683
102.73495464106784,30.813194203127683
103.12195873533693,31.092591199437766
102.72059027405514,30.905319016010274
103.16638962570418,31.16579566873615
103.15885604229497,30.994974791983886
103.30263221462332,31.15336767880991
103.08339595268008,31.07546779925342
103.10088656856503,30.708715966416342
102.50756484363798,30.78008989705925
103.2377559925203,31.006821228499273
103.41203059635723,31.340787567697234
103.28414562740014,31.030848045897535
103.42218489057998,30.837726734306386
102.74380770792429,30.362641333610267
102.51712574728575,30.079346346314363
102.60571277185639,29.69857850814975
102.51310090642589,29.691080250788918
102.45157903364026,30.211634389724303
102.5055640352358,30.18734858078532
102.94607548015942,30.53125257259728
102.87819088235813,30.402068288538874
102.96036358568637,30.45443944348251
103.04442225989514,30.57581830929958
102.97623984156748,31.016316699425193
103.1121853049399,31.07643395635542
103.2039828409765,30.807928549390105
103.27622996210324,31.091188614483396
103.37121538367641,31.21296428398027
103.1861686436885,31.102887854782605
102.98987177841742,30.868755379127446
102.5391922062994,30.57898060906881
103.0724342437265,30.916283332873657
103.25232417680805,30.92174293026688
103.09221598789118,30.873004319515033
103.16338271564237,30.732675377723076
102.65419340340151,30.74672629340971
103.15383764155072,30.53826649055049
102.8332418169332,30.679936173141215
102.41591113351215,30.273943621710703
102.69795839558141,30.804678871203524
103.1969073130059,30.733469404478164
103.68941793093192,31.334977507744018
103.85369785072152,31.4772925858186
103.82089476573184,31.381308108862925
103.3350607553689,31.152068211287236
103.12272792008879,30.952616950722476
103.23294331078499,31.2114570581056
102.67658691045669,30.662164679469413
102.7984642534835,30.84074180038478
102.85498758839283,30.812099743779637
102.85498758839283,30.812099743779637
103.22990909317645,30.848597659261998
103.21282208885653,31.253383306749566
103.34736277725116,31.314669758721383
103.82997029758296,31.53887695866541
104.08295624501311,31.56491574183203
104.1595341179837,31.669351452636118
104.01524812292762,31.489749903973713
104.20562029803028,32.841919121577966
104.27870777010942,32.65196172314255
103.9630725436634,31.999991213166215
103.7436470998746,31.849379772262264
103.90938142042657,31.936319518869713
104.00215546597524,31.963450945036403
103.84547437634748,32.58932682541601
104.08288396931366,32.41354763895235
104.07630600835915,32.4173590304347
104.21902154451708,32.75829542101637
104.06761080577309,32.91392442749641
104.18456571468386,32.179722822610344
103.70573445861997,32.01561008438176
103.92827444466688,31.779015560729537
104.03722692755318,31.739522254931313
104.36554653857235,32.11550528254232
104.20981362436002,32.59966835580067
104.54335058265862,32.44136750152986
104.84643516197127,32.55255562427457
105.36982277910838,32.833904194426886
105.60435063271586,32.9678961035829
105.1085017660514,32.67563759409008
104.91808090856586,32.701094766631485
105.41147782703813,32.84748025316139
105.19248185177906,32.69149264813197
105.05148031659395,32.72054012326551
104.4952917948035,32.498291272340396
104.96140947855672,32.5924048311611
104.07348467097906,32.436660249679704
104.01281319365329,32.295278581401966
104.01724895309408,32.93705384737589
104.50091824243466,32.68859799151742
104.36026234892452,32.07743290445626
103.9450568846758,32.34600826470832
103.7974586709687,31.548863672876536
103.90623450365736,31.35663547903904
102.80593335920274,30.714235896599355
103.20146359897234,30.599876834941167
102.71552011930795,30.368099401315135
102.55441664828128,30.257572185994867
102.60167358169053,29.96653860795137
102.57976355344626,29.941498925346114
102.70987441670711,30.61455148646172
102.53222773343546,30.769202635525723
102.84775802611505,30.39310173797147
102.90839140931125,30.82531026348095
102.69928079306158,30.743676981519506
102.98794130854682,30.77944511678689
103.00601700306092,30.94355258074385
102.99056940405377,30.932378850831757
102.93286274775815,30.779235429636042
102.70927647416937,30.677536186378262
103.16123757314809,31.028203989631823
103.07761451764524,31.191863511609146
103.12750944739254,31.28121015940169
103.40064855800865,31.243633537712682
103.26964815651715,30.87371261197665
102.29736556423299,29.87871728165716
102.60376791933966,30.738177893124075
103.10063748440544,30.422617876812872
102.61944031765289,30.55982893802698
102.5623563806019,30.497635700944816
102.73016569521226,30.88737203103141
103.12412259551935,30.933625664925177
103.07966550241228,30.716542833462544
103.30446278947365,30.70782577405976
102.62268419699336,30.18704503526679
102.29066666973115,29.924390284805053
102.4895944454937,30.05649407679158
103.15184684051356,30.778536804429017
103.15187850781575,31.042439815053292
103.0944123918818,30.968587957171962
102.84580148138237,30.927548673396473
102.73422124940286,30.765416043088077
102.6406260757121,30.769144243242934
102.75423239953062,30.600386635029558
103.00889416316731,30.89127801600989
102.96035173473867,30.80586527079591
102.85387056442022,30.567853012026177
103.04819114026895,30.533143199854017
102.39111919054423,29.962900593606744
102.51835200347507,29.93831375620342
102.68792337502958,30.86989437905042
103.10795100755449,30.881984475239907
103.23700970811552,30.695822062999408
103.17100731121545,30.795034557451018
102.93840887818892,30.375224122151053
103.02985320317885,30.68273424620137
102.53448483887585,30.62947770573671
102.62108270594365,30.797672404372282
103.21592068129316,31.14680821138949
103.21937384355826,31.36103483358101
103.21261441114866,31.1550536564501
103.03944802119662,31.1764479979512
102.99079764812198,31.198217814856754
102.99079764812198,31.198217814856754
102.99079764812198,31.198217814856754
102.8203179042954,30.56894564605646
102.62849306836806,30.813746719499516
103.27065943944952,31.004553221613804
102.91359629616956,30.646279168396536
102.8683498602064,30.885712950893826
102.71802331719809,30.855891498228154
102.72891204196999,30.672403781151484
102.87366096805006,30.343333862050233
103.23041738898611,30.821100401099486
103.00615447416685,30.946622592807564
102.63817086800637,30.004654934921014
102.53892580430993,29.987746034979615
102.9000996517033,29.63315127021471
102.94499761007614,29.6446175488552
102.79009427494563,29.63724341342151
102.41029679585245,29.87835450719941
102.57697257601997,30.257677886699806
102.73244823478639,30.325993526397657
102.40770057698627,30.171153970157004
102.43242606088779,30.498308293248947
102.95332337940927,30.410859444683663
102.28863741723382,30.001006099676164
102.52560008539459,29.970763036971523
102.5554521632,30.569913450232672
102.45294271351118,30.262710483598315
102.94299711531639,30.68195667321028
103.00802835527443,30.474640679410268
103.00802835527443,30.474640679410268
102.88029069551197,30.441115038339337
102.37906456888115,30.09662045842323
102.46513219884521,29.962584048573767
102.29374247431726,30.007818487724915
102.34264855999518,29.724964872793016
102.59756564414545,29.988067542900517
102.62486952634725,30.312644058859576
102.85864760149747,30.360758058026963
102.60717459564898,30.660425919249867
102.63679944896153,30.816247990030508
102.93562650733229,30.362526011940414
102.55473092933292,29.85285370509052
102.59328115760833,30.086617706701187
102.54451547084392,30.193597869617882
102.61870005339448,30.33206691955005
102.87168954715465,30.52983394628956
102.48989411515696,30.64739381794361
102.60155451070843,30.306759039130153
102.52434909179128,30.730369687214456
102.49791185240383,30.719045482735744
102.63994561041135,30.582759260076976
102.42215487938294,30.191328249092663
102.67917959543634,30.519267664521745
102.47685698730055,29.891995046532795
102.67960984775725,29.913862824262587
102.33382624437557,29.910395093686038
102.57492411045733,29.911341814970395
102.31407088069136,30.11792113423311
102.52659841504028,29.912818584231108
102.60166538611398,29.998022453261086
103.11542969360467,30.797357424700277
102.54060939082235,30.342359003556375
102.4635731474525,30.603563380290034
102.44750305619077,30.50164939887316
102.31915451098732,30.018114104665052
102.57403182105233,30.32097912911484
102.66220554226526,30.358335598223523
103.31903244643843,30.721469108126165
103.31903244643843,30.721469108126165
102.47296651406316,30.48978171655119
102.6401995551082,30.236943147863688
102.51179826837051,30.634370061794282
102.68878911501716,30.66054191021879
103.16310444233227,30.899236954561424
103.30324527685129,31.087070242808267
103.27027899907273,30.767021073979976
103.23597694416526,31.014811731215033
103.26833298094391,30.93251752767895
102.52543268214117,30.744438341807623
102.44242493750579,30.61572802829059
102.59363587266189,29.988042016441348
102.55477892972523,30.083367933583997
102.4835141264177,30.1637972403646
102.48965466144791,30.310613261028603
102.68283146511499,30.650306337233022
102.81992263654173,30.645984981302654
102.55075865603122,30.508215297111146
103.01346747150032,30.436048066137225
102.85660968721115,30.400862877786274
102.5393962615279,30.398275340902863
102.50738200675777,30.104024093871477
102.40330762421108,30.150921075708613
102.74725120270031,30.737508642040837
103.0757589437853,31.216777260033105
103.04358490170145,30.818479794464277
102.91287720879018,30.499089408821874
102.77619923036306,30.53409352174302
103.40029225942173,30.839518160680257
103.05546010605421,30.66387194098783
102.83375076472504,30.72466045174027
102.96420003521588,30.900246964406577
103.2849291462477,31.07433995161987
103.21718532908535,30.621886304017607
103.10862403876567,30.844057720313412
103.02859293214972,30.976328730669625
102.9548540604422,30.853319332294916
103.1881529612162,31.241055601795306
103.36636696196628,31.331002635493483
103.18602569532237,30.796809637715455
102.60625087892541,30.334783235450935
103.04890712279646,30.812200873741446
102.85071650167198,30.769471034249023
103.01195734460259,30.552636417371815
102.90008133130058,30.487342622202988
103.31653961284852,30.89213932112842
103.32809146240217,31.392678645156177
103.3177357563826,31.129416285553674
103.26584657424314,31.220137234942868
103.89515838865084,32.27282910632822
104.25396774819363,32.336616835063026
103.91927214827575,32.076100711119715
103.85740967234403,32.007010119546166
103.76490208747326,32.10001001260461
103.80877801206078,31.89631025662894
104.57854794076192,32.67199043283751
104.44767152188146,32.120226881322154
103.85366091197189,31.986528042603833
103.79446917101123,32.1154077924732
104.02780640890923,32.43187136243492
103.55515440909835,31.195128623189582
103.56378841460283,31.11501740432236
103.02986788742952,30.95150224889012
103.29152805357823,30.988151178978015
102.95553082544446,30.840876307196478
103.11190220642679,30.74575179352401
102.60934049134116,30.700482401974877
103.03367374605783,30.656718055164042
102.67965209665309,30.85621688706363
102.5350759954208,30.716226001680024
103.06383445540857,30.430694383828907
102.68855017056299,30.696320250540236
103.24484717408077,31.13219041614091
102.66523643788175,30.714014893344505
103.19251619399652,30.57798388435942
103.34325780442452,31.127308816985416
103.13274979472848,30.951515504511015
103.34554019209322,31.149254095589164
103.91232202783252,32.158507191551365
104.33961995299502,32.29759510178461
103.9534117165337,31.947885984659845
103.99469899771671,32.413952378731956
103.88046497069577,32.42616607851339
104.084981042879,32.36671786926506
103.9683486184982,32.77026664927274
103.93032362086957,32.848546911746
104.65898126894992,32.79673660981745
105.14312847348424,32.699141031941195
104.8767917219914,32.61964944856998
105.18249642096488,32.80426024946454
105.37539359909681,33.028636394395164
105.15191392546417,32.90697531525875
105.4053445839145,32.776124341751355
104.91752249809215,32.700005522598644
104.22173509339112,32.9250177403198
104.18114430728752,32.995016580667716
104.41840426011649,32.95847968969729
104.58069116456575,32.48109671701877
104.10140422241844,32.68439053219807
103.93391054747725,32.867442823126325
102.3380730790577,28.874667315971415
102.248744791771,29.049665114683116
102.248744791771,29.049665114683116
102.3647042877893,28.99941491371377
102.3647042877893,28.99941491371377
102.24130061277391,28.997711148705886
102.38339227585668,28.888615644429013
102.43225092085208,29.01695848206534
102.43225092085208,29.01695848206534
102.43225092085208,29.01695848206534
102.43225092085208,29.01695848206534
102.43225092085208,29.01695848206534
102.49469942225335,29.034438902079366
102.49469942225335,29.034438902079366
102.42839403252121,29.07243730061737
102.42839403252121,29.07243730061737
102.42891898509433,28.952627749313923
102.41841444242618,28.92822007093857
102.25876681806147,28.974092511916407
102.41896578697443,28.91290596221368
102.35382193892764,28.940828995904546
102.35382193892764,28.940828995904546
102.3263137497822,28.89082142100563
102.4259866172991,28.90558144623226
102.42229837097106,28.85745510608158
102.32529333398637,28.9884295741288
102.31335653296463,28.983488476349052
102.22695388728857,29.092607618030208
102.22695388728857,29.092607618030208
102.22695388728857,29.092607618030208
102.22695388728857,29.092607618030208
102.22695388728857,29.092607618030208
102.22695388728857,29.092607618030208
102.22695388728857,29.092607618030208
102.22695388728857,29.092607618030208
102.22695388728857,29.092607618030208
102.22695388728857,29.092607618030208
102.48246427978982,29.036672248935055
102.48246427978982,29.036672248935055
102.48246427978982,29.036672248935055
102.61696980181807,30.213545844694373
102.51239392967483,30.11272569345196
102.35557093519523,29.911820627768055
102.30358396302933,29.832996180041214
102.69986157657853,30.867494312308512
102.93915702631101,30.753776405577135
103.00808690418746,31.218412489222256
103.21706870277968,31.283088156369963
102.98526359378222,31.220063470878344
103.28637056036122,31.351549350334764
103.22298474651927,30.770521860767214
103.17189759575488,30.981851644246582
103.19776901296592,31.300511167893077
103.3508974418383,31.114539805562142
103.10093189525749,30.92978976766305
103.3384163458735,31.283785016165957
103.24614012784505,31.08965197319544
103.31648417495069,31.16403239655849
103.64857032143222,31.139425209214163
103.14881776701496,30.63429231742194
102.74165960138208,30.66202699738022
102.5029669187889,30.376654659712553
102.99188889206935,30.407311138556217
102.56436204976859,30.687544347886956
102.88798008851029,30.696532179841636
102.98366090658956,30.667056582106436
102.8761811339793,30.86292724197343
102.75079380459442,30.87099955173621
103.11631459117943,31.07636891913626
103.48342684967498,30.94207718342178
103.59388476301027,31.166218642702276
103.25361631601527,31.02528798935459
103.46058446653393,31.37379665900833
103.59198333796685,31.34043639514136
104.2637030256208,31.758669480123476
104.2637030256208,31.758669480123476
103.89890161867835,32.099780487892325
104.24225614387146,32.33496360911859
104.07321811418181,32.54771430572979
103.72141549141165,32.041658406134346
103.7289175797146,32.09754162663465
104.47725118931605,32.59716257557551
104.54823216564417,32.80962742557532
105.16738554149207,32.88504144321347
105.37387112214094,32.91196011520039
105.29590426588682,32.86412339417206
105.31167618564191,33.03906957676356
105.39324574012458,33.15163225220146
105.5036511239696,33.04749009776372
105.29976194153947,32.709123284165535
105.31534064429138,32.773001999003164
104.89746237169032,32.54975039439909
104.45466107140327,32.615663440279896
105.43661407400664,32.7407248022558
105.16429463438018,32.92422401573991
105.16429463438018,32.92422401573991
105.21494716404422,32.82821536975516
105.47579265643769,32.81202163340559
105.10028249148044,32.919652286533605
103.89565386733265,32.52351457402481
104.44801124161256,32.667171357155844
104.26739257667428,32.254639980042604
103.92744355379637,31.687706970795798
103.98001260786477,31.658449367827387
103.6782113585043,31.93104652789341
103.79298365085384,32.0898815629321
104.26528772770581,32.624988020962014
104.28056700113838,32.09974946836642
104.30329869372774,32.101080040768686
103.99001311237947,31.902636774061477
103.85889700618135,31.525170976681498
103.64138575395367,31.27678086583123
103.27729675153756,31.30191253437077
103.61611413743196,31.118186468347798
103.64289672398354,31.206231302392137
103.1259629916485,31.17462232263222
103.22160237227475,30.7269806845533
102.70508213859203,30.347168791923753
102.8855145405594,30.377075593444264
102.92450418436592,30.491628222815706
102.76933654566243,30.692327118972816
102.96704675961958,30.792190940053707
103.38062322689522,31.16857756967758
103.21775915638248,30.98565045794615
103.46489072322565,30.883568994775906
103.28432631118123,30.780949273895967
103.2825596956395,31.37610837669348
103.2072943103592,31.267197879525966
103.60044488483265,31.265284422529632
103.340743749311,31.226023130269652
103.25311597500468,31.28684272478692
103.86735427171962,31.525984460885127
103.97614369726891,31.38310481971288
103.96178167295,31.61495486362331
103.8840285760427,31.404533218975228
103.70127720855072,31.374282745788427
104.01969519893092,31.57809051634978
104.35631958415864,32.07513759592182
103.97093902635402,31.961951253829596
103.93576132908728,31.53282799757817
104.19963908070673,32.10921246518692
104.21717113527743,32.28731161881078
104.49965417655254,32.52928268410813
104.59404414151534,32.46383732781556
104.77879235220665,32.76451867965206
104.12180209779994,32.68455102143334
104.19398633144111,32.68846771427143
104.34172929223122,32.77237777484079
104.41739707253905,32.723780456015284
104.16099791484119,32.18241029876101
104.19920361076449,32.848237647627215
103.9341282259026,31.698917168030356
104.218393225151,31.762275966227282
103.81547948131336,31.29238711377833
103.75456179111023,31.265105232961524
103.75456179111023,31.265105232961524
103.02158941525235,30.458502590572948
103.05616715452496,30.946566242943074
103.18778129836474,31.15371685442778
102.77834935191288,30.865024069205724
102.87022307829038,30.867534680440773
103.11402260541813,31.159690038406797
103.39659672419367,31.108752318486182
103.55559117291759,31.22884649259404
103.41060562180049,31.108320197097267
103.34765157221283,30.73198874694527
103.19777717998035,30.607790309145106
102.71614486021679,30.590396613528668
102.82347485251404,30.6725558133005
102.83816975057506,30.863985163227248
103.14791638287352,30.635473060915885
103.32605921033026,30.775184809940658
103.40378406286838,30.82021978524655
103.22810419704565,30.797299099680828
103.44484775419026,30.82171323707644
103.37165341725655,31.25549770112646
103.07777645324751,31.003682900477358
103.0123621248106,30.703771368197476
103.12535972432329,30.87198170333782
103.10598598115732,30.76222678093441
102.91110026964022,30.85936773982817
103.10731342285465,31.17553566410547
103.3065535951517,31.106549050411974
103.75292316720683,31.416563403625013
103.23546737369853,31.081092759351193
103.05257194838784,31.23419679559247
103.16624562485883,30.679431312387404
103.27571376477981,31.009595319983482
103.66840119057305,31.24684664165554
103.58685166378218,31.262548837781463
103.28255880996973,30.94736247606614
103.49692630196091,30.868908649190733
102.94972533229205,30.94615038294174
102.72861221361804,30.633651355158843
102.88756438197788,30.776959776667987
103.21927833132843,30.81723831370626
103.33658204253109,31.022676366309287
103.29312817009338,30.826232825646308
103.11973774728175,31.08877868019839
102.64076376947828,30.202790553611614
102.85387564834878,30.711528678512465
102.73741879001861,30.692978529888215
102.78494735563696,30.450821373554874
102.51772362336169,29.95828334655288
102.37939100952701,30.03669906745333
102.67953403297959,29.657293716729445
102.71769521151828,29.581223426423037
102.49210759570981,30.053598857146458
102.70408193231401,30.25677356951392
102.48676678319805,30.44724640544491
102.51887007230205,30.254958219184008
102.46170303629916,29.95507550778879
102.52643911456732,29.99664571355804
103.08395188732631,30.61676666413724
103.52975794378135,31.07899604866391
103.64073142404656,31.228166859368134
103.39805986142999,31.3229894651132
103.19943393235678,30.98920226693088
103.30425518012626,30.63096077515887
103.0951299708015,30.886037286473307
102.99067652368744,31.29293732101673
103.59813033345871,31.20865274979854
103.70148900582774,31.194004123214278
104.06453143041381,31.433343102042116
103.73514990009146,31.812805432564215
103.77822563395138,31.4543159694724
103.7888336153475,31.90221996259713
103.72718617791735,31.388181849721047
103.34184696038467,30.878949705613017
102.89221043661371,30.35403241155015
103.17117799954576,30.88244733086185
103.28958477599616,31.186008060139518
103.01804066244665,30.563053344874657
102.87985058423845,30.407152106944842
103.17231552940922,30.611632604201695
103.02116444411499,30.88966756744722
102.63736051904333,30.201246998830896
102.44309479759234,30.439391205938406
102.78541320224522,30.480255402476264
102.61704141392711,30.551122503986424
102.67637990857015,30.522406778234338
102.49171999778792,30.18342527785771
102.44106930406554,30.48645320806102
102.71642038306754,30.587824349700632
103.05909713529171,31.195235616261197
103.29204416477268,31.169528021759447
103.07725695576795,31.172897870125176
102.9948854005249,31.260729165135835
103.21845396749222,31.369448654305494
102.9779567012489,30.867622337026464
102.90715306609464,30.92946116188703
103.02899533101086,31.06697358351082
103.0323084970974,31.261892810306154
103.28623313148962,30.761921362712087
103.23693789013096,30.74868624990762
103.1294377939213,31.20834318891472
103.64937698310372,31.254109483431264
103.54813856391638,31.221365260812835
103.2708645866336,31.329316851081607
103.29675295111554,31.159909082538405
103.06633035445849,31.132032228456875
103.35816510478087,31.118679211021497
103.47370873357185,30.858101789525232
102.8304840449028,30.757203150043193
103.27793155977777,30.97942393367953
102.65463476807325,30.178580175721272
102.63515097372074,29.956613536210742
102.27785654423134,29.88071134488664
102.531745283307,30.354954741142826
102.51446541764523,30.35560989617246
102.66017134824101,30.529271834301866
102.87710462196557,30.8594040259284
103.27818448155521,30.830468886153866
103.17767195169314,30.795546005962173
103.11303276225028,30.600113735096432
103.06323380488826,30.67737826981455
103.15678068164321,30.501746739141396
103.36521697132602,31.292146495024475
103.3478215674359,30.962234146564455
103.02787633293329,31.130585595260694
102.64452539383787,30.602429861567508
102.94179055729917,30.479265584820734
103.07955056310333,30.414587357969776
103.1649267813285,30.652549827712377
102.63988794360469,30.337146051999973
102.64381745504994,30.136344916861756
103.13520587475992,31.274932791746075
103.15707708411134,31.265461478292657
103.0132854888201,31.025180493698883
103.12016381007194,30.985845849002267
103.80058095204384,31.346104064513728
104.0386648933824,31.475234595981703
104.01910146942615,31.59828353930467
103.8380649783008,31.342876567798427
103.47538380420883,30.94291848086398
103.36857106713772,30.73021021843934
103.0826611276598,30.708552820376593
103.16670783204775,30.738115883591934
102.74517564479537,30.18690484222669
102.6005129487404,30.229589513816453
102.39287364602674,29.77610140460053
102.54646529938411,29.933528297779286
102.77426805742775,30.851270446083472
102.91559041119733,31.192954316494014
103.30488969473325,30.991387058710234
103.33093072234144,31.16585096949421
102.95512731107313,30.53630050522964
103.25311674252359,30.645861660869343
103.37638738758582,31.40917495205033
103.56857298631319,31.32079342687544
103.31861305716936,30.893718949656872
102.68121101112568,30.503312524861922
103.08354810622524,31.104503007356296
103.08354810622524,31.104503007356296
103.3355273996078,31.389844240638915
103.00000297029548,30.689178491136452
102.98840669233418,31.045908659260817
102.59198779658735,30.467065815808745
102.59198779658735,30.467065815808745
102.95950685388743,30.395289927433396
102.90795360059805,31.113934399207498
102.89356423836894,30.767871467025813
103.21570832615444,30.7208422551891
103.0521871945027,30.779036302470125
102.88670811647589,30.46220682830733
102.88670811647589,30.46220682830733
103.12190283254824,30.917151294448395
103.09179064058195,31.08861895336062
103.15856435214383,31.070546449901
102.95550395074913,30.813096491190752
103.09219852481613,30.87024801527297
103.13986062248289,31.174990108207165
103.8730466623777,31.47551186000034
103.85649790029582,31.625616294451678
104.00941064932898,31.87761508023029
103.92886142491066,31.659139785420216
103.6646506085808,31.33072474524864
103.6646506085808,31.33072474524864
103.6646506085808,31.33072474524864
103.91787216253688,31.366945072065246
103.98145811420663,31.52559726773702
103.70638778105108,31.357236351128055
103.92856469668688,31.542039175470645
103.90051234056759,31.91109085666995
103.80424298284346,31.914512513978345
104.07583043953053,32.259880129370856
103.92351840348637,32.260313910847486
104.32400046304036,32.137505157523094
103.95365753824454,31.97425810607128
103.78506271080336,32.07786685961006
103.91464399687916,31.85546607140342
104.11009081662216,32.27418730764739
104.14946270113023,32.311631296809836
103.81107007560028,31.985649149101143
103.78059097504608,32.05445152127282
104.08417734770227,32.326238177254126
104.08417734770227,32.326238177254126
104.18298637087416,32.80829758963024
104.0496617510368,33.006956171414394
103.98319911629432,32.91529163958718
104.16371562084613,32.7499234531406
104.06259266635128,32.64196166279533
103.81152769962564,32.26912558743874
103.8905697187326,32.846317446384425
104.04100471098246,33.015707882724094
103.98645231519691,33.05707374664081
103.99465257483045,33.00265432799072
104.23831343105199,32.809217128752046
103.94937303769912,32.39223876926951
104.36203232572673,32.10767902478236
104.26814837560842,32.19867091264542
103.98278495484918,32.8210924417046
103.89418935423777,32.68798692192461
104.33789756684506,32.6297657407929
104.65331217499234,32.73337566729962
105.3411060018673,32.70964960050632
105.19382521420111,32.59770757415075
105.49313150630458,32.943286132125095
105.46728338948725,33.09188545019017
105.57654058323834,33.01596162409206
105.3629967581581,32.966050171410124
104.96013133387241,32.55050337001806
104.43104167661315,32.65163691124966
104.1523334091673,32.893296214008984
104.71168501699572,32.76765500533648
104.85560845672636,32.502162545017796
104.67733900411461,32.60423092548251
104.39231650388197,32.52223027507681
104.5473984669145,32.81296566301625
104.8536459774079,32.554929013740484
104.61884860649182,32.447075788263604
104.065780265366,32.62329028030165
103.8093655075552,32.600529571301934
104.2837600076341,32.663326636328016
103.808287239101,32.325801646001224
103.92549368928665,32.462813874164276
104.34395542598732,32.264025976481555
104.00133353961655,32.07090060908146
104.08437754626736,32.007528250833616
103.92700851314993,32.714047024330554
104.20682659246265,32.75517715519308
103.92879692718246,32.16567097025185
104.02123874018893,31.699331036653295
103.79709362210139,31.909720646336933
103.6367769544676,31.351254639309662
103.82578269505335,31.29169453180595
103.42185584919932,31.197540627716663
102.94340609917688,31.172237966253345
103.185628509248,30.774447103849145
102.78402661292763,30.87549803649377
102.90039312279697,30.738992450101488
103.03728759753642,30.826121373063003
103.26027032295198,31.1376059771049
103.11346768255792,31.024104445129705
103.29205414681456,31.073610637638758
102.76865607481133,30.751369289032343
102.70226417614566,30.77148051971168
102.6984169021944,30.796603381835276
103.00957947773398,30.55945024928368
103.03791201986694,30.705827257903376
103.05926005083185,30.600984690164946
102.60342893693526,30.833845468003382
103.1757890430264,30.950228699168324
103.25204294589507,30.974439224615065
103.20683880432503,30.840320507083025
103.0739693774333,30.89073439227413
102.9341609342474,30.79268992476303
102.96021476022194,31.249849034801624
103.23348450866082,30.785929431929
103.39873566647205,30.830880955460245
103.18495617248944,30.613919705857352
102.98500176043414,31.098030805727696
102.98884817850204,30.723567962215284
103.21515132478109,31.259076119537085
103.20608420230444,30.99879039414038
102.51813073255991,30.49808516929523
102.6520933820879,30.508726840644588
102.64362221945377,30.01770847427544
102.47813133760208,29.933755035554565
102.73366866587956,29.587914661540825
102.42663663782095,29.74616395792162
102.45059089713843,30.52457588968614
103.67164189056196,31.179467278774005
103.71897981587296,31.23087491816351
104.04563683143547,31.45430399684505
103.86129619595891,31.766059847000857
103.69723087970146,31.983283826523575
103.952267385771,31.91377569242024
103.80923143077834,32.32006965633245
103.90166703672385,31.791010927003242
103.23052106373432,31.33020146757473
103.09939890264722,31.179988795705146
103.10119029629958,31.22816830090252
103.43446065639185,30.869594592743102
102.89639851022642,30.374749874874805
102.89639851022642,30.374749874874805
102.41875784915922,30.215518368198072
102.66151255527663,30.15370994544898
102.36766847076657,29.960164736294146
102.36766847076657,29.960164736294146
102.59297923151914,29.84070083960611
102.45585542289575,30.249441534310463
102.56044900295346,29.93907926748761
102.43656506581698,30.272027000449366
102.42101801703171,30.194217271673498
102.32808390080507,30.126912001137775
102.32808390080507,30.126912001137775
102.5078988539091,30.16734585698942
102.59511129680668,30.187569194590782
102.48606884387213,30.306936820814705
102.35425468495173,29.91889836619111
102.6729486462529,30.372649030414934
103.32535339027115,30.87334225608568
103.78253052265694,31.471919929041725
103.62588072318201,31.194621787566945
103.96588523428255,31.64327294200557
103.96727623376164,31.37335944631815
103.84990887312665,31.379755699838835
103.82967625840328,31.579328735137057
104.14241672742038,31.64307202270637
103.83432001920733,31.610553888800037
103.90423437967469,32.00105875038263
104.31632407516358,32.04609706775667
104.11064473118843,32.80016410449388
103.82410172171491,32.3896819260463
103.89691851712823,31.93536774112733
103.96395521554501,31.849340972811984
104.23951188381702,31.752824639543118
104.23951188381702,31.752824639543118
103.74210644205509,31.26136068184932
103.48924969993267,30.86906080333345
103.48924969993267,30.86906080333345
102.48265678004759,30.776898627678626
102.65268234523002,30.229085526307433
102.71134255204512,30.748068400118886
102.88443600984431,30.37930856786193
102.97094280650343,30.45720196334145
102.99540764745488,30.481691047613477
102.97247562810324,30.895929450864173
103.29975916240018,31.05338156164118
103.28244879770408,30.767540510297867
102.66506612170785,30.78707159702006
103.18005680233297,30.722948202111496
103.31886078873482,30.68540355948058
103.15847179710106,30.835140373020657
103.20528122862233,30.976595556895074
103.09826502414367,30.584014336052686
102.56654797578176,30.57955329666088
102.59914331240844,30.398902714590722
102.92243930554832,30.49065424668911
102.79628563535371,30.448704951084455
102.7194530788378,30.61254304618743
102.9188238187517,30.452027665497802
102.91529504317619,30.651131995136982
103.14939751698932,30.824930849925845
103.31551350576193,30.719704697301648
103.35306307615639,30.733753691513417
103.15208752707859,31.013766936848853
103.22492064306984,30.958217220287594
102.68610225266858,30.851478436022624
102.59315777014912,30.85041009943309
103.22152159751633,30.835008309394265
103.16823413766564,31.092548679876852
102.90451807516598,30.46487637721696
102.9204700876299,29.534065042841696
102.8879060340276,29.519447096206306
102.42884891728585,29.796020065067758
102.44795385036575,29.80594592194171
102.37319622079757,29.879684312976078
102.37319622079757,29.879684312976078
102.59261340075182,30.214000611841684
103.34264411746872,31.289966640414246
103.34264411746872,31.289966640414246
103.33947843010692,31.07515311566531
103.01583465529605,31.15291108475517
103.16905495216402,30.881482858755543
103.16965985159096,30.766016120568104
102.63267998243168,30.29616956089071
103.15546508248848,30.803025615925147
102.86754917864643,30.858647264592175
102.81459164816434,30.739499864000962
102.87132622802064,30.728505761052087
103.01284910155108,31.172022141896772
103.42303400850665,31.343317474439527
103.20085841536087,30.69327782135454
103.34658176508296,30.957905097084666
103.26213160280419,30.876837905389465
103.10561984345877,30.71140473015174
102.70535492640717,30.867316109543562
102.63475612931954,30.563102689191687
103.15508456258114,31.00236839183129
103.28664536942726,30.92653726632662
103.59838714924614,31.15969330275645
103.67144239104975,31.276725146722143
103.85050450650978,31.521578777434325
103.6804698748395,31.313874843923927
104.09454591614187,31.725053427315007
103.86814482754276,31.855962179347728
103.86075035741345,31.847544624762634
103.95276543065171,31.45312719638717
103.81731852301536,31.497869825512478
103.8090740940981,32.08082216181403
103.87277019967252,31.803822604536606
104.11826904601126,31.631301778781555
103.93124613906744,31.653298931567992
104.16365390697275,31.718020506822196
104.04381130862198,31.74148571253735
103.84957910367508,32.29294428096499
103.84957910367508,32.29294428096499
103.93316404850688,32.3519383382636
104.3420953954861,32.182432472246674
104.81821538018603,32.50952171690731
105.01175798931833,32.7541478866626
104.5424518790846,32.59310823680818
104.57996613490675,32.5485101311108
104.7801339443822,32.720037946926276
104.63817022606986,32.69821989018301
104.02436840958245,33.0539214346512
104.04790874547092,32.896295322755854
104.04497567628626,32.58285632213998
103.93273251848666,32.283590106390925
104.18796469097846,32.99628660232075
104.03490881926109,33.148980781415055
104.49838008413056,32.93389884636413
103.87966207269868,32.63829527096919
103.84963372661876,32.30315137225327
104.08172790765065,32.38718911933221
103.95764325176673,32.297521368520904
103.79675108359339,31.769181047141092
104.04745618079176,31.938607303266977
104.16474627416616,32.611677100169395
104.02940418072862,32.11904146692383
103.88057288339105,32.35428218377632
104.21570486050005,32.334356947177326
104.05259742058112,32.04210892072988
103.82103667732157,32.5070839764124
104.56841567241098,32.516838653994945
104.35693056532415,32.879996319055024
103.9541336068648,32.484944315584585
104.6836423848349,32.68150235424593
105.19213634152514,32.69272171908525
104.63559374606876,32.77806463763998
105.46308775727033,32.84100745466
105.14654874953685,32.66005875435496
105.1401285422837,32.832295810403835
105.43442427735171,33.15246557950345
105.13016275557989,32.84972157655853
105.41718405970234,32.95432006173351
105.5069366633718,32.764491192692894
105.15302750666034,32.960004314278436
105.2702922544004,32.84199752395686
105.11160079774841,32.863823994259356
104.78721187543839,32.71496266074539
105.10879416081244,32.64772777709567
105.22875138440483,32.86058122459009
104.91612774116331,32.662047766785996
104.78112781853852,32.48524242623678
104.61328456743227,32.464472494055386
104.68159673733788,32.47123988337775
104.23226893101416,32.67857168086648
103.98966587746577,33.026580181069754
104.45654916385561,32.61138815965315
103.97593226080684,32.487513776562125
103.89424994665524,32.31553898540908
104.35596554494518,32.95714006699483
104.35498683336544,32.543129614693726
104.12323546509681,32.217842470219985
104.0431575470901,32.28957832909525
104.09272531366096,33.083004001379074
104.06475118739543,33.179314941192416
104.06475118739543,33.179314941192416
104.16235613046457,32.71215934329343
104.05812301376368,32.471957848724855
104.28941878475271,32.8143784950918
104.28344742284847,32.84448146586596
105.0105550690226,32.629749211415216
104.27062036907245,32.91990185781507
104.38464581181408,32.89188997660596
104.1200061311535,32.47769736363516
104.26046544504015,32.34417561666696
104.35601862145617,32.273870937744235
104.12403501070904,31.68769629077424
103.74101933493502,31.947878890470108
103.88241320132848,32.15172122708827
104.02964055668906,32.14364069880355
103.82853960723291,32.581971004447176
104.51694079278057,32.85865821034335
104.81964468966407,32.54314745449699
104.79775810615891,32.51075100227423
104.57012118947334,32.732381371035984
104.49872919182262,32.83563272794359
104.98018119509007,32.576067567352254
105.0836162244526,32.55568649686798
105.21052807662662,32.85258977452253
104.72849084099256,32.63033385776563
104.62687998872912,32.869682829893755
105.11308514523117,32.573093935572984
104.83108351099978,32.59075123315048
104.25138240416659,32.90159716158515
104.12292761964154,32.63610709398063
104.0498567518944,32.70544255715803
104.30660457282278,32.58027170136523
104.33613462097203,32.91333436495711
104.31083282946234,32.84696538038324
104.06918410629979,32.81802718812172
104.16208077065583,32.54590250520145
104.06975186709452,32.13468766063867
104.03363480448526,32.049763252505144
103.94839927611244,31.6665262333044
103.98211184528473,31.738388054352498
103.25022661868351,31.0982597891204
103.14016483552435,31.26513833025456
103.32794724561236,30.896119730536675
103.22373500637218,30.70415951847126
102.86686102833205,30.798695556820114
102.47726703520014,30.334310715018116
103.18653301325128,30.753961615738405
103.16477528372533,30.708159266378235
103.31588443502245,30.680880890588387
103.11778067915674,30.613903597176357
103.09106421387489,31.201445647223057
103.1840021053009,30.953866856826565
103.24101753201637,31.174629083724934
103.69827025513591,31.18550865069951
103.35856748176992,31.1598886199571
103.13181942940864,31.135641597543703
103.61614392255412,31.230225650567355
103.71124818218183,31.25931128331788
103.25354523775037,31.18050252913147
102.9544412307049,30.88893184552585
103.427056476315,31.316442537385406
102.854297432602,30.608831865500918
102.76443089615258,30.188698561005875
102.67751143132165,30.128445341538324
103.22998392728856,30.80683198896378
103.06297028435725,31.11783004237627
103.01813276677078,31.27596369336137
103.21871117014796,31.362821900871737
103.07811234924058,31.22736972306617
103.29453529422327,31.095598182444864
103.12553893322972,30.95278904146345
103.36711336010468,31.04773086772511
103.75263517996987,31.28793131176987
103.81726014985153,31.318029914068305
103.27386872677208,31.170013075907917
103.20375969706444,31.18217350895672
102.83990188731973,30.82424133532763
103.3244992641388,31.140883605892782
103.11809888316357,31.080120563055072
103.04541022039697,31.27117408610789
103.38411462297341,31.41913626752325
103.22475149101612,31.349306670727046
103.22475149101612,31.349306670727046
102.93514934913664,31.193687957656262
103.37102692762956,30.864581590500414
103.37102692762956,30.864581590500414
103.26345259550605,30.90506297447107
103.04239350691078,31.254346013839147
103.03549009838511,30.91846632162222
102.87930664792171,30.43487379213733
102.69092013961048,30.631971043048605
102.51455941511851,30.745940347265194
102.52329490741194,30.428872393499855
102.5193501720694,30.593431291097023
102.54860873305381,30.337001852178375
102.42205746746727,30.39076823624487
102.81528405534822,30.89447131313496
102.80266084737693,30.582530123687416
102.54114715219359,30.746299254948667
102.65134839925018,30.697284467992173
102.83008852808497,30.47734250283192
102.821051190248,30.517553258266513
103.83037759616404,31.29697018351613
103.11935685241504,31.190917652604835
103.24542846195148,31.347057354622947
103.33596603676556,31.303158734175675
103.21348510984622,31.293155477658743
102.97662615038084,30.569534907023762
103.03688751309923,30.771739929874588
102.68382211622273,30.504911683854463
102.91402059799599,30.421597072467236
102.76919473044262,30.797943487466018
102.98780480236154,31.203504219798056
103.23435961304664,31.12891325806243
103.80044831885692,31.428722781117077
103.81510958498568,31.468536874661048
104.27005317188683,32.32443412151104
104.07842528981625,32.17148634710709
104.16266690584168,32.43130721488783
103.6755906077342,32.040200358229676
103.91818292833644,31.8896178164367
103.96664147159407,31.829267445461944
103.92694905599231,31.875469216299944
104.02367112338693,32.951130988817
104.00922099217738,32.935885015331586
103.97719135412287,32.701186717680066
104.0669669773821,32.08114425725582
104.52859737888757,32.73685682713156
103.91967956891583,32.633250046617235
104.35984767347534,32.9243378607601
104.41060169670622,32.64750562980124
104.95242770589641,32.70257163634528
104.66774085626805,32.688736008472986
104.23231707230242,32.64443384441586
104.93829607342117,32.6636585538048
104.58561653635755,32.49036652622126
104.85907853067478,32.63915508221375
104.37830982473757,32.500689151358856
104.01228553177017,31.91169399664033
103.87703262567777,32.649594544167336
104.72119895955454,32.696438493022924
104.15083042108398,32.67654148830303
104.4462400078817,32.491826839216195
104.25552513193115,32.82934846328872
104.43139854693544,32.671518399962764
103.99578316165514,32.50187357950132
104.32330441411696,32.86155773411057
104.42811514032162,32.95448248002073
104.1193830623532,32.802796233957714
104.20271635919048,32.99097250544318
104.04887112967599,32.695558963934694
104.14626267405647,33.001228565066995
104.0925454762404,32.7340171584955
104.1566718816543,32.612564416439994
103.86401062646254,32.59501864637448
104.13737666968203,32.9471640863216
105.52639795649598,32.87958490437256
105.25251534332354,32.68409050320351
104.81740866089729,32.51440121282792
104.34017476814216,32.976133745923455
104.49548691334985,32.780170314760596
104.26815043927272,32.29833453716416
103.73880334314379,31.955315873691376
103.87144197002361,31.401592944125444
103.94861423840854,31.490031525656505
103.77575766909838,32.108311739132695
103.95893480835322,32.025357153371736
104.12681186170586,32.24652062277905
104.13427529956893,32.22639002962226
103.84804502293409,31.88660856576808
104.0457738172052,32.41670631832464
103.78373183715098,31.99014833194763
103.86792960664694,32.64204355648022
104.27330340389393,32.9926262260004
103.99680354343904,32.80738969814213
104.86261956571572,32.72485658342444
105.10396655041409,32.63809031493809
105.10737163585456,32.87972758350374
104.87042556792365,32.79009758600325
105.01919426176633,32.6373308020487
105.17491515752431,32.691186205250986
105.3057289966477,32.75972821463777
105.52262660188235,33.06167367356356
105.52537176572197,32.84370193662588
104.97428143737993,32.61087253911086
105.46022203863558,33.10003745501298
105.54296162049368,32.87963518928919
105.54296162049368,32.87963518928919
105.5696039728324,32.92564875467964
105.22885353629754,32.88411752621925
105.30334631778499,32.876996741266204
105.41860595180174,32.863633630750854
105.38523511528035,32.927546571037375
105.3082621737737,32.71872785205037
104.8643287996143,32.64337034359861
104.34732642615243,32.543481176269935
104.43994602642776,32.10931005512209
104.43994602642776,32.10931005512209
104.43994602642776,32.10931005512209
104.19313635289706,32.239797579704906
104.32918609438586,32.21884095877263
104.6564647760683,32.6882264105955
104.12036072496755,32.77590718276778
104.0043370332197,32.66242016386494
104.48899356615564,32.8524019052355
104.48899356615564,32.8524019052355
104.2772426000787,32.850899837545654
104.52341443988576,32.859923543596366
104.52341443988576,32.859923543596366
104.06448951043554,32.69661638808626
104.12509639437407,32.913289384853044
103.90582889288747,32.217547048221824
103.829343955935,32.51604311357651
104.02150663074005,32.85086190820206
104.35729420212952,32.80969883871037
104.06605437966601,32.874945982496065
104.26279351727936,32.522405046453464
104.81746016113952,32.61374271185537
104.5967237075446,32.86769726042345
104.11966002768963,32.6406072027677
104.32108909509832,32.87481455827223
104.29775725902807,32.69154170444865
104.12978179400076,32.52866742001145
103.89064529791399,31.881389500808243
103.89900118292108,31.865497940860912
103.72944606422207,31.840376328191066
103.97391015409974,32.199901757917
104.30957255355312,32.94127651689843
104.41978681237293,32.81057027447957
104.57136286485371,32.74981604528104
104.23867410117188,32.64341494055044
104.02060677942207,32.657624287142895
104.9290280283844,32.71384283593819
104.61937676693154,32.48848775936366
104.706566048724,32.61667392724001
104.36343430520274,32.05442318696079
104.03040035094706,32.63462130737607
104.0384965019063,32.18326603648285
104.09863003472172,32.58507031370019
103.78414449465669,31.848234139800027
104.06220701212365,32.00532130002992
104.27652759266736,32.11786621508215
103.9265462890069,32.16930875852861
104.26770460374975,32.14022357358186
104.26206327012326,32.16759823592378
103.96980156393278,32.41908951036604
104.09663531474679,32.25459884996747
104.08734551299857,32.70996167750335
104.34996358397065,32.582170130605355
104.72498005494572,32.79987802554012
104.79764691119394,32.63325553315853
105.61238815747691,32.87982320896319
105.61238815747691,32.87982320896319
105.52216950680568,32.74049887186665
105.54772384461131,32.90340644780769
105.27541960774742,32.83760333020427
104.77855783020006,32.70358014308855
104.88811399438771,32.777324196962304
104.5692910022688,32.536257431196134
104.26941368165538,32.54626770848039
103.91917711355634,32.805852332140795
104.00047968645231,32.58905211090629
104.01879671169159,33.04608528950755
104.18134285654848,33.026554423236284
104.04657289058642,33.13609805755462
104.19966815413417,32.190597290236916
103.91124791244599,32.325810223783705
103.93187382633641,32.51318951163201
104.05454445615436,32.86912797712919
104.1233931169408,32.343027327125455
104.19026681725842,32.92674549510583
104.54752382018646,32.696197226707405
104.36091854075814,32.06444060127275
104.00211468105628,32.35576160807685
104.36187477503199,32.80499513793507
104.38824988584982,32.83878566013498
104.04750206362236,33.081265236915286
104.11893197790391,33.07938113409229
104.85788376306466,32.515108615057066
104.47593621849386,32.68986568477996
104.1119584509982,32.449994629215105
104.6746428976237,32.85450064701033
103.95408737204464,32.83636274136053
104.50149707958687,32.65982446597579
104.27830543842987,32.313757600028474
103.86390379848294,32.22229277872177
104.35187922331794,32.1675997963364
103.99967321268032,31.731989171887598
103.90365380770552,32.08577594218011
103.99377258423256,32.03967121799128
104.10761061357402,32.88944124250632
104.17604827678477,32.81252980344199
104.014172192603,33.13681739497628
104.0588152010591,32.80434384194293
103.92877698836405,31.921371375274774
103.89539838814055,31.756713812096795
103.85817574433527,31.711224318420395
103.93352123557875,31.92261577287782
103.60047620774374,31.13497570700311
103.55552031390715,31.271157666669513
102.89934933719115,30.341009641642042
102.73969101579326,30.2505891235371
102.55289469512108,30.451834702406007
102.64502764626558,30.509716724071364
102.63325521999889,30.614764869783247
103.11309656221017,30.81068430005503
102.64459595451136,30.698065179619316
102.43595543483178,30.35579877203381
102.64641315987629,30.113538428492777
102.35686498908375,29.773151158124055
103.06323308052349,29.5452364536424
103.01485206413057,29.539584549013117
102.63180086923764,29.71105456126467
102.95905892225899,29.614277463200185
102.93334996660325,29.651487524568903
103.0642989936924,29.500777704578304
103.0642989936924,29.500777704578304
103.13041671832433,29.46516876312582
103.12726219704147,29.468347728106405
103.18752245210075,29.545127004570464
103.0039009673859,29.469199743521386
103.0039009673859,29.469199743521386
103.0039009673859,29.469199743521386
103.04362186743856,29.503953201202723
103.03663476005829,29.47323364183308
102.69763860379845,29.711126681469153
102.44650875625635,29.76535341591418
102.52637488989993,30.214945046265104
102.53420071360955,30.06207686612631
102.56624335231173,29.903149821118898
102.51480701215289,30.245196822980343
102.53316896006777,30.63960973147698
103.15673239716378,30.50081496654759
103.25628004802243,30.834667877599514
103.11052452992158,30.978627401404538
103.01125660064406,30.542616937025866
102.55058011452135,30.629074933909536
103.31106080958921,31.05642695642565
103.26755425135293,31.23538050505855
103.37466422323142,30.84118023878287
103.77663407871603,31.46982276089181
103.41081948992044,31.417259948536095
103.37141591732522,31.415076687621895
103.29794730901735,31.1656309268506
103.16666576460518,30.780206471535674
103.25893977238759,30.694079238530158
102.5665607225938,30.78995805066351
102.53799749922257,30.778251828394193
102.50388385615769,30.56974728354284
102.56272888718478,30.342253684337408
102.48488385093191,30.6077354561185
102.98722849276879,30.873828969996616
102.9491910216571,31.127057845807915
103.25676954827671,30.72342602685794
102.70371665506993,30.910572909229113
103.05776303536511,30.556226926901708
102.9582462656511,30.9895751387076
102.90007589234622,30.59541540196713
102.92169007966615,31.005849957911245
103.14578981767717,31.134314322921245
103.13869992560676,31.205283194304528
103.01158257583066,30.95493312994348
102.41227806672647,30.2712468994527
103.00331455523882,31.087848651482066
103.24546453514081,31.234162586645937
103.27566959862878,30.978063830553907
103.38560784775596,30.852997774169104
103.0335168245534,30.839209564080956
102.76724333471738,30.856942960811658
103.02836802508736,30.699134324849048
102.75080548257188,30.62813780628769
102.75225641452172,30.348900922733623
102.74794770947652,30.61256382978805
103.04486646147272,30.700716959687263
103.08506474746709,31.124058320097898
102.64966436498108,30.59866892972897
102.68070357909666,30.802242332487822
103.1021365761992,31.173167090670628
103.27303626265477,30.93321410189936
103.13772681374752,31.015974471402846
103.10622028714704,31.270410469097737
103.24439608746823,30.901436438476704
103.06142914341604,30.55635263445402
102.9685838557059,30.649123553597136
102.96067945762076,30.531327378469516
102.844742432109,30.801988701227213
103.18351243585008,30.858455265052456
103.23436016902956,31.041348672361856
103.55901819784819,31.215166419081637
103.94271052581182,31.51064323249112
103.62512990859437,31.114910553287288
103.84947790352501,31.321027477497783
103.84947790352501,31.321027477497783
104.07702837270507,31.7217205822359
105.00209404783509,32.618286990263165
104.47340116568117,32.72721919986547
104.15209383614862,33.059081794429694
104.06327958124372,32.851828497017465
103.88737706802593,32.469086597154785
103.93849485934608,32.694270519311885
104.02672980716275,32.120860236141816
103.96661047457376,32.100120750677796
104.17096602649532,32.375123087381226
104.39324478236868,32.31521577543296
104.0253035968614,31.94382103754124
103.781384705579,31.472557518250564
103.89491105603379,32.06616955856225
103.67905039473607,31.941810470895017
103.71193514902599,31.90493325345547
103.91969326603724,31.768945205510192
103.83381684437825,32.19210898515272
104.10406389742165,32.03694991000418
104.07444494567774,31.757847745391118
103.82715597240772,32.26429904484385
104.84084002216879,32.70803183829254
104.66942408120684,32.546837940478866
104.40681310837614,32.08419356196784
105.1951864282103,32.70044470347635
104.98563016888825,32.62870606779461
104.94088324103646,32.61979302510499
104.63041509562086,32.5823558016333
104.13267084500647,33.075070535606095
103.98480148513912,32.952920338926845
104.31995814424532,32.943362333401396
104.26450943421521,32.76611026814066
104.48342990141536,32.691847220233484
104.80096783086886,32.69445160158739
105.28792277880186,32.65702634730022
105.43109766671624,33.04081087050155
105.33238774601315,32.65307188374815
105.24193706078701,32.788668737383915
105.22631527628593,32.824520101206886
105.35346468242635,32.95782436088214
105.47591297270233,32.98022428430548
105.17564046280869,32.92244750895973
105.18334412552242,32.94049208065976
105.32123509018282,33.039193544869256
105.43886692642295,32.75554223709885
105.51314601293711,32.746789529795294
104.96033734628588,32.61384862107455
105.11577654099894,32.97607059584499
105.1922483215189,32.92113101560436
105.1922483215189,32.92113101560436
105.43831084758999,32.96081938315656
105.46480902240972,33.081232215390564
105.50770776460462,33.08132609692735
105.55458016327084,32.91254241717036
104.7860405974482,32.76036969584039
104.83655207328941,32.58468348077607
105.18392749013401,32.82215279589838
105.20124784207991,32.69214712406815
105.55782531797924,32.95220350440879
105.5369938136747,32.754045620600714
105.49815527355659,33.05313809861032
105.33611080304395,32.94974073858598
105.06503183629556,32.63795329211078
104.46043770675129,32.60280465485222
105.0119726090597,32.54277725760915
104.66706102073844,32.55043459099698
104.48661356306161,32.59745267378446
104.36869548205284,32.997812918449355
104.24629100199239,32.86742684321377
104.4766411187435,32.81525870195112
104.27453589069404,32.79281873246225
104.27453589069404,32.79281873246225
104.43810146176556,32.57851926580821
105.12522151052245,32.60182460392578
104.40065618653549,32.769929074419615
103.93384019927755,32.66132168549171
103.99952099034333,32.91898731343175
104.55843546824059,32.74869889497934
104.65228722005887,32.84146944177737
104.46981720584567,32.71553769754898
104.7647070873106,32.49914143074087
104.77410359069214,32.52888799722792
104.8734828973801,32.58437136209081
105.17209955936818,32.577338297841074
104.55255213268657,32.70982133649244
103.93900849821014,32.830200566581276
103.93053388190137,32.84505903996931
104.83696196904678,32.71081151105182
105.49094014470793,32.788833220329295
105.2208378852579,32.79910349917724
105.35188607155384,32.99507350256609
104.80511285681646,32.63486256942481
104.09036417721217,32.317939988398486
103.8058892080655,32.598367672871454
104.16275795394684,32.214352808516644
103.90139508118955,32.493038572023465
104.28038742196152,32.097126875796974
104.15746436181392,32.790195180774006
104.75502219233425,32.695044213042735
104.29168930652513,32.87684285379098
103.85976641566891,32.23398662634883
104.16543302819228,32.35230303725434
103.76861202704917,31.41985898242299
104.2179649194941,31.793005646588423
103.73656011392792,31.47242567708377
103.7545347498037,32.13056685286973
103.98698137318358,32.110106213210194
103.87719023805172,31.666777533411874
103.34893587097496,31.23044137176009
102.55782719896033,30.401496762852386
103.1098667533709,30.83145403694255
103.27885422221667,31.255859241246014
103.44416326850443,30.883182503941356
103.21627297613655,30.72718115208165
103.42677100741659,31.302431870124508
103.2731144483003,30.711751569759002
102.7462392118736,30.72808860019731
103.03503753132897,30.528212031976725
103.01824897298906,30.558898717047732
102.71555764008826,29.636605097307434
102.37607627669158,29.98161096171179
102.57278384245446,29.732402446747532
102.41459586668952,29.991705109967203
102.57264067136408,30.244924508895362
102.74906850068443,30.713922514936716
102.55904136031499,30.629617800510196
103.29991484093021,31.008156775050015
103.2477798199445,31.28921309920031
103.20745695999169,31.36887361218162
103.24722649320505,31.036982558701258
102.92019582609883,30.76367654427405
103.12752829209754,30.989310728832457
102.95077601438443,30.500661433704753
103.22065439667006,30.982691155067315
102.97530814716224,31.0725813042552
103.09328926604466,30.998043376674715
103.2157873203444,31.160229428053512
103.31310436332514,31.233162657357425
103.50045111582838,30.96699177780254
103.11480580458752,30.737028194447156
103.31874571401083,31.12399700714581
103.28498398381518,31.397144696771164
103.28188936274096,31.000325560407767
103.64976433952843,31.222084520916173
103.74587635565133,31.315429682269382
103.72299693227872,31.276936976284738
103.75972318108212,31.260616101015042
103.59110846894637,31.213269786292834
103.21256191677367,31.195315759296285
103.0167236234097,30.65420532346708
102.86047603090313,30.884071936982256
102.75325546991257,30.88095755554941
103.35007057622498,31.202202760927587
103.1625794108465,30.966172160731006
103.3648965261135,30.812879304020157
102.71085519996917,30.890800663968847
102.72090656857661,30.53188601960123
102.5015445028637,30.550134552959406
103.23756171152705,30.997898693024837
102.46578966479815,30.589139891053286
102.63044307015986,30.279576714647103
102.9882765859678,30.958559037105108
102.9493597684653,31.20215591343315
102.97058117843122,30.83966306784203
102.98762194338654,30.732768526697313
102.50435373785821,30.532310472716077
102.97535507672676,30.84651297880031
102.88099905562247,30.720026674250963
102.68783573895885,30.31243179008595
103.00424674625435,30.98552924143051
102.78777961497268,30.932030506254588
102.51350301282724,30.551020466638807
103.18600078413203,31.03719218535204
103.09243536153842,30.647657624023356
103.14472267815806,31.10042321301351
102.48662562624263,30.735387709628323
102.45117607147368,30.512163968008842
102.34820739797111,29.96894438539958
102.34820739797111,29.96894438539958
102.32955650821422,30.032954175287482
102.42555026372538,29.833683496486078
102.38352755632474,29.79212306735827
102.28815870950179,29.873361505206187
102.57788487188385,29.961614038451238
102.5284932993479,29.90361513600104
102.48172723758876,30.212697581947936
103.04404188384908,30.964066410563532
102.9308962936099,30.854275734907723
103.26302235181694,30.9037176575457
102.44417309582266,30.312591008737865
102.64255433554364,30.288251113713734
103.00964208548446,30.5006308789604
103.12212202282089,30.915155332271713
102.75553080173985,30.559507833482776
102.97948249485067,30.53466996732084
102.60430415516984,30.56239268728346
102.84554546699137,30.360333198306158
102.92069426209049,30.8758645397915
103.0743835901121,30.66081793629746
103.4114286893917,31.190998162002884
103.19383185543194,31.25457369478471
103.05465535963715,31.036197820479334
103.28034988445319,31.023146926746858
102.99860408011929,31.213620038000027
102.72943582592143,30.88283321524905
102.61007648094844,30.683410838539423
103.40250849404453,31.273448381326986
103.76453453429474,31.441967805543126
103.76453453429474,31.441967805543126
103.77103045246868,31.485210093254828
103.85389694658843,31.762561886577082
103.36461004163255,31.354376077398662
103.06195719514288,31.251507849178935
103.20496933779917,30.87492797746408
102.97250732303412,30.788713041305083
103.08558695618456,30.93427924019977
103.35131890057824,30.734110618541923
103.29753695935555,30.662403841207748
102.52420761386072,30.391745141945364
102.38495922820435,29.71388683662158
102.70173088884522,29.64638538698649
102.557049071355,29.882728220865562
102.37068626255925,29.920610688729614
102.8540080125516,30.778171414151412
103.29088156534428,30.697082707323773
103.43195506420045,31.3625517183976
103.42609634800172,31.19993526507257
103.38982320591683,31.30225054398498
103.39502963599305,31.38458113092255
103.65000312651571,31.29342247067516
104.04548107398622,31.94666400272924
103.94938488995523,31.811119315023845
103.98163708149646,31.872527818084002
103.75251160536412,31.42777807616605
103.6529046069058,31.33478053431877
103.84236612447124,31.311759815166905
103.92184685807014,31.98475895918433
104.20057001909616,33.01717690391696
104.81336833283567,32.77054523346369
104.74782854726283,32.620555419748975
103.99285474405012,32.550221721829054
104.88079324052308,32.533166565618195
104.90558643703426,32.581156045295565
104.84781405698553,32.58197623726422
104.42413814111562,32.683872393331235
104.05259953835707,32.69992391437887
103.91331962353996,32.82455383713976
103.88140870496704,32.20589001931549
104.00624352022604,32.38640092563694
105.51259769109497,32.93890385498898
105.02930584751272,32.574481245478815
105.0260039118947,32.70731202488956
104.66326661814527,32.79755547072711
104.87133925701715,32.53627270905744
104.11423941061602,32.575071863168
104.17756249200981,32.33538155704765
104.27636659463248,32.22200215453659
103.98824232093797,32.54354815758657
104.14851475085553,32.340795724014384
104.42882498056255,32.05168427931881
103.98946126716761,31.89889582617342
103.95615305308209,31.835548736181053
103.90808681745965,31.801333512464858
103.90808681745965,31.801333512464858
103.88552787369993,31.713139090860736
103.9345375668766,31.530065423678256
103.7267087620175,31.869541583510223
103.88713904187307,31.676120468375807
103.58075567988381,31.170205417462785
103.71743103963934,31.31258733638016
103.63216085079068,31.23160911453519
103.91011151938696,31.363110324095604
103.73669330364895,32.086628595385065
103.98113869532592,32.02976449606136
103.6791325217641,32.00713291754009
103.99706174580368,32.94014413293505
104.36819184505883,32.58625676764245
104.65577578532661,32.529172118109884
104.30748554229497,32.05057546761617
104.30733679809518,31.777567421824124
103.87090969299446,32.06261672107474
103.75289417998827,31.903539455591687
103.92941631298649,31.427793590795872
103.88201069370616,31.659607867585713
103.97601459886273,31.66297428055478
104.01816643514643,31.87489999355162
103.92347261682772,32.327911330849396
103.70092991729553,32.05614573268185
104.0097043439555,32.21714271445037
103.79947567456975,31.946578475386175
103.7163067562953,32.061600040662746
104.39244098028534,32.105390856382
104.39244098028534,32.105390856382
103.93391086381322,32.144722540909854
103.87256129015066,31.931747907698373
103.863129565611,31.76863171326953
104.26934760207348,32.61243049888635
104.49861216621399,32.80160056711293
104.50433707756535,32.61177967515428
104.24191629939003,32.972270021302506
104.27248060416038,33.001705521653484
104.1613465912418,33.121020168162445
104.1613465912418,33.121020168162445
104.08681643618394,33.024526135094156
104.4242381543361,32.728824162154396
104.14654236602753,32.96550970317694
104.14654236602753,32.96550970317694
105.402404851045,32.769983735685656
104.97313914938681,32.537322642016974
104.03676230601839,32.76073946543932
104.89344202824654,32.57976357799217
104.31397500291779,32.16114169686042
104.46217221765242,32.85110326579349
104.32253716335526,32.51987654313328
103.98742726079746,32.015665119748306
103.64899360683349,31.16565928160497
104.0053453257818,31.951079698577843
104.23061381237102,32.797597580643654
104.16248615980103,32.674368098682756
104.12220707817144,32.41583575135865
104.24011704405062,32.07251261377802
104.38422096585862,32.72662541102997
104.09740364822682,32.810843157216304
104.07659700228098,32.388909371239365
103.72919037135266,31.82206649994024
104.23632128637897,32.12091116810789
103.8122015262974,32.54981180282898
104.51939313934989,32.55999521863447
105.21895131079633,32.823561464126215
105.14933935849916,32.56986092761069
104.98479398149051,32.65108475270755
105.18137189634281,32.94340194187011
105.51650929557043,32.93232063450051
105.41512535384206,33.016117638232394
105.26042925290757,32.62947371303861
105.23636566133345,32.85769083446182
105.44573094929508,33.07862461797443
105.66591591750499,32.860110383663155
105.00174412110674,32.573400535095594
104.99884481719968,32.651716360656714
104.74327095755956,32.77895462626882
104.81892031285227,32.657273700786014
105.04834322264325,32.6224980195562
105.43269849711798,32.83726539598623
104.68798670404027,32.72119249538837
104.11326726602738,33.08624898107851
104.58632654561043,32.60123555520207
104.46976246192655,32.5230440915323
104.52724088910767,32.63754973472619
105.03689506342432,32.58305022021488
104.75413211214597,32.51339803969542
104.31917058196781,32.81703866079446
104.67085463886723,32.56107264822509
104.65087845907041,32.511180569673826
104.93130223521884,32.631224196451186
104.25600622142802,32.89635026405203
103.97727061247534,32.83892788805594
104.44165204701991,32.629665980525004
104.08939178940153,32.69983359733473
104.5872125067073,32.52698632754956
104.80098463989118,32.684793157456966
104.1738716272423,32.35690594818397
104.1757579706519,32.39127614175453
103.88696054763186,32.36678718504781
103.91412403928118,32.05614521215012
104.00542859678201,32.05612000864364
103.88944357260289,31.67645685077898
104.37907944280923,32.121456292859826
104.15777570648311,31.657610019336456
104.0080125941689,33.09449787529126
104.09725440196432,32.8886265617305
104.66212157720312,32.52926127508897
105.40700816312352,32.92232566597527
105.37564249814226,33.15371409469216
105.41564152033115,32.89009506711141
104.3455486561954,32.79329190031539
103.99254528093797,33.00847010604953
103.99254528093797,33.00847010604953
104.3777070943955,32.81188124711584
104.24405771992329,32.911452186902004
104.10161286186427,33.18447693978142
104.35794947854963,32.95345065546047
104.63991094393643,32.769302421865206
104.9531422150665,32.61484775799645
104.85980669336561,32.50487677972285
104.02499611043068,32.68047700848774
104.0885725238797,32.377874506197124
103.80633360076624,32.000751036205465
103.97713220139406,32.188891168371995
104.27291104307318,32.89207209434836
104.18196375589842,32.84552208655833
104.17652293566498,32.29593536343002
104.3377031954567,32.614547772710075
104.05038737835743,32.66927782684145
104.21698967926508,32.099775865512825
103.85109894261032,32.06024945261182
103.94060328126517,32.56359720670032
104.13709435966945,32.6886386540154
104.33538012977469,32.68238535741008
104.64707411071981,32.69581004090874
104.13249296616816,33.07402092858818
104.6197391396149,32.81058014870568
104.85028458129467,32.49898293235585
104.2277874276773,32.30280337578467
104.23397651615996,32.08783826304318
103.87654787302306,31.860969723974872
103.92934588095306,31.38164911375356
103.86102028813364,31.578560158615023
103.17263616283599,31.14495455239017
103.46107292280294,31.42383716383209
103.8423828464216,31.58888822914868
103.84136865868236,31.484359919638365
104.03130857288168,32.018877719936114
104.23348450986687,32.59721134689193
104.0170155763069,32.645222168790525
104.10652722292606,32.61578116854556
103.95202407177817,31.99653341871582
103.9425389711388,31.97936610518132
104.02342620135867,31.67735199665307
103.83715145206557,31.882112846625162
103.83715145206557,31.882112846625162
104.14959274963945,32.245252216110394
104.31454285641205,32.26617830386916
103.92006770841706,31.589122423706772
104.02066205780217,31.51337696032395
103.87539489838734,31.5770287037289
103.92702974157062,31.377797796224808
104.16437862446766,31.648408021824636
104.06763165735134,31.579923458129425
103.54250957439912,31.123629958836624
102.93613583954965,31.219903008770217
102.92782701970148,31.128925384916215
102.55314091684625,30.536928781705043
102.57402337100677,30.34742800749904
102.49402209713566,30.50035316920285
102.97085697239208,30.58597797564185
103.38491870581773,31.10901986766843
103.37384537747869,30.99747775414413
103.2638985835758,31.03668260782431
103.30219247381737,31.145608704007405
103.79070345075692,31.374575636309995
104.04850131577982,31.711984099404503
103.83470298711964,31.295856899730403
103.83210129522531,31.991921866658593
104.4115392942329,32.04244111527256
103.97032272409186,32.342589949649984
104.08392753077096,31.686202596666636
103.86979839057834,31.46155898985354
103.79807915659514,31.283152339245397
102.98076979309401,31.165572288191466
103.19364618747765,31.238810327698904
103.418782010138,30.821664868311043
102.95347534406397,31.110196719456155
102.94803666951418,31.237657836431357
103.41388752093236,31.415140312893843
103.74600165921154,31.48067621294416
104.12940845951557,32.224840639172385
103.96152682793539,32.84200569551563
104.4695969320492,32.69550521799548
104.20310761684453,32.657517941606734
103.98346819426844,32.770902367830324
103.92429282566432,32.74615036953364
104.38283218242651,32.69534419482883
103.85375198597197,32.60687077027041
104.10653692603671,32.741670776602
103.84369312625931,32.54054816177428
105.34469370986808,32.688478474431946
105.34469370986808,32.688478474431946
104.99191098449802,32.73262782553995
105.02148523632941,32.54553611734223
104.65742462317606,32.50118543573928
105.3493829031958,32.80829993269977
105.30897261605405,32.84674947625264
105.57029846923471,32.91575129440797
105.5220069784175,32.96931429910021
105.24467596496443,32.923293893528445
104.98822382436255,32.55374298992574
104.69292911982608,32.6048972118779
104.38235628752936,32.61244416961367
104.7481345650268,32.605515053348014
104.50600927063844,32.87169623071092
104.82506177201236,32.567966166249896
104.94790895672574,32.69979831362046
104.92027596277725,32.60335281699417
104.59467387288724,32.59376348209949
104.85096312103059,32.694335414541044
104.57731778841554,32.68328708551582
104.58724299073921,32.50104122267032
104.64309503999519,32.74909985045147
104.71723645446397,32.5356170633472
104.7870847369612,32.60364654247883
104.81502480868264,32.5321022922784
104.37645358871387,32.78476745504664
104.08258823938932,32.67132772593113
104.26840043206333,32.594604032995974
104.01844190464816,32.714711477956534
104.30836569475431,32.78548268493225
104.119975269056,32.713120801990364
104.19199825525878,32.851153526123674
104.40765826128607,32.609008115250056
103.978594008358,32.25779614910444
103.92511704164986,32.636269484079115
104.05797194217656,32.62612619012712
104.24583728452305,32.67311588124277
104.02247346915806,32.98452529614133
104.33085876245234,32.75590700233133
104.01157890600464,32.28811317162301
103.95214736604346,32.772673395075216
104.04382155530601,32.791345377402585
104.48561017989002,32.633359686884994
103.9234905849858,32.43018911697383
104.22172612409899,32.73949830349284
104.90583953300943,32.68806192575016
104.5851495498221,32.53338962891451
104.64734834854256,32.765510861072904
104.85627721800856,32.79338529992341
105.09858358680576,32.94940696864562
105.50792347007311,32.778726111511425
105.29157613484729,32.76758705386896
105.1319637948925,32.62064477701336
104.58447788085022,32.45026231221005
104.36929204212244,32.93357334342729
104.23557974450306,32.90375666032128
105.07373848218683,32.56710400085332
104.48540569939539,32.95080385060827
103.81391664125687,32.30361645249524
104.00372195228155,32.46858812428406
103.9054042488647,32.17864593158066
103.95703738264265,31.865900979058168
103.77417456475845,32.0472428917915
104.08938092136532,32.732044784655805
104.02834367975954,32.8285018933378
104.39848707656715,32.692683498885266
104.17158822445597,32.90710043115478
104.2940068727651,33.039684130897186
104.27584114786143,32.77523132189359
104.35840047100868,32.796708471120986
104.15083399848156,32.42791335722965
104.77466772175619,32.5077228193722
104.64207312853428,32.453901937544785
104.2294288562614,32.26418434029492
104.24992884713596,32.92987006604988
104.27226555505437,32.96181125347922
104.03922328145396,33.16292243574169
104.1262492183679,32.973227167376706
104.06687574942167,33.13594918906395
104.3341498692605,32.98962801895352
104.00717972419176,32.91187142685364
104.33178012875996,32.57156203801713
104.82265288466407,32.60895668145351
104.60313605223944,32.45726245256146
104.77210190766829,32.658733807709645
104.22197022463942,32.9525200733874
104.22197022463942,32.9525200733874
104.01583266237728,32.45824677379999
104.22002590442338,32.3394442751015
104.36046064535925,32.117570955168006
104.06213292788928,31.485283536058823
103.92762726651098,32.436166945983274
104.02723175817192,32.861633977663175
103.95127533570482,32.58024927594561
104.06734514331518,32.77271913058765
103.937524176646,32.194452045027035
103.91752889334971,31.99509785852878
103.8335198140576,31.919156985062003
104.17192541146647,31.724883167176237
103.81995513039669,31.5972689855335
103.87901629413452,32.60196530209249
104.58246577510124,32.60707574640498
104.77811137444512,32.501537403401045
104.56416776038262,32.68113858039956
104.9017444971938,32.61484479714523
105.1096098815797,32.63796387032496
104.76741066979929,32.70252682248495
104.56554968830645,32.79442449381175
104.17644913633222,32.896062083810826
104.01090011477187,32.79678394031722
104.11660545569087,31.767281690291604
103.88256358313167,31.705190161330464
103.99826477160533,31.58067375527339
103.76865325167905,31.44925469001868
104.04967754982665,31.836028004867522
104.181910245852,31.774625815789367
103.99878552695023,31.585272254515896
104.07486826714518,31.745424771418172
103.7383710486158,31.37653633592445
104.27091455089825,31.795760487159672
104.11040081245422,32.1927373423604
104.27256558883631,32.130868848621446
103.92992080901851,32.432838388302486
103.89509673642831,32.16921964019406
104.02682795031959,32.110447833056895
103.8656617879072,32.38743857343504
104.19136865404039,32.68594796808622
104.19683144078768,32.57004024334466
103.97117844671968,31.529389947938622
103.08092305727402,30.882971945057896
103.06459574026165,30.8461081814767
102.79403487415642,30.806324324230488
102.80515243780486,30.818137701953546
103.1525295685441,31.134676418318982
102.7299559542722,30.91425579560248
103.15292701800388,30.920256589733256
103.09735878089158,30.59271090302375
103.19108894330643,30.891115895025536
103.30056338999293,30.710495385356243
103.69714839897499,31.20919051857974
103.32177638272667,31.170619796853785
103.61238873370426,31.190186060537968
102.81675495598448,30.44774009635896
102.82134972775742,30.90773153343594
103.02921441339888,30.88977038117743
102.30793772723172,29.83430548675245
102.49041367435252,30.28692713778241
102.85938183242219,30.77125748964618
102.80141332574497,30.753172912723475
103.07374000291313,30.602665351989156
102.71138911511235,30.538725276161994
102.67707784766785,30.524600666044176
102.37084259292551,29.871452196803823
102.86355077492101,30.360362837668855
102.91982496137632,30.859995330865793
103.26557282984791,31.22397229426141
103.07816015723134,31.10255707340015
103.21053680354011,31.243458714590524
103.57895730873908,31.11737317166021
103.24702023997666,31.344096668898775
103.01443671729079,30.94504210173539
103.23582103417041,31.370320149993486
103.19070212492733,30.717468574568137
102.69795321700344,30.903950706741625
102.60528193983511,30.258500024057682
102.37598460104074,29.937155925253585
102.4197568279583,30.134479181990866
102.31929085663536,30.165898691865
102.33641872954519,29.87154942342178
102.46767296386687,30.45263732860561
102.71643681460675,30.566366444512255
102.60223179473829,30.80206380428203
102.94080545929496,31.135740672373892
103.28922676734297,30.799142334061365
102.97604571251516,30.822732974445895
102.75222501803835,30.81436245535253
102.75951931981638,30.61273422096337
102.49244499348133,30.750087144624622
103.3446191238352,31.106353257338146
103.3446191238352,31.106353257338146
103.02305100426392,31.15450730491066
103.6106625179153,31.150575647059497
103.95444631119274,31.964986164986094
103.90039556630259,31.831378706250668
104.38058249044462,32.54707994003103
104.11431159113673,32.831773976261005
104.09356942958665,32.81783215496056
104.30674157085721,32.28738614645638
104.25798263125932,32.778682971381066
104.00449814703649,32.675568454819754
104.28145036618167,32.62601646467778
104.13856620659028,32.75277611810958
104.15106570700172,32.93907218859418
104.11681488724486,32.23502356946588
104.35038763792083,32.109656321090874
104.62725396552558,32.45879184990292
104.13973921599849,32.55415001418438
104.69208229886314,32.54292062748296
105.34084512214972,32.90128210084112
105.3872719488165,33.000343505495145
105.52586428949353,33.07247040039091
105.26329474767635,32.76209562451988
104.8007992410372,32.67869975038838
104.86564010656991,32.61860203457438
104.52531022426048,32.742181563869266
103.84615767888451,32.04237861465529
103.95408333920565,32.38460277941399
104.53293893510012,32.652495940354555
105.53170139947683,32.9064100917144
105.41093354739463,32.974711130668844
105.49174856117125,33.01379164680222
105.56153110381257,32.987225904486095
105.18036863021695,32.83582309130615
105.29402698760018,32.92541149810991
105.05658441919431,32.62088898471202
105.0329716115468,32.609244689647994
105.35055718734341,32.81341714407343
105.57302974569212,32.85848569228418
105.49033753546531,32.91388198858602
105.16654994528675,32.98056523664009
105.22005148293333,32.940508832364756
105.51650558539008,32.80603748810604
105.32122804820818,32.793908307005594
104.23122912349328,32.72682613999019
104.30522462291789,32.86143154555349
103.99833571035752,32.98328693633376
104.10460068979849,33.016868198307435
103.75019579560387,31.817937253212815
103.87943542058845,31.534563537564722
104.10923842275268,31.68893485189614
103.78041190891398,32.088444377541855
103.85997700587879,32.28999029341958
104.51857530450387,32.62957099303131
104.53485055989228,32.67333756392224
104.52328960994467,32.85385818960715
104.38307165715904,32.92248808621684
104.48019562981703,32.7131963888577
104.2109546630582,32.26010198488751
104.21673451570193,32.187358989138765
104.27951032137382,32.09047860427015
104.12094094956574,32.59368795967742
103.89846424176433,32.575144123772816
104.17459588364392,33.013552505532694
104.20091799613012,32.81485607746115
104.18671071718788,33.09570033087827
103.98398706056223,32.69830210394999
104.2256982469786,32.65790476455178
104.95062483620649,32.66485871434536
104.74362646434363,32.64598489226347
104.69203094124086,32.70035325039846
104.3630829015131,32.51647539686574
104.56126694749406,32.702218799543516
104.7565790006833,32.73006444374016
104.82607354993976,32.62045755439672
104.61570754707603,32.644376037146046
104.42067027922116,32.605168436661124
104.24150034394306,33.025217011068406
104.08332427637173,32.85898458811526
104.1900615682432,32.64785566389947
104.22316722395398,32.14854973572762
104.55510625873829,32.8334848777048
104.42365760394755,32.652565542101264
104.21258332961843,32.83255272476566
104.02456624003631,32.71239163867857
104.02977982885999,32.67175777491002
104.10232261096793,32.95604734017661
103.95974465536715,32.731563816599994
104.01555820945566,32.87083581551031
104.07377082118973,32.493906117850855
104.26594741194977,32.83156733714846
104.40529907240037,32.84274316400508
104.50045915659439,32.507657806234185
104.17547918518376,33.00650053300877
103.84942379550733,31.937013605601344
103.98934613737316,32.1664407041991
103.70504124265595,31.860945334235293
103.92510261694589,31.83785033759502
104.13484577581694,32.198069082900844
104.39851170055641,32.137548806352136
104.61780706291607,32.59990311571349
104.46864732313584,32.59513698108174
104.97729077825969,32.64912984623232
104.97729077825969,32.64912984623232
104.23336323358518,32.24677457459881
104.16433409378466,31.78153501282677
104.39550370494521,32.29819881611749
104.33951682939971,32.15132878978036
103.97763116089335,32.00174200228718
103.75262816287716,31.932736412701708
103.75262816287716,31.932736412701708
103.74991848806708,31.806890398587807
104.21514791618947,31.75793432452612
103.8338579385661,31.97082343326038
103.8535129722741,32.070198335737665
103.91553847331836,32.148601557870975
103.8931524950203,32.176214015535436
104.21632100940833,32.1441698183205
103.84633557970837,31.484026660806283
103.84633557970837,31.484026660806283
103.74903398769435,31.27584091800586
103.22740387269195,31.246792275290623
103.30834642394485,30.94583556841009
103.18553274251542,30.72736013488183
103.10178657749141,31.10142229304147
103.66036936570745,31.147457841717358
103.34849440873606,31.085867203835058
103.31324310432072,31.018215765419683
103.02737478187021,31.064235016275845
102.98335316864062,31.00145309128912
103.08598758296783,31.072037045235398
103.09416329419886,30.7513121467522
103.19322683835948,31.284932345922403
103.00503177463628,31.16693856500697
103.00379201742648,30.905367176595327
103.30791054967555,31.16445479648677
103.30791054967555,31.16445479648677
102.76110493302983,30.657536483645522
103.51906550695546,31.24681103428245
102.98833382924742,30.74510807850426
103.32802660221783,30.7630364484087
103.27486274910986,30.866858408038375
103.12096037694425,31.130189215434932
103.07396785002376,31.218375021055937
103.1669871840592,31.030247192295136
102.64368875812438,30.402606988914
103.21270827599386,30.980418028449655
103.15490202833146,30.942641587552444
102.80857869304187,30.678487204754777
103.01067096974259,30.466104862103286
103.30922891101962,30.71740002344814
103.05453540922417,30.77504009362782
103.07249237769722,30.51022122584069
102.88187136869142,30.779131825566665
102.95770931170168,30.485739329480122
102.78566646102948,30.86870413807546
102.52770331174838,30.793545314067494
102.57073732818185,30.404482492298317
103.20321951259052,30.87818459101398
103.08071029452304,31.092207590562122
103.10436381824482,30.584641769075414
103.00262514223256,30.56450790316341
103.02007607207713,30.92846806206936
103.15918100632112,30.801643556529772
102.8986377977263,30.78079302837252
103.10003511018425,30.95398851016781
103.15554615755823,30.963671750593498
102.80809266934351,30.645489780325914
103.00950558625847,30.91289267317346
103.11830517114485,30.715638841076302
103.57054502448531,31.123923839814545
103.56967985712745,31.146444075849036
103.84285519115697,31.594397674511157
103.75024350651927,31.834072209180132
104.27289449558549,32.07568105245643
104.15362697245783,32.15753396363297
104.01872521006837,33.048546638664114
104.09657961446533,32.62621225071316
104.46730491514009,32.83527371550305
104.28936082481195,32.24639049458787
103.89393567287577,31.953724250922164
103.92806834229482,31.418938787676755
103.75806950214633,31.422366052455665
103.87841231758567,31.827096763253152
103.87148929863206,31.3961957623902
104.34102462851828,32.58605600021308
104.40655887364474,32.703876296034146
104.12936271439465,32.559579327290436
104.19430647813945,32.94708276140212
104.14267417809789,33.139324725439735
104.14267417809789,33.139324725439735
104.14267417809789,33.139324725439735
104.3704687885666,32.78131027739101
104.24425567352236,33.05075736533332
104.42642228959839,32.51988710687368
104.75522794396741,32.55492731794037
104.33172824846939,32.9711672740691
104.17698411270545,33.10827464908833
104.11089045150408,32.179769383351776
103.98267972547946,31.930079315748625
103.82757011692351,32.08389963342669
104.12826719762094,31.726341951244052
103.94235945861178,32.077938152413694
104.02475691868013,32.19424457240879
103.9964167682865,32.171137790424034
104.47049969538276,32.08890356584368
104.3686578401756,32.093134006807595
103.84044165612195,32.23750534045779
103.93211163279673,32.28185834189255
103.93476649493465,32.256527478653865
103.9230549843188,32.025373219008756
103.93652443751073,32.30560312981391
104.53490115400476,32.77724667577943
104.40378625488997,32.58711239585475
104.66285062457426,32.77609182083998
104.80244611083208,32.651844005712235
104.18985036807582,32.6653784747222
104.23087279338101,32.96633867456203
104.1346302176966,33.14298033386717
104.10882908420588,33.1557795492279
104.40916509458638,32.88560568887208
104.88596262896218,32.77939018992156
105.02672455197677,32.66992782157505
104.8189048305535,32.644840026521585
104.9010492297707,32.74471106053589
105.26870930051818,32.76155563620087
105.12814905045869,32.607894093645925
105.17036699953964,32.621130120490314
104.3565376292834,32.7966050519339
104.88538124344258,32.79187044956415
104.86185120975125,32.76627037280613
104.74524793429035,32.76953835821193
104.12399710144722,32.90599508757859
104.10607652555093,32.74103786620118
103.8865004759006,32.71030659423785
104.25275354898054,32.735862824369796
104.10364494523718,32.52739034072271
104.48675283084116,32.521747639404175
104.32014494658526,32.70444947155135
104.07811666278022,32.93565806109783
104.35559224247727,32.526748880216715
104.45900386701678,32.83707425145259
104.24114195306424,32.33959083580079
104.2322481748526,32.262986477062896
104.02940744306643,32.6726209151508
104.33315777042357,32.896772975591986
104.0623307651421,32.609026782320335
103.92198616232474,32.83752097521916
104.13164431557622,32.721250705463696
104.68491783061474,32.845357289967026
105.58843459299798,32.99747921691638
105.20656672036112,32.910364254262184
105.25429121050269,32.849568760350195
105.26364043846122,32.94578796330595
104.9475864748974,32.65493393635373
105.17602882864273,32.57860704164163
105.46727145743313,32.79070565506475
105.17348327416849,32.85907212731331
105.35693765853168,32.96444369997804
105.07738514079925,32.8838931934257
105.44984897321466,33.024231296277144
105.12126740274091,32.878408572588114
105.05238614606223,32.70565717464388
105.47681918579316,32.951069563158526
105.35384398315425,32.723031395759435
105.52143913960899,32.75232973302889
105.01898261057414,32.72633274016088
105.08988589220658,32.92236534368329
104.66419266684242,32.83281063745567
104.7951803781202,32.681898572032594
103.95142923083142,32.54677763946466
104.14565270322234,32.27231872707637
103.9251137136702,32.79933815293001
104.15846942179864,32.30722849505554
103.99081884879719,32.05248379541757
104.37666085725742,32.322902618852275
104.63797340189387,32.741765442222984
104.51104504405275,32.49285380461094
104.22022849570496,32.25039401256911
104.09878049971563,32.34307013772931
103.99097600680996,32.495188520019006
104.10585434468491,32.811337999873345
104.23032970260377,32.9427387655822
105.13190427886876,32.61602435905116
104.67281887475593,32.79407054905922
104.9343977308503,32.55284568796585
104.76776092199307,32.79056942187255
104.10035189914773,33.10971281608521
104.10823641849032,32.94943536240547
104.07664743727629,32.75330681043236
104.26318579069647,32.69175213915001
104.06179598825912,33.209055220278486
104.4861758797822,32.689318589739536
104.2888816060293,33.006515989001855
104.56291598853748,32.45836290919224
104.03554676367277,32.720916849210255
104.14760165109703,32.97323309954431
104.08998057385422,33.0954420528818
104.09319216528446,33.133112249712646
104.25241568873612,32.9848040259871
104.1225409886834,32.78585812393697
104.55889270696434,32.73405032933033
104.73070331580917,32.7960420523894
105.3235726765604,33.02397494785077
105.10500164986122,32.62380331885955
105.06579682100235,32.60111704834196
105.28209283342605,32.841158291041566
104.76171541159086,32.60247799986503
104.36598800170177,32.66680168115927
103.87712933984729,32.448188687283974
103.88446926754602,32.43632766140535
103.84467963894055,32.38280154312989
103.84532393287301,31.931223276982553
103.87041628212799,32.69953755366302
104.09552131553542,33.118872650561634
104.03951214641612,32.694121585571835
104.08014600406494,33.08922741180195
104.12407981010249,32.80668163834032
104.85025308913777,32.71101804472818
104.49995274307736,32.56661816523765
104.18701682040238,33.043543411851466
104.53549977601334,32.86046946784146
104.69162368147306,32.808052318084904
103.97736280036207,32.392867332492074
103.99613626220564,32.04181263382567
103.83794160992308,31.876821013209167
103.92257454722899,32.6341085203074
104.10996686334725,33.11316398751142
103.94879478056883,32.70554015269291
104.07675253243049,32.766832831211225
104.38371041681924,32.61067843398461
104.05542325585658,32.341468091154574
104.31593870162216,33.02324914520241
103.97828424552665,32.8734796474671
103.894220862043,32.6936383491597
104.01853104248836,31.916808060019683
104.12263027920157,31.671644791859112
103.94088511653956,31.980073314199423
104.22933505796165,31.774263004469802
103.93466387229411,32.01085623184827
104.39791796977673,32.629071278855584
104.58538414148177,32.636753191161546
104.67695133962519,32.53990481602652
104.7195401277047,32.7646154788076
104.05587316979206,32.643988211721954
103.97720553322391,32.59069546418132
103.99748568616785,32.70786409568119
104.09556025638736,33.07139909270142
104.2556999649595,32.51962800077779
104.36180634505871,32.90046897461648
104.54469492038787,32.71998979483479
104.50647275221598,32.63590494357228
104.03473135721846,32.492346119475805
104.44610716438135,32.50943333920462
104.67576105005858,32.504973517862645
105.09162175408147,32.581888255486966
105.4544962134853,32.879761396876404
105.50248285489764,32.776859304780444
105.45341622100558,32.76154561626672
105.12811587311215,32.69283869407848
105.0605301799911,32.68645919345345
104.91952209286627,32.584763247093726
105.40379082211071,32.79805028872738
105.2488614012584,32.67758249606365
105.16890137290245,32.83183669213618
104.77472871985366,32.71700845183102
104.89085838165454,32.62527569315875
105.00919677390887,32.70183460188743
105.00919677390887,32.70183460188743
105.56362414721602,32.97267421740724
105.37984937718049,33.15586269687112
105.50451438094306,32.895464692886186
105.5065673468837,32.88522752464651
105.33800022490402,32.69687559985024
105.29070032477203,32.6650339654072
105.40391748357071,32.75813211805432
105.2564430610938,32.77941766008656
105.0875808353939,32.904998050335294
105.16168610522284,32.61844810128843
104.60782896504901,32.73980406742976
104.62282325723277,32.48362149224585
104.50840700211383,32.570893936034686
104.46066719291427,32.5191178615819
104.51741117269354,32.52027401253293
104.70136133041157,32.554970643873006
104.75548893492187,32.68344223636358
104.32614258902275,32.71580548200399
104.04387099971203,32.746613525675144
104.62661710806815,32.7049968733437
104.62372616839025,32.60263247640846
104.4252662216777,32.58193033821688
104.18760114428547,32.78802458031035
104.15360332284243,32.45861113905272
103.89093173567225,32.324910447197325
104.02444330395674,31.828883319093453
103.92745668060368,31.48145161145504
103.82478729545754,31.439459101532524
103.90171110856906,31.68635525697654
104.59894143235832,32.83908060180404
104.98871051616932,32.69232763961258
104.4062874125606,32.79219843054575
104.26498109405514,32.3465692280993
104.6804461217148,32.603315837604256
104.21457920460732,32.73372969939015
104.03544176930767,33.11383294377023
104.1350748231819,32.271044113238105
104.19584070529999,32.822372467298415
104.61417961463621,32.755792982391924
104.58125909443997,32.61743578809627
104.90533201748602,32.64834982243734
104.78779628324709,32.55608373460514
104.22549253833378,32.56288496939668
104.1583121287863,32.28478810281757
103.89355828713816,31.888869238939968
103.81938761807977,32.08765220093826
103.84455600840309,31.556707095846384
103.84455600840309,31.556707095846384
103.87720005536646,31.503382549376585
103.92800218999872,31.560466837374307
104.17453920524503,31.647904475792764
104.12242284973983,32.23697351578714
104.29828320909449,32.81462882195364
104.78426138026605,32.621075418238874
104.41837353350776,32.94417444803004
104.20329196812082,32.89726549929095
104.39030484221648,32.7594628881132
104.0806247737686,32.82844587550112
104.20477808852476,32.9499039893909
104.32182867737394,32.53629382665603
104.36264941682202,32.1226901674039
104.3909298368111,32.74015447718274
104.78375966189866,32.52977752187191
104.14513265948676,31.677552178266907
104.1139248239221,32.025164653853544
103.86222017979365,32.3662885993015
104.02222016540559,32.25606618302371
103.99274422324828,32.43732611906656
103.86929483955178,32.62459083571006
104.49321708893203,32.58702718701139
103.83916912755794,32.59465278341808
104.55293068500401,32.75960530422473
104.1959597141562,32.99443051071787
104.04063077401626,33.028668775316206
103.9829846160508,32.89226799422246
103.99119900958908,32.79002851666198
104.03736658571101,32.51441257969837
104.58601669745133,32.48057007806043
104.0181927705794,32.895278792298825
104.21733932286328,32.663626978626134
104.9083272819989,32.783446248466184
105.26662236762293,32.78579869274697
104.96326305093429,32.58551656836697
104.9669881521911,32.54621723297268
104.8017281725221,32.66720742710458
104.99161792210222,32.537057017240606
105.00660901579171,32.58458488720277
104.3866528690166,32.86079212488701
104.75429134967276,32.55235552297991
105.20901066321738,32.86316194115332
105.20901066321738,32.86316194115332
104.76011950971528,32.596628125069834
104.24201093224026,32.77731790885941
104.06071253837098,32.22247787750671
104.14104126898344,32.9862802738684
104.20016204651228,32.63160390280868
103.88560293426882,32.60580223599664
103.93736351857234,32.22301574824248
103.91947071539947,32.09584143854267
103.91947071539947,32.09584143854267
104.43259556277765,32.29225274392716
104.85827079975502,32.66510386133142
104.53701130606608,32.8120653279742
104.54300640016913,32.69829965035331
104.16895409972433,33.11323185861526
104.65143681986176,32.77379717279873
104.6444242386237,32.654035326944985
104.00492662802125,33.06465459862229
104.58694044981958,32.82921545382372
104.32995068565762,32.7507392481433
104.01376060573944,32.47730979158155
104.5962690269896,32.832316141802224
104.50623667152837,32.80126243071022
104.34691589854553,32.84706521248207
104.5441793617374,32.69950194865071
104.3388715868889,32.74382836921387
104.11478661533391,32.47882049096681
103.85947334110439,32.291869314036475
104.00634553345506,32.54375037335941
104.154196001515,32.68159663940479
104.70660876730615,32.77745059206546
104.45064638564696,32.6238854405973
104.38700350461099,32.80055443225282
104.22601928874693,32.341511425470756
104.01720529047299,32.12752973702435
104.00435779833086,32.75755710931551
104.25001587584616,32.1454325413393
103.97617462407882,32.51644384124488
104.58941102506479,32.66583478266955
104.48587680088441,32.87590472571743
103.98702860155505,32.44520420716124
104.10431755725385,33.0217352904633
103.84653478565288,32.04196017179978
103.97689023151283,31.96414882130243
103.73838280117202,31.891901624151952
103.84977375220751,32.41603088769993
104.41316923845078,32.549289741587536
104.68184359943851,32.60991807146782
104.31411707835997,32.7979759509773
104.05437165253187,32.60724525424105
104.16081712294249,32.580999561620786
104.06472985321948,32.41091895552706
104.28518792672527,32.55096283454298
103.92544962853361,32.56447193495647
104.0197415886366,32.55859550590648
104.30967632459206,32.586211970740216
103.88569877972654,32.40335004311229
103.99840961405054,31.889087721792887
103.93554517041756,31.684203720068833
103.93510684175922,31.892464680665267
104.06204302569657,31.430197010870838
103.90148990182875,31.57647093330971
103.91959185949017,31.63581516322669
103.67970727264927,31.341340742573607
103.35185491391022,31.187552409420228
103.22103865586323,31.318970829008784
103.3334570709824,31.094849072677402
103.01616233994089,31.056296462340963
103.17515587545253,30.620615957299215
102.5748720131722,30.66383118418782
102.55014095103819,30.441722437615024
102.61293026935437,30.500052759723268
102.68444696988284,30.803777177891075
102.67725550559965,30.59404444887948
102.59264687510331,30.4694210052133
103.11002716932647,30.58687039933488
103.23873575835395,30.936414017151463
102.60704543648761,30.845920527858304
102.43021640184963,30.559027901305882
102.57312113128724,30.72593208366751
102.85313504249848,30.857675006024987
103.27849578374243,30.66026369657171
103.3680165873426,31.104089603712758
103.2824119439027,30.74008863646295
103.81516988466937,31.336705869141284
103.91595619578824,31.602885860800832
103.93829889656112,32.189662941706324
103.96767358700671,32.73350929101723
104.40359777745715,32.95118288781914
103.98611066953887,32.06188167890897
104.37990642377959,32.73491766805174
104.48550786529718,32.5562827775783
104.7075783907604,32.619651706179454
104.56473519992743,32.82337498018296
104.11285225643819,33.103889197537356
103.98293321582359,32.9684719333782
104.25837211639097,32.89090228353264
104.27632851633528,32.20439504433259
104.47754696733728,32.6652460482435
104.6837145002932,32.55714116690472
103.9568025233297,32.867758401633765
104.02219101289029,32.421523042352185
103.8516248385294,32.394298305647126
104.04985046661402,32.11912360650991
103.98257141056129,32.23430972091437
104.06217917778378,32.734088313189446
104.00086519931381,32.83375049657232
104.1598654494747,32.588104723926435
104.07463816408045,32.72129470112221
104.83853199559462,32.538070086065794
104.66940308109612,32.69187050576382
104.88418821690276,32.711918752123275
104.58101530260517,32.558150183315185
104.44009347717507,32.70747285729408
104.1661458343063,32.68774964116588
104.32632120796016,32.61581409800143
104.40181393597199,32.511398850316155
103.9274864717307,32.66110468028554
104.13633043595495,32.70994116003882
104.91209297607955,32.77996695143839
104.61981410192453,32.78382427196145
104.35341661150115,32.95249896956842
104.35045621133584,32.6090445098984
104.25081156098415,32.599822093288466
104.03230980017116,32.731493870014155
103.98155083757831,32.40057523051227
104.4139137492947,32.840466862768096
104.00340976638418,33.11777681998613
103.96290451918506,32.546601211850295
104.30376781038292,32.695121728552934
104.01504475076592,32.39640794961012
103.99402375518115,32.1090819258208
104.0216424879113,32.4599683542159
104.13866246386766,32.869399280186066
103.9262804090953,32.56548772008868
103.93638869204558,32.375818705764246
104.14820459979133,32.62663902624018
104.245588589385,33.00450767814175
104.29705385985262,32.86893727220077
104.35087860649212,32.242798876599814
103.86515382270323,31.99809167703282
103.97801472932561,32.15385819790406
104.37633531215722,32.26724374373316
104.26826581993815,32.98268653340156
104.26826581993815,32.98268653340156
105.24217903517285,32.92274981784189
104.5043071640532,32.54857521380942
104.14805622288091,32.65764952453382
104.41168773239293,32.648733551715885
103.93730443228155,32.665092926155
104.00184211199192,32.20374192677249
104.5679121370702,32.517398427466766
104.14021511161198,32.26987669926621
103.8254492122989,31.923650807523266
103.98614835914658,31.953504443471353
103.9068854025428,31.585336795103157
104.12370621746501,32.92814146406789
104.0548973074197,32.99353465039571
104.34034993040237,32.98355711091084
103.94802013835839,32.7002305500998
104.04678722551915,32.07745261049944
104.15523471965071,32.893868495596564
104.10943534275233,32.533890284069656
104.05708169307502,32.57688258863712
103.88060298873147,32.23069941135952
103.77276894716721,32.116354772221804
103.69124778206383,31.954332771156125
103.90359319955292,32.04598748346174
104.05178628167889,31.883102180941762
104.23635944160337,32.165381443843124
104.04304258454717,32.09775031186252
104.25229485521233,32.52181781300657
104.61056688369257,32.808588146741215
104.31356160582554,32.82155831362163
104.09491773204802,32.88018317264677
103.95120605433723,32.496298634184015
104.17595115562335,32.673511308581475
104.19307140156583,32.860803766010214
104.52288483551847,32.6010115235044
104.57854119198272,32.63222263902188
104.60850787071575,32.596722931827934
105.1383552235333,32.871294795129174
105.3210026202092,32.697712017272224
105.26565489776864,32.918512505613705
104.33313263009406,32.742052989819435
103.8974115405731,32.62576308752723
103.84145034967925,32.54726967197309
104.25348951118771,32.60346713437885
104.7292400994336,32.45583607392218
104.81377846728698,32.745820536317616
104.88922087494711,32.630525165628605
105.57739976175417,32.99714026536905
105.31402169868629,32.961095891815305
105.15910288111927,32.861181075389645
105.54025956807195,32.882183462329444
104.88650326150115,32.70266269944506
104.44735335567512,32.69506093274115
104.55331925032611,32.67696657642032
104.54715671851531,32.79615815571453
104.6759898604836,32.85844597906895
104.83212717388196,32.661996188776484
104.49497254631373,32.83955614101096
104.22761044937296,32.65710992625191
104.17990032658132,32.669441338944154
104.21379568400864,32.30321103729533
104.08672813581515,32.54568761725271
104.24130612245206,32.729793105540885
104.66077915805428,32.44898524819831
104.48415155632152,32.811202235451525
104.31437957569447,32.66885922386953
104.17678171690835,32.786111417376866
104.23331726663659,32.774404498886675
104.11097070678493,32.4461135033716
104.5146855146301,32.81723109645896
104.38676252752197,32.51514579189153
104.0457588546161,32.206999980802266
103.89927306783157,32.64999678786923
104.20263300318386,32.786013755936395
104.55290889755247,32.75608956090271
104.68253516063999,32.73779867776428
104.74792479522955,32.631208947212244
104.78613290494621,32.60374224550508
104.81497204796162,32.62848221628176
104.702981573621,32.81373944233281
105.0930343027307,32.680306166634615
105.36795399251162,33.15273843493019
105.28518398703751,32.78179020781143
105.19840236566387,32.61095020891265
104.92969432855264,32.5848336734553
104.92969432855264,32.5848336734553
104.46927143754488,32.60063494566727
105.12683122779394,32.65191459272619
104.94448499902309,32.67846888776364
104.94987958534804,32.712272129191035
104.4836777774884,32.58225446818897
104.56535583748254,32.646923772110014
104.4684896351866,32.82040449606767
104.43590778984293,32.78019614688054
104.60019556848194,32.67065228885035
103.87730348144028,32.19032140882126
104.16247092607792,31.665822769323125
103.98153218593664,31.64877749021191
103.96910374193268,32.27934718214141
103.90252500096317,32.122565215772404
104.34650376352695,32.17594135145285
104.16157031047314,32.918108188521245
104.42405487944515,32.749112188046595
104.68838401933283,32.86050346441871
105.41245494903856,32.96675867099485
105.46429856069831,33.0131179276467
105.26213396895488,32.70168800918954
105.41747028589742,32.89718779096031
105.33537146194853,32.79431585862415
105.00186699002236,32.71662715382248
104.82953667087405,32.773467918371715
104.67461793658119,32.53107942122687
104.0182991728835,33.06125964070337
103.99187762320784,32.95787335864969
103.9886302152403,32.870330473612405
103.98121116771622,32.691411512125505
104.24510818019897,32.91892998590272
104.024333011789,32.028394481271015
104.1352443856884,31.622776092911657
104.02181462956155,32.20799172904928
104.07800109602874,32.85651522661753
104.10215677659467,32.60544328581968
104.21405083063618,32.157709538543315
104.2373448481291,32.29591413169194
104.53098556836113,32.69025829856921
103.82695526625298,31.981053458351482
104.06567350566553,32.27616508676204
104.28070699838095,32.295656633656314
104.35488739117234,32.993651574308295
104.01222145464943,32.913442993574705
104.39886818773338,32.83558606924599
105.50390761219526,32.86004298254484
105.42109146947328,33.03214948556144
105.42489270285348,32.85928326228887
104.96744225897923,32.65829489873352
104.89137800600862,32.61015021610726
105.24736939886282,32.83878109189729
104.74939675640861,32.50369406167085
103.9773107737539,32.33673255039905
103.8859693676396,32.28022027429909
103.90603519174738,32.29494807348604
104.03497031624087,32.36389661708987
103.98353942408008,32.52606099003277
104.11422900729903,32.626083461348266
103.90200531404285,32.671196041520425
104.35173020191583,32.9332316567101
104.25281724192457,32.952489143139154
103.87286866401985,32.402248230181314
103.82005613146171,32.01827489997083
103.822849561748,32.32381726413786
104.03323228602055,32.37698986283455
104.28665718750854,32.243195817542954
104.0959328467799,32.36625755824799
103.85150848138817,32.06016444572313
103.85150848138817,32.06016444572313
104.063426346662,31.694386213790953
103.91043998297022,32.22868733900154
104.18508123100264,32.94853528780977
104.25984383980804,33.05129589787567
104.13945727209334,32.40485353140549
104.07361886485495,32.63970882623903
104.02816194957316,32.20088890004835
104.04610751256418,31.985745698476364
103.88512409974652,32.70407099659495
104.07774126085805,33.139984030902184
104.06574178210622,33.02482939974636
104.2202023174816,32.89136277556149
104.29981495645322,32.82902043690794
104.7257536032738,32.8430384012734
104.35727644831648,32.79003450101069
104.07668595752962,32.03693054161064
104.05212993487962,31.583926129247214
103.90180685396771,31.612455572135193
103.92658535056461,31.692631912169606
103.74978541686029,31.799267707657805
103.74506892560123,32.08420229518129
103.88359022472812,32.60331745619268
104.8269092659013,32.6562773119103
104.18054647798725,32.34918934483567
103.91446393366597,32.36490482693985
104.04972446790283,32.56024200747465
103.68669221057151,31.899337311599982
103.77883412796153,31.89216832830776
103.68758526460127,31.252819578824635
103.68758526460127,31.252819578824635
103.33060743442695,30.688892691888267
103.14835977729015,30.519601651338476
103.30287206273955,31.112416359862003
102.99780456939189,30.73898017354027
103.10979038612268,30.893904279653135
103.10497517221695,30.549743572969394
103.45924963209752,30.873898294565773
103.27513904729527,31.129328951034697
103.09676753236127,31.154909019502476
103.36399146572674,31.125141264085435
103.17245506591698,31.009646893217404
103.65148346368645,31.224136742083093
104.09926019858376,31.670992589303868
104.0786549640028,31.60070286676166
103.84722090991865,31.838578538812826
103.70686410524036,31.87805366883852
103.70686410524036,31.87805366883852
104.05692031412639,31.556194695692565
103.68661037430611,31.310796559887958
103.34773381017908,31.33754387432902
103.19166411950499,31.311834505453998
102.92244476098523,30.514348369079556
102.49100308758766,30.189633080653767
102.60621586610017,30.128221989934424
102.66034064792807,30.775402576551834
102.57917041041505,30.785395486615492
102.42738651889292,30.472196124934694
102.64056026271021,30.018560506670816
102.65939175908733,29.976598132078088
102.74178212325364,30.713419250652485
103.0631189233586,31.241797342440034
102.88210123390597,30.337976624816143
103.30942539944772,30.823351248885096
103.15198890044024,30.661202243194094
103.0182587778713,30.78965705233638
103.32850555618045,30.779299680519426
103.32850555618045,30.779299680519426
103.14515328835775,30.62666506913617
102.99519817538231,30.62521328531644
103.14666241416273,31.065598518814433
103.33083470733386,31.107857811909092
103.74153950687635,31.388235189831494
103.80117020798978,31.304890116101575
104.03056519551583,31.482540687347427
103.87856147505525,31.729660258914002
104.23599439417626,32.325638098910474
103.96161336512112,32.53643752856355
104.02449087290385,32.22436119663883
103.93969227953576,32.17436723287198
103.98700811148923,32.07615590392609
103.97575032809706,32.184245999669415
104.27654955197002,32.29069407431318
103.80594274316115,32.104487265240614
104.01451338933714,32.249613050743086
103.96559641695457,32.1939568941253
104.01093317810292,32.30655867694052
104.45818609368278,32.522976105928365
104.44301786769864,32.563138624063214
104.06970580302739,33.10148413966926
104.08065207854929,32.97406274376365
104.16636820201404,32.442272230853575
103.90092608610816,32.33331445216959
103.759466481681,31.875381851027647
103.80241996435686,31.883661490850294
103.76716179635773,32.0078106081002
103.89601129238658,31.967793920035202
104.02266503489419,32.10899873426019
104.05460076338338,32.20635505825027
103.99236566298704,32.62374009124333
103.93155781425745,32.592343318481355
103.82529915846118,32.530315225101646
104.41624810374263,32.750885509554685
105.24099768190611,32.87092216712062
105.32955177910479,32.68516844920227
104.54247416760018,32.53278922325268
103.93772232939978,32.70493223585772
104.03489404174923,32.903866136848706
103.97421304717186,32.86167306797084
104.21432975529517,32.792220402117785
104.03321469007534,32.37541811761647
103.81175350278947,31.865891634305505
103.90021043522766,32.6988310715991
104.2881442929096,33.029991226455664
104.82683558812522,32.692817736573005
103.92642462854602,32.78340089802359
103.88005042590628,32.50224204424144
104.03448743276462,32.263960271744246
104.11202778630393,32.231733880548546
103.99509892161505,32.35595209204962
104.59352207144448,32.69054280394301
103.97054579725832,32.41246897870069
103.79303215907477,31.781025416527275
103.92879821495227,31.518848033014624
103.70707150641029,31.184159969071242
103.36119643665718,31.165719856346488
103.3654804589073,30.861925778827317
103.17744375643585,30.907303434452132
103.3189636782997,31.04001681825039
103.13441456798652,30.91706593102369
102.9820085812155,30.94481904049143
103.12350600083148,30.655923507492293
102.89671333825693,30.461116561039912
103.02354841881655,30.547083492228165
103.02354841881655,30.547083492228165
102.40878814667133,30.150838396389894
102.51801343034225,29.920714665803434
102.4210516211851,30.295912044816696
102.50701970859781,30.200442078085512
102.58931178830804,29.658722875539663
102.4699032780523,29.992834301039363
102.47917546570487,30.273809611931856
102.58926235148701,30.26475772354009
103.27567288693315,30.78158533703032
103.05325287496424,31.11232997010537
103.15249256755479,31.010235143257674
103.00613149019799,30.546501007941185
102.41527802735962,30.1442206036189
102.43267301990664,29.89359588814187
102.46060085276169,30.329411724253024
102.61327315932795,30.26270607304394
102.71290693765273,30.763111982178085
102.96043270880187,31.15948648706041
103.27929734665078,30.986758066335014
103.37908455353461,30.921695386346887
103.23346754370651,31.142630513316046
103.22459496984791,31.02812805461935
103.24320391416272,31.028736380876076
103.43897969575347,30.834951856640465
102.85063476972103,30.341489561096893
102.6878735389148,30.226820604782944
102.39405456622109,29.721742357599144
102.39405456622109,29.721742357599144
102.72397735957621,30.227439925653517
102.72397735957621,30.227439925653517
102.73647517864808,30.384167648894763
102.63201928833823,30.126574886315368
102.6305805689918,30.165598289825265
102.52460539260572,30.56146135281149
102.64351590066141,30.218086648888804
102.78895845055237,30.805847623838552
102.74279039828069,30.897318964207965
102.72444596953329,30.856266556062618
102.7147502013643,30.635665791606787
102.97460600997968,30.591865339341975
102.51501374217683,30.281090694534367
102.66151741938656,29.97858390064448
102.40628664178489,30.105730440703987
102.64258474853536,30.71432923239897
102.90033576093877,30.53151506114938
103.33423744554307,30.879528020751447
103.29288549174684,30.658464424171836
102.64054843106551,30.166888191565377
102.75003221471522,30.7297966078654
102.99472449624228,30.855838827010107
102.44715168226071,30.58369260242888
102.56632852784598,30.62731810460698
102.73883069481951,30.237228204079283
103.33101604956654,30.767085142216928
103.03427144733202,30.582289001966696
103.32748458000546,30.837785909178574
103.29604387049949,30.613726035363904
103.10623939171643,30.662553257937706
103.77549701788038,31.28233610267844
103.64525804428553,31.327521367600248
103.79611886181146,31.43585183108244
103.6897194107755,31.35835877482164
103.31089767492904,31.38625617549306
103.14080041664177,30.75642919112662
103.35113155087083,31.400792756611548
103.88960763377118,31.60709054144648
103.88960763377118,31.60709054144648
103.91592801446168,31.796860352935976
103.7459363681412,32.12521881016106
104.05550288872668,32.10858249312674
104.03324884263425,31.97000002325295
103.99655072860519,31.729790442867756
103.8990992271731,31.627792847029983
104.0530918258444,32.19930681472939
103.98922621109011,32.02142448186699
104.0589292024721,31.726178697161544
104.0589292024721,31.726178697161544
103.95855452328993,32.332490439399855
104.14849261911617,32.360737563936695
104.29048685702273,32.8234774964171
103.96381750584489,32.26426587577884
104.07294614514187,31.747672887113584
103.98271258629138,31.971756274244232
104.07149941461194,31.435256319790238
103.84293987713859,31.505846438610895
103.84293987713859,31.505846438610895
104.02060423527726,31.562200613446997
104.22815321459835,32.898664631061195
104.17516096380069,32.45869882215493
104.25844634034387,32.05648061962491
104.20558025847896,32.183066669138036
104.301263854131,32.14154003838706
103.81803636286155,31.538399782012558
103.89722046967067,31.390706229136022
103.67734239393995,31.950659130133918
104.10208314639928,32.38249082498003
103.8689693461694,32.47347909009122
104.12496694153504,33.101212631284135
103.98617198730005,33.0108859501656
103.88049715613202,32.52969030771681
104.20674824191175,32.922877393994675
104.14022621508528,32.966169618446486
103.92227572266275,32.62002524495572
104.09123086402441,32.176125619059384
103.85685022061917,32.15092371183958
104.13978335136431,32.58235207549028
104.42308297893884,32.60347779458153
104.0760025924457,32.70328244774911
104.75441741698769,32.49425294225112
103.84360399890741,32.04789403261231
104.02689687339269,31.613111426693255
104.20546852025348,31.77198550640985
103.76576220259523,31.87916575068751
103.85206297503913,31.55713721544054
103.36512323579521,31.352828762679923
103.57488628654362,31.16205977752632
103.60236591419104,31.258675980356152
103.04577650175906,31.02571557225503
103.04083455740677,31.25246999092994
103.34065382647375,31.220632312555306
103.17872847880697,30.560541783063375
102.96164449311833,30.640812646288442
103.39175600681928,31.219108480792837
103.19152713098032,31.054972377010355
102.92464231727844,30.56288303584675
102.65417958606638,30.326436127075915
103.18579896951766,31.05317737922906
103.20845135566611,30.87873470345398
102.99073802312508,31.065310275482922
103.2017238391357,30.618979985915995
102.94342098080624,31.226938066896032
103.03275503820318,30.47477392085087
103.18987395900017,30.590223038702128
103.33950486628724,31.34248832657484
103.13801934474289,30.816981643183315
103.02494735792654,31.274858579971866
103.21182846394169,31.13678587601312
103.23137340456753,31.209723376680873
103.09270994251433,31.04394917819167
102.62104316048517,30.543292508419103
102.46228362976096,30.32480120131782
102.67880704275922,30.130084233743265
102.71088215212981,29.921472140145266
102.57363746565774,29.71256432107719
102.42999064322909,30.313629807796403
102.50690263244879,29.738275978650698
102.40934498908061,29.81490352643897
102.59126143604726,29.87120644956304
102.57464942225748,29.894961506673635
102.73989085414648,29.606139920014897
102.73989085414648,29.606139920014897
102.73989085414648,29.606139920014897
102.50936788133023,29.909360697856233
102.51273253375547,29.919763470929638
102.45951742173104,29.878499781230893
102.36467816571512,29.756683644263827
102.56860079849666,30.35580004524375
102.5544485946101,30.731706319851835
103.21836120477772,30.599557408199523
103.11656148059302,30.607065990515522
103.07295607327801,30.847590346417448
102.68667139942967,30.743934642852103
102.40207238913365,30.09846560044251
102.55291661047212,29.716193851138105
102.35574760997281,30.14303845178459
102.40251310304643,30.220739265903273
102.41426245116732,29.71354396080116
102.47243617112636,30.290096632441802
102.50477307388417,30.20360022947382
102.50477307388417,30.20360022947382
102.38316586995023,30.16674057207677
102.67786764990596,30.224343544384688
102.50607341956149,29.994485502616662
102.34609014045847,30.06145621727682
102.426701909682,30.00268940475975
102.94130709603044,30.717414521500153
103.1071693559515,31.222830418293654
103.23883751835704,30.670828929164344
103.09553855113988,30.681886835253078
103.14556174820677,31.031488755088372
103.33000467993092,30.949831864996135
102.79813580963516,30.78949822835612
103.11198698982172,30.821216641610732
103.12293487189972,31.24919419533197
103.57000163334627,31.09498841695782
103.24359762657141,30.774612200282153
103.20533127573174,30.98284106369767
103.38181000021163,31.385211763995063
102.92326874904118,30.92168955155821
102.98785029685057,30.702098951556216
102.95541926799275,30.481001230221757
102.91461369021691,30.862587178864658
102.80549623622014,30.42157197433957
102.98769718075233,30.867571533334544
103.31630677240659,30.736678740702263
102.65624957815486,30.756106053166516
102.85659849702145,30.539838915872107
103.18934000285961,30.78158183255694
103.01485248291226,30.7571310553985
102.65479992059053,30.678082844192573
102.6040829858028,29.957791967320016
102.4308332266206,30.183493612449627
102.4440369688738,30.238597303854167
102.61175387112941,30.502626139770783
102.33956598680066,29.92210784095061
102.40966599326606,30.10588161487999
102.65238080698727,30.206073594961197
102.32486717751023,30.128102888244605
102.63783201134875,29.937125358046302
102.80094631887592,30.820426021489794
102.85821323873563,30.89899801926408
102.8609794224169,30.39273631606347
103.13754392548886,30.901317003208312
103.37786487448297,31.3159353757595
103.61597976064584,31.25629276989023
103.65638356997248,31.205628085759102
103.57951012924639,31.219956959345474
103.17440100991962,31.26542231222529
103.2727496826281,31.28410742336116
103.0908801394473,31.115860499154245
102.73098066950489,30.380352896076488
102.64689652416729,30.49105419520072
102.89927480015864,30.403359183282014
102.71727295514927,30.82313472112451
102.9991703127111,30.654330652944743
102.66933609726478,29.930686228505568
102.61959983958063,29.721311373691396
102.48000181096936,29.757142819856725
102.62794879969603,30.142491377748268
103.0305616232367,30.82753076301257
102.95807331164178,30.88987351117049
103.28280693560326,30.74425108213847
103.10731796226864,30.544267747421312
102.9766156646044,30.5685002294909
103.07588735448655,31.006385517850045
103.58051444075963,31.30852401049635
103.42570834394097,31.411053091633566
103.04520575114758,30.95621180002198
103.05598206842176,30.84479560524527
103.19192247208764,30.830437062300664
102.91547229188834,30.493252155688296
103.28683925352135,30.713968126573413
102.99919215658737,31.145292800344393
103.10677898669068,30.80768836015133
103.58200294945821,31.225537728477942
103.58200294945821,31.225537728477942
103.92222975335252,31.550270378876913
103.91574800614805,31.672040326984114
103.75032155174175,31.811655941169118
104.23969461730665,31.729773687706174
103.76959765820432,31.87992629465873
103.93873223530353,31.9888018768582
104.09011259843544,32.003862915047996
104.77050409314427,32.609863757309824
105.28782064364864,32.69387964306005
105.45233841789758,32.84397380276953
104.74722343300914,32.569384115762404
105.3038375814411,32.86302261529676
104.27410691171941,32.69399112058162
105.10755957164591,32.648914302778664
105.05596818922834,32.64396024779771
105.49132054192533,33.107417302047985
105.09833693127165,32.57911727377897
105.0056458172028,32.60650194252827
105.07545610200395,32.58741051374916
104.3419839078913,32.925279905127084
103.9458890620479,32.36109353733343
103.97862487941391,32.18664875490383
103.95396598357061,32.709986941146305
104.7035550845978,32.69071629243203
104.80056602440187,32.62588619206796
103.92436122566096,32.43138014592156
103.87356166466859,32.02618563345669
103.91712794456198,32.248192542799124
104.21873075687228,33.04231468817533
104.22966962704487,31.6410798223223
104.06733981811854,31.539165993458834
103.97749384705826,31.712936090488917
103.83806272210671,31.86986217986692
104.00262743298401,31.61766043049195
103.94693764042658,31.688080421020985
104.01925174662425,31.937297730374983
103.97026423687265,31.54343507182197
103.87937771375663,31.857319747433156
104.00362442982164,31.58719283199853
103.85183393405678,31.43192954447655
104.01000377507721,31.64822394500938
103.88298555942538,32.55025637177076
104.04521578749006,32.633127556262004
104.11788454160747,32.35492694856621
103.79286024763572,31.54835789218727
103.13971322280238,31.211991923433853
103.26056828960148,30.93921084723583
103.2986782137859,30.862208437778445
105.13522976547273,32.62393370398552
105.38017303108421,32.97095008951662
105.4327361181457,32.82961625110894
105.48295219522129,33.080952374107596
105.47886068483066,33.0524055951526
105.41077068014673,33.13128130456337
105.41077068014673,33.13128130456337
105.41077068014673,33.13128130456337
104.57520487001435,32.61786080080925
104.29684892997695,33.02280213487919
103.9959760192952,32.92584521315784
103.99335900454702,32.654158734024286
103.86505608031753,32.14854193402724
103.83874247891771,31.496792759662046
103.96181391988375,31.57807980953407
103.77152018431998,32.01771311068276
103.90038609640855,32.41768226132031
103.9857622143546,32.60043174642714
104.46385623564544,32.067662408608655
104.33370489568534,32.21210296842485
104.87438661315167,32.5733693418707
105.30726519387426,32.93671259677629
105.4542994561588,32.77621735559249
105.5551182892046,32.86377531350976
105.39138990122852,32.762630583679744
105.14266341786008,32.81511113562971
105.49015491974828,32.902580451089825
105.51231286026108,32.880117835617924
105.43818867544853,32.828831949539534
105.21577548476274,32.911727094239914
104.57477327081388,32.614624561557115
104.14876931488779,32.4016530246745
104.71915989688294,32.70568418685138
104.70614618825991,32.71999623839136
104.43337093681801,32.479384412138316
104.63564236025243,32.70237304460584
104.13896953327186,32.45870074750706
103.82626697384873,31.88561753596162
104.55891680990896,32.5840935021294
104.87500491241961,32.631226997087914
104.52661148169656,32.80901746109392
104.38265311155885,32.89044157236341
104.0973324320101,32.75397166784146
104.11347994340832,32.71811654708749
104.2806854452546,32.58005796112652
104.04940257884616,33.14031565769439
104.3387230683164,32.856100953929
104.14045305594499,32.74648359106079
104.65182758941913,32.491180696951
105.11283752394881,32.63558793565381
104.22623479220668,32.22251064182123
104.21664440771531,32.584781081907465
104.30129059377444,32.568628577183205
104.5187894326882,32.57888904399777
104.06071345898133,32.26012196546906
104.36785591380489,32.14171615083624
104.03491056100475,31.957836574844034
103.7124063097245,32.056073198130115
103.8069066486201,32.01917212294628
104.01958015630574,32.44203587730704
104.91359446233436,32.715576850750644
104.71526594387824,32.67869564597021
104.76020646576916,32.56258626038214
104.78683879047081,32.506413653975414
104.63050633348719,32.65038537637334
104.26160417545886,32.84585445385805
104.65919854802613,32.86749672543061
104.18529089788345,32.94269333936326
104.23225979751658,32.99940646755421
104.02434855303265,32.923494894543886
103.98719414320247,32.79165421775916
104.20118506648917,32.59909532384893
104.04729762751253,31.67407237139011
104.18140223923206,31.758126500469142
104.04765126043212,31.556573542256512
103.72922225590304,31.849083630696114
103.99407177835748,31.573006244925587
104.02125076507103,31.455601482430314
103.85239586867725,31.60889342342381
104.11925557776075,31.63855313442725
103.8399201982662,31.965995694745892
103.95603851653975,31.524211400347422
104.06150589285878,32.45197610427124
104.41926472928522,32.13267773179004
104.04134885984162,32.28506511596185
103.94052093024878,32.45848540109133
104.0823692606035,33.17588239853064
104.15591978983349,33.062476583466115
104.2256356268715,32.81894104261534
104.1913632106606,32.8959125987867
104.15504354449519,32.34109210671987
103.90543346424805,32.350804769830006
104.13378584756795,32.46934833844011
103.83519716444115,31.785011363720027
103.90870720986608,31.976893444956684
103.9921207985653,31.610686538563986
104.09944209110411,31.71166582479909
103.79549875854059,32.05932768995523
104.0949662502805,32.133570291174884
104.35895319293564,32.87640204965577
104.38645373852347,32.2702103335917
104.6049964843434,32.86009320827483
104.28798768103506,32.722120489145105
104.35729814060124,32.65973544155462
104.23018967573896,33.04662630069676
104.04410959818384,33.05372789096966
104.15021801052023,32.58098162912424
103.9959896230265,32.3701087152376
104.72282784994354,32.52336183044145
105.01118958623775,32.688948816312724
104.75196393711757,32.567095503919276
104.73956766504267,32.638141425219146
105.05553243535947,32.71501622477132
105.05553243535947,32.71501622477132
104.88839577428301,32.583474280339146
104.34043497059032,32.8242726989589
104.27552114554621,32.630803580359256
104.20002110586137,32.233184285199016
104.47391212720471,32.087746721226004
104.1286289067438,32.17042097132918
104.06906184365492,31.724609570426118
103.40395860410727,31.36450175603505
103.66315673132,31.229458490642674
103.52851022963377,31.138618398093417
103.334202338078,31.035657563835393
103.30131225970914,30.77487630698653
103.5298535084487,31.183089684139613
103.42300298890521,31.381853090595182
103.42300298890521,31.381853090595182
103.6887389672094,31.209272062113005
103.85719444854277,31.43405632790425
104.09791784550579,31.868094008333724
103.58570826726326,31.122572939915788
103.40260095661893,31.21296293307729
103.21529590092484,31.045767593119926
103.23789233390791,30.831895338662363
103.18627195909168,30.92847038894748
102.93109679230773,30.925270576762546
102.47775842043437,30.472425380571014
102.44314447182954,29.95488024004309
102.51909074741853,30.21048349520903
102.69186070688004,30.269745453202475
102.44784052263874,30.572532283834093
102.72071380943699,30.35005036704048
103.37930773319843,30.905719125991457
102.96149254828458,30.861752279103754
103.2405018251755,31.34907509350603
103.29908479390977,31.269104473152897
103.20109931594016,31.118683029613152
103.31608478505726,31.195763102656436
103.58352949479725,31.18198588279233
103.05584183797019,31.145042272499346
102.81415109120908,30.638467261778374
103.01022385175698,30.774507101795937
102.91383213170162,30.571513675233177
103.26269583866804,30.98625204001081
103.5870760698253,31.33315398862111
103.92501642094203,31.439427068529753
104.05817939085301,31.54893913211494
104.16571926967238,32.293835766889984
103.94355689008744,32.26481037083476
103.82248573988866,31.868403510778798
103.73561918027904,31.947754447424682
104.02060301348332,32.21616840553438
104.10246594983249,32.44588883079368
104.24373644066719,32.11726875556191
103.83034698517915,32.53817654782157
103.97572187572109,32.68673465449549
104.0375007271075,32.51928426914068
103.95186659602024,32.62719746311161
104.17201180210786,32.92026329466316
104.45138523774764,32.552879594626454
104.33632793484415,32.622363040827615
104.02414385791796,32.33127253349805
104.51835010430379,32.65379510217801
104.11762312109387,32.744523706129065
103.83104698718034,32.68211960071955
103.83691232361456,32.51784231319634
104.3609746443865,32.13091306341562
104.37278251643339,32.65291927767052
104.23830766880162,32.643679586480424
104.0339514671562,33.048470629187754
104.70068320525117,32.77529162363984
104.08279095334268,32.24069815718017
104.07337490518987,32.04861600678564
103.9109199776731,31.736840515168605
103.99051958622272,32.3627395905815
103.99429190740689,32.60708449826202
104.05602870711334,32.37351781051571
104.1580180545485,32.2353623477367
104.41288884469722,32.8729202157218
104.39909745387936,32.53406587595941
103.8569639555831,32.24531563811676
104.2682591101862,31.729382279287538
104.1359221392988,32.326431071314914
104.07556906473712,32.078814574480624
103.92393067944562,31.45671110313267
103.97612017784755,31.52656170543433
103.78279837427561,31.436522778773856
102.99199519059378,30.585553683952416
103.0005961676424,30.939215475293917
102.7969414940656,30.82676132755264
102.6195880541075,30.339417001767746
102.66891809576389,30.709208455118272
103.15771989890436,30.5791356317299
102.94520480560783,30.656304188534595
103.47563437506929,30.88851514427375
103.14021015401988,31.212966012401125
103.13364736192788,30.936888777568733
102.59447522996516,30.25844471640433
102.90010207981202,30.397830915871072
102.43605429847248,30.361803773522986
102.60406915558474,30.302452582901775
102.43576582785477,30.307288260727915
102.53465176954262,30.0795452473099
102.4911270434875,30.072525475047804
102.43121365368363,29.913066187471237
102.41001573327114,29.782365203129494
102.33191893846264,29.83568855380214
102.45187973404433,29.812838811462903
102.82686400374502,29.615300331575202
102.77656334915395,29.55635730008135
102.77656334915395,29.55635730008135
102.9873628829904,29.50700765217737
102.9243191088919,29.550444473317018
102.9243191088919,29.550444473317018
102.8568657255876,29.615221148676913
102.97819869897963,29.690268925692866
102.89683086580672,29.517068841613284
102.9790839154798,29.449270706588397
102.34077177158562,29.097929788641654
102.34077177158562,29.097929788641654
102.39086480681839,28.87665190658361
102.25835284744784,29.058435673291253
102.40850746179844,29.137822589034553
102.427493503891,28.968122412070212
102.46416431670168,28.942342914320825
102.3725785928921,29.122677668666004
102.24304874780287,29.033271741151463
102.23745777147427,29.110935639980706
102.23745777147427,29.110935639980706
102.42471717741354,28.99027678837058
102.42471717741354,28.99027678837058
102.40872159909483,29.004984657165014
102.40872159909483,29.004984657165014
102.44919173063879,28.87912954364517
102.37722781911421,28.90920505997543
102.37722781911421,28.90920505997543
102.37722781911421,28.90920505997543
102.2563300832418,28.997646961284794
102.4449817186002,28.952945269196967
102.44305944998223,28.873823654211904
102.38191695091851,28.977198733800595
102.36555192176301,28.9629859481092
102.36555192176301,28.9629859481092
102.35519132254088,29.011833654306628
102.37413549732511,28.881171311349597
102.37413549732511,28.881171311349597
102.45646452576659,29.05168511985674
102.45646452576659,29.05168511985674
102.38242890526908,28.968266081593573
102.2778309605215,29.05371967202674
102.2778309605215,29.05371967202674
102.36182574771993,28.923216083876774
102.36182574771993,28.923216083876774
102.36182574771993,28.923216083876774
102.33934837277184,29.071581772608646
102.33934837277184,29.071581772608646
102.39750477958155,28.911350342464715
102.37050091619665,29.12564189721342
102.43098701451208,28.95153945057521
102.43098701451208,28.95153945057521
102.40444773673357,29.000123446813493
102.25359126682079,28.90810856129241
102.42699689494599,28.851715570535635
102.42699689494599,28.851715570535635
102.40814617420294,28.961697740098362
102.35788074593847,28.934057719235746
102.33425732356224,28.948204781890993
102.42252008356081,28.90488285121544
102.42252008356081,28.90488285121544
102.22693587286756,29.029354802409323
102.25519764828826,29.000713914303375
102.49015640456507,29.01090476272997
102.20868278497343,29.091535094976763
102.20868278497343,29.091535094976763
102.20868278497343,29.091535094976763
102.41066709890092,29.02845495975261
102.41066709890092,29.02845495975261
102.19381695756836,29.049114826090495
102.19381695756836,29.049114826090495
102.19381695756836,29.049114826090495
102.24046608553691,29.102508974021408
102.35461732431028,28.94027205495141
102.480638141781,29.0250564490816
102.36149066154061,28.950608058767894
102.45997361930684,29.038803698921722
102.45997361930684,29.038803698921722
102.45997361930684,29.038803698921722
102.34327279352263,28.900068494953405
102.34327279352263,28.900068494953405
102.34327279352263,28.900068494953405
102.2132797530269,29.082389142943505
102.22093583064314,29.053123263006913
102.22093583064314,29.053123263006913
102.34278184317084,28.944021822122686
102.43838440594064,29.06477584259779
102.43838440594064,29.06477584259779
102.43838440594064,29.06477584259779
102.3347035440019,28.891626272334797
102.39717692612255,28.966269126756373
102.39717692612255,28.966269126756373
102.39717692612255,28.966269126756373
102.39717692612255,28.966269126756373
102.44163928582859,29.001428270563306
102.40412382667022,29.090746521187018
102.40412382667022,29.090746521187018
102.20702232878962,29.02688466541981
102.20702232878962,29.02688466541981
102.18364901510822,29.015553085452567
102.237689845724,29.029660122665536
102.237689845724,29.029660122665536
102.237689845724,29.029660122665536
102.237689845724,29.029660122665536
102.93542392165354,30.696642095543247
103.26767585074235,31.338096769853447
103.22299795564369,31.18741610179422
103.04946894558599,30.723442584836157
103.3554190711697,30.844922825964037
103.01739544881491,30.55288400241558
102.73559589567886,30.233932769233075
102.55355458045722,30.105580621724936
102.47030896906935,30.084894335358445
102.55916648109509,30.363366544303535
102.456222980525,30.00279659427422
102.29311327201448,30.008581682834457
102.48614821289043,29.971563338731396
102.48614821289043,29.971563338731396
102.36782306356733,29.822751485644943
102.77249180644671,29.582369271227208
102.34322904704152,29.900482318544032
102.3784820113247,30.13887677639309
102.54573920770038,30.19660540839154
102.67127919601603,30.149221574865095
102.93625305342019,30.654311524310938
102.33076785739621,30.121610163266762
102.79836895253901,30.676240129427097
103.2225080032487,30.71278480821695
103.28179157175214,31.00415088990474
103.20460861574641,30.78144392841606
102.54342335053335,29.926528402242276
102.42758295097875,30.253214924863684
102.58509388407766,30.52391598597708
102.43090387523854,29.852027026328752
102.45797635590576,29.9579846609642
102.53856367685307,30.03954837346857
103.01435510618204,30.97336238542639
102.59308546897205,30.761376217132337
102.51241240759725,30.570895569137118
102.69086963677445,30.405268759070527
103.24470539761542,30.750640106241168
103.2843174997096,30.63476168224663
103.10937680455292,31.11307253989939
102.76496117806786,30.64886876260984
103.25901641711695,30.896598627446807
102.93078253713776,30.776810357613712
102.6699012448976,30.615977345965355
102.8059234549968,30.465003223373675
102.53179660058908,29.962197226406488
102.49341249865637,30.04544637632343
102.45017604426982,29.874419120879097
102.41624382676065,30.195682952729566
102.88457748160435,30.75813336182527
102.93768252314365,30.89176468276843
102.71167524438556,30.803353618194187
102.69417250328277,30.79415599301322
102.51559221603443,30.624497057243204
103.02551215599776,31.206330136489797
103.02551215599776,31.206330136489797
102.47504668447722,30.32623697040965
102.4768720662355,30.4591638363555
102.51226041729947,29.92251703773253
102.71017793090024,30.278884757781515
102.6490607499287,30.53022573843245
102.9851427996112,30.717728119638622
102.97270121591694,31.02126298837017
103.15306335483422,31.060803553338385
103.20508262435659,30.626007713081616
102.98947788090175,30.834816329535546
102.87628368845259,30.780805905605355
102.8449135704866,30.680327371126786
103.08537722186868,31.047139216386746
103.08266815047769,30.900818267306487
103.06884492743045,31.255619202407782
103.30002227787499,30.677315590045243
103.17040416280523,31.250088132259535
103.06049324713169,31.01459173691963
103.16375314801228,31.230581790039825
103.24983623447005,31.309684990303182
103.69169136047746,31.315096322271504
103.38331512145571,31.36080691619049
103.32009781103918,31.407740522767646
103.32009781103918,31.407740522767646
103.47342304062929,30.853159610865866
103.27684781806056,30.820024672436734
102.94318452486647,31.13271216882903
103.0452742724261,31.15731723304591
103.14353513099442,31.26441275398992
103.27354083681101,31.368157360698415
103.27354083681101,31.368157360698415
103.00610535568352,31.081543946348546
103.11779480112114,30.966888356354968
102.91688749014348,30.915613991914668
103.18439516551987,31.005067787363306
102.68892080599228,30.901508420295503
102.74105337837122,30.708471617738304
102.6952539852823,30.674770764354605
102.51416247891687,30.32761492000043
102.54971569728112,30.54060431991926
102.81066108926022,30.793725549760264
102.92901186666975,30.90760398719302
102.55427242375532,30.540953204020347
102.74677966332834,30.807360852316855
102.5709215714408,30.7062007620641
103.05958529515414,30.636576738641928
102.61973307198788,30.781378940527894
102.58488638312102,30.83005829011379
102.86419781701262,30.50279749171246
102.59171644718666,30.086408235525695
102.36400835093698,30.037852829902395
102.54869581166622,29.69101044069561
102.51850944250523,29.955789801695264
102.56397876915483,29.936314106859225
102.49967921734735,30.244212578955864
102.45087429422568,30.00062490001812
103.02159212055213,29.543941926692074
103.02159212055213,29.543941926692074
103.02159212055213,29.543941926692074
103.05103644794058,29.501529451887865
103.10279778995269,29.445757991942376
103.00401745905013,29.455071599842768
103.00401745905013,29.455071599842768
102.37141851364308,30.167471145373767
102.3095949266842,30.086253756612248
102.3874592171524,29.77266433759294
102.50463533694067,29.706670275670106
102.50463533694067,29.706670275670106
102.53664172382675,30.321001119419435
102.63540480840955,30.09734568475713
102.386665761015,30.216763822957354
102.63333102705027,30.108226579227125
102.49885169079106,30.469830828024442
102.87988909095266,30.68209047149498
102.54601483567232,30.256031252895077
102.63150362928705,29.976384848920336
102.36177354408997,29.768285870001925
102.43668956922008,29.737293062110517
102.58721065683403,30.086865709225716
102.7535758172654,29.615075086533118
102.7535758172654,29.615075086533118
102.86710423416777,29.6097385626118
103.12931692541981,29.49902506635439
102.93349845990596,29.653856100710765
102.94924274144897,30.452267257311746
102.36440976177025,30.012142235882614
102.59893917083413,30.629451487080548
102.76361399363756,30.60962591966168
102.6722876156211,30.770228666359216
103.06824123282061,30.454361944842745
102.9469674123095,30.891803071075902
103.0503419119015,31.21960015290364
103.33409743681788,31.111301655963985
103.02961003978552,31.089140990940646
103.12634285614486,31.115419507706985
103.34352802760495,30.884009969906355
103.39871252814255,31.24033657187175
103.3744701583346,31.020950860475903
102.8197021874399,30.73051748946755
103.27770872015759,31.106886128958493
102.92805460526705,30.996861501508544
103.20836632875472,31.229515263437516
103.21970794593726,31.214952733575355
103.5450055483373,31.081396493494992
103.29121215728878,30.81448672348972
103.03331402133144,31.021680314077063
102.81088304618643,30.811559850021858
103.24667371189314,31.21303254105144
103.4133929948676,31.28928627884615
102.64949808111537,30.184767209071364
102.667821237161,30.15365297801485
102.3155859493808,29.890107276852397
102.54183308625103,29.675075359849043
102.9781638213902,29.527891627581422
102.89021183156233,29.57433901204321
103.12279567997477,29.484679556112642
102.9843740281198,29.6425688244978
102.93758550451017,29.450038777476717
102.93758550451017,29.450038777476717
102.79135664143935,29.570764010951027
102.79973593932436,29.523166816019145
102.45731553916818,29.736125195687553
102.62993814031151,30.820990124065464
103.17920223775232,30.581005091812287
103.52623667124172,31.24974017831541
102.85601381210314,30.779415776823857
102.79559789901171,30.892789973704584
102.56082839953372,30.514259503725484
102.40755309792608,30.160361401204515
102.47791753137741,30.410714259551742
102.92166129950293,30.555844925202564
102.93656931041642,30.495631654387335
103.29765800257802,31.202345803034678
102.76581167614883,30.668713942329596
103.20708657606377,30.92310061691892
103.15100675029257,30.836596538058338
102.94758332672995,30.433118461946957
103.11619977945323,30.878661420277048
103.3128105438392,31.15137353682961
103.35790106052106,31.379097254797887
103.32821199579638,31.375821317064297
102.96126209684297,30.873257917014993
103.61729785290744,31.158595999733166
102.98901329853781,31.251981029435953
103.50983053118729,31.12720708355381
103.77540949397597,31.34849997819789
103.08595434327,30.916158426906847
102.92509592636686,30.833337785393642
102.4747487757292,30.546813603211096
103.0682018033485,30.720160130539053
102.7931070211412,30.46844091187074
102.57051200725682,30.27527896507742
102.55776010294491,30.388360452046136
102.61267081694362,30.526467845004078
102.61989571168544,30.631797290812262
103.31175342966816,30.986434505867678
103.70360030584385,31.248203344076547
103.65846855652217,31.291025935516863
103.94484504125057,32.2422855701424
104.06363966491296,33.059495545166754
104.48532101935932,32.74190191744631
104.78587022838197,32.57286581102757
104.49434642177503,32.820179785549534
104.08589546710978,33.06869857141435
104.08589546710978,33.06869857141435
104.22171591969267,32.678204820586885
105.34636172203174,32.91799392469606
105.6198279192147,32.90190520713716
105.44889114411977,32.8337924303179
105.43455060500966,33.093663531074725
104.88312459203242,32.58071455293632
103.9725029309324,32.73436681108133
104.22639386619531,32.288380607536205
103.74826871378113,31.94767908997715
103.85979608969541,32.47463221308712
103.97706852285624,32.674286371228554
104.10853901782379,32.70727242871657
105.41711901413146,32.771527216942665
105.23198136232854,32.70300320073438
105.33869454572338,32.8062110029105
105.3546354576789,32.68327578123742
105.35641198624582,32.6766253948521
105.00710903598561,32.627843197924264
104.32558746669167,32.15952163320998
104.31287531338057,32.17885978723513
104.4406510444769,32.09597181661992
104.12758909274213,32.56728073344723
105.04502966285644,32.64777316365977
105.08124162799992,32.87712940678284
105.16515644392344,32.80242599205139
105.2373515169971,32.65312571821399
105.01567017626569,32.554045179659944
102.99770536935294,30.669849244361053
103.18020541572075,30.774151825492925
103.14585950508463,31.25464790227152
103.09303453056154,31.04054093676288
103.21891988195709,31.254866252968608
102.99373339139909,31.219820449230188
103.27946656370149,31.282205942797837
102.96994099207095,31.194169365117897
103.18457621270504,31.296039500392595
103.69486861702349,31.22508735830241
103.20380823943866,31.17453765896013
103.1295541996201,31.07301795189896
103.07431959182142,30.53156438910102
102.86488689537329,30.586196603582977
102.5944983934746,30.538081051449765
102.62957933665488,30.421198164779668
102.66674769295088,29.977175820009634
102.6389984591391,29.977412490564973
102.44009911227543,29.779166774865246
102.85208474036142,29.553308518196843
102.47988489676317,29.863642686260462
102.90328708770436,29.58653058950587
102.9858828446625,29.596630000525742
102.92613381337225,29.58331131127742
102.93554688440972,29.428264281956267
102.81096466390593,29.59248973874189
102.56289190042314,29.830460645563694
102.43479679098456,30.172257161824565
102.59492295511635,30.26868570040579
102.41023569878921,29.799825445100282
102.37928904089995,29.82693512232108
102.36277134757833,29.933962118999574
102.53395103085539,30.038716526288358
102.35950678118523,29.844615258665844
102.44943259436567,30.110597504575416
102.63069375710012,30.173413075188396
102.67084373086618,30.275041524860963
102.69271372715849,29.705622076687202
102.34237043027014,29.8853785897199
102.54552255628289,29.909614953703578
102.97651649555556,29.67668306022341
102.97651649555556,29.67668306022341
102.92357903112097,29.532587161769595
102.92357903112097,29.532587161769595
103.15726359702202,29.500695314841415
102.9336798876267,29.407481888064815
102.9336798876267,29.407481888064815
103.06954199555574,29.510187344782512
103.01196940892564,29.532752982059506
103.19000735632403,29.519419500877486
103.09474770217592,29.436411786540713
102.44769851122865,30.226051132043782
102.52737961745845,30.036789020074682
102.52039110590972,29.72203386683174
102.59340305588023,29.685810079918692
102.53192283689262,30.32202434718914
103.24422436406353,30.991825102003574
103.65236785501189,31.158650086825283
103.34120431306238,31.062327030530255
103.33003904361702,30.715208238797853
102.42498595349998,30.45112886081968
102.42603952982569,30.514788732119932
103.19023828249496,30.874519560415226
103.08575162627412,30.594782367257224
102.992105171972,30.802593064177177
102.8810286452659,30.489821112656116
102.7353336391992,30.20070781677759
102.87802376945518,30.350124511622536
102.54203056254948,30.678634758116825
102.6004976842332,30.63057534513037
102.42358113742564,29.977793236508248
102.60967219365698,30.17708657955699
103.10529635257645,30.41431565641871
102.92032460072919,30.80303489456671
102.90785441359364,30.856213077042074
102.60927058955234,30.31533112575116
102.46364262980329,29.919966628410666
102.47722529593293,30.158328980695906
102.6114685463788,30.478474549389905
102.59725457234094,30.201080644711816
102.72126981165965,30.255471973292565
102.98705375336142,30.519142753575835
102.95625758756833,30.552085102155978
102.915696505425,30.592921074297415
103.21128023060481,31.05353470073458
103.3251854566339,30.707029791990585
102.97830004311628,30.46850946798075
102.496523024584,30.538802924882138
102.45449683890698,30.33625088856361
103.07678174908965,30.448695954384082
102.98228956858334,30.871102206484476
102.77998120954472,30.856787964702885
102.43076534035075,30.48079612254455
102.60355156149923,30.617970007979608
102.37462622097112,30.08476741537133
102.46527040116665,30.237783719975404
102.46002279629644,30.312273067146585
102.32996431489515,30.063374428294697
102.5983559845679,30.479814744909277
102.7349538928442,30.649013434179817
102.58436533202153,30.745777104344803
102.59449138730972,30.611395141965502
103.20025927316044,30.725118543798217
102.65960135358911,30.74430990148161
102.53361106263925,30.512347607497873
102.58272203481226,30.21386815661276
102.44138187555313,29.94897797268043
102.44138187555313,29.94897797268043
102.55809967241775,29.894831947245503
102.72279304304617,30.279206094606216
102.97418739979088,30.913361488030063
103.6905019738601,31.318591200063
103.74390086333085,31.258644359637273
103.25015549336793,31.128831172662913
103.11994745066343,31.136005451009343
103.12938985587152,31.14936227502202
102.84090844648769,30.774031918242393
102.44174338553647,30.57865054784942
102.60889805245296,30.576305311086614
102.49276785595448,30.786247796994267
103.1168967334992,31.017074732687572
103.10626807975726,31.02625357393312
103.29918410361776,30.686760753787713
103.26147511481433,30.725309778471775
102.80357942102226,30.520422429507096
102.68202268516545,30.310590829068012
102.94241814115358,30.65588470374516
102.94241814115358,30.65588470374516
102.96399921770936,30.794286416802866
102.97656088968618,30.431252034351807
103.24341531407579,30.94915951145965
103.33645882278218,31.406649104203936
103.01615676323686,31.292790143578234
103.01615676323686,31.292790143578234
103.00940397318202,31.235214180487286
102.92774563984096,31.223740526232255
102.92774563984096,31.223740526232255
102.98703520985485,31.03128568422555
102.82621127636816,30.751375353792422
102.94601996607092,31.01771161865823
103.00728227894331,30.94867307235595
103.16689592965086,31.018204164654904
103.03909696518214,31.22860764520019
103.33326049564762,30.78820799963504
102.89030872784072,30.43682627335239
103.16935993338063,30.51122353801699
102.9202419449528,30.660705799690696
103.39836327058558,30.85240769157436
103.58821415002159,31.331021489041692
104.03769828465214,31.47544008227166
103.93791709588723,31.63276490826056
103.93791709588723,31.63276490826056
104.41799171952432,32.10594476280942
104.41799171952432,32.10594476280942
104.17002540439837,32.36419308241275
103.85002395540832,32.48116122752874
104.17429910731758,33.107235111199465
104.2227507354902,32.23023619434043
103.9070832600549,31.880441510805902
104.0617132071703,31.684905376059096
103.76162504254324,31.281802969405632
103.69985914654767,31.279336652602392
103.66077101991549,31.210486004556316
103.79905394842768,31.389606050022508
103.9168990147112,31.78510077811444
103.84639680473774,32.270185001886226
104.5155827689303,32.63463532355313
103.81835162881613,32.39210572665062
104.02865316723242,32.578352748574616
104.59535991270388,32.78941185053926
104.19264265908078,32.65618727525367
104.38174268745055,32.874131427697726
104.0367907800558,32.913604792429986
104.44419829805838,32.675947877185465
104.00575551424409,31.649753503389423
103.80289860614721,31.459820748772295
104.06134841333748,31.437555287369204
103.74533328822963,31.373618231118254
104.03086831427906,31.492059343524176
104.06816752991597,31.574281533789932
104.01773879243649,31.735269382905333
103.83180527862807,31.998492637114154
103.88967652919133,32.047951074485496
103.94689362305732,32.02243896089762
104.39824626332367,32.096031095608254
104.07314958106447,32.826404764939916
103.98710189035421,32.95560762590974
103.99865948005124,32.63043273766508
103.84221962496973,32.58821802151895
104.18940135299843,32.96890789085634
104.17883958667447,32.77019670675712
104.56269035665096,32.5879744633023
104.32869530668734,32.85797201917324
104.82634936587921,32.71379747642451
104.61155336253351,32.42594633727507
104.61155336253351,32.42594633727507
105.31227494371569,32.66351511496666
105.52941533708625,33.03780418450096
104.92607839280971,32.58348643090256
105.34544501058899,32.69189531047984
105.2316469827179,32.84397219158609
104.9241114139681,32.60749718943009
105.31619062740673,33.008594937056365
105.46228898536613,32.83879377225327
104.77596260236177,32.65441759773239
104.80104906319566,32.60815816640653
104.53996325506573,32.470405030845505
105.09947089661141,32.68435096822598
105.14310728494719,32.66511378546394
105.50634991784264,33.02369871535907
105.34894489280022,32.94262417964539
105.46435988012783,32.75087685186831
105.54473596867511,32.96473535786992
105.0730623259854,32.5774847986098
105.37791580242387,32.8881233153551
104.06664730889203,32.88243051400691
104.23876949499385,32.332205008249545
104.1797229883683,32.64840504519598
104.54835048258916,32.58681562159309
104.51761378755592,32.838068881236595
104.25788591154173,32.821864195518664
104.62221054375782,32.76247284976701
104.20432492469274,33.03708303042955
104.08841673906382,32.801155311327186
104.55851159969478,32.77208671137794
104.23953084592267,32.69242548579906
103.68896185346584,32.006699237407865
103.98185215727437,32.621121276356924
104.34790754113698,32.68694738151447
103.84929556178609,32.536235295744774
103.9765953494579,32.320461864261475
103.92454156661427,31.682479851731205
104.04024570588939,31.54581408313221
103.89759076461624,31.467417626967823
103.89759076461624,31.467417626967823
104.18390360846419,31.777792718279887
103.98398795920114,31.940186261370474
104.07253204646089,31.86963484824282
104.16942157211516,32.312744878618886
104.09255998702379,32.55515347040892
103.92287522794021,32.77420492787694
104.83655917040555,32.54860226565029
104.04701762142876,32.49848194680427
103.91310532183407,32.38892185664267
104.11533078062112,31.641893949486576
104.11533078062112,31.641893949486576
104.17342047301055,32.419739384067896
103.98358214220363,32.44751658540713
104.13522796336798,32.892401320147066
103.93974398987552,32.7876609439922
103.97698642035407,32.880769063571265
103.94267599300053,32.32546083801751
103.77789644750386,32.043786126948255
103.95356781027878,31.808497370881653
103.67912963231527,31.980102901877906
104.25658135406097,31.76882417215063
103.88071827628497,32.02477168837338
103.86920154817827,31.572730471257305
103.82538715050649,31.529873531096786
103.84838857399974,31.734926011626175
104.23506110066101,31.742107350801835
104.06222035878255,31.86198783701887
104.44535315106141,32.61649129781853
104.52131026127302,32.60437831146103
104.54014772517094,32.61745370116056
104.06213193881038,32.99942915451115
104.31187123068257,32.19432374318651
104.29388275010423,32.66585395398254
104.59586476689724,32.48933583695901
103.8421667981161,32.25335620767546
103.87975871745641,32.06584691379867
104.04762470658547,32.34535066729998
104.01431568922987,32.426850431239835
104.12794535151836,32.66536896663587
104.29971747212068,32.653867804818724
104.35245576206223,32.966121666634
104.77430036136003,32.69186903833731
104.08032093321214,32.84729810398187
104.29648541554712,33.0043798760456
104.31279821179177,32.824975191734026
104.1086800243527,32.16122551131391
103.82496688568469,32.37593067107834
103.76670705420092,31.519095873528002
104.03162854006271,31.93126748523698
104.07871323267626,32.175869276357865
103.80604145323521,31.821841321713364
103.91222909970965,32.37038514745144
103.93806410769604,32.054811523525984
103.87588453693803,32.20084915673308
103.92800413310367,32.1601001677796
104.00622170945753,31.497413167592903
104.19800473503534,32.67867792567403
104.29459281570476,33.037149001947945
104.36360513419152,32.57293573524862
104.22963439236092,32.08615055460732
104.26816885345261,32.108177387502
104.22477568215224,32.619266801281526
104.79636425778918,32.71552099426344
104.76726799620447,32.77517891905063
104.32044050853231,32.734807554308446
105.52454265144866,32.804400233813325
105.27971737693902,32.895596552823875
105.60546040835638,32.9572298513111
105.4750639051047,32.97456952313015
105.59192555144081,32.873366901965376
105.45888408902115,32.838563343084765
105.24836777326811,32.61501987475091
104.61212023737703,32.55174242614719
104.50061131982179,32.867692924929344
103.8593402439,32.64906543376368
104.04102715317705,33.012480201606635
104.22526570047391,32.889503882062535
104.01298180257022,32.82587984343442
104.0655473923701,32.30309090821028
104.02597002589587,32.20080663344633
104.02807667561092,32.13879936112494
104.06594112180328,32.19634366552915
104.1219869054497,32.65625094615876
103.83947862171674,32.46674371629737
103.96078232594157,32.28604622342458
104.17444988850886,32.64227251412818
104.14683850061908,32.29363201256597
104.47003877900546,32.73583816120683
104.07717322053242,33.18317922742666
104.70615636186994,32.46779375238288
105.03020228224572,32.66376130006172
104.55526979446921,32.50498240943665
104.16400320285935,33.050623266962326
104.02770978906628,33.15928271760776
104.07604278314541,32.92595362084035
103.94587297825039,32.570540609939066
104.38131418517762,32.962962662141116
104.0377498165724,33.04635857211612
104.33499693209829,32.127900951783744
103.79309877752287,32.09919601386357
103.75954381984045,31.957244766706417
103.99793539635591,31.895220366150784
104.01579297878253,31.502584972744128
103.82778774259158,31.535805733351825
103.3642893924858,31.15646434374449
103.58643641627702,31.21172440210393
103.55739200981122,31.125359292603594
103.51890283975445,31.115934574603862
102.90998250365425,30.42679434046522
102.80454724952195,30.587744637289937
102.88100716732669,30.51014582511884
102.45043042741678,30.541246370973578
103.04063396036649,30.541384067302488
102.73177336681611,30.334377499202116
102.96147440201058,30.600482105350522
102.70552740452153,30.649821412246194
103.18266775278477,30.518434895392136
103.11656837351985,30.79201827820758
103.54110037018856,31.143873062684527
103.23561919657926,31.110335987301177
103.09936212143081,31.05099939333856
103.21525184092695,30.67831327020634
102.76401886854771,30.467578535538635
102.43519683757076,30.38325560016202
102.32510892576349,30.017096988058874
102.45367377994377,30.06431637171911
102.71157982843243,30.196526985921835
103.12498779311096,30.467069157962886
102.73300238976947,30.696838123521946
103.42614879326764,30.83242750704005
103.19856600527491,30.66625891739607
102.97983416646638,30.616091001134617
102.92107195394155,30.625021879635636
103.16326560773739,30.817089624304646
103.19199109749837,30.719237915850147
103.14891329172562,30.647749413432297
103.23660976467357,30.730577102715277
102.57291695662076,30.767893221513077
102.62130469346678,30.77398784752702
102.4721593482953,30.771041213028568
103.17970578648722,30.616242526358796
103.17970578648722,30.616242526358796
103.2002141370624,30.81592961084937
102.90659346404424,31.186474068971528
102.69616452763461,30.79257227062265
102.69616452763461,30.79257227062265
103.33281559736555,30.99457255907654
103.31880549484987,31.121976669866587
103.36110969428306,31.063053814110948
102.69676531015367,30.63985530758512
102.58591996889098,30.20401275838659
102.29364991245275,30.028111901544566
102.5062057356164,29.77766843437338
102.42940719423,29.953738708342787
102.49508306253098,29.69231521286913
102.46829416421438,29.894549069708265
103.02312895987465,30.62195670443098
102.70119430594725,30.672051861452466
102.7222724367438,30.788725818445567
102.45522774106261,30.37863193206986
102.9313893760303,30.74556223197817
102.7547702520992,30.28246270052505
102.8121793185889,30.50112338517934
102.91947957699102,30.929207484121413
102.96106966660129,30.99451537327757
102.61272719482676,30.546702351658556
102.51721004550774,30.574297543276426
103.16720536474303,31.113816234111905
102.99266328749616,30.76130733117599
103.03164972996704,30.78374705198538
103.03164972996704,30.78374705198538
103.23723123785318,31.03365157293819
103.08908980543765,30.721085205487846
103.19821632049988,31.34465338422406
103.5498005799245,31.22970462185099
102.96373561437537,31.19979758398859
103.1741186631035,31.123171076708704
103.3182679480506,31.055520233446295
103.18389573028452,31.100671580512994
103.13137315942826,31.18019777915047
103.37631268641461,30.865444230827514
102.78286998515681,30.587526007388526
102.57184156113433,30.809673400234967
102.46507049691739,30.3928097099499
102.54562853218754,30.270198762153353
102.5939054852002,30.64589072739651
102.93320753172696,31.121224989899286
103.16818059620621,31.230224633920255
103.47296579036355,30.88201098882071
103.24767097235515,31.005183456895892
102.86868874837388,30.534421216117078
102.75047410303841,30.593324608689556
103.03434689584745,30.54125880479109
102.65745689330065,30.20044547764783
102.82978560469613,30.70171152239626
103.24075375638024,30.739419403643712
104.06908043882167,32.267054446258165
104.14076554123889,31.717563933297136
104.14076554123889,31.717563933297136
103.852302622305,31.864527825614303
104.0193530780463,31.94897528427486
103.76693024211004,32.0703938796903
104.00409389988005,32.26694420274827
104.03425237354989,32.328931505998305
104.99130049817511,32.62580689877505
104.16131401708117,32.68906721354276
104.0588010752847,32.562652648931746
104.36978573436073,32.915210858200226
104.75949211061204,32.64996506015612
105.000513358136,32.6667031499258
105.10268218449646,32.61286020264694
105.20960670280965,32.79663897261693
105.59822119715179,33.009484881412085
105.31784132388886,32.88537916865063
105.23851602113007,32.82116565861806
104.91212124225225,32.74110279318696
105.38329063342513,32.803449961602624
105.52396285718761,33.0158642096147
105.12673731683569,32.981044983536755
105.27769085024805,32.62749455002491
105.4594020641728,32.896581308940554
105.54437668494245,32.995057576576826
105.58095853328207,32.86871403737896
105.46144397946586,32.98170208860754
105.498734030126,32.77874961053513
105.59500898507277,32.920489983638866
105.09056355163814,32.65285012238099
104.90158247466968,32.76922454216691
104.93563556165896,32.63468102286348
104.20886100298726,33.01363612022839
104.26433664732761,32.64928703692517
104.44742607676056,32.82297119626815
104.16699277884352,32.54672150309785
104.07433227817842,32.97299302651044
103.9302519061066,32.9141914550694
104.05057974368061,32.84143227825926
103.95047334582752,32.89773002568405
104.4657242079839,32.945221051739466
104.30905142942518,32.56802446940057
104.03392067933483,31.98338796046068
103.79905432319332,31.9645062459814
104.04220247628513,31.618406433527124
103.86714644220545,31.89705169015101
103.9849680757736,32.18169531186436
104.30416694833612,32.059236823934455
104.03483103839304,33.072651063031046
104.36040261994991,32.945407815026336
104.11050525443525,32.919117741476285
103.82919130508064,32.34199455110222
104.03309069089346,32.34781008619218
104.22168649638539,32.6961463550402
103.95581108897552,32.69755369687863
103.99558811531017,32.29997101639012
104.13313302542984,32.46448540261616
104.12710591434401,32.937359092138045
104.03531170835825,32.647611636762676
103.86000800000151,32.58485547242476
103.96390963856446,32.205024543268806
104.17356526823477,32.30089296781753
104.51140036636295,32.78953505805708
104.76324585754449,32.66880013093565
104.14416038551975,32.19599683352481
104.1025124331018,31.590256972149874
103.82797512983649,31.52448439120541
103.10342698063164,31.15509868556346
103.17527601924247,31.285398536629984
103.17527601924247,31.285398536629984
103.12320798860586,31.07328797174917
103.15039583403937,30.827888834832756
103.16711777227378,30.547665527747977
102.90907494227346,30.75935719223947
102.45787152747964,29.92099523288461
102.76711913155044,29.54924016674071
102.91298409262713,29.617975215933846
102.19481252908821,29.075282283036387
102.26443534713911,28.972941720815474
102.2714250069149,28.94791727977834
102.2714250069149,28.94791727977834
102.45362478129388,29.050729330363982
102.45362478129388,29.050729330363982
102.48168601145703,28.91896432794495
102.39155912164321,29.11939834613792
102.24500495405039,29.038567375676205
102.24500495405039,29.038567375676205
102.26763586457137,29.05512917883017
102.26763586457137,29.05512917883017
102.26763586457137,29.05512917883017
102.44438691618147,29.016562137308973
102.44438691618147,29.016562137308973
102.44438691618147,29.016562137308973
102.3386197337667,29.1045550663214
102.39181405390393,29.007729841014047
102.41398560687828,28.878278565261947
102.38011071187871,28.914109073107902
102.3817510554029,28.88804361454179
102.35548324430955,28.97725855248094
102.35548324430955,28.97725855248094
102.42867169063652,29.027046414486374
102.46972290370032,28.983220476697962
102.25470844960535,28.962246615412646
102.25470844960535,28.962246615412646
102.36045093676063,29.01889294477616
102.24413786924403,28.95378494226925
102.24708452410385,29.048471703606346
102.4562298507222,29.054775326336692
102.4562298507222,29.054775326336692
102.23355979783807,29.071511315040723
102.40366902562349,29.07933276779389
102.40366902562349,29.07933276779389
102.45480315428149,28.90885531205882
102.22332508357364,29.06132627011292
102.43252377392157,28.866374793907674
102.40322267493264,29.097020073580044
102.40322267493264,29.097020073580044
102.26185476751351,29.05726848570002
102.24744357222951,29.03353556923243
102.24744357222951,29.03353556923243
102.24744357222951,29.03353556923243
102.44338757777398,29.720180616003628
102.32200950959597,29.88003518179798
102.56729671056817,30.442765114450783
102.85080767387771,30.584879076852204
102.37595500120526,30.076923415376633
102.43675547906321,30.524721168750805
102.46469262814489,29.965122203494424
102.44343248773103,30.197319093560264
102.43001030043601,29.84232820416146
102.43001030043601,29.84232820416146
102.51901856370101,29.99429296142388
103.09423699928773,29.478259702540047
103.03984015967076,29.54776603819999
103.03984015967076,29.54776603819999
103.12605194574095,29.47475114008486
103.12605194574095,29.47475114008486
103.0833032427025,29.45875628355826
103.0833032427025,29.45875628355826
105.40493463098905,33.14144811784608
105.40493463098905,33.14144811784608
105.39199427735842,33.05410064096083
105.20921284561187,32.91722527516872
105.2602615154166,32.63294393698173
104.81711449089644,32.668605034760425
104.30121833481583,32.58669944736125
103.90427968093196,32.86322896944194
103.88814794874233,32.88555611590746
103.98535551138148,32.75870699920349
104.15545037178907,32.77726362750684
103.82447470221838,32.03915875808289
104.02027863197316,32.0373782547018
103.92423611668556,32.07226355955654
103.85134674922753,32.17292016076841
104.58719017575778,32.86773669880122
104.75104724108228,32.68773503804905
104.40263764034775,32.661807304691806
104.52842699151454,32.88046218653775
104.8284110603917,32.623367836835406
104.76906875113673,32.60441904881973
104.26816642961138,32.941570717737946
104.97542853379888,32.539040987037204
104.71523514187139,32.63611679934005
104.13100008773793,32.37873708868665
104.64308846243188,32.60445594976761
104.3657579382081,32.59009525235282
104.07968441783743,33.008872342154795
104.17816307997366,32.3494915687238
104.32977648915754,32.255367228804616
104.70934277924755,32.524075799816984
104.38885202357083,32.11998308111849
104.0275998029255,32.051576120490836
103.86478366392345,31.806356282801474
104.74649359979153,32.49353345543303
104.44737877999565,32.70675719626298
104.22062089971877,32.82674372051289
103.96243137142002,32.56506058792085
104.076134674822,32.27003238001628
104.0017699696794,32.53861622186318
104.0820804326415,32.11780996029757
103.96487601423965,32.21002341931892
104.07965179380392,32.35792393649288
104.04055291495563,32.81072014389735
104.24482172459209,32.84808506878407
104.45088865162226,32.69270392092458
104.22472529519385,33.03678706670539
103.89234897100314,32.88490119605191
104.1334904795279,32.961531091632686
103.93635065475526,32.5846371340882
104.28843961155533,32.93013853075442
103.94024095352711,32.85313218593322
103.97572589287363,32.55275632488859
103.85853406698948,32.631153609510164
103.92552646907225,32.21216242691831
103.83426836457024,31.90027419660792
104.01167590010098,31.576507174827654
104.15875435324635,32.408323501429926
105.10169874202808,32.60755174874983
105.3693247524558,32.878840634325016
105.3081377789576,32.658711895270535
105.31514175009777,32.68649153151807
105.3034808280079,32.82324964091305
104.94515248092694,32.548470516648926
104.15670269844681,32.7567365515562
104.80498791468973,32.76700563673647
104.89944698542064,32.65393306066364
105.3468611301894,32.856320250156955
105.16531292512207,32.713643593026646
104.83397500384186,32.534664742262336
104.74860917918346,32.738082180950144
104.90816328192291,32.740415420097875
105.15489172409809,32.613831955973374
104.94357721094283,32.71664723470388
104.49826943345039,32.77725274942636
104.87357109218301,32.72211033122167
104.61480920634766,32.58111891477302
104.38872519279687,32.66589415684814
104.25463572033055,32.84275421990787
104.54362362364519,32.78147653596057
104.24145818250736,32.754548111911376
104.87591843162664,32.665927550616885
104.33060725809877,32.28431454888996
104.91071434080744,32.76435101981632
104.81818137734318,32.61966142861716
104.21709344571525,32.606321603413164
103.92068424082542,32.687347888602275
103.86507254097856,32.30792692008259
104.05447818158514,32.50276627538836
104.48175344131282,32.78822837819411
104.36925105809043,32.78988651254283
103.85920527650362,32.163786025839144
104.14048931275676,32.23213603514806
104.0523920540841,32.109578347679836
104.23861022706647,31.779646815620975
104.02365301215212,32.13679485147379
103.9965633831809,31.69004658071495
103.88463539121936,32.212551346007736
104.04326756934532,32.55120243457543
104.05678252060005,31.82887192311602
103.93294665177712,32.04371750989236
103.9818166699301,31.85310455146173
103.88175988725986,31.537264508532417
104.24797145147937,32.287433223844076
104.42431508728502,32.068847431848916
103.99012228423037,32.146803946825656
103.77815358562954,31.931805217182664
103.69716110870631,32.04139301936456
103.79333341428038,31.876247172957644
103.82390903602239,32.06281060529611
104.11361738399202,31.772053727917058
104.26181949947956,32.72376811354201
104.06273220483249,33.18455284493392
104.23395696113765,33.05478978640841
104.00670187962166,33.0942271595116
103.90021218162255,32.88608862962775
104.44604171713628,32.52990500136443
103.9267956850133,32.079516223880184
103.89102462166903,31.998137843510964
103.89773563156139,32.1086885826926
104.0460897096122,32.03057247135263
104.34745973395623,32.82778999315703
104.42560693175918,32.72653353662512
104.28944605106584,32.1623116920604
104.22797010574352,32.688553395294306
105.37301920070053,33.03630757189044
105.37301920070053,33.03630757189044
105.54988645897546,32.989130850668694
105.440038841793,32.77048849226286
105.5714506806477,32.840053837551096
105.54761713912032,33.03724110127162
105.52612492981764,32.76322993671242
104.91511510619992,32.52877845949071
104.97007717734938,32.631616316063266
104.09275068068887,33.06573717306832
103.83592187707112,32.68464489371374
104.32053177458752,32.765014941920484
104.07373357884858,32.919194438546626
104.00079679360562,32.90841887790463
104.1774095484849,33.00644836063812
103.78715048331527,32.05901704841678
103.9237699071911,32.46570944232307
103.83222922785652,32.536992842993335
104.16492846424131,32.398755544548585
104.14981745486315,32.421858234966976
104.21241866150373,32.89962503126446
104.21241866150373,32.89962503126446
103.97584279726145,32.55518150985408
104.95749578126336,32.652017729696986
103.99725381477997,32.386364553852616
103.98458646698325,32.48746820632138
104.29526369118145,32.92086223201969
104.33926562481548,32.62842113553136
104.41260754090216,32.29515499629308
104.41178137171434,32.93907046061541
104.21207315838737,33.06662034987491
104.41292864769221,32.82438257687356
103.88449908343571,32.63659976438751
103.96882100671776,32.4935837107666
104.2294522118034,32.71389002434341
103.93628130517325,32.36877845512557
104.22270722238474,32.652571493192006
104.48087581363667,32.63088246412838
104.03429866612048,33.055731655672155
104.11504043163055,32.779389986981066
103.97501574783003,32.825734721164416
103.74844375434981,31.872408317089644
103.95076612579425,31.651393795553137
103.73540152646794,32.106393155829174
104.03091187727445,32.31226774421848
104.32675907820696,32.510308344878645
104.54816318149844,32.71551559189028
104.5220875486128,32.64543960451616
103.90111813117426,32.743113622239015
104.07535122748278,31.42044544985431
103.97414535694884,31.500455841574805
103.83606372531534,31.495506931050983
103.89782192071095,31.46525420170941
104.1133121679456,32.011569189092526
104.1152299762264,32.270105148485676
104.39000899772245,32.83170758730634
103.96525124710364,32.75118218220518
103.91492914389596,32.57740044857342
103.85731450359675,32.534599660513464
103.69627128355452,31.257061415708574
103.7660887043768,31.286029151389172
103.74846862402744,31.457788391689107
103.74846862402744,31.457788391689107
103.74846862402744,31.457788391689107
103.35777044569753,31.41157816158672
103.33426290827931,31.10590615993124
103.56141810196661,31.236738882460614
103.64545338859409,31.176713161326546
104.00301197673141,31.51651710347979
104.07725533997582,31.743454020703812
103.84513608023923,32.51209214679936
104.06794780879287,32.509780437952536
103.97456659719954,32.418395212967695
103.97985846308438,32.35911043265857
104.16366104498626,32.85321619530057
103.8770224671045,32.51379678313171
103.8770224671045,32.51379678313171
104.07999490380435,31.722896773999008
103.90256457651951,32.0229440546147
104.10284077773329,32.2164002908408
104.03817720446507,32.41753285176532
104.17062776717192,32.63081888520016
103.97264280912285,32.882440902616906
104.543640193322,32.55585301191552
104.26246736177276,32.54186135966448
104.1691180861912,32.843634924253244
104.89178459405174,32.58692358444746
105.16666065664874,32.86298837579513
104.96200568228957,32.622700927216655
105.44799102007232,32.96733035672591
105.10857521139546,32.9604644771599
104.96988062975086,32.62041317075514
104.81895353254824,32.68131415560047
103.88476196356679,31.849290390212232
104.06948526398745,31.64686900226527
104.30092832202473,32.05290808389092
104.4664779965846,32.57717988920704
103.77418742988296,31.859778967023587
103.99651388430013,31.680134462986125
104.02397795094477,31.930511202826757
103.7413562220685,31.46991570954374
103.51244060767257,31.114825688311367
103.17381356470695,30.85478228403837
102.96051313874257,31.012021250007685
103.09356316533894,30.5661024716096
103.06821383143735,30.912976906410485
103.08870125266377,31.116696270357366
103.05487175909623,30.90444441510262
102.81648132384686,30.462020624699353
102.96934147793097,30.6838222284521
102.94831241048247,30.982751481911833
103.04573694918686,31.140170931210676
103.66656142683613,31.239590525588984
103.57232046575041,31.33261362839882
103.04030222465767,31.11026624777588
102.93591705845562,30.921214300895933
102.71234077596996,30.869141980225418
103.02016401356542,30.638027153779028
103.21517318308122,30.939115140117384
102.99846698989826,30.547627078044272
102.43280161227986,30.395358911165083
102.57802321535866,30.16789190769001
102.58109270925343,30.0744886982246
102.5281328055944,30.256438467420768
102.8484185208408,30.39329832215396
102.70648135182098,30.268611189599195
102.55455086071463,29.8613540124088
102.40009120748043,29.975456012876577
102.37580278763355,30.007409498088784
102.67139830808885,30.580894999062114
103.30367016492491,30.77986693465891
103.35860008680368,31.299149602709935
103.0539769020412,30.830196077332264
103.13630229080904,30.791159187574202
102.81051860419679,30.60146375163627
102.38641866902263,30.084435130596773
102.71348080238104,30.266523400546845
102.42223320647963,30.09013564934098
102.42201058365359,29.792429693866715
102.45993578057275,29.95106715402094
102.63030208199677,29.950868797479135
102.51981961483231,29.88006570241631
102.42628519237014,30.33222137835177
102.6710913388835,30.677723359571868
102.56378188207972,30.667840469877262
102.56378188207972,30.667840469877262
102.98191463286084,30.81312338478045
102.83559139517217,30.59685379414536
102.99228475876446,31.292899101974243
102.7660993073807,30.89770087966279
102.8141526943636,30.89546371651832
103.39156147600721,31.205356640321494
103.63487976542338,31.23576455636733
103.81842428468543,31.514831587473484
103.59792148299816,31.21568957806152
104.04460546938822,31.85266025697595
104.1249129151055,31.61960515409828
104.33563013924862,32.154616883173816
104.50106174549373,32.508081171581786
104.51634828428253,32.80796163435197
104.24007037747579,32.75340878339342
104.01958051257405,32.94267216710145
104.01958051257405,32.94267216710145
104.0183523259921,33.106091226856734
104.24817025936176,33.05356600606816
104.26074545978634,32.94694528401999
104.53772056364757,32.7022439593655
105.40886545495556,32.80181541745412
105.34930200081618,32.73689212686457
105.14745118837914,32.574431838292924
104.854771329697,32.581101858719414
104.36933414482772,32.80269220918722
104.26144934158208,33.01974528177809
104.15152882940822,32.36530510829426
103.84428375519678,32.46858865979022
104.00635110396338,32.710967589734956
104.18485734896544,32.74309987913805
104.13435184130074,32.79666679944488
104.18818737352434,33.081265961154365
104.00967150932043,33.0997689690113
104.00967150932043,33.0997689690113
103.99065284069316,33.078809911630564
104.20635787708906,33.02488264352719
104.26604260572383,32.9798967276921
104.09132518644715,33.183093843374756
104.47610331582601,32.95771088429041
104.33527868055535,32.84216207886686
104.30728026880733,32.72273200225896
104.44388630873782,32.63778757296574
104.30641101699044,32.70258815792041
104.18804922317753,32.86119978045342
104.45074116024288,32.567029840979515
105.11186356173747,32.882838456460306
105.27621742254568,32.84509177018785
104.81417219136046,32.61774264266031
103.99323355986863,32.513975376012446
103.95780998540923,32.13753255723873
103.9823801034109,31.923039602855894
104.092282216404,31.645028911427392
103.06484262381473,31.14026324125085
102.82727803785706,30.820615979519335
103.16469369651821,30.750574310895743
103.25049160953938,30.82854117557398
102.49987141126891,30.67085363433057
102.44897486245343,30.254533755087596
102.43591487501402,30.446940468412997
102.66207699957205,30.406666824853595
102.66514840774995,30.26267831300595
103.06855043826245,31.042676460731702
102.79648003823766,30.548097090674325
102.34406384726958,29.822770453732424
102.8280685477336,29.60961475671682
102.8280685477336,29.60961475671682
102.65887362201792,29.622584226783268
102.702805396311,29.68823337076354
102.5982450451546,29.68880004082043
102.73158358838978,30.21960194456494
102.5401429325663,30.314309088147976
102.78318574724406,30.538329084796906
102.53782733038729,30.676099329659564
102.71480465232611,30.767388252941995
103.29142121996432,31.16389549541106
103.21594605914777,31.110871290104075
103.07155407374147,30.774555803997934
103.06846782400591,30.590093391573724
103.11480303000072,31.2155153280646
103.00929408409029,30.96003191408613
103.05322211137947,31.001743258107503
103.32445654561732,31.303555426687325
103.14329151383454,30.950371139464448
102.9703051105499,31.121971250124282
103.0509484167863,30.535330016261746
102.86035203524949,30.35048896388804
102.74231791800511,30.80349135028885
102.92409756955419,30.721021643574428
103.22926044030395,31.31482078187793
103.22815894045512,30.886003790809603
103.06812933402003,31.218188158996096
102.93447292487654,30.550011713365144
103.27470255759586,31.125364203802594
103.15743089315956,30.714561907450385
103.01605638365972,30.626043312848815
102.96864962317821,30.563113557346192
102.88446922502507,30.32654884912645
102.51558323673665,30.13006429542963
102.49711001793447,29.967218042104157
102.3031336011325,30.022984709573063
102.39853742665784,29.96751488889416
102.28954825983668,30.01022081262441
102.64173370178735,30.18620469143581
102.53307833758991,30.045145104117047
102.60530573469632,30.467783023775905
102.44533907848485,30.00225281767822
102.47732265551002,30.036723431655645
102.55920710271724,30.142682153583845
102.25402334693237,29.02430220670314
102.37121347339664,28.972914069898
102.37121347339664,28.972914069898
102.37121347339664,28.972914069898
102.37121347339664,28.972914069898
102.37121347339664,28.972914069898
102.42056891289242,28.880303384769434
102.42056891289242,28.880303384769434
102.42056891289242,28.880303384769434
102.42056891289242,28.880303384769434
102.42056891289242,28.880303384769434
102.47020557886839,28.9799385896064
102.47020557886839,28.9799385896064
102.43700656431098,28.94572122498041
102.44407116942148,28.890554214101293
102.44407116942148,28.890554214101293
102.42914526493767,28.976031446239336
102.30363996159427,28.965497218682284
102.30363996159427,28.965497218682284
102.30363996159427,28.965497218682284
102.36809233221882,28.971029648843228
102.36809233221882,28.971029648843228
102.36809233221882,28.971029648843228
102.34524806132589,28.940619494201297
102.26073030561378,29.055477203668293
102.2531588646617,28.934400264773412
102.2531588646617,28.934400264773412
102.34960212996317,28.880825343197184
102.34960212996317,28.880825343197184
102.34960212996317,28.880825343197184
102.34960212996317,28.880825343197184
102.43069404997644,29.04733151740303
102.35543905122425,28.8633410780802
102.45272122416455,28.955443354074493
102.45272122416455,28.955443354074493
102.45272122416455,28.955443354074493
102.20598748060164,29.06919022705406
102.3094786937817,28.954911953503853
102.4585684942358,28.996026095391926
102.36043130051524,28.945659589258323
102.27892846791805,28.97822268764476
102.41782575440305,28.906353629419826
102.4489777088266,28.988458970144777
102.44375421841454,28.94918769495399
102.27466854500557,29.05669246611006
102.27466854500557,29.05669246611006
102.35760683545237,29.00827181868344
102.35449339022605,28.957246202719084
102.3638055463962,28.98982024107847
102.25860832906449,29.062232159070263
102.34344237269949,28.86082923067552
102.34344237269949,28.86082923067552
102.34373179926283,29.100676838117167
102.34373179926283,29.100676838117167
102.34373179926283,29.100676838117167
102.34373179926283,29.100676838117167
102.23826250476759,29.0500428246043
102.20976253494776,29.034947997804636
102.43144164624341,28.92394138943615
102.25020448928228,29.06932779745985
102.25020448928228,29.06932779745985
102.39387401325835,29.005609929714478
102.39387401325835,29.005609929714478
102.41631472197895,28.902624888493992
102.41048054937069,29.131628950475314
102.40771765636497,29.11590124543148
102.4122960042773,28.884185837733696
102.4122960042773,28.884185837733696
102.37444873455168,28.99774275937424
102.47281184007107,29.012142463353083
102.44054909606793,29.045065900622124
102.45860437127271,28.91593201892492
102.25473055978765,28.98434329842437
102.24928776031163,28.9482428930793
102.24928776031163,28.9482428930793
102.20565619337438,28.994930744904643
102.20565619337438,28.994930744904643
102.40900751622277,28.892960106648836
102.4858717485612,29.021920324714532
102.4858717485612,29.021920324714532
102.4858717485612,29.021920324714532
102.37758318799386,29.112141693236925
102.37758318799386,29.112141693236925
102.37758318799386,29.112141693236925
102.37758318799386,29.112141693236925
102.22706386254423,29.002047271277917
102.3821657833835,28.91227669405241
102.3821657833835,28.91227669405241
102.3821657833835,28.91227669405241
102.3821657833835,28.91227669405241
102.45620733240226,28.9342897502078
102.45620733240226,28.9342897502078
102.45620733240226,28.9342897502078
102.25328460019037,28.941981724642133
102.20543984805275,29.090250404694654
102.20543984805275,29.090250404694654
102.32433066357352,28.95012463658441
102.42133131281831,28.88955867473972
102.44939675397178,28.993517292672355
102.44939675397178,28.993517292672355
102.45342930401705,28.982831233641132
102.37916312524041,29.022814746567835
102.41785997282831,28.96580427210255
102.41785997282831,28.96580427210255
102.41785997282831,28.96580427210255
102.41785997282831,28.96580427210255
102.38933186420515,28.934202628855992
102.38933186420515,28.934202628855992
102.25790624118193,28.995475191622017
102.368070352585,28.878174813202747
102.368070352585,28.878174813202747
102.37142089352746,29.108878604751574
102.40665305880029,28.964403269979407
102.20722987556083,28.994905516315004
102.20722987556083,28.994905516315004
102.20722987556083,28.994905516315004
102.46440436333869,28.94615595249875
102.20971674958392,29.028101850770735
102.20971674958392,29.028101850770735
102.20971674958392,29.028101850770735
102.26181999337985,28.908465641046877
102.32732064907353,28.969151326090785
102.32732064907353,28.969151326090785
102.42555636965221,28.870301561110914
102.38491368390366,28.901206854816955
102.38491368390366,28.901206854816955
102.38491368390366,28.901206854816955
102.23473197339695,29.111422211823278
102.45746792626089,28.991411849959093
102.38475224079157,28.920644538036225
102.38475224079157,28.920644538036225
102.37914171333928,28.93399606737019
102.19683945473737,29.072340923916478
102.19683945473737,29.072340923916478
102.28242760555483,28.94220644603567
102.28242760555483,28.94220644603567
102.39992827346222,28.992915393018404
102.4788559530517,29.047575914410913
102.38771145294587,29.0164422438853
102.24917388987693,28.91769146613697
102.24917388987693,28.91769146613697
102.24917388987693,28.91769146613697
102.26163467968725,28.93440628365553
102.40935237645665,28.941870607630918
102.3323544125611,28.888733303589742
102.24884079340038,28.955087212924152
102.42734974774783,29.032839667795056
102.42734974774783,29.032839667795056
102.45123675188073,29.01898686575753
102.7075111191502,29.546976704678936
102.7075111191502,29.546976704678936
102.28764118791237,30.043000538914647
102.51655828264289,30.32707638939461
102.37943816893707,29.900201599284618
102.91946638130437,30.54735593756973
102.4190279292002,30.304585118712133
102.45145777807484,30.191722177045374
102.33521454805282,30.011640632414082
102.79444535091629,29.48738770852457
103.02717675199085,29.51284233684378
102.37662277501204,29.74442248186953
102.57483826208497,29.87152078053571
102.79854904460613,30.451002527167276
102.9545637060295,30.894718510831265
103.00590394069107,30.70620434329334
102.49560688879536,30.659415056035744
102.60145386042849,30.722205767902068
103.02370754622433,30.91192285070487
103.06130224400779,30.882837402134108
103.54720698744606,31.170111816564106
103.6310371657352,31.337496776717533
103.97504435231862,31.602244029548352
104.10712491687778,31.576456240264097
104.16632851263864,31.72729133251774
103.72493365468226,31.85192091087335
103.91188571272542,31.6919870335768
104.00313110400808,31.567571236569993
104.00313110400808,31.567571236569993
103.84449037801848,31.889522746014116
103.96883455200597,32.38298064909721
104.19095281551243,32.13018168039517
104.43310797642762,32.5948871771436
104.00822759214077,32.62286069910859
104.17571241598013,32.83306284372086
104.00381770104558,32.96372721744909
103.93370710614707,32.452259058201264
103.94068010355709,32.642028202842305
103.93109216086711,32.75830277788016
104.36707873475115,32.89738074339344
103.89529374502996,32.44468044998658
103.79586705110601,31.98578504549821
103.05183435706181,30.93747394706744
103.18549001295273,30.740442723627165
103.12092149315622,31.055060752347064
103.15467478021814,30.92454570749982
102.97359986568797,30.51890479840195
103.26745611485961,30.79758259473226
103.54257326136906,31.15962113522597
103.31660181886353,30.692135131348113
103.42573839608204,30.870686760902444
103.0592800474387,30.49099714289661
102.44679083321726,30.023471414102186
102.61845569687029,29.687567891258478
103.07636224549468,29.53620939302229
102.78316698782893,29.608635543330998
102.94243955395982,29.685533016004573
102.90308979432577,29.54785078208154
103.10185432531118,29.468146657576757
102.90892870353106,29.500949001920983
102.71684418932618,29.546683449209887
102.93233694003031,29.427449270346678
102.90040535610514,29.532450712585852
102.64420175349001,30.153717630144165
102.69667755537543,30.202709731107873
102.57236674480957,30.231381672158204
102.39321791855409,29.73622209124354
102.40481797900098,29.800795409861177
102.52950476347966,29.672888103343837
102.61623140893425,29.713037820426567
102.4423886198281,30.090390638092217
102.93621047232926,29.659807090929743
103.02777060231409,29.47193622507321
103.0280680352636,29.45874670069515
103.04036993520171,29.526411269891856
103.04036993520171,29.526411269891856
103.04036993520171,29.526411269891856
103.16148466616696,29.4763097729006
102.52648842664567,29.671314046247808
102.65665097512355,29.946777956681746
102.67534480490411,30.30084596297305
103.01950693535562,30.56823908586691
102.66596119092556,30.723017387956673
102.68294147867309,30.65457683316403
102.47816070152277,30.647506542008454
103.32632938901456,31.192448115460838
103.19554407945664,31.02360735651718
103.3184870349884,31.089761739168026
103.52018863900405,30.953048872238696
103.02669560600016,31.102402035834576
103.34905875244264,31.40460917351409
103.5586221471064,31.203727855755808
104.03179780727544,31.555539528545534
103.92390065036503,31.633347550648004
104.42305025899871,32.08867085423166
104.05496385564724,31.53658257998545
104.07568164865549,31.666586311436696
103.85504337413322,31.50451074826217
103.30959057187223,30.81385007882726
103.8449174236804,31.499646331321582
103.69700207581668,31.95345015308798
103.9544596000719,31.55843875636431
103.76354020274255,31.79977500863444
103.94275566035046,32.05304587235573
103.9707868129047,32.306388219240866
104.04838459306666,32.493458235422054
104.0455283641202,32.56203533991468
104.30525957519451,32.185155031194604
104.13462481602488,32.2507288299087
104.08882663750865,32.377729405806114
103.88109870344728,32.50352798443989
103.92953538750797,32.623066100375496
104.690791200993,32.54505976553877
104.19889574175934,32.26970935854546
103.96314264743289,32.59662617127387
103.92964972771702,32.63810831734902
104.24987558587775,32.98476697618859
103.81270429617666,32.47746119258602
103.95874700177583,32.80329421330167
104.49324088021388,32.954866710854894
104.1874593408226,32.21304899777935
104.02328079602927,32.255368156240316
104.32176229613422,32.51922688605265
104.04292536223038,32.66954422485943
104.0521946325066,31.937689175579013
103.83218595502164,31.97330628506776
104.21160087193198,32.22041548728903
103.67849738738411,31.965031555396493
104.07554633037616,31.66370211427091
103.84284363537553,31.557394562671668
103.65671812768333,31.318589070109905
103.98598866723492,31.647248996541922
103.96489207938995,31.829725916883415
103.89364479363965,31.46158890026054
103.89364479363965,31.46158890026054
103.89364479363965,31.46158890026054
104.09132190486912,31.73094965465567
103.95418226025195,31.491050694343375
103.9460205627685,31.690235038190718
103.95927719576628,32.46797412876301
104.17562758509112,32.54331652937399
104.19170625224267,32.344029746010705
104.19686295829794,32.328072770405775
104.27027346996982,32.14835787555088
103.84701913538171,32.47437292288805
104.11459728072589,32.284901953061606
103.92331998548354,32.58427632924401
103.93216709719435,32.53849654524972
103.92859743308126,32.1970623368072
104.21595490386225,32.731083202006694
104.82818646119995,32.774483273722204
103.9244836078906,32.4374495222732
104.01910556987127,32.913248100744276
104.02209420268277,32.63832660628174
104.48056327805487,32.5613920603291
104.13455356348199,32.76643914847216
103.90729796228872,32.87027069558558
104.56907506680157,32.698104419698545
105.06268332896323,32.6452916999439
105.15158829179694,32.696554233582475
105.16838410412831,32.66659097064571
104.55391835415631,32.76900330125821
104.5808020758232,32.5487961225545
104.5808020758232,32.5487961225545
104.71673087388025,32.52430750091657
104.00212293422828,33.03556668551586
104.76755169061454,32.70321024126143
104.6812843390287,32.80024663910096
103.97331389492416,32.29117465318516
103.97325196675943,31.646073679376173
103.99441587931045,31.616606044952633
103.73824002846452,31.911299505603054
103.91422882408334,32.046727031414946
103.85565864459508,31.920357161848425
103.87137526297356,32.27447062813989
103.92414474270582,31.56954216846403
103.81737892571067,31.335484748737926
103.66651140118431,31.226108057041866
103.22689644925262,31.19890866979702
103.23806145945028,31.0889539612282
103.20097499178607,30.757720581114366
103.3186513611985,30.845399839088376
103.70243189805883,31.29254595038884
103.72999324884736,31.38072575619909
103.61941741462314,31.27844892293562
103.61941741462314,31.27844892293562
102.67998507183763,30.83017007608611
102.60392869636348,30.567432070447662
102.49371229147712,30.726324090172586
102.38895330495531,29.99210477556435
102.40229603867797,30.168926773968277
102.47904060889049,30.085439318159167
102.4286543120726,29.994111745086986
102.65649791999941,30.589409220426695
103.1639648495865,30.64550427322124
102.95424819090371,30.397642867142096
102.91202181116533,30.716915285981866
103.18600348781216,30.57140630892494
102.50643046059396,30.353838203271362
102.36145679314829,29.88168907845001
102.6749518069815,30.232384089780314
102.86881423014528,30.86892827505565
103.34103379170678,31.225618099116897
103.20552833964021,31.11809402104372
103.28427954906036,31.34315603744707
103.04583884812506,31.13467362083567
102.66019012575686,30.768630870086383
102.74277028473618,30.68149275711168
102.64527402328687,30.653969400779605
102.59156979381554,30.68866679327565
102.6295128992381,30.24845909773739
102.48295350257443,30.027600273426692
102.45286169776077,29.855621722942093
102.4587886330373,30.07104748660547
102.43590807253375,30.250322768841357
103.14937236988683,30.61912872426813
102.58746883102934,30.777708139260998
102.65396004034041,30.32537989289252
102.42884513997502,30.24426446968548
102.44790028371116,30.002503684493604
102.37162742782711,30.084777302279907
102.39177634763652,30.045707391438363
102.4075749559195,29.793408563660954
102.4052169664253,29.929631948295384
102.47295351924222,30.27033940545723
102.47295351924222,30.27033940545723
102.90482590459277,30.84870097884546
103.32674092353217,31.385864938940262
103.32422051459315,30.667697554928896
103.12123340632341,31.29812407220831
103.23475712625505,31.03297740566507
103.11188757127888,31.240861922264383
102.74046799379995,30.664699391876457
103.07929263900951,30.730230899127584
103.03513980462641,30.659789044553317
102.87129350702368,30.38595105867485
103.25360287848427,30.647943339474885
102.97703550599323,30.399053245567437
102.97703550599323,30.399053245567437
103.05395195411677,30.75491306536004
103.05053143656016,30.695588515438843
102.71595692147879,30.746665196700423
103.07622260387224,30.457937749477153
103.40484248356675,31.39879437715051
103.10955427549642,30.634962533348443
103.08540076261428,31.022036330531797
103.36164420878812,31.113377370900928
103.26721903836679,30.88944398497859
103.16565530441812,30.61846928259349
103.20178755284863,30.64400327514305
102.60663349639027,30.67450866454291
102.46161800085441,30.108919524252492
102.7301500790164,30.21503201912961
102.35073658346478,29.79780778584379
102.34188248014402,29.853095780475346
102.51661585482718,30.023414776226055
102.63776247780689,30.23380477400586
103.01775662793727,31.0197202863545
102.93537903972046,30.510123596678575
102.62020892152609,30.36418540974075
103.23676147464688,30.75564691259929
102.91431323620546,30.86534996135031
102.92735643932394,30.927876074308994
103.08416222607877,30.657447830558468
102.49929312724245,30.509543568934454
102.61484445852403,29.979325036709422
103.60731762724748,31.3514090006514
103.83589843712639,31.41381205594258
103.81317266133367,31.57697951237571
104.50098671887915,32.73858412396455
104.46323396994387,32.72433885069611
104.11938540363877,33.038486078590275
104.44398214239291,32.85717472290781
104.55999124875044,32.646274136756524
103.95462298385245,32.40226214946834
104.22063934693901,32.29714060891636
103.9492684206487,31.901850220992205
103.9492684206487,31.901850220992205
104.16133710855095,31.699027105502164
104.26994958483081,31.7965131187731
104.11130248384748,32.52859184534512
104.03998515107375,32.3882230125342
103.98051337204086,32.42323862440513
104.28166209251648,32.79311510999734
103.88765105852386,32.356744467808916
103.8831538581986,32.37955446918244
104.16721873270072,32.194003177909515
103.8814399926654,32.04825397648748
103.8358065894964,32.11426233859343
104.25582395206753,31.777709547524637
104.25582395206753,31.777709547524637
104.25582395206753,31.777709547524637
103.89794852993178,31.533093257467186
103.93755327325985,31.431227691918803
104.07928881896594,32.06203278052234
103.82556927193669,32.61479854013628
103.82556927193669,32.61479854013628
104.34036167223746,32.12920336096169
104.38137037927451,32.076959762787986
104.20450189928621,32.12978594706403
104.15005399388185,31.742592815904715
104.05667481893559,32.15205986744631
104.0456901670439,31.547253316042642
104.08959214554793,31.868443087568338
104.12536889365734,31.663214295965897
103.84344871027189,31.58718346778971
103.92606061302524,31.95241166758234
103.74344654408102,32.03920498219221
103.84240635748417,31.62868353288352
103.93122139782673,31.966837261205672
103.9385056821171,31.991851572301496
104.04930753593307,31.440059361405094
103.90966922743584,31.491869750625824
103.77470471517563,31.907706081352167
103.7320273403435,31.930238305003392
104.15371948352104,31.77378660548008
103.80380139569816,32.5641717136679
104.43634077885015,32.28638558895054
104.42962965392839,32.12151629028868
104.28488191951823,32.66653971795905
104.32762440175598,32.30408404028175
104.45525306452703,32.64781313898025
104.50743241371187,32.62831854391552
104.6289369534443,32.705638660998716
104.52893307059428,32.55043996526918
104.64481798846556,32.74484740127867
104.22201193608424,32.29874064259628
103.86911339376637,31.764420262484823
104.32059651569443,32.58173400376249
104.06073943200883,32.5112851773507
103.87429412017421,32.152473615279234
104.23269433871212,32.95100856003412
104.07972595624516,32.25922244062164
103.93504513373318,32.4656970305014
103.92150427409427,31.767972704188306
103.83574445393113,31.879571701040025
104.1658514444169,32.46907039301146
103.83207783263201,32.5446966124483
103.93308729429884,32.23394940090841
104.24705941506447,31.781072826335468
103.94857564199098,32.340379306640756
104.06963744957547,32.279452863024844
104.38630904159925,32.65320146151688
104.39349220902025,32.32757725389446
104.29971414248355,32.521180651146445
105.25064174332371,32.6204218292158
105.12395364993402,32.593902309920956
104.91160023919664,32.56739664536155
104.91160023919664,32.56739664536155
104.40367910503039,32.527494814433744
104.42025474337834,32.57103344294931
104.32697677107913,32.266300376186415
104.10421165592768,32.59821424042058
104.32769193801386,32.51165355603346
104.25379398898086,32.97194784514019
104.09086215504142,32.8465308764438
104.9692895521092,32.68554553085505
105.23121446820927,32.62143012009074
104.91887403312202,32.62017214229937
105.02833955743829,32.56719557124255
104.23211474827961,32.31014969931573
104.47041673892174,32.53658983643912
103.95080295587958,32.62243922587323
103.90741039811029,32.75915052751648
103.9196899123809,32.39003974759277
104.13108506757088,32.41036685023564
104.13213398949286,32.316871891344
104.57048038763585,32.573802395643455
104.93815901205792,32.60845396070288
104.93815901205792,32.60845396070288
105.31267483272413,32.618502617921195
104.51903769053817,32.87008721185269
104.20305748836836,32.9963397336053
104.01011326610073,33.12051585863263
104.15090554009393,32.274507625701474
104.00302221947355,32.133569082858266
103.74691211170519,31.90654298207314
103.75154430101314,31.442396870949057
103.18540596973047,30.989850181240914
103.34184113910703,31.271101480527754
103.88805675310476,31.914305448016517
104.06429243210648,32.511095996187215
104.02812572784471,32.51346070944369
104.52191074799207,32.53266795164075
104.54004803893613,32.83120758783824
104.41209573898212,32.884292690020956
104.45555270487958,32.72668031166654
104.36925224254857,32.87802609932508
103.93589597236074,32.89041220362818
104.08829399657836,32.708849246247425
104.52572091704576,32.60308839626515
103.99294894058303,32.68426468240326
104.2871076565632,32.575291940565336
104.37047625178434,32.602581003479685
104.54659810137206,32.74014114016502
104.72557855566774,32.60310690392272
104.86343878840867,32.73698223661011
105.30455374201469,32.660861191874645
105.10154003266491,32.89004786139115
105.35158422366263,32.69065462130172
105.35158422366263,32.69065462130172
105.09071160391693,32.674915052702275
105.44107595200049,32.78690342782216
105.44107595200049,32.78690342782216
105.43540764135723,32.79832915452979
105.33273279866378,32.852445721276744
105.0921268730547,32.62654384396008
105.02548547513831,32.71472939706437
104.90200164484149,32.6337622214194
105.12261774125878,32.68607725581305
105.42301318527777,32.811088170956126
105.25248432203789,32.695523169408126
105.52028307419269,32.76772804639548
105.25500659569956,32.932948955153854
105.560062439353,32.889816357070664
105.51002234710188,32.846070801059476
105.02494933741414,32.742644927807866
104.85532869285144,32.71575130621646
104.6573760814328,32.70673308311084
104.51346725405503,32.773417641644336
105.06392342108616,32.70438061658091
105.09080590027773,32.60349300969597
105.09080590027773,32.60349300969597
105.35168071377836,32.83849957851813
105.20075887795058,32.91539404131486
105.29537536209786,32.742178751466525
105.45451964886823,32.789512908457255
105.16186098446933,32.58311522561188
105.1838612080136,32.66888257095146
104.57171578609909,32.66784256113338
104.6130435446565,32.432671228852435
105.13879018849912,32.9165161977895
105.10079585348915,32.58507922200329
105.25258551697704,32.893593859498516
104.91547261137845,32.707614507093616
104.96386084249995,32.546816804723434
104.91917528904169,32.69445162771209
104.32792540408013,32.7642166151393
104.22780560565968,32.13836555913913
104.26198528009299,32.20144539937281
104.38012485427848,32.57534115916991
104.2851777945354,32.99364235877163
104.02284259809137,33.03402120350315
104.1135964893313,32.052207242776724
104.18082719166198,32.22789959510844
104.08804986649875,32.526297811484696
104.346959230765,32.15927931494819
104.45031454695702,32.59408437960637
105.02706015070396,32.62857986779672
105.33068537939744,33.01877847094373
105.33380729633582,32.8636439789248
105.37558907446855,33.14581136970749
105.42808169293045,32.91563020151277
105.54142413945249,33.03242833020698
105.1015962422802,32.59300266972193
105.1875872550232,32.79280651806152
105.47153596499345,32.87463145373838
105.28757910812928,32.984950125228266
105.39881969208993,32.7359532579044
105.58046413635314,32.97728238576568
105.58046413635314,32.97728238576568
105.62351817920002,32.984055956406536
105.39252673107171,33.10283658531661
104.65206714062025,32.52310591770371
104.67562695379127,32.55487428745837
104.51491757515856,32.538773042117676
104.47647152542162,32.71134011083597
104.57667256160623,32.65606941359017
105.03248995151466,32.72019799398772
104.43255496535102,32.85573845362712
104.72172177714697,32.6327861869958
104.26592660004397,32.50835347229174
104.50826858106944,32.56017991489405
105.04620532265282,32.58757592610366
105.05534552766038,32.68299090481846
103.94490148814477,32.716323090365705
104.22745636646613,32.85500672400484
104.95511626019592,32.56194468151868
104.80054407782511,32.55324064505775
104.79142538061386,32.53171440409621
104.54882415955997,32.67260637775816
104.42302681834607,32.95283029361835
104.19001198549208,33.09531213901649
104.31377033573699,32.88968827247619
104.46765084928714,32.57126755632816
104.25491664140854,32.901065647362955
104.27730360973318,32.948966177656054
104.57028030481574,32.73348661043712
103.8901581465175,32.65965276653971
104.40713094770912,32.62551624577331
104.29556104676743,32.99414478752691
104.4588710826442,32.941846310095066
104.08554395265021,32.92434198473125
103.98686611205547,33.081804480516084
104.28053340386873,32.77312414720111
103.99974693577553,32.892536378408714
104.1083720498015,33.09748937614261
104.00481952792775,32.913854398705425
103.96356251841132,32.80952311881859
103.94895990898662,32.70212706473175
104.03683842056002,32.499194561010924
104.29870960931044,32.60398039838895
104.52692574045797,32.64708954284086
103.93104870897105,32.79038597959413
104.00081526365489,32.14982028413667
104.92739108339867,32.617531257365656
104.83489197556591,32.65479173331077
104.65123285078442,32.58993986041765
104.50701574040198,32.639731831142136
105.47174371682308,32.92158337818091
105.47543487662399,32.801370091096345
105.60105401929479,32.907515758580516
105.60105401929479,32.907515758580516
105.28677157637843,32.67534737623479
105.09673137621759,32.66966341638853
104.89573477842333,32.56613727519892
103.87303721897928,32.540713521864255
103.864816719355,32.57941298392651
104.34539225818023,32.81351973989338
105.04434045472136,32.67465741426023
104.68901888703896,32.85063626186703
105.34199551963592,32.86491938792113
104.99407034708634,32.576632324335044
105.15198810138203,32.59657997979461
105.35148721738027,32.8317368660941
105.46468092524826,32.97820198107014
105.46468092524826,32.97820198107014
105.58014679359529,32.98786813877381
105.12021070670099,32.707939702455334
104.98340402335572,32.628595240213365
104.63310938138702,32.81741820419292
104.2782512172673,32.69115722139829
103.93208750926155,32.650025773602735
104.14945937104386,33.087307939454234
104.14945937104386,33.087307939454234
103.9251277530765,32.88652188394613
104.40693167565799,32.78241750887021
104.2245588099841,32.20945381131322
104.2245588099841,32.20945381131322
104.39340459923773,32.06099418679729
104.19473268471293,32.287671266678
104.07124947986605,32.186833118208824
104.30188529154945,32.09551847897554
103.92329849621366,31.66946895238315
103.94972713832627,31.65981519826607
103.78290984606252,31.967997616857502
103.88539287420922,31.562717174671093
103.84185221912134,31.80088131351498
104.04240837149177,31.6945382665589
103.81439290765942,32.08665089418561
103.90880990661108,32.78810630745384
103.79518646628237,32.04006755927622
104.17465345021367,31.724825626651874
104.01983698869824,31.664299888063887
104.01177957670374,31.560116117797445
103.78569569677128,31.36135024704065
103.1122549372657,30.747317575020034
102.91004371642885,30.391073223248856
102.9380508998775,30.647143646932253
102.56416839744018,30.691400663175074
102.9089581709705,30.449804550068436
103.06731257000186,30.800929111471294
103.05038549347263,30.41294158824482
102.52171749288067,29.969786567317378
102.53855151530828,30.790298461095464
102.81093780804483,30.666811651904112
102.55069465643435,30.4113156884863
102.80812677694043,30.46726657861497
102.81286692205146,30.431873996173014
102.45394189582237,30.334288713103163
102.60758771533794,30.60948571941123
102.59045622706844,30.746151303862053
102.4346635653195,30.493706974859684
102.44104799739469,30.606047115924653
102.90530979818267,29.601776147673128
102.95865492482604,29.542598933561408
102.90344984043668,29.55976938422943
102.95322563743827,29.590044889415616
102.5386122462134,29.65637489582463
102.5386122462134,29.65637489582463
102.52939088169211,30.153655561305357
102.55314668260307,30.172764849934744
102.5079522889184,30.025472768210843
102.52363306654608,29.952771303590747
102.78488454354263,29.57844675652031
102.97911481794043,29.548991901146014
102.5169290976804,29.78340662330986
102.87683223250978,30.497087690991872
102.5085205538242,30.724987270396582
102.87733573859553,30.485575223336053
103.08178935988398,30.844438673332856
103.02462653036036,30.781430078061593
102.98683740576283,30.71797458196794
103.2550251170092,30.817390530840264
103.19788364262112,31.227598366507124
103.36204532903577,31.03764127731632
103.16865083760209,31.15798858590277
103.28378692344825,30.997889400554264
103.36528432885598,30.892755536870567
102.91518608448881,31.229803367227774
102.9268112169135,31.12908491467659
102.56875009483099,30.724366077444536
102.55942568732577,30.378013248486365
102.84054773455942,30.84319520456345
103.07508861734642,30.868196147878667
102.58984206343253,30.747956342527967
103.83915364055807,31.53973377026036
103.84581152605003,31.362038568379077
103.83140880705595,31.473474674503642
103.81212849709152,31.341923852053494
103.89866935686409,31.398467786445057
103.7474073375016,31.378441261785838
103.85607114524772,31.907282660575326
104.68162406211206,32.79194458411661
104.47560555416254,32.69966388981465
104.13701330036909,32.691913880796164
104.59047151914693,32.49655672239396
104.58422955172568,32.84023668978102
104.30271597666898,32.573776475983585
104.33807819253347,32.74009882399731
104.1979734394709,32.66494154780582
104.33912117906516,32.88829938246415
104.14983262581482,32.95858384783838
104.60906893368885,32.60759105715864
103.99734881277575,33.038744080836466
104.2482852616165,32.93992202221088
104.28955657083105,32.506691665277856
104.29429081041474,32.2789786777343
104.73608363162991,32.67051418218209
105.13683919686218,32.960783922744646
105.62522337408117,32.898286801401554
105.08694827090399,32.61549568190518
105.64115070445388,32.88994093469437
105.11645178755008,32.655755986785586
105.1241114011488,32.89227837280264
105.04936427626662,32.56042597137974
105.44273952060277,32.81594131958855
105.07787976290747,32.882234267535765
104.85443812067376,32.6061879194828
104.90873789559129,32.61444125004175
104.73467804059824,32.78065615699621
104.92687112556538,32.68145151121332
105.37475559483784,32.91762464615767
105.18050746814689,32.93290228977185
105.62382862469212,32.85058242348722
105.31068753969171,32.989591584611816
105.3925427563452,32.787494613824165
105.521845378624,32.80000632231741
105.33692440235505,33.00906394084804
105.38886071281021,33.02344415887468
105.1746262128373,32.867406692288235
104.91231926839278,32.738817177472065
104.96755943811878,32.591011948669205
104.17296210481214,32.56460107747104
104.02780821453585,32.33210231282488
104.2185689301816,32.755485214819934
104.11266035045834,33.09566325997033
104.1163090256243,33.166118060870254
104.37700041991516,32.9501572027526
104.09838981838277,32.83629818378174
103.89967205959192,32.410177770693906
103.79629962577162,32.0892250428983
103.93583990305329,31.50216474423775
104.21054388237108,31.663539336485726
103.86619865657383,32.2673762531294
104.25729610232439,32.62891116655734
103.90253808782954,32.75315616013259
103.93274200643371,32.63182004797319
104.17726397876973,32.440500492205715
104.04085536323619,32.44171838189456
103.98482189550455,32.54115254987084
103.88913956593193,32.670375526633066
104.63001020785444,32.83534105412598
104.88275930457475,32.526580613477876
104.11556650753869,32.92648365438788
104.14900166824418,32.57033101717151
104.131504753051,32.220633574917635
103.76682601913697,31.919683042996994
104.02717390037199,31.5665688832311
104.05938624478755,31.537966013025205
103.8731244391575,31.520966416088907
103.97688020710697,32.089932740616426
103.84545537291515,32.36952556369929
103.8217853194289,31.898254855920943
104.60694196940361,32.525097266190194
104.23741072220032,32.91962413275263
104.29188804583198,33.012768845060194
104.03062020865944,33.08679396565393
104.43470528979759,32.732956122489405
104.09083527543243,32.870964435577996
104.11677690548288,32.664080041014806
103.69472402338492,32.007375772754564
103.91180788334809,31.80649475449666
103.95912120533598,32.24193259643858
103.88304289202209,32.28752038468508
104.13169416178746,32.48413427431836
103.85684382735951,32.24625686079912
103.85142723150064,31.940801151865074
103.97151020956325,31.509916557727234
104.11788419375273,31.668375808996693
103.72759250446944,31.295108675052383
103.83324121536738,31.99610978769813
103.92551707301173,32.51815567573847
104.10353287760472,32.502311942765125
104.18015090390413,32.71469074855839
104.12059767049793,32.882890026590076
104.44407071713782,32.85423448263488
104.25890549253496,32.666010866108635
104.74496228221238,32.56526047572346
104.68093786906645,32.43969643388869
103.8888664884898,32.42266414065216
103.83863894023406,32.35104007111509
103.90214952327771,32.27122666756281
104.64373828720571,32.72474828263145
104.54906842341512,32.56910660520262
104.02756698214405,32.3914732720583
103.82051417574435,32.34553566833117
104.06146199558124,32.758607948578
104.56111326060386,32.77425141646402
104.19875575898457,32.56441263431862
103.81250988657322,31.9414401505725
103.83796034822403,31.56210521481179
103.66728399440575,31.252524440546477
103.33937866179248,30.821822094734365
103.1292023607745,31.142501618789503
103.14119882323318,30.799883666846466
103.3230506209382,30.69956432861887
103.12253015230968,31.064332699851647
103.41483255530184,31.308041953019167
103.6503965584212,31.213660004059545
103.75602979434399,32.01971467827582
104.02326803786703,32.240070484687074
103.95126200235933,32.17488465869234
103.94951959455263,32.498704057811864
104.22776369398308,32.654046983823406
104.33731875216709,32.157585801742876
104.68617892401136,32.61387624898642
104.67899891209115,32.683694600443424
105.13936064733583,32.68774619857797
104.46143110145019,32.92643098454257
105.49020073675158,32.799001736068206
105.45661569764376,33.04120844919692
105.60038904253445,32.886264656996374
105.53841268659,32.98224649993709
105.43060883389664,33.078327836465895
105.45964378655181,33.11567346539286
105.41605615050057,32.94017359259984
105.19288675477354,32.80817604621114
105.07962913163828,32.90413603592636
105.18116777016674,32.958230656865474
104.1712047736617,32.68568029896937
104.06217150859747,33.12379633514725
104.10233716547476,32.61305072426764
104.05200805760056,32.95631676121922
104.03592843853339,32.61862383263573
104.03923458456285,32.57912816730215
104.39798987902016,32.6735679502713
104.06272000885794,32.78946446211168
104.0398480605489,33.160002533398
104.19994875166753,32.90887564796736
104.54307112635213,32.478480379787875
104.36425393363233,32.78573323446482
104.44757416927789,32.73857819343447
104.308436699419,32.05608840085073
104.39328520859158,32.30968024801689
104.34127448300511,32.54694281131276
104.31062460413614,32.850291223456004
104.79381113371437,32.7207677923148
104.73743747195643,32.73738148766683
104.22744883634664,32.66769179734698
104.17099594942682,32.31305836984155
104.61633495338228,32.6942583014885
105.0532504829105,32.58684467024198
104.82624515976863,32.72139754918348
104.89562908262937,32.66042811704235
105.03539112800482,32.738563574575565
104.90842848572436,32.71209761175323
104.77606735059649,32.81051846796368
104.4845213470292,32.654857049704745
104.20424181138478,32.199887610454994
103.82644610782096,32.42324983705906
104.25882034817482,32.17256308822576
103.9279600120357,31.60857368894694
104.13952384099798,31.67283697331714
103.80642872618662,31.402294164479283
103.75420103958679,31.444291036457958
103.5624821312327,31.27995098991219
103.60365672686423,31.180108009911923
103.9160275254892,31.729085640938642
103.94056209738056,32.121629514410564
104.0461771876655,32.666785012626114
103.98805970831182,32.13505885059938
103.839370307993,32.67452800279638
103.839370307993,32.67452800279638
104.6090385172197,32.74640589625202
104.72497226381294,32.53047286222765
104.48683500531973,32.931396290265205
105.13056800129193,32.92427113115344
105.31096308376101,32.72956604194328
105.31096308376101,32.72956604194328
105.4986124909515,32.768896790567666
105.4025125557297,33.02190789350933
105.58322769598773,32.85875852894905
105.60966078717739,32.96110361828343
105.24969171282821,32.85904505339218
105.18961655870008,32.807326177217384
105.22383336709987,32.95390274138333
105.25290499058408,32.83313769922853
105.23825571619741,32.91582758885981
105.12810435456775,32.643116463627734
104.84351743949719,32.69316775485818
104.88809151109487,32.594268065685625
104.26450885416929,32.577964207234615
104.15088430434572,32.47028021832812
104.39666387828407,32.60210699052536
104.07818796988028,32.62815841286806
104.29703084999848,32.94058858100781
104.67888121570077,32.472448925822555
104.72287381217537,32.51948218584818
105.2772801901129,32.67887548810268
105.2772801901129,32.67887548810268
104.39397137573472,32.9145166844339
104.09424723921335,32.49520926314122
104.04800709148367,32.20105858618679
103.92893357677936,31.855343836280785
103.68204526575535,31.96561787844997
104.66945425276904,32.56589342999235
105.25865636954146,32.80881862598374
105.25865636954146,32.80881862598374
105.37972477771598,32.83570352572891
105.29873998603041,32.74438962817216
105.2224480434529,32.634245342744975
105.1942730254046,32.790523019738544
105.53598183584631,32.94938229372542
105.59975583714453,32.8689107195322
105.59184212642845,32.972325186510254
105.02458513105933,32.7175178685247
105.06407047558494,32.63776053224641
105.48934303238778,33.112757463672786
105.2935953839767,32.63457713894917
105.10800580464418,32.62963305589553
105.05615915435187,32.71885957956469
105.3794624851633,32.90319883508431
105.52248747849342,32.7330717347508
105.6477624509704,32.85556363833907
105.51229834475534,33.00154758933198
105.17453221734417,32.80270736501026
105.44698519680841,33.097766178571554
105.44698519680841,33.097766178571554
105.53868819223453,33.042173832719804
105.16863406160554,32.95841880717305
105.13686187412162,32.978167312579984
105.13686187412162,32.978167312579984
105.32797980646464,32.83786582305967
105.12801965109692,32.62976734437658
105.36486286867108,32.9420027271031
104.53782393343,32.46915589386774
104.05001414169378,32.086146615271126
104.14056177388986,31.780361895313202
103.86355035195469,31.62595576362948
104.01788148873688,31.8665687577002
104.0154091922362,32.36848658697959
104.2682016801179,32.58504576335366
103.95053166236764,31.90163185240171
103.67579127408169,31.9806124907058
104.51096412815036,32.5021096174026
104.02439412249848,33.02086636181191
103.94535036768167,32.24998457241081
104.11761807300667,32.71113078163792
104.79556461998577,32.64415807173007
104.65397234161632,32.553554266863976
104.36635175287554,32.79390856489113
104.15607719137545,32.91449606510099
104.42093281057892,32.87826109823719
103.98809845896952,33.08795791687667
104.59236847823027,32.6705982566061
104.88746327300788,32.738034508675334
104.27534860673212,32.59218546517103
104.58762911467845,32.43442832068301
104.47760192243479,32.544332661193046
104.41628737007353,32.61142652320697
104.6903073487604,32.835421350610986
104.49727169252151,32.79944730373048
104.62091525258347,32.547943031112375
104.35373523823407,32.590948411440465
104.18493881705982,33.10021646630391
104.42892581235185,32.90245354764695
104.58683514999078,32.47203363527643
104.87579912816648,32.54739486762928
104.80439402135256,32.48169041892878
104.34708436078856,32.80270859414726
104.20529833878734,32.201046934183054
104.08659057117421,32.54731915259474
104.05542036606217,32.14889721049287
103.94678992207402,32.4608083670412
103.83982333735297,32.373706090730764
103.85233117224003,32.55255025626825
104.30515243576784,32.51250564941484
104.6835160391762,32.54240761667764
104.33110705823519,32.84382569070484
104.18203294587126,32.760129717528095
104.05521744567206,32.790562799322366
104.26999735011248,32.967433245518315
104.32686343958537,32.873334032858956
104.51235157806214,32.70650559467735
104.69164995712451,32.684480090567014
103.85004083205496,32.25234594409799
103.72910373635979,32.04358203529818
104.03593293444192,31.59541804248974
103.77945273450239,31.439743545695666
103.95494456094653,31.699616427764838
104.14388607973476,31.695608387886377
104.27170358291934,32.05679901229118
104.12804341905033,31.621759992868583
103.8525013121387,32.17240231055897
104.26802576140936,31.783516381138146
104.26689874951681,31.78928765577168
103.85538729577662,32.02014293528464
104.00873871435975,31.883583207987332
104.12826470750484,31.722054142540145
103.91269673922498,31.916130130865703
103.90026105744674,31.52093250236289
103.2729090874121,31.236630004437647
103.07566782856742,30.98914319316147
103.17024215492,31.014168922033925
103.02712562652518,30.807205922601316
103.2926575119931,31.031031017168853
102.99953647115328,31.150428396230343
103.11307013184809,31.16753606288511
103.11307013184809,31.16753606288511
103.01307049102317,30.9397410433358
102.6119701586683,30.48132724480301
102.69564918267214,30.279549922700237
103.0222569556213,30.411515599522108
103.07488092898937,30.71121446460585
102.71078113591962,30.82837982026652
102.52228475014095,30.572214107879216
102.79860366028585,30.73121732785737
102.53850026021367,30.364192077517593
103.23200088052694,30.970033331671637
103.77559417751353,31.31855421055316
103.65169317863463,31.33627467173812
103.65169317863463,31.33627467173812
103.20968661266527,31.06055072250542
102.60450024189184,30.525972523665263
102.4274955264297,30.00841159554042
102.72765852891273,29.59309306510258
102.66742055845415,29.9896481223964
102.624424253437,29.696049924837148
102.61670778610387,29.857323367573493
102.55773431282424,30.481828611453388
102.56552475991775,30.26549389617653
102.72510548514389,29.51983176308046
102.72510548514389,29.51983176308046
102.72510548514389,29.51983176308046
102.8606031932226,29.571935859721872
102.79186000536006,29.54964196209402
103.04772296519394,29.565875438655432
102.88983173421998,29.52246888876496
102.70275002570376,29.596582529499294
102.70275002570376,29.596582529499294
102.39946650213707,29.8046828534965
102.49373572327558,29.982650269284697
102.53424843779422,29.9903583624323
102.50761022268584,30.17564388650224
102.60478830941682,29.959225308371366
102.37182222500984,30.054268701422096
102.54784793771684,30.37524221797981
102.46455970074322,29.956363339746126
102.29601766316644,29.98710903002262
102.47756979907902,30.062251704224217
102.6739789943615,30.246211507266615
102.61593067727992,30.282114413203438
102.49708513983647,29.913766189593908
102.40134302801836,29.810558077061675
102.38931050613908,30.173871893132393
103.02477466483178,30.8808928270416
103.0148907092078,31.138746639659313
103.31059544462559,31.176791270684497
103.26812722271129,30.804338383503318
103.26352101622753,30.980836660839348
103.16682789176073,31.191371905778603
103.28204835294804,30.66018331595231
102.76057643906294,30.782112849404747
102.64714189566159,30.34484515303439
103.06309873500929,30.903827826630547
102.60503481384377,30.5475279428438
102.60297806678692,30.252734948020198
102.77181775774916,30.725394821469905
102.96708526609494,30.918209138449317
102.5710586849053,30.615745812683546
102.92127796261072,30.824818517296823
102.94885460370746,30.96694096866806
103.20424656876101,30.70030896294695
102.93100029358996,30.507870441139183
102.62600970660179,30.29684894163315
102.52824234254165,30.616012712108695
102.92437730880742,30.66338405980692
103.00514023682156,31.076839734708813
102.93509065300135,30.949150803727907
102.73699564853048,30.284757390322838
102.63177703061088,30.41540167540728
102.57022896908819,30.447212884863426
102.68048172413175,30.783290654850127
102.4564272424347,29.802678302141366
102.4250435051689,30.126377364733216
102.42161889628284,30.180714416386145
102.56386996470927,30.377915277615163
102.44787954154991,30.270541256849718
102.55089536807662,30.52745350034173
102.51223317922424,30.47689242408083
102.33373260488891,30.01197710291872
102.73859110148943,29.60874792250874
102.42409501854212,29.80779754334858
102.45692087287627,29.85659056967125
102.34096527160943,29.86052252316547
103.00211732618449,30.505615280004974
103.13530280534971,30.62288767463529
103.06926236855257,31.085726788309444
102.79721247249559,30.78738404141078
102.91817545283217,30.940889047941145
103.16618233792241,30.669798446874907
103.05934057264957,30.532174378849874
103.05733326421317,31.031380585196334
103.02062301371579,30.959235577366783
102.66051796030258,30.67276824086565
102.7138204316119,30.667937094682905
103.15166419544211,31.218312111476525
103.29968610013212,30.986682336026433
103.28612996842736,31.177793732280662
103.0556700005379,31.27595828209518
103.04371644982062,31.26268918249905
103.24278284182235,31.21346373863519
103.16369457033605,31.12944988081597
102.98836919316564,30.994808153566005
103.06602021506603,30.73332219190332
103.02654659280157,31.108943996729636
103.07360763235756,30.98753678657228
103.18416909855138,31.165752568778156
103.18365551398156,31.022119744783975
102.94564061699937,30.867828998322533
102.9367446597964,30.749792518652633
102.7537637553183,30.552425193105204
102.85669775672518,30.714820371141027
103.18850810973497,31.017446001900066
103.09936337313175,31.208009725988482
103.1412186780252,31.04329793881363
103.02422445422354,31.10701981692127
103.02422445422354,31.10701981692127
103.04053606810052,30.5666833758298
103.17418213333423,30.875965181783734
102.96477637063437,30.559360648217204
102.79060500034795,30.878224910337945
102.79060500034795,30.878224910337945
103.12761401038951,31.210455352608122
103.21134082573481,31.28884864831238
102.97708881660412,31.198858534073825
103.16363899415204,30.553778849759965
103.21442463771257,30.675149116010225
102.78201867658898,30.848777959611205
102.48362686442323,30.38355056054891
102.31150418144135,30.152911117516236
102.64517298327664,30.242093004931327
102.74782228380836,30.74636776800295
102.75472538739427,30.708728012717813
102.71631480780479,30.685386952990285
102.80271617847673,30.760918425735536
102.77804727559763,30.822097615264855
102.69286173835602,30.777975264796723
102.55092583981742,30.727805064806745
102.63399142333243,30.27724722960791
102.67092298089125,30.359059552721497
103.05841437237555,31.096118296414893
102.70319226228398,30.812122601875924
103.19404379034485,30.62988441934331
102.52266779138797,30.46229732411435
102.33360362829752,30.07536693764318
102.5444667806442,30.315983520545366
102.56814762046496,30.35100638508775
102.58479852341853,29.902748033220128
102.44095240273337,30.48930333655682
102.97891759402768,30.43605478311196
103.5606902147732,31.150487661810782
103.83017640637387,31.427731289693273
103.23046272031783,31.08100465590223
103.43678751670213,31.409111677224303
103.3119635614596,31.24232776258658
103.0292461253275,31.21170377445679
102.9897133126418,31.039810691933944
102.93307030625361,31.14428311898493
102.94564332438425,31.10500979085949
103.08204674550169,30.7746942034099
103.41181955935218,31.111569021123646
103.28532723315486,30.7585176239516
103.30744768800542,30.85815815521413
103.16071482427017,30.889699304829225
103.1447010584383,30.766058310773733
103.03551386984758,30.891944148160693
103.45458325355185,30.904008223937875
103.15627294576579,30.913926471765
103.23908807723794,30.84868538315939
102.85884846633843,30.543511889486354
103.24158454561491,31.07425449334549
102.64198887060489,30.690508452122753
102.58695322053222,30.789083279713772
102.58695322053222,30.789083279713772
102.37878814319059,30.17789073074944
102.71885027503109,30.61158763907644
102.88136110507253,30.554644245884745
103.15390491052929,30.60998654764211
102.96166339401103,30.603183956227763
103.19496458436497,30.957463152267504
102.94948537649657,31.217300212611853
103.1521984155646,30.780538500004383
102.99644737118993,30.998986559234243
102.81861965433683,30.72157501894993
103.1640477328164,30.689637706066893
102.72461085270555,30.271655317167827
102.54323142306032,30.15602917173667
102.50736454594094,30.14552777938153
102.44419116373203,30.52236607825213
103.17209555781206,30.83597338611139
102.63721148838296,30.63383418432027
102.73494366087596,30.27326118954777
102.39171912412694,29.774313574809778
102.29784092857055,30.126115531350944
102.94243842557955,30.498124293547182
102.87617615272835,30.610368097471888
102.5365595359152,30.61249187573683
102.40859523078245,30.25859608416145
102.86181928372991,30.468029900712864
103.13731567796165,30.578337804796355
103.15475637254877,30.601557110913568
102.45363590367408,30.34219513085339
102.39953422362541,29.97328445802588
102.70084346004735,30.748049004973197
102.59238917541167,30.66484276670193
102.49871464457594,30.63684358777158
103.00122621220605,30.902195788296275
102.96250196613867,30.410468288796896
102.96098624828194,30.426147947982344
103.04504303864513,30.492917698454725
102.81428036590857,30.699139864361662
103.30436076417756,31.274298631608072
103.49702006003811,30.94568747238885
103.30121859349984,30.703558489808678
102.48951717891306,30.622140047879373
102.53057754336498,30.76259934295153
102.53057754336498,30.76259934295153
102.81172943050653,30.779084435259698
102.43454717917432,30.35522979705824
102.5343825269492,30.229445628790305
102.92661273866418,30.869969297022166
102.90933563397168,30.871098840622324
102.90362322808497,30.899930566690113
103.29781792430654,31.3374849087906
103.22214531412742,30.869447400473316
102.91585833303841,30.493874035302795
102.56327101041023,30.202653938586305
102.84785081588275,30.610809041422414
103.21007116785707,30.805308860111346
103.00903865787143,30.902479718666225
103.15977095605781,31.175771654838755
103.39793211692344,30.820741068102883
103.02010775209577,30.839803599817063
103.69079352289201,31.321166170666952
103.23541665485646,31.115670588000608
103.5853846971906,31.099964529331277
103.30713669027973,31.322679271592314
103.1644932912417,30.731438417091564
102.80602633950899,30.878944747625173
103.02018908926853,31.13678791259094
102.4352884380343,30.265091773988832
103.29465921363683,31.075964741399506
102.99658856148537,31.034891672511595
102.91247004097517,30.964313287003048
103.23313756948762,30.664970256224716
103.1829816764631,30.629407070909473
103.33113085773857,31.101756022260368
103.69552268271798,31.335417802728127
103.20817587777547,30.91376142899347
102.6616883898343,30.1786581022262
102.44821862277983,29.87400519829729
102.58868491111886,29.930294527621143
103.68547669761524,31.36897158349946
103.97900648172941,31.72908410550568
103.7947418391246,31.83724624998624
104.0412245115485,32.15769151450369
103.99035716868812,32.63267337232669
104.57494201657452,32.510204071169134
104.79048137964881,32.55996686854344
104.72737145413646,32.69600046684982
103.97678742567359,32.968173107925075
103.96411474545896,32.37766015483539
104.09808409720956,32.19461477235885
103.75493506622536,31.9405500621518
103.84793296398976,31.74385425293129
103.87889285136073,32.04127588956027
104.05559085246703,32.05226687446738
104.15869357909493,31.698891134736723
104.04952196693822,31.623178459314563
103.63183929336908,31.30011090664902
103.46379333196282,31.370553699984853
103.81847538613002,31.378034714028875
104.04798531830309,31.85983372688239
103.94601477305173,32.65482749152611
104.11535780785042,32.697170649443386
103.84531848505107,32.343690703110425
104.25158024844245,32.241290698300475
103.89730181640103,31.87625600005264
104.20888243034814,32.31568295300954
104.59071302646241,32.57386461759447
104.14778161268575,32.773303785508205
103.8231474171189,32.595905353109494
104.29619766567164,32.519621947873674
104.7239778661177,32.78774442660902
104.64786620220096,32.477371909701645
104.35108375717806,31.820622257615764
104.29849267505747,32.09345073866747
104.39546263070173,32.12988881631732
103.85322144745614,32.24044706997616
104.20370707988,32.34548755001605
104.36955181208214,32.662330910306295
103.93187890790043,32.878266165744286
104.21682013171325,33.047310849612295
104.17323811203543,32.83018984182507
103.92503931066612,32.8137209159626
103.86845300511663,32.69456209323694
103.90721617359195,32.703191973054565
104.35169792551244,32.742576111491076
104.62254985919354,32.52547450744622
104.2913261333923,32.945829966610326
104.08906800121521,32.916121951473336
103.8430800502073,32.529846060942106
104.0691541008822,33.09811638016616
104.0691541008822,33.09811638016616
104.23839302841132,32.34575804192088
103.87922398463743,31.98405063734868
104.1453592880976,32.45374026633964
104.25186281813471,32.34334276894397
104.12638603215494,32.28891491125641
104.34320071585071,32.07677618735056
103.93179956451876,32.142027439227014
103.99431251032773,33.06357622316644
104.55441005788452,32.75157768327127
104.47929025098956,32.67982766782502
103.95284296554281,32.68942148518149
103.96091326005379,32.81805587579235
104.12519710927153,32.75480412521252
104.49673909082391,32.72258071886624
104.58059965673922,32.86864404554797
104.23718821662287,32.82721091150601
104.06261061765379,32.73727755215276
104.00308509384271,32.767123123764925
104.19509637850138,32.345686771731096
104.39599338413437,32.66465923877175
104.0076496672463,33.02360872672768
104.18546863841847,32.93405389013646
104.24705386874818,32.92262231547076
104.33112131658714,32.99414552832204
104.69414227393534,32.75488145303586
104.0373624742167,32.862736934040974
104.5038605512761,32.68926987553613
104.36203834367961,32.8181768450791
105.00311474231034,32.61921027059436
105.15774493728438,32.87982310121503
105.31702585853871,32.83319309912328
105.55572309084253,32.8924816282074
105.3507813502523,32.946198676842506
105.33001540272956,32.835731205662334
105.41555138978747,33.14235471020211
105.25120166340713,32.83286209596008
105.49548577068894,33.111033954477215
105.2405250157838,32.899938623868756
105.15139295265415,32.945977273999524
104.82516751107549,32.740840172415275
105.16866059273481,32.59804904224929
104.27393469528839,32.73403695983025
104.1153614418872,32.549573024759766
104.37235247862003,32.96012401146849
104.2075628866487,32.89007152546521
104.52484847370881,32.777647135373144
105.01165197098302,32.705512612539714
104.54400323179081,32.807026942610904
104.55089870137584,32.611420036942995
104.46147437814534,32.48618832425265
104.70489169249575,32.82101707201572
104.75501146826795,32.79589796254196
104.67117910274446,32.58710669338886
104.37231112905404,32.81420705466861
104.447146439705,32.71387903051758
103.9207922404097,32.40428727548476
104.39965744225596,32.717887850284356
104.15318290418057,32.975194344932355
104.09743256393551,33.00259190590611
103.99458725182338,32.971067430763675
104.03275441185225,32.13038144256859
104.13405995643996,32.340590928604385
104.25888788891385,32.134526490364635
104.00111917393761,32.54537052695937
104.5757383756434,32.57324850827809
104.13865510041555,32.825340941423455
104.1539060998836,32.47114492008319
104.55563995635113,32.517351743939564
104.08237491417044,32.715274777557795
104.15141461138286,32.69953223882581
104.42439858393493,32.79437771578671
103.97228705702341,32.76447315276298
103.9946132898833,32.64687505109825
104.00708716319481,32.49444651863855
104.56741904554664,32.85744865534863
104.85417739939014,32.494653842931136
104.5167074406799,32.597661298184406
104.01776909585412,32.98593243614209
104.53989966736675,32.76433095364204
104.70441245277165,32.44328230156595
104.59905352021221,32.433775844156756
104.5982304132646,32.77611205121012
104.68098929165606,32.75337556883899
104.63134068681985,32.63496017294285
104.79910689433947,32.50549535351445
105.23650010221948,32.67220923285298
104.91074741598212,32.66408576201061
105.25482912954787,32.972893144083415
105.46965886118826,32.898524788987395
105.64152063257332,32.86371608822536
105.3215923221621,32.74182023817342
104.94394222448913,32.60978687388542
105.24641303901267,32.98513856495954
105.60831313457493,32.99140077949383
105.42024350099061,32.77818450915379
105.46238565416748,33.11766955732073
105.27084380201438,32.66147663361658
105.26938749228741,32.7845852125837
104.17423358287805,33.11300359110195
104.15451163209117,33.11976406755624
104.16828029548738,32.97621378252811
103.98498827005643,32.97818438778562
104.36796770883164,32.67896680552866
104.42438347216917,32.767483994997384
104.35971972414775,32.97099914979943
104.17408636003167,33.074837053471704
104.16579567901499,33.0148891098188
104.3963580228694,32.759855300321895
104.31696010740701,32.58517656617676
104.14217791883716,33.05116266480293
104.6458901516578,32.54164764678482
104.86935783821986,32.59661820549125
105.55135230169435,32.911934452902535
105.55135230169435,32.911934452902535
105.35734248501528,32.722550438581266
105.21771537926175,32.866579822727445
105.23909261324893,32.831073694238825
105.23909261324893,32.831073694238825
105.3303098381585,32.991889541771855
105.2208198660989,32.84179977463537
105.02767325829764,32.64702386007666
104.35974165014653,32.803579453454496
103.91138230913396,32.56358944521396
104.21942119251665,32.62584204924784
103.86924995353161,32.569568013243064
104.45213024374108,32.83857211598057
104.18172343004706,32.6529919059867
104.35471383242405,32.69115929808546
104.49116648940759,32.77496456037921
104.55645955771062,32.63997792789052
104.29379609547836,32.19415028459838
104.20555265264419,32.23116934402907
104.41614734842362,32.04491654834969
104.09315174352989,32.81377716271667
104.97104977589895,32.69054591493485
105.29602480254633,32.75787299014336
105.502475375597,33.00914894572613
105.60272365114626,32.848202818185165
105.52172945859701,32.98480130278169
105.28831453566461,32.67078832138628
105.33396697190268,32.85559520409314
105.54069999322518,32.9192675322857
105.47395639840039,33.00964421226387
105.35740240427127,32.98496696153642
105.45126027779867,33.07628862604225
105.56492289434466,32.84495814071598
105.35055634769137,32.70871455304736
105.22026527540592,32.68705818252577
104.68881672470353,32.500901694958955
104.96983780623582,32.57417008995752
105.44516429365586,32.86710648498866
104.6026071384187,32.895877482197434
104.29202156778015,32.14851068305571
104.10484906644714,32.79119805846505
104.24405552704974,32.78473267846779
104.36474148979728,32.98888271654683
104.20885523668372,33.002842772030576
104.25890349387745,32.76061773376223
104.46402557827236,32.929584485925254
104.60813279622961,32.48459098360709
103.96617693059683,32.47854517821838
103.96332665132806,32.11927489871795
103.86898269849775,32.42415359427021
104.00094465547991,32.61846395009544
103.87379794582976,32.702259456094815
103.91766257050459,32.76821243547438
104.24855868177774,32.9226877518836
104.74052666361693,32.51245440571189
105.11139364205391,32.946073039687164
105.11139364205391,32.946073039687164
105.14595161012905,32.84447744611093
105.14595161012905,32.84447744611093
105.0245587914467,32.675636668719605
104.99643607841132,32.56979276796247
104.29263359093113,32.63456712385508
103.9324164466743,32.85773132567821
104.25001041610057,32.76121823570887
104.29350238955384,32.7440640706169
104.50157888683705,32.812618114200625
104.27460751101948,33.032611475221046
104.40918186634292,32.58572432116385
104.02345206137188,32.31884917125576
104.41693972151829,32.624454692152746
104.09897026541775,33.13250159387803
104.20413235383865,32.899739745169
104.31242409169131,32.62479281835938
104.50223422500096,32.68043653210948
104.76781265434279,32.55433755233452
104.07960342607883,32.801085136487565
104.14840342049828,32.393915191451235
103.92564008330284,32.45547839838155
103.83861795769171,31.86799662231215
103.80618705952219,31.291052766497213
104.07869285117302,31.458027391238854
103.92985628127911,31.459620072332058
103.6877000948704,31.320544754646466
103.780183474387,31.871742719636558
103.70051295101757,31.96618912283647
103.70051295101757,31.96618912283647
103.91938559588644,32.0446717300079
103.99149941487437,32.74096407058926
103.92187266360499,32.784159334204055
104.38416044645106,32.73782594129182
104.66012345089872,32.656230110126806
105.33299334843203,32.65366538125665
105.38375326269302,32.849250345044915
105.3679024042675,32.878656369423354
105.12731800130717,32.8991807952642
105.50402703014653,32.8975823365598
105.48911127028374,32.79836698765294
105.369228160595,32.73139806878798
105.3444758042356,32.82186772816881
104.93207397374718,32.59874068853499
104.59419490443375,32.833314549476405
103.94644424950901,32.2656046332302
104.43769700263437,32.31178255368625
104.0006654873258,32.0351716323424
104.10837621091552,33.119355114435955
104.55029720742024,32.75211266969781
104.59930052061713,32.758557565841635
104.56095259781658,32.78352803520377
104.5937787560904,32.51576570309609
104.88201307133538,32.6537570824368
104.45285277531634,32.93271387908119
104.3540964554526,32.55830691043819
104.51111575619343,32.76404516105741
105.10752214664217,32.865277386309636
105.53673788246157,33.049379010439665
105.29967348252025,32.70376321174979
104.70198786919633,32.70951645010503
104.65010689697836,32.63633557250813
104.47671581984252,32.5481212985734
104.49805415343128,32.62070326544707
104.49926696954515,32.61833212470287
104.30673641861908,32.85579191339322
104.076329178077,33.063208308469264
104.3901876686633,32.08358953786857
103.99211218698001,31.88167024862716
103.91102241760153,32.10095073716825
103.83231970230452,31.835797556807407
103.95719722976625,32.242204902128094
104.40536245741465,32.554533204386736
104.03026668859737,32.882593868265616
104.05770548991434,32.36787256149541
104.2094395130188,32.16373416929679
104.1999792614564,32.84548459267071
104.09706426071035,32.7546240115743
104.26870514442369,32.27079536120465
104.62822810707844,32.67288399066941
104.12498251121741,33.07341603461812
104.33455316641975,32.813154462936794
104.15268621769049,32.985596685170655
104.14577145059344,32.61890767373352
103.9063547085748,32.048239336517575
103.86838762163306,31.50025378243187
103.86838762163306,31.50025378243187
103.74687769512376,31.404797896654728
103.98973084819696,31.68338186814962
104.22184476911333,31.751166509921397
104.02099107043121,31.92272248412865
104.24560443829256,32.18185455964811
104.3265733009403,32.15468986279499
104.06378598611259,31.84305593761398
103.90393694323008,31.784509039943046
103.93980817240661,31.91583260963209
103.89277348478043,31.87542069341603
104.18628471571525,31.77203412755161
103.95079827641354,31.520889087777576
103.97925851414941,31.614619172783815
103.36312288420118,31.168983135965252
103.3614870645755,31.11319713283081
103.3614870645755,31.11319713283081
103.25278103600272,30.98499205922919
103.15071809651202,31.032724013694445
102.54547825434801,30.41255483912937
102.59915788545466,30.61988190542562
102.96084048670919,30.41255105945564
103.29937810759877,30.839340407262945
103.34857688218422,31.24923578787263
103.44999146041566,31.34715912365533
103.54213775465243,31.10474348256151
103.19266343137382,31.074059974736997
103.78034607414834,31.49993536445144
104.31661565715838,32.04520179735012
104.17195702209827,32.181595548342486
104.84543698011723,32.5274570884464
105.0036971009293,32.565814237918325
104.80243568821449,32.71236663224449
104.81778099519771,32.8164669061497
104.67388850822056,32.49621586308486
104.49728530239126,32.62682527023898
105.02849457924202,32.63100565122673
104.61250168849142,32.79159133060993
104.59204967439571,32.860405100874274
104.49024480136652,32.587290692422194
104.25286404407508,32.89142377847288
104.64876995836127,32.85407849646541
105.03243339489975,32.61444302019163
104.79932496625959,32.526394829288876
104.50597445202416,32.69530415905525
104.62946977654592,32.468983400219535
104.7669722928618,32.496151935811376
105.14912513293106,32.84319007244462
105.29879221261692,32.94244428137631
104.89379089251482,32.69163543712504
105.51506830045263,32.871358621070854
104.48487654811258,32.73361997199243
104.08552940227135,32.863632189744045
104.09397371303325,32.58334475396302
104.34924372974719,32.960686598469565
104.46319663412775,32.65450077778115
103.94360335752081,32.60924513506371
104.01848281367418,32.53532410644982
104.01018097178165,32.51199695875486
103.92502679977106,31.60107548418078
103.92502679977106,31.60107548418078
103.86310554775704,31.989305144294345
103.78317954633881,31.90418561526771
103.82515327846521,31.99364421690263
104.47764364195095,32.543607241575984
104.0496624042626,32.689645020472284
104.19651332066317,32.33417596540692
104.32315524787245,32.15766260694926
104.00732104632397,32.991540021495915
104.5065536835537,32.74712430258588
104.4180560202774,32.55688845161339
104.55598220373872,32.51094680831686
104.46482614555133,32.81778509833789
104.38062379415065,32.93334164106765
104.12319105970235,32.75818985097969
103.93681519427237,32.58177221658704
104.44110366134643,32.78238183115469
104.08979216841591,32.333635999899116
103.81729669548233,32.04748722850115
103.9903184260519,31.695204133945662
104.01101065277714,32.054131389887374
104.74511055385125,32.63577123832794
104.09135592387315,32.97029839442911
104.1812205115047,33.066613384806274
103.9555226759198,32.48232778179278
103.98147669620228,32.402339968306826
104.09796297196894,32.15622769291049
104.2795620114419,32.10835120306581
104.27041697586371,31.735975432615977
104.24641786438062,32.07542326895108
103.99431739678072,32.39116709668299
104.07848115634486,32.1955969665894
103.91581559557707,32.44234572268482
104.35476701635393,32.74705810302246
104.42550423880739,32.700374175036124
104.59022132639848,32.88500395244651
104.4643430159546,32.63008758669905
104.52484629660509,32.73551001151739
104.9950747831008,32.60232488505863
104.9950747831008,32.60232488505863
104.53953641921234,32.83310678207653
105.12299683186355,32.67364188486535
105.12723705659513,32.62880422483249
105.10538126933103,32.62167881266782
104.80655803499518,32.80286378710302
104.04205814491867,32.483936022212326
104.26833140865787,32.60731263228342
104.01983044770836,32.25979508880696
103.9591423262765,32.23734812162073
104.08935308879838,32.22138905126375
103.94557738360113,32.83257743380826
104.3740543205156,32.086649447612714
104.25355940882935,32.227540139019396
104.26032075710589,32.14073877105871
104.0818381500773,32.42374756274164
103.97819246183442,32.7715855188079
104.12270259630104,32.82185711307228
104.60948625163213,32.84364795124329
104.40324100028515,32.617503773975685
104.48777283364406,32.79569255605964
104.35857032017762,32.93800877840441
104.15654112401695,32.23892155702668
104.35972606526929,32.806671662241804
104.47148569514275,32.86290425203484
104.42329884439019,32.944919954463145
104.05988553325427,32.841113607300585
104.33423988490492,33.00866450166732
104.20837967472335,32.68198960171848
104.70270061507787,32.72308464514319
104.93757360538802,32.61426822024498
105.50904864832721,32.77144265112043
105.42986529590586,32.76502631715501
105.27973130037016,32.71253723746886
105.44372583860373,32.92806917923962
105.22407653677796,32.92514150566653
105.1570034602009,32.956051922307175
105.1493060348615,32.59747315340401
105.1493060348615,32.59747315340401
105.4429196138594,32.86784295348857
105.50322447409899,32.933991307943806
105.37591182197247,32.900164064088614
104.81897866530896,32.743500199358
103.88479290685457,32.4280198387368
104.00522664629578,32.262794941687176
103.91783939853858,32.176864749512156
104.23067606504866,32.83785982786225
104.43336742300708,32.78898120000129
104.7935551351664,32.58760593435303
105.39744727701316,32.822616791301726
105.1792851428405,32.908511079474394
105.1205454031887,32.943406149850794
105.39805451672852,32.988041768969374
105.4727567938216,33.01910732400099
105.03116687404503,32.54208476331163
105.52276087650124,33.031755035133614
105.26195738542526,32.92376044204148
105.39598816479736,33.153529268393434
105.48804228700367,33.006732086010345
105.44823854415162,32.73888511833546
105.39165086716666,33.02690310917968
105.19202380531657,32.91376698874121
105.5580507975218,32.85917079082203
105.51896066392978,32.77002994185064
105.40168508580471,33.10844553572746
105.61814373453814,32.8930635693831
105.27911180279186,32.93488621249995
105.29380235448518,32.967149746672305
105.28597336700399,32.79558212650466
105.28109541916982,32.6837502454973
105.2454780442776,32.87912517065167
104.90720541438138,32.679047944055654
105.29858984370539,32.6348233849519
104.66481260374812,32.44467413412583
105.00824822922041,32.61992285191935
104.64506472903399,32.49957926129133
104.32021741261417,32.55884859017468
104.27628989479553,32.87455978186289
103.99566650216583,32.82904758065383
104.03860308136674,32.6845932871558
103.92817452598221,32.723137594738574
105.30257613231129,32.85151286645038
105.51407570576178,33.04725313619171
105.38567440892285,33.12695142672798
105.24540890360403,32.90029457031854
104.55059103211786,32.58341143109938
103.98573157529263,32.68745571002929
104.19740191428612,33.08397034571382
103.82858919938606,32.577102353490844
104.13132075526188,32.84040892101967
104.08007905274076,32.9980257339652
103.96194502995436,32.82231190763871
103.96194502995436,32.82231190763871
103.85498754811337,32.43495783441199
103.75209520443973,32.1288410072469
104.15402858581375,32.57947728968927
104.08275980153849,31.55855139491163
104.08372697364659,32.26134624062986
103.92350369191568,31.500225438675002
103.94379541759523,31.359253896864118
103.94379541759523,31.359253896864118
103.5870567931683,31.098119688348845
102.53274451399635,30.65446735933635
103.07595440564963,31.170061370329265
103.38246962586896,31.09472379353618
103.28865965298688,31.089601049300988
103.34743978880559,31.158564457819352
103.37547870095557,31.355547071131276
103.67312544631024,31.18300767937347
103.6234968834123,31.236251148904127
103.92641534538805,31.796859734078854
103.92003575644117,31.840716628707913
103.78226219735652,31.48149022409007
103.89960557771299,32.018277307619734
104.38459192813981,32.4987649085389
104.0351993992993,32.71075195995408
104.38825364938441,32.75459802217371
103.9354434346672,32.38886236750534
104.11980499221559,32.83134077285002
104.48876767623906,32.92745204420095
104.3557663863471,32.60399271297223
103.94167518874494,32.89878074660739
104.4309601583316,32.856026973441324
104.67673808815253,32.56116980769037
104.69949114060773,32.78203728603641
105.0009726615045,32.68087475363554
105.29695428980098,32.67373084786332
104.31659376721719,32.768069570271656
104.2215304615012,33.02116454267288
104.28646743820786,32.32481097665411
104.58833553759305,32.67660999614307
104.73424822715877,32.785485875936224
103.89047313135808,32.015538630770585
103.97362779241384,31.68401004263826
103.9877191650262,32.0446020994494
104.22222988132789,31.74656621855326
104.30080029114329,31.758555220158847
104.05910371282916,31.66253588231632
104.0103093638303,31.50136814097581
103.8312850555487,31.370002262983217
104.01512485483237,31.89721509327635
104.34416413993308,32.1768430014464
104.41953170437988,32.094248892290786
104.36356255849377,32.29818302964777
104.58745257383053,32.84105205241751
104.1637719948029,32.87359861580741
103.72307743822837,31.946786341361072
104.0102636233928,32.095259984809864
103.92275236321782,32.132260149422244
103.71324921763879,32.00866999521422
104.12158974087123,32.33454525993498
103.9017404668714,31.468819375241623
104.03929334776714,31.625283966811313
104.04936513355126,31.936720139933588
104.00509540982246,31.961774509062792
103.81759862940427,32.39279096955739
103.89260738388843,31.683018936792276
104.01306047769685,31.471439851103597
104.10054200629595,31.57919570370855
103.71304784742954,31.87330466442175
103.87185494662612,31.98585693859631
103.76003239666908,31.836430871297583
103.76003239666908,31.836430871297583
103.77092374149314,31.881922615234572
104.12878451828853,32.21669113760905
103.22816392033502,31.170873444894305
103.03058360955733,31.19535829377894
103.0217639868368,30.93692093035732
102.93195482455819,30.81505932262147
103.06593214262348,31.03845752067999
103.47142443859707,30.940705371520117
104.02906887325322,31.714065910286408
103.77486435473647,31.875288755244163
103.89463077740646,31.696676862867545
103.90357144632873,31.574075415163033
103.90284442344506,31.355363716183586
103.77756730550449,31.434579268428056
103.88106410929278,31.77688977047718
103.39507009432792,31.410325085496936
103.61049153740106,31.276446300576303
103.61373755271846,31.160492187968718
103.30581719740412,31.003706804707118
102.67737179838942,30.788532950856993
103.28978818935316,30.651529717030435
103.20494065037238,30.741019995992577
103.17491525297568,30.81250781184775
103.26970000374918,30.845585754867006
102.51872530010516,30.280320796936696
102.49624943825704,30.274903040090795
102.58786789894309,30.234861248713624
102.62479525284144,30.20712429936212
102.46339996327515,30.581360555165606
102.65466637814738,30.835491127843145
102.5361776558976,30.624338455800284
102.87497983514656,30.71859646552594
103.04899233661415,31.1549056300489
102.7063814355464,30.881935972591663
102.58317919636302,30.702734517176772
102.58620087817803,30.18208087423154
102.30357016661614,29.847185356881262
102.49300850329337,29.926996528356316
102.56313283429924,29.883703348307876
102.56313283429924,29.883703348307876
102.60101249930325,29.961169122948238
102.37479712766995,29.729495477553748
102.52768733981914,29.735557227030178
102.52768733981914,29.735557227030178
102.42175671501006,30.175429166505072
103.19642312400165,31.050597155541347
102.63214433416182,30.41339228115019
102.33133390734362,30.166501193088735
102.7093533840087,30.682913890799007
102.80216477502536,30.558929730289695
102.51775069959038,30.598948609257068
102.92521545975616,31.186565091690763
103.14737881606804,30.935771844569057
103.21954588927643,30.900500838955985
102.74219407920441,30.261515600730803
102.8386388169566,30.716889150054953
103.35630794079542,30.90475603294484
103.25577882843635,30.68218628906937
103.12384179749964,30.806562214713097
103.09829687805943,31.231632523728038
102.79689380041295,30.739090532339443
103.22055821547386,30.66396287930632
103.3514070849067,31.37007280691973
103.3514070849067,31.37007280691973
102.38570554475612,30.084069458623706
102.63601120386592,30.59619656112562
102.6479370316112,30.64939501410035
102.75669926194799,30.737130937659366
102.50497002626747,30.13284515285752
102.6350210802741,30.445976080063755
102.65007954899771,30.12998660100122
102.52884726985182,29.96894573615701
102.5879089046553,29.903114674199212
102.59220408341577,30.59238181038624
102.58918418286785,30.19357100458596
102.82532679572523,30.47463433823514
102.52969019134053,30.34396501890959
102.56108880303647,30.207262223408588
102.92823075427252,30.348777420477294
102.67848631914904,30.341425190271565
102.7313781290491,30.916940046012652
103.20849498331458,30.835217478306543
103.36763121330497,31.226665552638657
103.47412606439616,30.88393977685464
103.11425999748161,31.142003430969982
103.00609707801019,31.050818354527266
103.06705421268515,31.05140444729092
103.08625046094632,31.134164718812254
103.02953194273697,31.199047673163932
103.02953194273697,31.199047673163932
103.40255582092234,31.230944413741316
103.21897119495306,30.823830967224204
103.086435846304,30.919521410647278
103.51349869471395,30.971110882452248
103.61277423060645,31.330752898009752
103.71745603153059,31.33371509906506
102.94144369773386,31.20126383387474
103.37775872288067,31.163918202177328
103.40718908994168,30.831850296704037
103.22314592763227,30.95631473234312
103.27888710461164,31.327067825714703
103.13956706091582,31.05700194790296
103.01348165797033,30.632950634657636
103.12905760734772,30.778940722180185
102.6382019911494,30.50406032119636
102.87683430174496,30.766727625746594
103.15086535304727,30.608724277825054
102.96099110625684,31.133555101479843
102.93357983183822,31.227485490001243
103.35802473051669,31.032666020477066
103.55087198018231,31.11869036717665
103.0403334567734,30.99162671656374
103.30065806543617,31.188699541865518
103.59445391212742,31.28558546178624
103.55904799007818,31.105185449016414
103.18113868248699,31.273336141254426
103.25294640136036,30.94774861853212
103.30484614022343,30.969552283252618
103.1961274589779,31.011808125059993
103.08573168976027,30.671819737089695
102.92173841280449,30.724261814758076
102.94568721618909,30.758465422080565
102.85832790740228,30.72743281846227
102.62301204847147,30.834616347507847
103.28179728815458,30.782253396218735
103.22741251180409,30.743447554417376
102.93304933192232,30.953854612868145
103.38162157582808,31.233462503711724
103.7315945910078,31.331513515603174
104.08429454962305,31.447912668177917
103.92237059298421,31.427928808129234
103.76503096472072,31.983388540283052
103.92227095647837,32.17652817637197
103.90848105392718,31.970202317451776
103.81798797149335,32.01088210412801
104.00113025402051,32.29721389547593
104.0113684755591,33.113699368984626
104.39250670120946,32.70334396739685
104.13645255475168,32.61748154493383
103.91969044612469,32.51478871398634
103.92859355766409,32.203549915868074
104.09346825217901,32.59588922548256
103.91330203758471,32.19327803955794
103.90262003397632,32.170349049996254
103.81537629499879,32.074950398224566
104.36851542297313,32.897467934224196
104.33550935466698,32.906900084591356
104.52479797004145,32.698936227822614
104.10835335903812,32.76074683836713
103.87662464488596,32.602794543663656
103.95412352967648,32.69956003220076
104.21470228330477,32.84030251897853
104.75892118405045,32.70385756597801
103.8712972154934,32.34476615348711
104.28747093762908,32.770186407716366
104.21251398594494,32.785480682991555
104.22218585181622,32.64696400250223
104.64255063365903,32.87137995698478
105.14988668560301,32.81153332005712
105.54398644830151,32.84672518274489
105.37464707920195,32.89749323065924
104.93848797739261,32.54897847175469
104.65977736692376,32.862376709354116
105.25434701027488,32.62115662767997
105.14601391145337,32.970577909751185
105.22296254863384,32.86360339288442
105.26751412947478,32.94950105779752
105.33496857186567,32.639848593632635
104.77620288333958,32.74124053420847
104.77345240786634,32.50380241461166
104.38753256633994,32.10366998913412
103.98657051757067,32.1575424678078
104.45060045605511,32.91459573956246
104.31365058220173,32.60837703919923
104.61069802551235,32.814950572789094
104.71288472046669,32.6791169130379
104.09923334700537,32.18149585909993
103.99722296331613,32.46920486995825
104.09884937264667,32.92856408684592
103.91189381130003,32.22031278214021
104.52692523194372,32.61097016162352
104.16855149382079,33.084194007355684
104.24714660474773,32.67413103916204
104.33356205343033,32.19443794518449
104.27149850049778,31.787487280430557
104.05591770841579,31.863575060598503
103.88220145878402,32.294170497623924
103.9411127008274,32.48642309127847
103.7137609405476,31.983504738491458
104.87293375510694,32.648527101138754
104.53290425125812,32.61616203778668
104.84302034183338,32.64029766041946
104.92436012870206,32.598259181980026
104.17603992480065,32.70442956283355
104.18836632511578,32.770332318901836
104.45041324194273,32.850691658451794
104.26341089468555,33.01571197130627
104.41091495836206,32.83566692499677
104.23782728323461,32.76004146432506
104.47093978187002,32.871972099967664
104.10565854196159,32.80715016190469
104.43293685221141,32.7285223671799
104.49648925450717,32.70361610855567
104.44816850743887,32.66447758868294
103.99549364508822,32.77776173693766
104.5407172011308,32.70115196372113
103.96937884240172,32.42984918344161
104.23859106365137,32.069848953702504
104.02566118264305,31.480111154775955
104.21985403808554,31.661764765985012
103.9605231652559,31.939495235885275
103.84973151442863,32.58281356196307
103.94872938170504,32.46605445593517
103.93109742793976,32.01699353710668
104.02475025275584,31.579231766015393
104.08096779295923,31.621791662259948
103.63094218473708,31.22583682624022
103.79179749200277,31.393241732243652
103.7821162018865,31.514474799476936
103.72480260690686,31.334751477780003
103.71841705416279,31.360815203690255
103.43052300008199,31.432076144377827
103.59360606375478,31.30251432781756
103.18982202507681,30.79032971781174
102.99458677999714,31.28282033877746
103.63446393204687,31.337279239444424
103.52484747837207,31.069792771344147
103.17383008087154,30.754163232141607
103.08225433448443,30.89753184992661
102.49315567462662,30.344541428525474
102.98389348717694,30.740807197972686
102.43820464582518,30.374461228208876
102.5243608015256,30.51824121694189
102.48415420153948,30.473193259761437
102.6078556525358,30.65925413159156
102.75911665865128,30.876388425492177
103.62933941184185,31.172240600744264
103.17804875471198,30.931215163921614
103.29461296112004,31.184177480830453
103.27273052308932,31.173681241115226
103.00755706790862,30.59261582243425
103.08041489224776,30.923565165777596
102.60394154869708,30.72281420276493
102.62433318490976,30.572558057002695
102.51042531759393,30.224739778588216
102.87245715860384,29.501216453363714
102.87245715860384,29.501216453363714
102.70909313491245,29.541354643843405
103.17216016031578,29.524361271510017
102.95405514825923,29.617706205913798
102.9171981039986,29.574775532986457
102.98954166640168,29.4842979770639
102.92897353335538,29.578333584513356
103.14372802884115,29.528839105462314
103.17836820303722,29.552912018944113
102.93587448001001,29.566965477223047
103.00598993820216,29.46770587467454
103.00598993820216,29.46770587467454
103.02921200416186,29.552267222603433
102.81944312501994,29.555137835019465
102.77271665695345,29.617302231918842
102.78624015793896,29.60858978784568
102.77389472931881,29.588865272383284
102.37266065238468,29.78707737401868
102.50731040319991,29.94252314819655
102.50566341287934,29.89968794637423
102.3013300337965,30.03860555713229
102.29417055868079,30.095524323831174
102.59254615471592,30.552317317215692
102.6666575974575,30.513064293668563
103.45400912323268,31.393093143426437
103.3095649031516,31.078535939228342
102.62337831091958,30.59080931607475
102.62392538799384,30.218378853034647
102.42905368987772,30.388039194649963
103.02210666252681,30.948078946328074
102.83574769836603,30.606181501075856
103.146802384905,31.192737590903743
103.78681378965938,31.37249123420729
104.09280857272998,31.660450391553677
103.72651567043108,31.867817494815178
103.74728266657051,32.04426971510694
103.96395166052973,32.025853992181226
104.10043299446353,32.062442966271604
104.35335067927863,32.12301165827357
104.18768466534021,32.29313136537727
104.22463021590953,31.757594002313784
104.22463021590953,31.757594002313784
104.38761884649831,32.072822955798216
104.28842333970042,32.0633343741588
104.06338004904879,32.09204451952458
103.87559752535255,31.952896910737174
103.75982441080235,31.532499409440543
103.98471955617548,31.520023268984176
103.8400895734279,31.3924309661495
103.89010970797186,32.04911881830184
104.15552145057649,32.37888081828094
103.99634002392845,32.03906426043733
104.00307260911167,31.718242190233937
103.8112652181946,31.4513829514249
103.72410568988327,31.83960979551758
104.01861028199902,32.05148394055251
104.12216125899978,31.637984822728402
103.79100887774804,31.56881280267263
103.68765526841969,32.02128460455818
103.89316061803383,32.45670619193367
104.3621943538084,32.68345665231399
104.73749637058235,32.66635368170574
105.58237996293654,32.990730276923124
105.58237996293654,32.990730276923124
105.28508428027222,32.70125193837871
105.43362702636351,32.74905026178575
105.36194487272823,32.98443102575986
105.14427194530263,32.58000700287491
105.0124365163226,32.64932800925627
105.42234552243903,33.145648658691414
105.42234552243903,33.145648658691414
105.40749067869959,33.125304784844445
105.24793760614493,32.980859667807216
105.2983156817819,32.97428366115796
105.39392149059844,32.73509853375327
104.88643730843859,32.55408591888798
105.01478829456384,32.565014038691395
104.63337658729797,32.485251709902364
104.6887869744119,32.679995986338135
104.33806137639783,32.60397540134592
104.27104572424045,32.52307228765539
104.23694138431885,32.307774359812726
104.31265901334665,32.997156392296894
103.9980397409827,32.328371619421105
103.86491208131085,31.91807626581297
104.03061757512297,32.1871315292114
103.84310005556961,32.04902402090084
103.83539843947716,31.574790655114256
103.83539843947716,31.574790655114256
103.46414074159239,31.386973139501915
103.9110449589408,31.358330467728067
103.9110449589408,31.358330467728067
103.91153101456831,31.638136269337036
103.72857721146302,32.04804105098058
103.72857721146302,32.04804105098058
103.7811102612737,31.954916956990044
103.85526212717681,32.06616881878319
103.86661038497984,31.639477993228667
103.77488330446361,32.01369245891054
103.90466585488018,31.96266825384054
104.07799583800256,32.05155906109476
103.79299374127298,32.009730058586086
104.27703809934857,32.25641133841877
104.25191170891601,32.33116023996369
103.84551494631543,31.552566167640645
104.1189331755187,32.1938981237462
103.81327719130897,31.81040018628193
103.93607309936449,31.684079255807596
103.65471419772517,31.32723949030477
102.81878484540522,30.79714700564284
102.78891735639849,30.72985950813139
102.97391674782688,30.462962175842453
102.70809779459582,29.692694707994153
103.04352599120872,29.548181192499804
103.04352599120872,29.548181192499804
103.04352599120872,29.548181192499804
103.04872789133468,29.47037537537785
102.9906101396861,29.530474807011455
102.81293675908294,29.523820142850308
102.81293675908294,29.523820142850308
102.68221757035325,29.615537475196067
102.81356815295493,30.801861220041893
102.64477057705372,30.66344639934507
102.53114098930028,30.735448481914474
102.70363704936229,30.321633519265497
103.00372866228709,30.48325615587127
102.54762161787535,29.79611297391799
102.5777516830605,29.663060996769026
102.93515871628277,29.49631832860758
102.66955340854489,30.48170636634783
103.11483675588971,30.899640582493422
102.56938233918451,30.327283689060135
102.86253511358115,30.80328845256186
102.66167059288291,30.40310758418615
102.46209075202115,30.446501424288652
102.62313408809878,30.18770453674043
102.29101326623633,29.90728589976851
102.48841056987659,29.865935978219802
102.66372297998701,29.670021306049637
102.97859178554368,29.64102455122759
102.97555853853335,29.538178628622326
102.98251151398968,29.43059879968809
102.8779116617151,29.48863061540158
103.02390559765067,29.52952424267178
103.0199715952616,29.527390496030517
103.0199715952616,29.527390496030517
103.02823528065983,29.470774283539463
102.96440945659276,29.4408157473725
102.71493406585415,29.6882178982761
102.5361028690583,29.879015612677094
102.47312541384191,30.045905137569964
102.67690818873987,29.61061293379333
102.81121536598255,29.55530093554972
103.03930735162284,29.505287436447592
103.03930735162284,29.505287436447592
103.0446503440073,29.463751884250282
102.96132789924393,29.49242393146749
102.85791217182624,29.50423731144089
102.85791217182624,29.50423731144089
102.96294791716228,29.43222332188345
102.96294791716228,29.43222332188345
102.92343005365014,29.483422319235927
102.92343005365014,29.483422319235927
102.64335587387914,29.708906681863613
102.95615825749921,29.69344678012398
102.95615825749921,29.69344678012398
102.95615825749921,29.69344678012398
102.95615825749921,29.69344678012398
102.90843750641596,29.590401465446398
102.92723607273203,29.57654929619141
102.92723607273203,29.57654929619141
102.92723607273203,29.57654929619141
102.735414866416,29.544377390983588
102.735414866416,29.544377390983588
102.45782873049299,29.790133983726673
102.58467429041316,29.716684973428457
102.49569726340502,29.86063388504669
102.69367224156687,29.63607184520126
102.96506672918449,29.54271580753432
102.8484505475908,29.5948407874487
102.78942718192752,29.619890354865195
102.58644248894582,29.84556975267807
102.58644248894582,29.84556975267807
102.64816770705288,29.688681261886455
102.43748355208872,29.94243466299092
102.29645228651219,30.08059136214098
102.29946188584134,30.04152370650725
102.68907248762429,29.60178370433148
102.76106155499248,29.569028710862206
102.61092965429913,29.72485854028887
102.41673760087728,29.716414008254542
102.3055679841778,29.949972515771332
102.64173965717707,30.13702319515784
102.36058596320679,29.867344942318173
102.36058596320679,29.867344942318173
102.34193375513581,29.921141811024217
102.38661491390856,29.815750488197345
102.36963195788212,30.21836055776457
102.49279898704019,30.563604935790902
102.65000855893527,30.621604848006964
103.0116062535268,30.563879108791788
102.61954724333367,30.471691538051065
102.52975350419328,30.416730517685394
102.5512025625521,30.38063172712985
102.38914154668083,30.21513783310418
102.79035395076463,30.53948674105114
102.61681882320943,30.581765236674155
102.52772883877297,30.25060950820376
102.56710564280606,30.37438184072185
102.50594548340146,30.43363846962998
102.441864736214,30.379564293408936
102.36482121546416,30.053476974618675
102.52584220825366,29.68772311042861
102.40130833875882,30.000833794969164
102.4940925823234,30.14518443501245
102.39233884775649,29.76458236544963
102.37281355678907,30.02112724550028
102.79865651436543,29.5761663327557
102.79865651436543,29.5761663327557
102.79865651436543,29.5761663327557
102.87082987693465,29.56407625800199
102.90847607789692,29.47098434346459
102.90847607789692,29.47098434346459
102.56651731942824,29.70697430722909
102.70509268175368,29.586164635397466
103.09414588962407,29.525723005604142
102.97540762861865,29.57366826941314
102.95797697617577,29.503210331048045
102.76646996784805,29.558796251972208
102.3726126142494,30.023258922334662
102.62723170231655,29.947372021834262
102.87148752281618,30.71910715383967
103.40203151294598,31.077947876200874
103.42551001540834,30.86212169438889
103.0924995955191,31.090273671648788
102.85297901336244,30.613319043030724
102.89982400603613,30.839623991296026
103.06435727785919,31.120166123165916
103.59771292233302,31.213198226015407
102.90100329940026,30.395483434154933
103.13317966609617,30.772299516150998
103.25715386984872,31.160443099249015
103.33910104634752,31.376105275515044
103.75840392708973,31.323631752990536
103.77821170301067,31.97249286460528
103.9754456087826,31.96728913272515
104.00455485992974,31.869103172585458
103.87156738632908,32.13705341097118
104.09957276120326,31.872663551304605
104.41342381896159,32.2887201507992
104.51618521413145,32.5331006195337
104.36805910053182,32.86534826483463
104.045737072318,32.98923679829467
104.10389731157237,32.23764515713943
104.11437935671438,32.26322282731071
104.07907588411892,31.725675064261416
103.86354153535153,32.03559298750997
103.77925645440808,32.00267354174243
103.97922845815478,31.683909392057238
103.83154619648539,32.03150153071152
104.19394820249643,32.750035253078856
104.8977055441193,32.664529880368704
104.25915413096548,32.59118764158501
104.70198288136426,32.79343570750253
103.98431648955874,32.98613040843468
104.17595905163228,32.920988243114046
104.17538226947374,32.76012601337689
104.68174630133174,32.45835623515545
104.50670104512102,32.84416541565675
104.18604551689594,33.06840952173487
104.38698272106251,32.663976390021574
104.06267778539359,32.82349241949216
103.84079828909671,32.5995739658195
104.26950304767229,32.68149340477654
103.81669179942433,32.467354410307195
103.96728392958067,32.82099813426882
104.04655354391649,32.19247178166093
103.72949879827625,32.051078141343126
103.86235440630107,31.97751991186039
103.94568843407853,31.91087692844873
104.06551867575097,33.206595023112264
104.09000211171666,32.90797937464876
104.02425662545039,32.62871629932742
104.1150766336078,32.66281622873245
104.38616899305376,32.103661860611965
103.9051869891092,32.51356758834037
104.03605107515929,32.72950489007292
103.8061271505036,32.331384697637226
103.85086351612202,32.30198966566134
104.15435766493593,32.713214900699974
104.2185633818868,32.62231728568669
104.66013841932217,32.78224561879596
104.55655825462686,32.82144098627217
104.65835487953431,32.58910787578611
104.56754687728066,32.83418225928008
104.22160348571818,32.980640674300595
104.53158495844245,32.54760537441161
104.26290001497772,32.19702251129215
103.83704608889084,32.54637658453687
104.32197856530684,32.59731789765523
104.48110267890067,32.59537206862603
104.41784343140972,32.86261578082243
104.35267268238667,32.67795719770695
104.48580226421252,32.59415961621553
104.86337357685608,32.52773083424019
105.01993595234502,32.658717876841294
104.94320777115324,32.70856273287827
104.8002289451724,32.65343861120916
104.70990011077119,32.82852215351305
104.73004161053359,32.800474667966206
104.90152928166764,32.78275211166361
104.50169609371787,32.57324908392789
104.12084946362675,32.77605538351345
103.90760240397164,32.53835485274504
103.87652267114485,32.234492238139154
104.24780884161527,32.203347028691496
104.78772101957108,32.699407403566084
104.7218580890067,32.654115038988095
104.53165910546623,32.50880329083959
104.46680935591658,32.8457192245428
104.58707755675097,32.83438559914759
104.94257319116092,32.70063493636353
105.31707592847175,32.62522797312562
105.21752490669444,32.636033581841176
105.11410025692732,32.66513290826618
105.19967928994826,32.85028624468743
104.93031155767794,32.69332535345845
104.03821551226112,32.93152288557068
104.18190566269074,32.57645335669795
104.30359765601237,32.90150961088604
104.14283103789163,33.119961664959256
103.99594294232875,33.004747893972386
104.74347087219901,32.72395539265113
104.00841150673008,32.85305681515294
104.13605108784711,32.962966124981655
104.14715074307631,32.786701730805156
104.11155458063324,32.94074720911331
104.16541147806024,33.09279990341067
104.16541147806024,33.09279990341067
104.42392649588929,32.780900334093225
104.3269928662557,32.070987328150515
103.9241066845199,32.310034777149674
104.39497207589454,32.32637717762035
104.16509350477848,33.061015113835694
104.09874988304838,32.62321312773649
104.55429409533821,32.668700469526286
104.53643654738903,32.83919487802682
104.36996197687309,32.780503484745054
104.30433355885081,32.20828994493321
105.176973666135,32.68960606612952
104.33274066616659,32.800330963236654
104.12536774532727,32.63862104319515
103.91777092077342,31.779645901293268
103.89172752381451,31.951440608491485
104.2963345210583,32.23572011900382
104.62016341198246,32.81022909053035
104.72101907782606,32.79416208465549
104.84982268352508,32.594439208745946
104.61611721254134,32.67124887313098
104.21152432944976,32.990528808710614
104.47736109509695,32.718224865237026
104.68513484170842,32.52528567746168
103.94607448042606,32.21477559892438
104.1292036337759,32.24078269435478
104.24605174196263,32.76787475294829
104.78927880501311,32.58376933847262
104.55505296924633,32.58565013391371
105.28145276016852,32.76436973919458
105.19277322247305,32.9158009144607
104.93496914648553,32.538807475100526
105.20853125784954,32.87521571418779
105.24072120854385,32.608545983695585
105.42382914692594,32.80107979278389
105.18601878848527,32.88150266458784
104.0158427799806,32.81531933558927
104.27664019952783,32.87921422948438
103.92921792211166,32.434763824860184
104.37287433885082,32.72240345797214
104.18650135886982,32.63196988548868
103.88308330069165,32.04606699967526
104.10152343803821,32.60753160842931
104.06422624583575,32.786745873469364
103.88374336015055,32.6549866429043
104.00255560097189,33.03217136941002
104.00255560097189,33.03217136941002
104.17457925779048,33.04014395044157
104.141335651045,32.744451824129875
104.65021348872891,32.71642291010714
104.01997601704419,32.98595816235248
104.07780777621362,32.83884617567102
104.06398458746403,32.280408579606025
103.8669289356329,31.63001831184504
104.03216509038235,31.61599697415777
103.85296730401505,31.770031271302006
104.10124912587762,32.204248620402836
104.46912786347562,32.644782446308646
104.5852189225335,32.45053037790404
103.88246989424772,32.48174107204581
104.046625094164,32.485720734667474
103.98112516561821,32.46352029701184
103.73317050993485,32.076396375864554
103.85963194679984,31.936984464927573
104.53657476586261,32.86453151252836
104.90491391502947,32.527326438757584
104.8210753199814,32.490686048402694
104.38929006741458,32.75502827690456
104.39143596963758,32.931415124910956
104.39143596963758,32.931415124910956
104.12451221875187,32.68645485388688
104.10614244936448,33.05647376059316
104.03855244072832,32.95455283527845
104.08632109197501,32.492586407588576
103.84828133238133,32.00933000345868
103.99136169364756,31.71725585517425
104.2790471606537,32.17311145002804
104.38915247172442,32.59969610943085
104.75966463209217,32.73863223531803
105.06472672452475,32.67975691132249
104.77025329717424,32.736019306668794
103.91838171659131,32.55249554179583
103.98038662749602,32.0338713044437
103.98038662749602,32.0338713044437
103.82518922382397,31.933112882772154
103.97429597595209,32.10329715792641
103.7080209595393,31.988004813203283
103.7347935246137,32.01458405468242
103.9205545395751,32.16010549180035
104.25062624284459,32.1016341359074
103.91767700040867,32.90259846037376
104.07332312866656,32.9332691157383
104.17197062538844,33.02810125811837
104.12048527974106,33.11474026027533
104.15012017413632,32.666973770455975
104.47403658821248,32.73214746506303
104.60986296700618,32.731629740397295
103.77437462949723,31.815932212717964
103.87931844876081,32.13309535523694
103.96707588037881,32.51235355890725
104.15780321434302,32.344690481688694
104.39355163041611,32.27100132520091
104.71322934149873,32.45528527947179
105.18264712503584,32.58391138127048
104.47838768914708,32.670354072887854
104.96308656748182,32.583145938554544
104.60180801984598,32.78570342058178
104.95815782415802,32.719909114180346
104.88041086889805,32.74972462887793
104.88041086889805,32.74972462887793
104.88041086889805,32.74972462887793
105.1380115013784,32.941293708097355
105.15820289512638,32.626891042795215
104.97764377055488,32.599711208301805
105.145346040516,32.63557275178761
105.41522488737797,32.74913506584782
105.58911543563418,32.98205191042759
105.04365675630544,32.59929618956131
104.155582621269,32.77411569904907
103.9353014993345,32.726148972704706
104.28590983272531,32.270710581409325
104.28087254661332,31.747851939225004
103.92490284112054,32.31451216403942
103.8487212177819,32.59251434561398
104.04637409795586,32.459593211921
104.10912410397526,32.55414221191914
104.00464709395573,32.871278573895694
103.93276431650813,32.648719224386944
104.3320631855217,32.86783570394554
104.75725319577427,32.52840198912135
104.07006475273012,32.68661527437152
103.91487948973742,32.35662764260012
104.79912547786813,32.7697692551922
104.02717618897715,32.84132525735519
104.21882381969397,33.06402686216696
104.09010828933481,33.01232722176729
104.26087715156582,32.89406870270485
103.90831358947922,32.72617832997577
104.12791339124574,32.36930934122866
104.300934907645,32.22268742409204
103.81439572813436,32.11076056363827
104.11933194891641,32.25363541803844
104.0462376909956,32.45323965866976
104.25709061162208,32.76247747610431
104.78011781164932,32.50096072497401
104.58050478482313,32.574907439420535
104.08927836664606,32.028769294945945
103.78899276890951,32.04609118882723
104.1386591421482,32.21430232947439
104.05329043382619,32.14549941775576
104.08239491309985,32.462443294044405
103.83698850111806,32.42692087765934
103.86586248711865,32.391130889420005
103.80133806392271,31.449630018992558
104.35548698374592,32.059481632838065
104.35548698374592,32.059481632838065
104.24598723072144,32.183473954641805
104.86084062548704,32.50711578370388
105.29169766845399,32.70856080209946
105.13781128158737,32.60313042600057
105.05829613636939,32.64737782215805
104.6401051608786,32.621551953389414
104.68994961589644,32.79423547353817
104.10658842780812,32.2438266637147
104.06793075786459,31.855723918761385
104.04846976528782,32.19738293642255
103.8152798352302,31.84718762272651
104.29538653231295,31.768673372293673
103.89953103950631,31.750781833252297
103.77653788862011,31.490832188086436
103.82899436430942,31.358070152708517
103.85133424978508,31.37247457641664
103.63018406100993,31.213008676551954
103.28670952885625,31.207420964106078
103.18504188706355,30.885320921207928
103.07220571368168,30.7289352385596
102.82850035219936,30.757367975072675
103.08793760690713,30.577394592810364
102.59093173163858,30.394486219109314
103.2365579219788,31.32892450888641
104.12333171425706,31.683147549870657
104.11951864618835,31.738754616432317
103.51920289646634,31.1369283265524
103.2614695716693,31.214020770289032
103.20645365738007,31.22295547299893
103.33774151870999,31.222939340983807
103.34234712255791,30.72041065147521
102.75215784138787,30.702428606442435
102.69395335293183,30.326235701093175
103.09005281381963,30.793919318766015
103.32864536637719,31.267614698436027
102.97111521674519,31.187810391865582
103.28006831916434,30.800199461641817
103.21768478251751,30.71144999130252
103.02781265069328,30.484934508724844
102.75820508792886,30.581052484054485
102.97033707635563,30.64540748306176
103.1604763757418,30.820906472982504
102.79970579383814,30.55410962221875
102.7844452468967,30.635431573364887
102.66731220219954,30.279180985924835
103.07219736029785,30.41662348083447
103.35725900942276,31.01722193473073
103.341196061496,31.07571246950375
103.40223855267149,31.392194936603744
103.84051288583933,31.6207571873678
104.01290415977054,32.07893773915839
103.90405739247072,32.615965008939824
104.04069029847027,32.77918582096273
105.19937759349338,32.80006875705341
105.09541640040653,32.58056868483951
104.84616631245405,32.7289300447091
104.71008593434505,32.67294277659847
104.07662991420843,32.294590675298025
104.49663663322293,32.65894536740262
104.45851320643756,32.917049542147716
104.33006499508022,32.74325262926182
104.54157708318135,32.48505341750333
103.94418412670599,32.07428985423718
104.06918659272152,31.8944560486638
103.88326658744285,32.21204059502402
103.88919963851549,31.798621829688273
104.29277981691425,32.3077583028057
104.0651982396929,32.29530962301681
104.89979172810928,32.572404840053494
104.83248068600203,32.599196193257924
104.93875941714312,32.631481765819366
104.95105342918652,32.639504643629024
105.48790550680832,32.84182918186748
105.41892334412034,32.93510301416907
105.21217832892643,32.93785346267075
105.46887152025346,32.866525257955296
105.27218248897519,32.7561978223743
105.3230498597178,32.90806108705458
104.93633694869192,32.65133802536947
105.25718828075142,32.89011428168473
105.22907748723188,32.831440644776336
105.48998619223335,33.03633470292712
105.38304327534652,32.96485315387071
105.38304327534652,32.96485315387071
105.13415959040044,32.66256624868157
105.2631583336983,32.706037984875216
105.32409475933359,32.98965328532707
105.27383521400881,32.799607050379166
105.00867412961213,32.631634314197576
104.84745300206347,32.53916509626376
105.45578529594012,32.79261981159073
105.35407783777686,32.92299710192467
105.40315707000659,32.94442958136268
105.50540481959504,32.861350337397916
104.60713110608305,32.615555004896386
104.02997862692428,31.536496353377448
104.0386663861066,31.551862434823903
104.03764630443749,31.519474998520476
103.7812002576647,31.451367941147723
103.7812002576647,31.451367941147723
103.7812002576647,31.451367941147723
103.55401371742599,31.098776922442966
103.89867848721003,31.684487922307248
104.11473464568078,31.638409392212193
103.80095766812875,31.475485848906768
104.03100823570313,32.30775014501386
103.84796598677619,31.99803313051369
103.92871915519456,32.34346535401039
103.93135451266201,32.41815792908854
103.95547871924028,32.50599695145728
104.01780555551642,32.20569523873195
103.77310470114635,31.953032704642958
103.94022164194983,32.11207761767095
104.15495815078599,32.24831137380146
104.0403120442264,32.24373355349695
103.90398301768754,32.09653182058288
103.97348517771036,32.27903837682506
104.55655695069312,32.52066883539389
104.76572704964364,32.7988982080518
104.13519202486654,32.87157221198514
104.20029607219182,32.941558103952886
103.87649440774283,32.4526298657914
104.51310228079443,32.5533308942058
104.19016579400757,32.363140733843856
104.59402056428208,32.711883172840245
104.29984640994961,32.10693151873543
104.28596914158648,32.11877358765932
104.04528123549194,31.94439048314756
104.0315246073379,32.188924043710784
103.83174814929959,31.998457024477037
104.15401227268573,32.27620109413938
104.35273745437928,32.59222903115347
103.97015374110114,32.83576177904403
103.89841715385488,32.271865795973234
103.97497256669851,32.34697899054415
103.79919136819477,31.993248160180404
104.36861580792514,32.29481878736079
103.93952631448943,32.39840799311492
104.0111076473182,32.065746364012455
103.78501929250089,32.05824234112646
103.81774278503232,31.969044241526777
103.84871833706791,31.900458165103988
103.84871833706791,31.900458165103988
103.89369542647343,31.995393002278448
104.59002322336403,32.738381132260315
104.66890069063149,32.59073420149025
104.81596477109368,32.5519528433447
103.89262343743903,32.553765967889674
104.1018009912343,31.668509313092848
104.14229760655311,32.59907678021179
104.14858282267043,32.21618998209681
103.88104693461473,32.01187131063864
103.8079035241471,31.971919186348924
104.03643555965746,31.88262612076131
104.12250571009702,32.16477305096157
103.97165398482849,31.99411814522068
103.81812800460298,31.557916232892936
103.86480984402105,31.595372756128988
103.74789051277612,31.86023240701244
104.28823003387706,32.18277051708308
104.4348306785073,32.63150542420794
104.13740949312694,32.858770702688595
104.13740949312694,32.858770702688595
104.36099943548723,32.97666950345454
104.7266012491231,32.629622521717465
104.55424137016074,32.813122371731104
104.85626824324164,32.70539489418104
104.91118920606851,32.68829897044815
104.15246956163581,32.373735580283
104.22980106811416,32.120386639803186
104.15777507711269,32.79778613662324
104.49400263998547,32.598228905295514
104.08166871675195,33.03169813876764
104.01287117738198,33.127209207424805
104.24899619320968,33.0087576459168
104.93528323505545,32.56963713668144
103.90957041141048,32.53207198232876
103.93252135947988,32.91475960622569
103.9373701727238,32.63893858880063
104.28453449050866,32.59351391705245
104.44295475253597,32.62056109100606
104.36796684431832,32.64809017353201
104.17082267012256,32.79558210853416
104.02726215151483,32.63276616446445
103.8497075022056,32.56072396427999
103.6750371959476,32.03928151564314
103.81798627874264,32.07161248867593
104.04680187234617,32.16765164276179
104.37502890673869,32.09601186813082
103.79576387328451,32.09967237596853
103.81220095887682,31.936609472859107
104.46751705898122,32.58900856096683
103.9467587474062,32.58789296732543
104.23341835414449,32.20609700472076
104.05284269645468,31.689503705632482
103.98588740431649,31.491985059868806
103.98588740431649,31.491985059868806
104.0599431162197,31.575701049035455
103.23404665974036,31.31763548582771
103.38364907854609,31.043434959074236
103.35088776201097,31.1258160209251
103.424228357671,31.1709994371504
102.8178714492884,30.617098277649596
103.05247914122101,30.776671170549793
103.2342385573036,30.67843387664051
103.38392630332552,31.050245507188205
103.1038804872151,30.76995192279655
102.80337987389632,30.659328708776773
102.99989146236247,30.43141962777538
103.00594699171317,30.529925602632577
103.40085331499535,31.31209516199188
103.28408677326867,31.1115966710309
102.96607899512925,30.406148153306248
102.8517656933983,30.681581759695014
102.94983203343995,31.16205417537226
103.31104887329326,31.26550735984175
103.3059995084168,31.2238206585384
102.82818156750336,30.554257985299024
102.68079363040633,30.65188364797518
103.275070333024,30.995536320440507
102.93448584559295,30.74639496017163
103.60876183519065,31.11078678417391
103.20962306012369,30.668688029088074
103.21875031027687,30.888386856485408
103.09586398467508,30.942453836602702
103.0009036161898,31.151765975242593
103.24174918476388,30.86146907169518
103.19103355539653,30.55981951103259
103.09827045936044,30.930673861010366
103.28143363648577,31.33939944782929
103.10831762996072,30.906677120992754
103.40768229973527,31.364514417226665
103.10424164641404,31.074586406248628
103.24086384147128,31.347514380128136
102.91370233531651,30.93250158966763
103.36930915436454,31.146465180717378
103.13484721271556,30.910108922083776
102.96978917087601,30.938497599684016
102.98282525464614,31.139761833253168
103.33144474362287,31.046099966916582
102.97585741057719,30.829765060250928
103.00965640555268,31.184323441787992
102.73894444098305,30.82113844401933
102.87036613612834,30.886180022948498
103.4160622455775,31.256600797137015
103.87589751888976,31.492046926438764
103.82871986419758,31.451745863139873
103.30587714170666,31.31122990901666
102.87892249128458,30.75852173176533
102.87892249128458,30.75852173176533
102.76263873330257,30.46078686964467
102.72835967142304,30.69313376027886
102.54334210186083,30.474861309721113
102.49747358555076,30.690907813687158
102.3963840303626,29.956912609233957
102.37908265409675,29.119294460738846
102.37908265409675,29.119294460738846
102.37908265409675,29.119294460738846
102.49489497681898,29.008882501150655
102.41349838948283,29.05890305990763
102.41349838948283,29.05890305990763
102.34099689867087,28.971069324108484
102.34099689867087,28.971069324108484
102.39859494716234,29.016270642685466
102.34197577774334,29.090230763962545
102.39084002696397,29.074700392657693
102.45566948792465,28.99708516548862
102.30771793260787,28.959228860988873
102.30771793260787,28.959228860988873
102.30771793260787,28.959228860988873
102.41185820916857,28.90288040247332
102.34704965171336,28.894314642985297
102.34704965171336,28.894314642985297
102.4005588759039,29.029529281660665
102.4005588759039,29.029529281660665
102.4005588759039,29.029529281660665
102.41000048379456,28.950492792823056
102.20157080510837,28.994594993211873
102.42578382364916,29.080453891258866
102.44421683220146,28.992400356193375
102.47383273305755,28.993700978884572
102.47383273305755,28.993700978884572
102.25470529463578,29.039284410798427
102.25470529463578,29.039284410798427
102.41399329412283,29.11710648962135
102.41580983454159,29.08401292288643
102.41580983454159,29.08401292288643
102.41580983454159,29.08401292288643
102.34410382499706,28.8756122459896
102.34410382499706,28.8756122459896
102.273490369366,29.046574378010213
102.25097142993528,29.05934132801717
102.38515838786833,29.0809922363144
102.38515838786833,29.0809922363144
102.22879377271421,29.08319312174077
102.36010900188015,29.116073379462815
102.24749519163811,28.912718678575292
102.26525127982505,28.960876242646364
102.26525127982505,28.960876242646364
102.26525127982505,28.960876242646364
102.20776853418107,28.984603010500745
102.20776853418107,28.984603010500745
102.20776853418107,28.984603010500745
102.40195603097901,28.948873545629304
102.40195603097901,28.948873545629304
102.40195603097901,28.948873545629304
102.40195603097901,28.948873545629304
102.40195603097901,28.948873545629304
102.40195603097901,28.948873545629304
102.36799352199155,29.110889476142404
102.39679079293651,29.038687648604196
102.19446454625863,29.067500040923388
102.40934901648295,28.9081287288115
102.40934901648295,28.9081287288115
102.36336277720324,28.93344930895957
102.37880796315562,28.96228578684819
102.37880796315562,28.96228578684819
102.37880796315562,28.96228578684819
102.34181215777613,29.080914688513392
102.44386630420935,29.029989289020264
102.31406580144285,28.958874834893184
102.31406580144285,28.958874834893184
102.38419506249375,28.90985527247402
102.38419506249375,28.90985527247402
102.38934962109332,28.886898377943346
102.38934962109332,28.886898377943346
102.38934962109332,28.886898377943346
102.25021116369332,28.966759700501783
102.25021116369332,28.966759700501783
102.48145170498123,29.019031699698058
102.4687886551234,29.051501661778975
102.4687886551234,29.051501661778975
102.3007570314345,28.952226492706888
102.3007570314345,28.952226492706888
102.3007570314345,28.952226492706888
102.3007570314345,28.952226492706888
102.3226654856564,28.953583271451826
102.3226654856564,28.953583271451826
102.3226654856564,28.953583271451826
102.3226654856564,28.953583271451826
102.2619012446714,29.075758497428694
102.2619012446714,29.075758497428694
102.2023472369607,29.00382992578872
102.2023472369607,29.00382992578872
102.2023472369607,29.00382992578872
102.31782096071956,28.96004815616042
102.46157183306828,28.910725028769388
102.26909359251808,28.90767745684863
102.34948340775026,29.00267347136493
102.24182366638938,29.082461396920046
102.24182366638938,29.082461396920046
102.21847480953531,29.086670830369584
102.21847480953531,29.086670830369584
102.21847480953531,29.086670830369584
102.21847480953531,29.086670830369584
102.37527964764416,28.982156415075075
102.37527964764416,28.982156415075075
102.37527964764416,28.982156415075075
102.37527964764416,28.982156415075075
102.26332764828612,28.917695373186703
102.26332764828612,28.917695373186703
102.43570721583428,28.99517139796697
102.43570721583428,28.99517139796697
102.27230968250302,28.918538645923277
102.23190765801726,29.020278695343787
102.23190765801726,29.020278695343787
102.50290892945296,29.033247931867848
102.42696398256183,29.06970245499006
102.42696398256183,29.06970245499006
102.25569058748661,29.06734099791826
102.417829142844,28.931368033248603
102.22503603927659,28.974833782348615
102.22503603927659,28.974833782348615
102.26319121623708,29.072071105624133
102.3401451734205,29.083334707687424
102.3401451734205,29.083334707687424
102.3401451734205,29.083334707687424
102.3401451734205,29.083334707687424
102.45397610898883,28.958485138736933
102.37838718152369,29.035822743744205
102.36312224611427,28.88868000906959
102.42611631986885,28.99662218241983
102.21651451891073,28.983523106607404
102.37551501014656,29.152838216205016
102.42565166444867,28.932282619230964
102.42565166444867,28.932282619230964
102.42565166444867,28.932282619230964
102.19834445641641,29.048893055485063
102.36940051063769,29.117971576524784
102.36940051063769,29.117971576524784
102.36940051063769,29.117971576524784
102.36940051063769,29.117971576524784
102.38517168559268,28.903754257275466
102.38517168559268,28.903754257275466
102.38517168559268,28.903754257275466
102.34417323956164,29.03599915866236
102.37406360541213,29.131713936252982
102.71524886123363,29.520080660263762
102.71524886123363,29.520080660263762
103.191693346141,29.534558834814415
103.16938596648454,29.51317037137355
103.17518081506047,29.487509480424055
103.17518081506047,29.487509480424055
103.18698438866056,29.456348854383695
103.39464883270733,31.05360803947839
103.51473191276372,31.122501555673416
103.4811917464227,31.418398439104852
103.2951401845367,30.879692967784322
103.30286050731513,31.346060219151713
103.87776357713572,31.694447353531448
104.3359461014024,31.820515209852054
104.27954591502164,32.18363874745078
104.3122560832936,32.06287898829727
104.26871574684905,32.22113145870774
103.75497117548085,31.974212734752747
103.92594128764763,31.648480910219227
103.98707248051987,31.63989220617415
103.87402774850362,31.76407219309793
103.90780245276768,32.087835799197094
103.8611163195327,31.71424929009275
103.86578662688443,31.726187210498495
103.62637553024676,31.285125873502526
103.39440277246496,31.09789569084169
103.00016587236263,31.05469038609231
103.37361698880724,31.293844808900015
103.0754689229301,31.03049094180593
103.14719489389896,30.770667564530655
103.9021347001278,31.358533406877747
103.45590047667065,30.902668239442825
103.08484426281052,31.164537848819364
103.12668744250526,30.894039465172288
103.17153833715247,30.901402052190363
102.7114292367456,30.839651547901603
102.8113529673605,30.542283615713053
102.90021441109388,30.446647125402173
102.5897424077645,30.231804798963832
102.50316569051805,30.60220099603167
102.49291584182393,30.77903217161421
102.73892035809331,30.755702256387085
102.48698722075692,30.270860761378376
102.52656458354988,30.59623863930963
102.71687777864673,29.656944542624654
102.64758231573362,29.726288723813145
102.51397455440757,30.254303566175114
102.7145637092875,29.615833838899547
102.42871858639012,29.805267147630243
102.9136170435301,30.49310452129232
103.13417162704258,30.570234016641184
103.18310520703707,30.585898712001526
102.81904126419678,30.479545702887922
102.64830487328044,30.614547034517276
103.36870214452362,30.90818095006078
103.14967986968801,30.944450307915666
102.9945081102933,30.961499034634453
103.1350828312649,31.078334509689608
103.02845055725179,31.152130887692717
103.19300964107634,30.650849858840814
102.63230642652476,30.46666541871869
102.73143421680963,30.83760815407405
102.48479811926846,30.100972837679002
102.80316874386632,29.619582324061426
102.78144777211295,29.538758174131022
102.81107333966233,29.52317752427873
102.82542800310229,29.57543170062671
102.72045400643836,29.586653786722934
103.01705143923854,29.518028017196972
102.87262959348901,29.487682575744273
103.13758022559699,29.49801876268414
103.13758022559699,29.49801876268414
103.13758022559699,29.49801876268414
102.92228119530624,29.613920857762462
102.58878892452452,29.87802795601618
102.4697400460635,30.14697018412331
102.52517169740693,29.919132604714274
103.0770950323775,30.46846805436287
103.12512852797865,31.137764894411443
103.07818946570006,30.913078277476654
103.29483557304688,31.092409307584827
103.27061417749252,31.203464895292875
103.09911322466786,30.812675395540033
103.3656483286262,31.394320344461704
103.01801036768858,31.260957057846554
103.26870919445311,31.35984373553971
103.03420768441141,30.72597369758211
103.30087678869157,31.10746144915455
102.97421518853515,31.12774734915441
102.97522683967235,30.84358159049958
103.07220735773831,30.99475041781608
103.15358878854946,30.747780391617624
102.65549422245992,30.75425354053842
102.48638983184483,30.38474059184498
103.16704036301464,30.61751321487159
103.03541934488398,30.516494447381753
102.93995618010281,30.77596153746657
102.49362202576626,30.573797135616832
102.80948992499954,30.511034262040162
102.45190331545746,30.417757644784913
102.71711632652034,30.364081330069553
102.86630176560742,30.49724998260438
102.73224286258828,30.53259951837037
103.31736934824283,30.766937707780695
103.07845438115771,30.993333606650737
102.33548350646969,30.08912299423636
102.6548116015216,30.66702158805699
102.93041269033287,31.118940249006364
102.87770457899002,30.419695681168495
102.60377081374361,30.162975760819005
102.31622757662053,29.999822891365575
102.94996577343987,29.596831124414223
102.82239871585968,29.525852278310207
102.82239871585968,29.525852278310207
102.68514583181073,29.68172649849387
102.68514583181073,29.68172649849387
102.63604214972345,29.670968196567813
102.78277311408196,29.612135009726064
102.78277311408196,29.612135009726064
102.94732584286619,29.620196457816576
102.58562455231316,29.83701958894497
102.43763049091706,29.731024979562402
102.31697499825754,29.977594999295814
102.48677849833106,30.45358045577761
102.6315446744693,30.495952906008053
102.6867261512379,30.211084471387657
102.62467462545408,30.20959894498435
102.79659339686195,30.550312692385965
103.53062231352826,31.08135322449206
103.58006125861957,31.11621850576382
103.75867348056913,31.376669125080525
103.7335196856498,31.25004219285855
103.61412010402304,31.312649055636903
103.5506260390821,31.256192715328282
103.3248559667718,30.978800721389618
103.1264057600123,30.45969974912714
102.99305156879956,30.75865836496195
103.1437380632499,30.661639854629065
103.34729594470211,30.950054169959035
102.85624458598159,30.342248130530237
103.01029030737767,30.590431109908522
103.135809251516,31.128634929881013
103.22792797300889,30.828109086980746
103.02741867896869,30.861604644853575
103.00742654664978,30.808187901109836
103.44825208791869,31.374594906026452
103.44825208791869,31.374594906026452
102.92403209241343,31.11661010905022
102.86338613132064,30.839730180436554
103.126969859032,30.577410342587065
102.91951157727159,30.463520346435754
102.81105174005042,30.805397864198888
102.91991463319418,30.34172225437319
102.68062792251007,30.206840948725663
102.75859256303124,30.88088539979337
102.51613897435473,30.796998192037375
102.89094922678134,30.790986071267003
103.37550922849117,31.068817151962122
103.18186842009773,30.816043463343462
102.9197980176062,30.904014183792103
102.83179218976716,30.88720755523928
102.6174549163598,30.43783095715533
102.38972786208893,29.873044868347996
102.60505351380142,29.945575090976693
102.90689404887189,31.105582260155956
103.12218270239843,31.277761971459423
103.0491508353391,30.84228366435801
103.0290009383076,30.970170362675756
103.37772061536928,30.876179623114666
103.64477839099393,31.260049669864813
103.69670379870671,31.218702600183256
103.69670379870671,31.218702600183256
102.92241692005112,30.495166910620714
103.09164639440203,31.04976597313083
103.40885868501427,31.337674179071055
103.59648174820244,31.31022044040345
103.26944024751833,30.892081647362847
103.33875203393615,30.85669231504887
103.07783254472112,30.612173601352083
103.09225051736087,30.570266988433985
103.0134948880609,30.474000335372978
103.04336811290376,29.452954689849758
102.55984076361649,29.80234160155043
102.51965800686595,29.876951718342987
102.49413058020957,29.9488154297893
102.4949490372435,30.351821356610827
102.58577735060393,29.914607317147635
102.55155834019148,29.87063179192073
102.38451303144184,30.1535828461295
102.47515499663193,29.951092958986013
102.49157860279414,29.97724660031712
102.49157860279414,29.97724660031712
102.37452125817049,29.85661351661034
102.92853484458621,29.46487603824139
102.58257368323568,29.846680832655462
102.85859270503933,29.556300880565413
102.85859270503933,29.556300880565413
103.03379894348018,29.47995460550993
103.03379894348018,29.47995460550993
102.95787541653341,29.49724727944948
102.83458061778548,29.500782943896834
103.02751172567905,29.532257082855157
103.02751172567905,29.532257082855157
102.76779461254313,29.543392445656757
103.198332220698,29.50718202083809
102.9377110408208,29.4908864957584
103.15513446957048,29.44057159100777
102.98578556295116,29.429899358377405
102.91998898020996,29.536538167367258
102.91998898020996,29.536538167367258
102.91998898020996,29.536538167367258
102.56656057816616,29.729423492699624
102.45908274983005,29.877077817248338
102.48984802791763,30.318319796973924
102.57705343342292,30.146075564717083
102.98288583362435,30.82543423321068
103.56135381124395,31.299058130630744
103.93985339126898,31.655630625281837
103.70295776974329,31.928775722251714
103.72047305168047,32.03560630934289
104.09995163008314,32.052702868983715
103.92891186443549,31.473509300895515
104.14554146177312,31.765110578634683
104.02670372531632,32.66980206898338
104.9632522338416,32.67411187534578
105.07123341123703,32.65480877585282
105.32330557120459,32.634410754678356
105.15731032761937,32.881791725482145
104.82231217036575,32.81669299985387
104.65499638356825,32.75434168341647
104.28710376494529,32.68890426514139
104.21459818079727,32.10546625275429
104.35324484959868,32.07119999962914
104.08732230514653,31.47031981725213
104.28697800153898,32.06893804842808
103.8725417773588,31.75650739233797
103.84986847559024,31.502525582220578
103.74360962354979,31.28701573026165
103.73158370205141,31.283049873914447
103.32940223276887,31.213534787398604
103.2592067236975,31.03030514018836
103.31848969833584,30.960540298372983
103.31360060350426,31.054075969275054
103.76878118002179,31.442038201052547
103.66123021626291,31.271574368509388
104.00489639650885,31.862777789573183
104.162052012799,31.746467834723536
103.94619407009696,31.94227585794309
103.73751201090097,31.943087362888235
103.9130643062184,31.757393283051837
104.06399268775343,31.687401263193284
103.98482777527798,32.71793334789915
103.90055197889893,32.403954480270286
104.33245486811391,32.29315738327774
103.82865159464704,32.08543852346037
104.30110543657905,32.75467473183047
104.83913266888284,32.53895687386088
105.23821834398541,32.8049369238697
105.15484900979341,32.93642612798591
105.3062945574353,32.934197968477626
105.36116175153694,32.92391651536837
105.32861756670464,32.63778793796468
105.36908729480326,32.90259211856175
105.14721210782511,32.881311724910866
104.79541587528307,32.629878623476586
104.06057628993294,32.87104744347084
103.96101391254226,32.57950647953103
104.7798726226354,32.502017491968004
104.85593671545631,32.76665839044209
104.69425450208347,32.72337393875398
104.7980127583524,32.48380582114658
105.06998033742845,32.62661966194158
105.33092112830879,33.008088953122154
105.42052079536923,33.006880009221184
105.15006364039216,32.67542052406202
105.13073895576832,32.966790036193046
105.11585094523114,32.853806224488366
105.44859497754223,32.98413086558796
105.34334281720793,33.00771440367331
105.47972519912716,33.00117085908341
105.46642453763253,32.88069204853284
104.95899932385328,32.57216937559464
104.70121062201275,32.48177037545634
105.19815989993623,32.702412413979964
105.37746795333774,32.80260606708406
105.28521223977957,32.70003041573679
105.40036071260495,33.04395928348673
105.40218915310702,33.09643157324811
105.24720645857496,32.91433013810095
105.25628964825046,32.82952998582257
105.6214980288894,32.904375405041975
105.35136918564449,32.89700772491421
105.51081775743766,32.74980680240109
105.52020691565696,32.953608473347764
105.52680971996398,32.781959415925286
104.6574816771562,32.523133596431045
104.74102921497843,32.62187583974586
104.36012741853989,32.8090953794445
104.68675811797908,32.68509024590813
105.09383065719175,32.64644650838284
104.65409748208972,32.63415544717251
104.23922783420036,32.65718498235534
103.87454712080948,32.55284938243126
103.85200031845379,32.45190486015752
104.13929443607364,32.312815607502245
104.13776914029911,32.62773713547725
104.32171944980631,32.64568294575881
103.96830753683864,32.15654781939616
103.96516353867692,32.17981863404591
103.89308682588701,32.521575430345855
104.0723637492729,32.144743693228406
103.88266439486941,32.115892697319104
103.83008571632335,32.385618743435174
103.95785565207937,32.64356348810417
103.86290559665817,31.99072509687003
103.86131264091028,32.14085237482045
104.09838886640463,31.63671029550301
103.86037652308774,31.33812963531179
103.62778919736517,31.25914971166996
103.62778919736517,31.25914971166996
102.98533766741312,30.88164087554119
103.14475032127841,31.02922332878063
102.98268014570029,31.040667530274817
102.96352279495962,30.85067120948221
102.82315404119534,30.838293006627502
102.51959466329667,30.470114672636612
102.67262690453163,30.34936139606455
102.45588727585556,30.078054382869407
102.73507673475565,30.269302503071874
102.48850809009372,30.44975498825521
102.54577929931756,30.627761168350712
102.7277052359519,30.91729589874142
102.87575302613658,30.534722746109093
102.58497498845,30.581070141422522
102.57437363500615,30.43986274854866
102.64552383526315,30.6121882399254
102.60598678186088,30.613278742883725
102.65713736474291,30.688848406008695
102.5943438983696,30.53207410837009
102.7779074964291,30.791722624907
102.62642955412271,30.56707121570949
102.67030582947946,30.45429499843006
102.44191243317925,30.55479304229354
102.44191243317925,30.55479304229354
102.63948372600562,30.142792241177382
103.02876747138355,31.142123650872485
102.91621893420219,31.19350999880894
102.83757737059105,30.862499551038063
103.22181523338443,30.920554478634955
102.76923221335349,30.79381697104677
102.92834542603384,30.610028769991576
102.8969538969016,30.44926093318695
102.94917027406734,30.806384574625937
103.19722205273476,30.644354541044212
103.26987399722012,31.206492866827553
103.62470137969459,31.317698717865856
104.11756190126802,31.6354248164295
103.8027673440469,31.370432298534595
103.21807855337454,31.243150067166983
102.91088931073863,31.186492274711185
102.98197939803948,30.842092889442455
102.96166204669858,31.193482509913018
102.93151999775837,30.99042686076728
102.62254081475179,30.126022367738475
102.51779710573584,30.05359478129506
102.50817942468372,29.724919969567914
102.56225822348482,29.677249143784532
102.83593611224983,29.5240123991707
102.83593611224983,29.5240123991707
102.83593611224983,29.5240123991707
102.92105486730179,29.561694416016522
102.72774815167598,29.572830549064715
102.72774815167598,29.572830549064715
102.42574616832505,29.820818594239427
102.27126813500503,29.04892518217527
102.34827865588872,28.872407004204597
102.25629407310255,29.07244707463612
102.25629407310255,29.07244707463612
102.24720247843135,29.07829091101087
102.34393248579666,28.86050573404694
102.37925913558028,28.89657181190121
102.23975151554099,28.965883148292416
102.27388268725265,28.95644450767138
102.4024640900829,29.049780684478588
102.4024640900829,29.049780684478588
102.35485772725349,28.997780899154726
102.43452772446973,28.95231300810236
102.41671486206262,29.037337477018283
102.35771052161923,28.87214575275922
102.37385018406847,28.978975223728153
102.24191216107246,29.089136258069598
102.24191216107246,29.089136258069598
102.404129308335,28.959964997899352
102.34115214168673,28.978437246687744
102.50038742166186,29.02613655137002
102.50038742166186,29.02613655137002
102.2630676631843,28.91704371372461
102.39382460858819,29.00707709866681
102.38509706216888,29.005540045421924
102.44198068986358,28.91050029938219
102.25166372930241,28.992931721124673
102.2213762498065,29.022901358818004
102.38110211839584,29.035181200810637
102.40639509272748,28.994012744777784
102.22737170400883,28.971795596538662
102.37382542569746,29.11120791439293
102.37382542569746,29.11120791439293
102.37382542569746,29.11120791439293
102.25478229054336,29.075098292414165
102.41129700123807,28.921009984420184
102.41129700123807,28.921009984420184
102.45090725510302,29.015633900509926
102.53538500518728,29.90562948486537
102.43995427316943,29.99437526993315
102.52883263662113,30.077742893763407
102.50669859893192,29.686508412418934
102.30283233385231,29.972294690060416
102.67421853634741,30.180360683707274
102.62438710689332,30.16571727750161
102.60715371748138,30.408000314300097
103.26134944907713,30.975155765162846
103.01584651192056,31.11888224003653
103.72638842752706,31.33659869096321
103.51353678661407,31.107154799557257
103.21463562427134,30.75776944711492
103.08279999713469,30.720408494875386
103.20899884867154,30.612873568677838
103.15095086667289,30.959159259228297
103.07775327075835,30.826385676450546
103.41442417078838,30.82701457020279
103.41442417078838,30.82701457020279
103.1781825442292,31.28734621996928
103.86701932495994,31.605778172409497
103.75477406794091,31.85061066240586
103.71586131989515,32.04709500371137
104.07353093770372,32.039496636670854
103.8906933231173,32.0401547466932
104.23010643921174,32.20813445132372
104.14008156483914,32.64083286411999
103.99918335683564,32.343082935917906
104.33544026336816,32.73165608738711
104.6141838201802,32.84832422644628
103.98463655077578,32.058997966395
104.33094132905522,32.88385711444144
104.48298793550278,32.5556546987298
104.12111540001318,32.56889452696182
104.0881919430876,32.35970069799246
103.98454009764339,32.607601977517575
104.48820516047896,32.65091166151425
104.11635733043543,32.7856331352359
103.91097587878387,32.89868457169324
103.91097587878387,32.89868457169324
104.06030960391196,32.780525819728915
104.74178718945512,32.61110962450552
104.57840740908192,32.75055784570702
104.02777012054246,32.69064278038922
103.98525684059285,32.90026438513492
104.0836148021065,32.853582166911245
104.02530297635137,32.599478938912235
104.00445665308837,32.417443670477816
103.9234285427009,32.218042979113164
104.42282485623612,32.297255455513174
104.41497971738299,32.563507935006164
104.33081275739323,32.673050576183776
104.76277424961529,32.72852237579373
104.78550510746793,32.66913856827361
104.43215987728986,32.48811417057339
104.02311596421085,32.07927623284247
103.91578718109164,31.95390394308227
104.3183376228596,32.70517528762939
104.48322928942356,32.6812195675907
105.42024501112522,33.12705677984352
105.41305297803052,32.81409642579766
105.31570197462386,32.909668164225636
105.27040660375528,32.882968375160964
104.84035252456245,32.668827919801345
105.20559560289223,32.88506533115408
104.67482592121776,32.76722968305838
104.98394396233418,32.67741856140451
105.3430051616128,32.809243809919316
105.43593151092112,32.95576228686746
105.27024780614933,32.70190107255525
104.71073948180751,32.73896358801073
104.47023824487168,32.60139710259166
104.67876506238267,32.54123188987534
104.24930396913813,32.77642191020696
104.41942294941622,32.55080507956435
104.44592814008982,32.852455025383755
104.10586967212647,33.016346365893384
104.43140152470906,32.71065312163711
104.3378182979783,32.0812844207136
103.87460298682154,32.28410756478984
103.91277168697316,32.19700863038561
104.2260027922503,32.18912527388388
104.12848140066751,33.085524047770626
103.89306687318047,32.43921029258176
103.97069030629717,32.949219593840475
104.12415297101666,32.86719477950155
104.07353067393082,32.182740617264486
104.12732438180997,32.761421871341916
104.5814091259922,32.72500222126255
104.83577226031402,32.498615954617435
104.88580673697086,32.72509210259103
105.3686452105884,32.71507130949292
105.2343303917246,32.84684721547313
104.66357698457377,32.85167642340313
104.65227921237584,32.513007277464304
104.13371223293322,32.96944412860084
104.31287266410325,32.71706378359688
103.94585565197636,32.68955300443636
104.33486872190969,32.11525668847613
104.03315890844273,32.96884664675782
104.3463131892171,32.76445652508604
104.23240110158434,32.598145709400114
104.26492815284361,32.711720206158496
103.9080363279319,32.70100611394037
103.83786303841123,32.206365643390235
103.98725418224805,32.129566166143114
103.99481568579303,32.113611584741896
104.3140426798829,32.150844720725274
103.75581129613099,31.966092718647943
103.88321230109736,31.916205973121407
104.44508034982246,32.10827643062534
104.10748267166616,32.29424522433701
103.73493755205695,31.9497881239884
103.97103557854757,32.26489813710111
103.8958918575379,31.44388434831083
103.26105181282078,31.25020083124297
103.60760498852993,31.121702242640918
103.36686471566641,31.40395821739561
103.54735644802493,31.17001141817195
103.25138263219596,31.064198988358815
103.07038365462714,30.72256701948019
103.12044005476375,30.790510476266434
102.85819525918828,30.76207400535881
103.13008729848097,31.032338272456993
103.14498310964528,30.80787707417451
102.81160475284128,30.610030614765588
102.6615441026227,30.531474468783927
102.89118148066983,30.377802571355577
102.74099807675617,30.27297548141553
102.70283223914417,30.65103153450547
103.12820612915353,31.201367189172984
103.0306302166006,30.8572263138981
102.9629697000757,30.627952368439285
102.90412785467723,30.344461690647943
103.28128324191776,31.108462364902085
102.77833582134818,30.84706381061682
102.62829277441968,29.94535096928555
102.44110186850568,30.028061250100826
102.45507518185485,30.20652854002773
102.39344806087327,30.21724455031066
102.34179727979405,29.95240644003941
102.36490529234216,29.729404811690085
102.36490529234216,29.729404811690085
102.36490529234216,29.729404811690085
102.91568549579648,29.584403655704797
102.84530634643774,29.627034886666912
102.3599382549883,29.909053132561855
102.46189130655608,29.990293273974277
102.68329583449612,30.285824898928542
103.19822431045039,31.268849777290374
102.97288268919426,30.660788369070502
102.94425469846003,30.749161303703296
103.36895820052345,30.906371634090824
103.33538277442744,31.055898102308586
102.58361412079671,30.602241463342256
102.87053128888864,30.366333947484396
102.92583243259723,30.763567589366836
103.24259269818218,31.075314336834275
103.18080404666226,31.132958024199034
102.82935837270132,30.71419785821341
103.15355948540117,30.658249172674996
103.02015667435684,31.05063543913348
103.20705844833114,30.92619631863228
102.67839191797486,30.679564955616904
103.1424571917086,30.612222845629343
103.56317478693758,31.190038608488337
105.029269135728,32.55900422272043
104.36308042982883,32.9527439374313
104.36095553086078,32.29886736691513
104.65971316671288,32.46208318525826
104.01398438897647,32.37499872409195
104.05737467980984,31.545478226549573
104.2838191580771,31.783352027686846
104.31670615380499,32.11888923656615
104.93105705290613,32.555095949616984
104.61633666436448,32.53309562094496
104.40088413752675,32.729230266467326
104.64188431995184,32.67725814229879
105.13840654974172,32.92695174032326
105.55213801461726,32.941225146707964
105.28012479489315,32.79279067730723
105.1639520947702,32.95246654699963
104.73970475980428,32.60633629195238
104.31994039657235,32.55705352439657
104.08024237982814,32.389018109923484
104.0166988780997,32.295979190794476
104.44919143289594,32.907674517790426
104.84683615884919,32.70009404558485
105.0653909428319,32.56028795519715
104.99452632292333,32.554584401215
104.27995841557805,32.78819613345843
104.1665369733042,32.60870489000399
104.31334302940812,32.634016907032944
104.214245095389,32.96815432904914
104.20257846033064,32.88933258659738
104.48539844440222,32.71895183701403
104.11721837719827,33.00476263620961
104.11918719988536,32.78499587018489
104.60244203710039,32.79540612010028
104.47178744317813,32.943063397365684
104.72308531724558,32.64498471291959
104.68247789605982,32.6501051226546
105.33538034247574,33.019915406007485
105.30189307433619,32.85983001409017
105.23015397880549,32.61735886056303
105.16458408599185,32.60731575413711
104.57515879007052,32.81520412072979
104.56032209166973,32.883531106562884
105.05872719357775,32.63302462555432
104.32871543047266,32.85837652371234
104.11709560100707,32.751491260867034
104.7641114724391,32.63680466712436
104.7320169068588,32.78620976823331
104.91376431292296,32.70092014188421
105.31820022966014,33.004622326325126
105.33138425559379,32.67489027772241
104.7061353763627,32.80818570726976
104.41565072829542,32.9360359230647
104.21711799184871,33.050978354708135
103.9724435989949,32.44154817920777
104.07734292590305,31.87196662695987
103.89725242358531,31.945297848341777
104.01730451629301,31.603447035041093
103.56104251088574,31.250250132352104
103.38265694998495,31.21342259415083
103.38265694998495,31.21342259415083
103.05259414018448,30.784677978869592
103.00453822105312,31.00498774647208
102.57635480911578,30.48567727193611
102.60609165135978,30.286386404896607
103.43538045447634,30.866920429125866
103.025509623692,30.659031591599497
102.91930254652446,30.68854485948648
102.76085674266783,30.76971985353337
103.11542596889016,31.186009103114316
103.19456244560806,30.55500669016002
102.64431195309228,30.82383198103425
103.2479019642702,30.873862198913667
103.0827712082612,31.20649092441667
103.07334475179242,31.060413536133304
103.43953966622865,30.845881325355933
103.38682728137687,31.08357681423085
103.40067327575038,31.38538898379801
103.3546145839433,31.295968125597277
103.5739915345723,31.25871942923841
103.89920020810108,31.525746359758276
103.96882152903571,32.449195557782026
104.00456603577283,31.9218488417994
103.70812707380942,31.936789377326146
103.91683604046509,32.16685602077156
103.73029694381601,32.0551162782284
103.73029694381601,32.0551162782284
103.86466829196661,32.287090664191005
104.40526335711006,32.097276612100224
104.26515350176733,32.31075496281014
104.75000960034814,32.72446848569162
104.0071656767846,33.064495763481496
104.07744620799218,33.03281937915329
104.01287968828451,32.49430469888502
104.66989665284412,32.61578373198808
104.71329860332882,32.464409236264906
104.37764948785403,32.675454775287164
104.14112048421222,32.98940892957744
104.5933765771743,32.5041218231805
104.1871926026731,32.85191812111259
104.28959310638544,32.63168432480319
104.36684066672468,32.55464204397581
104.49786374098083,32.722218813132386
104.10016736083377,32.11124905690433
103.99826460925517,31.933494263169404
103.66177606275903,31.234953328348862
104.15211283350656,31.635982472853367
104.06333306469416,31.679513629513185
104.06454903170096,31.693297412081446
103.72529682471595,31.26220054291026
103.86475197662607,31.492221247051916
103.19757978773438,31.328494974180852
103.41994323386636,30.8736563636319
103.77574098517387,31.329498821766084
103.80399551421023,31.32384722052551
103.90396803301837,31.48354891155849
103.83330393835125,32.28638461622819
103.75115977523859,32.12372496435236
103.96107073137935,31.905105797344024
104.11815169071711,32.43690920688938
103.98705853459104,32.0890497124758
104.32251150843099,32.080698379141424
103.99340214902955,31.88731446177641
103.31193466558345,31.221373027032246
103.75618908208257,31.3123367115615
103.93664980347737,31.381606949807964
104.17160666955111,31.64839242392264
104.07762554652753,31.57792032988418
104.05515731019526,31.70517351473069
104.10261849083831,31.57562289256555
103.81100203458298,31.879165889954646
103.74568959192825,31.401428159275948
103.76954151010983,31.8194807577134
104.01284453562131,31.491691700308287
103.81019318995814,31.42426774862876
103.99447400497222,31.507906078237035
103.87341613526013,31.520489231060377
103.9666852976454,31.90394951260941
103.88004956368295,31.566205134832902
103.9659765549953,31.384064096390038
103.95219076882645,31.96454886726524
103.82837385680138,31.854569396331186
103.68077409443684,31.915745420727625
104.12703415192667,31.76253382164214
103.80747706084819,31.502852180518612
103.86027226867913,31.699539450282757
103.98540665430511,31.97132326151716
104.02349969216617,32.00274350790332
104.04804548524258,31.832338497385567
103.92581345619479,31.653417396816636
104.0172256108595,31.737991558060912
103.9134233864912,31.549563622194732
103.96219173828116,31.648532536295274
103.92494623302261,31.574970452868957
103.7283507639158,32.092783858119546
103.60781871158379,31.321474791783462
104.26310657484422,32.12083475698591
103.88392539855343,31.96857270237705
103.9098226407976,32.21414038483594
103.92626690519585,32.18205120321175
103.84923080823057,32.33090417063204
103.80035312215833,32.09888334570568
103.86915771744385,32.17877310604095
103.72392714159504,31.905075846558475
104.26814098375347,32.52158723155335
104.60679693819073,32.70234687333166
104.9613159413844,32.72227939909721
104.63948492907551,32.54412428833986
105.28600751021061,32.76225738284181
105.57486576427499,32.9910443898397
105.31452147668,32.79812301846718
104.65976453751382,32.703784383853076
104.64782322313488,32.50992836243522
104.24043088243059,32.58765808509811
104.37373311431696,32.830908639462216
104.3680463074791,32.10603699753481
103.77886141944968,31.920717965544224
103.88026320683494,31.553597673819702
104.06352024729135,32.11587135120881
103.71970103751308,31.831447682323645
104.09344008780845,32.15964741502461
104.0484690791016,31.958304255701663
103.78103664411577,32.11765649764945
103.97361937720555,32.46306242283417
104.21869884572577,32.13210675181048
103.94497560448926,31.964216877758233
103.88727513547873,31.776064319420737
103.79027610984039,32.108229377710664
103.8131856042953,32.04878593004959
103.89110919834533,32.05221703461621
103.90082456449161,32.57558389417764
104.35843234256316,32.83708474158659
104.33044090427144,33.000446965084215
103.90458978168704,32.864183964330074
104.08855253611797,33.03875359251857
104.01298445124772,32.461678442600835
104.25766370657033,32.32616450710955
104.32728627200763,32.29094458846664
104.77793347798215,32.70352607335714
104.75253447650603,32.77587399446279
104.76713475033179,32.57448214494181
104.83882095266375,32.50848779458161
105.09069462245576,32.6602452720433
105.62845210151448,32.904010948047116
105.1272866747505,32.96453445085191
105.40255355244808,32.81341172897308
105.49346759563605,33.05968282518958
105.43822811952613,32.89584885503981
104.93313336691504,32.710413789059494
104.62821370974594,32.5664969294582
104.16031661340052,32.519515080910644
103.73445038512033,32.13738936330035
103.91333427975742,32.22249463064838
103.99377946626143,32.004213637805655
103.86614844672798,31.80609478340983
103.95271229935746,31.950277818801187
103.97167874124108,31.697196071664777
103.74006663210312,31.887809143600315
103.74006663210312,31.887809143600315
104.1645363357203,32.4768713183303
104.47553929149286,32.717516854306545
104.58876654108026,32.480467801262314
104.04001028285431,32.70998246627559
104.37803324514867,32.6868799651461
104.2640087560833,32.735278538990876
104.61582989240424,32.44389538992386
104.33034384354318,32.826184615737205
103.880245250697,32.58274181913434
104.05340858399973,32.4980359486196
103.72197328923687,32.04600275680058
103.92641452871294,31.844918482137263
104.10127104438253,32.16894036728984
103.95860863271788,31.8400216787144
104.17944710495406,31.767611893223442
104.0487663076744,31.56278933523574
103.86269393747494,32.35795895823061
103.87250456688308,32.15398980670815
104.24032776680878,32.072550358927984
103.92960867311764,31.969666029254636
104.09075763226184,31.57854783291851
103.91553563384646,31.44083804939861
103.77457447016259,31.43313728412959
103.91415381988571,31.7755590923956
103.9039013833254,31.80267852848561
103.88406596739296,31.629511782473877
103.2858850129868,31.220093080850766
103.06902602084858,30.91175405893668
102.92418049540046,30.7457334062497
103.14797937347116,31.182608986763093
102.56235027642087,30.705372389257533
102.89563889858691,30.83677213514958
103.30955160875102,30.75329123048941
103.01119191303664,31.24446073812995
102.94198863728909,30.943548602732196
103.30432433998699,30.738482998357256
103.37994515428618,31.159047821496742
103.11156068603188,30.575616938034564
102.49686873183347,30.31412941910525
102.71707575395773,30.575069859073007
102.34475269972057,30.19047692250699
102.33172520359376,29.948466232960794
102.68568929553972,29.58088849067728
102.6165082231149,29.66364796372434
102.81811609934769,29.50129945333515
102.81811609934769,29.50129945333515
102.41781909847148,29.818802812629755
102.45252484800893,30.310530071561672
103.04169396645878,30.586156884465638
103.23462918120457,31.14093990050607
103.1436837563172,30.95148209628436
103.06973385609892,31.19449859154345
102.56744616645612,30.46847686996012
102.59548930941668,30.300773025133488
102.36466783764122,30.02658735374332
102.555458682819,29.86650342321364
102.42791049933183,29.987559392654166
102.53354761317956,29.887734917759197
102.76566130281796,29.589151514214166
102.7809542192713,29.524174563525253
102.7809542192713,29.524174563525253
102.96074458370204,29.431545183846403
102.35128370101282,29.73517013256459
102.48423415581958,30.35282822053941
102.99541282461881,30.658817723592676
102.60375170414105,30.60549621236847
102.5365148625844,30.36375707929234
102.57260956509516,29.829964673057276
102.86423658610194,29.506452726437836
102.67764641200439,29.69268677708831
102.46106573961251,29.843193888899602
102.37456739473386,29.942851178505943
102.37491775299488,29.84367889985131
102.36097134366865,29.723493015408355
103.43674578438582,30.82410412391721
103.35371027186565,31.163778995941033
103.25293256285535,30.92826496481595
103.30192998294582,30.80547770644822
102.60922668672944,30.792902311267454
102.88703478865405,30.41974656934056
103.13385106099182,31.086707608162538
103.18398699873005,31.25800642652309
103.06351447524226,31.004002626399636
103.11385137327208,31.15086258635891
103.06568693746192,30.481294387659645
102.99120480062405,31.003847527252177
103.28048332096134,30.980738378839828
103.35082358605139,30.973468267820678
102.70548239143952,30.588057005463384
102.82205306023894,30.622871168964426
102.48644440277933,30.402165400140753
102.54604143570401,30.14890337459665
102.66886457774643,30.613859756441485
102.63096046876338,30.455255764424084
103.0653149829857,30.948859060360295
103.68976300368759,31.357969690001408
103.6391218004737,31.311608170290015
103.6391218004737,31.311608170290015
103.97649563292158,31.38495742062723
103.62396378291888,31.2111657898001
103.9848241723401,31.91424846278578
104.27498677829358,32.08760655757348
104.22440639004402,31.765778080144482
104.15390851085951,32.701155335507195
104.34702872438311,33.006906975431036
104.6937610612123,32.56129287756148
104.00069072978411,32.61052483871057
104.207511569644,32.894553200000225
104.42456702211179,32.743873075337675
105.56295264245084,32.95875438050456
105.43396107831812,33.14664031995035
105.54668090781111,32.76866969479899
105.31845390779162,32.82421197495334
105.31845390779162,32.82421197495334
105.31905203415566,32.887891298298456
105.27668210102425,32.68312308907904
105.36117466319863,32.872520928597524
105.38279502982238,32.92212873064035
105.14984460153529,32.97832813167176
105.34155843511013,32.65655234101181
105.28143176282323,32.85014614370264
105.13256445911429,32.56946389122471
104.8977177393167,32.77356536557469
104.81226051618974,32.79548460032964
104.00319414280008,32.998571692196705
104.05211163928918,32.912827447482314
104.03302565504423,33.16384112383739
103.98521423215803,32.88485891598155
104.0313910527039,31.999339112492734
103.88245639653788,31.703255440209126
103.7257107191999,31.868543574940755
104.00279876006945,31.957383718334377
104.0186638608226,31.47734447865622
104.04716473428215,31.658498669712827
103.94955279421315,32.21163176971468
104.02365312318946,32.726545741964365
104.2217388343839,32.829574465162665
104.35752536509656,32.97784327047742
105.19306353254596,32.840022712111924
104.91231956954795,32.64202432417098
104.9084450841054,32.67999233964742
104.18301484823954,32.631536673687854
104.02558094676913,32.95763438396306
104.17209970414119,32.74715549061978
103.97197032969586,32.906397644678314
104.58821242813653,32.80537274386662
103.9149599335308,32.609645163296584
104.08663870444325,33.11299656864223
104.11764993638027,32.83443853174193
104.09426718048128,32.77421360006101
104.26622262070433,32.682304068412876
104.12050861867428,33.1288764342387
103.99219654926019,32.501800581396
104.6284494573276,32.805641241695014
104.66970451497437,32.62335982539076
104.13504880450981,32.81321815830323
104.35793001315922,32.66527127186693
104.00641845084557,32.96216748068993
103.9785926633645,32.69264303869389
104.10394272178,33.15274586574712
103.94281780566013,32.88220206679493
104.31059043484427,32.52905759547838
104.05396270346583,32.294758853128926
104.13567624242262,32.67211538372059
104.4581584274538,32.569601455632366
104.7692661263884,32.66944913355013
104.9731258799648,32.6352195350701
104.3640563791863,32.71424015134934
103.91195103965052,32.43507857398341
104.32615085655614,32.72338599720027
104.37917543068589,32.554583514321656
104.20837090236775,32.10635566783051
103.98463521590318,32.35968466407761
104.4449831418802,32.50863239309656
104.14534609910095,32.567334119105645
104.05857935654255,32.47418677570767
104.23217447024818,32.661826369529656
104.43970835868207,32.63368425095877
104.75075339490495,32.74917234605805
104.7703006685422,32.607161633810605
104.91002139406726,32.62031902972885
103.99227048326941,32.43372402766272
104.60543266637589,32.77768134971642
104.3009375924286,33.018578891064514
104.27501189192714,32.79795932133973
104.0865613338838,32.730314257070006
104.16343737396764,32.7430281723697
104.29249479225213,32.249668254744876
103.94018261041944,31.843319038249962
103.89724605725142,32.14807741823091
104.13387156656961,32.1831295671941
104.13734932669722,32.402538969077966
104.3588555825212,32.26536415391182
103.98966106478447,32.82793239662014
104.56088232379848,32.561315375691976
104.3077475595158,32.572255791799016
104.08811849793486,32.652145610024924
104.46674866792249,32.86567033169912
104.81625488936375,32.57008788443142
104.2148969667551,32.729352970916835
104.10327873845155,33.05230978463817
103.95513103322197,32.37056536125907
104.26507809183424,31.738259604870585
103.89774491205588,31.702948619955162
104.08313031159156,32.13613546110813
103.86743191678272,31.876483715665263
103.75617207779915,31.477413034369935
103.96684952026624,31.541850400399653
104.16353046892709,31.757798946792985
103.89969530171908,31.606767434597554
104.0815248771954,32.24857510987812
104.25365779878018,32.655005150644826
105.20111167863453,32.655412346006315
105.1410158326974,32.81889917361363
105.50136413890891,33.065812136356314
105.46306813490054,32.817709919484656
105.50007853185382,32.91055877745468
105.59445395069709,32.85844495917083
104.22411667744257,32.73719344654837
104.55140115538765,32.43434306651212
104.26329266666536,32.878362239711
104.37013308777559,32.777678333134716
104.3051926556723,32.71400974949205
104.06022711598142,32.89165232661432
104.00095279443597,32.81713973729153
104.02493800870639,32.27280562714922
103.91624288541314,32.08361546076544
103.87206602889081,32.57689133801302
103.98551417852083,32.480340817959934
104.16635818284813,32.65260101513922
105.06781107018107,32.55193560916509
105.46715299788391,33.05110256178782
105.53222022886163,32.961508237716664
105.59099954039783,32.99973202226618
105.59099954039783,32.99973202226618
105.50423244911725,32.96815306578326
104.93054849584367,32.62963005589154
104.8249110936418,32.58572335266128
104.07457995718433,32.74418942273586
103.96335129743657,32.862768777221106
104.34183487916927,32.585046628060475
104.1527539423169,32.774688658767396
104.39596180768525,32.64419526448939
104.60568531309379,32.850160850259506
104.78629931189627,32.500682473355035
104.60328435354604,32.58572894150519
103.86702416282395,32.40496026070437
104.27337050937767,31.753925261128252
103.99126848704176,31.685638738676587
103.71041213939084,31.990371428293585
103.89874082425392,32.377266647532316
104.20380513307579,32.22216221030354
103.76786101625977,32.08032764755957
104.42856537047233,32.0741789892611
104.42856537047233,32.0741789892611
103.8359710164645,32.059341035743586
104.03161954792682,32.98923872323667
104.0529427574695,32.82134109472409
104.21366166867394,33.05853795628099
104.21366166867394,33.05853795628099
103.90078837508041,32.53695339142176
104.82906425913201,32.61550273852907
103.98535661567004,32.771277214762584
104.24358350646934,32.824167743330634
104.6256418190182,32.66434097823364
104.25950997312272,32.94399728150158
103.94983090206432,32.43460532034713
104.10323872364839,32.28590386062991
105.13606748369088,32.848001744790146
105.58106899009616,32.90997311231318
105.4891000268097,32.82771039796949
105.24701524392805,32.80073682659465
104.81085286824297,32.721441604465674
104.83072118189614,32.55907968940463
104.73717208599227,32.72140436385144
104.54920854117174,32.54851275758247
104.30298760624275,32.84954101243963
104.11682472799467,32.66698316631934
104.20083344979665,32.10461290621393
104.0053972681672,32.26766903618563
104.02996898059222,32.12013636323398
104.38800598011716,32.04096626438786
104.26704492663983,32.1839509985863
104.01326832702074,31.92770298342142
104.04523693111808,32.786357936690905
104.58484125709106,32.680176897043914
104.03687417955165,33.13300761166382
104.22141749711892,32.860906583381364
104.32797688448942,32.175453455863476
104.06751085153832,32.90127283411799
104.01987510155415,32.67222396276759
104.40581176120897,32.830539037460234
104.11433919078148,33.07874993965236
104.08701845356009,32.96576088875795
104.27391932783264,32.30343171055704
104.33120292683502,31.806759537016013
103.89431934563429,31.70935089962961
103.89030667286744,31.43819778180841
103.87228980708561,31.49876075909806
103.00564559381054,31.112275859448776
103.49115621712455,30.954070860416365
102.80532634006953,30.791049946549396
102.64972464591642,30.607577469212735
103.12077236356163,30.466623672142603
102.9408679995128,30.96819664474116
103.1233245164023,31.069929922450303
103.068914578061,31.067230587833564
103.13624417918005,30.945922107930276
102.94395497812984,30.850249515574625
102.4930813334416,30.659620061770692
102.7566069257954,30.716625774576656
102.65108230426183,30.171474835103865
102.74794595922057,30.338016339557683
103.01604928346238,30.820258993499817
102.98811002717464,31.181430169674243
102.73590983199793,30.638110052414596
102.80551589644331,30.705608309682788
102.78245206359867,30.770633951813586
102.67804739856895,30.68291257662086
102.60695168059547,30.410772849006403
102.51310733636048,30.14319201063558
102.53119572472133,29.65061546592145
102.47201175652638,29.88487534045796
102.64265723430147,30.153469370701092
102.4359382982937,30.416017181623562
102.33159580983775,29.81285158435076
102.45694167870735,30.097400255011465
102.3343789698427,30.12391496235259
102.5494774232069,29.843790987520997
102.80297030762631,29.604369377336017
103.18677740255538,29.454692998408635
102.96546808570783,29.57630245608197
102.67536643615773,29.611205262758173
102.53393225519439,29.649125224711483
102.57038227694942,30.162565381133568
102.55148694682502,29.95840869375615
102.33030054896182,30.115516232611906
102.55446650059302,29.800134627988257
102.86777734238261,29.547591595930147
102.90175113941204,29.51516907594873
102.90175113941204,29.51516907594873
102.7898653808553,29.61851908643968
102.91638847639175,29.490421425800605
103.14731962460303,29.45513798398403
102.95453654061689,29.686540246088533
102.95453654061689,29.686540246088533
102.88825485790132,29.507181482515183
102.98738440912112,29.63451736904849
102.89118627690544,29.591263788284593
102.84328229539875,29.60374403822108
102.68148889849772,29.619493316652893
102.82687722755065,29.614224663355106
102.45418555660223,29.838787658506284
104.52167136227692,32.83675692154191
103.84857473805128,32.43095758788932
103.84857473805128,32.43095758788932
103.86238841489453,32.59019572003411
104.06820219643365,32.43498780386011
103.80431277575501,31.886724680951527
104.0124033193386,32.32031632048389
104.27986442568378,32.09648714827166
103.89595081225981,32.16525705109048
103.89595081225981,32.16525705109048
103.80506906257996,32.05253961931962
103.87279285055583,31.798087178538832
104.0784160728434,31.42207561181728
103.7724787769567,31.41497793572526
103.77623481795902,31.511165193149772
103.93249880134772,31.82228568600186
103.90274600583143,31.636724123805745
104.08832661024442,31.716226353783515
104.11560861050887,32.34596183633227
103.8487119438964,31.910583727363246
103.8487119438964,31.910583727363246
103.93859189795553,32.420524876876584
104.12996456308872,32.58926006734293
104.31864298146522,33.02917523117382
104.26287132721123,32.277591536499315
104.23164988974712,32.58590135920428
104.2984431867773,32.64356714967281
104.73225542124187,32.5270080552144
104.36429927931486,32.87876122553852
105.33219842817209,32.71563042153319
105.28959436760404,32.67029116411637
104.7086182281743,32.559753011492184
103.99309307050437,32.45311505542581
104.48377442991608,32.83298796128876
104.1738090795166,32.86155500155996
104.0133194238726,32.87159443731647
104.07139832485205,31.8644206801061
103.85321849538784,31.42805764950865
103.88217944751123,31.373486018156825
103.4296185776484,31.282539065712957
103.27684409361287,31.071078224865687
102.82777957929318,30.85630883677574
103.56850178128573,31.192451713474785
103.08862491358751,31.25989265474242
103.14337374165706,30.936004871482655
102.93683298248028,30.545369112326107
102.41536087536859,30.221465035212596
102.65156575424949,30.12856154919325
102.72932956410702,30.372779450167336
102.80737150999296,30.578352468236716
102.83410204214096,30.906461026661272
103.15119737411013,31.14305177358201
103.41101988591555,31.273440659213012
103.19033034415628,30.947935957129616
102.92373256937633,30.601923163868722
102.92050792691037,30.878306173012625
102.9557323130064,30.962786783846827
102.65194112214698,30.341942754401515
102.53545290694498,30.457758801426863
102.53545290694498,30.457758801426863
102.4393169050528,30.391027956900906
102.60968664764778,30.407470371636347
102.97136215866233,30.546083612395844
102.58360347568244,30.116931252623147
102.92688653048775,30.47233919027321
103.04384517622886,31.069617798208828
103.3893709159894,31.247454004935886
103.53626828143621,31.06607290301073
103.25771839127694,30.94793986127637
103.25771839127694,30.94793986127637
102.8825873869878,30.873851597956776
103.00173911028783,30.619697721671265
103.19820308803652,30.852820891381235
103.12165543228792,30.88010360925025
103.27031747542976,30.763439747161975
102.79434402388472,30.433684347877502
102.48579346070868,30.033739553685127
102.42664266130942,30.13989016008328
102.81937209675536,30.686537374130005
102.87292836547623,30.74483004597888
102.93478707519907,30.924570934357977
102.55446777197017,30.27649219137251
102.47793397031973,29.868917381466357
102.72708267516472,30.242619899288105
102.32650759669839,30.18719271666968
102.57442233966559,30.52113849706499
103.04870572171555,30.49365946845636
103.39216382382375,30.828192298398914
103.26160347309686,30.71665467750622
103.36217571208721,31.19855770565582
103.18263813506277,31.289128754725244
103.02970138236816,31.056494916295968
103.16063382780284,30.848286956053343
103.01849778044458,31.281657220971553
103.10902791673409,31.053485222976793
102.80793737963211,30.92649660489212
102.69951144407376,30.82291426684801
102.47383081564595,30.650088558380766
103.00475409312101,30.78141365037031
103.62993904721897,31.12370919883452
103.55342703719816,31.197948817805713
103.6691910240499,31.20922010465876
103.17686017105936,30.970329805226143
103.16219954916211,30.99584049932325
103.2740530431039,31.307364448757475
102.96007985831288,30.428992515260102
102.51509503911662,30.56155096504552
102.55372866773047,30.731047634481325
103.27751312859274,31.018208262458263
103.1830893983872,30.73974653027415
103.11985324938347,30.46454454748771
102.57069391653782,30.81954804811485
103.29413539348128,31.276412252270262
103.00588065711715,30.981506800945144
103.37498963037962,31.37535378005907
103.29127983572778,31.35407359486742
103.23603060655479,31.308553252756614
103.02139703313463,30.43588191714381
103.02139703313463,30.43588191714381
102.74216497874002,30.875338773268137
103.69632122349564,31.163353464598767
103.97130914388363,31.526882212345612
103.94717627832938,31.52752454405139
103.94088069106016,31.45674789264247
103.71871531404292,31.32651982468166
103.39283956890051,31.240735182666246
103.03704629448092,30.592972780395304
103.12526880744883,30.60377240909532
102.95785867021806,30.41870077326423
102.5609108905521,30.38010164197607
102.56428823451733,30.063091537760403
102.30785387271446,29.904035738385225
102.65699936914616,29.932039649256843
102.4130822800512,29.7792002206064
102.4130822800512,29.7792002206064
102.86949594708528,29.61439537672075
102.63724805398095,29.719960286816693
102.60027070319065,30.165573200933878
102.50845615277574,30.261997579974725
102.49381210738115,29.907344718100102
102.3580602635923,30.17028541449142
102.56685461057813,30.440947579521787
102.92624610745983,30.84301445474242
103.11757977279262,30.649193994198924
103.61962786299213,31.30882663554162
103.27253832667648,31.350102849639494
102.61426622991841,30.537477218286586
102.73235610753198,30.212166380999378
102.3969787376438,30.172180502451013
102.6186147928224,30.14823278477537
102.6946018671322,30.236180152596035
103.09125524209699,30.665316058097854
103.32201393166261,30.662783858585122
103.0801427919354,31.024372016017153
102.90108951768616,30.455619164816365
102.91814034394471,30.7150893621938
102.59613215215,30.785802487407295
102.43235102245318,30.439829773884334
102.43025214918721,30.01763318745258
102.52734807428583,30.23151405983323
102.64696402685493,30.23589354274684
103.09854888555172,31.05772419941279
103.1000234383428,31.128609183733634
103.34706359400826,31.098420441224388
102.9943598182749,30.911693753649704
102.97135570490461,31.197198903848648
103.28926566796282,31.264777229921574
103.26881753418647,31.29742025757953
103.11809901693003,31.20745854599734
102.8228647771199,30.509957383275484
103.24845616673629,30.706263322275422
103.36594816764541,30.879366903010084
102.71918481647461,30.552000697237883
102.74198063692204,30.745810520074166
102.89066488337608,30.505243896862673
103.10302668796005,31.05265878246328
103.35474655122317,30.895305360447196
103.27080201417373,30.867313402764253
102.83622419877138,30.582183390688744
103.15673988693277,30.608261685652703
103.07412608679508,30.63496940357596
102.5930424691144,30.31194301187395
102.90209727207098,30.42792363971833
103.1331583852615,30.790411258981074
103.30448037908532,30.659186573526362
103.12865099463797,31.126060073071443
103.30538687348889,30.612924667817843
103.00201016108647,30.819216015258363
102.93960185415851,31.142512850593285
102.87245270009319,30.387967557277392
103.10081968018892,30.98655929942554
103.06583387912652,31.170460335031134
103.34172345983768,30.72016331705414
103.1012226282239,31.080623719664068
103.04981779435862,30.981706402267584
103.29163753831622,31.091513045911586
102.97371991598841,31.048088948606512
103.14202449360528,31.066851700094432
103.19173365069935,30.79004942376836
102.57965865171037,30.69004964956487
102.6163597829652,30.441755590411894
102.6163597829652,30.441755590411894
102.37148434301425,29.95895583930859
102.54871248826787,29.656709504497336
102.71657164664262,29.63260737114442
103.04857348960488,29.496738745090862
102.97975948105545,29.527817431855283
102.70844147300792,29.579427492755038
103.07643946184389,29.46461395003884
103.07643946184389,29.46461395003884
102.52917136202754,29.656834229797607
102.47992564468333,29.83451046186904
102.51076120081922,29.685662219530396
102.49433518255175,30.067169570392903
102.33300857955557,30.185100252205796
102.38798199348159,29.770018136907446
102.35219363132111,30.172910712083553
102.41029859597086,29.893141376083886
102.5694109717778,29.90569743824159
102.55399006000246,30.586751787766836
102.61426885883961,30.100114989235426
102.58699889061842,29.725474299559167
102.43542457713811,30.09157939125469
102.68736400784235,30.267589098708218
102.44518568882447,30.541620384661286
102.38324589531778,29.83857589645574
102.46059349892353,30.322369117732833
102.32851750785268,29.90888099186851
102.83419063570798,29.584148456728627
102.6042315689237,29.686559016055412
102.67366743241213,30.250459001452437
103.0630250822539,30.706700145083754
102.97264544779034,31.126357438636212
102.94242865993759,30.78794330385896
102.79340488363493,30.716205230631573
102.70350717627751,30.626999150807247
102.83445066642624,30.840870082782
103.28776089804411,30.64791775817974
103.2941521267949,30.875520966286476
103.11702625201787,30.7042759831741
103.0805035976036,30.945236494911754
103.39049806198105,31.086959166056836
103.37754833295295,30.905801708528823
104.03236506909536,31.872903853336044
103.82820423721759,31.958769665873405
104.7283088797963,32.76998509690188
104.64718634216531,32.46381263257914
104.70807479808369,32.559120099546185
104.22244733885968,31.645262635189688
104.11010172876651,31.584705629131264
103.77979414571442,31.844864304667393
103.9398969522698,31.670547259488707
103.96373320434247,31.90133893331635
103.89521003311347,31.88124035149214
103.82618214680966,31.427941130079414
103.82618214680966,31.427941130079414
103.78539106222614,31.839369066726835
104.10184944090348,31.577718726390295
104.07043233579368,31.891097627012844
104.23954260502553,31.751512769373225
104.15479157408896,31.660128350853597
104.04424557227077,31.8616713184218
103.72305302278514,31.99358754834471
104.2974599867671,32.13709589484883
104.29000402533417,32.288500462740146
104.29000402533417,32.288500462740146
104.73507733809078,32.70318071177476
104.865487590968,32.61251131377495
104.46151442258204,32.624187227944965
103.80599154727373,32.49192937763403
103.95431612436613,32.366481514128346
104.06703398418382,32.509651184917125
103.99660477122302,32.49733879477545
103.86007933684897,32.30166966789652
104.30785072026644,32.239459070746875
104.42530088299944,32.069044337146735
104.04866015665402,32.38088835051236
103.92469645671949,32.31015253222923
104.79578262231287,32.69562768391916
104.42049604894305,32.66614305110286
104.1749213463829,32.6213630968537
103.9794386027178,31.856641316186035
103.80326997990976,31.48538095571693
103.5808013332851,31.32840076363646
103.3858179247466,31.359869849433935
103.60307394336147,31.202134734038186
103.55098230257532,31.252994935629086
103.253293188845,30.62815597271486
102.87284618185126,30.870659547047605
102.36766554269305,30.048819807146007
102.9394771994688,29.686161899501176
102.9394771994688,29.686161899501176
102.89496613707735,30.614962227301014
102.91869293431706,30.879585003232574
102.52637414921486,30.690844073653953
103.25976690223364,30.65137079018705
103.05490453667372,31.160959685288915
103.16936978377566,31.24086737124482
103.12257811666547,30.971423000887548
103.1669301161429,30.629884572032207
102.71697678689823,30.898080722857813
102.53165047083866,30.677387907418026
102.59297372104656,30.36408051802519
102.59379884700401,30.289680455624485
103.15060950001194,30.60249092790903
102.7065275661239,30.603866480993617
103.29150597110774,30.671923725850178
103.07763153681948,30.431288218677672
103.26935508965825,30.74662009768632
103.42154900855722,31.185139008428862
103.91542790376091,31.52525204293607
103.9939970342047,31.669884522927394
104.00702161618642,31.83694641654169
104.24120792192925,32.208656561246436
104.47186588832137,32.75014951579939
105.2286050942041,32.81368169177494
105.45505305442902,32.8305855170595
105.02359114468939,32.579257341216405
104.06212943997662,32.95570488243981
104.12290064448705,33.061797610591334
103.78451468442287,31.89289215847019
103.78583203213242,31.566050606403845
103.67664302946011,31.338881945249568
103.44170262546743,31.1894414211734
103.14711759587495,31.0832231507143
103.20309136360163,31.157486928101452
103.40725397172446,31.365981995666484
103.2172889275124,31.273932171274737
103.26122222380747,30.842558587495745
103.26122222380747,30.842558587495745
102.97092471890052,30.747366474125847
103.33322121671083,30.67181154112012
102.87199269191936,30.535281558809725
102.71912368047695,30.7070713151177
102.65291695997813,30.156875639922735
102.3695521039057,29.788909731964402
102.58704817540666,30.14447181487295
102.45912203771616,30.240600726096968
102.56239325592098,30.20999947406655
102.5589438806459,30.702701091790576
102.5449703930272,30.169389614548283
102.53975770893122,30.69198691460777
102.67332193338895,30.830413577530628
102.67332193338895,30.830413577530628
102.64176723598146,30.801976085052516
103.20047310316599,30.609091785282327
102.67854560784053,30.33098723873909
102.9661810864185,30.841325282898747
103.07114419503367,31.074875237052552
102.6976126548412,30.642964727583223
102.5266348224047,30.35295335166441
102.87487929742441,30.4384630461171
103.32705941362588,30.84823775200591
103.010517507601,30.71301541494749
102.6955581164087,30.27001115571733
102.45615396127094,30.30623847644902
102.49718970388561,29.96740956357687
102.42397223409071,29.919323820955764
102.75696609087424,30.191567564522984
102.52766228913003,29.701046262453858
102.74276130791901,29.60367211146007
102.93640374086844,29.44340916879979
103.17298580074055,29.495261311429893
102.92972048940693,29.660212781063308
102.66686486265853,29.720875474854225
102.55060171117032,29.80778166377475
102.40329896980577,29.8065073885893
102.32980908239533,29.975878131474705
102.51018245889394,30.059554679137367
102.5578831771699,29.879655928416692
102.59893764276808,29.96634284579716
102.54102827104921,29.93489825293022
102.58122809979609,29.688196421144948
102.94570715419455,29.706295011798655
103.09781584177608,29.52570134078715
102.56073081342014,29.829128664416558
102.75979847784907,29.619303194296975
102.9723425159209,29.53992450640845
102.33544016682615,29.822020505767288
102.3641607429949,29.892325109702526
102.5238318197292,29.983780941719107
102.39363582819612,29.778705008077367
102.66436161148017,30.47309461038659
102.55733958946924,30.17676074424678
102.54761453637435,30.534523092560278
103.36406146276865,30.85363950990809
103.02956817728746,31.112147659161746
103.01644994596549,31.13295992551727
103.33319715851155,31.003162556483602
103.15549943492383,31.19008865244404
103.30529236812315,31.103747602544118
103.22925120116072,30.801979977570902
103.310406118768,30.79519631857029
102.97442081763451,30.381832931574678
103.2407659514419,31.079494725927475
103.7030628846913,31.351870564705376
103.7030628846913,31.351870564705376
102.9995927606728,30.973400123005767
102.75809087230738,30.84827682752426
102.921792016443,30.511135819931486
102.92393606767834,30.45917529625588
102.9216038811687,31.194576620902406
102.83597352113709,30.718637753861174
103.15523444088262,30.89929967840325
103.13545088837805,31.052790142765275
103.35528261322102,31.27706745585665
103.08838711901593,30.617401227724162
103.36255636821514,31.306646664174277
103.36255636821514,31.306646664174277
103.29989436364178,31.15931012047215
103.08573554765387,31.226291897352876
103.12392621598192,31.2020437499485
102.66231374390459,30.790194669935783
102.74546407329487,30.364300905844246
102.46093183433138,30.169703649283623
102.51637433649601,30.290819141160195
102.44532961631693,30.511062675609875
102.44532961631693,30.511062675609875
102.6368267576422,30.266363800715144
103.28380458281407,30.61651106314749
103.3549187747542,30.878750868635368
103.00910640116369,31.313796317104096
102.95030872183294,31.13548036907457
103.21706020314032,30.685481249201363
103.0610463040506,31.057130945147833
103.3195606663422,30.989716356364017
103.3367884714912,31.25010564542474
103.33552726301221,30.954498175613853
103.30098450077067,30.979516467322554
103.05793937143078,30.870938178910944
103.1254456548577,31.12735129234224
103.23049471486628,31.295068224950615
103.04307125803251,31.010468111404048
103.21380575020005,30.729481960656557
103.20605459663182,30.97724228722197
102.71833554442074,30.731959655985566
102.52980750221751,30.16777718389312
102.67226396460393,30.378573469420154
103.4144199403503,31.09777456166766
102.94093433967552,30.885513436836163
103.14554771153729,31.091401611787997
103.01702621046653,30.932020801279144
103.08129735648535,31.0738143394452
102.972147307042,31.23621943075544
102.972147307042,31.23621943075544
102.972147307042,31.23621943075544
103.15201897905322,30.87918468873859
103.17305959002775,31.148726860123553
102.91546970946489,30.41770623439913
102.48162404360383,30.403696608483994
102.34774910934331,30.1468190601801
102.34774910934331,30.1468190601801
102.42036543862353,30.514096251305684
102.50680516592044,30.77806224283845
102.50680516592044,30.77806224283845
102.60592568469971,30.341887106419108
103.05138766101753,30.557634909355077
102.78050108177518,30.17341807146806
103.2210758630625,31.140451974975043
103.21093337450097,31.075259071628277
103.200450571071,30.618867600409274
103.21121106578279,30.75180689959197
102.735118960172,30.35347537232201
102.49911287699581,29.88573877140286
102.35082574946816,30.04212783473029
102.42264925051805,29.779336834306886
103.22169378636008,30.613589272173456
103.1100629466261,30.745459820644815
103.35599068689365,31.060349492336403
102.97929399919258,31.174987434426612
102.78291866516977,30.62151475911483
102.76430386022318,30.697058133173755
103.18422298943402,30.86158256784112
103.24007116229403,30.85029315727659
103.07191756359141,30.901624479520425
102.49025822721661,30.582980374753824
102.94735803896249,30.761837389293415
103.32989872986276,31.18088229945741
103.26540880813249,31.35698615665399
103.29053310763304,31.263399076687794
103.87264536293452,32.59446518398751
104.20075990588096,32.67386012509264
104.63105298850877,32.858998583649715
104.08505678109914,32.82289646651537
104.21329938708989,32.33084134029947
104.02823961008173,31.675253232222136
103.81981907656129,31.454249720894854
103.78935737149936,31.35792999595196
103.82239423308094,31.57314215003669
104.37636694083211,32.12385079849574
104.66825355577495,32.46597904508374
104.75614154386656,32.721147482854015
104.6474630463764,32.794096004129536
104.28475382479361,32.730382080189365
103.98125111490675,33.06823864699389
104.79149326177743,32.55155790652713
105.13942307434344,32.95176421398542
105.25871379079912,32.71904010682866
105.26889327894509,32.985251980821694
104.89640833781955,32.58964486747225
104.67889230067556,32.74120189319828
104.99428712286748,32.53765996659767
105.52690781483862,32.889431979714864
105.23040578224226,32.81372297216262
105.46057075788572,32.89162604329396
105.5039273732921,32.96395286819059
105.52835101602642,32.95059645350329
105.22949861013379,32.83924920061659
104.40771285376597,32.61742253846212
104.36846885656325,32.874594632811124
103.97439266693198,32.80476695647521
104.64983607599551,32.79699507571179
104.79840610073389,32.67464834377137
105.3074464063023,33.013366090853744
105.13294577357055,32.62696787712201
105.31153145605627,32.85667403295656
105.29434879657609,33.024947857828806
105.47189414993484,32.85830940054788
105.25872619803549,32.76174248599472
105.34698129397853,33.0165512110342
105.44765321828741,32.98318481562882
105.27257142649326,32.60953275814362
105.3886154260231,32.85236231980175
105.490288909368,32.82956104125886
105.56546546559018,32.97116863788517
105.37493053542084,32.894311298910175
105.55920047600894,33.0269034484094
105.3419842652537,32.732176195568336
105.10941401006949,32.57229187948397
105.20677678369049,32.89849262018998
104.8577899554415,32.73820793174346
104.4200739562429,32.54124491972399
104.1164756074978,32.623232808000246
104.199220411269,33.06041809201997
104.13936169691324,32.5246006154729
103.9691071667075,31.4891392586979
103.99441207054342,31.4714564221013
103.72962852434891,31.230281150905075
103.59304851297571,31.153673351900295
103.39443203458534,31.150073084618757
103.33977764273675,31.115515512591998
103.17981275778565,30.977045273848436
103.02724938840888,30.984683500423742
103.25398170517968,31.376024088516356
103.30620955617056,31.11358918108566
103.40800619316732,31.24521266837774
103.12272979031565,30.92742614780116
103.29173163900458,30.690811137838857
103.04703917435528,31.00183263770934
103.65672391892,31.275263526332974
103.93755689889633,31.51740258266554
103.37602731233252,31.422222087004382
103.75034124952722,31.837362447451234
103.7486027236689,32.123431929086024
103.97415726396639,31.958047297786738
103.89911787962379,32.035303907464595
103.76817812745826,32.084383875163425
104.34961066138038,32.31305014515296
104.67063623957118,32.583393549725365
104.2493324302395,32.64766168869352
104.43909058377784,32.825663542620454
104.08492781500662,33.02779555441984
103.79801425756486,32.5404789866282
104.0019362954273,32.080442649789845
104.22938483460942,32.213484686755635
104.38408262463298,32.98708857976101
104.01514242775355,32.9631488294893
104.29730164572075,32.64934450275072
105.36176657958949,32.693031890685226
105.52103386004637,32.792186384454006
105.52103386004637,32.792186384454006
102.9557442540523,30.907805648862556
102.61768024100728,30.662641838228193
102.67834088850718,30.748029793512647
103.1143173593423,31.206879672139785
103.20960013345237,31.258199056052817
103.08294902914616,30.810199288974758
103.08437562246225,30.745428295232298
102.7550557329007,30.794254331085526
103.08496504944053,30.532269192171103
103.15767794226173,30.836695937946143
103.09723406404848,30.59325900073138
103.18558612118716,31.190903516038645
103.30537213172713,31.184448753513987
103.39389016053563,31.390503847400453
103.5219322116619,31.245940862912267
103.69527644712436,31.208417509346564
103.69527644712436,31.208417509346564
103.2885164277061,31.210007138669628
103.10530305804292,31.224487616349773
103.089033526118,30.735561681180936
103.22739795045975,31.009936610068298
102.80687029720329,30.481984772821924
102.66088744720395,30.480372688300285
102.58163666793634,30.658463885972587
102.89747299530022,30.792390006679582
103.13769068837723,30.802987402445297
103.22120473621555,30.675608416350556
102.97052657845069,30.920623426818146
102.88789650083407,30.682488777271253
103.09931401960891,30.641297257900778
103.35880551036604,31.07139657517584
103.83033852086037,32.362519608857525
104.0126365561803,31.528039357408403
103.86409936588319,31.54941802386867
103.96256298656694,31.95683526610502
104.05671672768054,32.58068803157414
104.25029698924664,32.12158297189087
104.4235563743426,32.04489069312025
103.815666701815,32.09367817863952
103.81062498800544,31.336147416150403
103.64308389647157,31.157467078630926
103.88226760300044,31.50837704086436
103.99746382987254,31.699139568588972
104.00080724830225,31.731738176520057
103.93444814628602,31.90881647177393
104.00081609314667,32.365999702904475
104.48628656127156,32.52093731220382
104.26790863951882,32.28111234426367
103.70306134906785,31.987880752374934
104.23591277113374,32.23639408493222
104.12534937006524,32.5803877530569
103.9332607667959,32.5790664157552
104.41018678751647,32.53365541339769
103.94152964826637,31.847346308109014
103.78392941760185,31.40722885057568
103.79622659258578,31.520094981110564
103.78269444282246,31.38359500832284
103.2672460177959,31.276499010843462
103.39286454451563,31.27176696826632
103.30538526561315,30.976561707749344
103.1679488730459,30.88572195863206
103.7848544655347,31.375221438318725
104.042173462927,31.581149834583137
103.71436154527726,32.008115702151215
103.71436154527726,32.008115702151215
103.98200684784,31.933058264329677
104.2768242967786,32.81249775794635
104.40222555050708,32.968502647328066
104.26557020826745,32.93114748533775
104.34655225887786,32.97117141624034
104.63966667991396,32.863432907456634
104.77875888906424,32.751722519581044
104.33266597703273,32.60928550362109
104.2357703454454,32.892667269146656
104.20613761761689,32.783539554694755
104.22775550273228,32.32329570449722
104.48287864785007,32.48826440723817
105.07294890408559,32.605983486665096
105.00252526765183,32.608873542689004
105.14963251699561,32.63251485212771
105.14963251699561,32.63251485212771
105.10066530176847,32.671006078771896
105.26935764442118,32.87042596123522
105.44455740946226,32.792119006808775
105.24977578448518,32.68955066348934
105.1495252316525,32.96662334596797
105.09721605987401,32.563044052128866
104.76645442596791,32.51479658782252
104.38371237477108,32.96440601310713
103.93824399168808,32.69352469795398
104.35694498127428,32.74579239240912
104.23269408508591,33.02919890189148
104.13588910585524,32.70476761989712
104.1386369650803,32.78344125575592
103.86119703133414,32.606284525155225
104.22203439072624,32.88495418903216
104.04435916644948,33.06158155260117
104.21131135662222,32.864910717566715
104.49035265588454,32.724786552625744
105.18523677976526,32.81814157463836
105.37366015985918,32.73060693463436
105.20775931641236,32.82969887738419
105.35947059291145,32.69207394780635
104.92346540013483,32.576022788037996
104.5921513456746,32.49348313367365
104.03319396427945,32.195264695327594
104.30535307395994,32.106814321460305
103.76825440628086,31.806283166765443
103.8407407083481,31.578093746738634
104.03844378231798,31.675489203979083
103.57023568201784,31.332401951900337
103.64094580069806,31.199051332845656
103.47514702227495,30.849433651015765
103.47514702227495,30.849433651015765
103.15350911052536,30.88345141223211
103.08853112097013,31.03227186269709
102.74447349690267,30.615689418264097
102.45263143501816,30.599023716908782
102.5461961614412,30.392963308465017
102.54720652837617,30.502311064744635
102.47760263026417,30.338118889326367
102.72497070431994,30.58398894682767
102.7967273578399,30.54612957986808
102.63620378974142,30.482102286939316
102.47366109015707,30.20673673936061
102.43342935612182,30.319350898746325
102.51942222923695,30.5815378864773
103.327694452336,31.26737570260293
103.32152836364385,30.969059709388503
103.01912588017731,31.13308793189698
102.94615721229917,30.970329750051253
103.19422225432206,31.274709448462225
103.04633174611047,31.01465222786939
103.30210154935831,31.247593286320505
103.08077827012548,31.172524280094702
103.37914588551556,31.16956878096779
103.78838605897464,31.38656397986978
103.99282566560025,31.699598869818228
104.26860846235417,32.104857564914546
104.32470457670222,32.72317460514582
104.48346464654455,32.763903689194116
105.15374105120203,32.970212891269284
105.20707024901279,32.66947523061992
105.31464082640038,32.90187846793687
104.65629323678387,32.77866139323723
104.6631813318354,32.84865049163862
104.29079523063054,32.62658488232394
104.14209921841737,32.74967163014377
105.10159893461966,32.7136049962313
104.74661539123473,32.72425173486744
104.62346792509048,32.48110094707374
104.49388798460731,32.6849387857186
104.64288670723161,32.497567942351495
104.31882099323202,32.54435794347723
104.07305034758332,32.619012158963976
104.17197517668087,32.22062024735782
103.8262958294769,32.03951015578379
104.09555550697452,33.00610637786129
104.21643921956526,32.64692684530607
103.98163647441362,32.481432331442704
104.40130556418414,32.90477974245487
104.04575563836961,32.796544358493634
104.44230089437463,32.66718181817578
104.14335527476383,32.56983560716756
104.38808672250423,32.750425211516244
105.29453874884426,33.023990931372175
105.29453874884426,33.023990931372175
105.43180451692147,33.106938332532216
105.43180451692147,33.106938332532216
105.42545142452614,33.106400409605115
105.42545142452614,33.106400409605115
105.44243645213005,32.890520276635435
105.20747503758838,32.67354118787403
105.27564304210819,32.732800214575704
105.54414502794498,32.917153625954654
105.40244456104296,32.74191092930473
105.40227664338187,32.90106240756844
105.22247310429044,32.616740644529415
104.61654508599074,32.62461049386097
104.03967341843641,32.194881551614486
103.96015951998716,31.65370475926579
103.77134412961463,31.309172659775818
103.79242589135387,31.31699855506177
103.27375151882013,30.971268294435866
102.70995563842175,30.75871631201663
103.05187470360758,30.624584497605767
102.5454497235839,30.631273415336917
102.78165321906793,29.54539232901194
103.07233999179597,29.519267346101678
103.07233999179597,29.519267346101678
103.07233999179597,29.519267346101678
102.95918002093401,29.720001990562732
102.27182227036954,29.87376296710962
102.37112492918082,29.850115169282244
102.45177057035872,30.10637747248726
102.87578964392925,30.353653636833524
102.62887250683268,30.314801109344717
102.80149168291001,30.47618358446996
102.9530676635659,30.517866525183955
102.56721340774385,30.650609466948467
102.44659893251257,30.607165656511917
102.75830890555306,30.70741995639412
103.17230893365368,31.12558434642551
103.11035131754636,31.163565265126167
102.94319807433499,31.186796277721076
103.43877214535867,30.858492516320762
102.9498710991207,30.826405379437443
103.04969707422522,30.859923076485796
103.20954180189095,31.05783684770544
103.12394542765298,31.13879604855887
103.37548273399315,31.212110653671335
103.32099082007979,31.300698159052676
102.98113207362414,30.64137486517814
102.66802307496792,30.74703897788625
102.51073463507278,30.575117050344947
102.47625574711617,30.675532477515127
102.69968733718336,30.813006445061717
102.48019152254248,30.52731792052596
102.881517469918,30.408463540367546
102.99559481437669,30.491214017790004
103.20881638791327,30.739391848716334
103.14796758376124,30.948801233308675
102.69404973512007,30.660232097967672
102.9238239435674,30.509418640027192
102.508519906386,30.545159502024216
103.00071126794225,30.80802244186505
102.77778444007484,30.80608221484748
102.85084886960439,30.575095576730728
102.6516847887843,30.84523617531574
102.66740322717924,30.61833603773905
102.8193341506716,30.523117242967025
102.8193341506716,30.523117242967025
102.58330617777933,30.68741919286982
102.67922004233887,30.34070997538375
102.4839963683808,30.223349985080382
103.28575356048832,31.19941550490735
103.24461761947138,30.770616948816738
103.02937118185257,31.078970994775318
103.32253695690616,31.046536344837698
103.19833282442396,30.97597583151139
103.23682905758166,30.937713135137336
103.14965687917935,31.085187939599088
103.53718061002114,31.10467261602739
103.68836335790239,31.22370374453927
103.59515442401926,31.11829217553984
103.43715751861104,31.428611645378275
103.47791568796852,30.862134392306334
103.18923661235608,30.723390433682845
102.91857777827678,30.43550810849807
102.9376518761418,30.789882123207384
102.84399088239164,30.735249508854068
102.57505031340162,30.63234012056582
103.06841589132245,30.685682363829386
103.06004034424556,31.229166310170122
103.49881799718356,30.95203627615866
103.3665794548968,30.832307900511065
103.31851744161665,31.402559229520808
103.01936508150919,30.967078143698544
103.3471312318867,31.177154942671766
103.60256907825756,31.123752052714693
103.21891492789405,31.180519868507627
103.51141303617445,31.094089277582448
103.13789113482392,30.59204675277737
103.19351536290068,31.230385341280122
103.216883826825,31.211317790948897
103.45909053081506,31.41848336092282
102.97613259155519,30.56714446374412
102.89364750720688,30.434111546310287
102.4213773288891,30.04632196564886
102.48868963493928,29.706324659220805
102.74334645304688,29.627765341383544
103.03222813122987,29.522835337723713
102.90087901293627,29.614413631239376
103.06139198495165,29.52777043099763
102.89998319708828,29.523195266698682
102.38672571401312,29.742652206815723
102.37895555544769,29.727696760178098
102.4963240477856,29.73076979407296
102.33526934099217,30.060979142680548
102.46244854473449,30.237299304993783
102.73629444634794,30.59794493898694
103.23989289442481,30.83638709384934
102.92185822869564,30.66126532725844
102.40158011589284,29.7732434093025
102.3753126496321,29.742853237019197
102.56747001650334,29.92323684536283
102.98660769695176,29.515149412409073
102.99275771867914,29.48200518303106
102.99275771867914,29.48200518303106
102.90718760364283,29.440736147408668
102.96783495056992,29.46463720232703
102.96783495056992,29.46463720232703
102.66807381492728,29.624236666973463
102.51962341651395,29.868323084488438
102.55362818630657,30.14253120302122
102.86905970474814,29.537255547054365
102.73125425703448,29.58459961562003
102.71693521064732,29.64455348016008
102.57972154446115,29.677149434723823
102.38360476758882,29.75710541377286
102.32067432563906,30.018935805362748
102.32067432563906,30.018935805362748
102.68075404289696,29.94451036320274
102.3776945313121,30.02364163355522
102.64951870130332,30.51727115453572
102.43510467575801,30.291675568053368
102.47296674605889,30.202090509447356
102.62867888691241,30.190903495288296
102.7120683405164,30.646588023847844
103.12069024688621,30.80419831398766
103.11935711392307,31.09750645774894
103.16938408482582,31.1402669979763
102.91160475275461,30.869943438309285
102.93793348228634,30.398830092113432
102.58770495137678,30.383512127453915
102.7482954772242,30.815534500833913
103.17044781846167,30.526529082141227
103.16189290125722,30.642670755537083
103.09297506239619,31.06018656353169
103.2763615872664,30.76653931264953
102.95748164723308,30.968073018471994
103.25651553468278,30.91755899380168
103.61488896587277,31.242270028955495
103.61488896587277,31.242270028955495
103.69046719666741,31.173943293973487
103.63580088486114,31.174699945119972
103.62139965476936,31.31013802301182
103.69695764498783,31.238813561554654
102.99537831300631,30.795472635489432
102.86194103606428,30.34855913816998
102.5392914948736,30.27959406551018
102.57129102969742,30.267290510173567
102.53898310926938,30.350416627589155
102.6098861187435,30.46214178570032
103.36306150428479,31.223160053803824
103.23111296901506,31.300494157813393
103.5875481132595,31.322029480123174
103.07147439788704,30.62783852618282
102.90409299666925,30.428666444533423
102.91081505741003,30.832205229266172
103.0566434001875,30.612061103380835
102.64642089152454,30.26410540756585
102.8017476260976,30.44051455485435
103.11713496663313,30.764584196708963
103.18559391845356,31.221591760466286
102.96861379714835,31.00377672590986
102.48833001421086,30.61762931975871
102.66244919158915,30.492002714051395
102.96816165011751,30.702718566472026
103.22339836614732,30.647199970332174
102.86916515199678,30.869859101759808
103.02317531299357,30.63937668420159
102.69946860567153,30.566959329369784
102.60484675709905,30.165766651864722
102.94777517385764,30.523817816598363
102.5298978777126,30.037606831452404
102.53897562878736,29.875582644735083
102.42525538912912,29.849741377982888
102.51996615451834,30.123347182884558
102.49076461831132,29.891758405985062
102.30516877033243,29.98615200435624
102.73691755789416,29.537872882254195
102.702251656027,29.64724424067149
102.61193902128147,30.141692390432404
103.12668448566573,30.996281457907426
103.09393369012008,30.902209941518684
103.27096494267512,30.995839803723126
102.98630081259495,30.857391523352145
102.57016297627149,30.812909936653668
103.13361120038243,30.65923875795198
102.85681023993804,30.730803898019282
103.4009655578997,31.10330329158722
103.77818693942716,31.42746995123213
103.86775374638944,31.450615342755157
103.81963577192677,31.536969906075676
103.79608732531055,31.473642986852244
103.79608732531055,31.473642986852244
103.83425199466411,31.453312638206082
104.13875685016714,31.781458083782077
104.02822572353715,32.07596873087275
103.96267620521397,32.330934067360175
103.8710079846864,32.184245198738694
103.82575295532199,31.53389561061162
103.74187753846533,31.45712297604208
103.62686454850584,31.16051576171588
103.18016184624855,30.566784599652664
102.88596951187321,30.90784345796488
103.33429232301705,30.792211931330613
103.20011543059813,30.633764406827307
103.25881247695345,30.831880124045504
103.07012313658146,30.632778278091873
102.96840577753505,30.500390717140178
102.59575950815868,30.458865845297257
102.45497506287569,29.93692904286054
102.56816079110908,29.88069121250497
102.57966705874499,30.059350814894156
102.67193507280574,30.51082853677898
102.93043979169097,30.436472021542173
102.85181358090304,30.542461191350995
102.53761055951011,30.49742046976294
103.14050159420339,30.80795316118948
103.21119734741009,30.649436274142314
102.9991506278943,30.4020599601754
102.7438755512677,30.315288553441185
103.15155070128414,30.59253854470282
102.94008656643514,30.811022310871202
102.54512978686067,30.805908317320267
102.57091643784625,30.6003278962379
102.52277694410381,30.023431968829247
102.50314329946325,30.02954747175643
102.9958294441655,30.466448313425754
103.37033215855747,31.079903890401344
103.2449307616609,31.34322245105747
103.11050376793526,30.747114934788655
102.89090138016336,30.50709976229884
103.11668717923907,30.686261140233242
102.78930826191183,30.84414396974956
102.94812460212343,30.930218022994737
102.72339185804769,30.911198149972346
102.70087563048807,30.681906830470396
102.66179663984434,30.513901030144343
103.12391665577823,30.619421520186975
102.7162557005998,30.288886908779446
103.10131751334514,30.84061774873351
103.11905754005092,30.90177382208672
103.37616352950403,30.868790604382312
103.27417340956355,31.09262930345886
103.492552910878,30.88096512556675
102.95442659825424,30.894415619117467
102.64514974807366,30.81254541030368
103.01014854754911,30.990628574253922
102.66861177268768,30.816126566261932
102.47412594206813,30.304891755153296
102.6281760608286,30.152230183714718
102.66454120425817,30.008336250347632
102.92823889729911,30.719746546041264
102.75513328959491,30.588775353932807
102.75856167657263,30.69791021183417
102.55020282985662,29.990610417970245
103.01583759762993,30.420009436434032
102.83246332443126,30.814364788732494
103.0135895472975,30.660187476011533
102.93147316251809,31.247386147174524
102.98307324799566,31.23778058378563
102.72993179740524,30.880103775668857
102.66425220234434,30.811403293596655
103.06798359363253,30.725594799529983
103.33340677584646,30.710119479018918
102.9226142077985,30.749883462662865
103.28277521461852,31.18952832160864
103.01125654388217,31.235038675632456
102.60364543672482,30.48902443590245
102.44251428359767,30.517092687672505
102.68163819701313,30.2531939787401
102.52982555036668,30.21144030874831
102.29876108333372,29.856103119871108
103.0629245058751,30.79474468852644
103.00693297896085,30.885572596013787
103.25970342624122,31.17880124321662
103.26798119241998,30.960290773569128
103.82238249675773,31.550270392280318
103.78367794582222,31.42152714300277
103.93509986596469,31.50080966233718
104.16423331062242,31.730564599569853
104.03546089683702,31.84842207616909
104.00187716551243,32.197572491234915
104.60146141150649,32.43351199853122
104.35956328235609,32.78307852799558
104.10546397277022,33.10441062653615
104.09657713402319,32.88843187003982
103.93681230873355,32.35228369679772
104.48601378092785,32.86578995819657
104.43932333628487,32.56615545606232
105.21087544912653,32.77810142310932
105.50386625706332,32.889950150677286
105.38485100093506,32.74562401277323
104.81048302511364,32.51768722195449
104.67605163335233,32.71881874316921
104.8776465993445,32.679705105842686
104.92349058970144,32.71785567645558
104.95436765250855,32.64423264008684
104.95436765250855,32.64423264008684
103.92725043924641,32.20164649027258
103.97000547872713,32.21242609897176
103.92350139523938,32.0861731422942
104.54737615219541,32.759024427355584
104.76516596372295,32.513649486926354
104.8861100053892,32.580971060222694
105.08320900431818,32.6898137956226
104.68817290476494,32.46834554143687
104.13823531603394,32.44268278082224
103.99103961092545,32.70907019001565
104.1806522378348,32.17831663245051
103.88965470149498,32.603087999708826
104.00113164497088,32.60381113377828
103.81536635009142,32.47042610305575
103.93893736670347,32.18561867715125
104.0314566461872,32.9316880722352
104.09499565448708,32.9255157424127
103.89020259187818,32.531015708070655
104.44626254458653,32.910268362855795
104.69811671994619,32.7958276020453
104.94802917115253,32.66473169047952
104.94802917115253,32.66473169047952
104.57919553793803,32.558995844895826
104.59617314630361,32.725918344487305
104.59799213818569,32.567148487046104
105.27303930199267,32.64183071465916
105.45472646961447,32.78979281920918
105.17111924317783,32.81153475093458
104.5680860300706,32.69707642248824
104.74454678747178,32.526889044358505
104.53842826152288,32.57472510985737
104.67379921123774,32.46405142310682
104.67379921123774,32.46405142310682
103.87905225580417,32.13596596752428
104.22049440725661,32.31337110087864
104.22419399773548,32.61966351663878
104.66590983286054,32.672254911074525
105.46818099064885,32.789796741233594
105.28024866745312,32.836562792195195
104.2808823788387,32.8017466354598
103.89120189944288,32.68389130829943
104.38867288490398,32.87421402703124
104.67134116780258,32.49331101793105
104.84830142956041,32.52695201547637
104.89109180708213,32.78551104330482
105.51614761620876,33.01820847821715
105.52941059050758,32.847594265849075
105.40691607490928,33.09787494596589
105.5240174838761,32.89612415578289
105.60105089111987,32.960740424554594
104.859136291286,32.69788714542604
105.34576772170523,32.97386504205071
105.28016425707163,32.861614046677424
105.23369579284558,32.88290181946669
105.09333454200724,32.581397320092805
104.82153693153145,32.50843167625989
104.11208546981342,32.42716943314536
104.1132136736287,31.734656198004913
103.87862421368129,31.742566345597385
103.73299856771608,31.865553614021632
104.00182374077939,31.863239271327803
103.92504495850847,31.541200171861213
104.1081994527213,32.23904602094847
104.31588178672371,32.520643976179656
104.3759652700534,32.87849304594152
103.98050159361873,32.55907975193962
104.55346908455222,32.50939490020801
104.68873457793958,32.55426461962776
104.21768890999944,32.61648152319428
103.77255579299157,32.11078941297358
103.9237741650422,31.637676673613374
104.29597190004678,31.797868981508355
104.29597190004678,31.797868981508355
104.0649863137448,31.74780130024146
103.90077241849335,31.461176236771827
103.99056825537535,32.41186908499748
104.25335675624854,32.56753173812753
104.0121020671047,32.872656740622915
104.50135507972124,32.68045254489662
104.77353938166533,32.5715010961318
105.16495993953153,32.69548241121543
105.06610242394984,32.69057754348962
104.93108637051257,32.61407808169041
104.95100046412334,32.575125693518174
104.40218202413233,32.67974523644274
104.52010664098792,32.786246182349124
104.78276233240942,32.51300950567292
104.7091164986385,32.80008784033403
105.18031815071897,32.9756844295647
104.24197108145694,32.57352828564771
103.93259599869835,31.98800413817755
104.13922685121466,32.2726337513446
104.12065747893833,32.33092502862367
103.85403197982356,31.95150210267441
103.93477126331652,32.145332847539436
104.19318821547142,32.34570980578373
104.09275338779015,32.19281190521903
104.75805776230193,32.73147074606116
104.66755907406316,32.67181273696487
104.52623684289362,32.60822792403382
104.36926899123404,32.71555866527006
104.15717424241757,32.73313046936196
104.55926678299268,32.85937802016796
103.99989247415427,32.48930962286592
104.84079997027429,32.638037540181045
104.59706160602464,32.4450029684455
104.32382874385098,32.718551703831174
104.48378498824844,32.798856627323694
104.22361778643831,32.28990149517644
103.89264633573464,31.858796103284305
104.13285895111788,32.46947417747344
104.07287000319063,33.06598649535182
104.07712319492722,32.94010903311921
104.06665952105996,32.832531525662326
104.02077705163423,32.92849782470387
104.47498518367298,32.869565799005414
104.82290020922294,32.580237982573756
103.96568173148738,32.65563206011181
104.0573840081446,32.75808185430808
104.10616777967849,32.041643762450065
103.97854104820719,31.57652373023401
103.81218019476518,31.42231432977116
103.65744958304998,31.34343995754065
103.34414706281568,31.198089198265322
103.24798853007887,31.020274519373988
103.15470660818691,31.23972583188256
103.36206453809996,30.96387907356635
103.24761963090079,30.74647256795034
103.27080786716789,30.671858359025173
102.94113945923752,31.172053372636956
102.95784753274124,30.95841937514924
102.76713739898871,30.561664392161752
102.9525578678128,30.467808900449473
102.96543519607378,30.846733346880608
103.2880361107348,30.669089874998697
103.24964325918354,30.72956749195551
103.10449060488783,30.84829232784322
102.90418675960606,30.808317676592676
103.21675854770507,30.7966363527262
103.1924454598319,31.24183123544631
103.16048502711233,31.054791109308884
103.23598580846026,30.79484013739619
103.05732909260347,30.691034012180083
102.99929514745469,30.513042439937273
102.86686759963685,30.8070463488544
103.01779296185187,30.693005238255815
103.16482542333466,30.76983986113222
103.0565389869346,30.800253657919686
103.5355951074247,31.214693901555094
103.09227756634021,31.262478498893834
103.11271110302062,31.268822134256904
103.2283501027672,31.33328263370175
102.78797091530491,30.575354329790194
102.55188388362893,30.375750711390616
102.54772071182069,30.53569744870879
102.5899853282509,30.731991886288966
102.52352238194534,30.720298557163197
102.61519309070134,30.68393573459946
102.78935696384336,30.714008130456172
102.92225440780156,30.754659589877274
102.45022131315308,30.625102005246347
103.17822642185438,30.84698869737087
103.20343671199254,30.669379206891524
102.84065178078467,30.389739410105566
102.56015592051695,30.58155717006115
102.83796622998885,30.7578356064538
102.91912543361619,30.840505581101567
102.50157395490922,30.579146562480446
102.50157395490922,30.579146562480446
102.75526858126035,30.635965581595098
102.71473563710897,30.23972167576231
102.47107152056782,30.332409231030663
102.51399177237356,30.029452606101124
102.41998792582505,29.822305149817005
102.33226773195314,29.91355656179208
102.53989073158475,30.227164540583892
102.32972516840829,29.890523511291697
102.32287541669047,29.906799750773942
102.52521819960405,30.41757754472047
102.6850704104871,30.260552018342228
103.19828155257333,30.563231511696145
102.93208828117857,30.539583329453027
102.5676092458139,30.549831070728292
102.68045511678133,30.119075689452444
102.54539103510156,29.839803629445008
102.58645295268379,30.443874187467564
102.84947047963637,30.74683217312885
102.4947977675011,30.536667916877253
102.47826218313327,30.174102286438494
102.37820202999089,30.07735696051825
102.38410130382867,29.955658392078433
102.43557657464098,29.921782816497863
102.58556894874955,30.25323698407675
102.70022832555033,29.574023249265746
102.90296171197372,29.57735750599795
102.77060326800174,29.634985582407342
102.9351292935743,29.475415840308763
102.81064337499213,29.551689682803254
102.81064337499213,29.551689682803254
102.30815754254178,29.869241574369788
102.30815754254178,29.869241574369788
102.65031172997635,29.628757216356764
102.57876801233363,30.271344139118188
102.93294805661561,29.688333371190225
102.46477747438011,29.74838190789681
102.57241397435853,30.412522396101043
102.3456852970502,29.89404757497467
102.53927237119979,29.887632767419934
102.36092808990752,29.92782932831951
102.36092808990752,29.92782932831951
102.7832154642282,30.83585246737607
103.05740387878565,31.048279322585845
103.23961801669758,30.810738505147707
103.0633750822502,30.944894920734264
102.79435804443715,30.66363404346958
102.53797874836603,30.438619533934443
102.50148654007164,30.326558239644065
102.68543334659715,29.956710314364955
102.61072998307017,29.982321731563037
102.55354954538758,30.135045272972622
102.41701407310319,30.217664494263012
102.72635422593802,30.205024822175865
102.45457376219368,29.873207898919606
102.30557568628984,30.020225765172885
102.3018361371545,29.998825119496228
102.52838848806894,29.84873433910665
102.57790523425747,30.308735732081534
102.55348695502417,30.300027408281828
102.64896435855213,30.347466046617935
103.35694179791633,30.7204528989667
102.89918641349948,30.572826109234068
102.7779674717706,30.611378164583297
103.04538165243406,30.488142220378926
103.32380751960336,31.045268541840606
102.45651055589282,30.33632734929323
103.07848404632058,30.81536567841533
103.53140291266023,31.088433716480765
102.930291689155,30.97067270139632
103.2106683099668,31.040110060320067
102.49866629815735,30.472265089204456
102.45543146258726,30.496954378298707
102.62063182807424,30.702025999505143
102.57424224334765,30.07411272633669
102.79973588315772,30.501942741353925
102.56906675472251,30.60424916377038
103.1472628466199,30.753349028307824
103.22252315447341,31.221275272827956
103.56454552860906,31.24146859197447
103.3666118506489,31.122899704135765
102.56148181657251,30.648097038543924
103.01316136668675,30.663002422748075
103.25417092558551,31.13197423244846
103.13425894824786,31.176028767561302
103.06700758482498,30.617456712329137
103.10450848413309,30.714415270536726
102.62146250524128,30.502182226822576
102.50611144964904,30.225522864338497
102.7017229449207,30.250953177787423
102.60131901398593,30.37222545030113
102.58377905925138,30.515323557365765
102.58060268405086,30.745165346565038
102.54333078234887,30.069559938035113
102.59281900641989,30.130284808914222
102.48948089134045,29.873700898299617
102.62403382545538,29.713782223864044
102.52515887589449,29.659174276506715
102.42490993496034,29.753064679084765
102.46624935235158,30.181864389768783
102.28901692845962,30.01114443267041
102.75265587018563,30.24027021931443
102.67640190622501,29.636764272895338
102.30679595702277,29.971561116909932
102.59881222236888,29.649224814450303
102.43540186851439,30.32610475759922
102.4745946207879,30.407306138517246
102.75521371663827,30.18865041960964
102.73621664801067,30.326183783038843
102.40063677100686,30.005989783030067
102.65174734338653,30.205198592651794
102.71277309739732,30.237635670801644
102.44285126524413,30.315160686182363
102.99900193758525,30.43070030825448
103.15896823584228,30.62042937972232
102.84181971965795,29.617207596104183
102.99436844777378,29.63488779179037
102.88133698847878,29.570787009159382
102.96106504290434,29.668582485358627
102.97385558779098,29.58331513415068
102.97385558779098,29.58331513415068
103.07691139995195,29.462042977262755
103.01640465809783,29.467121965288545
103.12670432026347,29.51487847586717
102.90601254666788,29.51266269641542
103.20934432869434,29.518506955082987
103.14770195756033,29.51084155893811
103.14770195756033,29.51084155893811
103.14770195756033,29.51084155893811
103.07045401328138,29.468836350002505
102.44678044384045,29.828719285101297
102.32874907499583,29.997447527659254
102.75731364676304,30.643267728256617
102.45083360631538,29.966693527370865
102.5574289687122,30.485721268010376
103.01810647051504,30.40683253068983
102.67318809378567,30.3351220885015
102.59497786244388,30.51253817913671
102.99485286705423,30.837297875180557
102.95583333794805,31.230084466779928
103.08236914176553,30.64273171302845
103.34608477215525,31.331146912409086
102.93317818825885,30.81312647206197
103.11943892505612,31.02242574005754
103.28104724764043,31.10890335263336
102.85984003401441,30.33544176859523
102.57287659187755,30.782977880813487
102.57287659187755,30.782977880813487
102.93907869233935,30.8239248198356
102.78256214259144,30.802751655007782
103.07343442792084,30.58652888060747
102.8547661110177,30.670540414004424
102.98080905527652,30.56654310201015
102.364301465699,30.066206304145688
102.57755429178582,29.83165352119832
102.4886911360823,29.861471543111275
102.65021875816761,30.316714991965576
102.7008948078913,30.28035357579811
102.64381239378486,30.101739052010103
102.35864787605098,29.953036485599267
103.1069254691475,30.46078495183857
103.02619090323509,31.11175243239103
102.4933832914794,30.425778679186696
102.60544627670407,30.724094725956643
102.63925474430728,30.318447939277377
102.41804961686498,30.065536709708798
102.51521418885228,30.21675501864155
102.69130162420669,30.75509345093633
102.5327008142211,30.342716574786976
102.92727575620144,30.46415034142941
102.7866496333609,30.74159530764829
102.75287515952802,30.72978133365568
102.8649871051152,30.34424644042919
102.60316471514453,30.27674950778478
102.80252246649037,30.824417377201836
102.6450825584943,29.949143374324166
102.77532084317994,30.633387142247226
102.40695693775714,30.068076541900133
102.59096736666955,29.841932074315768
102.60287497721019,29.962276138888868
102.71352366787356,30.266175143575985
102.57330793218956,30.308783293693757
102.48014252990309,30.43457218573178
102.85543648260293,30.59116250071115
102.68338675260438,30.40166868503662
102.3387468375721,30.14143036001885
102.48884342042412,30.070211819430178
102.5206719280035,29.848487007854544
102.42647992212582,29.89643183095655
102.42589768091102,30.282258646535354
103.18009829419282,30.972678420161852
103.04161599168745,30.64644206515766
102.95189552294227,30.797697973149745
103.08328233896866,30.75882096549579
102.8035748582166,30.75343474541239
103.03742400394174,30.52163048673523
103.03742400394174,30.52163048673523
102.95532977662951,30.91923606497424
103.12676248264363,30.988956561253687
103.0208656149126,31.02356722046717
102.97861062656676,31.10671651310512
103.00422754826512,31.321255306207718
102.88174827066582,30.773326328868063
103.10071810299442,30.689064180682557
103.0400947243546,30.62384597010744
102.54767437759654,30.451855057675225
102.63997402719414,30.405869251117696
102.30598679516723,29.979209014412746
102.41592986980372,30.25516040984083
102.44583598911687,30.089756893433965
102.41549421548265,29.789269751989277
102.44965486455881,29.855560991434402
102.39936531984816,30.096817169938095
102.29400099653746,30.08848991390906
102.5144278202494,29.67836635791648
102.37690547577381,29.82096958830115
102.31368991533196,30.114978616684724
102.4882958438928,30.194794852379978
102.40791835697212,30.18616437792902
102.4405759811008,30.429376001140664
102.4405759811008,30.429376001140664
102.4405759811008,30.429376001140664
102.45592775959832,30.514898054419913
103.26076321289244,30.700195859650158
103.28072504212057,31.111322234172217
102.98482073406338,30.969553290637528
103.13954636296839,31.20402609696512
103.13602782483675,31.14217070134818
102.62986968805617,30.705447998188998
102.56821218230641,30.365930705157115
102.50256877230694,30.38342029929667
102.89360939711185,30.438728611411694
103.23753899752033,30.992697527219594
103.00369796564608,31.269465391964918
103.25599954730681,31.278961677519295
103.26633278533026,31.09147975097729
103.6031618878617,31.171550602515143
103.28045653836756,31.401170803529308
103.26091722123348,31.23443013529693
102.92919609585798,30.660372385654014
103.00491758419061,30.664734444983196
103.22362744813135,31.083156461140145
103.00878308798764,30.854598246692547
102.94104796171229,30.430966806111144
103.0259361639592,30.587324223137248
102.6030155146691,30.592055729709152
102.75270180987665,30.833889075715742
102.90377006553145,30.71663987917144
102.8924244834032,30.828856842146628
103.545800487942,31.225536320408327
103.75077398568396,31.26366934722816
103.44739740874684,30.885134549269612
103.02135309215059,30.88019294203008
102.74592745373329,30.888091539468785
103.37583784478338,31.33235610595594
102.99439753080297,30.891141572087168
103.22937634231674,31.163372391693702
103.3988010815923,31.171323961458643
103.2956566699034,30.99540921384695
102.96107928442432,30.822023481010326
102.95320587392841,31.148911510850766
103.09444798505608,30.916938851600715
103.28128742758405,30.775704645803348
103.2481062435479,31.297939995494943
103.57761564175942,31.092676991532663
103.23527390617367,31.0834813904119
103.02184048745092,31.109630649192802
103.42391508728778,31.344025548716782
103.91294811654483,31.466974787205807
103.88387441526888,31.87356207237935
103.94108757779313,32.62124549250981
104.08027517614711,32.14463079547513
103.71880700420368,31.859025883675603
104.12681851630279,31.654120287519
103.90265979351587,31.971392423602065
104.5239274851289,32.69617202899742
104.63744459489828,32.7536244371255
104.45449780233876,32.483393878204524
104.24706212014388,32.79648206946844
104.0721737207951,32.8037321644678
104.11104936510118,32.661126720928074
104.0839696137649,32.71889494917454
104.06249488351145,33.07364259796801
104.23678372098107,32.800864985958746
104.14245429154019,32.416234047455106
103.96099203150327,32.79708262167082
103.96099203150327,32.79708262167082
104.11084271973357,32.63266157459854
104.25722497115342,32.07898820763246
104.31367143970067,31.77454855815889
104.01993810716257,31.835811703539175
104.22637493053077,32.196603476457156
104.00978614923531,32.24209662305775
104.13797723502033,32.991653827698826
103.7890339445545,32.551803540172955
104.10177405373771,32.96193382134931
104.76024863970173,32.69064729070911
104.30323702007732,32.52558615354677
104.30061947605807,31.77820181644122
103.85310459755799,31.8313399628291
103.96429044529752,31.917901248472344
104.38359958652086,32.28172447351639
104.109125509623,32.76240696160567
104.36318612581718,32.68509329668819
105.12742077585057,32.983104053569114
105.22569053012175,32.62888999046505
104.87401325381235,32.79564175261664
105.19134409437564,32.780403362726524
104.25054372001887,32.99965021409947
104.51381547185679,32.84635979340004
104.76593331635617,32.62585508804757
104.81396921614683,32.768037054358906
104.93701504508057,32.58196778956687
105.32062926031085,32.68429729913396
105.37613824496925,32.870287486403406
104.71377112732624,32.78513734765085
104.67685576852304,32.77855713745843
105.02215119232996,32.708524106492
105.07592963773823,32.90143769153699
105.46185615985753,33.003066769173124
105.28613571198612,32.8091712614935
105.45797212864842,32.9479430809653
105.25951472427445,32.91079962391078
105.34762494986008,32.853656658219954
105.6102711675106,32.84533554375248
105.35154984667429,33.03390956242565
105.36476107295856,32.87065474874403
105.29530280073857,32.768623328520086
105.25474015400181,32.79169006660425
104.87712655465134,32.52024768469839
105.15806338769198,32.66808046394341
104.98951019998238,32.611596421563966
104.63244761220206,32.63032684742332
104.50675043524905,32.81333130824751
104.505652731307,32.73357588830118
105.1516096053476,32.952089735002005
105.08761813531702,32.87034605823431
104.8374905395189,32.804326759149944
104.57187952681554,32.88011910875041
104.8778576412712,32.673835909121955
104.64738633465878,32.658954698889886
104.88197925088222,32.51301391416103
104.7168951625435,32.66872585070352
105.06836162796507,32.61270888292063
105.07378770959744,32.69371713072985
105.19973986164875,32.710212883899295
105.20796968325813,32.91238540377372
105.53433165522372,32.94980236151683
105.31499872178671,32.80022739637474
105.33065391900016,33.01971414362998
105.54890664202934,33.049146357197415
105.58835703567227,32.96771631425434
105.3904855805622,32.79683685428352
105.42618700864469,33.059931160284414
105.53262740786428,33.00287600206749
105.53262740786428,33.00287600206749
105.40130279709479,32.92754264601342
104.73087559868925,32.70508121958093
104.66485781775533,32.58443541129904
104.81743455493165,32.69304355198542
104.41518378266348,32.911931561737134
104.49240650860222,32.58326002783614
103.98036809059026,33.02011379999786
104.28234588105249,32.575408572599244
104.35903722731948,32.77349918326961
104.87375083441536,32.6960092066196
104.53820038700547,32.60598985460805
104.5909080132307,32.4316110922741
104.662562182539,32.789751257305284
104.39502678281437,32.822843650563364
104.53038833495987,32.546990479526634
103.91586119131534,32.44201121481208
104.09746985527946,32.582124529711784
104.82542092286451,32.81141608226784
104.22043552683259,32.75005211292851
104.65452705209695,32.61052192991148
104.86782738923333,32.771275128372
104.73989984290465,32.74006494467782
104.11543407933226,32.86929196294286
103.87686546636684,32.0776615321467
103.7122497864313,31.89018817562483
103.7122497864313,31.89018817562483
103.96761243726984,31.86311459977728
104.00366432387091,31.993612830552223
103.86693808568688,32.48019574888652
104.17726891784642,32.63095909697584
104.05829654413907,32.684477462877986
104.15566959767243,31.727634126717398
104.28218224226677,32.14473078232908
104.30815899483868,32.08888841749746
104.04292928062614,31.855096087606107
103.89018543420224,31.58642515724605
103.93550940376105,31.551850917132732
104.19024919976495,31.763723697563904
103.90429716882905,31.70463153853231
103.73740780947918,31.97723336591716
103.71321566727086,31.964550526366104
103.72718908436426,31.251010930682092
103.33606550904052,31.34430633715207
103.16200705861007,30.700608525570892
102.81995375812637,30.570794121609495
103.24064209740993,30.964711552083735
103.15190103816165,30.915745148660775
103.7940861986632,31.352800212701545
103.98228315337083,31.689697189795005
103.84901317803573,32.040401658307985
104.02535484041404,32.50266426108216
103.99809306561988,32.11600382231177
103.98109102712975,33.075756570106044
104.0835043057423,32.561954627299755
104.11227999677467,32.67768680170461
104.01492156471382,32.47076624901506
104.41141834998302,32.96448483707081
104.03677056536348,32.92579989175554
104.11273993346755,32.93988788824744
104.31278531351214,33.0115638067187
104.07055330524018,32.93699901779257
104.2859053388811,32.9502536757074
104.22938260417085,33.009768328502474
104.37877631985386,32.880482244759975
104.22337205444238,33.04255991829885
103.8175131573262,32.605526757734246
104.03189635290812,32.56692244891846
103.79028277283601,31.982344637251938
103.90867141108123,31.98929692535524
103.82469997744533,32.09949207701314
103.92887049201353,32.041154402553694
103.7848822113809,31.839828258585833
103.85033175467679,31.91130987303604
103.71968634771858,31.994549977486592
103.76364317529755,32.11018011672458
103.95783297424623,32.629663319912126
104.20176981357234,32.68892685870162
104.06988511476055,32.87569461658056
104.1778461457112,32.86691425299459
104.37622135912831,32.63570685293383
104.16916497574857,33.014620516998065
103.80108051259138,32.55008204867215
103.91712284286027,32.40198417830132
104.0198895577163,32.48126796100789
104.02234537815559,32.9772522267956
104.07003985345355,32.90587171786084
103.8663536496341,32.27146184559667
104.01265868454067,32.69782227599592
104.10072906095391,33.04208146050945
104.05686202986362,32.80961775469272
103.9185502721571,32.79112996119059
104.22247209375189,32.9079388787457
104.00825789711729,32.776598765878866
104.30908780532599,32.837715934063795
104.46660547675509,32.823732184974254
104.83437139090455,32.644066853809115
104.61753104655686,32.661054785237646
105.05368125888737,32.58201463195786
105.33166515221524,32.70868357531352
105.46201286617305,33.065030462973056
105.22055445786857,32.809123402790426
105.40093972006478,32.80390496078071
105.18750167134598,32.654868116613436
105.387205176282,32.92440077386859
105.28026742492997,32.88555724682418
105.48775650884532,33.10657756199593
104.75186572726842,32.659923404525216
104.7083668514905,32.664833411383675
104.51424192518104,32.767835021682565
104.84137422198089,32.734681384700444
105.07537440608039,32.63938242483734
104.42171056707002,32.72904122316239
104.38056393343787,32.58820008115599
104.08583362043306,32.16723888220253
104.06746877456274,32.142288931151505
104.09442895067335,32.08396731498757
104.0252486548477,32.13490592443752
103.99997221460136,32.26332134618645
103.86152233008667,31.80127736462023
103.80487066732636,32.04761590449953
104.15399292242057,32.61010786840327
104.03619609540084,32.5096850582391
104.70318161110356,32.528983646942294
105.40925219400908,32.746584952785895
105.27540808333723,32.8264638475639
105.42385890343094,33.04176422894782
105.43646910569166,32.85629600822306
105.29814270826932,32.953756089209456
105.58671709976934,32.96086371265135
105.12008538496927,32.867015336884876
105.57016103668941,33.008733100731945
105.33838311013861,32.99558023971327
105.20850724286629,32.651640338384425
104.91688881820451,32.67245670339845
104.84945798843596,32.59685903230016
104.79399612240898,32.70265919162647
103.66815920819496,31.28257467226083
103.81100385998108,31.50214179347022
104.2646931486255,32.07976778585272
103.88651052075389,31.686484462205588
103.8453012626424,31.4185849569649
103.85068901271943,31.98172731380785
103.95197053518112,32.32133957059402
104.17685684851575,32.38223791485736
103.77958553461215,32.123783058525895
103.71984471372903,31.86538004706397
103.80209697392927,31.515929113635075
104.07490426513213,32.207633344903044
104.10469575136094,32.123478773324244
103.95099632221779,32.33193356976463
103.89310456516428,32.02917439313002
103.97017582896376,32.03537766882887
103.70686719115545,32.020754299457685
103.8664944843952,32.10972458118823
103.82645234362126,32.336591160957575
103.89341324529676,32.11622520225289
104.27392437237536,31.756459334875355
104.44996307024255,32.088418343186945
104.46509922661902,32.10982215166732
104.68532208819906,32.50276655568369
104.5341716587983,32.87791137679216
104.16980667066038,32.92635737863107
103.85103742370104,32.53303644960585
103.93925064724874,32.13600529603789
103.97447230160064,31.701500857923705
104.04788261300916,31.59246964862622
103.79932782039609,31.542129429787465
103.68168434271651,31.321186099056206
103.86609895601521,31.340251718231315
103.72027041289266,31.257268044567937
103.60418328619252,31.144033865076107
103.45226757679072,31.367383595821284
103.39699176616135,31.33261452636322
103.39816237435707,31.067616127291465
103.09935779739985,31.099111931969873
103.03611065847818,31.25361954302083
103.15182153073899,30.678441722640798
103.6408463195539,31.29572896091036
103.24013971599952,31.337732614052797
103.7835162465159,31.322363188173416
103.94358391376826,31.644501090879512
104.04393008049686,31.43877960460295
104.00799515786807,31.688110246033233
103.86823658054942,32.10211089998295
103.89049254097237,32.500165676113646
103.9308514526424,32.09691342928723
103.98307023467531,32.41984549931917
103.83435861195241,32.05041376076009
103.90376063929645,31.549198794945433
103.91018242007688,32.01184800259925
103.88955145457074,32.37758267059032
104.13132161845552,32.32408452105427
104.4064447454079,32.283745837020255
103.83921708392728,32.2795302451093
103.89186610731512,31.949729346179847
104.07979595656798,31.662464226139292
103.74232641995454,31.91526161067847
104.34426133310137,32.552530650586334
104.72548968430542,32.629964417042274
104.5600454892542,32.61625605835976
104.86762649829033,32.512299454453014
104.45620408591618,32.80591245165385
104.43284465904499,32.67638446445926
104.33731087029945,32.79160563788517
105.43293738380903,32.76412520214201
105.34366724595513,32.818945872729955
105.53889673070135,32.859540302409535
105.48500642725476,33.056102041513135
105.20120286866936,32.65889707081078
105.26927511198915,32.84834830312571
105.57289318084229,32.96205185366982
105.44010646227744,33.09807532345728
105.29225584893658,32.75881867752506
105.3051102288988,32.78491004588706
105.3051102288988,32.78491004588706
105.3051102288988,32.78491004588706
105.03696925068978,32.685510364676404
105.09338957903152,32.596914036776255
104.77539082867125,32.749839641333814
104.06206901958977,32.96186666810597
103.75890153553695,31.80523455271104
104.02033998962636,31.61140913854669
103.7563903179749,31.84423244850751
104.20172205821986,32.227703376089856
103.6903148404254,31.987907586238567
103.86781660561915,32.38715936943826
104.16154026126055,32.35539450220287
103.9539806948501,32.76387668125393
104.47418580896226,32.70660716322963
104.28166426714806,32.16768845118615
103.89678609957234,32.49088699887026
103.87684076098995,32.31246187820235
104.25449159009118,32.3252845143008
104.72178360597648,32.653268411685914
104.72362035502158,32.78494290476486
104.70491731684054,32.56131114007974
105.25157947916803,32.77991354296291
105.31525703350692,32.985716189844446
105.51455052841679,33.05465507451821
105.60252191951275,32.99417970111327
105.39362338025381,33.00277649279184
105.28183269886821,32.8783743451256
104.8409158411535,32.59266601187984
104.81285781204714,32.54518925781683
104.81563708328133,32.68130755143702
104.56277264658485,32.57126417174089
105.28330989227062,32.90922289975398
105.27222602380515,32.7127854010782
104.97160174753705,32.69170608083457
105.06927673760066,32.580822401164056
105.22556690844955,32.95527825422343
105.41853393831161,33.1328646245057
105.41853393831161,33.1328646245057
105.40043726630067,33.09154258951405
105.1228151850663,32.58618294531794
104.44395907180812,32.538227882785975
104.02417558584901,32.57793282582675
104.22298826167047,33.0627403083276
103.953173325844,32.16279567989771
103.9752058058621,32.49312269151983
103.92943766694067,32.2275867467206
104.38754311143961,32.72653294839293
104.23355443007738,32.82874150327926
103.92354616044607,32.567209531221046
103.94313378962471,32.88132202262501
104.25875076813517,32.723861066929516
104.5170769552894,32.83276588383107
104.13524164880731,32.6590533247994
104.00310350385644,33.04728866052873
104.09876027294769,32.2553805099893
103.7294427531691,31.925025973360377
104.0517977415033,31.74361864309348
103.89968656665091,31.821804994809852
103.92686800178502,31.58279172230868
104.0427074359806,31.443010975457423
104.09496374660912,31.660357958610415
104.02853287532967,31.557897674441094
104.08029840735588,31.66167604282045
103.75811597396856,31.454464077869737
103.79774917489627,31.940689450702934
104.00902798546707,31.845633103548227
103.96906456975765,31.386074652502586
103.9224528926034,32.00756847204347
103.85861012664263,31.423196914170944
104.10446725500265,31.729041834477094
104.22767390627487,32.10382909572876
104.13519058069775,31.651383181553825
104.13635052630666,32.29388784822133
103.82590390159723,31.786955055897568
104.0034140885815,32.21774680464158
104.13507250672319,32.17150082180642
103.8939416747309,31.377756163110046
103.75975641094834,31.346009352398358
103.86463064952554,31.42681632333098
103.86463064952554,31.42681632333098
103.86463064952554,31.42681632333098
103.87731914396366,31.353990064564094
104.05385542445731,32.084649943436304
104.15069853110558,32.28302794496767
103.96502114725571,32.204486295809346
104.27318323435598,32.318985715080636
103.60208158380988,31.305104341141856
103.2795899402319,30.977201868984306
102.59099289180853,30.64771426426039
102.64534545277648,30.22619566717377
102.7977728521292,30.675896811513578
102.84796114885503,30.551440278082545
102.3525248414998,29.875941215939022
102.3051580368483,30.07379855406131
102.47412298687831,30.216050286513816
102.70867415734007,30.79848772166066
103.26440517887286,30.883715484628578
103.00651392218683,31.132654014146397
103.11503507813147,30.78361226035106
103.01312761420705,30.683597741369965
102.91682033435781,30.813458196129883
103.24550318699796,31.238675908807902
103.02315002581122,31.14389338670772
102.89075714556226,30.731913726533534
102.98951528430936,30.659740743654783
103.21633519531811,30.74152042260576
103.40087997690657,31.072109856772354
102.961271217564,31.120869662553403
102.961271217564,31.120869662553403
103.25560805247706,31.10135757543485
103.02784213063252,31.12155009887334
103.26028231022684,31.35095755991493
103.63861531025928,31.215301692777587
103.63536548255841,31.129348373363168
103.6091887389695,31.230222797602888
103.1355344094879,31.24061579915639
103.20470501362048,31.321816343085374
103.6589685050246,31.152857972125105
103.6589685050246,31.152857972125105
103.30807692787579,31.02293796477104
103.1333395381726,30.761029767650623
103.14623844874113,30.50637358769964
102.56373740727261,30.71128952588698
102.44200199794363,29.955696031075696
102.53580004964189,30.231111779341724
102.67955525813944,30.322970124070423
102.65882771673613,30.220930594239935
102.43466478487368,30.139345692879136
102.60799249456416,30.346786416038718
102.90454785305609,30.36708150332958
102.6132582971941,30.515140727342413
102.82443963710156,30.37076238646633
102.76546087550244,30.633959936482547
102.6416652383342,30.791348446587165
103.202503941369,30.74556879903728
103.22997325919796,30.789051442289892
103.06758504408208,30.90775597527454
102.95087328123961,30.51507821406815
102.60937882454834,30.705048917439285
103.05278740579944,30.495679171248586
102.85583093338893,30.58788397169362
102.8015219343762,30.64122215630903
102.54764540040371,30.275513036468816
102.40258085383277,29.838286144867205
102.71442815099778,29.613517040749368
102.70192881762907,29.579645081514165
102.96248699684145,29.436623102365182
102.96248699684145,29.436623102365182
103.03835313173185,29.51095970059692
102.67795453230536,29.629412012949775
102.43816467851512,30.05843243953487
102.963327494396,29.676029392436238
102.53255251506435,29.895042731649134
102.47565006369439,30.551142501629695
102.96515169416689,30.975311755526086
103.07609983520385,30.45626500726818
103.22446425745358,31.125682515876274
103.1437528834594,30.596433427905584
103.05511284663451,30.856898054206315
103.39122874849949,30.841020614589798
103.47840970426051,30.89073510358938
103.33848233366436,31.30963816201198
103.41406533713703,31.17457409321243
104.20165265292943,31.753089424565477
104.4274829733864,32.48893037061151
104.47653467553484,32.49270575517625
104.45993255212719,32.11705685669683
104.45993255212719,32.11705685669683
104.45993255212719,32.11705685669683
104.00120745712884,31.946117516600996
103.91292751312236,32.04493613014372
103.93183446609065,31.812217004807277
103.84107769128231,32.01718061027585
104.14774230794885,32.623521439233976
104.14366499703736,33.0914577845657
104.14366499703736,33.0914577845657
104.19517417494657,32.84664998992362
104.086113022681,32.28343660470189
104.10364445980467,32.19532190895828
103.89667592178505,32.24161825902852
103.93202375859644,31.69656818867354
103.93043308058893,31.3832544329171
103.89001863312417,31.36337663509202
103.82792382346777,31.589633658160903
103.8441643577091,31.310247616160318
103.85079860480818,31.571266690348047
103.7762893183401,31.279993331878735
104.0269711704697,31.934656243459866
103.70347889054108,31.85827664255659
103.96238881096743,31.485851638343156
103.89981865168464,31.93370639701764
104.05875766177748,32.27230586753979
104.39032876784881,32.722350168850916
104.34118851979261,32.8819082324652
104.22807853715024,32.8358076983884
103.92115754027687,32.82473359807807
104.26136352493513,32.98256442668332
104.21750057193194,32.838293995799546
104.116875641942,32.809467059650935
104.58023830680656,32.845412906486075
104.05695327771825,33.07482819837617
104.03333534200573,32.76868668191378
104.0950639087071,32.44140516591015
103.69859032221184,31.843978298825196
104.13518863366113,31.714185250266155
104.18576146594195,31.781090563133738
104.19662790228763,32.143968810659445
104.06553269423675,32.05405353718988
103.86495900836263,31.489762062220976
103.77110794545497,31.34506383348538
103.97224687260731,31.54707104032997
104.057076061411,31.46900522400736
104.0058465799913,31.493027588680043
103.98699760214558,31.48503818674152
104.08118046167263,31.620850179736536
103.74045108247856,32.137283492649
103.84765096057357,31.85070635831954
103.79097374025504,31.814212017721836
103.76236836591956,31.469591640569835
104.07735209893899,31.59148647515157
104.11366935755237,32.0543704895807
104.79090213325023,32.752446296920674
105.21613634634785,32.78694148259626
105.44730615530496,33.1477049903027
105.32839706122549,32.867575857922
104.94308021109879,32.682453492866486
104.47375166215893,32.83810982864949
104.92137083744421,32.534014987065994
104.83445576269432,32.55797253187634
104.04837814131314,32.17199515225021
104.40146366723559,32.631033009158536
104.33003404798649,32.289617996538205
104.56812101419905,32.45196212700559
104.47286108449178,32.59867817783165
104.53275595400666,32.54240860004082
104.72903267081348,32.510989625553194
104.99824926251775,32.57761696956101
104.14988947511536,32.73987236097288
104.79892108912534,32.4862258917881
105.20845386499622,32.686104203956056
105.33534672203919,33.02401643701631
105.12240911756388,32.66156653109121
105.21606949046937,32.874331102673644
104.34375272692365,32.77456853898754
104.40934110959421,32.27341012807969
104.13686127229285,32.222509130732256
103.852660680705,31.9941275975358
103.91325106776608,31.501647572833846
104.04889917070045,31.82603423842626
103.79133124572188,31.376743526282475
103.72597143880785,31.95353301519013
103.64615578585965,31.1854185200368
103.81752699881662,31.44548481450548
103.79919178305342,31.394074160672403
103.91134033233466,31.453360807216562
103.92510894163071,31.939154191984024
104.02077989001484,32.142105529686695
103.69175382709447,31.916262984344623
103.97359956860325,32.1905905081291
103.91728776570626,32.36745716132884
103.93107042744339,32.90615229697623
104.37933228760161,32.665082411184464
104.26021606823804,32.62147713277353
103.84890830984085,32.54167195572667
104.05188489904627,32.56947381994856
104.15922273953217,32.69507023346831
104.12721668321923,32.36890183948572
104.70789526373471,32.69696923451484
105.05556475105314,32.66384988537043
105.16987785181945,32.813516271152054
105.39833911208352,32.738539767436635
105.49305167153422,33.01682112967046
105.53685049831773,32.9406471508272
105.30768341765628,32.71728915210109
104.43005521283504,32.74688420477496
104.15627760115028,32.53750755211184
104.11122965785589,32.91932376814934
104.27064353407748,32.201599772213385
104.12733888228243,32.80807986868858
104.45511078528916,32.66736372168755
104.57453826374675,32.52501565363912
104.42224701779325,32.1103166526839
103.8449673910683,32.368654044681605
104.64554528534187,32.79932202950065
104.82150309698565,32.58383547054008
104.86213590607763,32.64130916055929
104.77522000392014,32.7136593294819
104.82236523045857,32.671801608043275
105.02028332380549,32.58910931677508
103.94239247555893,32.47637526778005
104.36727602748817,32.62924046882344
104.71206654747333,32.5684784652833
103.9318293081519,32.83671865093273
104.76995666496782,32.76075864344072
104.48362471370801,32.576127192153955
104.52664203048164,32.72318349704135
104.2268996776644,32.23052383535086
104.40174544839451,32.11969800709234
104.35961941298567,32.69225332866946
104.56320643341563,32.5012088272125
104.16466820324408,32.32096022904586
103.82796125101162,32.469626269145124
103.9468617051516,32.802749908941124
104.2977224833003,32.837115792448195
103.92748061179358,32.180964511138846
103.75584611694923,31.794480103620607
103.96134990433616,31.64726315565546
104.14630684884612,31.675361912005034
104.29378685212886,32.638807274083625
104.60988796646133,32.831719829799184
104.0380729534861,32.840132316552555
104.0380729534861,32.840132316552555
104.0594231910164,32.75842384660914
103.96108553206894,32.91597315009958
104.14561722767034,33.11489222636092
104.54321825894246,32.75218513197813
104.36468286760271,32.68409012220888
105.14540245688531,32.832849096806065
105.1153660066891,32.612646133453005
104.76861419974483,32.508392262086566
104.81853331703594,32.81305847053488
104.31441196824356,32.5660849501684
104.08537716577293,32.489325258965664
103.94968368795324,32.50625592595261
104.083212493775,32.02921413340968
103.7423806816392,31.32249927961321
102.99891423556545,31.302738116338855
103.31247204368013,30.861775974669857
103.06397566508102,31.17515530653992
103.06397566508102,31.17515530653992
102.8896567286713,30.54917804105756
102.9996257604807,31.22382837284156
103.21995495130285,31.19855641097054
103.21995495130285,31.19855641097054
103.15686591520974,30.661780661426256
103.29271520979877,30.85785800059577
103.30886720533651,31.007541971622683
103.63250421504172,31.1233664248501
103.26364467249775,31.37189864411429
103.05549161039838,31.04157170796787
102.99503291111976,30.98090296130332
102.61226018684819,30.74774367749348
103.2571230220515,30.716192706568677
103.34944623703285,30.802409929770995
102.51095338622952,30.746584536735316
102.5059386153657,30.16558867292836
102.88732586183517,29.601935332807034
102.91690242061759,29.44886957514489
102.94708075202635,29.59457243910895
102.75069087678523,29.612129355011906
102.40309219954952,29.774642717294455
102.40309219954952,29.774642717294455
102.43264485128213,29.996164512635318
102.41527848623016,30.1156424427269
102.40688109943592,30.19561686479708
102.7946408601821,30.438409525938507
102.3885028193069,29.902407470600608
102.54600420268355,29.72054771976979
102.52644878472255,29.94983674559021
102.41367953105029,29.968423324394806
102.48986217408968,30.302953785699398
102.4027499129562,29.893344911155918
102.6571299284466,29.977942564178807
102.67071853121412,29.615281865485944
102.68925632201,29.65767702383003
102.9882603711003,29.488197454031024
103.03418991471133,29.4551368776244
103.09884902210568,29.498815601225083
103.09884902210568,29.498815601225083
103.09884902210568,29.498815601225083
103.09884902210568,29.498815601225083
103.09884902210568,29.498815601225083
103.10324954175101,29.440779219228023
102.92864578100462,29.65818929076877
102.82298986907493,29.61154876057953
102.96120205707098,29.600798366230492
102.98946109749006,29.44696154549626
102.84185279578,29.542489108183343
102.84040254260405,29.605894290995522
103.12562427497704,29.533857882032173
103.12562427497704,29.533857882032173
102.80106180565167,29.59128468109426
103.09092644872851,29.43210047602508
103.01249764544312,29.50585940488542
103.01249764544312,29.50585940488542
103.0013738159051,29.532232672177194
102.8790457528319,29.582080755090473
102.3268347612349,30.100625096702743
102.50799310956162,30.554789601043034
102.92938670596136,30.690195071723537
102.8494205546458,30.472013741072864
102.61476987319362,30.242408963486692
102.53357096023625,30.03539872745872
102.3612400217737,30.07536280452878
102.45004443143023,29.980718123501266
102.70969259377893,29.623072430015466
102.50170436995501,29.67275427107383
102.6013208548772,29.91942841285921
102.37597862633652,29.77127854159382
102.53253143341671,29.655399487182343
102.68414064155508,29.60098898012273
102.70524220282144,29.709098213523543
103.05188103995319,29.480467729293974
102.70598473333415,29.69961282274182
102.67543917365604,29.613157904637347
102.67543917365604,29.613157904637347
102.49294163333408,30.044383142163234
102.42315456941442,29.935160469008302
102.5054871945915,30.157291525580224
102.37217136207254,29.894971472225887
102.61651955904652,29.997818986546026
102.30491456829874,29.872568448599736
102.47333195270176,29.713908346292936
102.36135048107778,29.765351127543497
102.36135048107778,29.765351127543497
102.47858799680665,30.40196066580729
102.58069687238589,30.459099246180244
102.58069687238589,30.459099246180244
102.74661890676335,30.240280059671313
103.33402412168437,30.836259289130023
103.15588429481407,31.15345024624329
103.74548127919878,31.27580280281545
103.41048587356354,31.25928824702292
103.04800212754394,30.90647252668517
102.98210265654812,30.805458089939716
102.98599824061347,31.10832209297859
103.06658376420438,30.764546616453252
103.1078628078395,30.87870740703037
103.06273177949696,30.613602569895374
102.57746199626061,30.478496436269317
102.37165872497121,30.206769943121014
102.30792969946089,30.151636953686292
102.30792969946089,30.151636953686292
102.46873121432824,30.174478190452334
102.3765476352042,29.723286285096513
102.35714682380546,29.72076391809332
102.41156884331906,29.740357223837194
102.53367089799261,29.90341915047998
102.956225327654,30.48527689921984
103.18898240874566,31.260847742204202
103.2617770650857,30.78674092297499
102.60434160615371,30.83683552682284
102.75149681987382,30.809947248122114
102.49414679745742,30.585534167802766
102.95406773996028,30.81991124997687
102.98336635507094,30.493896339709416
103.58676871544164,31.211989027234996
103.64466324642407,31.201479441137852
103.83440655708655,31.5858133604468
104.10483900615436,32.047172329493904
103.80234577339463,31.577596456130138
103.82570152837543,31.58391811675301
104.20931723921143,32.2982563627505
104.21582809892044,32.350986713376074
104.78451824578589,32.74595300006175
105.10240003479748,32.60599090429645
105.5472509721781,32.90198231792856
105.41243058109164,32.81573040874879
105.41243058109164,32.81573040874879
105.2254273093327,32.67984909875463
105.42885182793808,32.87932503429099
105.30450350228786,32.85690959372965
104.37200385064163,32.82662098939439
104.14702795543674,33.12572053091141
104.28612088532869,32.72959092036915
104.44088818937855,32.50348970848026
103.87774413565147,32.582236983360815
103.91257237989107,32.36672216562556
103.94634748672559,32.04623942791841
104.06496197761676,31.60514411718782
103.94961877530234,31.884566840162876
103.8834666017559,31.597496106053594
103.60246382781222,31.300976728850202
103.60246382781222,31.300976728850202
103.38740632063933,31.29293885963524
103.21080021362899,31.325819510796972
103.33551459269079,31.183928102676788
103.33551459269079,31.183928102676788
103.02275317489948,31.1628385244384
103.10758000699191,30.813257014646968
103.09714546744952,31.091872611166455
103.3035318618831,30.77849260888372
103.02626690357022,30.626162931147558
102.68571715398116,30.2063845935927
102.75517255439757,30.22670683672676
102.56014330461534,30.122873592030412
102.36278744977966,29.925608661043402
102.37722603165139,29.754327561411966
102.48211205227804,29.71279434724484
103.10718524868236,29.521275415787905
103.10718524868236,29.521275415787905
103.03076785957644,29.49470355687398
103.73845731924504,31.81137619402479
104.02167170110317,32.08213122469126
104.25031589811655,32.099527291944
104.27647932941501,32.16278005983401
104.01473236470142,32.589674556491666
104.04929776669985,33.10780311827535
104.3399756826313,32.9189017433301
104.49936127915058,32.6713588722425
104.43471443336216,32.3075154257161
104.00389835242815,32.76541403544721
104.56384288122817,32.47493869121053
103.9004647368115,32.266021728188505
103.96935580675289,31.878088475179755
103.83309460842838,31.59123220299761
103.73071270892545,32.105679388111696
103.89170401997127,32.20927192724293
104.26241683999216,32.877916122083555
104.24058890877771,32.90426777590146
104.23163710663842,32.83830497197609
104.33368548553518,32.70443447141118
104.82178057692408,32.517077030497916
104.99517244783593,32.74793159049314
104.47038470670437,32.549955734950466
104.77207579913357,32.55425094489148
105.1664291286685,32.619334588314516
104.96791447945316,32.69249834666958
104.54482200852163,32.635787190922386
104.61296429060047,32.73642943424473
104.1133717656056,32.25752776997527
104.06216559394825,32.138627048053834
104.29820520041858,32.15921096412757
104.29764990735033,32.192269769397214
104.2433887525921,32.9534091833338
104.91863785126526,32.61464239216054
104.63012879577549,32.57292460550017
104.63012879577549,32.57292460550017
104.7323173228903,32.84117796079608
105.09632693681247,32.65455080449432
104.25426979756091,32.81508513496347
104.06618167540773,32.41380882945768
103.91507011592883,31.91493787889735
104.19100444042388,32.13041945308256
104.18473568609528,32.20480362808484
104.18473568609528,32.20480362808484
103.83671742403203,31.794384591115854
103.87468589082422,32.56495895045521
103.94472844184705,32.494561497284394
104.28280385937082,32.61738029570689
103.95255737060418,32.18959049652855
103.87956779621302,32.360990467031584
104.1300758918243,32.19082065078904
104.1095306146554,32.04841593949462
104.06069389912152,32.33982587840708
104.42174961495054,32.58289803684015
104.09381227162335,32.88461862828219
103.88907939913474,32.631786655281374
104.13499590663052,32.28638189649511
104.34473399261982,32.162457424842565
104.6783953501892,32.53368657291317
105.15093736772067,32.908017038935476
104.86742304423315,32.58547051945874
104.87145435853701,32.52783736960387
104.46146887306458,32.68237952136034
104.43249894478932,32.79113910014393
104.90809214082725,32.58259560140246
104.68402331255342,32.46841654459796
104.45870185228954,32.8708007574575
105.10492278256125,32.594586981085726
104.86231371998535,32.701500452133025
104.75528944621361,32.75131849380539
105.08294361368391,32.64785152871066
104.7313775644403,32.553049084085536
105.09003596273631,32.61816332153153
104.67174177785427,32.64779136587174
104.42262244295125,32.61118929979487
104.4089958414975,32.67070991505695
105.21840665766571,32.930973282972055
105.11918492699937,32.636223420341054
105.53325236806286,32.74764207127615
105.22893358629521,32.78564714919405
105.22893358629521,32.78564714919405
105.595873733193,32.890061348015124
105.25968961374085,32.77356562189393
104.4137372020491,32.85838816123634
104.4137372020491,32.85838816123634
104.20943044731179,32.18932680082007
103.9150050001408,32.71219476635077
103.91023900873047,32.34335407235071
104.19693535673356,32.90883523654331
103.90635026540478,32.606672614866845
103.9707203386053,32.76942321203035
104.27863535853577,32.932541968701244
104.09739618376001,32.9207295074913
104.27368480915963,32.23309242100354
104.20925727700919,32.68170994160833
103.95086364146667,32.726814415512614
103.95438137640612,32.81583652764296
103.95438137640612,32.81583652764296
104.37882986743439,32.823668616523676
104.09459680549024,33.05817466958811
104.13352992885508,33.04575271502117
104.60175008067291,32.64893630201419
104.31767124498688,32.30395765071682
104.42064391101688,32.10964800696658
104.79471407721654,32.56020955808345
104.8819874063661,32.57753852086361
104.32089220476561,32.80611072728807
104.40899335781675,32.59499393942375
104.6797524110765,32.74264987589847
104.99361845055974,32.586925875270886
104.6432825775508,32.828502997810745
104.34561874610142,32.790300906686255
103.93991216454333,32.57844792252871
104.4474870607568,32.95093084902719
105.27916703313454,32.80438514821993
105.14005848587615,32.70673218632376
105.41005333954296,33.09360165532311
105.2839645737548,33.00460917979765
105.2839645737548,33.00460917979765
105.58785928152056,32.92600334053839
105.33471983847647,32.900539408834746
105.33471983847647,32.900539408834746
105.44399406313491,32.77994244659243
105.39504230715234,32.8969766839872
105.45248805173499,32.96690582192988
105.45248805173499,32.96690582192988
105.23619646684304,32.89481522467099
105.14430319613673,32.851633595744104
104.41733778787489,32.95617783106548
104.21567305702055,32.784033417417696
104.53143544306508,32.88087249607158
104.79020768409299,32.73341845685631
104.27940544852613,32.79206578974815
104.93373423680877,32.642569943107354
104.68439582399343,32.61422136470769
104.42009300180597,32.95479373447373
104.5613738078633,32.56172686369613
103.98755837572529,32.309963039063845
104.04958682470229,32.182223485269546
104.2559306058619,32.55102542325283
104.11170631673791,32.86873061607401
104.07079626099993,33.1655719083638
104.05146357228368,33.16150781731833
104.23972090771524,32.65780388593458
104.2644710255257,32.928166875254
104.25871191714302,33.059192087896946
103.92721276189583,32.75918680327686
103.92545140824656,32.18851513201727
104.0284974055207,31.874415431472773
103.75149507892029,32.01270262611848
103.74014161029558,32.03545122576192
103.68787739227751,31.905738660303566
103.96858210233798,31.721717361277012
103.89581672625486,32.12558256384633
104.01345595829946,32.13515769894004
104.17852695968254,32.5874695957062
104.69627968203221,32.74037514613792
104.89135715632774,32.74690495902785
103.90880094948068,32.59587630388532
103.85848565338134,32.539034346851096
104.1060863735905,32.48094264814107
104.02757585172013,32.297045960094756
104.07667483484293,32.16820860124688
103.84323286053285,31.840151703832635
103.72059682747106,31.344927981069073
103.72059682747106,31.344927981069073
103.59332158799845,31.18930530017851
103.10485548765688,30.869672857548924
102.81418431750079,30.522570974464614
102.69341262295384,30.31425984147317
102.96741570055327,30.45179503719299
103.02053015388307,30.56971342503539
102.62517520669857,30.78274209218704
102.67757783401538,30.827190793852957
102.3234305016279,29.88724219688977
102.3069610616615,29.98150039083993
102.6736654856175,29.681322168152718
102.97352699625486,29.514242839179584
102.79383452722982,29.620242166407227
103.06753591656228,29.48310194207847
102.981975892648,29.538739526912234
102.981975892648,29.538739526912234
102.96626876850333,29.431971067937454
102.93514375024156,29.657601596014878
102.92383284841341,29.59558731025274
103.1168695161666,29.52549310745286
102.95330126532603,29.550078981898302
102.59625133763868,29.648952466385527
102.78920431146375,29.618537798425134
102.78920431146375,29.618537798425134
102.79040615056786,29.535588224867634
102.79040615056786,29.535588224867634
102.752503760344,29.586793136992686
102.752503760344,29.586793136992686
102.81284591319304,29.545334870101
102.81284591319304,29.545334870101
102.790709861969,29.492445302125716
102.79834870500521,29.6164318457688
102.91022889301144,29.41876920659315
102.77262077790058,29.540185552185186
102.84482413077757,29.550435851603044
102.99797568924005,29.588730301184967
102.46505732587082,29.72867599815123
102.47239924206316,29.960470776933786
102.29092192839309,30.125153201501107
102.37595666092992,29.979687847869293
102.76999428413185,30.17381529090797
102.48675328051031,30.053862521221983
102.57578651343289,29.953846212511433
102.37646255792723,29.908829942802857
102.59377159209286,30.213266995726563
102.60839109808902,30.22498088765807
102.70891241381764,30.89911856293464
103.03953792817043,30.995322612269437
103.16345968622336,30.857705514536914
103.19716145114545,30.852174903968464
103.14863024152473,31.087016392376377
102.82357822521116,30.697761787068774
102.8626086036194,30.43905505553631
103.31208085758021,30.87957255444514
103.28080105972684,30.909867421658493
103.07038972316663,30.784527541714677
103.02800560175811,31.26888037752502
103.0971076516731,30.97452930106463
103.5364449394793,31.22751573984034
103.230723402979,31.045993904180023
103.36471988817918,31.29939899043341
102.97859321772437,30.816275457404313
103.24017171985928,30.920208508731807
102.97074461208875,30.92207843436565
102.76044652418969,30.5896419200279
102.9379539463715,30.970062835646694
102.65066920818762,30.749949595446438
102.68426885611332,30.619096611899874
103.02637460384247,30.419160348039984
102.80793503700129,30.472794679558227
102.90079781307996,30.491120883342045
103.0035897014065,30.428470704116133
103.20077384216603,30.765472596591582
102.45495775171524,30.412326613296383
102.45495775171524,30.412326613296383
102.92629569918115,30.750500288124872
103.02542578959144,30.435664526349793
103.14693098494138,30.51747580336332
103.1826845560935,31.209377052614766
103.57824506672672,31.264794350628687
103.32173423442748,30.98789071365968
103.06248704417,30.454687461945653
102.5027913270131,30.360878470804934
102.53842190869604,30.480521556983046
103.15988862220563,31.029690381936838
103.48870703216654,30.88497186160013
102.81470472817212,30.601183377102235
103.1450143239961,30.82400502224823
102.99474797317131,30.9887313498037
103.21201578732108,30.918460891762376
102.72070287171866,30.60112195303061
102.91363592974054,30.479317878139536
103.04385605411674,30.489160968730907
102.93981647747972,30.706796617480478
103.15592807973296,30.652041990705715
103.23167106414277,31.237691077415736
103.23167106414277,31.237691077415736
103.66355170560017,31.160049845098765
103.91994758960969,31.393767729117
103.81266381902437,31.493727686926864
104.09209248366962,31.57212838155337
103.8474026612539,31.60019567011486
103.85328113027917,31.92882594332138
104.26645609513768,32.053623424612496
104.26948182941894,32.094082712806
104.26948182941894,32.094082712806
103.96270876905515,32.041347855627755
104.3664895943931,32.05591278954023
104.3664895943931,32.05591278954023
104.07758952318103,32.19241845092845
103.86147130438336,32.5842648096379
103.84979974399172,32.457248158217205
103.94930144378611,32.74869244738238
104.17747707606308,32.43960400471568
104.10804134074077,32.41211978739025
103.85836606737377,32.20304548065774
103.9095431314921,32.3646841150639
104.04912837878452,31.8905199230509
103.68573747602214,31.312207264652614
103.68573747602214,31.312207264652614
103.79656469656337,31.4173483586805
103.79656469656337,31.4173483586805
103.40652665117733,31.16198329474019
103.24167560401673,30.846671804086377
103.44013103133203,30.886512836830356
102.94432325833067,30.603667796091607
102.5107860062734,30.34579983640353
102.40445402232756,30.042039465918933
102.40284789680472,30.19032364927475
102.48088638058452,30.303075846201104
102.97894632659138,30.619897824782374
103.27548585555544,30.64882674250021
103.27548585555544,30.64882674250021
102.83640478812086,30.88712502381179
103.07079256231539,30.77396056298893
102.9487626633684,30.7716594393838
102.7650014478262,30.806979627259903
103.10804669779712,30.57992970720686
103.33612730652065,31.098407075227517
102.54767464296529,30.51850151488759
102.57488464737894,30.106348555890417
102.49481892801047,29.967802747060563
102.43012996065096,30.22192744653423
102.41879554232251,29.776747687178936
103.02906755932864,30.442877108219687
103.18028122871597,30.98900784510234
103.14732830415403,31.132931564993168
103.30619228319122,30.799739533851366
103.10035870420202,31.071388747068433
103.20733297920107,30.855356388642114
102.99967316715373,31.125191465339388
102.76568818040222,30.904776741723573
102.62114387315336,30.84727657068134
102.60186649819914,30.326615957435273
102.36658850026157,29.98119709128085
102.67120815180478,29.720598547026142
102.62190107896029,30.218819958300937
102.6255442061492,30.342848096015427
102.55689358590021,29.854673796665587
102.6627378607152,29.93039794571582
102.35149369347306,29.94578750307557
102.62997275121909,30.172433923191292
102.72280495680026,30.368287379938284
103.1905246462443,29.478980660694123
103.1905246462443,29.478980660694123
103.05049668379539,29.50709827488286
103.05049668379539,29.50709827488286
103.05049668379539,29.50709827488286
102.42436452172825,30.006936784773732
102.40928602156428,29.996030409492924
102.55666224323329,30.075938677524857
102.32295913767899,30.09926552096241
102.49112831006659,30.789614098208286
102.98993986189492,30.594442394060287
102.79133874152424,30.469020538148783
102.544088870816,30.804658238577932
103.14087344002519,30.837882039991317
102.71579976784037,30.71354944110041
102.56875412428981,30.15136499802342
102.48433248506582,29.87076183817452
102.59584886989427,30.130949931675516
102.97482386500273,30.707329538152752
102.85568317381106,30.766340942055056
102.52134586857979,30.79315595433705
102.81876949097396,30.629232498398935
103.00893219744479,30.782755459206474
103.3121313035832,30.655171223233868
103.11165611629221,30.446108069403216
103.11165611629221,30.446108069403216
102.56713884240219,30.45210420600941
102.89399910798043,30.412370971213566
103.28573125329969,31.073040781334406
103.13616599222979,30.76130719496578
102.9378066611608,31.13498626334649
103.36660247915312,30.804913566710127
103.23873856911543,31.0213654724266
103.36441277985276,31.25538292708911
103.06134895957842,31.034185941771295
102.98814503004913,30.833813590242144
103.28919319448518,30.74115858860825
103.09478431270047,30.759592628937902
102.98912104492965,30.832162052349183
103.43850551981446,31.17855904624084
103.7687421365811,31.32738093899521
103.85531213077294,31.37450630473585
103.82258324964143,31.473325325825815
103.93007365645988,31.696172739482154
103.93007365645988,31.696172739482154
104.14864821516183,32.20614706934047
103.8427641139047,32.016222118999536
104.11136021075546,32.244835833000806
104.14153549426986,32.45395850866499
103.7997463807338,31.460277232419447
103.9110440836584,31.707773366869056
103.91659726908524,32.013718746280894
104.08497677985629,31.758780524847783
104.07565357045966,32.2870620871412
103.99078011084828,32.27836253098232
104.10174356247607,33.044767759557416
104.08030319694844,31.724564500530303
104.00543689601396,31.541550813782038
103.85903736191301,31.343894864397104
103.88280751512448,31.870446276667046
103.98634543671056,32.25174756942512
104.27086794399365,32.26158454571753
104.1438370946695,32.29933445898248
104.14707933472731,32.62706596469013
103.82035872903157,32.60529925239212
104.0925528206095,32.79618859816428
104.18502346548112,32.59817854011031
103.92504797898883,32.70909975178845
104.06162956613721,32.25504782810531
104.3231524254878,32.24197833466237
104.62239029928575,32.59021876232897
104.84458052480602,32.70431156468347
104.6812034731147,32.4684422786342
104.56062994038004,32.6781561401923
104.08369864963771,32.36990140425969
104.14797632310875,32.389992937713515
104.14902756391794,32.3261829482618
104.06813127629405,32.651451511667105
104.22552669739773,33.05047925251855
104.42944232433122,32.838868842663295
104.67154553492884,32.748740246302305
104.74768871156498,32.51839412239392
104.35784344675746,32.672630002823276
104.65107566771196,32.59428442900752
104.58915744018405,32.70034148706746
104.31260192536602,32.64460912059449
104.18083551379209,32.955080220068716
103.8375916257169,32.599693891094425
103.89408771234585,32.47923604120015
103.83921622448997,32.61491462009376
103.94109932987655,32.49560481827649
104.47186834573743,32.803317571022085
104.05345834139752,33.05446229657346
104.23883021809944,32.6135710667555
104.01821961875945,32.53624158311242
104.18110838915914,32.17099254425113
103.88331940505826,32.401126728677056
104.03578600548579,32.49557369810522
103.99820397252412,32.31926124377737
103.91925842907312,32.11178958959158
104.18468422667249,32.661393595948766
104.35332566768315,32.568149576271075
104.02971227241163,33.139702259779284
103.87646872195997,32.66985120108456
103.91244031105614,32.88270590395008
104.10109480700925,32.731696871619135
104.13671784513619,32.41088371590235
104.2020196241104,32.60836058267769
104.05468016644274,33.0157351476692
103.93400644133862,32.531574202743066
103.9551789478755,32.5799125936854
104.14267448809805,33.09577235620873
104.14267448809805,33.09577235620873
103.93507670281922,32.908432649079806
104.07173170040863,32.326497781322416
103.87643378814161,31.78853960464066
103.95668782079163,31.554554846152413
103.81648380728579,31.86483730355406
104.1127958389789,31.69566506826741
104.13996432416427,31.666663962578674
104.28557851305065,32.10073534870324
104.14997955379678,31.64170665191171
103.91035191008025,31.972481184395935
103.84804863157193,31.606347915063893
103.94860305871435,31.996060493449406
103.82163121279675,31.84455389225943
103.80612211484284,31.48326356294464
103.37016401128876,31.23104187512551
103.27673864097243,31.217103543444633
103.2310074013573,31.220381043395765
103.36493665369093,30.906887228809456
103.15264241201112,31.245372227273485
103.26517675503496,31.18883663996707
103.69412200080392,31.195369815766245
103.11486189431193,30.891248774345822
102.73209782653203,30.609057520155623
103.04426760801864,31.140824719416102
103.17963858446112,31.291708518261487
103.31769617153782,31.29655515236627
103.11556460428794,30.933135824895775
103.15015745320211,31.273998987152176
103.27981445227253,31.07046615950473
102.96088563649013,30.714580319667878
103.15369623025397,30.52006931845582
103.22532916713018,30.601590652276073
102.56160840507906,30.268596269019973
102.86742826221004,30.91953470160175
102.59794910638196,30.66245523578484
102.72245600367431,30.306109188265776
102.90299519644121,30.826107686867836
102.97375802386102,30.893206067509805
103.08817452512044,31.015693454796118
103.10221480075792,30.642956901585745
102.7452660257244,30.566308115559096
102.82713544147109,30.706377522158242
103.20452740427562,31.03927275806744
103.14884930979437,30.87534034140187
103.05118040709071,31.118710318484666
103.01211997923888,30.837593278269143
102.97766777810575,31.186585263335953
103.32706066601526,31.09424685898323
102.50356690493903,30.529404693621892
102.52739740021548,30.338700308242267
102.47747910742578,30.244663804215225
102.30555928216529,30.097612330700862
102.42544368570775,30.027125920638923
102.57325808029256,30.21843351744729
102.41065310878788,30.166372161921593
102.55814925296458,30.33744913702294
102.53475991727986,29.70896210558533
102.44500641142588,30.135578707319024
102.42847161708535,29.764938029309455
102.55453806946272,29.656065682370677
103.18189483130875,29.436149468580062
103.15004916892323,29.500404594115942
102.89069181665809,29.484858696279147
102.68854438130434,29.69214415276502
102.46113925519911,30.002768687638238
102.42392004407344,30.208422934078307
102.72359319555733,30.323071989062516
103.21188900970662,31.32197106848911
102.96370830431593,30.880988441909974
103.01792221405435,30.56904695588047
102.89044087208356,30.782076828735665
102.81622852384098,30.815106716280077
102.72263057366426,30.916626473611302
102.57424379248903,30.807015128671388
102.54724114676259,30.425627276563585
102.6043643363541,30.457278787245084
102.64766143774447,30.483161217571773
102.91938091420553,30.3704145882908
102.52746769980479,30.196231471145186
102.88623334203034,29.51057204495485
102.97555773212859,29.42349119142766
102.9676180012693,29.621614558418365
103.09338729322441,29.481461910988124
102.96334855833805,29.43987533276197
102.70429387481738,29.628683078874612
102.89343477647478,29.50789147114485
102.89343477647478,29.50789147114485
102.89343477647478,29.50789147114485
102.6984995300025,29.708456526425262
102.78052796747245,29.563991417675744
102.78052796747245,29.563991417675744
102.94686718880604,29.661878793029306
103.13611773344323,29.494317221261166
103.13611773344323,29.494317221261166
103.13611773344323,29.494317221261166
103.08950291473766,29.497967154691437
103.1010654935916,29.500250570053115
102.97120759185344,29.490256520663372
102.94716072550735,29.476348546214084
102.45485289490075,29.75640217143586
102.43427070271575,29.991338366685497
102.4080126865737,29.848110159723905
102.4080126865737,29.848110159723905
102.6499822656424,30.687416162438826
102.7282282611846,30.787065946528564
103.12248411442827,30.698635327833863
102.60593348456115,30.10131179866026
102.4664930228134,30.525047797887687
102.44337499805809,30.23907570185841
102.44337499805809,30.23907570185841
102.6545880072867,29.93858331011581
102.69179495221003,30.272733423940217
102.66633174477857,30.452385602699177
102.72341924680231,30.68648953140491
103.08688848194066,30.899359523703197
103.05693190351462,30.484644962299612
103.08053909202553,30.53314361138207
102.71996773621039,30.666879171126862
103.29994197268994,30.715182790255337
103.37974915572607,31.25683316613392
102.91575907476789,30.740399214940624
102.79263025522438,30.842075280766142
102.95633505487213,30.83480233661774
103.07656983242407,31.237558747068615
103.4282950496962,30.846011388957404
103.1339380992977,30.6818505496949
103.57172883173467,31.20695524246373
103.92542621681271,31.716398035093512
103.80940424636933,31.418328570139156
104.0498325480107,31.41422892303092
103.75933554301078,31.36385370307568
103.62237040978772,31.173300394369804
103.45080974865886,31.405774039556487
103.34329985238988,30.69027888536261
102.91239433099217,30.593232244966885
102.98390917857121,31.171650495473273
103.18263717742924,30.58913691798485
102.59112976014863,30.452516384408327
102.91825315570189,30.773886063354563
103.04483936284183,30.737211341655104
103.01421812880422,30.499085016352957
103.01009782459292,30.556190921235476
102.86469630805901,30.332880583938977
102.9348537655829,30.608728066631205
103.33319621857645,31.257142515952708
103.03266842677274,31.02189730039272
102.70752791492646,30.29688923978395
103.15784592197775,30.938552288088214
103.2182624819624,31.06950456135217
103.85198720236951,31.4761134025206
103.93791510836597,31.9409378587251
103.83447352457605,32.30585101353963
104.61189656953606,32.864131326160475
103.98056548301136,32.42996802146814
104.1322387054611,32.34312596161023
103.93490778569151,32.20324017160016
104.04897629666053,32.04904259000323
103.95870979435085,31.92202875202418
104.14724573416547,32.435349743598806
104.12021145571232,32.9617687133314
104.03118621103307,33.00146989309726
104.00674910023709,33.10224800613823
104.07865419974199,32.658618153514986
104.02650137211783,31.836645065466413
103.92185477404202,32.011968289542864
104.11984074701552,31.690793503953664
103.97336483697067,31.707605305717422
103.98950152886607,31.71087171733834
104.11334180726857,32.180353679222776
104.25073741442519,32.19749974009559
103.92907883242123,32.535872025973525
104.30360592895438,32.737684199986376
104.06168194846072,32.59199080576675
103.930560663391,32.564868169832195
103.81470963295553,31.937483538629213
103.703120250549,31.96420484477082
103.84401194517376,31.84681682330656
103.77296841297685,32.00960877441958
104.26016257583865,32.34549412573674
104.34644874817089,32.238861619471855
103.99842548559438,31.94491872448022
104.18839905675823,32.65811566289123
104.2604242843882,32.805979211141675
104.4136922010676,32.703734129421186
104.21431542815336,32.9103783814416
104.68726094900258,32.67569514952515
104.33616366684238,32.25512225927856
103.79643374173996,32.10371666117716
104.1383786513062,32.206060737532134
104.29888462904074,32.741097074965964
104.32887262521673,32.283601244565794
103.85382279962941,32.459184419823195
104.30313925652496,32.92572732221787
104.26198101037153,33.0094044833325
104.42070049913633,32.483491056243814
104.39507042075871,32.60122980559477
104.4352117278249,32.12695742611712
104.12374215472491,31.728698809839074
104.17635640569807,31.70888039396981
103.7593831049953,31.284572896045038
103.7593831049953,31.284572896045038
103.39505764852096,31.289397248441492
102.79039482791835,30.784868820771198
102.35716948763069,29.937297358285022
102.53520322521369,30.6421316701038
103.21408446493147,30.71003276086589
103.05072576903116,30.42324892723492
103.29739245251636,31.06519779977812
103.15782454981479,30.945658193074266
103.05096348080572,31.261640244715768
103.3985583359067,31.190217581537347
103.75039172179419,31.33377140540085
103.78888542664455,31.777374663001986
103.86511631413408,32.18054690311245
103.87854923686125,31.795931465933123
103.27291145175604,30.857007644067966
103.26564303623411,30.647483573334743
102.54417041981941,30.259142549449866
102.41829314423177,30.174464699937836
102.51544317677967,29.745331767785935
102.98202750256867,29.688314717133895
102.55354328684835,29.660719187446293
102.52768824176559,29.6977274500154
102.68713430316289,29.609470489878927
102.71365387833286,29.643753173952426
102.71365387833286,29.643753173952426
102.71365387833286,29.643753173952426
102.81003898003182,29.57131177855684
102.93484114574387,29.408919535540896
102.97299910490058,29.623762250581205
102.94838135103538,29.428598782950502
102.94838135103538,29.428598782950502
102.5803801016242,29.70888775489615
102.5803801016242,29.70888775489615
102.48689621925638,29.926239636721224
102.57833476568324,29.727491699444112
102.65185482327801,29.691283555703084
102.5785660678892,30.35865174256584
102.96799028246998,30.58460956866332
103.15407009100616,30.855615885711927
102.92892903675497,30.52370139794791
102.53105456373895,30.60438833771575
102.88123055119128,30.394733377513393
102.65328612403148,30.81866508079523
103.19720182380783,31.210251919899257
103.31246342264502,31.34791428803292
103.3293891998649,31.057530704570304
103.30935719934392,31.171279931119912
103.08077283714164,30.992905814547402
103.01405746798945,31.2051832228158
103.14762534637711,31.20977741502113
103.17540759277011,31.073633564533512
102.9351108132771,31.11927217630813
102.93214304730196,30.927879438963693
103.48357249372835,30.957097860169036
103.54442877588033,31.25482674530737
103.97574106497856,31.383837113838705
103.60116236376128,31.115930834276558
103.60116236376128,31.115930834276558
103.01781126062689,31.24157221635014
102.39514829139696,30.077534974895766
102.98807857601959,30.584256386269615
103.25892906708152,30.846501499180427
102.76953920860865,30.709708392411045
103.02416526650676,31.182139582924027
102.93254476405316,31.245361905524025
102.69135067230414,30.83565195290369
102.75752893936107,30.9105397053415
103.32489518258221,30.708534668965385
103.29445262178096,31.04109613479397
103.01526999170521,31.104771060194764
102.76124547144303,30.66213448689367
102.60455522937421,30.53371398110531
102.6458906596,30.467882733659525
102.47453669062762,30.280976603939937
102.71040870849873,29.931046214081594
102.64580696420964,30.20133224136735
102.3006724451345,29.89239630520476
102.42662167450662,29.7554084220033
102.48442721229966,30.623069445265145
102.53997119334767,30.708372329424265
102.66031212288561,30.78981591886553
103.36169977084856,30.873525485008038
103.11421381451113,30.7701046360072
103.17469386646876,30.645952614967413
102.79999967872536,30.88768427141827
103.28470915090872,31.14677401131928
103.31232379330773,30.994465746822932
103.05216737892646,31.004303264600477
102.9866096644839,31.09438095813117
103.32675230553336,30.8296437819787
103.15210072800993,30.69943511947592
103.23350851420075,30.605876254779872
102.69809583030415,30.775540438947576
103.09075390864479,31.27450910102
103.06558201499027,31.151978687214246
102.9782078725721,30.67910905575756
103.18026870421907,30.67094070668427
103.2405537644167,30.77991184943489
102.6164056337416,30.508010615645933
102.49565380749581,30.199055565337076
102.60385586070157,29.853198563356695
102.57677080801759,29.66372142445943
102.65851984390461,29.696903032464185
102.36236457922294,30.112757301464654
102.81049361750374,30.44308683792562
102.43252331818108,30.26604989398076
102.55797635729216,30.081561275479924
103.06034052089358,30.937994757743944
103.06034052089358,30.937994757743944
103.01917631691198,31.244826768509846
102.80116180060445,30.666708858199033
102.95671895681954,31.037775486012574
102.78817445278109,30.889988283771164
102.95551743413806,30.9437549100353
103.3623583962743,30.971192540356846
102.86726056495914,30.77763907030558
102.60454170283947,30.5622572778629
102.35365376220048,29.96822663804205
102.40274847882397,30.169606919718248
102.76103633118471,30.176459838400223
102.87885163937081,30.527818231675337
102.78198691000566,30.648900181058835
103.21264840609804,31.032778957337232
103.16928189052774,31.055912728644664
103.19458545907959,30.7028785754789
102.7439256131864,30.781730437634106
102.71853857300478,30.84547586459494
103.4955226838403,30.860376089553682
103.46576570210293,30.92319774747751
103.07969400141575,30.428882435012756
103.07969400141575,30.428882435012756
102.98845302695827,30.831714588539228
103.31123121310549,31.16746979047063
103.27384518153424,31.179756286182695
103.02542250396465,31.21341055820002
103.12866193043361,31.02512917435015
103.17204166882323,31.17166953932651
103.00033397101308,31.043731904010805
103.00033397101308,31.043731904010805
103.16640721676937,31.033951986143833
103.2173793683936,31.061609329132068
102.72139157797555,30.837089254183446
103.11552547889697,30.77895682478016
103.161917237662,30.58352054798187
103.22012327849818,30.801171869773686
103.05861051685733,30.961907693384134
102.57036739302599,30.705694796360888
102.44274454006305,30.362334386354668
102.44274454006305,30.362334386354668
102.48336022356858,30.460721914063562
102.52687606068682,30.33202606114628
102.59474244504914,30.344373190657674
102.57667543099542,30.512915863074447
102.43429725697322,30.479680393027163
102.71997617489684,30.69074660050066
102.4984718334582,30.396151798384157
102.35233951618612,29.754117392791063
102.32699928247406,30.117123544668225
102.6051697626246,30.17549735914099
102.56777380929141,30.087706734219868
102.8695971914065,30.515060104400366
103.45622360245974,30.88642522984115
103.56080696253312,31.110282759178173
102.74311106331173,30.891339957475402
102.9470828618623,30.743940603885473
102.92379752414598,30.785777690766714
103.23367344805466,30.880851514560117
103.30221828552611,31.103731176846722
103.1430315481764,31.24668619883461
103.02582499937827,30.890101033564157
102.53628701385246,30.542761150828465
102.59030960919995,30.407668271473316
102.5314878505827,30.48523488598973
102.7099110664284,30.351126537367556
102.7107771583986,30.239028560715287
102.90347164968497,30.491822944307202
102.67816205184084,30.84699008189229
103.38936885632347,31.357096350537688
104.30668825921542,32.079413492062514
103.86063481697194,32.52434682925378
104.08638765473586,32.451674310785485
104.39236255096894,32.508742493589935
104.1693246687174,32.65377030431729
104.2229056882397,32.661076579707
104.08027566659328,33.19138942698634
103.99214641177667,33.02964682344358
104.00609820535541,32.68629650782134
104.20621508663223,32.722308741896846
104.47661421640898,32.844409867250135
103.81188479177682,32.51195902965988
104.00984570323371,32.0588894259647
103.95796976608763,31.93455171161657
103.92001668558798,31.80232667769916
103.84782828480101,31.432011270624578
104.54227068559882,32.497668465454964
104.18607519718351,32.243305878637194
104.02074009502367,33.141129052856435
104.10050142726479,32.95791063967988
104.11734342974424,32.87433848247293
104.30355900730342,32.766896659666294
104.46128932432632,32.66226401111644
104.49019770837752,32.518250245391876
104.64453083124056,32.843965540184996
104.02147670505656,32.650013986767426
104.02074784883115,32.87275773922307
104.50151150566597,32.85445881784
103.99968460657526,32.95387360207725
104.33864837292724,32.83107035559058
104.37281245309428,32.86848092591234
104.04239067688754,32.97932888926189
104.26413592173134,32.111657513913336
104.02013683006648,31.6534404179098
103.81452443266367,31.44044000495291
103.93800039776926,31.520726130607077
104.03855597847344,31.846405728479603
104.11763754720296,32.31755047067378
103.75487276859911,31.962517558126436
104.12393159644746,31.63213806507079
104.02891561070854,31.70472719374644
104.49683871876634,32.74713336453231
104.43472617044094,32.826596571289464
104.43472617044094,32.826596571289464
104.26254038976867,32.84556832196689
104.88176174156685,32.53241025020518
105.40087792088869,32.88724101582793
104.89350612386141,32.71914225868961
104.03640547075584,33.08085843550639
104.03640547075584,33.08085843550639
104.35608725647464,32.78076491112259
104.26199389563241,32.73432023752302
103.89066327960909,32.67651763659928
104.1470634284555,32.54951951653387
104.63891216697213,32.49267086176523
104.96042740550735,32.53801137983902
104.87989099201238,32.660446943867164
104.4332501025129,32.7409387738938
104.42403704909134,32.77892896208761
104.31012797902017,33.00720818902844
104.28292556692114,32.789129418897936
104.62427636709414,32.66337757302423
104.03833220901632,32.76798155480669
103.67522677583442,31.994912787089593
103.8775009654574,32.23984035285762
103.87294638701252,32.1165120502035
104.09960374058193,31.574834517902836
103.74935011619455,32.04832147124909
104.72481481464398,32.842661896627575
104.81656779647136,32.55561026951421
104.38855413512672,32.82085350297505
104.49927159675786,32.69260064227373
104.51174588171821,32.5318006615085
104.77349025174436,32.549400116588664
103.93838870633328,32.7078806853988
104.10488861876692,32.9627348504231
104.3613955772572,32.8110361116705
104.15200389963877,32.86614572649956
104.58714569117602,32.552538745336314
104.17342421607367,32.445743211263036
103.92402136783814,32.02941297078885
103.9622466139425,32.12307416014161
103.98589729571265,31.576581886730082
103.74681678539575,31.246553432525943
104.00819062801166,31.605561264166504
103.6952895919528,31.175939527734812
103.92681867463203,31.407093126115324
104.02898169597792,31.593908162970386
103.93575429901995,31.565563927071835
103.93575429901995,31.565563927071835
103.94612169329767,31.340441822485495
103.60754439464694,31.25549503089181
103.21921715051792,30.758983738205213
102.9484510704706,30.947407803302127
103.1429411977387,30.68088691671916
103.03748158532689,30.774504336047343
103.2711789839404,30.70822143823757
103.33830447530494,31.19574184231778
103.13235609858366,30.972023401826004
102.5407649869626,30.107182088180714
102.68272829161934,30.26859398066696
103.35179106810119,30.82402179671621
103.07884479927336,31.05088265181914
102.8991275563783,30.85613007583645
103.22674193770578,30.816527676594056
103.17359606690106,30.741185000764947
103.34829325385526,31.34024488518791
103.2584043919768,31.34013833030993
103.56932803281269,31.121400393275298
103.17991996540913,30.747486498010446
102.88494774359154,30.337219245246114
102.80654211751704,30.722517941138417
103.13369423258469,30.8493321506923
102.79848811991658,30.559195402792437
102.79946347963268,30.771179122336957
102.56279810541038,30.79836961524501
102.56279810541038,30.79836961524501
102.80768624418609,30.786742757840248
102.64214395761037,30.44549506872226
102.28628490405798,29.865205113422533
102.61068981712849,30.579955872311874
102.35342722594532,29.924510404298577
102.28209110687554,30.089895611561634
102.4716052184501,30.08008028671134
102.47304383014236,29.70606258531067
103.05177432501745,29.505488074777517
102.84314051284238,29.57183868461673
102.94112226336482,29.587916509384996
103.0971499707607,29.46870684341108
102.99481456185215,29.541076049886723
102.99481456185215,29.541076049886723
102.99481456185215,29.541076049886723
102.82853583530563,29.532506976810982
102.86598372916698,29.554061523827894
102.62593407921821,29.6948235316331
102.7586089989189,30.182883618948267
102.64444642362308,29.96095318886513
102.49319222247067,30.353277127337158
102.79148710176405,30.463801267110792
102.79370538775326,30.795741670533634
103.29860967586785,31.26830884703448
103.23186497475284,30.81367345721921
102.77356198008245,30.829519017731176
103.20004084500637,31.206962132280946
102.88997425680212,30.726425525517357
102.51022333925377,30.468974879990395
102.52803534094312,30.539545248305288
103.35647600734377,31.180625364735878
103.68962617483837,31.277061361752192
103.68962617483837,31.277061361752192
103.6037459468769,31.148319053057065
104.05491486815468,31.669280565096955
103.82958624063215,31.80329606151401
103.81257316969311,31.967610271184128
104.02053466698307,31.951926546083474
103.96371553479277,32.23058410439049
103.89964182123563,32.07547533788954
103.94181485198405,32.79234457851053
103.98227123753608,32.3063213032396
104.45265319006637,32.06767261276016
104.45265319006637,32.06767261276016
104.45691629420986,32.08886282522003
104.86093841587437,32.720211887938646
104.69080054137851,32.447222446233276
104.69497499143507,32.552801221658896
104.37376804734645,32.89983485842921
104.649268051574,32.48370404608714
104.50003906743761,32.54650041887736
104.89380671152149,32.791805544258324
103.83952996075013,32.384449275191024
104.05233012839814,32.441305961635976
103.91965980168465,32.08300396072719
104.20737507499997,32.17477353898608
104.20568230799984,32.339933379281085
104.07506059938869,32.55557876909717
104.40225560073279,32.126486978954055
104.34132118619168,32.23934338965091
103.7638465206206,32.067344626428266
104.08949747800105,32.17451090276991
103.7826041615165,31.864401083036686
103.7948105466486,31.997724171105975
103.96434398300916,31.512604427383877
103.7221405677481,31.390938193348102
103.19003227128081,31.319967971740976
103.18179047508559,30.822347574778913
103.52918676425337,31.138967593177256
103.52918676425337,31.138967593177256
103.52918676425337,31.138967593177256
103.68998115843297,31.24125394251468
103.68998115843297,31.24125394251468
102.81640973945571,30.64167583724896
103.03831117001376,31.111213879218703
103.62606288410171,31.182216667519757
103.23363296208248,31.14620135849115
103.25081556508037,31.029163341518927
103.62347716833898,31.197577990833224
103.06102779636826,31.08230027862649
103.18769641531046,30.79878042125048
103.12091702330751,31.253448206168244
103.4113152791633,31.30925486282591
103.23612939080411,31.16534584067903
102.78823713292388,30.79863504815653
103.68470511179487,31.32133466425594
103.58496266713084,31.238639624465137
103.65819531267152,31.18649492988821
103.06670194683217,31.161018525719268
103.19661474811922,30.849254466487466
103.32234329719277,31.389544586079253
103.30304467374394,30.9501010727582
103.1399835109757,30.940716998854903
103.14139371391231,30.765634546564446
103.10858062745837,30.623324375704524
102.60329230432919,30.785853489858198
102.78673246238652,30.877152943049673
103.07451232681076,30.45383545579492
103.16455455790407,30.55572190725516
103.31585351851032,30.620369363898785
103.7064833881511,31.174173679348943
102.86339640887115,30.502684813779187
102.50525041699366,30.390927757897707
102.71796283105161,30.271462999793837
102.73614162374749,29.64755056611456
102.88769664196877,29.50667481205267
102.89626973462752,29.503249740284783
102.89626973462752,29.503249740284783
102.79152193867662,29.633709459554552
103.11791671965196,29.520198061530824
103.04740872647575,29.54471530676874
102.95209804813402,29.670931183226983
103.0415276852314,29.482636021019783
102.82047193479998,29.505758868220386
102.93407570802873,29.414137568833766
102.65880490914215,29.691699532323167
102.34450999049555,30.14865483863194
102.42876652555915,29.95906334420562
102.6562178123273,30.251735817514664
102.47560433655165,30.59863746238798
102.70119037804201,29.717515327431606
103.09104529359809,29.50941561234384
102.9389347071299,29.62875732757293
102.64626073975593,29.68697570135387
102.31189750008905,29.891571207986246
102.45095618119073,29.93341832857485
102.59081463068401,30.17987685965391
102.85545894455167,30.771804964455523
103.26056866413462,30.720782682176715
102.767147582666,30.175228550534364
102.61943505411362,30.303152983021782
102.45145921995429,29.781135031012383
102.5125840725586,30.21521004929871
102.55655061578958,29.842560779988876
102.80646022289902,29.590194162009684
102.72617515346545,29.592151179850614
103.0448647492538,29.555727648391738
103.0448647492538,29.555727648391738
103.04408461923072,29.453681973475092
102.96046516215942,29.469129433895407
102.86674813832546,29.53259434190869
102.7728405278568,29.56463490196352
102.7728405278568,29.56463490196352
102.3553990021116,29.833209172721922
102.30893750210362,30.12181773799364
102.52027906714751,29.9150431795022
102.40502856055902,30.005447528915358
102.39247535862425,30.172757606523454
102.38933466402185,30.07267328417822
102.47385425622373,29.954970566070703
102.30897967769005,29.84889229227229
102.43847646708952,30.070130618970506
102.33834504111617,29.907450185219012
102.33834504111617,29.907450185219012
102.4493042269448,29.747550699882144
102.59276661528095,30.091223231793713
103.3665530866074,30.892357059976433
102.89326481985822,30.449786856182907
102.53454283886184,30.512967106431663
103.09977125835073,30.675903387975247
103.28296576946013,31.059470031080366
103.38635170172978,31.05429933338309
103.65056467830307,31.127921924148808
103.03657922026676,30.822540569782145
103.02136251518601,30.99481615563242
103.17605451125318,30.996916953183547
103.09568905096532,30.934986636486506
103.20134521058968,31.06079672266055
102.84345107370171,30.81642080788806
102.65605066270005,30.84825583022392
103.00253986480574,31.053165629149188
103.3361314895958,31.27538938224918
103.38974552654021,31.079449740066575
103.35093515784605,31.069400864706207
103.38120683095892,31.28175432995885
103.58353848677804,31.15716490375168
103.31067345509157,31.090280594322056
102.81919292552442,30.924530879121924
102.8238104553588,30.68925620893246
103.05738130412576,31.085092500196453
103.2830698874835,31.06094651422925
102.90134666152746,30.7363565129014
102.61119493086377,30.439755089390832
102.84216280359743,30.518444637392953
103.10282743684073,30.861571020146233
103.17357387650348,30.696171603677847
103.28362214646654,30.95247013766412
103.19832015264491,31.247497887095825
103.10955523721475,31.154345346060094
102.8638603751148,30.91476194626951
102.71123984776797,30.225710303923478
102.40675689215868,30.24081112504782
102.62347069724203,29.694893066451368
102.62347069724203,29.694893066451368
102.3555782653685,29.851751496019588
102.38589580991422,29.903728981436323
102.94016023978482,30.947180636404237
103.09941987922252,30.84741727234743
103.14053617060927,31.143207343177654
103.2853311368995,31.12870197981726
103.52810903522095,31.091591994256852
103.40903551523455,31.383427932606427
103.04159745839685,31.129884641888534
103.07075886540352,30.97308097074027
