aspect,bio1,bio10,bio11,bio12,bio13,bio14,bio15,bio16,bio17,bio18,bio19,bio2,bio3,bio4,bio5,bio6,bio7,bio8,bio9,dem,dem_fixed_5588,dem_original_backup,evi,fapar,fvc,gpp,hyld,lai,landscape,lrdl,ndvi,npp,pa,resp,roughness,slope,tri
286.0050048828125,5.1486711502075195,12.210639953613281,-1.5125030279159546,930.5485229492188,225.25289916992188,0.800000011920929,97.46307373046875,548.4898071289062,15.807589530944824,545.4844970703125,15.807589530944824,9.877485275268555,38.041019439697266,588.2133178710938,17.642370223999023,-8.323028564453125,25.96540069580078,11.822050094604492,-1.5125030279159546,3304.0,3304.0,3304.0,0.28056758642196655,160.0,0.7226604223251343,655.3499755859375,664.086181640625,2.8919029235839844,1.0,2083.593994140625,0.7525343894958496,655.3499755859375,0.0,0.0,33.0,22.687519073486328,172.41510009765625
303.4637145996094,7.4187140464782715,14.455389976501465,0.9909744262695312,927.3223876953125,225.5261993408203,0.8726776242256165,97.58989715576172,548.1796875,15.653820037841797,544.3693237304688,15.653820037841797,9.942733764648438,38.13351821899414,576.7929077148438,20.144359588623047,-5.929145812988281,26.073509216308594,13.974340438842773,0.9909744262695312,3040.0,3040.0,3040.0,0.4000777006149292,189.0,0.8338745832443237,655.3499755859375,164.08619689941406,4.074456214904785,0.6953713893890381,2418.548095703125,0.7788984775543213,655.3499755859375,0.0,0.0,20.0,12.845760345458984,165.38490295410156
197.5758056640625,4.943234920501709,11.957070350646973,-1.558771014213562,915.7103271484375,217.83709716796875,0.699999988079071,97.36105346679688,539.8673706054688,15.147210121154785,532.8828735351562,15.147210121154785,9.876107215881348,38.62042999267578,577.375,17.444490432739258,-8.127894401550293,25.57238006591797,11.624110221862793,-1.558771014213562,3463.0,3463.0,3463.0,0.33522531390190125,191.0,0.8699051141738892,655.3499755859375,408.4248962402344,4.244079113006592,1.0,2043.5350341796875,0.8555083274841309,655.3499755859375,1.0,0.0,29.0,20.4460391998291,176.54339599609375
152.9674072265625,5.802753925323486,12.63541030883789,-0.42721641063690186,917.9733276367188,218.27020263671875,0.699999988079071,97.67093658447266,541.4326171875,14.011030197143555,535.2813720703125,14.011030197143555,9.803099632263184,38.880088806152344,560.9412231445312,18.111600875854492,-7.102059841156006,25.213659286499023,12.332779884338379,-0.42721641063690186,3399.0,3399.0,3399.0,0.37601950764656067,185.0,0.9509398937225342,655.3499755859375,300.4914855957031,4.000024795532227,1.0,664.086181640625,0.8903114795684814,655.3499755859375,0.0,0.0,26.0,13.073160171508789,174.76260375976562
298.93798828125,7.00770378112793,13.853779792785645,0.7373858094215393,919.0833129882812,220.13470458984375,0.800000011920929,97.90184783935547,544.6419067382812,14.827280044555664,537.0468139648438,14.827280044555664,9.886007308959961,38.80231857299805,563.5908203125,19.456140518188477,-6.021725177764893,25.47787094116211,13.496210098266602,0.7373858094215393,3094.0,3094.0,3094.0,0.3870720863342285,184.0,0.8434188961982727,655.3499755859375,108.5895004272461,3.919400930404663,1.0,18.634260177612305,0.8640953898429871,655.3499755859375,0.0,0.0,23.0,17.681720733642578,166.82009887695312
113.54650115966797,5.576310157775879,12.682310104370117,-0.9198923707008362,905.8297729492188,214.08689880371094,0.7166829109191895,96.98560333251953,531.6624145507812,14.900099754333496,525.8082275390625,14.900099754333496,9.904622077941895,38.09469985961914,580.3986206054688,18.496620178222656,-7.50338077545166,26.0,12.315640449523926,-0.9198923707008362,3332.0,3332.0,3332.0,0.3865030109882355,195.0,0.8953499794006348,655.3499755859375,986.4714965820312,4.606520175933838,1.0,986.4714965820312,0.8593646287918091,655.3499755859375,0.0,0.0,50.0,30.462499618530273,173.12730407714844
49.600120544433594,5.569080829620361,12.69083023071289,-0.8758335113525391,905.2348022460938,213.4788055419922,0.7340359091758728,96.86583709716797,530.982177734375,15.242569923400879,525.0673828125,15.242569923400879,9.914175987243652,38.0148811340332,579.544677734375,18.606189727783203,-7.473639965057373,26.079830169677734,12.329839706420898,-0.8758335113525391,3295.0,3295.0,3295.0,0.38177430629730225,192.0,0.9232972860336304,655.3499755859375,1023.1090087890625,4.275619983673096,1.0,1238.3060302734375,0.8705483078956604,655.3499755859375,0.0,0.0,41.0,23.34457015991211,172.2133026123047
270.69580078125,7.443446159362793,14.406180381774902,1.0594240427017212,917.7769775390625,219.37710571289062,0.800000011920929,97.50666046142578,542.1265869140625,15.414640426635742,535.7517700195312,15.414640426635742,9.965185165405273,38.5672492980957,571.5894775390625,20.14936065673828,-5.689761161804199,25.839120864868164,14.030810356140137,1.0594240427017212,3188.0,3188.0,3188.0,0.4533573091030121,193.0,0.8608660101890564,655.3499755859375,794.5695190429688,4.411571979522705,0.3046286106109619,634.7501831054688,0.8792384266853333,655.3499755859375,0.0,0.0,48.0,28.17844009399414,169.34300231933594
38.397178649902344,7.028487205505371,14.11538028717041,0.5701780915260315,914.480712890625,216.60130310058594,0.7920640707015991,96.83783721923828,537.0598754882812,16.354909896850586,531.1273803710938,16.354909896850586,9.978208541870117,38.10786056518555,579.1859741210938,20.03874969482422,-6.145378112792969,26.18412971496582,13.701729774475098,0.5701780915260315,3039.0,3039.0,3039.0,0.359286904335022,196.0,0.898812472820282,655.3499755859375,145.451904296875,4.579038143157959,1.0,221.60899353027344,0.8822878003120422,655.3499755859375,0.0,0.0,47.0,29.278779983520508,165.3231964111328
193.822998046875,8.13571834564209,13.944230079650879,3.526700019836426,900.0339965820312,222.98129272460938,0.8034502267837524,97.21945190429688,530.76123046875,17.555330276489258,529.0858154296875,17.555330276489258,10.281379699707031,39.84347915649414,491.20770263671875,20.983930587768555,-4.814708232879639,25.79863929748535,13.375269889831543,3.526700019836426,3171.0,3171.0,3171.0,0.4953559935092926,190.0,0.9279857873916626,655.3499755859375,944.3505859375,4.1503801345825195,1.0,709.1350708007812,0.8610889911651611,655.3499755859375,0.0,0.0,44.0,28.99155044555664,169.02340698242188
237.389892578125,8.536426544189453,15.673319816589355,2.0630300045013428,935.5756225585938,226.89889526367188,0.8554583787918091,97.50348663330078,554.0432739257812,17.491180419921875,548.744384765625,17.491180419921875,10.062230110168457,38.08045959472656,581.9711303710938,21.619680404663086,-4.804207801818848,26.42388916015625,15.199529647827148,2.0630300045013428,2868.0,2868.0,2868.0,0.3875901997089386,191.0,0.9141539931297302,655.3499755859375,445.2561950683594,4.1831841468811035,1.0,312.239501953125,0.8703683018684387,655.3499755859375,0.0,0.0,31.0,19.843830108642578,160.70660400390625
24.706270217895508,7.66146183013916,14.743209838867188,1.4996559619903564,908.3903198242188,217.04049682617188,0.7845534086227417,96.7437973022461,532.7808227539062,16.680980682373047,528.4990844726562,16.680980682373047,9.976778030395508,38.01383972167969,572.5947265625,20.752750396728516,-5.492488861083984,26.2452392578125,14.280329704284668,1.4996559619903564,2990.0,2990.0,2990.0,0.3698748052120209,201.0,0.9163448214530945,655.3499755859375,145.451904296875,4.751442909240723,1.0,1167.1319580078125,0.8762732148170471,655.3499755859375,0.0,0.0,51.0,30.641050338745117,163.97300720214844
292.4659118652344,9.148088455200195,16.023109436035156,3.267606019973755,911.2987060546875,223.2198028564453,0.8519030213356018,97.63549041748047,539.8983154296875,17.224340438842773,535.37939453125,17.224340438842773,9.942481994628906,38.576290130615234,556.1915893554688,21.81583023071289,-3.95804500579834,25.77387046813965,15.470359802246094,3.267606019973755,2975.0,2975.0,2975.0,0.3030005097389221,178.0,0.8888983130455017,655.3499755859375,761.4760131835938,3.736185073852539,1.0,917.96337890625,0.8945388197898865,655.3499755859375,0.0,0.0,50.0,33.485389709472656,163.5814971923828
78.38675689697266,8.026941299438477,15.167200088500977,1.714877963066101,916.6173706054688,218.59249877929688,0.8872923851013184,96.52008819580078,537.7158203125,17.899999618530273,532.6533203125,17.899999618530273,10.00098991394043,37.89535140991211,578.3397216796875,21.162500381469727,-5.228589057922363,26.391090393066406,14.667980194091797,1.714877963066101,2853.0,2853.0,2853.0,0.39560478925704956,202.0,0.9325262904167175,655.3499755859375,471.6090087890625,4.969930171966553,1.0,839.78662109375,0.8892437815666199,655.3499755859375,0.0,0.0,28.0,18.71306037902832,160.33680725097656
174.38319396972656,8.514644622802734,15.596960067749023,2.3433170318603516,919.4293823242188,220.4864959716797,0.8570932745933533,96.70658874511719,540.5338745117188,17.737720489501953,536.01220703125,17.737720489501953,10.017219543457031,38.06489181518555,572.9495849609375,21.562610626220703,-4.753616809844971,26.31623077392578,15.060589790344238,2.3433170318603516,3045.0,3045.0,3045.0,0.36496371030807495,196.0,0.9114149808883667,655.3499755859375,778.3909912109375,4.664012908935547,1.0,854.0759887695312,0.8863857984542847,655.3499755859375,0.0,0.0,37.0,24.779569625854492,165.4656982421875
201.18170166015625,9.153670310974121,16.320329666137695,2.717081069946289,936.6436767578125,227.86709594726562,0.9901267886161804,97.23372650146484,554.0347900390625,17.899999618530273,548.6442260742188,17.899999618530273,10.071599960327148,37.991851806640625,583.418701171875,22.29029083251953,-4.219579219818115,26.509870529174805,15.79026985168457,2.717081069946289,2870.0,2870.0,2870.0,0.40269219875335693,200.0,0.9139477014541626,655.3499755859375,330.198486328125,4.7537522315979,1.0,794.5695190429688,0.8864728808403015,655.3499755859375,0.0,0.0,34.0,24.080089569091797,160.71609497070312
264.6180114746094,5.857353210449219,12.984749794006348,-0.524219274520874,922.19482421875,217.09300231933594,0.800000011920929,97.3672866821289,542.2570190429688,14.274809837341309,537.4509887695312,14.274809837341309,9.909893035888672,38.16183853149414,576.6718139648438,18.774150848388672,-7.194067001342773,25.968219757080078,12.603050231933594,-0.524219274520874,3369.0,3369.0,3369.0,0.2638697028160095,176.0,0.8377164006233215,655.3499755859375,108.5895004272461,3.557750940322876,0.1135639026761055,2635.177001953125,0.7796820998191833,655.3499755859375,0.0,0.0,37.0,25.62718963623047,174.09820556640625
192.44520568847656,8.25055980682373,15.449769973754883,1.8224810361862183,929.60498046875,222.22569274902344,0.9217674732208252,96.55149841308594,546.5775756835938,17.927289962768555,540.58642578125,17.927289962768555,10.042559623718262,37.89645004272461,582.6135864257812,21.39529037475586,-5.104704856872559,26.5,14.93047046661377,1.8224810361862183,3146.0,3146.0,3146.0,0.3431644141674042,194.0,0.8932955861091614,655.3499755859375,414.1402893066406,4.555528163909912,1.0,1492.7679443359375,0.8630812764167786,655.3499755859375,0.0,0.0,42.0,26.808399200439453,168.12429809570312
193.74929809570312,6.925288200378418,14.110529899597168,0.5115169286727905,922.0062255859375,217.46749877929688,0.817419171333313,96.67588806152344,540.7805786132812,16.178800582885742,535.2999877929688,16.178800582885742,9.999848365783691,37.91374969482422,580.4832153320312,20.031349182128906,-6.344113826751709,26.375459671020508,13.645050048828125,0.5115169286727905,3300.0,3300.0,3300.0,0.3693748116493225,188.0,0.8083581924438477,655.3499755859375,835.913818359375,4.043575763702393,1.0,2373.304931640625,0.8353261947631836,655.3499755859375,0.0,0.0,51.0,34.85121154785156,172.28799438476562
320.42181396484375,9.704530715942383,16.83757972717285,3.410051107406616,928.5510864257812,228.591796875,0.9674503207206726,97.59618377685547,551.9846801757812,18.557390213012695,545.2529907226562,18.557390213012695,10.086179733276367,38.11479949951172,578.3142700195312,22.789249420166016,-3.673625946044922,26.462879180908203,16.227659225463867,3.410051107406616,2745.0,2745.0,2745.0,0.39291998744010925,200.0,0.9371634125709534,655.3499755859375,414.0862121582031,4.836978912353516,1.0,653.9542846679688,0.9035447835922241,655.3499755859375,0.0,0.0,29.0,20.029769897460938,157.2209930419922
273.18548583984375,9.160405158996582,16.2332706451416,2.968229055404663,938.2952880859375,226.24639892578125,0.938173770904541,96.8532485961914,553.5167846679688,18.899999618530273,548.7276000976562,18.899999618530273,10.002479553222656,38.12472915649414,571.8555297851562,22.084619522094727,-4.151869773864746,26.23649024963379,15.558159828186035,2.968229055404663,2837.0,2837.0,2837.0,0.3752574026584625,200.0,0.9397047758102417,655.3499755859375,9.756709098815918,4.937648773193359,1.0,565.7514038085938,0.8948972821235657,655.3499755859375,0.0,0.0,42.0,27.70903968811035,159.78379821777344
152.26910400390625,7.883458137512207,15.045160293579102,1.6185230016708374,933.3524169921875,219.95950317382812,0.8999999761581421,96.1910171508789,545.8975830078125,17.48975944519043,541.3305053710938,17.48975944519043,10.000679969787598,37.75178146362305,577.3897705078125,20.9289493560791,-5.5621747970581055,26.491119384765625,14.399109840393066,1.6185230016708374,3152.0,3152.0,3152.0,0.39681339263916016,197.0,0.9225286245346069,655.3499755859375,552.076904296875,4.502941131591797,1.0,1590.1839599609375,0.8581840991973877,655.3499755859375,0.0,0.0,38.0,23.015399932861328,168.4687957763672
254.79690551757812,8.346879005432129,15.505149841308594,2.1160809993743896,943.6994018554688,221.4788055419922,1.0453920364379883,95.74080657958984,551.8508911132812,19.0,546.0366821289062,19.0,10.075530052185059,37.69007873535156,579.4613037109375,21.401630401611328,-5.3311262130737305,26.732759475708008,14.827449798583984,2.1160809993743896,3014.0,3014.0,3014.0,0.35485509037971497,195.0,0.9386637210845947,655.3499755859375,173.8428955078125,4.5886969566345215,0.34365540742874146,914.086181640625,0.8649317026138306,655.3499755859375,0.0,0.0,26.0,16.987850189208984,164.7165069580078
215.86520385742188,10.310319900512695,15.254010200500488,5.945188045501709,931.9273071289062,228.60350036621094,1.055616021156311,96.84662628173828,552.4086303710938,19.818920135498047,544.7498168945312,19.818920135498047,8.692172050476074,39.142330169677734,450.4844970703125,21.05562973022461,-1.1512130498886108,22.20684051513672,14.695659637451172,5.945188045501709,2950.0,2950.0,2950.0,0.42140141129493713,204.0,0.9036437273025513,655.3499755859375,1123.9169921875,4.846129894256592,1.0,1395.0460205078125,0.870072603225708,655.3499755859375,1.0,0.0,39.0,25.564069747924805,162.87060546875
209.10569763183594,10.215510368347168,17.05297088623047,3.21185302734375,1080.8909912109375,247.9250946044922,2.8994569778442383,94.06265258789062,636.1063232421875,28.206050872802734,610.86669921875,28.206050872802734,8.601393699645996,33.75006103515625,603.457275390625,22.529460906982422,-2.9558889865875244,25.485349655151367,16.2844295501709,3.21185302734375,2071.0,2071.0,2071.0,0.46064019203186035,217.0,0.9210718870162964,655.3499755859375,145.451904296875,5.646073818206787,1.0,262.9111022949219,0.8769956827163696,655.3499755859375,4.0,0.0,43.0,22.87005043029785,136.40289306640625
299.01300048828125,9.897014617919922,16.666730880737305,2.882143974304199,1069.553955078125,241.08309936523438,2.842958927154541,93.31712341308594,625.6387939453125,28.085599899291992,599.6077880859375,28.085599899291992,8.52673625946045,33.471580505371094,603.5430908203125,22.192760467529297,-3.2806708812713623,25.473430633544922,15.96438980102539,2.882143974304199,2372.0,2372.0,2372.0,0.45158061385154724,203.0,0.9054266810417175,655.3499755859375,1188.5059814453125,4.716573238372803,1.0,1688.489990234375,0.8896489143371582,655.3499755859375,4.0,0.0,34.0,21.390920639038086,146.13400268554688
87.80516052246094,9.74048137664795,16.51470947265625,2.7162740230560303,1067.509033203125,237.5281982421875,2.995296001434326,92.78990173339844,620.5822143554688,28.450990676879883,596.167724609375,28.450990676879883,8.417951583862305,33.167640686035156,604.9027709960938,21.950420379638672,-3.4290640354156494,25.379480361938477,15.809989929199219,2.7162740230560303,2185.0,2185.0,2185.0,0.4069738984107971,206.0,0.9194406270980835,655.3499755859375,1395.0460205078125,4.951901912689209,1.0,2721.60888671875,0.8809329271316528,655.3499755859375,4.0,0.0,21.0,10.975040435791016,140.2781982421875
149.39089965820312,10.581290245056152,17.395389556884766,3.6250131130218506,1094.071044921875,254.38800048828125,3.199157953262329,93.99752044677734,646.5634155273438,29.831329345703125,618.0994262695312,29.831329345703125,9.113699913024902,34.50899887084961,605.361083984375,23.363170623779297,-3.042741060256958,26.40591049194336,16.79482078552246,3.6250131130218506,1931.0,1931.0,1931.0,0.5329245924949646,213.0,0.9048768877983093,655.3499755859375,755.252197265625,5.25410795211792,1.0,2272.64990234375,0.8605735898017883,655.3499755859375,4.0,0.0,53.0,29.166860580444336,131.7574005126953
38.36450958251953,9.89155387878418,16.66560935974121,3.0439391136169434,1058.5419921875,235.7333984375,3.0030059814453125,92.66943359375,614.9259033203125,28.532100677490234,590.7294921875,28.532100677490234,9.052270889282227,34.458499908447266,595.3297729492188,22.684919357299805,-3.5834848880767822,26.268400192260742,16.068880081176758,3.0439391136169434,2428.0,2428.0,2428.0,0.4297831952571869,212.0,0.9632633924484253,655.3499755859375,705.6680297851562,5.590834140777588,1.0,2081.117919921875,0.8447368144989014,655.3499755859375,4.0,0.0,48.0,29.179149627685547,147.73570251464844
226.78810119628906,10.753399848937988,18.11142921447754,3.606295108795166,1052.989013671875,243.90859985351562,2.700000047683716,94.20369720458984,617.7545776367188,27.240859985351562,597.659423828125,27.240859985351562,9.605210304260254,35.70478820800781,625.593017578125,23.652179718017578,-3.249156951904297,26.901330947875977,17.31460952758789,3.606295108795166,2145.0,2145.0,2145.0,0.39352598786354065,201.0,0.8722872138023376,655.3499755859375,291.302001953125,4.775917053222656,1.0,1535.386962890625,0.8494365215301514,655.3499755859375,3.0,0.0,42.0,23.07653045654297,138.98440551757812
126.51599884033203,10.845270156860352,17.770029067993164,4.0122761726379395,1089.833984375,252.10260009765625,3.275563955307007,93.77631378173828,642.472900390625,30.131389617919922,615.0623168945312,30.131389617919922,9.70799446105957,35.489810943603516,604.228515625,24.098440170288086,-3.252495050430298,27.350940704345703,17.150840759277344,4.0122761726379395,2061.0,2061.0,2061.0,0.501666784286499,213.0,0.9128705263137817,655.3499755859375,335.9137878417969,5.409818172454834,1.0,906.7359008789062,0.8603252172470093,655.3499755859375,4.0,0.0,71.0,40.279991149902344,136.16720581054688
219.15480041503906,10.138699531555176,17.109649658203125,3.420454978942871,1050.39599609375,230.07839965820312,3.071643114089966,91.84313201904297,605.705322265625,29.07859992980957,582.024169921875,29.07859992980957,10.106220245361328,36.38584899902344,600.0255126953125,23.49597930908203,-4.27834415435791,27.774330139160156,16.504840850830078,3.420454978942871,2443.0,2443.0,2443.0,0.36332058906555176,193.0,0.8714755177497864,655.3499755859375,944.3505859375,4.109035968780518,1.0,85.9138412475586,0.810052216053009,655.3499755859375,4.0,0.0,71.0,37.1085205078125,148.32640075683594
129.3135986328125,10.634679794311523,17.916799545288086,3.3819680213928223,1051.156005859375,244.36700439453125,2.825753927230835,94.05757141113281,616.6373901367188,27.323589324951172,596.7047729492188,27.323589324951172,9.348352432250977,35.156429290771484,629.3109741210938,23.407419204711914,-3.1818010807037354,26.589229583740234,17.11539077758789,3.3819680213928223,2214.0,2214.0,2214.0,0.5392240881919861,206.0,0.8899145722389221,655.3499755859375,408.4248962402344,5.164850234985352,1.0,408.4248962402344,0.860996425151825,655.3499755859375,3.0,0.0,18.0,11.1174898147583,141.09019470214844
315.4142150878906,10.524459838867188,17.864700317382812,3.1660189628601074,1048.6839599609375,241.88589477539062,2.8156399726867676,94.0982894897461,615.3721923828125,26.83254051208496,594.3170776367188,26.83254051208496,9.717580795288086,35.93450164794922,636.7359008789062,23.342670440673828,-3.6997780799865723,27.042449951171875,17.05780029296875,3.1660189628601074,2260.0,2260.0,2260.0,0.40653321146965027,196.0,0.88396817445755,655.3499755859375,1337.114013671875,4.328939914703369,1.0,1182.0810546875,0.8202571272850037,655.3499755859375,3.0,0.0,56.0,34.089080810546875,142.61720275878906
289.6495056152344,9.454792976379395,16.335290908813477,2.752561092376709,1040.4520263671875,224.252197265625,2.954780101776123,91.5631103515625,596.4835205078125,28.623559951782227,574.505126953125,28.623559951782227,9.556672096252441,35.26123046875,594.0264892578125,22.67095947265625,-4.4294610023498535,27.100419998168945,15.764739990234375,2.752561092376709,2495.0,2495.0,2495.0,0.3573654890060425,195.0,0.9394696950912476,655.3499755859375,2001.6409912109375,4.24600887298584,1.0,493.62860107421875,0.8425620794296265,655.3499755859375,4.0,0.0,47.0,27.827199935913086,149.89349365234375
272.25030517578125,9.775676727294922,16.658279418945312,3.0893819332122803,1045.449951171875,227.3032989501953,3.0100669860839844,91.78347778320312,601.0905151367188,28.662599563598633,579.0037231445312,28.662599563598633,9.821675300598145,35.89799118041992,595.2598266601562,23.060150146484375,-4.297064781188965,27.357219696044922,16.08007049560547,3.0893819332122803,2518.0,2518.0,2518.0,0.36524689197540283,204.0,0.9546588063240051,655.3499755859375,1979.7939453125,4.76608419418335,1.0,586.511474609375,0.8416833281517029,655.3499755859375,4.0,0.0,38.0,21.651620864868164,150.5260009765625
129.21299743652344,9.499703407287598,16.570730209350586,2.3485260009765625,1013.8189697265625,223.23379516601562,2.593019962310791,92.21504974365234,583.0283813476562,26.46139907836914,565.0208740234375,26.46139907836914,8.84613037109375,34.55585861206055,617.9404907226562,21.839359283447266,-3.756870985031128,25.596229553222656,15.80282974243164,2.3485260009765625,2537.0,2537.0,2537.0,0.2922013998031616,185.0,0.9233040809631348,655.3499755859375,300.4914855957031,3.726059913635254,1.0,1588.0360107421875,0.7657647728919983,655.3499755859375,3.0,0.0,30.0,20.086780548095703,151.1031036376953
38.106998443603516,8.985154151916504,15.68677043914795,2.2028679847717285,1032.6939697265625,222.01010131835938,2.939203977584839,91.3791732788086,589.207275390625,28.3546199798584,570.99462890625,28.3546199798584,8.657147407531738,33.90581130981445,588.8129272460938,21.47075080871582,-4.060348987579346,25.531099319458008,15.014789581298828,2.2028679847717285,2562.0,2562.0,2562.0,0.4111233055591583,200.0,0.8568329215049744,655.3499755859375,632.60888671875,4.4901838302612305,1.0,591.8961181640625,0.8172646164894104,655.3499755859375,3.0,0.0,24.0,14.033329963684082,151.81179809570312
113.64869689941406,10.251330375671387,17.38361930847168,2.9920918941497803,1044.6300048828125,237.99429321289062,2.924525022506714,93.02808380126953,608.048583984375,27.950199127197266,587.4954833984375,27.950199127197266,9.096334457397461,34.91904830932617,627.2570190429688,22.78955078125,-3.2576940059661865,26.047239303588867,16.599660873413086,2.9920918941497803,2236.0,2236.0,2236.0,0.5358331799507141,203.0,0.9293904900550842,655.3499755859375,493.62860107421875,4.856133937835693,1.0,586.511474609375,0.8535683155059814,655.3499755859375,3.0,0.0,36.0,21.004060745239258,141.91000366210938
23.185930252075195,10.868630409240723,18.001150131225586,3.576617956161499,1071.4100341796875,252.80859375,3.077349901199341,94.21381378173828,632.085205078125,29.21837043762207,609.3101806640625,29.21837043762207,9.143010139465332,34.78038024902344,630.8739013671875,23.522750854492188,-2.7637720108032227,26.28652000427246,17.210830688476562,3.576617956161499,2085.0,2085.0,2085.0,0.5284730195999146,213.0,0.9527974128723145,655.3499755859375,386.4053039550781,5.328125953674316,1.0,414.1402893066406,0.8914374709129333,655.3499755859375,3.0,0.0,19.0,12.508090019226074,137.0489959716797
222.88600158691406,10.325389862060547,17.454200744628906,2.964445114135742,1048.4310302734375,238.7572021484375,3.085689067840576,93.28106689453125,611.5316162109375,27.956430435180664,590.8529052734375,27.956430435180664,8.974175453186035,34.543460845947266,632.0183715820312,22.748510360717773,-3.2303390502929688,25.978849411010742,16.6895694732666,2.964445114135742,2354.0,2354.0,2354.0,0.35765770077705383,191.0,0.9353445768356323,655.3499755859375,108.5895004272461,4.0916948318481445,1.0,145.451904296875,0.8479843735694885,655.3499755859375,3.0,0.0,39.0,17.27066993713379,145.45480346679688
293.8435974121094,9.921390533447266,16.937580108642578,2.599385976791382,1038.6949462890625,231.6636962890625,3.02897310256958,92.43157958984375,600.6845092773438,28.331220626831055,580.7432861328125,28.331220626831055,8.630415916442871,33.80554962158203,626.8283081054688,22.157100677490234,-3.3703999519348145,25.52750015258789,16.210500717163086,2.599385976791382,2380.0,2380.0,2380.0,0.3547275960445404,192.0,0.9383537769317627,655.3499755859375,85.9138412475586,4.2027788162231445,1.0,330.198486328125,0.853640079498291,655.3499755859375,3.0,0.0,41.0,27.38995933532715,146.345703125
100.52400207519531,10.28499984741211,17.0451602935791,3.6027259826660156,1062.427978515625,238.09579467773438,3.200000047683716,92.49712371826172,616.56201171875,29.299999237060547,594.1328125,29.299999237060547,9.861174583435059,35.93144989013672,595.0687255859375,23.686670303344727,-3.7559618949890137,27.442630767822266,16.461769104003906,3.6027259826660156,2272.0,2272.0,2272.0,0.40707430243492126,199.0,0.9303070902824402,655.3499755859375,1774.6190185546875,4.537483215332031,1.0,108.5895004272461,0.8563246726989746,655.3499755859375,3.0,0.0,22.0,14.018389701843262,143.14549255371094
309.1863098144531,10.71364974975586,17.49542999267578,3.8974390029907227,1084.3740234375,250.3990936279297,3.259150981903076,93.60563659667969,637.0253295898438,29.826330184936523,613.2791137695312,29.826330184936523,9.750065803527832,35.63724899291992,601.3853759765625,24.04520034790039,-3.312333106994629,27.35753059387207,16.851409912109375,3.8974390029907227,2175.0,2175.0,2175.0,0.3942334055900574,192.0,0.9341251254081726,655.3499755859375,1028.3909912109375,4.254621982574463,1.0,758.509521484375,0.8597726225852966,655.3499755859375,3.0,0.0,14.0,9.298521041870117,139.92889404296875
79.80948638916016,10.616379737854004,17.441539764404297,3.537919044494629,1081.9329833984375,251.2205047607422,3.2634029388427734,93.68718719482422,636.0698852539062,30.059770584106445,612.5311889648438,30.059770584106445,9.122396469116211,34.487918853759766,613.2156982421875,23.398439407348633,-3.0503640174865723,26.44879913330078,16.741540908813477,3.537919044494629,2102.0,2102.0,2102.0,0.3882173001766205,192.0,0.9007614850997925,655.3499755859375,635.6875,4.261538028717041,1.0,335.9137878417969,0.840835690498352,655.3499755859375,3.0,0.0,17.0,10.284859657287598,137.61000061035156
247.76980590820312,10.15956974029541,17.00333023071289,2.916486978530884,1052.155029296875,239.19760131835938,3.2108469009399414,92.8452377319336,612.1829833984375,29.252870559692383,590.9083862304688,29.252870559692383,8.72357177734375,33.783451080322266,620.4575805664062,22.54570960998535,-3.272480010986328,25.81818962097168,16.325220108032227,2.916486978530884,2189.0,2189.0,2189.0,0.4707092046737671,201.0,0.9515913724899292,655.3499755859375,1238.3060302734375,4.784698009490967,1.0,982.5676879882812,0.8756784796714783,655.3499755859375,3.0,0.0,38.0,24.53577995300293,140.39669799804688
54.768699645996094,10.689350128173828,17.554399490356445,3.5114760398864746,1081.759033203125,252.80059814453125,3.3515748977661133,93.92891693115234,637.6549072265625,29.884479522705078,613.6948852539062,29.884479522705078,9.044498443603516,34.18593978881836,619.548583984375,23.431350708007812,-3.024259090423584,26.455610275268555,16.854389190673828,3.5114760398864746,2069.0,2069.0,2069.0,0.3784436881542206,192.0,0.921134889125824,655.3499755859375,471.6090087890625,4.369321823120117,1.0,759.7567138671875,0.8674939274787903,655.3499755859375,3.0,0.0,19.0,13.596590042114258,136.3574981689453
199.15750122070312,10.882780075073242,17.648109436035156,4.628561973571777,1054.1629638671875,232.56809997558594,3.3923420906066895,91.52397918701172,606.94287109375,30.317119598388672,584.1251220703125,30.317119598388672,10.882929801940918,38.95446014404297,581.5079956054688,24.423860549926758,-3.5137081146240234,27.937559127807617,17.017070770263672,4.628561973571777,2345.0,2345.0,2345.0,0.44206979870796204,198.0,0.9656398892402649,655.3499755859375,546.8181762695312,4.477901935577393,1.0,1677.824951171875,0.8888717293739319,655.3499755859375,3.0,0.0,16.0,9.518769264221191,145.34190368652344
130.15089416503906,10.873590469360352,17.062599182128906,4.630393028259277,961.3602294921875,228.84730529785156,3.320955991744995,93.56123352050781,558.7437133789062,27.145469665527344,552.41357421875,27.145469665527344,9.834634780883789,38.297019958496094,562.1773071289062,23.33017921447754,-2.3382558822631836,25.668439865112305,16.45965003967285,4.630393028259277,2268.0,2268.0,2268.0,0.3973586857318878,198.0,0.9325370192527771,655.3499755859375,2217.573974609375,4.331309795379639,1.0,2354.9140625,0.8688489198684692,655.3499755859375,4.0,0.0,32.0,17.07192039489746,142.84219360351562
114.97869873046875,11.134869575500488,17.3021297454834,4.971130847930908,970.402587890625,232.85220336914062,3.305567979812622,93.80467224121094,565.9154052734375,27.676929473876953,558.6787719726562,27.676929473876953,10.540430068969727,39.45787048339844,562.1290283203125,24.09803009033203,-2.610537052154541,26.70857048034668,16.678569793701172,4.971130847930908,2062.0,2062.0,2062.0,0.4474514126777649,208.0,0.9374281167984009,655.3499755859375,2912.155029296875,5.1702141761779785,1.0,2998.93798828125,0.8629444241523743,655.3499755859375,4.0,0.0,59.0,36.71921157836914,136.01919555664062
314.93438720703125,10.883560180664062,17.096349716186523,4.54675817489624,948.1832885742188,222.26319885253906,3.4731249809265137,92.98404693603516,548.2777709960938,26.940149307250977,540.8272705078125,26.940149307250977,10.576419830322266,39.203369140625,568.5255126953125,23.87019920349121,-3.106818914413452,26.977020263671875,16.509140014648438,4.54675817489624,2136.0,2136.0,2136.0,0.32992568612098694,195.0,0.9288938045501709,655.3499755859375,1410.93603515625,4.39713716506958,1.0,3343.8310546875,0.8655707240104675,655.3499755859375,4.0,0.0,56.0,37.12958908081055,138.9282989501953
298.9508056640625,11.722439765930176,18.100040435791016,5.238764762878418,988.0814208984375,244.6721954345703,3.705193042755127,95.30400085449219,585.5720825195312,28.16275978088379,573.880615234375,28.16275978088379,10.667010307312012,38.981449127197266,584.4279174804688,24.960220336914062,-2.403687000274658,27.363910675048828,17.490259170532227,5.238764762878418,1955.0,1955.0,1955.0,0.4801498055458069,214.0,0.9473248720169067,655.3499755859375,664.086181640625,5.509026050567627,0.9609730839729309,3014.556884765625,0.8901916146278381,655.3499755859375,4.0,0.0,58.0,35.38084030151367,132.6053009033203
311.8135986328125,10.840149879455566,17.45915985107422,4.056517124176025,947.6702270507812,223.1826934814453,3.5572869777679443,93.4256591796875,549.7598266601562,26.782379150390625,543.469482421875,26.782379150390625,9.724584579467773,36.68096160888672,601.2446899414062,23.616100311279297,-2.897278070449829,26.513370513916016,16.89620018005371,4.056517124176025,2111.0,2111.0,2111.0,0.3942568898200989,198.0,0.9371303915977478,655.3499755859375,669.413330078125,4.5746989250183105,1.0,1444.9510498046875,0.8843774795532227,655.3499755859375,4.0,0.0,39.0,20.778980255126953,137.7698974609375
100.79519653320312,7.9254608154296875,15.747570037841797,0.4309650957584381,869.0731201171875,180.1804962158203,2.8257369995117188,89.63651275634766,479.0365905761719,23.021549224853516,479.0365905761719,23.021549224853516,10.296600341796875,35.77864074707031,654.561279296875,21.96116065979004,-6.8173041343688965,28.77846908569336,15.747570037841797,0.4309650957584381,2752.0,2752.0,2752.0,0.25559601187705994,181.0,0.8989349007606506,655.3499755859375,986.4714965820312,3.833220958709717,2.0,1897.3389892578125,0.7441632151603699,655.3499755859375,4.0,0.0,43.0,30.264049530029297,157.5294952392578
62.507320404052734,5.875020980834961,13.75393009185791,-1.5848170518875122,847.8303833007812,171.37120056152344,2.4013020992279053,89.83363342285156,465.4444885253906,21.113319396972656,465.4444885253906,21.113319396972656,10.35204029083252,35.9338493347168,650.6373291015625,20.023340225219727,-8.78527545928955,28.808610916137695,13.75393009185791,-1.5848170518875122,3117.0,3117.0,3117.0,0.2788133919239044,161.0,0.8495656251907349,655.3499755859375,1430.5150146484375,2.9036669731140137,2.0,2554.531005859375,0.7078906893730164,655.3499755859375,4.0,0.0,91.0,44.42866134643555,167.6916046142578
45.59981918334961,12.183540344238281,18.628889083862305,5.749967098236084,1020.1300048828125,254.93130493164062,4.043907165527344,95.27745819091797,606.4691772460938,30.500850677490234,593.9569091796875,30.500850677490234,10.521300315856934,38.86714172363281,584.3388061523438,25.491579055786133,-1.5717910528182983,27.063369750976562,17.954349517822266,5.749967098236084,1852.0,1852.0,1852.0,0.509493887424469,209.0,0.9285358190536499,655.3499755859375,85.9138412475586,5.066917896270752,1.0,5513.033203125,0.8727151155471802,655.3499755859375,4.0,0.0,71.0,41.52605056762695,129.02549743652344
241.3612060546875,9.11065673828125,17.05525016784668,1.490015983581543,880.1962280273438,187.73190307617188,2.994112968444824,89.96819305419922,489.1827087402344,24.345050811767578,488.0185852050781,24.345050811767578,10.58767032623291,35.89691925048828,665.1724243164062,23.621309280395508,-5.873544216156006,29.49485969543457,16.289339065551758,1.490015983581543,2715.0,2715.0,2715.0,0.3491719961166382,184.0,0.9365153908729553,655.3499755859375,343.0380859375,3.853800058364868,0.8363847732543945,3835.9140625,0.8017796277999878,655.3499755859375,4.0,0.0,54.0,28.90328025817871,156.34339904785156
138.35440063476562,11.486140251159668,18.34770965576172,4.541469097137451,993.4744262695312,238.68080139160156,4.06384801864624,93.39183044433594,579.9935913085938,29.9254093170166,571.30126953125,29.9254093170166,9.713947296142578,36.37202072143555,613.876708984375,24.664670944213867,-2.041351079940796,26.70602035522461,17.669160842895508,4.541469097137451,2078.0,2078.0,2078.0,0.4704275131225586,208.0,0.9112799167633057,655.3499755859375,221.60899353027344,4.942421913146973,1.0,5732.68798828125,0.8411672711372375,655.3499755859375,4.0,0.0,34.0,18.457210540771484,136.73399353027344
268.281494140625,7.433591842651367,15.258390426635742,-0.06242759898304939,854.3505859375,174.30690002441406,2.7489991188049316,89.7234878540039,468.7275085449219,22.057329177856445,468.52410888671875,22.057329177856445,10.314749717712402,35.93785095214844,654.4136962890625,21.437299728393555,-7.264357089996338,28.701650619506836,15.129220008850098,-0.06242759898304939,3168.0,3168.0,3168.0,0.34395530819892883,167.0,0.8176078796386719,655.3499755859375,615.16748046875,3.0870089530944824,2.0,4585.9140625,0.7803570032119751,655.3499755859375,4.0,0.0,65.0,35.45964813232422,168.77830505371094
271.44720458984375,11.617589950561523,18.090429306030273,5.031641960144043,992.4453125,237.78439331054688,3.9189579486846924,93.43755340576172,579.3446044921875,29.79254913330078,569.0701293945312,29.79254913330078,10.594559669494629,38.38690948486328,592.21728515625,25.139009475708008,-2.459656000137329,27.598669052124023,17.423770904541016,5.031641960144043,2089.0,2089.0,2089.0,0.496977299451828,213.0,0.9509857296943665,655.3499755859375,778.3909912109375,5.321037769317627,1.0,2003.4730224609375,0.8898184895515442,655.3499755859375,4.0,0.0,44.0,28.659719467163086,137.18899536132812
66.19967651367188,10.376139640808105,16.821319580078125,3.6489369869232178,942.0535278320312,209.99630737304688,3.700000047683716,90.73033905029297,533.037109375,28.082199096679688,528.5443115234375,28.082199096679688,10.008870124816895,37.370849609375,590.6801147460938,23.300739288330078,-3.480858087539673,26.781600952148438,16.2101993560791,3.6489369869232178,2205.0,2205.0,2205.0,0.44747740030288696,209.0,0.9150909185409546,655.3499755859375,164.08619689941406,5.239936828613281,1.0,4016.325927734375,0.8643481731414795,655.3499755859375,4.0,0.0,40.0,25.713220596313477,140.877197265625
244.0467987060547,11.193320274353027,17.618310928344727,4.640623092651367,971.7891845703125,225.81919860839844,3.7358310222625732,92.29606628417969,560.2177734375,28.626930236816406,551.947509765625,28.626930236816406,10.541569709777832,38.2847900390625,588.3300170898438,24.636869430541992,-2.897291898727417,27.534160614013672,16.965980529785156,4.640623092651367,2210.0,2210.0,2210.0,0.4700908958911896,214.0,0.9285414814949036,655.3499755859375,1294.3360595703125,5.377488136291504,1.0,1695.260009765625,0.8709173202514648,655.3499755859375,4.0,0.0,22.0,11.515999794006348,141.0695037841797
273.8711853027344,11.183170318603516,17.71980094909668,4.448521137237549,974.548828125,227.60809326171875,3.929414987564087,92.2872314453125,562.24462890625,29.91840934753418,553.8574829101562,29.91840934753418,10.326789855957031,37.65523910522461,597.923583984375,24.49917984008789,-2.9249489307403564,27.424129486083984,17.061500549316406,4.448521137237549,2072.0,2072.0,2072.0,0.5155215859413147,213.0,0.9527133703231812,655.3499755859375,108.5895004272461,5.243240833282471,1.0,2932.4609375,0.8896828293800354,655.3499755859375,4.0,0.0,38.0,25.8375301361084,136.51730346679688
188.60899353027344,10.461569786071777,16.963029861450195,3.6822988986968994,945.0820922851562,212.01840209960938,3.6889069080352783,91.0580062866211,536.2354736328125,28.026779174804688,531.6220092773438,28.026779174804688,10.04500961303711,37.33168029785156,595.618408203125,23.439130783081055,-3.4670779705047607,26.906200408935547,16.344120025634766,3.6822988986968994,2196.0,2196.0,2196.0,0.4309948980808258,208.0,0.9488322734832764,655.3499755859375,343.63238525390625,5.053147792816162,1.0,3878.532958984375,0.8648405075073242,655.3499755859375,4.0,0.0,20.0,12.10254955291748,140.60330200195312
98.23213195800781,10.816659927368164,17.160079956054688,4.426121234893799,957.5947875976562,215.00100708007812,3.685945987701416,91.0700912475586,545.1353759765625,28.462400436401367,537.4077758789062,28.462400436401367,10.77787971496582,38.73463821411133,580.4185791015625,24.430219650268555,-3.3942580223083496,27.824480056762695,16.5456600189209,4.426121234893799,2190.0,2190.0,2190.0,0.49983030557632446,211.0,0.9468082189559937,655.3499755859375,2396.6220703125,5.113757133483887,1.0,588.814697265625,0.8761088848114014,655.3499755859375,4.0,0.0,37.0,25.265729904174805,140.3527069091797
188.23309326171875,10.922149658203125,17.271339416503906,4.563066005706787,962.7946166992188,217.34010314941406,3.7622790336608887,91.17196655273438,548.64111328125,29.132129669189453,541.2465209960938,29.132129669189453,10.812359809875488,38.8349609375,580.5993041992188,24.544740676879883,-3.2962229251861572,27.84096908569336,16.657859802246094,4.563066005706787,2156.0,2156.0,2156.0,0.4411833882331848,209.0,0.9518917798995972,655.3499755859375,1868.7650146484375,4.975348949432373,1.0,803.811279296875,0.8682820796966553,655.3499755859375,4.0,0.0,49.0,32.692779541015625,139.25750732421875
94.79109191894531,12.173009872436523,18.68737030029297,5.788015842437744,1020.7069702148438,247.3343048095703,4.040923118591309,93.99263000488281,600.22900390625,31.36697006225586,587.7128295898438,31.36697006225586,11.14214038848877,39.15081024169922,591.7166748046875,26.132169723510742,-2.3267641067504883,28.45892906188965,18.010889053344727,5.788015842437744,1876.0,1876.0,1876.0,0.5151448845863342,216.0,0.9437978267669678,655.3499755859375,986.4714965820312,5.397499084472656,1.0,493.62860107421875,0.9031456708908081,655.3499755859375,4.0,9.464958566240966e-06,30.0,20.921920776367188,129.91839599609375
116.56710052490234,10.307169914245605,16.92889976501465,3.452415943145752,927.5560302734375,203.05979919433594,3.7185869216918945,90.38233184814453,522.3364868164062,27.58584976196289,516.543212890625,27.58584976196289,10.100790023803711,37.04542922973633,605.9462280273438,23.41840934753418,-3.8471839427948,27.265600204467773,16.275110244750977,3.452415943145752,2193.0,2193.0,2193.0,0.48005029559135437,207.0,0.9469460844993591,655.3499755859375,262.9111022949219,4.953865051269531,1.0,3257.8720703125,0.8738021850585938,655.3499755859375,4.0,0.0,27.0,17.37364959716797,140.47439575195312
131.6053924560547,10.695219993591309,17.085529327392578,4.071135997772217,914.6546020507812,210.89059448242188,3.5490119457244873,92.06636810302734,523.5062255859375,26.424259185791016,520.8740234375,26.424259185791016,10.532279968261719,38.535118103027344,586.9445190429688,23.811229705810547,-3.521739959716797,27.332969665527344,16.656999588012695,4.071135997772217,2412.0,2412.0,2412.0,0.5381165146827698,219.0,0.9584692120552063,655.3499755859375,1071.1739501953125,5.601902008056641,1.0,1089.0799560546875,0.8921303153038025,655.3499755859375,4.0,0.0,47.0,29.688589096069336,147.40269470214844
210.94189453125,11.505999565124512,18.139739990234375,4.8313069343566895,982.7742919921875,229.92320251464844,4.099999904632568,92.4155502319336,569.784912109375,30.933439254760742,558.5001831054688,30.933439254760742,10.532930374145508,37.58613967895508,604.6201171875,25.189199447631836,-2.8335978984832764,28.02280044555664,17.461959838867188,4.8313069343566895,2131.0,2131.0,2131.0,0.5059298872947693,208.0,0.9605404734611511,655.3499755859375,758.509521484375,5.060750961303711,1.0,1516.3509521484375,0.8945348262786865,655.3499755859375,4.0,0.0,31.0,21.18667984008789,138.4355010986328
183.7407989501953,10.068670272827148,16.3193302154541,3.5328729152679443,885.7235107421875,194.4683074951172,3.505218982696533,90.16156768798828,496.01251220703125,25.72957992553711,495.864501953125,25.72957992553711,10.628009796142578,39.00593185424805,576.7977294921875,23.045059204101562,-4.2021379470825195,27.24720001220703,16.2850399017334,3.5328729152679443,2459.0,2459.0,2459.0,0.5483834147453308,216.0,0.9469497203826904,655.3499755859375,1812.98095703125,5.4280290603637695,0.07453703880310059,1812.98095703125,0.892048180103302,655.3499755859375,4.0,0.0,46.0,27.375560760498047,148.62840270996094
272.7085876464844,11.569649696350098,18.158100128173828,5.035944938659668,984.1593017578125,228.9420928955078,4.11118221282959,92.03085327148438,568.7468872070312,30.9024600982666,557.322509765625,30.9024600982666,10.71010971069336,38.033050537109375,597.2520141601562,25.344200134277344,-2.815596103668213,28.159799575805664,17.479719161987305,5.035944938659668,2135.0,2135.0,2135.0,0.40046998858451843,204.0,0.951111912727356,655.3499755859375,1089.1739501953125,4.8616719245910645,1.0,814.3615112304688,0.8977290987968445,655.3499755859375,4.0,0.0,30.0,20.97269058227539,138.55230712890625
88.0506362915039,11.903610229492188,18.494220733642578,5.53977108001709,999.9047241210938,234.7957000732422,4.156498908996582,92.52464294433594,580.79931640625,31.101329803466797,569.0203857421875,31.101329803466797,11.084400177001953,38.89691925048828,591.5369262695312,25.864160537719727,-2.6320230960845947,28.49618911743164,17.774620056152344,5.53977108001709,2065.0,2065.0,2065.0,0.46610110998153687,209.0,0.921797513961792,655.3499755859375,1335.9139404296875,5.061286926269531,1.0,28.39097023010254,0.8875905871391296,655.3499755859375,4.0,0.06277395039796829,34.0,21.271839141845703,136.29490661621094
111.27079772949219,11.819479942321777,18.43977928161621,5.534532070159912,988.6207885742188,226.522705078125,4.309038162231445,91.32697296142578,567.8026123046875,31.302499771118164,557.4752197265625,31.302499771118164,11.315509796142578,39.554481506347656,588.2681884765625,25.703420639038086,-2.904052972793579,28.607479095458984,17.653369903564453,5.534532070159912,2081.0,2081.0,2081.0,0.4778848886489868,211.0,0.9436479210853577,655.3499755859375,917.96337890625,5.214567184448242,1.0,1188.5059814453125,0.8946437239646912,655.3499755859375,4.0,0.0,20.0,11.429929733276367,136.9217071533203
148.1020965576172,12.491239547729492,19.128429412841797,6.266355037689209,1013.81201171875,240.31930541992188,4.5,92.79379272460938,591.8831787109375,32.339088439941406,577.7003173828125,32.339088439941406,11.65112018585205,40.385711669921875,590.4735107421875,26.45992088317871,-2.389307975769043,28.84922981262207,18.3101806640625,6.266355037689209,1979.0,1979.0,1979.0,0.4524787962436676,207.0,0.952099621295929,655.3499755859375,917.96337890625,4.983290195465088,1.0,2321.678955078125,0.893815279006958,655.3499755859375,4.0,0.0,27.0,18.698509216308594,133.38870239257812
129.206298828125,12.828080177307129,19.481809616088867,6.6165947914123535,1032.551025390625,250.13900756835938,4.480565071105957,93.8294677734375,609.163818359375,32.4686393737793,592.2985229492188,32.4686393737793,11.771869659423828,40.68778991699219,591.6904296875,26.80721092224121,-2.1244521141052246,28.931659698486328,18.656410217285156,6.6165947914123535,1924.0,1924.0,1924.0,0.4659903943538666,209.0,0.9428696036338806,655.3499755859375,660.8889770507812,5.025041103363037,1.0,1295.1719970703125,0.8935521841049194,655.3499755859375,4.0,0.0,33.0,21.75909996032715,131.5334930419922
240.1322021484375,12.989500045776367,19.666980743408203,6.81496000289917,1046.258056640625,255.36959838867188,4.717765808105469,93.9458236694336,618.6442260742188,33.417640686035156,600.3651123046875,33.417640686035156,11.723369598388672,40.5152587890625,591.226318359375,26.980899810791016,-1.9548109769821167,28.935710906982422,18.820180892944336,6.81496000289917,1723.0,1723.0,1723.0,0.5229557156562805,215.0,0.946455180644989,655.3499755859375,267.4753112792969,5.495402812957764,0.14907410740852356,250.0,0.913709282875061,655.3499755859375,2.0,0.0,59.0,35.57617950439453,124.57389831542969
132.36709594726562,12.23073959350586,18.96906089782715,5.664638996124268,1007.9630126953125,244.21690368652344,4.463653087615967,93.63707733154297,592.23388671875,31.545330047607422,577.6715698242188,31.545330047607422,11.048709869384766,38.485050201416016,606.1660766601562,26.343780517578125,-2.364630937576294,28.708419799804688,18.25402069091797,5.664638996124268,1864.0,1864.0,1864.0,0.43840810656547546,203.0,0.9255868792533875,655.3499755859375,330.198486328125,4.840297222137451,0.34365540742874146,982.5676879882812,0.8846890926361084,655.3499755859375,4.0,0.0,71.0,39.58610153198242,129.5301055908203
135.7386016845703,10.14702033996582,16.334640502929688,3.7448019981384277,873.7769775390625,188.96200561523438,3.411815881729126,89.80877685546875,487.2296142578125,25.2403507232666,486.3656921386719,25.2403507232666,10.748000144958496,39.4405517578125,569.207275390625,23.136459350585938,-4.114015102386475,27.250469207763672,16.009489059448242,3.7448019981384277,2449.0,2449.0,2449.0,0.5073639750480652,214.0,0.9720680117607117,655.3499755859375,1669.6519775390625,5.332851886749268,0.6953713893890381,2300.513916015625,0.9278240203857422,655.3499755859375,4.0,0.0,27.0,18.875139236450195,148.4636993408203
139.73440551757812,8.701949119567871,15.793519973754883,1.6840699911117554,837.2064208984375,170.5092010498047,3.1958351135253906,88.5477066040039,458.3680114746094,23.48077964782715,458.3680114746094,23.48077964782715,9.390595436096191,35.587440490722656,618.0886840820312,21.69348907470703,-4.693830966949463,26.387319564819336,15.793519973754883,1.6840699911117554,2698.0,2698.0,2698.0,0.4036315977573395,198.0,0.9060602784156799,655.3499755859375,1378.095947265625,4.514357089996338,0.03902683034539223,2272.64990234375,0.8591188788414001,655.3499755859375,4.0,0.0,78.0,45.612091064453125,155.73910522460938
52.21065139770508,11.760530471801758,18.485319137573242,5.000376224517822,975.5620727539062,229.92970275878906,4.283207893371582,92.43329620361328,565.9017944335938,30.389429092407227,554.5715942382812,30.389429092407227,10.899450302124023,38.026248931884766,612.0208740234375,25.806779861450195,-2.855004072189331,28.66179084777832,17.83186912536621,5.000376224517822,1982.0,1982.0,1982.0,0.37389761209487915,191.0,0.924482524394989,655.3499755859375,513.6641235351562,4.094295978546143,1.0,328.88238525390625,0.8763465881347656,655.3499755859375,4.0,0.0003066271892748773,51.0,30.491270065307617,133.64590454101562
206.69180297851562,12.37987995147705,18.9768009185791,6.248729228973389,1027.4129638671875,237.89830017089844,4.799956798553467,91.3050308227539,592.3883056640625,34.177398681640625,579.12548828125,34.177398681640625,11.612990379333496,40.41830825805664,584.465087890625,26.329200744628906,-2.4036290645599365,28.732830047607422,18.161930084228516,6.248729228973389,2003.0,2003.0,2003.0,0.427376389503479,194.0,0.9397258758544922,655.3499755859375,1235.886962890625,4.30220890045166,0.6563447117805481,1275.04296875,0.8853468894958496,655.3499755859375,4.0,0.0,46.0,31.16398048400879,134.43130493164062
128.14340209960938,11.759710311889648,18.33708953857422,5.542140007019043,981.1484985351562,219.4958953857422,4.33811616897583,90.2873764038086,558.6135864257812,31.883289337158203,547.3958129882812,31.883289337158203,11.379730224609375,39.86882019042969,584.8577880859375,25.694150924682617,-2.849091053009033,28.54323959350586,17.57982063293457,5.542140007019043,2099.0,2099.0,2099.0,0.5728865265846252,219.0,0.9625157117843628,655.3499755859375,335.9137878417969,5.48288106918335,0.8864361047744751,1626.3160400390625,0.8976894021034241,655.3499755859375,4.0,0.0,17.0,10.991530418395996,137.33360290527344
190.03939819335938,11.063190460205078,17.57069969177246,4.6529011726379395,924.0241088867188,200.89129638671875,4.060418128967285,89.40376281738281,518.413330078125,29.298059463500977,513.0042114257812,29.298059463500977,11.00790023803711,38.95220947265625,584.343994140625,24.669530868530273,-3.5908889770507812,28.260419845581055,16.86149024963379,4.6529011726379395,2243.0,2243.0,2243.0,0.427203893661499,202.0,0.9381790161132812,655.3499755859375,1038.7320556640625,4.546082973480225,1.0,1588.0360107421875,0.8828691840171814,655.3499755859375,4.0,0.0,34.0,17.493610382080078,142.09719848632812
31.312440872192383,11.487520217895508,18.039600372314453,5.17247200012207,934.0720825195312,206.089599609375,4.212141990661621,89.92964172363281,527.6724243164062,29.64019012451172,521.1239013671875,29.64019012451172,11.205690383911133,39.61521911621094,583.280029296875,25.08547019958496,-3.1998019218444824,28.28527069091797,17.228010177612305,5.17247200012207,2186.0,2186.0,2186.0,0.4042622148990631,190.0,0.9394459128379822,655.3499755859375,888.8270874023438,4.204668998718262,1.0,1990.197021484375,0.8863821029663086,655.3499755859375,4.0,0.0,46.0,32.16788101196289,140.29930114746094
206.17039489746094,11.626469612121582,18.215740203857422,5.417332172393799,963.5977172851562,209.7393035888672,4.461512088775635,88.9796371459961,541.2202758789062,31.698049545288086,531.4935302734375,31.698049545288086,11.404850006103516,40.27219009399414,580.7481079101562,25.455989837646484,-2.8635120391845703,28.319499969482422,17.363250732421875,5.417332172393799,2144.0,2144.0,2144.0,0.46126240491867065,203.0,0.9412356019020081,655.3499755859375,1204.56201171875,4.8434672355651855,0.8864361047744751,2144.487060546875,0.8922274708747864,655.3499755859375,4.0,0.0,55.0,33.98582077026367,138.8778076171875
124.2677001953125,10.012080192565918,16.708890914916992,3.255768060684204,867.7047729492188,181.15989685058594,3.6256461143493652,88.30634307861328,477.86920166015625,26.05215072631836,477.86920166015625,26.05215072631836,9.805001258850098,37.125850677490234,593.8314208984375,22.681440353393555,-3.7263379096984863,26.407779693603516,16.708890914916992,3.255768060684204,2659.0,2659.0,2659.0,0.4028347134590149,210.0,0.9688379764556885,655.3499755859375,1643.2010498046875,5.1347432136535645,0.03902683034539223,1670.197998046875,0.8862587213516235,655.3499755859375,4.0,0.0,29.0,18.664640426635742,154.591796875
133.71560668945312,12.219420433044434,18.469440460205078,6.124423980712891,957.7338256835938,225.54110717773438,4.390669822692871,91.98483276367188,553.0197143554688,30.123659133911133,545.34521484375,30.123659133911133,11.202779769897461,40.69942092895508,565.8967895507812,25.9239501953125,-1.6013799905776978,27.52532958984375,17.804380416870117,6.124423980712891,1757.0,1757.0,1757.0,0.5294988751411438,218.0,0.9690688252449036,655.3499755859375,108.5895004272461,5.62560510635376,0.03902683034539223,2004.178955078125,0.8968673944473267,655.3499755859375,4.0,0.0,36.0,19.847379684448242,125.69280242919922
296.1597900390625,13.475170135498047,20.180280685424805,7.388337135314941,1055.3380126953125,259.8782958984375,5.081170082092285,94.38816833496094,626.8978881835938,34.44422149658203,609.4188232421875,34.44422149658203,11.961930274963379,41.752201080322266,592.3167724609375,27.49094009399414,-1.1591390371322632,28.65007972717285,19.215770721435547,7.388337135314941,1908.0,1908.0,1908.0,0.42253369092941284,201.0,0.9516850113868713,655.3499755859375,780.918212890625,4.825438976287842,1.0,2033.6729736328125,0.8902100920677185,655.3499755859375,4.0,0.0,40.0,26.76689910888672,131.0124053955078
162.68130493164062,12.526630401611328,19.115219116210938,6.471114158630371,999.5941772460938,224.9456024169922,4.906740188598633,90.2901611328125,571.4049072265625,33.7044792175293,559.345703125,33.7044792175293,11.771269798278809,41.65066909790039,577.5018920898438,26.207929611206055,-2.0555601119995117,28.263479232788086,18.15591049194336,6.471114158630371,1945.0,1945.0,1945.0,0.5290982723236084,210.0,0.9535275101661682,655.3499755859375,471.6090087890625,5.301809787750244,1.0,3402.318115234375,0.910679817199707,655.3499755859375,4.0,0.0,19.0,12.124500274658203,132.33279418945312
220.3704071044922,8.577863693237305,16.2210693359375,1.1393020153045654,845.0095825195312,162.38870239257812,3.4609038829803467,87.16908264160156,458.3764953613281,24.966529846191406,458.3764953613281,24.966529846191406,10.073610305786133,35.492401123046875,646.5396728515625,22.51555061340332,-5.866526126861572,28.382080078125,16.2210693359375,1.1393020153045654,2983.0,2983.0,2983.0,0.30712321400642395,179.0,0.8554397225379944,655.3499755859375,414.1402893066406,3.711658000946045,1.3907430171966553,9016.8837890625,0.7870568037033081,655.3499755859375,4.0,0.0,29.0,18.698549270629883,163.74960327148438
314.2524108886719,10.450010299682617,17.966270446777344,2.8795289993286133,912.4260864257812,188.5677032470703,4.438652038574219,87.68562316894531,499.92510986328125,29.777690887451172,498.7398986816406,29.777690887451172,10.187729835510254,36.07345962524414,655.2274169921875,24.112279891967773,-4.129158020019531,28.241430282592773,17.317190170288086,2.8795289993286133,2107.0,2107.0,2107.0,0.4376404881477356,207.0,0.9260885715484619,655.3499755859375,312.239501953125,5.050810813903809,1.8509260416030884,5385.2080078125,0.8669193983078003,655.3499755859375,4.0,0.0,60.0,32.947689056396484,137.66549682617188
92.10685729980469,11.586939811706543,18.10964012145996,5.090217113494873,964.531494140625,211.20669555664062,4.816805839538574,89.18734741210938,542.7020874023438,32.379150390625,535.468017578125,32.379150390625,10.851719856262207,38.648529052734375,584.00830078125,25.211170196533203,-2.8620970249176025,28.073270797729492,17.437089920043945,5.090217113494873,1953.0,1953.0,1953.0,0.4016622006893158,197.0,0.9332839250564575,655.3499755859375,705.6680297851562,4.511355876922607,0.07805366814136505,4243.52490234375,0.8917438983917236,655.3499755859375,4.0,0.0,47.0,28.993019104003906,132.5417022705078
103.45269775390625,10.48861026763916,18.014650344848633,2.9457550048828125,911.0455932617188,187.63519287109375,4.49972677230835,87.2308578491211,497.3340148925781,30.435409545898438,496.9299011230469,30.435409545898438,10.235250473022461,36.167030334472656,654.7504272460938,24.212499618530273,-4.087433815002441,28.299930572509766,17.962350845336914,2.9457550048828125,2192.0,2192.0,2192.0,0.4600417912006378,207.0,0.9196227788925171,655.3499755859375,493.62860107421875,4.984082221984863,0.34365540742874146,5689.31982421875,0.8561859130859375,655.3499755859375,4.0,0.0,38.0,24.48785972595215,140.26890563964844
182.59410095214844,10.800909996032715,17.773069381713867,3.6328859329223633,923.7581176757812,192.61509704589844,4.840118885040283,87.5483169555664,507.9884033203125,31.426929473876953,505.7491149902344,31.426929473876953,10.062190055847168,36.55841064453125,624.6036987304688,23.991239547729492,-3.5328071117401123,27.52404022216797,17.103729248046875,3.6328859329223633,2171.0,2171.0,2171.0,0.406444787979126,197.0,0.9501212239265442,655.3499755859375,588.814697265625,4.43072509765625,1.0,6051.22412109375,0.8766961097717285,655.3499755859375,4.0,0.0,72.0,40.569969177246094,139.48109436035156
142.2653045654297,10.957559585571289,18.436260223388672,3.445214033126831,936.4105224609375,200.6320037841797,4.686089992523193,88.39684295654297,520.3316040039062,31.4495792388916,516.7280883789062,31.4495792388916,10.205220222473145,36.12757873535156,654.5452270507812,24.684219360351562,-3.562272071838379,28.246490478515625,17.901330947875977,3.445214033126831,2028.0,2028.0,2028.0,0.46209049224853516,211.0,0.9240823984146118,655.3499755859375,262.9111022949219,5.07155704498291,0.9254630208015442,5668.97705078125,0.8756226897239685,655.3499755859375,4.0,0.0,83.0,42.471588134765625,134.8491973876953
135.56689453125,10.859330177307129,18.229360580444336,3.3974950313568115,928.530517578125,196.22860717773438,4.586432933807373,87.90653991699219,512.3582763671875,31.418779373168945,510.17559814453125,31.418779373168945,10.084650039672852,35.998321533203125,649.7484130859375,24.431110382080078,-3.5822739601135254,28.013389587402344,17.496349334716797,3.3974950313568115,2100.0,2100.0,2100.0,0.4809842109680176,210.0,0.9579905271530151,655.3499755859375,426.9971923828125,5.170236110687256,1.0,5164.0859375,0.8939304947853088,655.3499755859375,4.0,0.0,60.0,36.70709991455078,137.38259887695312
179.60450744628906,15.259329795837402,21.60586929321289,9.671942710876465,1170.6689453125,305.7161865234375,6.4052958488464355,96.86588287353516,715.0841064453125,41.315059661865234,686.2562255859375,41.315059661865234,12.28693962097168,42.81224060058594,573.3386840820312,28.65373992919922,-0.046167779713869095,28.699909210205078,20.872190475463867,9.671942710876465,1493.0,1493.0,1493.0,0.5785263180732727,211.0,0.9384533166885376,655.3499755859375,345.8348083496094,5.14862585067749,1.772871971130371,85.9138412475586,0.9018421769142151,655.3499755859375,4.0,0.4994465112686157,44.0,28.99311065673828,115.94490051269531
151.27490234375,11.402739524841309,18.998600006103516,3.9856131076812744,916.3842163085938,201.80960083007812,4.394530773162842,89.54971313476562,515.015625,30.010610580444336,514.1306762695312,30.010610580444336,10.288579940795898,35.62881088256836,653.9400024414062,25.692750930786133,-3.1836719512939453,28.876419067382812,18.82002067565918,3.9856131076812744,2030.0,2030.0,2030.0,0.4363288879394531,209.0,0.9030830264091492,655.3499755859375,164.08619689941406,5.151920795440674,2.0,10692.7802734375,0.878045380115509,655.3499755859375,4.0,0.0,37.0,23.378740310668945,135.06289672851562
317.97259521484375,12.208609580993652,18.926250457763672,5.473597049713135,1011.35400390625,232.21189880371094,5.428851127624512,90.1986083984375,578.5610961914062,35.87174987792969,568.73681640625,35.87174987792969,11.095009803771973,38.644840240478516,603.3109130859375,26.089550018310547,-2.6226799488067627,28.712230682373047,18.217479705810547,5.473597049713135,1970.0,1970.0,1970.0,0.36038801074028015,197.0,0.9650353193283081,655.3499755859375,828.6527709960938,4.475464820861816,0.1135639026761055,4800.875,0.8756524920463562,655.3499755859375,4.0,0.0,57.0,37.52996063232422,132.9365997314453
203.7303009033203,13.901789665222168,20.17053985595703,8.22945785522461,1047.0660400390625,243.1508026123047,5.786420822143555,90.47734832763672,603.6168823242188,37.77914047241211,588.2374267578125,37.77914047241211,12.345210075378418,43.414188385009766,563.8258056640625,27.36033058166504,-1.0756880044937134,28.436019897460938,19.42041015625,8.22945785522461,1827.0,1827.0,1827.0,0.48876190185546875,207.0,0.9410461783409119,655.3499755859375,221.60899353027344,5.015445232391357,1.0,1419.3070068359375,0.8940007090568542,655.3499755859375,4.0,0.0,41.0,27.046459197998047,128.1121063232422
161.30560302734375,12.482839584350586,18.801509857177734,6.76085901260376,965.20751953125,202.52330017089844,5.476757049560547,86.42920684814453,530.7249145507812,35.50035095214844,524.359619140625,35.50035095214844,12.253990173339844,43.390628814697266,557.6531982421875,26.18328094482422,-2.0579071044921875,28.24118995666504,18.00358009338379,6.76085901260376,2227.0,2227.0,2227.0,0.3873955011367798,197.0,0.9279751777648926,655.3499755859375,221.60899353027344,4.38106107711792,1.0,2302.79296875,0.8629788160324097,655.3499755859375,4.0,0.0,31.0,21.37911033630371,141.5457000732422
296.62799072265625,13.341279983520508,19.69709014892578,7.53886604309082,1023.6220092773438,229.6302032470703,5.732828140258789,89.20427703857422,581.5584716796875,37.38629913330078,569.7125854492188,37.38629913330078,12.178119659423828,42.979000091552734,565.7938842773438,27.028369903564453,-1.307108998298645,28.335479736328125,18.968769073486328,7.53886604309082,1849.0,1849.0,1849.0,0.4981296956539154,202.0,0.9166247248649597,655.3499755859375,181.5614013671875,4.510862827301025,0.9254630208015442,3085.180908203125,0.8808850049972534,655.3499755859375,4.0,0.0,57.0,32.103538513183594,128.8856964111328
158.31129455566406,9.911664962768555,17.37851905822754,2.4443910121917725,884.102783203125,172.2928009033203,4.497787952423096,85.79083251953125,474.5657958984375,29.931400299072266,474.5657958984375,29.931400299072266,10.181710243225098,36.130550384521484,645.1176147460938,23.56178092956543,-4.615822792053223,28.177610397338867,17.37851905822754,2.4443910121917725,2600.0,2600.0,2600.0,0.31201010942459106,194.0,0.9263569116592407,655.3499755859375,791.95068359375,4.371492862701416,0.07453703880310059,2148.47607421875,0.796480119228363,655.3499755859375,4.0,0.0,64.0,33.56660079956055,152.88259887695312
155.81460571289062,7.946610927581787,15.71776008605957,0.4264152944087982,839.4036865234375,153.37899780273438,3.8027639389038086,85.54508209228516,443.7668151855469,26.104249954223633,443.7668151855469,26.104249954223633,10.877429962158203,36.9281005859375,647.0446166992188,22.33772087097168,-7.1178297996521,29.455549240112305,15.71776008605957,0.4264152944087982,2583.0,2583.0,2583.0,0.301484614610672,197.0,0.9202427864074707,655.3499755859375,281.5452880859375,4.588604927062988,1.0,2981.60205078125,0.8432474732398987,655.3499755859375,4.0,0.0,51.0,29.480730056762695,152.4405059814453
265.755615234375,11.242389678955078,18.205530166625977,4.174831867218018,901.2667846679688,191.2606964111328,4.498593807220459,88.35265350341797,498.7043151855469,30.216859817504883,498.63409423828125,30.216859817504883,10.360779762268066,36.842201232910156,621.975830078125,24.69886016845703,-3.422544002532959,28.121410369873047,18.049659729003906,4.174831867218018,2052.0,2052.0,2052.0,0.4673464000225067,215.0,0.9878525137901306,655.3499755859375,547.9525146484375,5.39155912399292,2.0,8414.330078125,0.9033066034317017,655.3499755859375,4.0,0.0,41.0,25.709619522094727,135.78700256347656
195.25669860839844,12.235610008239746,18.585309982299805,6.374660015106201,971.4993286132812,204.32150268554688,5.411013126373291,87.0755386352539,535.6126708984375,34.64759826660156,530.0952758789062,34.64759826660156,11.919989585876465,42.34403991699219,560.4973754882812,26.063039779663086,-2.0865769386291504,28.149620056152344,17.845970153808594,6.374660015106201,2089.0,2089.0,2089.0,0.47362399101257324,206.0,0.9147517085075378,655.3499755859375,221.60899353027344,4.778007984161377,0.9609730839729309,3475.666015625,0.8735700845718384,655.3499755859375,4.0,0.0,35.0,24.078819274902344,137.11399841308594
207.2548065185547,12.372879981994629,18.710739135742188,6.562771797180176,971.71142578125,206.18240356445312,5.5180511474609375,87.15247344970703,537.5557250976562,35.13698959350586,530.8211059570312,35.13698959350586,12.027739524841309,42.56140899658203,558.8657836914062,26.24295997619629,-2.0160679817199707,28.259029388427734,17.910749435424805,6.562771797180176,2076.0,2076.0,2076.0,0.4502018988132477,200.0,0.9180533289909363,655.3499755859375,528.3909912109375,4.522616863250732,0.8864361047744751,2837.1650390625,0.844612181186676,655.3499755859375,4.0,0.0,44.0,29.072629928588867,136.6320037841797
239.7696990966797,11.492070198059082,18.692720413208008,4.297123908996582,919.1160278320312,200.4385986328125,4.635927200317383,89.60272216796875,515.2379150390625,29.653209686279297,513.19677734375,29.653209686279297,10.365260124206543,36.45112991333008,636.4349975585938,25.348779678344727,-3.085973024368286,28.434749603271484,18.007150650024414,4.297123908996582,2031.0,2031.0,2031.0,0.42888760566711426,207.0,0.9698147773742676,655.3499755859375,376.8866882324219,5.0386810302734375,0.6873108148574829,6432.19091796875,0.9168257117271423,655.3499755859375,2.0,0.0,43.0,26.87640953063965,135.2769012451172
239.80520629882812,10.858539581298828,18.146360397338867,3.6783790588378906,884.2559204101562,181.4031982421875,4.369377136230469,87.4069595336914,485.3848876953125,29.35926055908203,485.3848876953125,29.35926055908203,10.106599807739258,36.00606918334961,630.5012817382812,24.556089401245117,-3.512989044189453,28.069080352783203,18.146360397338867,3.6783790588378906,2307.0,2307.0,2307.0,0.458024799823761,215.0,0.9434931874275208,655.3499755859375,526.7169799804688,5.523838043212891,2.0,7437.7109375,0.8677281141281128,655.3499755859375,4.0,0.0,32.0,21.435819625854492,144.07090759277344
26.255199432373047,10.634880065917969,17.053369522094727,4.260654926300049,937.7415771484375,186.952392578125,5.240944862365723,86.07544708251953,507.51739501953125,33.32667922973633,505.37310791015625,33.32667922973633,10.841469764709473,39.170188903808594,574.7360229492188,24.087739944458008,-3.5915579795837402,27.67930030822754,16.706039428710938,4.260654926300049,2336.0,2336.0,2336.0,0.4532071053981781,202.0,0.9569166898727417,655.3499755859375,1295.5810546875,4.649406909942627,0.3046286106109619,1839.197021484375,0.8627920746803284,655.3499755859375,4.0,0.0,52.0,32.7458381652832,144.79910278320312
317.9988098144531,10.899459838867188,18.52058982849121,3.5212740898132324,889.3934936523438,182.89239501953125,4.44826602935791,87.93334197998047,488.439697265625,28.52448081970215,488.3793029785156,28.52448081970215,10.531279563903809,36.39263153076172,648.91259765625,25.22439956665039,-3.712894916534424,28.937299728393555,18.455219268798828,3.5212740898132324,2173.0,2173.0,2173.0,0.4559763967990875,210.0,0.9499495029449463,655.3499755859375,578.82958984375,5.22472620010376,1.0,3118.449951171875,0.9040154218673706,655.3499755859375,2.0,0.0,37.0,23.308929443359375,139.7218017578125
66.68292236328125,8.102699279785156,15.582679748535156,0.8052800893783569,845.2015991210938,154.55479431152344,4.1426568031311035,84.93641662597656,443.3057861328125,27.321279525756836,443.3057861328125,27.321279525756836,10.514579772949219,36.93272018432617,627.2738037109375,21.932750701904297,-6.534934997558594,28.467689514160156,15.582679748535156,0.8052800893783569,2787.0,2787.0,2787.0,0.3056114912033081,160.0,0.7824596762657166,655.3499755859375,164.08619689941406,2.935666084289551,1.8509260416030884,408.4248962402344,0.7171911001205444,655.3499755859375,4.0,0.0,64.0,38.24760818481445,158.5222930908203
142.07640075683594,10.73108959197998,18.210670471191406,3.403738021850586,879.672607421875,177.16709899902344,4.452980041503906,87.2664566040039,480.6404113769531,29.020469665527344,480.4974060058594,29.020469665527344,10.241410255432129,36.05120849609375,640.438720703125,24.75312042236328,-3.6534879207611084,28.4066104888916,18.055749893188477,3.403738021850586,2197.0,2197.0,2197.0,0.5546383857727051,216.0,0.9595347046852112,655.3499755859375,262.9111022949219,5.5720438957214355,0.9254630208015442,2637.7548828125,0.8959326148033142,655.3499755859375,4.0,0.0,63.0,38.970829010009766,140.47360229492188
197.20260620117188,8.513822555541992,16.205249786376953,1.121034026145935,823.3308715820312,151.29539489746094,3.5999999046325684,86.67063903808594,437.5762023925781,23.858789443969727,437.5762023925781,23.858789443969727,11.223299980163574,37.55937957763672,637.8076782226562,23.303030014038086,-6.578591823577881,29.881620407104492,16.205249786376953,1.121034026145935,2783.0,2783.0,2783.0,0.3049306869506836,189.0,0.9309939742088318,655.3499755859375,335.9137878417969,4.320637226104736,1.0,2112.7880859375,0.87762451171875,655.3499755859375,2.0,0.0,74.0,42.55855941772461,158.20680236816406
179.81629943847656,10.844459533691406,18.540359497070312,3.4036130905151367,885.9727172851562,179.81739807128906,4.370264053344727,87.74739074707031,485.6781921386719,28.305219650268555,485.3785095214844,28.305219650268555,10.593720436096191,36.42831039428711,650.3529052734375,25.26038932800293,-3.8180410861968994,29.07843017578125,18.12421989440918,3.4036130905151367,2104.0,2104.0,2104.0,0.543640673160553,212.0,0.9616377949714661,655.3499755859375,414.1402893066406,5.314297199249268,0.03902683034539223,1533.262939453125,0.9070652723312378,655.3499755859375,4.0,0.0,54.0,34.02790832519531,137.61880493164062
219.96640014648438,10.475000381469727,17.666959762573242,3.354538917541504,869.0062866210938,170.46490478515625,4.3820037841796875,86.67001342773438,472.3175048828125,28.41752052307129,472.3175048828125,28.41752052307129,10.276100158691406,36.649940490722656,623.3092041015625,24.070539474487305,-3.9675118923187256,28.038049697875977,17.666959762573242,3.354538917541504,2299.0,2299.0,2299.0,0.3974461853504181,204.0,0.9446452260017395,655.3499755859375,507.465087890625,4.780226230621338,1.9219460487365723,3976.77099609375,0.8698428273200989,655.3499755859375,4.0,0.0,33.0,21.374319076538086,143.92529296875
208.1033935546875,10.251839637756348,18.071670532226562,2.720823049545288,869.4688720703125,169.9842987060547,4.148717880249023,87.00025939941406,470.82611083984375,27.685850143432617,470.82611083984375,27.685850143432617,11.06091022491455,36.93585968017578,654.0272216796875,25.136619567871094,-4.809014797210693,29.945640563964844,18.071670532226562,2.720823049545288,2294.0,2294.0,2294.0,0.5057328939437866,211.0,0.9536746144294739,655.3499755859375,572.847412109375,5.29128885269165,1.0,761.4760131835938,0.9129363894462585,655.3499755859375,2.0,0.0,36.0,25.80337905883789,143.66200256347656
274.5622863769531,8.340927124023438,15.927639961242676,1.0403870344161987,847.9536743164062,155.62710571289062,3.999785900115967,85.11370849609375,444.39239501953125,27.108539581298828,444.39239501953125,27.108539581298828,10.822429656982422,36.9834098815918,630.536376953125,22.635419845581055,-6.626570224761963,29.26198959350586,15.927639961242676,1.0403870344161987,2928.0,2928.0,2928.0,0.3215624988079071,181.0,0.9321259260177612,655.3499755859375,827.7230834960938,3.868588924407959,0.22712770104408264,1338.1510009765625,0.8218662738800049,655.3499755859375,4.0,0.0,33.0,20.314340591430664,162.20790100097656
114.05439758300781,9.959954261779785,17.703340530395508,2.4404940605163574,859.8231811523438,165.6094970703125,4.2873687744140625,86.32032012939453,462.0596923828125,27.913930892944336,462.0596923828125,27.913930892944336,10.539509773254395,36.15108108520508,651.2927856445312,24.45539093017578,-4.69437313079834,29.14975929260254,17.703340530395508,2.4404940605163574,2229.0,2229.0,2229.0,0.5341331958770752,210.0,0.9590569734573364,655.3499755859375,471.6090087890625,5.240018844604492,1.0,262.9111022949219,0.8971989750862122,655.3499755859375,4.0,0.0,41.0,26.818370819091797,141.62660217285156
134.83309936523438,11.976630210876465,18.35987091064453,6.107936859130859,974.0676879882812,191.9365997314453,5.751229763031006,84.62254333496094,525.6875,36.85892868041992,519.427001953125,36.85892868041992,11.90684986114502,42.23059844970703,564.4119262695312,25.894529342651367,-2.2997078895568848,28.194229125976562,17.59868049621582,6.107936859130859,2122.0,2122.0,2122.0,0.4085291028022766,199.0,0.942543089389801,655.3499755859375,359.2687072753906,4.406970024108887,1.0,2292.320068359375,0.851468026638031,655.3499755859375,4.0,0.0,20.0,12.552720069885254,138.0792999267578
179.8220977783203,9.762370109558105,17.55590057373047,2.2563400268554688,852.3535766601562,160.9528045654297,4.050250053405762,86.48931884765625,457.5830078125,26.934040069580078,457.5830078125,26.934040069580078,11.008040428161621,36.8862190246582,650.162109375,24.57946014404297,-5.263053894042969,29.842510223388672,17.55590057373047,2.2563400268554688,2500.0,2500.0,2500.0,0.40034571290016174,203.0,0.943421483039856,655.3499755859375,725.0347290039062,4.948913097381592,1.0,725.0347290039062,0.895527720451355,655.3499755859375,2.0,0.0,45.0,28.268070220947266,149.92630004882812
263.144287109375,9.55040168762207,16.941240310668945,2.3588109016418457,844.35791015625,156.45249938964844,4.134840965270996,85.34166717529297,450.2362060546875,28.032180786132812,450.2362060546875,28.032180786132812,9.93470287322998,35.69295120239258,625.0740966796875,23.186189651489258,-4.647522926330566,27.833709716796875,16.941240310668945,2.3588109016418457,2504.0,2504.0,2504.0,0.4459918141365051,198.0,0.8832643032073975,655.3499755859375,1038.7320556640625,4.609753131866455,1.8509260416030884,3816.125,0.8397278189659119,655.3499755859375,0.0,0.0,24.0,15.916449546813965,150.09609985351562
123.63349914550781,9.091412544250488,16.700910568237305,1.5802420377731323,833.385498046875,153.79879760742188,4.011767864227295,85.7242202758789,442.30230712890625,26.105880737304688,442.30230712890625,26.105880737304688,10.155509948730469,35.48152160644531,645.047119140625,23.200260162353516,-5.421319007873535,28.621580123901367,16.700910568237305,1.5802420377731323,2569.0,2569.0,2569.0,0.42496299743652344,205.0,0.9380397200584412,655.3499755859375,300.4914855957031,4.998990058898926,0.07453703880310059,588.814697265625,0.8870896100997925,655.3499755859375,4.0,0.0,35.0,20.99250030517578,151.94769287109375
316.1969909667969,8.768726348876953,16.53553009033203,1.3162260055541992,832.0557250976562,154.1092071533203,4.039811134338379,86.01262664794922,441.1535949707031,26.18596076965332,441.1535949707031,26.18596076965332,11.176400184631348,37.21002960205078,643.71337890625,23.61417007446289,-6.421072959899902,30.035249710083008,16.53553009033203,1.3162260055541992,2616.0,2616.0,2616.0,0.4132612943649292,200.0,0.9258521199226379,655.3499755859375,426.9971923828125,4.772809028625488,1.0,725.0347290039062,0.8946815133094788,655.3499755859375,2.0,0.0,48.0,28.833629608154297,153.44070434570312
114.09989929199219,9.202254295349121,16.672319412231445,2.038917064666748,836.9116821289062,154.5316925048828,3.9990170001983643,85.28288269042969,445.0098876953125,27.765079498291016,445.0098876953125,27.765079498291016,10.154640197753906,36.12071990966797,622.1868286132812,22.983850479125977,-5.122286796569824,28.10614013671875,16.672319412231445,2.038917064666748,2580.0,2580.0,2580.0,0.48357871174812317,197.0,0.8747512102127075,655.3499755859375,794.5695190429688,4.266538143157959,2.0,4429.44580078125,0.8567013144493103,655.3499755859375,0.0,0.0,41.0,24.118709564208984,152.44239807128906
292.1278991699219,8.43585205078125,16.146560668945312,1.0382930040359497,830.2794799804688,153.03750610351562,4.082627773284912,85.95482635498047,438.9642028808594,26.0251407623291,438.9642028808594,26.0251407623291,11.411219596862793,37.90877151489258,636.7476806640625,23.32288932800293,-6.778985023498535,30.101869583129883,16.146560668945312,1.0382930040359497,2580.0,2580.0,2580.0,0.34632009267807007,201.0,0.9404790997505188,655.3499755859375,85.9138412475586,5.009749889373779,1.0,1025.0880126953125,0.8322005867958069,655.3499755859375,2.0,0.0,38.0,25.985179901123047,152.2938995361328
117.1511001586914,10.189169883728027,17.689590454101562,2.971492052078247,906.2349243164062,172.76649475097656,4.946773052215576,85.38337707519531,483.8409118652344,31.25140953063965,483.8409118652344,31.25140953063965,10.913479804992676,37.71466827392578,632.361572265625,24.30820083618164,-4.630023002624512,28.93821907043457,17.689590454101562,2.971492052078247,2148.0,2148.0,2148.0,0.49992379546165466,208.0,0.8843271136283875,655.3499755859375,262.9111022949219,5.009965896606445,1.312688946723938,2736.10400390625,0.8727337718009949,655.3499755859375,4.0,0.0,51.0,30.67987060546875,138.92050170898438
288.93719482421875,11.624990463256836,18.382709503173828,5.02342414855957,981.3171997070312,207.3769073486328,5.665215969085693,87.89260864257812,545.9063110351562,34.35367965698242,539.3248901367188,34.35367965698242,10.600119590759277,38.5400505065918,595.4616088867188,25.219480514526367,-2.2855279445648193,27.5050106048584,17.865280151367188,5.02342414855957,1967.0,1967.0,1967.0,0.44136789441108704,202.0,0.9500648975372314,655.3499755859375,469.05230712890625,4.749725818634033,2.0,2928.43505859375,0.8867089748382568,655.3499755859375,4.0,0.0,51.0,31.11890983581543,132.96310424804688
116.15409851074219,10.059659957885742,16.462190628051758,3.717689037322998,928.03369140625,171.2136993408203,5.651799201965332,83.43829345703125,487.06878662109375,35.055519104003906,485.51251220703125,35.055519104003906,10.719289779663086,38.334449768066406,572.4439697265625,23.652280807495117,-4.310379981994629,27.96265983581543,16.130390167236328,3.717689037322998,2270.0,2270.0,2270.0,0.4280683994293213,182.0,0.9353528022766113,655.3499755859375,854.0759887695312,3.4102931022644043,0.3046286106109619,2181.68505859375,0.8307023048400879,655.3499755859375,4.0,0.0,40.0,26.178760528564453,143.01449584960938
173.32220458984375,10.906970024108887,17.394119262695312,4.519229888916016,966.5,187.68130493164062,6.0136637687683105,84.3334732055664,517.6727905273438,36.40068054199219,513.43017578125,36.40068054199219,10.973090171813965,38.818870544433594,579.998291015625,24.665729522705078,-3.599634885787964,28.26535987854004,16.685070037841797,4.519229888916016,2112.0,2112.0,2112.0,0.4523093104362488,193.0,0.9375702738761902,655.3499755859375,1185.2449951171875,3.832127094268799,0.07453703880310059,1862.1739501953125,0.8577783107757568,655.3499755859375,4.0,0.0,30.0,18.01388931274414,137.86270141601562
73.14592742919922,9.641551971435547,16.000850677490234,3.3582510948181152,907.7490234375,161.63279724121094,5.448325157165527,82.91233825683594,470.1867980957031,34.09239959716797,470.106201171875,34.09239959716797,10.72344970703125,38.41994857788086,567.0421142578125,23.20186996459961,-4.7087202072143555,27.91058921813965,15.978639602661133,3.3582510948181152,2309.0,2309.0,2309.0,0.3787735104560852,185.0,0.9063643217086792,655.3499755859375,337.32269287109375,3.536586046218872,1.0,2695.97900390625,0.7901204228401184,655.3499755859375,4.0,0.0,17.0,9.287040710449219,144.18099975585938
330.4501037597656,8.25851821899414,15.7056303024292,1.1130410432815552,825.3441772460938,152.0626983642578,3.8815460205078125,85.8619384765625,434.6263122558594,25.695899963378906,434.6263122558594,25.695899963378906,11.485099792480469,39.10422134399414,617.3751220703125,22.855649948120117,-6.51532506942749,29.37097930908203,15.7056303024292,1.1130410432815552,2699.0,2699.0,2699.0,0.3806619942188263,202.0,0.8585119247436523,655.3499755859375,181.5614013671875,4.699178218841553,1.0,1028.3909912109375,0.8791438937187195,655.3499755859375,2.0,0.0,48.0,28.902830123901367,155.8863983154297
312.5647888183594,8.956911087036133,16.6270809173584,1.6556040048599243,826.047607421875,152.5102996826172,3.811034917831421,85.63439178466797,436.6960144042969,26.1170597076416,436.6960144042969,26.1170597076416,11.285329818725586,37.75376892089844,634.0921020507812,23.79697036743164,-6.090693950653076,29.887659072875977,16.6270809173584,1.6556040048599243,2652.0,2652.0,2652.0,0.3326902985572815,196.0,0.9267066121101379,655.3499755859375,1535.386962890625,4.437060832977295,0.1135639026761055,2139.06201171875,0.8864207863807678,655.3499755859375,2.0,0.0,34.0,23.925519943237305,154.44459533691406
263.04058837890625,8.267088890075684,15.709830284118652,1.173746943473816,823.42138671875,152.00759887695312,3.8941879272460938,85.93435668945312,433.59710693359375,25.353740692138672,433.59710693359375,25.353740692138672,11.557160377502441,39.20463180541992,615.3762817382812,22.946809768676758,-6.533034801483154,29.479839324951172,15.709830284118652,1.173746943473816,2518.0,2518.0,2518.0,0.40072330832481384,205.0,0.9296541810035706,655.3499755859375,457.69140625,4.895891189575195,1.0,278.3909912109375,0.8756046295166016,655.3499755859375,2.0,0.0,28.0,18.765260696411133,150.481201171875
83.10758972167969,6.579300880432129,14.030790328979492,-0.3753916025161743,807.9078979492188,154.34129333496094,3.700000047683716,86.16223907470703,425.326904296875,24.0,425.326904296875,24.0,11.2806396484375,38.70549011230469,605.9439697265625,20.977529525756836,-8.169123649597168,29.146650314331055,14.030790328979492,-0.3753916025161743,2885.0,2885.0,2885.0,0.2754684090614319,181.0,0.8852543234825134,655.3499755859375,1367.5579833984375,3.7792370319366455,1.0,4815.6767578125,0.8557484149932861,655.3499755859375,4.0,0.0,48.0,27.519439697265625,161.28860473632812
109.28299713134766,11.823519706726074,19.60618019104004,4.426507949829102,1008.572021484375,219.81539916992188,6.132058143615723,88.45181274414062,568.2484130859375,37.00947952270508,558.605712890625,37.00947952270508,11.352970123291016,37.67621994018555,655.4201049804688,26.822790145874023,-3.310305118560791,30.133100509643555,18.819080352783203,4.426507949829102,1927.0,1927.0,1927.0,0.4514384865760803,207.0,0.9289972186088562,655.3499755859375,588.814697265625,5.092094898223877,0.9254630208015442,1295.1719970703125,0.8832771182060242,655.3499755859375,4.0,0.24108819663524628,55.0,32.67462921142578,131.6072998046875
180.83230590820312,7.993251800537109,15.259969711303711,1.1103659868240356,816.0838012695312,153.06759643554688,3.7819080352783203,86.4762191772461,430.1730041503906,24.419370651245117,430.1730041503906,24.419370651245117,11.55012035369873,39.8690185546875,600.8115234375,22.475210189819336,-6.4949212074279785,28.970130920410156,15.259969711303711,1.1103659868240356,2709.0,2709.0,2709.0,0.34117481112480164,194.0,0.9336313009262085,655.3499755859375,0.0,4.527987957000732,0.1135639026761055,1087.85595703125,0.8425440788269043,655.3499755859375,2.0,0.0,35.0,22.459060668945312,155.94479370117188
248.5614013671875,8.413554191589355,15.574810028076172,1.6657229661941528,820.4522705078125,152.41310119628906,3.799999952316284,86.30016326904297,433.4046936035156,24.859420776367188,433.4046936035156,24.859420776367188,11.576140403747559,40.274940490722656,591.87841796875,22.831220626831055,-5.9117841720581055,28.743000030517578,15.574810028076172,1.6657229661941528,2588.0,2588.0,2588.0,0.34670019149780273,201.0,0.9081658124923706,655.3499755859375,18.634260177612305,4.867337226867676,0.6953713893890381,1498.751953125,0.8446273803710938,655.3499755859375,2.0,0.0,24.0,17.32539939880371,152.5261993408203
316.1329040527344,7.549491882324219,14.734129905700684,0.7834563255310059,811.2227172851562,153.3791961669922,3.799999952316284,86.46782684326172,425.9549865722656,24.15015983581543,425.9549865722656,24.15015983581543,11.515449523925781,40.12363815307617,593.7620849609375,21.923419952392578,-6.777091026306152,28.700510025024414,14.734129905700684,0.7834563255310059,2815.0,2815.0,2815.0,0.29854708909988403,191.0,0.8972533941268921,655.3499755859375,337.32269287109375,4.301354885101318,1.0,1727.8289794921875,0.8370674848556519,655.3499755859375,2.0,0.0,41.0,25.320110321044922,159.17030334472656
109.681396484375,9.57187271118164,17.309459686279297,2.079274892807007,884.7208251953125,162.99639892578125,5.286561965942383,83.4153823852539,462.72320556640625,32.890968322753906,462.2206115722656,32.890968322753906,11.208580017089844,37.32489013671875,649.9755249023438,24.31521987915039,-5.714511871337891,30.029739379882812,17.158689498901367,2.079274892807007,2266.0,2266.0,2266.0,0.45660069584846497,206.0,0.9521365761756897,655.3499755859375,28.39097023010254,4.92498779296875,0.5818076133728027,1676.0169677734375,0.8993859887123108,655.3499755859375,4.0,0.0,60.0,37.57851028442383,142.8874053955078
155.88890075683594,5.152414798736572,11.826299667358398,-1.1153490543365479,796.3983154296875,152.49049377441406,3.453044891357422,86.21366882324219,418.4601135253906,23.80426025390625,418.4601135253906,23.80426025390625,11.591329574584961,42.745460510253906,548.4918823242188,18.992969512939453,-8.124189376831055,27.11716079711914,11.826299667358398,-1.1153490543365479,3350.0,3350.0,3350.0,0.28457340598106384,156.0,0.7798448801040649,655.3499755859375,1210.6619873046875,2.3547298908233643,0.6873108148574829,6881.23388671875,0.7200009226799011,571.75830078125,4.0,0.0,32.0,19.3944091796875,173.64439392089844
290.4419860839844,7.9285712242126465,14.998270034790039,1.2912219762802124,813.2111206054688,153.6051025390625,3.799999952316284,86.34754180908203,427.3819885253906,24.199459075927734,427.3819885253906,24.199459075927734,11.576919555664062,40.75305938720703,584.288330078125,22.262760162353516,-6.144827842712402,28.40757942199707,14.998270034790039,1.2912219762802124,2845.0,2845.0,2845.0,0.2783888876438141,185.0,0.912821888923645,655.3499755859375,262.9111022949219,3.956084966659546,1.0,2144.487060546875,0.8527011871337891,655.3499755859375,2.0,0.0,38.0,22.308700561523438,159.90440368652344
250.29600524902344,7.1523871421813965,14.210470199584961,0.5254697203636169,808.9301147460938,154.38360595703125,3.799999952316284,86.29605865478516,423.71649169921875,24.200000762939453,423.71649169921875,24.200000762939453,11.475680351257324,40.51359939575195,582.6298217773438,21.416370391845703,-6.91203498840332,28.32840919494629,14.210470199584961,0.5254697203636169,2905.0,2905.0,2905.0,0.2941359877586365,199.0,0.9466447234153748,655.3499755859375,18.634260177612305,4.7596330642700195,1.0,1513.967041015625,0.8318464159965515,655.3499755859375,2.0,0.0,23.0,14.968669891357422,161.7064971923828
220.8153076171875,10.890190124511719,18.656509399414062,3.33427095413208,935.7418823242188,183.61819458007812,5.8637261390686035,85.24604034423828,504.27410888671875,34.73474884033203,501.3277893066406,34.73474884033203,10.881609916687012,36.77796173095703,661.0440063476562,25.582290649414062,-4.0048980712890625,29.587190628051758,17.833770751953125,3.33427095413208,2386.0,2386.0,2386.0,0.45884430408477783,208.0,0.9451661705970764,655.3499755859375,762.3585815429688,4.958098888397217,0.07805366814136505,855.0120849609375,0.8643481731414795,655.3499755859375,4.0,0.0,54.0,33.620819091796875,146.46620178222656
210.17520141601562,10.146780014038086,17.853729248046875,2.6451869010925293,889.8040771484375,164.91419982910156,5.5687150955200195,83.93791198730469,467.4779052734375,32.49980163574219,467.1099853515625,32.49980163574219,10.762149810791016,36.70668029785156,654.9849853515625,24.663440704345703,-4.6555681228637695,29.31900978088379,17.32238006591797,2.6451869010925293,2640.0,2640.0,2640.0,0.3354918956756592,179.0,0.9159238934516907,655.3499755859375,564.0775146484375,3.557420015335083,0.22712770104408264,1188.5059814453125,0.7877253890037537,655.3499755859375,4.0,0.0,55.0,30.022449493408203,154.08970642089844
232.57980346679688,8.31384563446045,15.4002103805542,1.6383589506149292,832.9617919921875,155.15179443359375,4.609554767608643,83.77519226074219,429.87139892578125,28.567419052124023,429.87139892578125,28.567419052124023,11.550840377807617,40.64360046386719,589.5103149414062,22.65049934387207,-5.770755767822266,28.421260833740234,15.4002103805542,1.6383589506149292,2842.0,2842.0,2842.0,0.2780618965625763,171.0,0.8851442933082581,655.3499755859375,471.6090087890625,3.2259860038757324,2.0,3122.7880859375,0.8056285977363586,655.3499755859375,4.0,0.0,34.0,23.184579849243164,159.89559936523438
146.73159790039062,9.119739532470703,16.416160583496094,2.1120810508728027,849.8538208007812,158.1696014404297,5.069080829620361,83.31244659423828,437.66241455078125,30.82830047607422,437.585205078125,30.82830047607422,10.153510093688965,36.73585891723633,620.3784790039062,22.816089630126953,-4.82245397567749,27.638540267944336,16.304719924926758,2.1120810508728027,2358.0,2358.0,2358.0,0.5302684903144836,210.0,0.9584013819694519,655.3499755859375,28.39097023010254,5.150183200836182,0.6092571020126343,1666.218017578125,0.9013301730155945,655.3499755859375,4.0,0.0,53.0,32.85942840576172,145.8424072265625
308.45550537109375,8.801722526550293,15.188050270080566,2.5774569511413574,844.0968017578125,155.06680297851562,5.599999904632568,81.81900787353516,424.9483947753906,32.62990951538086,424.9483947753906,32.62990951538086,10.990870475769043,39.84836959838867,563.9909057617188,22.136430740356445,-5.4444260597229,27.580860137939453,15.188050270080566,2.5774569511413574,2641.0,2641.0,2641.0,0.4401082992553711,196.0,0.9238846898078918,655.3499755859375,1518.697021484375,4.507424831390381,1.0,4670.02490234375,0.8903418779373169,655.3499755859375,4.0,0.0,41.0,24.87356948852539,154.16419982910156
220.1750030517578,9.95553207397461,16.372900009155273,3.699336051940918,898.177978515625,158.8209991455078,6.492062091827393,81.1324462890625,457.1160888671875,36.39550018310547,455.80419921875,36.39550018310547,11.02396011352539,39.46791076660156,567.1633911132812,23.36264991760254,-4.567683219909668,27.930330276489258,16.19318962097168,3.699336051940918,2428.0,2428.0,2428.0,0.49716800451278687,209.0,0.9556348919868469,655.3499755859375,1146.2490234375,5.292887210845947,0.14907410740852356,1731.677978515625,0.8902212977409363,655.3499755859375,4.0,0.0,46.0,27.730939865112305,147.81629943847656
48.266239166259766,6.566105842590332,13.911979675292969,-0.3266910910606384,811.8803100585938,156.9091033935547,4.369369983673096,84.5953598022461,415.99310302734375,26.47422981262207,415.99310302734375,26.47422981262207,11.375450134277344,39.438690185546875,607.4400024414062,21.121450424194336,-7.723384857177734,28.844839096069336,13.911979675292969,-0.3266910910606384,2880.0,2880.0,2880.0,0.2896744906902313,186.0,0.8467764258384705,655.3499755859375,761.4760131835938,3.8949289321899414,1.312688946723938,4360.591796875,0.7960435748100281,655.3499755859375,4.0,0.0,35.0,24.98838996887207,161.0034942626953
156.90139770507812,10.693309783935547,17.0274600982666,4.733573913574219,939.4857788085938,166.8426971435547,7.4411821365356445,80.88513946533203,484.164306640625,40.43537139892578,480.785888671875,40.43537139892578,11.137120246887207,41.05403137207031,553.0947875976562,24.07362937927246,-3.049359083175659,27.122989654541016,16.37594985961914,4.733573913574219,2162.0,2162.0,2162.0,0.546036422252655,201.0,0.9414985179901123,655.3499755859375,1038.7320556640625,4.664649963378906,1.0,639.130615234375,0.8908302187919617,655.3499755859375,4.0,0.0,30.0,18.278959274291992,139.50750732421875
99.99803924560547,7.422615051269531,14.887450218200684,0.3534063994884491,812.5546875,157.39019775390625,4.699999809265137,84.3394775390625,417.4717102050781,26.97504997253418,417.4717102050781,26.97504997253418,11.513910293579102,39.226680755615234,620.50732421875,22.186519622802734,-7.1670451164245605,29.353559494018555,14.887450218200684,0.3534063994884491,2745.0,2745.0,2745.0,0.3706238865852356,196.0,0.9265205264091492,655.3499755859375,395.451904296875,4.3766021728515625,0.07805366814136505,4191.47412109375,0.8574203848838806,655.3499755859375,4.0,0.0,49.0,29.342409133911133,157.11749267578125
267.1842956542969,9.217074394226074,15.664600372314453,2.885075092315674,870.0037841796875,154.6645050048828,6.079099178314209,81.28842163085938,438.01458740234375,34.61988067626953,437.2676086425781,34.61988067626953,10.369230270385742,38.51337814331055,567.1951904296875,22.32006072998047,-4.601863861083984,26.921920776367188,15.112070083618164,2.885075092315674,2676.0,2676.0,2676.0,0.4165610074996948,198.0,0.9312155246734619,655.3499755859375,1087.85595703125,4.581216812133789,1.0,335.9137878417969,0.8819205164909363,655.3499755859375,3.0,0.0,55.0,37.91389083862305,155.1497039794922
65.76933288574219,6.184110164642334,12.85142993927002,0.05482389032840729,761.9569702148438,150.89410400390625,3.6799099445343018,87.16841125488281,397.2558898925781,21.539730072021484,397.2558898925781,21.539730072021484,11.776700019836426,43.692039489746094,545.619873046875,19.830810546875,-7.124599933624268,26.95541000366211,12.85142993927002,0.05482389032840729,3015.0,3015.0,3015.0,0.4857339859008789,199.0,0.922562301158905,655.3499755859375,9.756709098815918,4.721877098083496,0.07805366814136505,155.20860290527344,0.9069514870643616,655.3499755859375,4.0,0.0,58.0,35.677398681640625,164.64810180664062
116.20539855957031,7.664505958557129,15.337220191955566,0.3898257911205292,810.0123291015625,155.36839294433594,4.7302398681640625,83.70539855957031,414.1387939453125,28.555269241333008,414.1387939453125,28.555269241333008,11.48313045501709,38.49869918823242,637.978271484375,22.54796028137207,-7.279933929443359,29.827899932861328,15.337220191955566,0.3898257911205292,2790.0,2790.0,2790.0,0.36321911215782166,198.0,0.9156818985939026,655.3499755859375,632.7592163085938,4.636617183685303,2.0,2953.114013671875,0.8358775973320007,655.3499755859375,4.0,0.0,62.0,36.35997009277344,158.50390625
98.49849700927734,11.483790397644043,17.950319290161133,5.323146820068359,989.6436767578125,184.4716033935547,7.58942985534668,81.98738861083984,524.3958129882812,42.32719039916992,515.8726196289062,42.32719039916992,11.268630027770996,40.79656982421875,568.2136840820312,25.09783935546875,-2.5207679271698,27.618610382080078,17.185510635375977,5.323146820068359,1820.0,1820.0,1820.0,0.48911210894584656,199.0,0.9200000166893005,655.3499755859375,9.756709098815918,4.420736789703369,0.8363847732543945,1106.467041015625,0.8658589720726013,655.3499755859375,4.0,0.0,42.0,25.35457992553711,128.02310180664062
113.28730010986328,9.385224342346191,15.86299991607666,3.0423800945281982,897.3306274414062,158.1221923828125,6.492806911468506,80.27503204345703,450.5382995605469,37.34360122680664,450.5382995605469,37.34360122680664,10.393500328063965,38.916629791259766,567.211181640625,22.5045108795166,-4.202178955078125,26.706689834594727,15.86299991607666,3.0423800945281982,2298.0,2298.0,2298.0,0.42420488595962524,188.0,0.895423173904419,655.3499755859375,145.451904296875,3.7626259326934814,2.0,1585.9139404296875,0.8320438265800476,655.3499755859375,0.0,0.0,61.0,35.88053894042969,143.8153076171875
137.9958953857422,10.674070358276367,17.180139541625977,4.333520889282227,958.3245849609375,173.2528076171875,7.392578125,81.08016967773438,497.2898864746094,41.10525894165039,492.2955017089844,41.10525894165039,10.81859016418457,39.67613983154297,573.1226806640625,24.098970413208008,-3.159281015396118,27.258249282836914,16.583810806274414,4.333520889282227,2225.0,2225.0,2225.0,0.4781515896320343,196.0,0.9327384233474731,655.3499755859375,803.811279296875,4.170444011688232,1.3907430171966553,1897.3389892578125,0.873992383480072,655.3499755859375,3.0,0.0,67.0,43.001670837402344,141.34280395507812
162.5334014892578,11.654840469360352,18.341720581054688,5.482110977172852,995.389404296875,185.01229858398438,8.258591651916504,81.74117279052734,526.4180297851562,43.27531051635742,518.5097045898438,43.27531051635742,11.561070442199707,41.19839096069336,578.06982421875,25.547029495239258,-2.5144999027252197,28.0615291595459,17.534189224243164,5.482110977172852,2024.0,2024.0,2024.0,0.5272430777549744,186.0,0.9045209288597107,655.3499755859375,221.60899353027344,3.81671404838562,0.34365540742874146,2594.64697265625,0.8387172222137451,655.3499755859375,3.0,0.0,34.0,25.883920669555664,134.8426971435547
115.95709991455078,9.438899993896484,16.003040313720703,2.928313970565796,907.84619140625,161.08349609375,6.902781009674072,80.1223373413086,456.91241455078125,38.70840072631836,455.5486145019531,38.70840072631836,10.439020156860352,38.71063995361328,578.1309814453125,22.680179595947266,-4.283495903015137,26.963680267333984,15.653860092163086,2.928313970565796,2438.0,2438.0,2438.0,0.4269486963748932,184.0,0.9585549831390381,655.3499755859375,755.252197265625,3.608757972717285,0.8363847732543945,2837.1650390625,0.8736854195594788,655.3499755859375,0.0,0.0,72.0,40.85429000854492,147.81460571289062
133.10060119628906,8.292786598205566,15.725600242614746,1.2241660356521606,786.5524291992188,152.16600036621094,4.5246782302856445,83.97547912597656,402.8042907714844,27.308820724487305,402.8042907714844,27.308820724487305,11.635140419006348,39.76919937133789,613.927001953125,22.943269729614258,-6.313475131988525,29.25674057006836,15.725600242614746,1.2241660356521606,2342.0,2342.0,2342.0,0.3276995122432709,191.0,0.8865293264389038,655.3499755859375,250.0,4.146694183349609,2.0,181.5614013671875,0.8707860708236694,655.3499755859375,4.0,0.0,66.0,36.09157943725586,145.25489807128906
57.41141891479492,8.211882591247559,15.1493501663208,1.2839800119400024,870.2086181640625,158.6092987060547,6.336328029632568,80.43942260742188,430.0071105957031,34.65388107299805,429.9455871582031,34.65388107299805,10.516860008239746,38.18915939331055,603.5908813476562,21.63149070739746,-5.908045768737793,27.539539337158203,15.115630149841309,1.2839800119400024,2630.0,2630.0,2630.0,0.3811092972755432,188.0,0.9499223828315735,655.3499755859375,803.811279296875,3.8065810203552246,0.22712770104408264,3836.839111328125,0.8122475743293762,655.3499755859375,0.0,0.0,44.0,27.77383041381836,153.806396484375
120.85970306396484,8.438987731933594,14.966010093688965,1.9238369464874268,888.6909790039062,160.09449768066406,6.611392021179199,79.72222137451172,439.03741455078125,37.283531188964844,439.03741455078125,37.283531188964844,10.400079727172852,38.50907897949219,574.21728515625,21.598779678344727,-5.404147148132324,27.002920150756836,14.966010093688965,1.9238369464874268,2553.0,2553.0,2553.0,0.4226751923561096,190.0,0.9504684209823608,655.3499755859375,839.78662109375,4.024221897125244,0.14907410740852356,2321.678955078125,0.8217657804489136,655.3499755859375,0.0,0.0,43.0,28.063640594482422,151.6739044189453
236.1468048095703,13.220159530639648,19.724260330200195,7.182738780975342,1028.3160400390625,198.02969360351562,8.5,83.49820709228516,559.901611328125,43.92449951171875,542.3267822265625,43.92449951171875,12.070389747619629,42.86684036254883,582.6431274414062,26.56719970703125,-1.5911539793014526,28.15835952758789,19.079669952392578,7.182738780975342,1974.0,1974.0,1974.0,0.4971506893634796,210.0,0.9522625803947449,655.3499755859375,1082.7099609375,5.166769981384277,0.6873108148574829,1113.616943359375,0.8926435708999634,655.3499755859375,4.0,0.0,27.0,19.915700912475586,133.24429321289062
194.8040008544922,7.654900074005127,14.708049774169922,0.5524181723594666,855.1561889648438,157.7001953125,5.725092887878418,81.02179718017578,420.69659423828125,33.56570816040039,420.69659423828125,33.56570816040039,10.475250244140625,37.86635971069336,612.4354858398438,21.13973045349121,-6.524127960205078,27.663860321044922,14.708049774169922,0.5524181723594666,2732.0,2732.0,2732.0,0.2910543978214264,180.0,0.9167094826698303,655.3499755859375,181.5614013671875,3.9273180961608887,1.0,3489.830078125,0.8365135192871094,655.3499755859375,4.0,0.0,45.0,29.24165916442871,156.7996063232422
230.38409423828125,13.181389808654785,19.808849334716797,7.080338954925537,1032.583984375,199.17410278320312,8.524349212646484,83.4900131225586,562.4625854492188,44.283790588378906,544.9539184570312,44.283790588378906,12.010519981384277,42.42966842651367,587.7025146484375,26.648149490356445,-1.66001296043396,28.30816078186035,19.11911964416504,7.080338954925537,1968.0,1968.0,1968.0,0.4920862913131714,204.0,0.9529337286949158,655.3499755859375,763.5609741210938,4.8526740074157715,1.1636149883270264,787.3734741210938,0.8852943181991577,655.3499755859375,3.0,0.005278114229440689,27.0,15.523480415344238,132.87229919433594
92.5782699584961,7.5232319831848145,14.758170127868652,0.3441692888736725,841.0159301757812,157.17120361328125,5.705533027648926,81.49495697021484,414.3559875488281,32.541358947753906,414.3559875488281,32.541358947753906,10.528149604797363,37.768768310546875,622.5592041015625,21.142879486083984,-6.732666969299316,27.87554931640625,14.758170127868652,0.3441692888736725,2795.0,2795.0,2795.0,0.2724021077156067,180.0,0.8961641192436218,655.3499755859375,986.4714965820312,3.8587729930877686,0.41819238662719727,4035.971923828125,0.8553889989852905,655.3499755859375,4.0,0.0,40.0,23.138280868530273,158.6112060546875
141.78689575195312,12.491570472717285,18.626079559326172,6.827096939086914,974.6030883789062,172.85659790039062,8.12430191040039,81.3672866821289,512.66259765625,41.843040466308594,498.7030944824219,41.843040466308594,11.778779983520508,43.204010009765625,560.04638671875,25.216020584106445,-2.047353982925415,27.263370513916016,18.15506935119629,6.827096939086914,2128.0,2128.0,2128.0,0.42325320839881897,201.0,0.9474735856056213,655.3499755859375,1326.8349609375,4.55925989151001,0.14907410740852356,2315.9580078125,0.845426082611084,655.3499755859375,4.0,0.0,27.0,17.215349197387695,138.29820251464844
51.382198333740234,8.1082124710083,15.007820129394531,1.1535329818725586,846.207275390625,155.6392059326172,5.884486198425293,81.10777282714844,418.776611328125,33.71479034423828,418.776611328125,33.71479034423828,10.356559753417969,37.87213134765625,605.5919799804688,21.60770034790039,-5.738924980163574,27.346620559692383,15.007820129394531,1.1535329818725586,2963.0,2963.0,2963.0,0.2447115033864975,169.0,0.87535160779953,655.3499755859375,1164.60400390625,3.2738120555877686,0.34365540742874146,3165.472900390625,0.8479129076004028,655.3499755859375,1.0,0.0,34.0,21.510250091552734,163.2086944580078
213.8916015625,9.018898963928223,16.414379119873047,1.6376659870147705,870.7554931640625,155.5489959716797,6.48327112197876,80.9429931640625,433.96978759765625,35.64152908325195,433.96978759765625,35.64152908325195,10.721839904785156,37.51483917236328,638.088623046875,23.022159576416016,-5.558277130126953,28.580440521240234,16.414379119873047,1.6376659870147705,2649.0,2649.0,2649.0,0.30813419818878174,186.0,0.8699467182159424,655.3499755859375,785.1431884765625,4.254195213317871,1.0,4835.1630859375,0.879353404045105,655.3499755859375,4.0,0.0,62.0,36.9055290222168,154.36459350585938
110.70079803466797,10.561479568481445,16.764429092407227,5.130507946014404,866.146484375,154.44039916992188,6.67924690246582,79.84504699707031,432.72601318359375,36.65277862548828,432.4742126464844,36.65277862548828,11.558799743652344,42.457359313964844,533.8779296875,24.15142059326172,-3.0720601081848145,27.223480224609375,16.69771957397461,5.130507946014404,2377.0,2377.0,2377.0,0.5512018203735352,217.0,0.9581481218338013,655.3499755859375,1737.1689453125,5.553695201873779,1.1636149883270264,493.62860107421875,0.8983173966407776,655.3499755859375,4.0,0.0,58.0,36.03670883178711,146.22369384765625
181.9586944580078,9.880391120910645,17.004209518432617,2.625669002532959,919.1552124023438,160.18370056152344,7.220716953277588,80.1943130493164,465.60870361328125,39.808799743652344,463.0429992675781,39.808799743652344,10.765629768371582,37.820411682128906,628.163818359375,23.849790573120117,-4.6153459548950195,28.465139389038086,16.448299407958984,2.625669002532959,2057.0,2057.0,2057.0,0.45132309198379517,193.0,0.9501466155052185,655.3499755859375,335.9137878417969,4.142795085906982,0.07805366814136505,2903.364990234375,0.8664283156394958,655.3499755859375,0.0,0.0,41.0,27.974529266357422,136.17840576171875
162.12240600585938,11.701020240783691,18.4997501373291,5.447505950927734,979.7202758789062,177.35719299316406,8.215781211853027,81.03256225585938,512.5540771484375,42.74113082885742,502.9692077636719,42.74113082885742,11.601690292358398,41.02452850341797,587.4284057617188,25.4506893157959,-2.8283638954162598,28.27906036376953,17.69879913330078,5.447505950927734,2209.0,2209.0,2209.0,0.5372108817100525,206.0,0.9326633214950562,655.3499755859375,1034.404052734375,5.046518802642822,1.0,1034.404052734375,0.8718507289886475,655.3499755859375,0.0,0.0,41.0,29.545339584350586,140.84230041503906
81.77529907226562,12.005769729614258,18.84402084350586,5.760441780090332,982.6204833984375,176.36700439453125,8.312143325805664,81.13662719726562,515.0968017578125,42.53342819213867,504.8049011230469,42.53342819213867,11.694549560546875,41.1738395690918,592.05517578125,25.762380599975586,-2.6400060653686523,28.402389526367188,18.069889068603516,5.760441780090332,2033.0,2033.0,2033.0,0.5338959097862244,202.0,0.9579470157623291,655.3499755859375,546.5994262695312,4.691886901855469,0.8864361047744751,586.511474609375,0.8852965235710144,655.3499755859375,0.0,0.0,34.0,23.68191909790039,135.25790405273438
168.31350708007812,9.962054252624512,16.52597999572754,3.7324841022491455,930.3319702148438,164.2523956298828,7.656057834625244,79.70926666259766,468.78228759765625,40.549949645996094,466.2244873046875,40.549949645996094,11.11400032043457,40.60953140258789,569.881591796875,23.35778045654297,-4.007113933563232,27.36488914489746,16.237279891967773,3.7324841022491455,2341.0,2341.0,2341.0,0.46754390001296997,192.0,0.9426525831222534,655.3499755859375,1737.2669677734375,4.043178081512451,0.6563447117805481,1862.1739501953125,0.8526840209960938,655.3499755859375,0.0,0.0,43.0,28.011669158935547,145.33270263671875
235.13690185546875,10.264430046081543,17.507509231567383,3.0066769123077393,907.394775390625,158.43370056152344,6.779860019683838,81.91256713867188,467.7835998535156,36.851890563964844,464.1842956542969,36.851890563964844,10.739250183105469,37.686920166015625,635.2647705078125,24.3427791595459,-4.153343200683594,28.49612045288086,16.657350540161133,3.0066769123077393,2193.0,2193.0,2193.0,0.38618990778923035,200.0,0.9369233846664429,655.3499755859375,628.5291748046875,4.73497200012207,1.0,4284.9169921875,0.8950868248939514,655.3499755859375,1.0,0.0,52.0,34.82876968383789,140.47549438476562
153.16310119628906,9.16442584991455,16.346920013427734,1.848567008972168,898.3214721679688,159.47369384765625,6.862068176269531,79.5201187133789,446.6814880371094,38.33610916137695,446.6814880371094,38.33610916137695,10.724579811096191,37.708831787109375,630.4105834960938,23.079160690307617,-5.3613600730896,28.44053077697754,16.346920013427734,1.848567008972168,2604.0,2604.0,2604.0,0.32010701298713684,196.0,0.9369186162948608,655.3499755859375,1210.6619873046875,4.374388217926025,0.8363847732543945,3236.35009765625,0.8134185075759888,655.3499755859375,0.0,0.0,53.0,36.0017204284668,153.1042022705078
155.26319885253906,11.082579612731934,17.895769119262695,4.825710773468018,947.7028198242188,164.58680725097656,8.002375602722168,79.98535919189453,484.3882141113281,41.42483901977539,478.56048583984375,41.42483901977539,11.491439819335938,40.85282897949219,586.3001098632812,24.783960342407227,-3.3443939685821533,28.128360748291016,17.181060791015625,4.825710773468018,2091.0,2091.0,2091.0,0.5048825740814209,207.0,0.9415311813354492,655.3499755859375,493.62860107421875,5.064198970794678,0.8864361047744751,1138.6810302734375,0.8733137249946594,655.3499755859375,0.0,0.0,31.0,20.6851806640625,137.1284942626953
72.1552734375,11.946020126342773,18.72340965270996,5.373706817626953,980.8760986328125,191.36480712890625,7.288801193237305,84.95509338378906,536.9824829101562,40.07398986816406,522.2584228515625,40.07398986816406,11.393950462341309,39.99953079223633,599.4382934570312,26.050479888916016,-2.4320690631866455,28.482540130615234,17.899110794067383,5.373706817626953,1847.0,1847.0,1847.0,0.49756690859794617,210.0,0.96266770362854,655.3499755859375,155.20860290527344,5.309268951416016,1.772871971130371,2811.56689453125,0.9095839262008667,655.3499755859375,1.0,0.0,46.0,28.040000915527344,128.67849731445312
130.22560119628906,8.554425239562988,15.927749633789062,1.1460520029067993,878.55419921875,159.50509643554688,6.771201133728027,80.14672088623047,434.6473083496094,36.24406051635742,434.6473083496094,36.24406051635742,10.805549621582031,37.710960388183594,637.6129150390625,22.53066062927246,-6.122889995574951,28.653549194335938,15.927749633789062,1.1460520029067993,2710.0,2710.0,2710.0,0.31634750962257385,177.0,0.9370241165161133,655.3499755859375,1544.9659423828125,3.56585693359375,0.6953713893890381,3447.447998046875,0.7789995074272156,655.3499755859375,0.0,0.0,77.0,46.42982864379883,156.18820190429688
83.48454284667969,6.39299201965332,12.993490219116211,0.05881483852863312,814.9927978515625,156.49110412597656,5.236059188842773,81.8944091796875,400.3100891113281,30.563989639282227,400.3100891113281,30.563989639282227,9.962930679321289,38.0518798828125,565.151123046875,19.356889724731445,-6.826303958892822,26.18320083618164,12.993490219116211,0.05881483852863312,2988.0,2988.0,2988.0,0.35516759753227234,195.0,0.8356702923774719,655.3499755859375,181.5614013671875,4.325257778167725,0.14907410740852356,3069.111083984375,0.7797607779502869,655.3499755859375,4.0,0.0,61.0,36.19826889038086,163.93899536132812
132.54629516601562,9.77701473236084,16.762250900268555,2.6287169456481934,902.474609375,158.43820190429688,7.421812057495117,80.02326202392578,455.2764892578125,39.259830474853516,451.54058837890625,39.259830474853516,10.7475004196167,37.982818603515625,623.2269287109375,23.769559860229492,-4.526835918426514,28.296390533447266,16.21268081665039,2.6287169456481934,2106.0,2106.0,2106.0,0.5055726170539856,213.0,0.9924684166908264,655.3499755859375,586.511474609375,5.3389201164245605,0.6092571020126343,1032.7540283203125,0.9220343232154846,655.3499755859375,0.0,0.0,53.0,31.0628604888916,137.58169555664062
332.13299560546875,10.445719718933105,17.29153060913086,4.138902187347412,911.8270263671875,160.37750244140625,7.682774066925049,79.93953704833984,459.0177917480469,39.67293167114258,455.7309875488281,39.67293167114258,11.390520095825195,40.69490051269531,587.1865234375,24.041460037231445,-3.947848081588745,27.989309310913086,16.577680587768555,4.138902187347412,2290.0,2290.0,2290.0,0.4156140089035034,207.0,0.968298077583313,655.3499755859375,1114.5830078125,5.124608039855957,0.07805366814136505,2237.260009765625,0.8892769813537598,655.3499755859375,0.0,0.0,51.0,32.091400146484375,143.42030334472656
286.3819885253906,10.380760192871094,17.09033966064453,3.7065560817718506,930.2772827148438,162.60740661621094,7.649460792541504,80.64718627929688,478.0108947753906,40.07904052734375,471.1159973144531,40.07904052734375,11.164950370788574,39.77198028564453,597.613525390625,24.135169982910156,-3.9362339973449707,28.071399688720703,16.311370849609375,3.7065560817718506,2175.0,2175.0,2175.0,0.36202651262283325,202.0,0.9307131767272949,655.3499755859375,544.75537109375,4.641860008239746,0.22712770104408264,959.0568237304688,0.8714538812637329,655.3499755859375,0.0,0.0,57.0,35.99674987792969,139.7445068359375
154.72950744628906,9.115510940551758,16.461910247802734,2.047053098678589,806.176025390625,153.30470275878906,5.728366851806641,80.77645874023438,401.00628662109375,31.913610458374023,401.00628662109375,31.913610458374023,10.577400207519531,37.39411163330078,620.9832763671875,23.224050521850586,-5.062441825866699,28.286489486694336,16.461910247802734,2.047053098678589,2549.0,2549.0,2549.0,0.5067238211631775,212.0,0.9765294194221497,655.3499755859375,971.6090087890625,5.2583088874816895,1.312688946723938,3072.969970703125,0.9111633896827698,655.3499755859375,4.0,0.0,33.0,18.027379989624023,151.39019775390625
149.5626983642578,9.588552474975586,16.026649475097656,3.2390029430389404,819.2310180664062,153.33680725097656,6.300000190734863,79.9239730834961,406.9388122558594,34.29999923706055,406.9388122558594,34.29999923706055,11.134160041809082,40.40195083618164,569.6627807617188,22.89760971069336,-4.66071081161499,27.558330535888672,16.026649475097656,3.2390029430389404,2521.0,2521.0,2521.0,0.5056716799736023,219.0,0.9770960807800293,655.3499755859375,630.9349975585938,5.686495780944824,1.312688946723938,2561.947998046875,0.9055367708206177,655.3499755859375,4.0,0.0,35.0,23.816009521484375,150.6396026611328
122.10679626464844,11.087249755859375,17.9655704498291,4.528313159942627,949.5059814453125,168.6417999267578,8.058429718017578,81.07475280761719,493.5089111328125,41.31476974487305,485.2171936035156,41.31476974487305,11.50829029083252,40.390350341796875,601.66357421875,24.909669876098633,-3.582545042037964,28.492219924926758,17.05617904663086,4.528313159942627,2039.0,2039.0,2039.0,0.5222777724266052,211.0,0.9457715153694153,655.3499755859375,386.4053039550781,5.14986515045166,2.0,1025.0880126953125,0.9076436161994934,655.3499755859375,0.0,0.0,39.0,22.92317008972168,135.44320678710938
164.94679260253906,10.026020050048828,16.71533966064453,3.3301749229431152,908.835205078125,160.5178985595703,7.638278961181641,79.62716674804688,458.42510986328125,40.225921630859375,454.0347900390625,40.225921630859375,11.146280288696289,39.546669006347656,598.3651123046875,23.747940063476562,-4.4368109703063965,28.18475914001465,16.159570693969727,3.3301749229431152,2318.0,2318.0,2318.0,0.40656980872154236,203.0,0.9581353068351746,655.3499755859375,414.0862121582031,4.922471046447754,1.312688946723938,758.509521484375,0.8441069722175598,655.3499755859375,0.0,0.0,36.0,24.762449264526367,144.36489868164062
110.747802734375,9.59477424621582,16.365360260009766,3.014738082885742,858.4473266601562,156.5240020751953,6.571049213409424,79.91661071777344,427.00390625,36.53641891479492,427.00390625,36.53641891479492,10.388349533081055,38.51451110839844,586.221923828125,22.885189056396484,-4.087015151977539,26.972209930419922,16.365360260009766,3.014738082885742,2234.0,2234.0,2234.0,0.4955522119998932,215.0,0.9457488059997559,655.3499755859375,108.5895004272461,5.439943790435791,1.9219460487365723,1460.5059814453125,0.8810533285140991,655.3499755859375,4.0,0.0,34.0,24.49740982055664,141.8220977783203
197.82969665527344,8.354879379272461,14.898300170898438,1.7750860452651978,844.01611328125,153.66920471191406,6.626488208770752,79.781982421875,410.8183898925781,35.92184829711914,410.8183898925781,35.92184829711914,10.713760375976562,39.08644104003906,582.9984741210938,21.725549697875977,-5.685041904449463,27.410600662231445,14.898300170898438,1.7750860452651978,2802.0,2802.0,2802.0,0.41634199023246765,205.0,0.9250187873840332,655.3499755859375,814.3615112304688,4.844669818878174,0.14907410740852356,653.9542846679688,0.8871273994445801,655.3499755859375,4.0,0.0,31.0,18.818500518798828,158.6907958984375
251.4062042236328,8.725192070007324,15.752479553222656,1.8717550039291382,836.13623046875,156.40879821777344,6.0992631912231445,80.01151275634766,410.9856872558594,34.80990982055664,410.9856872558594,34.80990982055664,10.50592041015625,38.42578125,600.347412109375,22.22492027282715,-5.115945816040039,27.34086036682129,15.752479553222656,1.8717550039291382,2764.0,2764.0,2764.0,0.29143089056015015,182.0,0.9060646891593933,655.3499755859375,941.646728515625,4.050872802734375,1.0,2531.416015625,0.8416938185691833,655.3499755859375,4.0,0.0,50.0,32.04738998413086,157.6707000732422
119.25140380859375,5.519049167633057,13.106300354003906,-1.5479270219802856,757.298583984375,153.39920043945312,4.586441993713379,84.26439666748047,383.231689453125,26.321630477905273,383.231689453125,26.321630477905273,11.722370147705078,40.49494171142578,622.0317993164062,19.939640045166016,-9.009649276733398,28.949289321899414,13.106300354003906,-1.5479270219802856,2932.0,2932.0,2932.0,0.40544790029525757,195.0,0.9314839839935303,655.3499755859375,85.9138412475586,4.579792022705078,0.07805366814136505,408.4248962402344,0.8542823195457458,655.3499755859375,4.0,0.0,52.0,30.560239791870117,162.49420166015625
122.92790222167969,10.761059761047363,17.439760208129883,4.835957050323486,881.3687133789062,157.6322021484375,7.134883880615234,79.79772186279297,441.85809326171875,38.661739349365234,440.4549865722656,38.661739349365234,11.774209976196289,42.017860412597656,568.5388793945312,24.676559448242188,-3.3467249870300293,28.023279190063477,17.083669662475586,4.835957050323486,2387.0,2387.0,2387.0,0.5778200030326843,213.0,0.9680777788162231,655.3499755859375,1106.114013671875,5.413825988769531,2.0,935.4255981445312,0.9053524136543274,655.3499755859375,1.0,0.0,44.0,30.23381996154785,146.68240356445312
225.00369262695312,12.193900108337402,19.13249969482422,5.669793128967285,1021.0369873046875,192.54510498046875,8.96777057647705,82.31484985351562,549.697998046875,45.882869720458984,535.6868286132812,45.882869720458984,11.802889823913574,40.83229064941406,607.2127075195312,26.338130950927734,-2.5678329467773438,28.905960083007812,18.218250274658203,5.669793128967285,1831.0,1831.0,1831.0,0.49723881483078003,211.0,0.9352647066116333,655.3499755859375,544.75537109375,5.272824764251709,0.6092571020126343,1187.1800537109375,0.8912569880485535,655.3499755859375,0.0,0.0,61.0,37.10995864868164,128.4947052001953
276.0199890136719,9.932727813720703,16.421829223632812,3.623708963394165,827.8275146484375,152.88079833984375,6.113962173461914,80.44497680664062,413.5357971191406,34.28784942626953,413.5357971191406,34.28784942626953,11.041020393371582,39.66804885864258,569.651611328125,23.407699584960938,-4.425816059112549,27.833520889282227,16.421829223632812,3.623708963394165,2302.0,2302.0,2302.0,0.4754141867160797,207.0,0.9712967872619629,655.3499755859375,854.0759887695312,4.995570182800293,1.312688946723938,2514.639892578125,0.9271246790885925,655.3499755859375,4.0,0.0,45.0,28.67003059387207,143.94070434570312
90.65817260742188,10.1431303024292,16.7827205657959,4.220424175262451,855.0714721679688,155.94549560546875,6.908575057983398,79.4050064086914,421.57879638671875,37.07164001464844,421.57879638671875,37.07164001464844,11.656060218811035,42.01076889038086,564.5347900390625,23.895389556884766,-3.8501949310302734,27.745590209960938,16.7827205657959,4.220424175262451,2472.0,2472.0,2472.0,0.5308002233505249,214.0,0.9768351912498474,655.3499755859375,1389.511962890625,5.440491199493408,1.772871971130371,1034.404052734375,0.9148588180541992,655.3499755859375,1.0,0.0,35.0,22.298219680786133,149.09779357910156
231.97000122070312,12.229350090026855,19.113679885864258,5.951138019561768,999.8901977539062,184.82679748535156,8.87299919128418,81.86094665527344,534.3355712890625,44.792640686035156,519.9962158203125,44.792640686035156,11.778120040893555,41.26511001586914,595.0366821289062,26.17336082458496,-2.368906021118164,28.54227066040039,18.202590942382812,5.951138019561768,1957.0,1957.0,1957.0,0.46689748764038086,211.0,0.9350693821907043,655.3499755859375,637.1580810546875,5.190398216247559,0.8363847732543945,1108.7060546875,0.8937497735023499,655.3499755859375,0.0,0.0,38.0,21.25979995727539,132.6658935546875
282.60760498046875,8.203023910522461,14.838959693908691,1.5048680305480957,851.6671142578125,157.41990661621094,6.699999809265137,79.70433807373047,416.0622863769531,36.723690032958984,416.0622863769531,36.723690032958984,10.543339729309082,38.54349899291992,590.0161743164062,21.70564079284668,-5.648054122924805,27.353700637817383,14.838959693908691,1.5048680305480957,2700.0,2700.0,2700.0,0.40854841470718384,200.0,0.9598274230957031,655.3499755859375,803.811279296875,4.65370512008667,2.0,2287.3759765625,0.8936355710029602,655.3499755859375,4.0,0.0,58.0,34.05928039550781,156.12159729003906
132.16810607910156,6.3756327629089355,13.903929710388184,-0.6930426955223083,760.8709106445312,152.83740234375,4.800000190734863,83.35798645019531,383.0303039550781,27.129789352416992,383.0303039550781,27.129789352416992,11.731650352478027,40.45153045654297,619.8604125976562,20.82271957397461,-8.180617332458496,29.00333023071289,13.903929710388184,-0.6930426955223083,2779.0,2779.0,2779.0,0.5127037167549133,206.0,0.9049555063247681,655.3499755859375,341.7934875488281,5.098684787750244,2.0,262.9111022949219,0.8825377821922302,655.3499755859375,4.0,0.0,37.0,20.568660736083984,158.12730407714844
294.19000244140625,8.345556259155273,15.029129981994629,1.584175944328308,851.1193237304688,156.30169677734375,6.699999809265137,79.51835632324219,415.1391906738281,36.856048583984375,415.1391906738281,36.856048583984375,10.5587797164917,38.500179290771484,594.53759765625,21.9018497467041,-5.522922992706299,27.42477035522461,15.029129981994629,1.584175944328308,2760.0,2760.0,2760.0,0.32008248567581177,198.0,0.9120705127716064,655.3499755859375,1108.7060546875,4.716880798339844,2.0,2287.3759765625,0.9047508835792542,655.3499755859375,3.0,0.0,51.0,29.364389419555664,157.7252960205078
92.97669982910156,8.610639572143555,14.932920455932617,2.5531439781188965,832.0267944335938,156.51100158691406,6.629916191101074,79.81136322021484,406.95050048828125,35.24618911743164,406.95050048828125,35.24618911743164,10.974180221557617,40.70391082763672,552.4603271484375,21.750879287719727,-5.209578037261963,26.960460662841797,14.932920455932617,2.5531439781188965,2287.0,2287.0,2287.0,0.33892399072647095,199.0,0.9590172171592712,655.3499755859375,85.9138412475586,4.6060662269592285,1.8509260416030884,3165.87890625,0.8819984793663025,655.3499755859375,1.0,0.0,38.0,22.728179931640625,143.66600036621094
100.66699981689453,7.293684005737305,14.85476016998291,0.15291419625282288,761.0311279296875,151.99229431152344,4.834334850311279,82.81654357910156,382.18939208984375,27.94506072998047,382.18939208984375,27.94506072998047,11.738590240478516,40.17313003540039,624.1076049804688,21.825990676879883,-7.394900798797607,29.220890045166016,14.85476016998291,0.15291419625282288,2495.0,2495.0,2495.0,0.5714125037193298,211.0,0.8586409091949463,655.3499755859375,76.15714263916016,5.327630996704102,2.0,94.79139709472656,0.8920968770980835,655.3499755859375,4.0,0.0,27.0,17.39719009399414,149.86900329589844
120.05760192871094,11.775979995727539,18.436140060424805,5.399395942687988,896.6519165039062,166.14149475097656,7.0420050621032715,81.89222717285156,468.8009033203125,38.50783920288086,465.6947021484375,38.50783920288086,11.554340362548828,40.47060012817383,581.3171997070312,25.776609420776367,-2.7740468978881836,28.5506591796875,17.933839797973633,5.399395942687988,1866.0,1866.0,1866.0,0.541456401348114,217.0,0.9606847167015076,655.3499755859375,221.60899353027344,5.557744026184082,1.9219460487365723,76.15714263916016,0.9181938171386719,655.3499755859375,4.0,0.0,65.0,37.41571044921875,129.51510620117188
134.19419860839844,8.744172096252441,15.04811954498291,2.6479389667510986,835.093505859375,156.5402069091797,6.626367092132568,79.69328308105469,408.5519104003906,35.70825958251953,408.5519104003906,35.70825958251953,10.996100425720215,40.62957000732422,553.592529296875,21.90018081665039,-5.163753032684326,27.06393051147461,15.04811954498291,2.6479389667510986,2461.0,2461.0,2461.0,0.4268488883972168,207.0,0.9560176134109497,655.3499755859375,554.4782104492188,5.0815749168396,1.3907430171966553,3370.14892578125,0.8983743786811829,655.3499755859375,1.0,0.0,66.0,34.424400329589844,148.77589416503906
300.273193359375,7.4592061042785645,15.028349876403809,0.3092488944530487,758.5933227539062,151.11990356445312,4.800000190734863,83.155517578125,381.251708984375,27.191570281982422,381.251708984375,27.191570281982422,11.709349632263184,40.04896926879883,626.9384155273438,22.043989181518555,-7.1939849853515625,29.23797035217285,15.028349876403809,0.3092488944530487,2636.0,2636.0,2636.0,0.4978486895561218,209.0,0.9166898727416992,655.3499755859375,221.60899353027344,5.181134223937988,1.772871971130371,855.0120849609375,0.9097617864608765,655.3499755859375,4.0,0.0,39.0,22.668460845947266,153.9945068359375
323.99420166015625,11.306440353393555,17.938499450683594,4.859518051147461,872.94189453125,155.12049865722656,6.788618087768555,81.13935852050781,447.9150085449219,36.65559005737305,447.6365051269531,36.65559005737305,11.324780464172363,39.83047866821289,584.180419921875,25.168659210205078,-3.2631680965423584,28.43182945251465,17.892990112304688,4.859518051147461,2262.0,2262.0,2262.0,0.5048248767852783,211.0,0.9637042880058289,655.3499755859375,857.522216796875,5.184290885925293,0.8363847732543945,1278.3909912109375,0.9344952702522278,655.3499755859375,4.0,0.0,38.0,24.239410400390625,142.6885986328125
32.67136001586914,9.252056121826172,16.167530059814453,2.3170530796051025,862.3687744140625,155.7751007080078,6.959764003753662,80.04399108886719,427.2825927734375,37.53573989868164,427.2825927734375,37.53573989868164,10.668680191040039,38.162330627441406,609.665283203125,23.04821014404297,-4.908565998077393,27.95677947998047,16.167530059814453,2.3170530796051025,2445.0,2445.0,2445.0,0.4191473126411438,197.0,0.9025669097900391,655.3499755859375,164.08619689941406,4.658459186553955,1.0,2429.569091796875,0.8888673782348633,655.3499755859375,1.0,0.0,73.0,43.276248931884766,148.16600036621094
321.8597106933594,8.830921173095703,15.515350341796875,2.2038750648498535,845.162109375,157.4857940673828,6.864690780639648,79.91874694824219,416.3254089355469,36.10287857055664,416.3254089355469,36.10287857055664,10.530159950256348,38.65515899658203,585.3737182617188,22.24595069885254,-4.996399879455566,27.242359161376953,15.515350341796875,2.2038750648498535,2428.0,2428.0,2428.0,0.3913778066635132,201.0,0.9514418840408325,655.3499755859375,328.88238525390625,4.806286811828613,0.8363847732543945,5046.2041015625,0.8890615105628967,655.3499755859375,3.0,0.0,72.0,42.141380310058594,147.87680053710938
95.10273742675781,5.78317403793335,13.012370109558105,-1.2376019954681396,813.2781982421875,158.576904296875,5.446447849273682,81.89837646484375,398.75421142578125,31.229890823364258,398.75421142578125,31.229890823364258,10.408080101013184,38.01008987426758,607.7399291992188,19.442899703979492,-7.939398765563965,27.382299423217773,13.012370109558105,-1.2376019954681396,3121.0,3121.0,3121.0,0.3119080066680908,194.0,0.6637700796127319,655.3499755859375,861.8471069335938,4.439511775970459,1.8509260416030884,5836.64306640625,0.8023908734321594,655.3499755859375,4.0,0.0,41.0,25.17867088317871,167.66380310058594
228.889404296875,8.799530982971191,15.86184024810791,1.746886968612671,856.6885986328125,155.31149291992188,7.076834201812744,79.49713897705078,420.2502136230469,37.713069915771484,420.2502136230469,37.713069915771484,10.729920387268066,38.189109802246094,616.9119262695312,22.697309494018555,-5.399620056152344,28.0969295501709,15.86184024810791,1.746886968612671,2407.0,2407.0,2407.0,0.3270967900753021,189.0,0.9196103811264038,655.3499755859375,312.239501953125,4.288137912750244,1.0,3219.22900390625,0.8886290788650513,655.3499755859375,4.0,0.0,45.0,28.28635025024414,147.09230041503906
82.21530151367188,10.876279830932617,17.458280563354492,4.634324073791504,895.6473999023438,155.88560485839844,7.332816123962402,80.25800323486328,453.533203125,39.47719955444336,451.831787109375,39.47719955444336,11.36812973022461,40.81800079345703,577.8045043945312,24.579660415649414,-3.2708559036254883,27.85051918029785,16.67460060119629,4.634324073791504,2119.0,2119.0,2119.0,0.5881553292274475,219.0,0.9853997826576233,655.3499755859375,736.2708740234375,5.76403284072876,2.0,1419.3070068359375,0.9131669998168945,655.3499755859375,1.0,0.0,56.0,35.868499755859375,138.052001953125
146.5070037841797,12.017660140991211,18.80091094970703,6.044898986816406,962.5325927734375,168.42349243164062,8.706765174865723,80.24392700195312,499.5773010253906,43.61690902709961,486.75628662109375,43.61690902709961,11.841540336608887,41.78234100341797,584.0012817382812,25.791690826416016,-2.5492920875549316,28.340980529785156,18.080310821533203,6.044898986816406,1974.0,1974.0,1974.0,0.4804784953594208,198.0,0.8869131803512573,655.3499755859375,1403.41796875,4.55916690826416,2.0,471.6090087890625,0.8535236120223999,655.3499755859375,4.0,0.0,44.0,28.352569580078125,133.35549926757812
187.148193359375,11.29874038696289,17.938480377197266,5.135670185089111,906.4901123046875,160.24339294433594,7.594925880432129,80.49685668945312,463.4172058105469,39.78017044067383,459.98748779296875,39.78017044067383,11.571940422058105,41.394508361816406,577.1776123046875,25.078350067138672,-2.8766860961914062,27.955039978027344,17.46660041809082,5.135670185089111,2117.0,2117.0,2117.0,0.5542563796043396,218.0,0.9840037822723389,655.3499755859375,471.6090087890625,5.586802959442139,2.0,2587.285888671875,0.9267243146896362,655.3499755859375,1.0,0.0,56.0,35.35831832885742,138.05250549316406
123.78060150146484,10.141340255737305,16.708040237426758,3.6323349475860596,870.2056884765625,156.0426025390625,7.113851070404053,79.9291763305664,434.8568115234375,37.78767013549805,434.8568115234375,37.78767013549805,10.991660118103027,39.89179992675781,582.032470703125,23.682170867919922,-3.8705530166625977,27.552719116210938,16.708040237426758,3.6323349475860596,2064.0,2064.0,2064.0,0.5181533098220825,216.0,0.9739531874656677,655.3499755859375,262.9111022949219,5.605889797210693,1.1636149883270264,4815.6767578125,0.8828076720237732,655.3499755859375,1.0,0.0,48.0,28.630699157714844,136.3867950439453
183.62489318847656,8.988816261291504,15.339189529418945,3.097806930541992,886.5916748046875,159.22470092773438,7.900504112243652,77.732177734375,429.39349365234375,40.65700912475586,429.39349365234375,40.65700912475586,10.895339965820312,40.94356918334961,549.4425048828125,22.144060134887695,-4.465587139129639,26.609649658203125,15.339189529418945,3.097806930541992,2770.0,2770.0,2770.0,0.3783625066280365,188.0,0.9579635858535767,655.3499755859375,1528.3909912109375,4.010727882385254,1.0,3577.8369140625,0.8214300274848938,655.3499755859375,0.0,0.0,45.0,24.053539276123047,157.9434051513672
264.0354919433594,6.2658867835998535,13.518589973449707,-0.8383346796035767,798.1201782226562,156.05409240722656,5.498302936553955,82.4523696899414,391.93359375,30.29829978942871,391.93359375,30.29829978942871,10.35612964630127,37.43770980834961,614.1397705078125,20.067110061645508,-7.595276832580566,27.662389755249023,13.518589973449707,-0.8383346796035767,3246.0,3246.0,3246.0,0.3236171007156372,185.0,0.8529996275901794,655.3499755859375,1028.3909912109375,4.130255222320557,0.9254630208015442,3900.18310546875,0.8540632724761963,655.3499755859375,1.0,0.0,31.0,24.009620666503906,170.9080047607422
119.51409912109375,10.307860374450684,16.79167938232422,4.208930015563965,869.8104858398438,154.7552947998047,7.189126968383789,79.17326354980469,431.0647888183594,38.756019592285156,431.0647888183594,38.756019592285156,11.329119682312012,41.15896987915039,566.3641967773438,23.803329467773438,-3.7202680110931396,27.52359962463379,16.79167938232422,4.208930015563965,2414.0,2414.0,2414.0,0.5627877712249756,218.0,0.9663932919502258,655.3499755859375,758.509521484375,5.564962863922119,1.3907430171966553,3328.4150390625,0.9075523018836975,655.3499755859375,1.0,0.0,41.0,26.210769653320312,147.34620666503906
170.06149291992188,10.587719917297363,17.187889099121094,4.055637836456299,887.3831176757812,155.61270141601562,7.153285980224609,80.29206085205078,448.2134094238281,38.53715133666992,448.2134094238281,38.53715133666992,11.109640121459961,40.01055908203125,586.193115234375,24.253700256347656,-3.510572910308838,27.764270782470703,17.187889099121094,4.055637836456299,2158.0,2158.0,2158.0,0.48409271240234375,215.0,0.9762719869613647,655.3499755859375,414.1402893066406,5.460698127746582,0.6873108148574829,5010.244140625,0.8914000988006592,655.3499755859375,1.0,0.0,56.0,36.354339599609375,139.3426971435547
221.50469970703125,7.7826008796691895,15.588430404663086,0.430679589509964,756.3095092773438,150.61239624023438,5.150195121765137,82.84687042236328,378.48388671875,27.536190032958984,378.48388671875,27.536190032958984,11.465840339660645,38.62453842163086,646.6939697265625,22.5675106048584,-7.117049217224121,29.684560775756836,15.588430404663086,0.430679589509964,2465.0,2465.0,2465.0,0.36680158972740173,194.0,0.9464954137802124,655.3499755859375,145.451904296875,4.4356560707092285,1.772871971130371,4927.64599609375,0.8922330141067505,655.3499755859375,4.0,0.0,63.0,39.84095001220703,148.90310668945312
150.75759887695312,11.558770179748535,18.284469604492188,5.57487678527832,965.7957153320312,168.8843994140625,8.838120460510254,79.50859069824219,496.7322998046875,44.56578063964844,489.47589111328125,44.56578063964844,11.661629676818848,41.763328552246094,574.6223754882812,25.328840255737305,-2.594261884689331,27.92310905456543,17.406749725341797,5.57487678527832,1941.0,1941.0,1941.0,0.5062972903251648,197.0,0.8920173048973083,655.3499755859375,1458.8070068359375,4.49742317199707,0.14907410740852356,1458.8070068359375,0.845535397529602,655.3499755859375,0.0,0.0,63.0,38.293968200683594,131.9958038330078
242.18899536132812,11.202810287475586,17.902740478515625,4.640973091125488,868.5830078125,152.25120544433594,7.020163059234619,80.248779296875,441.7491149902344,37.9327507019043,441.7491149902344,37.9327507019043,11.152029991149902,39.808990478515625,584.5252075195312,24.972030639648438,-3.0405080318450928,28.012540817260742,17.902740478515625,4.640973091125488,2058.0,2058.0,2058.0,0.5011476278305054,214.0,0.9598007202148438,655.3499755859375,794.5695190429688,5.407764911651611,1.312688946723938,794.5695190429688,0.9117019176483154,655.3499755859375,4.0,0.0,65.0,39.61117172241211,136.0742950439453
271.3475036621094,8.007049560546875,15.192560195922852,0.8989884257316589,794.569580078125,153.13589477539062,5.97505521774292,80.23316192626953,386.3070983886719,33.1545295715332,386.3070983886719,33.1545295715332,10.380809783935547,37.268978118896484,614.1002197265625,21.829679489135742,-6.024328231811523,27.8540096282959,15.192560195922852,0.8989884257316589,2848.0,2848.0,2848.0,0.36028748750686646,194.0,0.9265931844711304,655.3499755859375,1359.468994140625,4.437360763549805,0.41819238662719727,2415.555908203125,0.9058188199996948,655.3499755859375,1.0,0.0,43.0,25.890100479125977,160.12789916992188
170.4799041748047,8.385246276855469,14.701589584350586,2.3464410305023193,824.038818359375,156.14340209960938,6.7939958572387695,79.0578384399414,398.13800048828125,36.714210510253906,398.13800048828125,36.714210510253906,10.931920051574707,40.558040618896484,553.085205078125,21.47603988647461,-5.4776787757873535,26.953720092773438,14.701589584350586,2.3464410305023193,2657.0,2657.0,2657.0,0.371917188167572,199.0,0.9485064148902893,655.3499755859375,1990.197021484375,4.73707914352417,0.03902683034539223,4200.65185546875,0.8817086815834045,655.3499755859375,1.0,0.0,64.0,38.64101028442383,154.63380432128906
147.3267059326172,8.887662887573242,16.680089950561523,1.576267957687378,763.23291015625,149.1179962158203,5.474739074707031,82.27819061279297,382.9432067871094,28.889530181884766,382.9432067871094,28.889530181884766,11.613590240478516,38.98257827758789,644.58837890625,23.80278968811035,-5.988818168640137,29.79159927368164,16.680089950561523,1.576267957687378,2266.0,2266.0,2266.0,0.4398871958255768,206.0,0.9187402129173279,655.3499755859375,9.756709098815918,4.949488162994385,1.772871971130371,5231.35009765625,0.8895239233970642,655.3499755859375,4.0,0.0,32.0,20.029769897460938,142.639892578125
285.1636962890625,10.843429565429688,17.837980270385742,3.9590768814086914,914.1751708984375,159.7550048828125,7.51085901260376,81.24433135986328,471.9989929199219,39.910400390625,466.79901123046875,39.910400390625,10.931550025939941,38.139991760253906,617.5911254882812,24.967100143432617,-3.6944150924682617,28.661510467529297,16.96653938293457,3.9590768814086914,2238.0,2238.0,2238.0,0.45865780115127563,210.0,0.9678754210472107,655.3499755859375,678.1494750976562,5.11850118637085,1.772871971130371,3341.321044921875,0.9270681142807007,655.3499755859375,1.0,0.0,59.0,34.65456008911133,141.87420654296875
105.2573013305664,6.380133152008057,13.358819961547852,-0.30999571084976196,856.043212890625,161.15499877929688,6.608553886413574,79.1671371459961,412.1048889160156,36.99802017211914,412.1048889160156,36.99802017211914,10.799610137939453,39.07870101928711,592.8472290039062,20.075990676879883,-7.5584797859191895,27.634469985961914,13.358819961547852,-0.30999571084976196,2511.0,2511.0,2511.0,0.26034069061279297,135.0,0.7706633806228638,655.3499755859375,1062.5250244140625,2.0415680408477783,0.22712770104408264,5550.64501953125,0.664466381072998,567.4583129882812,0.0,0.0,86.0,42.47111892700195,150.34129333496094
125.1675033569336,7.881943225860596,15.548859596252441,0.7596585750579834,759.1370849609375,150.94740295410156,5.40349817276001,82.07726287841797,374.13409423828125,29.55742073059082,374.13409423828125,29.55742073059082,11.442440032958984,39.0018196105957,627.0291748046875,22.710329055786133,-6.627591133117676,29.337919235229492,15.548859596252441,0.7596585750579834,2540.0,2540.0,2540.0,0.5667319893836975,215.0,0.9267181754112244,655.3499755859375,330.198486328125,5.467668056488037,0.22712770104408264,2582.16796875,0.8985878825187683,655.3499755859375,4.0,0.0,47.0,25.82352066040039,151.0626983642578
309.456787109375,8.49704647064209,16.204120635986328,1.2799179553985596,756.7794799804688,149.14039611816406,5.061522960662842,82.78917694091797,379.3952941894531,27.442949295043945,379.3952941894531,27.442949295043945,11.635669708251953,39.19108963012695,635.2009887695312,23.422779083251953,-6.266152858734131,29.68893051147461,16.204120635986328,1.2799179553985596,2418.0,2418.0,2418.0,0.48495590686798096,205.0,0.9514452815055847,655.3499755859375,155.20860290527344,4.976669788360596,1.8509260416030884,5402.4130859375,0.9032620787620544,655.3499755859375,4.0,0.0,46.0,25.173999786376953,147.49240112304688
272.3841857910156,8.637402534484863,15.722660064697266,1.560708999633789,842.2933959960938,155.17970275878906,6.609515190124512,80.21703338623047,413.2575988769531,35.66059112548828,413.0546875,35.66059112548828,10.554300308227539,37.54854965209961,618.9871215820312,22.522279739379883,-5.586778163909912,28.109060287475586,15.655030250549316,1.560708999633789,2514.0,2514.0,2514.0,0.38492920994758606,192.0,0.9571642875671387,655.3499755859375,221.60899353027344,4.256730079650879,1.0,4186.88916015625,0.9046664834022522,655.3499755859375,1.0,0.0,36.0,21.410049438476562,150.46910095214844
91.97667694091797,8.988521575927734,15.366250038146973,2.8397579193115234,840.1483154296875,155.55679321289062,6.895483016967773,78.68070220947266,407.0810852050781,37.82093811035156,407.0810852050781,37.82093811035156,10.873490333557129,40.2706184387207,561.6998291015625,22.135719299316406,-4.863442897796631,26.999160766601562,15.366250038146973,2.8397579193115234,2407.0,2407.0,2407.0,0.5048472285270691,217.0,0.9549859762191772,655.3499755859375,1588.1490478515625,5.656434059143066,0.22712770104408264,3978.760009765625,0.8939309120178223,655.3499755859375,1.0,0.0,51.0,31.890979766845703,147.2393035888672
280.1091003417969,11.208760261535645,18.16288948059082,5.116128921508789,933.7283935546875,163.19239807128906,8.496766090393066,79.09931945800781,471.7807922363281,42.53049087524414,466.2781066894531,42.53049087524414,11.672789573669434,41.13903045654297,588.5750732421875,25.143299102783203,-3.2315659523010254,28.37487030029297,17.380979537963867,5.116128921508789,2284.0,2284.0,2284.0,0.4714300036430359,211.0,0.9490525722503662,655.3499755859375,1187.1800537109375,5.182988166809082,0.34365540742874146,1587.81396484375,0.8906095027923584,655.3499755859375,3.0,0.0,56.0,33.07297134399414,143.4542999267578
320.089599609375,7.717033863067627,14.075189590454102,1.5762790441513062,813.83837890625,156.3968963623047,6.472860813140869,79.94542694091797,392.98748779296875,34.43207931518555,392.98748779296875,34.43207931518555,10.726860046386719,40.10063934326172,556.3485717773438,20.75551986694336,-5.992626190185547,26.748149871826172,14.075189590454102,1.5762790441513062,2972.0,2972.0,2972.0,0.3025664985179901,187.0,0.9200640916824341,655.3499755859375,1730.6719970703125,4.119327068328857,0.1135639026761055,4746.55615234375,0.876941978931427,655.3499755859375,1.0,0.0,36.0,23.155899047851562,163.48379516601562
114.33519744873047,7.857234001159668,14.500459671020508,1.2681410312652588,814.7764282226562,155.6240997314453,6.174802780151367,80.14362335205078,395.4945068359375,34.02313995361328,395.4945068359375,34.02313995361328,10.487310409545898,38.80900955200195,580.86572265625,21.20800018310547,-5.814104080200195,27.0221004486084,14.500459671020508,1.2681410312652588,2875.0,2875.0,2875.0,0.40610000491142273,202.0,0.9480838775634766,655.3499755859375,2079.115966796875,4.808629035949707,0.8864361047744751,6203.40087890625,0.8357685208320618,655.3499755859375,1.0,0.0,41.0,25.399200439453125,160.7191925048828
172.27200317382812,9.887746810913086,16.426179885864258,3.479590892791748,864.2191162109375,154.74549865722656,7.400000095367432,78.97933959960938,425.7897033691406,39.035118103027344,425.7673034667969,39.035118103027344,10.795140266418457,39.484500885009766,580.444580078125,23.28516960144043,-4.05539083480835,27.340560913085938,16.361459732055664,3.479590892791748,2244.0,2244.0,2244.0,0.5655133724212646,218.0,0.9613295197486877,655.3499755859375,1588.0360107421875,5.689228057861328,2.0,4200.65185546875,0.8949450850486755,655.3499755859375,1.0,0.0,37.0,26.187400817871094,142.1833038330078
150.7700958251953,8.284725189208984,15.135990142822266,1.4961669445037842,791.0269165039062,152.9221954345703,6.092544078826904,79.4312973022461,382.0140075683594,33.76118087768555,382.0140075683594,33.76118087768555,10.390899658203125,38.1761589050293,590.3792724609375,21.765050888061523,-5.453050136566162,27.21809959411621,15.135990142822266,1.4961669445037842,2846.0,2846.0,2846.0,0.3622744083404541,197.0,0.9141625165939331,655.3499755859375,221.60899353027344,4.519962787628174,1.0,2734.383056640625,0.8810309171676636,655.3499755859375,4.0,0.0,64.0,40.02534103393555,160.23500061035156
85.65823364257812,5.745006084442139,12.962929725646973,-1.1754330396652222,798.0322875976562,157.6855926513672,5.205273151397705,83.31709289550781,393.7803955078125,29.1931095123291,393.7803955078125,29.1931095123291,10.364649772644043,37.62059020996094,603.4970703125,19.460420608520508,-8.089865684509277,27.550289154052734,12.962929725646973,-1.1754330396652222,3005.0,3005.0,3005.0,0.31738460063934326,186.0,0.8257266879081726,655.3499755859375,422.5264892578125,4.0581769943237305,1.0,2261.636962890625,0.8545749187469482,655.3499755859375,1.0,0.0,51.0,30.287919998168945,164.38670349121094
306.4468078613281,8.617993354797363,16.292240142822266,1.5310310125350952,749.106689453125,148.91510009765625,5.2080888748168945,82.7842025756836,372.4289855957031,27.4041805267334,372.4289855957031,27.4041805267334,11.574210166931152,39.097900390625,627.3140258789062,23.60638999938965,-5.9967570304870605,29.6031494140625,16.292240142822266,1.5310310125350952,2544.0,2544.0,2544.0,0.46848011016845703,208.0,0.9578176736831665,655.3499755859375,914.086181640625,5.116076946258545,0.22712770104408264,2981.60205078125,0.9106178283691406,655.3499755859375,4.0,0.0,68.0,41.415771484375,151.15719604492188
31.223920822143555,9.911469459533691,16.700759887695312,3.227396011352539,872.280029296875,154.0756072998047,7.400000095367432,78.82807159423828,430.2127990722656,39.96709060668945,430.1116943359375,39.96709060668945,10.654549598693848,38.41498947143555,598.8839111328125,23.54520034790039,-4.189765930175781,27.734970092773438,16.439800262451172,3.227396011352539,2188.0,2188.0,2188.0,0.5725947022438049,218.0,0.969448983669281,655.3499755859375,1221.6090087890625,5.5853118896484375,1.312688946723938,4841.64208984375,0.899393618106842,655.3499755859375,1.0,0.0,37.0,23.622400283813477,140.4398956298828
340.69781494140625,10.057120323181152,17.425689697265625,2.7946200370788574,884.7236938476562,154.45140075683594,6.933300971984863,80.65316772460938,446.8742980957031,37.618408203125,445.9606018066406,37.618408203125,10.809009552001953,37.08945846557617,642.7717895507812,24.44746971130371,-4.696174144744873,29.14365005493164,16.857179641723633,2.7946200370788574,2039.0,2039.0,2039.0,0.5348029732704163,215.0,0.9666088223457336,655.3499755859375,9.756709098815918,5.327484130859375,0.6092571020126343,6051.68017578125,0.9142215847969055,655.3499755859375,4.0,0.0,34.0,23.74740982055664,135.5113067626953
83.3440933227539,7.381906986236572,14.366669654846191,0.5566573739051819,789.1182250976562,154.0240020751953,5.769355773925781,80.38816833496094,381.5061950683594,32.06127166748047,381.5061950683594,32.06127166748047,10.337010383605957,37.998809814453125,590.90771484375,20.9227294921875,-6.280727863311768,27.203460693359375,14.366669654846191,0.5566573739051819,2957.0,2957.0,2957.0,0.4306817054748535,198.0,0.9343659281730652,655.3499755859375,221.60899353027344,4.551476001739502,1.0,2508.843994140625,0.8864185214042664,655.3499755859375,4.0,0.0,50.0,32.64746856689453,163.18690490722656
269.9919128417969,9.474617004394531,16.081579208374023,2.9823310375213623,829.9069213867188,152.6584930419922,6.7283501625061035,79.60643005371094,406.7484130859375,36.00434875488281,406.7484130859375,36.00434875488281,10.60414981842041,39.05424118041992,581.8381958007812,22.811389923095703,-4.342014789581299,27.153400421142578,16.081579208374023,2.9823310375213623,2461.0,2461.0,2461.0,0.37971261143684387,196.0,0.9259030222892761,655.3499755859375,337.32269287109375,4.604580879211426,0.41819238662719727,6160.541015625,0.886309802532196,655.3499755859375,1.0,0.0,74.0,41.508331298828125,148.7884979248047
85.6318588256836,10.261190414428711,17.368120193481445,3.3107709884643555,892.888671875,155.28070068359375,7.429872035980225,79.80992889404297,448.1401062011719,39.26893997192383,447.57659912109375,39.26893997192383,10.743020057678223,37.65018844604492,620.64599609375,24.315839767456055,-4.218328952789307,28.534170150756836,16.992469787597656,3.3107709884643555,2053.0,2053.0,2053.0,0.5471397042274475,217.0,0.9614037275314331,655.3499755859375,300.4914855957031,5.725707054138184,2.0,5611.4150390625,0.9012547135353088,655.3499755859375,1.0,0.0,42.0,24.786970138549805,135.99310302734375
140.62660217285156,10.77711009979248,17.598539352416992,4.341777801513672,805.1251220703125,146.98410034179688,6.32114315032959,80.4266128540039,404.1123046875,33.65953063964844,404.1123046875,33.65953063964844,10.951629638671875,39.50347900390625,584.601318359375,24.396820068359375,-3.332235097885132,27.72905921936035,17.598539352416992,4.341777801513672,2313.0,2313.0,2313.0,0.6537253856658936,215.0,0.9528083801269531,655.3499755859375,1290.18798828125,5.345773220062256,2.0,1210.6619873046875,0.915028989315033,655.3499755859375,4.0,0.0,60.0,36.072330474853516,144.42539978027344
260.03448486328125,10.918709754943848,18.225900650024414,3.7730889320373535,932.8587036132812,163.38070678710938,7.9569830894470215,81.11341094970703,484.09051513671875,41.044960021972656,478.7583923339844,41.044960021972656,10.94894027709961,37.350318908691406,639.4683227539062,25.35474967956543,-3.959397077560425,29.314149856567383,17.399850845336914,3.7730889320373535,2005.0,2005.0,2005.0,0.5757436156272888,217.0,0.9490259289741516,655.3499755859375,528.3909912109375,5.506721019744873,1.772871971130371,5791.81982421875,0.9023153185844421,655.3499755859375,1.0,0.0,26.0,17.193050384521484,134.364501953125
258.1794128417969,7.970827102661133,15.60515022277832,0.7766649723052979,838.6983032226562,156.02870178222656,6.446728229522705,80.49365234375,409.15631103515625,34.86542892456055,409.15631103515625,34.86542892456055,10.81641960144043,37.48115921020508,634.2451782226562,22.398149490356445,-6.462066173553467,28.860210418701172,15.60515022277832,0.7766649723052979,2528.0,2528.0,2528.0,0.35556870698928833,186.0,0.9194930791854858,655.3499755859375,959.0568237304688,4.167582035064697,0.1135639026761055,5528.328125,0.865842878818512,655.3499755859375,4.0,0.0,52.0,31.18185043334961,150.9279022216797
331.2221984863281,8.888603210449219,15.687230110168457,2.2353320121765137,822.47412109375,153.8011016845703,6.524744033813477,79.43193054199219,399.4883117675781,35.549739837646484,399.4883117675781,35.549739837646484,10.432450294494629,38.22093963623047,590.5576171875,22.355690002441406,-4.940919876098633,27.29660987854004,15.687230110168457,2.2353320121765137,2531.0,2531.0,2531.0,0.44053348898887634,200.0,0.9113042950630188,655.3499755859375,181.5614013671875,4.727598190307617,0.1135639026761055,6748.82080078125,0.8878648281097412,655.3499755859375,1.0,0.0,51.0,33.259010314941406,150.7987060546875
281.74798583984375,10.071610450744629,17.28074073791504,3.2317299842834473,820.1134033203125,151.75880432128906,6.61614990234375,79.32610321044922,405.4136047363281,35.298789978027344,405.4136047363281,35.298789978027344,10.787280082702637,38.3311882019043,599.760986328125,24.152549743652344,-3.989500045776367,28.14204978942871,17.28074073791504,3.2317299842834473,2243.0,2243.0,2243.0,0.4600295126438141,207.0,0.907662570476532,655.3499755859375,268.6341857910156,4.9641008377075195,0.07453703880310059,2039.2130126953125,0.8940858840942383,655.3499755859375,4.0,0.0,47.0,28.411020278930664,142.1042022705078
223.41400146484375,7.206668853759766,14.469650268554688,0.42133310437202454,785.64111328125,154.34820556640625,5.599999904632568,81.33042907714844,382.8026123046875,31.562639236450195,382.8026123046875,31.562639236450195,10.679759979248047,38.432621002197266,596.0291748046875,21.15350914001465,-6.634628772735596,27.78813934326172,14.469650268554688,0.42133310437202454,2888.0,2888.0,2888.0,0.41735461354255676,201.0,0.8683217167854309,655.3499755859375,1404.552001953125,4.565803050994873,0.14907410740852356,1272.2449951171875,0.8905177116394043,655.3499755859375,4.0,0.0,50.0,31.057329177856445,161.11160278320312
103.55729675292969,9.136053085327148,16.44780921936035,2.334965944290161,791.34228515625,151.55599975585938,5.7288899421691895,81.12242126464844,389.91668701171875,32.455448150634766,389.91668701171875,32.455448150634766,10.875969886779785,38.31772994995117,602.7653198242188,23.31878089904785,-5.064888954162598,28.383670806884766,16.44780921936035,2.334965944290161,2319.0,2319.0,2319.0,0.45218661427497864,206.0,0.9349315762519836,655.3499755859375,637.1580810546875,4.994572162628174,0.6873108148574829,221.60899353027344,0.8664370775222778,655.3499755859375,4.0,0.0,35.0,23.865299224853516,144.46780395507812
269.055908203125,8.295928001403809,15.471599578857422,1.5208719968795776,789.68359375,154.15829467773438,5.60168981552124,81.90778350830078,388.40960693359375,30.510820388793945,388.40960693359375,30.510820388793945,10.661270141601562,38.07164001464844,599.713623046875,22.173730850219727,-5.82859992980957,28.002330780029297,15.471599578857422,1.5208719968795776,2803.0,2803.0,2803.0,0.25290319323539734,165.0,0.8741855025291443,655.3499755859375,628.5291748046875,3.178502082824707,0.1135639026761055,1286.739990234375,0.8636506795883179,655.3499755859375,1.0,0.0,49.0,32.781280517578125,158.73330688476562
283.3822937011719,10.6218900680542,17.954769134521484,3.4611880779266357,921.1605224609375,159.83819580078125,7.818704128265381,80.45187377929688,471.6507873535156,40.64373016357422,468.9230041503906,40.64373016357422,10.872469902038574,37.13597869873047,639.5192260742188,25.042879104614258,-4.23428201675415,29.27716064453125,17.19915008544922,3.4611880779266357,2070.0,2070.0,2070.0,0.49174049496650696,220.0,0.9769167900085449,655.3499755859375,528.3909912109375,5.705932140350342,1.8509260416030884,6518.1640625,0.9045693278312683,655.3499755859375,1.0,0.0,30.0,23.090539932250977,136.46929931640625
23.473609924316406,9.021191596984863,16.209550857543945,2.0461840629577637,859.3380126953125,156.54010009765625,7.251379013061523,78.86641693115234,420.0556945800781,38.4775390625,420.0556945800781,38.4775390625,10.583399772644043,37.5154914855957,617.2620849609375,23.01453971862793,-5.197474002838135,28.21200942993164,16.209550857543945,2.0461840629577637,2356.0,2356.0,2356.0,0.40136221051216125,207.0,0.9654558897018433,655.3499755859375,173.8428955078125,5.125639915466309,0.14907410740852356,6842.041015625,0.8642871975898743,655.3499755859375,1.0,0.0,71.0,40.251129150390625,145.42930603027344
214.1728057861328,9.814558982849121,17.14444923400879,2.927894115447998,814.7177734375,151.99549865722656,6.68855094909668,78.9432373046875,399.6785888671875,35.86362838745117,399.6785888671875,35.86362838745117,11.007160186767578,38.74365997314453,602.968017578125,24.121959686279297,-4.2874321937561035,28.40938949584961,17.14444923400879,2.927894115447998,2299.0,2299.0,2299.0,0.5105211138725281,210.0,0.9511154294013977,655.3499755859375,335.9137878417969,4.983922958374023,0.6092571020126343,2792.9990234375,0.8999412059783936,655.3499755859375,4.0,0.0,51.0,32.69020080566406,143.86160278320312
266.7049865722656,9.453261375427246,16.709089279174805,2.725193977355957,796.7841796875,151.16720581054688,5.9066548347473145,81.54065704345703,394.8035888671875,31.536460876464844,394.8035888671875,31.536460876464844,10.906689643859863,38.320560455322266,600.6810302734375,23.635540008544922,-4.8260040283203125,28.46154022216797,16.709089279174805,2.725193977355957,2568.0,2568.0,2568.0,0.4746483862400055,201.0,0.883950412273407,655.3499755859375,579.0919189453125,4.623676776885986,0.22712770104408264,778.3909912109375,0.8981668949127197,655.3499755859375,4.0,0.0,53.0,32.521018981933594,151.75570678710938
158.22149658203125,9.142009735107422,16.443710327148438,2.2960081100463867,796.55126953125,152.65159606933594,6.344388008117676,78.83943939208984,385.8857116699219,35.2825813293457,385.8857116699219,35.2825813293457,10.947449684143066,38.88780975341797,598.1419067382812,23.3856201171875,-4.765834808349609,28.151460647583008,16.443710327148438,2.2960081100463867,2719.0,2719.0,2719.0,0.44749221205711365,202.0,0.9224585890769958,655.3499755859375,758.509521484375,4.6977128982543945,1.3907430171966553,2640.577880859375,0.8696625828742981,655.3499755859375,4.0,0.0,28.0,18.790130615234375,156.44619750976562
248.19140625,8.245905876159668,16.060909271240234,0.9787989854812622,841.6555786132812,155.87010192871094,6.533544063568115,80.14492797851562,410.944091796875,35.64094161987305,410.944091796875,35.64094161987305,10.70324993133545,36.824729919433594,642.5933227539062,22.914140701293945,-6.150978088378906,29.065109252929688,16.060909271240234,0.9787989854812622,2520.0,2520.0,2520.0,0.3497641980648041,189.0,0.9385600090026855,655.3499755859375,18.634260177612305,4.109401226043701,1.0,4276.8798828125,0.877801775932312,655.3499755859375,4.0,0.0,36.0,24.955020904541016,150.53709411621094
324.6097106933594,10.23523998260498,17.668460845947266,3.075666904449463,903.0455932617188,156.61239624023438,7.507811069488525,79.73352813720703,455.0122985839844,40.171470642089844,453.9205017089844,40.171470642089844,10.836380004882812,37.187599182128906,638.11572265625,24.670970916748047,-4.468883991241455,29.139860153198242,17.241220474243164,3.075666904449463,2271.0,2271.0,2271.0,0.4584197998046875,216.0,0.9636589288711548,655.3499755859375,337.32269287109375,5.461513042449951,2.0,6728.31005859375,0.8967453837394714,655.3499755859375,1.0,0.0,56.0,34.05881118774414,142.88380432128906
272.21258544921875,10.780420303344727,17.449739456176758,4.546739101409912,794.505126953125,147.00770568847656,6.1551289558410645,80.10952758789062,395.5531005859375,33.30220031738281,395.5531005859375,33.30220031738281,11.047149658203125,40.41279983520508,573.0684204101562,24.16482925415039,-3.1705551147460938,27.33538055419922,17.449739456176758,4.546739101409912,2309.0,2309.0,2309.0,0.521976113319397,213.0,0.9692181944847107,655.3499755859375,414.0862121582031,5.305769920349121,2.0,1403.41796875,0.9172751903533936,655.3499755859375,4.0,0.0,64.0,41.09746170043945,144.1186065673828
247.1544952392578,10.978910446166992,17.898910522460938,4.24733304977417,956.2830200195312,169.48899841308594,8.675922393798828,80.77133178710938,498.0168151855469,43.022918701171875,488.4679870605469,43.022918701171875,11.54640007019043,39.83290100097656,612.0745849609375,25.103689193725586,-3.8833210468292236,28.987009048461914,17.098909378051758,4.24733304977417,1891.0,1891.0,1891.0,0.4356173872947693,205.0,0.966008186340332,655.3499755859375,337.32269287109375,5.019041061401367,0.1135639026761055,2086.513916015625,0.9038025736808777,655.3499755859375,0.0,0.0,50.0,33.44453811645508,130.4154052734375
160.12939453125,8.666991233825684,15.999950408935547,1.8850510120391846,789.9415283203125,152.70350646972656,6.33714485168457,78.99411010742188,381.2771911621094,34.43851852416992,381.2771911621094,34.43851852416992,11.050629615783691,39.1597900390625,596.4813842773438,22.974950790405273,-5.244680881500244,28.219629287719727,15.999950408935547,1.8850510120391846,2765.0,2765.0,2765.0,0.3982515037059784,196.0,0.8717389106750488,655.3499755859375,634.7501831054688,4.570390224456787,1.0,3344.216064453125,0.8601570725440979,655.3499755859375,4.0,0.0,41.0,25.08115005493164,157.73080444335938
108.53959655761719,8.182385444641113,15.333209991455078,1.6245629787445068,754.2578735351562,151.4833984375,5.539590835571289,81.59397888183594,371.0011901855469,29.950910568237305,371.0011901855469,29.950910568237305,11.768839836120605,41.198028564453125,578.2069091796875,22.65955924987793,-5.907154083251953,28.566709518432617,15.333209991455078,1.6245629787445068,2578.0,2578.0,2578.0,0.4535968005657196,206.0,0.9068251252174377,655.3499755859375,301.32391357421875,5.027190208435059,1.9219460487365723,5328.583984375,0.8576207160949707,655.3499755859375,4.0,0.0,58.0,35.62615966796875,152.46530151367188
118.6624984741211,8.997337341308594,16.66465950012207,1.755573034286499,873.6348266601562,157.23910522460938,7.651315212249756,79.28951263427734,429.16558837890625,38.689308166503906,429.081298828125,38.689308166503906,11.023050308227539,37.76607894897461,643.6785278320312,23.505380630493164,-5.682158946990967,29.18754005432129,16.63442039489746,1.755573034286499,2779.0,2779.0,2779.0,0.25926628708839417,169.0,0.901025116443634,655.3499755859375,1186.2139892578125,3.180919885635376,0.6092571020126343,1238.3060302734375,0.768921971321106,639.871826171875,0.0,0.0,45.0,23.96268081665039,158.2545928955078
106.0009994506836,8.69381046295166,16.470430374145508,1.3774739503860474,849.497314453125,155.5644073486328,7.0,79.46724700927734,415.2680969238281,37.108848571777344,415.2680969238281,37.108848571777344,10.775899887084961,36.978599548339844,645.8372802734375,23.27120018005371,-5.869838237762451,29.141040802001953,16.470430374145508,1.3774739503860474,2435.0,2435.0,2435.0,0.4200516939163208,210.0,0.96514892578125,655.3499755859375,28.39097023010254,5.225290775299072,0.6953713893890381,4215.921875,0.8952066898345947,655.3499755859375,4.0,0.0,51.0,30.693510055541992,147.98609924316406
83.89491271972656,6.720552921295166,13.822970390319824,0.19814950227737427,762.2470703125,154.70880126953125,5.0808491706848145,82.8846206665039,378.7406921386719,28.54401969909668,378.7406921386719,28.54401969909668,11.754639625549316,41.56229019165039,573.0286865234375,21.106460571289062,-7.175644874572754,28.2821102142334,13.822970390319824,0.19814950227737427,2830.0,2830.0,2830.0,0.40645450353622437,192.0,0.8678197264671326,655.3499755859375,28.39097023010254,4.265151023864746,0.07805366814136505,5959.828125,0.8343862295150757,655.3499755859375,4.0,0.0,51.0,33.153350830078125,159.53860473632812
94.25740051269531,10.407010078430176,17.399700164794922,3.926405906677246,777.0070190429688,147.59860229492188,6.063895225524902,80.00576782226562,384.4104919433594,33.09376907348633,384.4104919433594,33.09376907348633,11.019880294799805,39.19709014892578,588.4362182617188,24.344829559326172,-3.768749952316284,28.11358070373535,17.399700164794922,3.926405906677246,2314.0,2314.0,2314.0,0.5369604229927063,208.0,0.9206423759460449,655.3499755859375,221.60899353027344,5.104666233062744,2.0,221.60899353027344,0.893721878528595,655.3499755859375,4.0,0.0,71.0,40.804901123046875,144.50900268554688
163.12109375,11.039839744567871,17.78628921508789,4.774154186248779,796.665771484375,147.03179931640625,5.978361129760742,81.11463165283203,401.0289001464844,32.464210510253906,401.0289001464844,32.464210510253906,11.153229713439941,40.3656005859375,577.8812866210938,24.55006980895996,-3.0806779861450195,27.63075065612793,17.78628921508789,4.774154186248779,2235.0,2235.0,2235.0,0.6856899261474609,216.0,0.9368842244148254,655.3499755859375,262.9111022949219,5.46005916595459,2.0,262.9111022949219,0.9157695174217224,655.3499755859375,4.0,0.0,34.0,22.421720504760742,141.73959350585938
272.12908935546875,10.737480163574219,18.121339797973633,3.6895461082458496,870.2227172851562,152.14649963378906,6.804090976715088,81.13733673095703,441.6709899902344,37.06317901611328,441.6709899902344,37.06317901611328,10.964300155639648,37.921321868896484,624.8610229492188,25.065509796142578,-3.848249912261963,28.913759231567383,18.121339797973633,3.6895461082458496,1998.0,1998.0,1998.0,0.6537572741508484,222.0,0.9699832797050476,655.3499755859375,181.5614013671875,5.793333053588867,2.0,4825.8388671875,0.9234381914138794,655.3499755859375,1.0,0.0,56.0,33.798728942871094,134.0988006591797
220.15769958496094,8.18760871887207,15.328889846801758,1.6437770128250122,756.559326171875,151.531494140625,5.495408058166504,81.5818862915039,372.4830017089844,29.993980407714844,372.4830017089844,29.993980407714844,11.784859657287598,41.28466033935547,577.0264282226562,22.649620056152344,-5.896069049835205,28.545690536499023,15.328889846801758,1.6437770128250122,2781.0,2781.0,2781.0,0.480356901884079,202.0,0.9190946817398071,655.3499755859375,641.595703125,4.71301794052124,1.772871971130371,5170.1181640625,0.8568400740623474,655.3499755859375,4.0,0.0,36.0,22.54167938232422,158.15780639648438
65.95173645019531,7.98746919631958,15.71323013305664,0.705088198184967,840.9686889648438,157.0155029296875,7.0,79.2571029663086,407.09271240234375,36.85723876953125,407.09271240234375,36.85723876953125,10.687100410461426,36.99702072143555,640.8048706054688,22.395610809326172,-6.491005897521973,28.88661003112793,15.71323013305664,0.705088198184967,2590.0,2590.0,2590.0,0.33321839570999146,195.0,0.9353224039077759,655.3499755859375,155.20860290527344,4.413584232330322,1.0,3519.673095703125,0.8745595812797546,655.3499755859375,4.0,0.0,38.0,22.54068946838379,152.6613006591797
275.1453857421875,10.335709571838379,17.375070571899414,3.718485116958618,808.7545166015625,148.81309509277344,5.699999809265137,82.00418853759766,406.4504089355469,32.096858978271484,406.4504089355469,32.096858978271484,10.748339653015137,37.876380920410156,595.7772827148438,24.27984046936035,-4.097539901733398,28.37738037109375,17.375070571899414,3.718485116958618,2368.0,2368.0,2368.0,0.5659236907958984,213.0,0.9224293828010559,655.3499755859375,790.7495727539062,5.217288017272949,0.6873108148574829,944.3505859375,0.9099047183990479,655.3499755859375,4.0,0.0,58.0,33.36252975463867,146.02110290527344
197.56910705566406,10.35569953918457,17.097129821777344,4.088848114013672,777.9603881835938,147.68690490722656,6.199999809265137,80.0053482055664,383.0788879394531,32.833030700683594,383.0788879394531,32.833030700683594,10.85315990447998,39.71372985839844,571.9915771484375,23.793079376220703,-3.535036087036133,27.3281192779541,17.097129821777344,4.088848114013672,2337.0,2337.0,2337.0,0.5210567116737366,214.0,0.9259595274925232,655.3499755859375,262.9111022949219,5.229578018188477,2.0,1011.1069946289062,0.884647011756897,655.3499755859375,4.0,0.0,52.0,30.44693946838379,145.07090759277344
283.2239990234375,10.651089668273926,17.416749954223633,4.399600982666016,779.2045288085938,147.51849365234375,6.015847206115723,80.58598327636719,386.85321044921875,32.41292953491211,386.85321044921875,32.41292953491211,10.96541976928711,39.97383117675781,574.9135131835938,24.099050521850586,-3.3336920738220215,27.4327392578125,17.416749954223633,4.399600982666016,2460.0,2460.0,2460.0,0.49480459094047546,208.0,0.9585171937942505,655.3499755859375,473.12860107421875,5.217662811279297,2.0,935.4255981445312,0.9248477816581726,655.3499755859375,4.0,0.0,74.0,39.82611846923828,148.66690063476562
155.09629821777344,6.475566864013672,13.553580284118652,-0.034996889531612396,766.4421997070312,154.8489990234375,5.099999904632568,82.67871856689453,380.6039123535156,28.986949920654297,380.6039123535156,28.986949920654297,11.817520141601562,41.896148681640625,571.4697875976562,20.843549728393555,-7.363498210906982,28.207050323486328,13.553580284118652,-0.034996889531612396,2848.0,2848.0,2848.0,0.395259290933609,195.0,0.854785680770874,655.3499755859375,335.9137878417969,4.287296772003174,0.07805366814136505,5930.59716796875,0.8223106861114502,654.355712890625,4.0,0.0,37.0,24.178510665893555,160.07699584960938
252.71240234375,9.964916229248047,17.45549964904785,2.8736178874969482,841.0499877929688,152.08670043945312,6.7305169105529785,79.78814697265625,417.1174011230469,36.96186828613281,417.1174011230469,36.96186828613281,10.987199783325195,38.18523025512695,624.8618774414062,24.40052032470703,-4.372674942016602,28.7731990814209,17.45549964904785,2.8736178874969482,2169.0,2169.0,2169.0,0.5676528215408325,217.0,0.9529284238815308,655.3499755859375,18.634260177612305,5.415952205657959,1.9219460487365723,5112.1572265625,0.9223821759223938,655.3499755859375,1.0,0.0,57.0,31.222610473632812,139.8697052001953
217.0653076171875,10.143190383911133,16.86672019958496,3.561815023422241,921.226318359375,159.8135986328125,8.7305908203125,78.97039794921875,463.59600830078125,42.75954055786133,458.9377136230469,42.75954055786133,11.296839714050293,39.82310104370117,596.1939086914062,23.9481201171875,-4.4198079109191895,28.367929458618164,16.096839904785156,3.561815023422241,2235.0,2235.0,2235.0,0.3952169120311737,203.0,0.9423031806945801,655.3499755859375,1010.5759887695312,4.674286842346191,1.0,2342.987060546875,0.8728603720664978,655.3499755859375,0.0,0.0,49.0,29.90151023864746,141.82449340820312
185.98890686035156,9.536154747009277,16.45500946044922,3.1315929889678955,765.07080078125,148.802001953125,6.041493892669678,79.8314437866211,370.9768981933594,32.451271057128906,370.9768981933594,32.451271057128906,10.674650192260742,38.96110916137695,577.6840209960938,23.127670288085938,-4.270751953125,27.398420333862305,16.45500946044922,3.1315929889678955,2546.0,2546.0,2546.0,0.4559302031993866,207.0,0.9458609819412231,655.3499755859375,408.4248962402344,5.1266188621521,1.1636149883270264,1379.7939453125,0.8866528272628784,654.48828125,4.0,0.0,50.0,35.445091247558594,151.4929962158203
94.48387908935547,7.595544815063477,15.312100410461426,0.33423909544944763,838.2742919921875,157.91619873046875,6.922721862792969,79.42571258544922,404.88958740234375,36.483619689941406,404.88958740234375,36.483619689941406,10.6531400680542,36.9616584777832,638.5042114257812,21.98535919189453,-6.8369059562683105,28.8222599029541,15.312100410461426,0.33423909544944763,2592.0,2592.0,2592.0,0.3200420141220093,188.0,0.928589403629303,655.3499755859375,108.5895004272461,4.096638202667236,1.0,3118.449951171875,0.8534600138664246,655.3499755859375,4.0,0.0,43.0,22.652450561523438,152.80780029296875
248.30580139160156,11.507149696350098,19.139440536499023,4.2710771560668945,998.7208862304688,185.7758026123047,9.220091819763184,82.44972229003906,537.8604736328125,45.0331916809082,522.1848754882812,45.0331916809082,11.481399536132812,38.052860260009766,655.1508178710938,26.456899642944336,-3.7157649993896484,30.17266082763672,18.20611000061035,4.2710771560668945,2199.0,2199.0,2199.0,0.32559290528297424,180.0,0.9283366799354553,655.3499755859375,746.0850830078125,3.911752939224243,0.07453703880310059,746.0850830078125,0.8804650902748108,655.3499755859375,0.0,0.0,68.0,38.386070251464844,140.7397003173828
197.77740478515625,10.761420249938965,17.683799743652344,3.9172120094299316,955.74609375,168.4564971923828,8.85988998413086,80.17938995361328,494.2865905761719,43.62955856323242,485.84259033203125,43.62955856323242,11.367819786071777,39.394439697265625,614.7797241210938,24.974470138549805,-3.8814289569854736,28.855899810791016,16.865379333496094,3.9172120094299316,1817.0,1817.0,1817.0,0.4606224000453949,207.0,0.9189736843109131,655.3499755859375,28.39097023010254,5.162076950073242,1.1636149883270264,3379.34912109375,0.8788583278656006,655.3499755859375,0.0,0.0,56.0,31.12114906311035,127.96730041503906
264.5857849121094,9.248051643371582,16.776750564575195,2.192012071609497,827.263427734375,153.41209411621094,6.582851886749268,79.4960708618164,405.1453857421875,36.46126937866211,405.1453857421875,36.46126937866211,11.016059875488281,38.4002685546875,620.8173217773438,23.757219314575195,-4.930728912353516,28.687950134277344,16.776750564575195,2.192012071609497,2323.0,2323.0,2323.0,0.5442296862602234,216.0,0.9524899125099182,655.3499755859375,76.15714263916016,5.419540882110596,1.312688946723938,5543.01708984375,0.9077730774879456,655.3499755859375,1.0,0.0,65.0,41.17094039916992,144.52830505371094
254.22390747070312,11.030960083007812,18.11008071899414,4.568542957305908,797.0736083984375,147.64320373535156,6.164137840270996,80.84010314941406,401.5635070800781,33.03440856933594,401.5635070800781,33.03440856933594,11.0693998336792,39.12757110595703,590.8602294921875,25.005260467529297,-3.2860240936279297,28.291290283203125,18.11008071899414,4.568542957305908,2213.0,2213.0,2213.0,0.5343232750892639,214.0,0.9480041265487671,655.3499755859375,631.726318359375,5.246714115142822,2.0,746.0850830078125,0.9072887897491455,655.3499755859375,4.0,0.5184624791145325,61.0,37.49972152709961,141.006103515625
245.8408966064453,8.60546875,15.447500228881836,1.7493950128555298,879.2191772460938,157.85060119628906,7.943041801452637,78.20465850830078,426.8214111328125,40.43478012084961,426.36749267578125,40.43478012084961,10.905440330505371,38.8096809387207,603.8535766601562,22.43907928466797,-5.660574913024902,28.09964942932129,15.200249671936035,1.7493950128555298,2391.0,2391.0,2391.0,0.317443311214447,194.0,0.939714789390564,655.3499755859375,992.5388793945312,4.23158597946167,0.9254630208015442,2557.930908203125,0.849567174911499,655.3499755859375,0.0,0.0,47.0,31.854829788208008,146.62350463867188
212.07229614257812,5.872098922729492,13.242259979248047,-0.7876965999603271,784.4329833984375,156.40469360351562,5.375493049621582,82.10196685791016,384.71319580078125,30.069499969482422,384.71319580078125,30.069499969482422,11.126729965209961,39.55337905883789,589.6171875,20.34773063659668,-7.782450199127197,28.13018035888672,13.242259979248047,-0.7876965999603271,3039.0,3039.0,3039.0,0.38700878620147705,184.0,0.8560565710067749,655.3499755859375,301.32391357421875,3.99995493888855,0.14907410740852356,3143.235107421875,0.8288226127624512,655.3499755859375,3.0,0.0,55.0,36.34941101074219,165.11940002441406
62.579349517822266,9.224091529846191,16.23291015625,2.698096990585327,776.9067993164062,148.1302032470703,5.699999809265137,80.8639907836914,379.8918151855469,31.998559951782227,379.8918151855469,31.998559951782227,10.565320014953613,37.8571891784668,586.772216796875,22.9935302734375,-4.9148268699646,27.90835952758789,16.23291015625,2.698096990585327,2401.0,2401.0,2401.0,0.6282162070274353,218.0,0.9462370872497559,655.3499755859375,814.3615112304688,5.566082000732422,2.0,637.1580810546875,0.908109188079834,655.3499755859375,4.0,0.0,51.0,29.46957015991211,147.14309692382812
41.5897102355957,6.134679794311523,13.465700149536133,-0.4856345057487488,781.4890747070312,155.7039031982422,5.404987812042236,82.52702331542969,382.9696044921875,29.874629974365234,382.9696044921875,29.874629974365234,10.776080131530762,38.63011932373047,590.0966796875,20.21489906311035,-7.6802659034729,27.895160675048828,13.465700149536133,-0.4856345057487488,2827.0,2827.0,2827.0,0.3821359872817993,186.0,0.8233991265296936,655.3499755859375,18.634260177612305,4.115356922149658,2.0,2171.715087890625,0.8455653190612793,649.1235961914062,4.0,0.0,54.0,33.28205871582031,159.63189697265625
133.5500030517578,10.125829696655273,16.959510803222656,3.869029998779297,763.714111328125,148.67239379882812,5.755600929260254,79.97608947753906,373.4507141113281,32.34870147705078,373.4507141113281,32.34870147705078,10.779170036315918,39.402099609375,573.576416015625,23.608549118041992,-3.748094081878662,27.35664939880371,16.959510803222656,3.869029998779297,2412.0,2412.0,2412.0,0.5742675065994263,216.0,0.9459707736968994,655.3499755859375,408.4248962402344,5.423707008361816,2.0,1812.98095703125,0.8989967703819275,655.3499755859375,4.0,0.0,56.0,34.4415397644043,147.37759399414062
288.4320983886719,8.060376167297363,15.550519943237305,1.1714359521865845,810.860107421875,155.556396484375,6.389586925506592,79.82746887207031,391.662109375,35.24549102783203,391.662109375,35.24549102783203,10.983819961547852,38.63528060913086,606.8842163085938,22.584609985351562,-5.844964981079102,28.429569244384766,15.550519943237305,1.1714359521865845,2733.0,2733.0,2733.0,0.28413328528404236,176.0,0.8118224740028381,655.3499755859375,164.08619689941406,3.752140998840332,0.6873108148574829,6370.77294921875,0.8332710266113281,653.404296875,1.0,0.0,65.0,40.20417022705078,156.88259887695312
320.9637145996094,12.756589889526367,19.529020309448242,6.773667812347412,1006.4450073242188,183.039306640625,9.850760459899902,80.61383056640625,534.725830078125,47.36157989501953,517.3101196289062,47.36157989501953,11.980420112609863,41.94132995605469,585.6044921875,26.604990005493164,-1.959947943687439,28.564939498901367,18.8233699798584,6.773667812347412,1867.0,1867.0,1867.0,0.4999285042285919,207.0,0.9453309774398804,655.3499755859375,181.5614013671875,5.154706954956055,2.0,1032.7540283203125,0.8767653703689575,655.3499755859375,2.0,0.0,48.0,33.70410919189453,129.3813018798828
254.71359252929688,9.490899085998535,16.20117950439453,3.4037609100341797,758.0587158203125,149.2913055419922,5.9254608154296875,79.75393676757812,366.2880859375,32.450538635253906,366.2880859375,32.450538635253906,10.658040046691895,39.57762908935547,561.5932006835938,22.698509216308594,-4.231061935424805,26.929569244384766,16.20117950439453,3.4037609100341797,2535.0,2535.0,2535.0,0.4044007956981659,205.0,0.9128183126449585,655.3499755859375,525.1937866210938,4.91835880279541,2.0,803.811279296875,0.8892062902450562,655.3499755859375,4.0,0.0,54.0,34.385711669921875,151.05209350585938
273.8764953613281,10.667679786682129,17.71047019958496,3.7325940132141113,951.1013793945312,167.80859375,8.916646003723145,80.10550689697266,490.4637145996094,43.07291030883789,483.0403137207031,43.07291030883789,11.327409744262695,39.11286163330078,619.669921875,24.97665023803711,-3.98380708694458,28.960460662841797,16.861469268798828,3.7325940132141113,1840.0,1840.0,1840.0,0.4316149950027466,193.0,0.9278504848480225,655.3499755859375,28.39097023010254,4.4010539054870605,0.03902683034539223,3800.81396484375,0.8666154742240906,655.3499755859375,0.0,0.0,52.0,31.970260620117188,128.65269470214844
175.1595001220703,10.680159568786621,17.485979080200195,4.123577117919922,820.2100830078125,146.54600524902344,5.931921005249023,81.63520812988281,413.5549011230469,33.53974914550781,413.5549011230469,33.53974914550781,10.870309829711914,38.53583908081055,592.771728515625,24.514480590820312,-3.696139097213745,28.210620880126953,17.485979080200195,4.123577117919922,2201.0,2201.0,2201.0,0.6180803179740906,215.0,0.9262766242027283,655.3499755859375,414.1402893066406,5.336790084838867,2.0,414.1402893066406,0.9173851013183594,655.3499755859375,4.0,0.0,68.0,40.576358795166016,140.85049438476562
106.50769805908203,12.92339038848877,19.60594940185547,7.01961612701416,1006.4979858398438,182.5924072265625,9.83495807647705,80.51586151123047,534.4866943359375,47.7041015625,516.7625732421875,47.7041015625,12.029680252075195,42.08843994140625,581.9111938476562,26.6671199798584,-1.9146230220794678,28.58173942565918,18.947599411010742,7.01961612701416,1903.0,1903.0,1903.0,0.567327082157135,199.0,0.9478703737258911,655.3499755859375,632.7592163085938,4.806399822235107,0.07805366814136505,469.05230712890625,0.8817217946052551,655.3499755859375,2.0,0.0,27.0,19.51685905456543,130.9221954345703
132.4467010498047,8.919931411743164,16.003620147705078,1.9276390075683594,886.4796142578125,157.29409790039062,8.159164428710938,78.44000244140625,433.5221862792969,40.589698791503906,433.0758056640625,40.589698791503906,11.001569747924805,38.63624954223633,614.9733276367188,22.989089965820312,-5.485508918762207,28.474599838256836,15.841890335083008,1.9276390075683594,2274.0,2274.0,2274.0,0.2779957056045532,191.0,0.910779595375061,655.3499755859375,911.03857421875,4.270607948303223,0.9609730839729309,3487.906982421875,0.8346546292304993,655.3499755859375,0.0,0.0,70.0,42.887718200683594,143.0272979736328
189.27259826660156,10.853610038757324,17.687780380249023,4.469292163848877,810.5770874023438,145.2407989501953,5.762197017669678,81.6852035522461,409.0574951171875,33.29581069946289,409.0574951171875,33.29581069946289,10.710689544677734,38.14299011230469,584.9375,24.531049728393555,-3.5496490001678467,28.080699920654297,17.687780380249023,4.469292163848877,2242.0,2242.0,2242.0,0.6196671724319458,214.0,0.9387977123260498,655.3499755859375,440.8572082519531,5.401082992553711,2.0,578.82958984375,0.9010177254676819,655.3499755859375,4.0,0.0,61.0,40.48514175415039,142.17160034179688
170.9091033935547,10.246190071105957,16.982969284057617,3.6752960681915283,806.1798706054688,146.7368927001953,6.325394153594971,80.96011352539062,401.3858947753906,34.17121124267578,401.3858947753906,34.17121124267578,10.885560035705566,38.95867156982422,590.1782836914062,23.965959548950195,-3.977231025695801,27.94318962097168,16.982969284057617,3.6752960681915283,2345.0,2345.0,2345.0,0.589275598526001,207.0,0.8874726891517639,655.3499755859375,585.913818359375,5.014708042144775,2.0,591.8961181640625,0.8851364254951477,655.3499755859375,4.0,0.07113064080476761,48.0,34.239959716796875,145.1947021484375
238.89230346679688,10.143420219421387,17.190860748291016,3.714198112487793,771.05078125,149.39830017089844,6.280167102813721,80.12779998779297,378.6632995605469,32.729068756103516,378.6632995605469,32.729068756103516,10.889189720153809,38.9818000793457,583.914794921875,24.043790817260742,-3.8908278942108154,27.93461036682129,17.190860748291016,3.714198112487793,2475.0,2475.0,2475.0,0.46677538752555847,209.0,0.9600757956504822,655.3499755859375,1188.5059814453125,5.140782833099365,0.8363847732543945,1188.5059814453125,0.9058272838592529,655.3499755859375,4.0,0.0,53.0,31.24909019470215,149.29080200195312
90.6213607788086,9.098916053771973,16.22300910949707,2.5961170196533203,761.7645874023438,148.4259033203125,5.423468112945557,81.55780029296875,372.3938903808594,30.36812973022461,372.3938903808594,30.36812973022461,10.78495979309082,38.28982162475586,586.4304809570312,23.067659378051758,-5.099103927612305,28.166759490966797,16.22300910949707,2.5961170196533203,2555.0,2555.0,2555.0,0.5277583003044128,211.0,0.9502153992652893,655.3499755859375,408.4248962402344,5.229773998260498,2.0,513.6641235351562,0.8994392156600952,655.3499755859375,4.0,0.0,54.0,34.48453903198242,151.55589294433594
227.2886962890625,8.622871398925781,15.429360389709473,1.8246749639511108,888.3129272460938,158.90170288085938,8.290443420410156,77.76264190673828,430.72088623046875,41.743629455566406,430.2164001464844,41.743629455566406,10.963319778442383,38.95949935913086,599.24462890625,22.405839920043945,-5.735241889953613,28.141080856323242,15.26117992401123,1.8246749639511108,2680.0,2680.0,2680.0,0.31117311120033264,188.0,0.9309985041618347,655.3499755859375,1497.5389404296875,4.104051113128662,0.07805366814136505,4026.615966796875,0.8627663850784302,655.2614135742188,0.0,0.0,39.0,25.907499313354492,155.22369384765625
203.89950561523438,6.436398029327393,13.73330020904541,-0.08506446331739426,767.951171875,153.91029357910156,5.199999809265137,82.8105697631836,375.7940979003906,29.323389053344727,375.7940979003906,29.323389053344727,11.238909721374512,39.86376953125,581.2670288085938,20.913000106811523,-7.280357837677002,28.193359375,13.73330020904541,-0.08506446331739426,2918.0,2918.0,2918.0,0.4940252900123596,206.0,0.8826537132263184,655.3499755859375,335.9137878417969,4.989690780639648,2.0,3748.965087890625,0.867044985294342,655.3499755859375,4.0,0.0,44.0,23.90778923034668,162.20460510253906
133.2406005859375,6.471542835235596,13.571669578552246,-0.06876681745052338,765.3419799804688,154.79629516601562,5.288712978363037,82.29817199707031,377.4457092285156,29.670490264892578,377.4457092285156,29.670490264892578,11.70536994934082,41.33121109008789,575.182373046875,20.82406997680664,-7.497171878814697,28.321239471435547,13.571669578552246,-0.06876681745052338,3170.0,3170.0,3170.0,0.36035600304603577,192.0,0.9167386889457703,655.3499755859375,986.4714965820312,4.234152793884277,2.0,3191.948974609375,0.8804165124893188,650.1292724609375,4.0,0.0,33.0,23.445409774780273,168.84030151367188
198.63059997558594,6.981695175170898,14.205619812011719,0.3716830015182495,757.4411010742188,153.27810668945312,5.33105993270874,82.28362274169922,372.32391357421875,29.0622501373291,372.32391357421875,29.0622501373291,11.66012954711914,40.96154022216797,582.1771850585938,21.43398094177246,-7.032281875610352,28.46626091003418,14.205619812011719,0.3716830015182495,2876.0,2876.0,2876.0,0.4095652103424072,196.0,0.9105818271636963,655.3499755859375,422.5264892578125,4.581943035125732,1.8509260416030884,2230.447998046875,0.8779687881469727,647.2537231445312,4.0,0.0,58.0,36.713558197021484,160.93820190429688
299.8544921875,6.474177837371826,13.71325969696045,-0.07083568722009659,755.8187866210938,152.2126007080078,5.127258777618408,83.12975311279297,370.88128662109375,27.791799545288086,370.88128662109375,27.791799545288086,11.409070014953613,40.59061813354492,579.392578125,20.859209060668945,-7.2484130859375,28.107620239257812,13.71325969696045,-0.07083568722009659,3099.0,3099.0,3099.0,0.343100905418396,182.0,0.7425705790519714,655.3499755859375,343.0380859375,3.935784101486206,0.6208344101905823,328.88238525390625,0.8083968162536621,624.1475830078125,3.0,0.0,36.0,23.73111915588379,167.0050048828125
273.0133056640625,8.72173023223877,15.553409576416016,2.6245570182800293,758.2796020507812,151.3105926513672,5.891416072845459,80.45955657958984,366.9017028808594,31.7514705657959,366.9017028808594,31.7514705657959,10.590689659118652,39.13779067993164,561.274169921875,22.127910614013672,-4.9321489334106445,27.060060501098633,15.553409576416016,2.6245570182800293,2787.0,2787.0,2787.0,0.25567561388015747,176.0,0.8607175946235657,655.3499755859375,337.32269287109375,3.6733241081237793,0.8864361047744751,1654.6290283203125,0.8587796092033386,607.5422973632812,4.0,0.0,45.0,31.817089080810547,158.56350708007812
119.93599700927734,8.06077766418457,15.894370079040527,0.634655773639679,836.966796875,157.44290161132812,6.906463146209717,80.46048736572266,409.17498779296875,34.82706069946289,409.17498779296875,34.82706069946289,10.641690254211426,36.76295852661133,649.5228881835938,22.554519653320312,-6.392764091491699,28.947280883789062,15.894370079040527,0.634655773639679,2414.0,2414.0,2414.0,0.3896426856517792,200.0,0.9164428114891052,655.3499755859375,221.60899353027344,4.6511969566345215,2.0,939.89501953125,0.8307285904884338,655.3499755859375,0.0,0.0,52.0,29.917240142822266,147.34449768066406
70.475830078125,9.30263900756836,15.933270454406738,2.7586851119995117,789.0604248046875,149.2812042236328,6.274761199951172,80.38739013671875,384.8836975097656,33.62651824951172,384.8836975097656,33.62651824951172,10.820859909057617,39.36248016357422,581.81982421875,22.83333969116211,-4.6573967933654785,27.490739822387695,15.933270454406738,2.7586851119995117,2386.0,2386.0,2386.0,0.5586587190628052,208.0,0.9102960228919983,655.3499755859375,155.20860290527344,5.033473014831543,2.0,820.5825805664062,0.8855534791946411,655.3499755859375,3.0,0.0,57.0,36.681880950927734,146.5240936279297
147.61289978027344,9.755144119262695,16.566160202026367,3.028686046600342,928.0535888671875,162.9102020263672,9.186646461486816,77.90234375,460.8186950683594,44.077720642089844,457.6960144042969,44.077720642089844,11.21362018585205,39.27756881713867,601.2130126953125,23.72381019592285,-4.824872970581055,28.548690795898438,15.936639785766602,3.028686046600342,2279.0,2279.0,2279.0,0.4332925081253052,184.0,0.9392992854118347,655.3499755859375,921.997314453125,3.6090190410614014,0.6092571020126343,3477.512939453125,0.8269494771957397,635.9832763671875,2.0,0.0,43.0,29.256650924682617,143.19039916992188
257.3992919921875,10.849189758300781,17.603919982910156,4.376741886138916,963.6796264648438,169.28799438476562,9.46739387512207,79.10944366455078,493.88970947265625,45.591060638427734,485.8970031738281,45.591060638427734,11.37537956237793,40.18524932861328,592.3602294921875,24.709590911865234,-3.5990610122680664,28.30864906311035,16.78145980834961,4.376741886138916,2099.0,2099.0,2099.0,0.4196630120277405,201.0,0.9367995858192444,655.3499755859375,254.04139709472656,4.669609069824219,0.07805366814136505,1971.6090087890625,0.843230128288269,655.3499755859375,2.0,0.0,67.0,39.57107162475586,137.3946990966797
34.481658935546875,7.088189125061035,14.149689674377441,0.5644192099571228,752.43701171875,152.8665008544922,5.430225849151611,81.93826293945312,368.20819091796875,29.300809860229492,368.20819091796875,29.300809860229492,11.795439720153809,41.779361724853516,573.5498046875,21.431560516357422,-6.801680088043213,28.233240127563477,14.149689674377441,0.5644192099571228,2828.0,2828.0,2828.0,0.4290984869003296,206.0,0.9159908294677734,655.3499755859375,85.9138412475586,5.0322418212890625,2.0,2732.56396484375,0.8754227161407471,655.3499755859375,4.0,0.0,48.0,28.47191047668457,159.5780029296875
108.83660125732422,9.103976249694824,15.960379600524902,2.333807945251465,903.3433227539062,158.84219360351562,8.87595272064209,77.35877990722656,439.7597961425781,42.872840881347656,439.0321960449219,42.872840881347656,11.153909683227539,39.166988372802734,600.8875732421875,23.015689849853516,-5.462038993835449,28.47772979736328,15.453280448913574,2.333807945251465,2351.0,2351.0,2351.0,0.4460935890674591,173.0,0.9414011240005493,655.3499755859375,960.8248291015625,3.2119851112365723,1.772871971130371,3241.23291015625,0.843582808971405,607.4019165039062,2.0,0.0,46.0,29.002159118652344,145.35330200195312
190.99119567871094,8.31386661529541,15.476710319519043,1.7386369705200195,742.24072265625,150.66329956054688,5.799890041351318,81.21562957763672,360.8711853027344,29.69969940185547,360.8711853027344,29.69969940185547,11.849960327148438,41.54188919067383,579.1555786132812,22.839509963989258,-5.686133861541748,28.525650024414062,15.476710319519043,1.7386369705200195,2799.0,2799.0,2799.0,0.4736160933971405,205.0,0.9130914807319641,655.3499755859375,572.847412109375,4.887007236480713,2.0,1709.615966796875,0.8882266283035278,655.3499755859375,4.0,0.0,68.0,38.30337905883789,158.654296875
284.0548095703125,7.920609951019287,15.696069717407227,0.6437631845474243,827.2296752929688,157.38340759277344,6.599999904632568,80.56915283203125,402.4867858886719,34.55767059326172,402.4867858886719,34.55767059326172,10.725110054016113,37.299320220947266,637.7299194335938,22.413450241088867,-6.340619087219238,28.754070281982422,15.696069717407227,0.6437631845474243,2434.0,2434.0,2434.0,0.3372606039047241,204.0,0.8705871105194092,655.3499755859375,85.9138412475586,4.986199855804443,0.8363847732543945,469.05230712890625,0.8621404767036438,655.3499755859375,0.0,0.0,62.0,39.12139892578125,148.06809997558594
93.3642578125,7.8945159912109375,15.086199760437012,1.521623969078064,743.8947143554688,149.46539306640625,5.219150066375732,82.56109619140625,361.3883972167969,28.687210083007812,361.3883972167969,28.687210083007812,10.826120376586914,38.69984817504883,579.3516235351562,21.928199768066406,-6.044134140014648,27.972339630126953,15.086199760437012,1.521623969078064,2873.0,2873.0,2873.0,0.5162003040313721,210.0,0.9279162287712097,655.3499755859375,1473.4539794921875,5.151910781860352,0.07805366814136505,1287.6309814453125,0.9031264781951904,655.3499755859375,4.0,0.0,49.0,29.479900360107422,160.82369995117188
231.10780334472656,8.71005630493164,16.494220733642578,1.3322529792785645,844.80908203125,155.00790405273438,6.9511189460754395,79.95169830322266,413.8893127441406,36.07004165649414,413.8893127441406,36.07004165649414,10.745739936828613,37.082759857177734,648.10302734375,23.221479415893555,-5.757596015930176,28.979080200195312,16.494220733642578,1.3322529792785645,2612.0,2612.0,2612.0,0.387063592672348,193.0,0.9200131893157959,655.3499755859375,679.7327880859375,4.358880996704102,0.5818076133728027,1086.010986328125,0.8949841260910034,655.3499755859375,0.0,0.0,56.0,33.11384963989258,153.31939697265625
314.2273864746094,8.047675132751465,15.297829627990723,1.624614953994751,749.0626831054688,150.50230407714844,5.294468879699707,82.36113739013672,364.53271484375,28.63409996032715,364.53271484375,28.63409996032715,11.094849586486816,39.2978401184082,580.7780151367188,22.357080459594727,-5.875185012817383,28.23225975036621,15.297829627990723,1.624614953994751,2669.0,2669.0,2669.0,0.4776535928249359,207.0,0.9230241775512695,655.3499755859375,343.0380859375,4.945864200592041,2.0,1751.041015625,0.8944275975227356,655.3499755859375,4.0,0.0,36.0,22.94767951965332,154.86399841308594
138.36349487304688,9.009394645690918,16.30883026123047,2.3910140991210938,745.7866821289062,149.5760040283203,5.815179824829102,80.58751678466797,360.9327087402344,30.715179443359375,360.9327087402344,30.715179443359375,11.48423957824707,40.277099609375,585.9017944335938,23.53615951538086,-4.9773268699646,28.513490676879883,16.30883026123047,2.3910140991210938,2775.0,2775.0,2775.0,0.5255693793296814,210.0,0.9593309760093689,655.3499755859375,755.252197265625,5.182967185974121,2.0,1283.5889892578125,0.8979253172874451,655.3499755859375,4.0,0.0,88.0,45.0029182434082,158.17869567871094
294.55419921875,8.663451194763184,15.884960174560547,2.1547439098358154,747.523681640625,151.11199951171875,5.818109035491943,81.1195068359375,362.0768127441406,30.86808967590332,362.0768127441406,30.86808967590332,11.374340057373047,40.465118408203125,578.467529296875,22.936420440673828,-5.1730499267578125,28.10947036743164,15.884960174560547,2.1547439098358154,2608.0,2608.0,2608.0,0.36379390954971313,196.0,0.9298772811889648,655.3499755859375,181.5614013671875,4.54511022567749,0.03902683034539223,2204.719970703125,0.8500822186470032,655.3499755859375,4.0,0.0,28.0,18.687149047851562,153.17359924316406
323.0799865722656,8.091744422912598,15.768610000610352,0.9489002227783203,848.4644775390625,157.60830688476562,7.218454837799072,79.58493041992188,411.02911376953125,37.247100830078125,411.02911376953125,37.247100830078125,10.792200088500977,37.56132888793945,629.5872802734375,22.59758949279785,-6.134758949279785,28.732349395751953,15.768610000610352,0.9489002227783203,2681.0,2681.0,2681.0,0.31926849484443665,178.0,0.835702121257782,655.3499755859375,414.0862121582031,3.7260539531707764,1.9219460487365723,3837.027099609375,0.8433333039283752,655.3499755859375,0.0,0.0,39.0,23.681289672851562,155.18980407714844
74.92269134521484,8.633492469787598,15.329039573669434,2.21087908744812,783.7540283203125,152.19090270996094,6.40253210067749,79.71542358398438,377.0934143066406,34.30302810668945,377.0934143066406,34.30302810668945,10.373319625854492,38.34685134887695,575.3040771484375,21.925800323486328,-5.1254191398620605,27.051210403442383,15.329039573669434,2.21087908744812,2631.0,2631.0,2631.0,0.4996005892753601,205.0,0.9251005053520203,655.3499755859375,85.9138412475586,4.849976062774658,2.0,721.6090087890625,0.8907781839370728,655.3499755859375,1.0,0.0,58.0,36.265071868896484,153.98959350585938
100.54660034179688,9.645730972290039,16.521390914916992,3.0485920906066895,800.44921875,150.71499633789062,6.5,79.94107818603516,391.3212890625,34.83658981323242,391.3212890625,34.83658981323242,10.588689804077148,38.21868896484375,589.0717163085938,23.28196907043457,-4.424241065979004,27.706209182739258,16.521390914916992,3.0485920906066895,2341.0,2341.0,2341.0,0.5544953942298889,215.0,0.9416489005088806,655.3499755859375,221.60899353027344,5.35001277923584,2.0,18.634260177612305,0.887455403804779,655.3499755859375,1.0,0.0,58.0,39.266380310058594,145.11289978027344
165.5216064453125,8.502326965332031,14.767820358276367,2.8262929916381836,751.93212890625,147.76220703125,5.698925971984863,81.41677856445312,362.064697265625,30.77444076538086,362.064697265625,30.77444076538086,10.522470474243164,39.94807052612305,535.4384155273438,21.326030731201172,-5.014622211456299,26.34065055847168,14.767820358276367,2.8262929916381836,2721.0,2721.0,2721.0,0.5103604197502136,208.0,0.935722827911377,655.3499755859375,345.93560791015625,5.110696792602539,1.8509260416030884,1403.41796875,0.897641122341156,655.3499755859375,4.0,0.0,38.0,24.114099502563477,156.58799743652344
318.69610595703125,7.839724063873291,15.560799598693848,0.7404558062553406,823.5048828125,156.47079467773438,6.4433112144470215,81.15470886230469,401.74261474609375,33.33660125732422,401.74261474609375,33.33660125732422,10.776559829711914,37.50968933105469,627.3170166015625,22.470579147338867,-6.2592549324035645,28.729839324951172,15.560799598693848,0.7404558062553406,2433.0,2433.0,2433.0,0.33414238691329956,181.0,0.8197488188743591,655.3499755859375,145.451904296875,4.00156307220459,0.14907410740852356,145.451904296875,0.8336371779441833,638.7003173828125,1.0,0.0,53.0,34.39493942260742,147.87730407714844
117.74320220947266,8.01500415802002,15.694029808044434,0.8711733818054199,847.0783081054688,157.56149291992188,7.303583145141602,79.41001892089844,409.80780029296875,37.4615592956543,409.80780029296875,37.4615592956543,10.766639709472656,37.5583610534668,629.7642822265625,22.478900909423828,-6.187955856323242,28.66684913635254,15.694029808044434,0.8711733818054199,2436.0,2436.0,2436.0,0.3344123959541321,180.0,0.8847793936729431,655.3499755859375,155.20860290527344,3.7358200550079346,1.3907430171966553,3365.76806640625,0.8211200833320618,655.3499755859375,0.0,0.0,78.0,44.21841812133789,148.0388946533203
216.35560607910156,8.84675121307373,16.637880325317383,1.6405179500579834,838.27392578125,154.92660522460938,6.612410068511963,80.63163757324219,412.4150085449219,34.62112045288086,412.4150085449219,34.62112045288086,10.88440990447998,37.47153091430664,636.1381225585938,23.532739639282227,-5.514624118804932,29.047359466552734,16.637880325317383,1.6405179500579834,2401.0,2401.0,2401.0,0.3906218111515045,186.0,0.7815107107162476,655.3499755859375,376.8866882324219,4.139587879180908,2.0,653.9542846679688,0.8515955805778503,655.3499755859375,0.0,0.0,53.0,34.1396598815918,146.8925018310547
263.898193359375,8.833982467651367,16.064329147338867,2.0560519695281982,785.7650756835938,150.9322052001953,6.232326984405518,80.4222183227539,380.7544860839844,33.407379150390625,380.7544860839844,33.407379150390625,10.868720054626465,38.48735046386719,600.1583862304688,22.95738983154297,-5.282159805297852,28.23954963684082,16.064329147338867,2.0560519695281982,2539.0,2539.0,2539.0,0.4813412129878998,203.0,0.9184812903404236,655.3499755859375,1048.1419677734375,4.756759166717529,0.1135639026761055,1114.5830078125,0.8921651840209961,655.3499755859375,1.0,0.0,39.0,28.866979598999023,151.13079833984375
295.4690856933594,7.32144021987915,14.443320274353027,0.9502065181732178,757.7376708984375,152.98289489746094,5.808981895446777,81.51748657226562,368.57879638671875,30.657529830932617,368.57879638671875,30.657529830932617,11.417309761047363,41.24304962158203,567.3657836914062,21.43878936767578,-6.24420690536499,27.683000564575195,14.443320274353027,0.9502065181732178,3030.0,3030.0,3030.0,0.2700575888156891,169.0,0.9105898141860962,655.3499755859375,679.7327880859375,3.271104097366333,0.9254630208015442,3442.451904296875,0.8045294284820557,639.0317993164062,4.0,0.0,39.0,24.79199981689453,165.17750549316406
177.38690185546875,8.411595344543457,15.586219787597656,1.938742995262146,751.3743286132812,151.48629760742188,5.899247169494629,80.688720703125,363.47711181640625,31.603139877319336,363.47711181640625,31.603139877319336,11.51455020904541,41.10744094848633,573.7020263671875,22.682479858398438,-5.328501224517822,28.0109806060791,15.586219787597656,1.938742995262146,2799.0,2799.0,2799.0,0.3437483012676239,194.0,0.892120897769928,655.3499755859375,94.79139709472656,4.402035236358643,0.07453703880310059,2663.822021484375,0.841112494468689,655.3499755859375,4.0,0.0,39.0,24.50609016418457,158.7122039794922
122.86280059814453,9.541217803955078,16.50695037841797,2.9394829273223877,796.9293212890625,151.05140686035156,6.509480953216553,79.79110717773438,388.05621337890625,35.13479995727539,388.05621337890625,35.13479995727539,10.641940116882324,38.38930130004883,589.4130249023438,23.211639404296875,-4.5097551345825195,27.721389770507812,16.50695037841797,2.9394829273223877,2305.0,2305.0,2305.0,0.6487535834312439,216.0,0.9372984766960144,655.3499755859375,221.60899353027344,5.353126049041748,1.9219460487365723,18.634260177612305,0.9066261053085327,655.3499755859375,1.0,0.0,50.0,30.44133949279785,144.0532989501953
141.8636016845703,6.404558181762695,13.464539527893066,0.17420579493045807,758.1561279296875,152.9586944580078,5.300000190734863,82.80750274658203,371.6333923339844,29.555599212646484,371.6333923339844,29.555599212646484,11.379420280456543,40.94990921020508,561.2509155273438,20.638120651245117,-7.1509199142456055,27.78904914855957,13.464539527893066,0.17420579493045807,3036.0,3036.0,3036.0,0.5401440858840942,180.0,0.8404706120491028,655.3499755859375,755.252197265625,3.7456469535827637,2.0,758.509521484375,0.8274800181388855,616.7695922851562,4.0,0.0,41.0,28.491880416870117,165.34689331054688
141.9427947998047,6.739230155944824,14.19474983215332,-0.09036588668823242,793.3613891601562,155.77340698242188,6.082910060882568,81.1311264038086,382.85540771484375,32.79719924926758,382.85540771484375,32.79719924926758,11.021160125732422,38.648101806640625,602.0441284179688,21.4731502532959,-7.043447017669678,28.516590118408203,14.19474983215332,-0.09036588668823242,2861.0,2861.0,2861.0,0.4164341986179352,200.0,0.9098278284072876,655.3499755859375,408.4248962402344,4.7174530029296875,0.1135639026761055,3531.431884765625,0.8584126234054565,655.3499755859375,4.0,0.0,46.0,29.099769592285156,160.531005859375
232.1510009765625,8.049383163452148,15.755880355834961,1.0101560354232788,822.0792846679688,157.2061004638672,6.500940799713135,81.31680297851562,402.7571105957031,33.65272903442383,402.7571105957031,33.65272903442383,10.795459747314453,37.49531173706055,623.3659057617188,22.6904296875,-6.101027011871338,28.791460037231445,15.755880355834961,1.0101560354232788,2393.0,2393.0,2393.0,0.4201622009277344,192.0,0.8770632743835449,655.3499755859375,301.32391357421875,4.272113800048828,0.3046286106109619,301.32391357421875,0.8247004151344299,655.3499755859375,0.0,0.0,47.0,22.22170066833496,146.70339965820312
165.52310180664062,6.962202072143555,14.164649963378906,-0.016141589730978012,867.1359252929688,161.32550048828125,8.03311538696289,78.32697296142578,413.62060546875,40.248348236083984,413.62060546875,40.248348236083984,11.020830154418945,38.64789962768555,612.6906127929688,21.005970001220703,-7.510406970977783,28.516380310058594,14.164649963378906,-0.016141589730978012,2915.0,2915.0,2915.0,0.41964128613471985,188.0,0.9421514868736267,655.3499755859375,1034.404052734375,3.8095250129699707,2.0,2043.5350341796875,0.8342621922492981,651.2128295898438,2.0,0.0,29.0,19.35540008544922,162.0301971435547
133.29110717773438,7.489523887634277,15.176859855651855,0.39531299471855164,842.7973022460938,158.90989685058594,7.123658180236816,79.62033081054688,407.2522888183594,36.78371047973633,407.2522888183594,36.78371047973633,10.711990356445312,37.50360870361328,623.856201171875,22.023860931396484,-6.53859806060791,28.562450408935547,15.176859855651855,0.39531299471855164,2590.0,2590.0,2590.0,0.2630409896373749,170.0,0.8596807718276978,655.3499755859375,18.634260177612305,3.245203971862793,2.0,2802.739013671875,0.8082944750785828,649.2360229492188,0.0,0.0,62.0,37.32440948486328,152.65660095214844
146.6092987060547,6.396988868713379,13.947529792785645,-0.45388731360435486,812.168212890625,159.61199951171875,5.857912063598633,81.81735229492188,394.42889404296875,32.0290412902832,394.42889404296875,32.0290412902832,10.655030250549316,37.66518020629883,607.4384155273438,20.90991973876953,-7.378955841064453,28.288869857788086,13.947529792785645,-0.45388731360435486,2722.0,2722.0,2722.0,0.3514494001865387,200.0,0.8976277112960815,655.3499755859375,335.9137878417969,4.653627872467041,0.22712770104408264,335.9137878417969,0.8379908204078674,651.6436157226562,0.0,0.0,38.0,25.12933921813965,156.51589965820312
225.7772979736328,6.725566864013672,14.030879974365234,0.0691860020160675,792.6697998046875,156.53680419921875,6.0,81.77085876464844,384.2522888183594,31.685230255126953,384.2522888183594,31.685230255126953,10.994500160217285,38.91577911376953,588.9215698242188,21.295259475708008,-6.956808090209961,28.2520694732666,14.030879974365234,0.0691860020160675,2804.0,2804.0,2804.0,0.3611389100551605,197.0,0.8767389059066772,655.3499755859375,28.39097023010254,4.568765163421631,0.8363847732543945,5030.52587890625,0.8448871970176697,655.3499755859375,4.0,0.0,37.0,23.999019622802734,158.914794921875
262.7632141113281,8.463117599487305,16.306150436401367,1.1662319898605347,865.36181640625,157.57020568847656,7.645084857940674,79.56204223632812,422.9389953613281,38.51163864135742,422.9389953613281,38.51163864135742,10.869039535522461,37.331321716308594,642.0498046875,23.19148063659668,-5.923662185668945,29.115140914916992,16.306150436401367,1.1662319898605347,2350.0,2350.0,2350.0,0.3171907961368561,190.0,0.8497704267501831,655.3499755859375,278.3909912109375,4.097938060760498,2.0,3385.906005859375,0.8474211096763611,655.3499755859375,2.0,0.0,63.0,36.60049819946289,145.43490600585938
125.09940338134766,11.905170440673828,18.315610885620117,6.170575141906738,957.2999267578125,169.5791015625,9.457500457763672,78.69756317138672,486.34210205078125,46.21131896972656,474.9837951660156,46.21131896972656,11.749810218811035,42.173431396484375,570.4586791992188,25.117979049682617,-2.7425038814544678,27.8604793548584,17.85512924194336,6.170575141906738,2179.0,2179.0,2179.0,0.415244996547699,189.0,0.9144653081893921,655.3499755859375,1123.9169921875,4.101937770843506,2.0,345.93560791015625,0.8226199746131897,655.3499755859375,2.0,0.0,71.0,39.56211853027344,140.09210205078125
169.43609619140625,7.4942522048950195,14.559860229492188,0.9786434173583984,745.2960205078125,152.4010009765625,5.319187164306641,81.89679718017578,363.381103515625,29.95241928100586,363.381103515625,29.95241928100586,11.948920249938965,42.49430847167969,569.8483276367188,21.864730834960938,-6.254283905029297,28.11901092529297,14.559860229492188,0.9786434173583984,2873.0,2873.0,2873.0,0.3522118031978607,183.0,0.8876116871833801,655.3499755859375,386.4053039550781,3.953015089035034,1.0,440.8572082519531,0.8347005248069763,655.3499755859375,4.0,0.0,61.0,35.62677001953125,160.65980529785156
125.43319702148438,6.797794818878174,14.461529731750488,-0.24558669328689575,838.244873046875,160.1562042236328,6.785055160522461,80.09461975097656,403.6642150878906,36.020050048828125,403.6642150878906,36.020050048828125,10.647970199584961,37.46586990356445,619.2700805664062,21.3101806640625,-7.110279083251953,28.420459747314453,14.461529731750488,-0.24558669328689575,2856.0,2856.0,2856.0,0.2960338890552521,172.0,0.756786584854126,655.3499755859375,221.60899353027344,3.639374017715454,2.0,2261.636962890625,0.7644051909446716,632.601318359375,0.0,0.0,34.0,22.817909240722656,160.25900268554688
124.58619689941406,5.251661777496338,12.277910232543945,-1.1255979537963867,752.2022094726562,153.91700744628906,5.326828956604004,83.6103515625,373.3908996582031,27.88071060180664,373.3908996582031,27.88071060180664,12.049220085144043,43.39418029785156,562.2642822265625,19.467529296875,-8.299747467041016,27.76728057861328,12.277910232543945,-1.1255979537963867,3078.0,3078.0,3078.0,0.4780159890651703,199.0,0.8931546807289124,655.3499755859375,240.24330139160156,4.740992069244385,2.0,335.9137878417969,0.8393107056617737,655.3499755859375,3.0,0.029199950397014618,23.0,15.86620044708252,166.45289611816406
50.71635818481445,8.668046951293945,15.694589614868164,2.4494009017944336,739.6156005859375,149.02479553222656,5.287785053253174,82.01609802246094,358.37811279296875,29.253339767456055,358.37811279296875,29.253339767456055,10.509750366210938,38.1864013671875,570.2609252929688,22.29237937927246,-5.229176998138428,27.521560668945312,15.694589614868164,2.4494009017944336,2749.0,2749.0,2749.0,0.530146598815918,211.0,0.9323803186416626,655.3499755859375,1410.93603515625,5.29504919052124,0.07805366814136505,414.0862121582031,0.8905460834503174,655.3499755859375,4.0,0.0,25.0,16.44135093688965,157.2104949951172
263.93170166015625,7.034596920013428,14.859769821166992,-0.2568737864494324,856.7111206054688,159.7362060546875,7.400000095367432,79.43412780761719,413.24810791015625,37.609291076660156,413.24810791015625,37.609291076660156,10.668600082397461,36.912498474121094,637.9157104492188,21.67719078063965,-7.225099086761475,28.90229034423828,14.859769821166992,-0.2568737864494324,2720.0,2720.0,2720.0,0.2749328911304474,173.0,0.8846743106842041,655.3499755859375,888.8270874023438,3.36421799659729,2.0,2176.883056640625,0.8670685887336731,653.3538818359375,2.0,0.0,56.0,33.521881103515625,156.32510375976562
100.57450103759766,6.997615814208984,13.846659660339355,1.0413180589675903,755.8557739257812,153.86399841308594,5.333202838897705,82.8112564086914,370.69329833984375,29.566410064697266,370.69329833984375,29.566410064697266,11.430540084838867,41.58477020263672,543.4005126953125,20.979249954223633,-6.508876800537109,27.488130569458008,13.846659660339355,1.0413180589675903,2761.0,2761.0,2761.0,0.45739591121673584,195.0,0.9133967161178589,655.3499755859375,181.5614013671875,4.441166877746582,0.6873108148574829,164.08619689941406,0.8554273843765259,655.3499755859375,4.0,0.7879886031150818,33.0,22.263660430908203,157.69970703125
212.1925048828125,7.62712287902832,15.23289966583252,0.6957299709320068,820.9146118164062,158.40640258789062,6.648097991943359,80.74552917480469,398.9599914550781,34.73868942260742,398.9599914550781,34.73868942260742,10.755290031433105,37.58740997314453,613.3726196289062,22.2272891998291,-6.3869709968566895,28.614259719848633,15.23289966583252,0.6957299709320068,2599.0,2599.0,2599.0,0.30866169929504395,181.0,0.8403441905975342,655.3499755859375,312.239501953125,3.7348389625549316,0.6092571020126343,1338.5670166015625,0.8345537781715393,648.0,0.0,0.0,87.0,46.48469924926758,153.14920043945312
107.29019927978516,6.92795991897583,14.036680221557617,0.5158960223197937,783.24462890625,155.0886993408203,6.0,81.25287628173828,376.73370361328125,32.50996017456055,376.73370361328125,32.50996017456055,10.764289855957031,39.165340423583984,577.2619018554688,20.7802791595459,-6.703668117523193,27.483949661254883,14.036680221557617,0.5158960223197937,2858.0,2858.0,2858.0,0.5360190868377686,206.0,0.8757901191711426,655.3499755859375,221.60899353027344,5.064819812774658,1.772871971130371,1837.845947265625,0.8715224266052246,655.3499755859375,1.0,0.0,60.0,33.32854080200195,160.36289978027344
293.3750915527344,8.772948265075684,14.844610214233398,3.4853579998016357,751.0615844726562,149.597900390625,5.351222991943359,81.98206329345703,363.712890625,30.096670150756836,363.712890625,30.096670150756836,10.939760208129883,40.982940673828125,518.517822265625,21.665180206298828,-5.027998924255371,26.693180084228516,14.844610214233398,3.4853579998016357,2569.0,2569.0,2569.0,0.48039060831069946,207.0,0.949275016784668,655.3499755859375,507.465087890625,5.117452144622803,1.312688946723938,507.465087890625,0.9173200726509094,655.3499755859375,4.0,0.0,38.0,25.06559944152832,152.02059936523438
268.3631896972656,7.869263172149658,14.927009582519531,1.7998969554901123,742.8040161132812,151.43299865722656,5.400000095367432,82.64949798583984,362.4212951660156,28.799999237060547,362.4212951660156,28.799999237060547,11.203550338745117,40.19361114501953,559.076416015625,22.03120994567871,-5.842906951904297,27.874109268188477,14.927009582519531,1.7998969554901123,2951.0,2951.0,2951.0,0.4679225981235504,200.0,0.9269304275512695,655.3499755859375,761.4760131835938,4.791076183319092,2.0,679.7327880859375,0.9005758762359619,655.3499755859375,4.0,0.0,62.0,35.50048065185547,163.068603515625
119.060302734375,12.410240173339844,19.135229110717773,6.452899932861328,986.773193359375,178.2093963623047,10.026459693908691,80.23278045654297,516.3228759765625,47.27268981933594,501.65948486328125,47.27268981933594,11.945429801940918,41.95949935913086,582.6079711914062,26.182109832763672,-2.286381959915161,28.468490600585938,18.481359481811523,6.452899932861328,2077.0,2077.0,2077.0,0.31348899006843567,166.0,0.839968204498291,655.3499755859375,973.1561889648438,2.922339916229248,2.0,1108.7060546875,0.7869921922683716,655.3499755859375,2.0,0.0,76.0,40.41299819946289,136.66920471191406
181.02059936523438,6.342751979827881,14.095399856567383,-0.7439305186271667,839.8737182617188,160.04710388183594,6.950854778289795,80.32292175292969,403.67950439453125,36.15279006958008,403.67950439453125,36.15279006958008,10.417140007019043,36.913509368896484,625.0330200195312,20.756010055541992,-7.464468002319336,28.22047996520996,14.095399856567383,-0.7439305186271667,2797.0,2797.0,2797.0,0.261086106300354,179.0,0.9227685928344727,655.3499755859375,489.7247009277344,3.5906760692596436,1.312688946723938,4453.65380859375,0.8406571745872498,655.1735229492188,2.0,0.0,64.0,35.5343017578125,158.6376953125
179.18809509277344,12.973910331726074,20.02849006652832,6.597557067871094,1055.177001953125,203.23770141601562,10.60746955871582,83.47234344482422,582.6602783203125,49.538909912109375,558.7244873046875,49.538909912109375,12.130829811096191,41.258941650390625,611.7864990234375,27.408660888671875,-1.9930570125579834,29.40172004699707,19.2390193939209,6.597557067871094,1520.0,1520.0,1520.0,0.472758412361145,209.0,0.930881917476654,655.3499755859375,591.8961181640625,5.26637077331543,0.41819238662719727,312.239501953125,0.8572592735290527,655.3499755859375,1.0,1.0554640293121338,32.0,20.234060287475586,117.05169677734375
156.39089965820312,7.380037784576416,14.816280364990234,0.6327893137931824,819.0032958984375,158.5279998779297,6.326626777648926,80.86105346679688,397.4200134277344,33.962589263916016,397.4200134277344,33.962589263916016,10.818650245666504,38.15378952026367,598.0189819335938,21.8758602142334,-6.481604099273682,28.35746955871582,14.816280364990234,0.6327893137931824,2703.0,2703.0,2703.0,0.3182736933231354,176.0,0.7703937888145447,655.3499755859375,94.79139709472656,3.4861199855804443,2.0,2087.614013671875,0.8547685742378235,642.3920288085938,0.0,0.0,64.0,35.30937957763672,156.16270446777344
103.24600219726562,7.363927841186523,14.464309692382812,1.000789999961853,779.8536987304688,153.94349670410156,6.0,81.38981628417969,376.122802734375,32.014190673828125,376.122802734375,32.014190673828125,10.883910179138184,39.3336181640625,573.4973754882812,21.381210327148438,-6.2891740798950195,27.670379638671875,14.464309692382812,1.000789999961853,2761.0,2761.0,2761.0,0.4871380925178528,201.0,0.8959218859672546,655.3499755859375,221.60899353027344,4.678933143615723,0.6092571020126343,2353.791015625,0.8673861026763916,655.3499755859375,1.0,0.0,57.0,34.42420959472656,157.6800994873047
298.9971923828125,7.640276908874512,15.4506196975708,0.4778169095516205,844.3447265625,158.83880615234375,7.407059192657471,79.92241668701172,408.3662109375,37.343528747558594,408.3662109375,37.343528747558594,10.513130187988281,36.84783935546875,632.940185546875,22.198110580444336,-6.3330230712890625,28.531129837036133,15.4506196975708,0.4778169095516205,2639.0,2639.0,2639.0,0.27991750836372375,181.0,0.8955001831054688,655.3499755859375,145.451904296875,3.8754079341888428,0.6873108148574829,3782.235107421875,0.8507975935935974,655.3499755859375,2.0,0.0,38.0,24.367759704589844,153.99249267578125
306.94268798828125,8.444092750549316,15.514249801635742,2.3941431045532227,737.8438110351562,149.7595977783203,5.400000095367432,82.50932312011719,359.2051086425781,29.089889526367188,359.2051086425781,29.089889526367188,10.821929931640625,39.17945098876953,561.1431884765625,22.301639556884766,-5.319630146026611,27.62126922607422,15.514249801635742,2.3941431045532227,2672.0,2672.0,2672.0,0.5796173810958862,214.0,0.9774733185768127,655.3499755859375,300.4914855957031,5.32138204574585,2.0,403.1705017089844,0.9168276190757751,655.3499755859375,4.0,0.009250649251043797,66.0,38.49361038208008,155.0218963623047
108.9188003540039,7.444157123565674,14.517180442810059,1.1452540159225464,777.6281127929688,153.4304962158203,6.0106730461120605,81.56654357910156,375.31451416015625,31.421350479125977,375.31451416015625,31.421350479125977,10.961970329284668,39.49736022949219,568.4752197265625,21.578760147094727,-6.175078868865967,27.75383949279785,14.517180442810059,1.1452540159225464,2927.0,2927.0,2927.0,0.4521161913871765,199.0,0.8750692009925842,655.3499755859375,221.60899353027344,4.67055606842041,1.3907430171966553,2885.840087890625,0.8754668235778809,655.3499755859375,1.0,0.0,54.0,35.10551071166992,162.3760986328125
277.9690856933594,8.625299453735352,15.706649780273438,2.584839105606079,737.181884765625,149.3105010986328,5.400000095367432,82.44840240478516,359.380615234375,29.060550689697266,359.380615234375,29.060550689697266,11.189780235290527,39.928131103515625,560.1248168945312,22.831029891967773,-5.193889141082764,28.024919509887695,15.706649780273438,2.584839105606079,2713.0,2713.0,2713.0,0.566001296043396,215.0,0.975385308265686,655.3499755859375,518.63427734375,5.487849235534668,2.0,518.63427734375,0.9213588833808899,655.3499755859375,4.0,0.0,46.0,31.710359573364258,156.24000549316406
134.01730346679688,13.711790084838867,20.58156967163086,7.594058036804199,1072.98095703125,206.2436981201172,10.596850395202637,83.82774353027344,595.9464111328125,49.945220947265625,567.5977172851562,49.945220947265625,12.03656005859375,41.83658981323242,600.1403198242188,27.53792953491211,-1.2334890365600586,28.771419525146484,19.937530517578125,7.594058036804199,1353.0,1353.0,1353.0,0.44681039452552795,192.0,0.9120327234268188,655.3499755859375,108.5895004272461,4.056268215179443,2.0,221.60899353027344,0.8297079205513,655.3499755859375,0.0,0.0,39.0,25.07781982421875,110.42880249023438
83.81034088134766,8.184386253356934,15.205080032348633,2.137407064437866,735.7987060546875,149.92019653320312,5.400000095367432,82.66252136230469,358.4513854980469,28.841079711914062,358.4513854980469,28.841079711914062,11.353469848632812,40.57402038574219,556.1201782226562,22.435380935668945,-5.547350883483887,27.982730865478516,15.205080032348633,2.137407064437866,2687.0,2687.0,2687.0,0.48402139544487,212.0,0.9542480707168579,655.3499755859375,231.36570739746094,5.3009161949157715,0.22712770104408264,221.60899353027344,0.9057440757751465,655.3499755859375,4.0,0.0,70.0,38.53385925292969,155.66549682617188
159.31289672851562,6.162992000579834,13.197609901428223,0.06387749314308167,755.7141723632812,154.60809326171875,5.400000095367432,83.40680694580078,371.0603942871094,28.779619216918945,371.0603942871094,28.779619216918945,11.419249534606934,41.19281005859375,555.607421875,20.33064079284668,-7.39149284362793,27.722129821777344,13.197609901428223,0.06387749314308167,2942.0,2942.0,2942.0,0.3886098861694336,196.0,0.8990442156791687,655.3499755859375,1395.0460205078125,4.537989139556885,0.6563447117805481,1295.1719970703125,0.8585706949234009,655.3499755859375,4.0,0.0,38.0,23.772029876708984,162.6273956298828
282.0747985839844,7.1805009841918945,14.988019943237305,-0.02777699939906597,860.5089721679688,161.7790985107422,7.469192028045654,79.76653289794922,416.5763854980469,37.853431701660156,416.5763854980469,37.853431701660156,10.537460327148438,36.89316940307617,633.3925170898438,21.74053955078125,-6.821468830108643,28.562000274658203,14.988019943237305,-0.02777699939906597,2623.0,2623.0,2623.0,0.27768850326538086,184.0,0.8983842134475708,655.3499755859375,94.79139709472656,3.884906053543091,1.312688946723938,1062.5250244140625,0.8419650793075562,655.3499755859375,2.0,0.0,57.0,35.88750076293945,153.59359741210938
224.0238037109375,8.132295608520508,14.41802978515625,2.757200002670288,759.9207763671875,152.60240173339844,5.956533908843994,81.7105484008789,366.0445861816406,31.373109817504883,366.0445861816406,31.373109817504883,10.475239753723145,39.2442512512207,524.7772216796875,21.065210342407227,-5.625655174255371,26.69087028503418,14.41802978515625,2.757200002670288,2918.0,2918.0,2918.0,0.4943596124649048,206.0,0.9358605742454529,655.3499755859375,473.12860107421875,4.9498372077941895,0.41819238662719727,1751.041015625,0.8987938165664673,655.3499755859375,1.0,0.0,33.0,22.541379928588867,162.07110595703125
283.44781494140625,8.063495635986328,15.881099700927734,0.8798338174819946,842.822998046875,157.14320373535156,7.4889750480651855,80.260009765625,409.9681091308594,36.688201904296875,409.9681091308594,36.688201904296875,10.576749801635742,36.85251998901367,634.44091796875,22.68609046936035,-6.014078140258789,28.700159072875977,15.881099700927734,0.8798338174819946,2606.0,2606.0,2606.0,0.30816128849983215,188.0,0.8735442161560059,655.3499755859375,278.3909912109375,4.278213977813721,1.772871971130371,3224.93994140625,0.8733996152877808,651.5947265625,2.0,0.0,45.0,30.389759063720703,153.13510131835938
238.652099609375,11.622369766235352,18.652389526367188,5.2498321533203125,979.6837768554688,175.63650512695312,9.517746925354004,80.21964263916016,510.83270263671875,45.743408203125,496.5177001953125,45.743408203125,11.807390213012695,41.110939025878906,601.8782958984375,25.72256088256836,-2.9973959922790527,28.719959259033203,17.91175079345703,5.2498321533203125,2090.0,2090.0,2090.0,0.3802410066127777,192.0,0.8865103721618652,655.3499755859375,1108.7060546875,4.193604946136475,1.0,1108.7060546875,0.844863772392273,655.3499755859375,2.0,0.0,54.0,34.99113082885742,137.17129516601562
261.08880615234375,6.87383508682251,13.874739646911621,0.686988890171051,780.1129150390625,154.7655029296875,6.078013896942139,81.77654266357422,376.6708068847656,31.52058982849121,376.6708068847656,31.52058982849121,10.982780456542969,39.8207893371582,560.2265014648438,20.968130111694336,-6.613426208496094,27.581560134887695,13.874739646911621,0.686988890171051,2894.0,2894.0,2894.0,0.492443710565567,195.0,0.9022684097290039,655.3499755859375,278.3909912109375,4.4438629150390625,2.0,3412.423095703125,0.8668000102043152,642.3272705078125,1.0,0.0,33.0,22.681209564208984,161.45919799804688
164.96270751953125,10.439860343933105,17.623870849609375,3.522495985031128,952.1854248046875,165.31480407714844,9.666474342346191,78.45226287841797,481.9342956542969,46.24225997924805,476.2650146484375,46.24225997924805,11.43908977508545,39.06991958618164,623.1052856445312,24.81804084777832,-4.462468147277832,29.280500411987305,16.749710083007812,3.522495985031128,1977.0,1977.0,1977.0,0.482770711183548,195.0,0.9360439777374268,655.3499755859375,440.8572082519531,4.193345069885254,1.1636149883270264,1459.3590087890625,0.8268536925315857,655.3499755859375,2.0,0.0,63.0,37.73551940917969,133.34710693359375
209.45620727539062,11.79109001159668,18.67643928527832,5.427896976470947,995.2640991210938,180.21510314941406,10.1591796875,80.42272186279297,524.8458251953125,47.9976806640625,510.6731872558594,47.9976806640625,11.891519546508789,41.432220458984375,600.0183715820312,25.90498924255371,-2.7977190017700195,28.702709197998047,17.902690887451172,5.427896976470947,1856.0,1856.0,1856.0,0.47173941135406494,204.0,0.930752694606781,655.3499755859375,885.5455932617188,4.765157222747803,0.41819238662719727,278.3909912109375,0.8496841192245483,655.3499755859375,2.0,0.00026275499840267,51.0,29.620559692382812,129.17750549316406
260.944091796875,6.920445919036865,14.688260078430176,-0.2504037022590637,863.6948852539062,163.95010375976562,7.378952980041504,80.15203857421875,419.19329833984375,37.2392692565918,419.19329833984375,37.2392692565918,10.517849922180176,36.83277893066406,630.3499145507812,21.49472999572754,-7.060842990875244,28.555570602416992,14.688260078430176,-0.2504037022590637,2665.0,2665.0,2665.0,0.3357402980327606,194.0,0.8889753222465515,655.3499755859375,85.9138412475586,4.379549980163574,1.8509260416030884,85.9138412475586,0.8650671243667603,655.3499755859375,2.0,0.0,39.0,22.34954071044922,155.0579071044922
203.34449768066406,9.373130798339844,17.02800941467285,2.067903995513916,918.6962280273438,160.31500244140625,9.391963005065918,77.43990325927734,450.74530029296875,45.08747100830078,450.7132873535156,45.08747100830078,11.348810195922852,37.964839935302734,646.7957763671875,24.19260025024414,-5.700442790985107,29.89303970336914,17.020450592041016,2.067903995513916,2259.0,2259.0,2259.0,0.4740091860294342,187.0,0.9438155889511108,655.3499755859375,291.302001953125,3.7036890983581543,0.8363847732543945,1936.60205078125,0.8385468125343323,654.9116821289062,2.0,0.0,77.0,41.8432502746582,142.43460083007812
63.48276138305664,7.484738826751709,15.279930114746094,0.33646610379219055,831.9149780273438,157.26629638671875,7.051087856292725,80.63450622558594,402.6860046386719,35.590370178222656,402.6860046386719,35.590370178222656,10.5237398147583,36.79608917236328,631.334716796875,22.075340270996094,-6.524885177612305,28.600229263305664,15.279930114746094,0.33646610379219055,2583.0,2583.0,2583.0,0.3219211995601654,190.0,0.8473399877548218,655.3499755859375,18.634260177612305,4.257407188415527,1.9219460487365723,4016.325927734375,0.8489819169044495,654.5216064453125,2.0,0.0,57.0,34.600379943847656,152.55690002441406
219.7386016845703,10.536310195922852,16.640840530395508,5.382605075836182,759.0800170898438,145.3791046142578,5.5562591552734375,81.06517028808594,371.9190979003906,31.8099308013916,371.9190979003906,31.8099308013916,11.374899864196777,41.337650299072266,516.6824951171875,23.808359146118164,-3.7085649967193604,27.516929626464844,16.640840530395508,5.382605075836182,2307.0,2307.0,2307.0,0.45727699995040894,164.0,0.8672758936882019,655.3499755859375,262.9111022949219,3.3415589332580566,2.0,528.3909912109375,0.8528441786766052,608.4556274414062,4.0,0.36353299021720886,44.0,24.824729919433594,144.0989990234375
198.89390563964844,9.280172348022461,16.142559051513672,3.449307918548584,740.74951171875,148.20010375976562,6.047152996063232,81.01936340332031,356.85009765625,31.480749130249023,356.85009765625,31.480749130249023,10.621129989624023,38.9310188293457,548.2149047851562,22.77039909362793,-4.511468887329102,27.281869888305664,16.142559051513672,3.449307918548584,2719.0,2719.0,2719.0,0.5808631777763367,210.0,0.950588583946228,655.3499755859375,221.60899353027344,5.200809955596924,2.0,335.9137878417969,0.9029055237770081,655.3499755859375,4.0,0.49157410860061646,44.0,28.28680992126465,156.28570556640625
216.74819946289062,7.383813858032227,15.107279777526855,0.1262076050043106,874.7343139648438,161.90769958496094,8.363245010375977,78.01265716552734,419.3042907714844,40.88018035888672,419.3042907714844,40.88018035888672,10.878230094909668,37.284751892089844,636.772705078125,22.04697036743164,-7.128285884857178,29.175260543823242,15.107279777526855,0.1262076050043106,2629.0,2629.0,2629.0,0.3696958124637604,170.0,0.9145914912223816,655.3499755859375,632.60888671875,2.9505739212036133,0.6092571020126343,1666.218017578125,0.8078616857528687,612.2706909179688,2.0,0.0,42.0,29.515199661254883,153.9344940185547
312.24310302734375,8.0939302444458,14.13029956817627,3.0477569103240967,748.8320922851562,150.5279998779297,6.052770137786865,81.42373657226562,359.13238525390625,31.613489151000977,359.13238525390625,31.613489151000977,11.065299987792969,41.03776168823242,508.9989929199219,21.06855010986328,-5.895031929016113,26.963579177856445,14.13029956817627,3.0477569103240967,2942.0,2942.0,2942.0,0.4545893967151642,198.0,0.9257299900054932,655.3499755859375,181.5614013671875,4.722722053527832,2.0,262.9111022949219,0.9038658738136292,655.3499755859375,4.0,0.0,44.0,26.604419708251953,162.67880249023438
143.17120361328125,7.1497931480407715,14.907990455627441,0.06484527140855789,825.8350830078125,157.9501953125,6.699999809265137,81.134033203125,399.63720703125,34.727840423583984,399.63720703125,34.727840423583984,10.522729873657227,36.90869903564453,626.9871826171875,21.691190719604492,-6.818841934204102,28.51003074645996,14.907990455627441,0.06484527140855789,2499.0,2499.0,2499.0,0.29255229234695435,178.0,0.8278123140335083,655.3499755859375,259.7567138671875,3.9363949298858643,1.8509260416030884,4033.722900390625,0.8225340843200684,627.4896240234375,2.0,0.0,48.0,25.591520309448242,150.01609802246094
199.9866943359375,11.50928020477295,18.409709930419922,5.166164875030518,973.6262817382812,174.0299072265625,9.842022895812988,79.68890380859375,506.04290771484375,47.31174087524414,493.8414001464844,47.31174087524414,11.923669815063477,41.64921188354492,599.561279296875,25.562049865722656,-3.0659658908843994,28.628019332885742,17.63838005065918,5.166164875030518,2164.0,2164.0,2164.0,0.3852626085281372,196.0,0.934203028678894,655.3499755859375,791.95068359375,4.438800811767578,1.0,1958.0679931640625,0.8499441146850586,655.3499755859375,2.0,0.0,51.0,30.61833953857422,139.6833953857422
90.76766204833984,5.857110977172852,13.466429710388184,-1.028548002243042,822.101806640625,161.4940948486328,5.699999809265137,82.50727081298828,400.0455017089844,32.042850494384766,400.0455017089844,32.042850494384766,10.475099563598633,37.16828918457031,611.6572265625,20.23236083984375,-7.950376987457275,28.1827392578125,13.466429710388184,-1.028548002243042,2780.0,2780.0,2780.0,0.29953980445861816,184.0,0.9494752883911133,655.3499755859375,18.634260177612305,3.9184160232543945,2.0,3795.139892578125,0.8686205744743347,651.8870849609375,2.0,0.0,62.0,35.7369384765625,158.15899658203125
65.33042907714844,7.086918830871582,14.778650283813477,0.08699333667755127,826.1535034179688,159.71490478515625,6.29747200012207,81.61952209472656,401.8786926269531,33.91987991333008,401.8786926269531,33.91987991333008,10.547470092773438,37.059268951416016,620.698486328125,21.607410430908203,-6.854154109954834,28.461559295654297,14.778650283813477,0.08699333667755127,2617.0,2617.0,2617.0,0.36495301127433777,191.0,0.9012140035629272,655.3499755859375,76.15714263916016,4.210999965667725,1.8509260416030884,4285.98095703125,0.8815085887908936,655.3499755859375,2.0,0.0,49.0,34.905250549316406,153.5574951171875
193.4759979248047,8.02253532409668,14.942230224609375,2.1257638931274414,746.786376953125,150.89230346679688,5.9343390464782715,81.22010040283203,358.4151916503906,31.285449981689453,358.4151916503906,31.285449981689453,10.591609954833984,39.03599166870117,550.6945190429688,21.565610885620117,-5.5662431716918945,27.13184928894043,14.942230224609375,2.1257638931274414,2871.0,2871.0,2871.0,0.5372955799102783,210.0,0.9556519985198975,655.3499755859375,272.67559814453125,5.1428961753845215,1.312688946723938,1332.5660400390625,0.9093176126480103,655.3499755859375,4.0,0.0,29.0,14.93616008758545,160.74209594726562
270.0227966308594,6.275292873382568,13.957119941711426,-0.7893716096878052,863.0961303710938,165.2686004638672,7.526063919067383,79.97245025634766,416.7427978515625,37.67647933959961,416.7427978515625,37.67647933959961,10.505559921264648,36.88182830810547,623.7960205078125,20.83868980407715,-7.645630836486816,28.48431968688965,13.957119941711426,-0.7893716096878052,2972.0,2972.0,2972.0,0.2863231897354126,182.0,0.9006155133247375,655.3499755859375,278.3909912109375,3.7874209880828857,1.772871971130371,1543.7679443359375,0.7682626247406006,633.9735717773438,2.0,0.0,48.0,30.21636962890625,163.38949584960938
210.8291015625,7.149649143218994,14.224349975585938,0.815565824508667,737.4188842773438,152.93629455566406,4.599999904632568,84.43285369873047,363.7626953125,27.08193016052246,363.7626953125,27.08193016052246,11.697469711303711,41.83662033081055,564.8842163085938,21.36256980895996,-6.597382068634033,27.959949493408203,14.224349975585938,0.815565824508667,2750.0,2750.0,2750.0,0.5117356777191162,195.0,0.85746169090271,655.3499755859375,85.9138412475586,4.4843058586120605,2.0,1487.4759521484375,0.842545211315155,655.3499755859375,4.0,0.0013920529745519161,24.0,16.8752498626709,157.33909606933594
54.511959075927734,6.657254219055176,14.296939849853516,-0.2865230143070221,827.663818359375,160.88650512695312,6.2619948387146,81.47367858886719,401.7731018066406,34.01087951660156,401.7731018066406,34.01087951660156,10.53827953338623,37.269710540771484,615.20068359375,21.096939086914062,-7.178909778594971,28.275850296020508,14.296939849853516,-0.2865230143070221,2883.0,2883.0,2883.0,0.34542611241340637,192.0,0.9576547741889954,655.3499755859375,221.60899353027344,4.463078022003174,2.0,3863.294921875,0.8976883292198181,655.3499755859375,2.0,0.0,55.0,33.704410552978516,161.06680297851562
269.552490234375,8.639578819274902,15.843950271606445,2.390897035598755,736.0366821289062,150.52430725097656,5.5,82.25251007080078,356.47369384765625,29.942079544067383,356.47369384765625,29.942079544067383,11.166390419006348,39.363468170166016,571.6818237304688,23.032150268554688,-5.334877967834473,28.367029190063477,15.843950271606445,2.390897035598755,2666.0,2666.0,2666.0,0.4401527941226959,203.0,0.8954567909240723,655.3499755859375,544.6953125,4.863436222076416,1.1636149883270264,547.9525146484375,0.8993878960609436,655.3499755859375,4.0,0.0,59.0,34.040008544921875,154.96359252929688
180.77529907226562,5.960890769958496,12.98445987701416,-0.30014729499816895,742.6884155273438,154.6876983642578,4.683168888092041,84.86490631103516,369.29559326171875,26.865259170532227,369.29559326171875,26.865259170532227,11.868639945983887,43.08058166503906,557.9027709960938,19.973169326782227,-7.576927185058594,27.550100326538086,12.98445987701416,-0.30014729499816895,2979.0,2979.0,2979.0,0.5646759271621704,185.0,0.8605064749717712,655.3499755859375,345.93560791015625,4.128224849700928,2.0,3282.299072265625,0.8284199237823486,653.0477294921875,3.0,0.0,45.0,31.68267059326172,163.59579467773438
218.75469970703125,6.905104160308838,14.572850227355957,-0.08181753009557724,829.0941772460938,159.82940673828125,6.582973957061768,81.3441162109375,402.6846008300781,34.368221282958984,402.6846008300781,34.368221282958984,10.563759803771973,37.178001403808594,619.5971069335938,21.449190139770508,-6.9652099609375,28.414400100708008,14.572850227355957,-0.08181753009557724,2878.0,2878.0,2878.0,0.36341598629951477,186.0,0.926524817943573,655.3499755859375,634.7501831054688,4.32191276550293,2.0,3118.449951171875,0.8591790199279785,655.3499755859375,2.0,0.0,51.0,33.47127151489258,160.82530212402344
153.70480346679688,6.781783103942871,14.521149635314941,-0.30477389693260193,840.7191772460938,161.70919799804688,6.81813907623291,80.97908020019531,407.67559814453125,35.5909309387207,407.67559814453125,35.5909309387207,10.510459899902344,37.00912094116211,626.5283813476562,21.283769607543945,-7.115955829620361,28.39971923828125,14.521149635314941,-0.30477389693260193,2700.0,2700.0,2700.0,0.3113938868045807,183.0,0.8441920280456543,655.3499755859375,28.39097023010254,3.8004300594329834,1.3907430171966553,2410.72607421875,0.8856052160263062,629.9027099609375,2.0,0.0,36.0,21.090240478515625,156.00750732421875
132.00039672851562,6.3954010009765625,13.503600120544434,0.07354238629341125,745.3106079101562,153.73330688476562,5.165917873382568,83.76175689697266,365.9215087890625,28.359529495239258,365.9215087890625,28.359529495239258,11.700599670410156,41.85047912597656,565.1994018554688,20.6129207611084,-7.34537410736084,27.958290100097656,13.503600120544434,0.07354238629341125,3077.0,3077.0,3077.0,0.4500480890274048,184.0,0.8480677008628845,655.3499755859375,28.39097023010254,3.8348259925842285,2.0,1395.0460205078125,0.8181347846984863,654.2625732421875,4.0,0.0,47.0,28.50882911682129,166.40049743652344
81.72099304199219,9.843972206115723,16.602380752563477,3.3240160942077637,913.7678833007812,159.2169952392578,9.312947273254395,78.08393096923828,451.6090087890625,44.169349670410156,449.4631042480469,44.169349670410156,11.397290229797363,40.09278106689453,594.2348022460938,23.800559997558594,-4.627148151397705,28.427709579467773,16.08036994934082,3.3240160942077637,2193.0,2193.0,2193.0,0.4791012108325958,209.0,0.9353718161582947,655.3499755859375,108.5895004272461,5.116123199462891,1.0,1688.489990234375,0.8583089709281921,655.3499755859375,2.0,0.0,39.0,21.136600494384766,140.6230010986328
153.5424041748047,6.159884929656982,13.300029754638672,-0.17562930285930634,753.6118774414062,155.36109924316406,5.5,83.56231689453125,369.36700439453125,29.0,369.36700439453125,29.0,11.443400382995605,40.8032112121582,569.0529174804688,20.43766975402832,-7.6075520515441895,28.045230865478516,13.300029754638672,-0.17562930285930634,3237.0,3237.0,3237.0,0.4914627969264984,171.0,0.8195124864578247,655.3499755859375,1335.9139404296875,3.4338009357452393,1.8509260416030884,145.451904296875,0.798312783241272,613.2852172851562,2.0,0.6613696217536926,56.0,34.42100143432617,170.73519897460938
235.5623016357422,9.847990989685059,15.907099723815918,5.043793201446533,740.5192260742188,145.77450561523438,5.605738162994385,80.84406280517578,355.62078857421875,31.282180786132812,355.62078857421875,31.282180786132812,11.553030014038086,41.75503158569336,498.7314147949219,23.17160987854004,-4.496853828430176,27.66847038269043,15.907099723815918,5.043793201446533,2712.0,2712.0,2712.0,0.4246898889541626,202.0,0.9166404008865356,655.3499755859375,278.3909912109375,4.814013957977295,2.0,634.7501831054688,0.909152626991272,655.3499755859375,4.0,0.0,68.0,43.65195083618164,155.98680114746094
171.281494140625,8.751846313476562,15.965510368347168,2.491014003753662,735.1072998046875,150.7086944580078,5.5,82.23055267333984,356.0181884765625,29.88071060180664,356.0181884765625,29.88071060180664,11.174400329589844,39.36626052856445,571.4945068359375,23.12822914123535,-5.258388996124268,28.386619567871094,15.965510368347168,2.491014003753662,2628.0,2628.0,2628.0,0.4802164137363434,191.0,0.8453447222709656,655.3499755859375,262.9111022949219,4.274849891662598,2.0,268.6341857910156,0.8626505732536316,655.3499755859375,4.0,0.010269270278513432,42.0,30.390159606933594,153.84970092773438
95.83162689208984,8.05920124053955,15.233099937438965,1.8180400133132935,736.7921142578125,152.48109436035156,5.5,82.79654693603516,358.051513671875,29.505929946899414,358.051513671875,29.505929946899414,11.233819961547852,39.80870056152344,567.7147827148438,22.38336944580078,-5.838119029998779,28.22149085998535,15.233099937438965,1.8180400133132935,2664.0,2664.0,2664.0,0.47454771399497986,201.0,0.9090368151664734,655.3499755859375,28.39097023010254,4.896525859832764,1.3907430171966553,432.7745056152344,0.8777698874473572,655.3499755859375,4.0,0.3032456934452057,51.0,33.68632888793945,154.96409606933594
287.6625061035156,7.708020210266113,13.823780059814453,2.8664419651031494,749.3621826171875,150.5343017578125,5.96865701675415,81.53978729248047,358.6106872558594,31.644039154052734,358.6106872558594,31.644039154052734,11.295889854431152,41.15285110473633,500.9638977050781,20.992469787597656,-6.4554548263549805,27.447919845581055,13.823780059814453,2.8664419651031494,3132.0,3132.0,3132.0,0.4019474983215332,198.0,0.9461395144462585,655.3499755859375,1087.85595703125,4.837521076202393,2.0,1138.6810302734375,0.9079083800315857,655.3499755859375,4.0,0.002744511002674699,49.0,34.16481018066406,167.8542938232422
72.21659088134766,7.613365173339844,15.293000221252441,0.44376128911972046,871.1900024414062,161.98939514160156,8.26085376739502,78.02658081054688,417.3583068847656,41.160911560058594,417.3583068847656,41.160911560058594,10.720100402832031,37.09067916870117,631.0731201171875,22.304950714111328,-6.597027778625488,28.90196990966797,15.293000221252441,0.44376128911972046,2464.0,2464.0,2464.0,0.41168490052223206,199.0,0.9409505128860474,655.3499755859375,164.08619689941406,4.544547080993652,0.6563447117805481,414.7962951660156,0.8566331267356873,655.3499755859375,2.0,0.0,38.0,22.926860809326172,148.81260681152344
63.394248962402344,6.691033840179443,13.775710105895996,0.5562534928321838,750.25341796875,155.09129333496094,5.443571090698242,83.23445129394531,366.2157897949219,29.244260787963867,366.2157897949219,29.244260787963867,11.272859573364258,40.685909271240234,559.0086059570312,20.75377082824707,-6.954452037811279,27.708219528198242,13.775710105895996,0.5562534928321838,2830.0,2830.0,2830.0,0.4742273986339569,204.0,0.918323278427124,655.3499755859375,145.451904296875,5.010612964630127,0.22712770104408264,1335.9139404296875,0.8893467783927917,655.3499755859375,4.0,0.0,29.0,17.666919708251953,159.52439880371094
289.5741882324219,9.495580673217773,16.290870666503906,2.8907229900360107,895.0173950195312,157.77650451660156,8.833441734313965,78.38720703125,438.48028564453125,42.54777145385742,437.1086120605469,42.54777145385742,11.510129928588867,40.01055145263672,599.644287109375,23.534080505371094,-5.234372138977051,28.76845932006836,15.704660415649414,2.8907229900360107,2293.0,2293.0,2293.0,0.4353424906730652,213.0,0.9486511945724487,655.3499755859375,803.811279296875,5.264286041259766,1.0,1958.3480224609375,0.8630468845367432,655.3499755859375,2.0,0.0,26.0,17.984230041503906,143.74659729003906
157.17340087890625,7.131890773773193,13.771889686584473,1.8981959819793701,740.5621948242188,152.1116943359375,5.400000095367432,83.21894073486328,358.464599609375,29.118070602416992,358.464599609375,29.118070602416992,10.798299789428711,39.3553581237793,521.7672119140625,20.684600830078125,-6.753218173980713,27.437820434570312,13.771889686584473,1.8981959819793701,2896.0,2896.0,2896.0,0.543938398361206,212.0,0.9571040868759155,655.3499755859375,414.0862121582031,5.529926776885986,2.0,1238.3060302734375,0.9051017165184021,655.3499755859375,4.0,0.0,55.0,36.860389709472656,161.47230529785156
110.02449798583984,6.367739200592041,13.999170303344727,-0.6849623918533325,857.4586791992188,163.28109741210938,7.7478461265563965,78.99980163574219,410.31768798828125,39.25230026245117,410.31768798828125,39.25230026245117,10.518309593200684,36.81612014770508,621.78662109375,20.945690155029297,-7.623959064483643,28.569650650024414,13.999170303344727,-0.6849623918533325,2891.0,2891.0,2891.0,0.3107849955558777,173.0,0.8883693814277649,655.3499755859375,155.20860290527344,2.9952759742736816,2.0,18.634260177612305,0.7797825932502747,590.2255859375,2.0,0.0,43.0,29.066890716552734,161.2761993408203
136.41769409179688,7.584589958190918,14.576749801635742,1.597012996673584,742.3790893554688,154.08839416503906,5.400000095367432,83.05013275146484,361.27099609375,29.648889541625977,361.27099609375,29.648889541625977,11.278929710388184,40.985198974609375,550.6895751953125,21.534570693969727,-5.9852399826049805,27.519819259643555,14.576749801635742,1.597012996673584,2735.0,2735.0,2735.0,0.4423750042915344,203.0,0.8769268989562988,655.3499755859375,181.5614013671875,4.8558220863342285,1.1636149883270264,2078.498046875,0.8598306179046631,655.3499755859375,4.0,0.0,48.0,31.42388916015625,156.931396484375
218.59620666503906,6.597108840942383,13.35181999206543,1.2649730443954468,749.7086791992188,153.8394012451172,5.400000095367432,83.19624328613281,363.67291259765625,29.273670196533203,363.67291259765625,29.273670196533203,10.941740036010742,39.828739166259766,527.5145874023438,20.28491973876953,-7.1875128746032715,27.472429275512695,13.35181999206543,1.2649730443954468,3019.0,3019.0,3019.0,0.5279983282089233,211.0,0.9302588105201721,655.3499755859375,469.05230712890625,5.4320549964904785,2.0,1846.89794921875,0.9070600271224976,655.3499755859375,4.0,0.0,41.0,25.49827003479004,164.82009887695312
117.84649658203125,4.44404411315918,11.990449905395508,-2.4363510608673096,850.4403076171875,165.1490936279297,6.970095157623291,80.6714096069336,408.0127868652344,36.408531188964844,408.0127868652344,36.408531188964844,10.361610412597656,36.80445098876953,610.0421752929688,18.88459014892578,-9.268677711486816,28.15325927734375,11.990449905395508,-2.4363510608673096,3194.0,3194.0,3194.0,0.31988900899887085,184.0,0.8786255717277527,655.3499755859375,145.451904296875,3.627229928970337,2.0,145.451904296875,0.7595657110214233,618.6961059570312,2.0,0.0,35.0,25.219669342041016,169.55099487304688
286.4507141113281,9.82470703125,16.747499465942383,3.0926458835601807,905.330322265625,159.68569946289062,8.800000190734863,79.01619720458984,449.8048095703125,42.560829162597656,446.5802917480469,42.560829162597656,11.746529579162598,40.141239166259766,613.27001953125,24.074899673461914,-5.188659191131592,29.263559341430664,16.175899505615234,3.0926458835601807,2131.0,2131.0,2131.0,0.4326522946357727,209.0,0.9531283974647522,655.3499755859375,1350.3160400390625,5.242938041687012,1.0,1669.6519775390625,0.8798215985298157,655.3499755859375,3.0,0.0,34.0,23.07468032836914,138.41920471191406
115.84919738769531,7.416461944580078,14.107069969177246,2.1357359886169434,746.5689697265625,153.3769989013672,5.400000095367432,82.73596954345703,360.9671936035156,29.779809951782227,360.9671936035156,29.779809951782227,11.111289978027344,40.55670928955078,523.3690185546875,21.105819702148438,-6.291122913360596,27.396949768066406,14.107069969177246,2.1357359886169434,2939.0,2939.0,2939.0,0.49927639961242676,203.0,0.887304425239563,655.3499755859375,28.39097023010254,4.922272205352783,2.0,2221.60888671875,0.8520258069038391,655.3499755859375,4.0,0.0,53.0,30.993619918823242,162.57150268554688
209.9759063720703,7.629292011260986,15.31641960144043,0.42913711071014404,869.9434204101562,162.07530212402344,8.292302131652832,78.11097717285156,416.3124084472656,41.36465072631836,416.3124084472656,41.36465072631836,10.841230392456055,37.280311584472656,636.0264892578125,22.388559341430664,-6.690823078155518,29.07938003540039,15.31641960144043,0.42913711071014404,2640.0,2640.0,2640.0,0.2756926119327545,161.0,0.8826971054077148,655.3499755859375,164.08619689941406,2.7558329105377197,0.5818076133728027,1085.9139404296875,0.7443845868110657,584.5682983398438,2.0,0.0,74.0,42.47185134887695,154.1614990234375
77.84544372558594,4.716012001037598,12.280929565429688,-2.2471470832824707,854.4235229492188,165.6417999267578,7.426747798919678,80.07733917236328,408.11199951171875,37.57487106323242,408.11199951171875,37.57487106323242,10.38757038116455,36.62751007080078,614.7263793945312,19.230199813842773,-9.129744529724121,28.359939575195312,12.280929565429688,-2.2471470832824707,3311.0,3311.0,3311.0,0.30345669388771057,161.0,0.8466491103172302,655.3499755859375,479.9679870605469,2.5667190551757812,2.0,970.8621826171875,0.7405738234519958,526.5462036132812,2.0,0.0,42.0,27.419240951538086,172.552001953125
81.42990112304688,5.775866985321045,13.385990142822266,-1.288256049156189,851.8035888671875,164.05560302734375,7.447676181793213,79.6178970336914,406.9541931152344,38.805240631103516,406.9541931152344,38.805240631103516,10.490630149841309,36.65843963623047,622.26611328125,20.39019012451172,-8.226799964904785,28.616989135742188,13.385990142822266,-1.288256049156189,2880.0,2880.0,2880.0,0.3594874143600464,170.0,0.8599998950958252,655.3499755859375,155.20860290527344,2.978861093521118,2.0,1366.9630126953125,0.7670500874519348,557.3162841796875,2.0,0.0,38.0,26.9781494140625,161.0301055908203
67.12006378173828,6.539976119995117,13.398289680480957,0.7304793000221252,748.8560791015625,156.3737030029297,5.400000095367432,83.93614196777344,368.14111328125,29.0068302154541,368.14111328125,29.0068302154541,11.26653003692627,41.51094055175781,538.8350830078125,20.318939208984375,-6.822278022766113,27.141220092773438,13.398289680480957,0.7304793000221252,2980.0,2980.0,2980.0,0.5061190128326416,205.0,0.9190881848335266,655.3499755859375,28.39097023010254,4.967268943786621,1.0,2557.930908203125,0.889711320400238,655.3499755859375,4.0,0.0,58.0,31.51457977294922,163.88180541992188
86.65422821044922,7.394248008728027,13.738300323486328,2.234683036804199,727.61572265625,149.38699340820312,4.699999809265137,83.4415283203125,350.55419921875,28.331100463867188,350.54290771484375,28.331100463867188,10.807029724121094,40.02220916748047,513.9957885742188,20.5368595123291,-6.465738773345947,27.002599716186523,13.699560165405273,2.234683036804199,2833.0,2833.0,2833.0,0.586683988571167,213.0,0.9227455258369446,655.3499755859375,914.086181640625,5.407431125640869,2.0,725.0347290039062,0.9263404011726379,655.3499755859375,4.0,0.0,43.0,24.905170440673828,159.67779541015625
44.456180572509766,6.335115909576416,13.955719947814941,-0.768058180809021,856.1450805664062,162.5260009765625,7.9401397705078125,78.73137664794922,406.71380615234375,40.03525924682617,406.71380615234375,40.03525924682617,10.57964038848877,36.85388946533203,626.048828125,20.98740005493164,-7.719017028808594,28.7064208984375,13.955719947814941,-0.768058180809021,2876.0,2876.0,2876.0,0.33367589116096497,163.0,0.8498982787132263,655.3499755859375,628.5291748046875,2.809354066848755,2.0,2153.3330078125,0.7925658226013184,524.468017578125,2.0,0.0,33.0,21.52083969116211,160.7655029296875
285.1724853515625,6.246686935424805,12.988360404968262,0.6983261108398438,741.1732788085938,153.0498046875,4.699999809265137,84.24215698242188,360.1835021972656,27.981199264526367,360.1835021972656,27.981199264526367,10.47362995147705,38.697471618652344,536.4160766601562,19.66377067565918,-7.401885032653809,27.065650939941406,12.988360404968262,0.6983261108398438,3184.0,3184.0,3184.0,0.5017879009246826,201.0,0.9277247786521912,655.3499755859375,505.16180419921875,4.843255996704102,0.34365540742874146,1164.0860595703125,0.8929691910743713,655.3499755859375,4.0,0.0,52.0,33.34593963623047,169.3385009765625
74.14436340332031,7.211182117462158,13.84531021118164,1.9767400026321411,736.2891235351562,151.47109985351562,5.293517112731934,82.76093292236328,354.6138916015625,29.580829620361328,354.418701171875,29.580829620361328,11.01399040222168,40.347511291503906,521.1146240234375,20.79581069946289,-6.502019882202148,27.29783058166504,13.211210250854492,1.9767400026321411,2956.0,2956.0,2956.0,0.5571045279502869,209.0,0.8963816165924072,655.3499755859375,493.62860107421875,5.035056114196777,2.0,721.6090087890625,0.8863146901130676,655.3499755859375,4.0,0.0,57.0,37.24668884277344,163.1811065673828
303.65069580078125,7.580505847930908,14.202099800109863,2.1059060096740723,727.3748779296875,149.7720947265625,4.931779861450195,83.37828826904297,350.4193115234375,28.98443031311035,350.2853088378906,28.98443031311035,10.511030197143555,38.97385025024414,531.3242797851562,20.848310470581055,-6.121284008026123,26.969600677490234,13.966070175170898,2.1059060096740723,2808.0,2808.0,2808.0,0.597596287727356,215.0,0.929413914680481,655.3499755859375,85.9138412475586,5.443225860595703,0.6092571020126343,422.5264892578125,0.8991767168045044,655.3499755859375,4.0,0.1120062991976738,46.0,28.393049240112305,159.010498046875
248.48919677734375,6.6705827713012695,13.50020980834961,0.9568017721176147,730.834716796875,151.7866973876953,4.675787925720215,84.24024200439453,356.9303894042969,27.37017059326172,356.9303894042969,27.37017059326172,11.389470100402832,42.140098571777344,532.9061279296875,20.366840362548828,-6.661204814910889,27.028039932250977,13.50020980834961,0.9568017721176147,3113.0,3113.0,3113.0,0.4095875024795532,191.0,0.8518121838569641,655.3499755859375,528.3909912109375,4.4360270500183105,0.3046286106109619,2428.714111328125,0.883721113204956,655.3499755859375,4.0,0.10252069681882858,52.0,33.19721984863281,167.4678955078125
154.93020629882812,10.177709579467773,17.314809799194336,3.5478289127349854,903.6334228515625,161.21080017089844,8.806251525878906,77.77381896972656,443.82598876953125,44.288028717041016,438.2229919433594,44.288028717041016,11.84430980682373,40.37042999267578,614.6273193359375,24.460250854492188,-4.878850936889648,29.339099884033203,16.603599548339844,3.5478289127349854,2253.0,2253.0,2253.0,0.48171961307525635,191.0,0.903192400932312,655.3499755859375,1313.56396484375,4.0817108154296875,2.0,2362.761962890625,0.8422244787216187,655.3499755859375,4.0,0.0,54.0,33.49327850341797,142.3134002685547
64.8447494506836,6.283533096313477,12.96306037902832,0.987964391708374,734.785888671875,153.31260681152344,4.758030891418457,84.25611877441406,357.23040771484375,27.745080947875977,357.23040771484375,27.745080947875977,11.193169593811035,41.17279052734375,517.5911254882812,20.02495002746582,-7.161116123199463,27.186059951782227,12.96306037902832,0.987964391708374,3064.0,3064.0,3064.0,0.6040769219398499,213.0,0.9133242964744568,655.3499755859375,479.9679870605469,5.504569053649902,1.312688946723938,469.05230712890625,0.8999618291854858,655.3499755859375,4.0,0.21245799958705902,54.0,35.310508728027344,166.01950073242188
139.77630615234375,7.468825817108154,14.149999618530273,2.1559810638427734,724.3143920898438,150.7061004638672,4.636791229248047,83.74124145507812,350.6241149902344,28.211990356445312,349.7181091308594,28.211990356445312,11.210700035095215,41.256858825683594,517.2581787109375,21.19931983947754,-5.974186897277832,27.17350959777832,13.453840255737305,2.1559810638427734,2703.0,2703.0,2703.0,0.5634108781814575,213.0,0.9320229291915894,655.3499755859375,9.756709098815918,5.443600177764893,0.3046286106109619,9.756709098815918,0.9063513278961182,655.3499755859375,4.0,0.8425335884094238,82.0,46.9971809387207,155.96009826660156
144.9998016357422,10.834050178527832,18.00048065185547,3.8946781158447266,934.4188842773438,166.4915008544922,9.100000381469727,79.79393768310547,479.7070007324219,44.21731185913086,467.3905944824219,44.21731185913086,12.051560401916504,40.16326904296875,633.7415771484375,25.361560821533203,-4.644974231719971,30.006540298461914,17.233810424804688,3.8946781158447266,1910.0,1910.0,1910.0,0.43938910961151123,203.0,0.9239683151245117,655.3499755859375,94.79139709472656,5.145843982696533,1.0,959.0568237304688,0.8676059246063232,655.3499755859375,4.0,0.0,43.0,24.612260818481445,131.2093048095703
191.60809326171875,8.133511543273926,14.879509925842285,2.742074966430664,718.1159057617188,148.9945068359375,4.836678981781006,83.26412200927734,346.0509033203125,29.100000381469727,345.05230712890625,29.100000381469727,11.170729637145996,41.08190155029297,521.1829223632812,21.891660690307617,-5.3007121086120605,27.192380905151367,13.809320449829102,2.742074966430664,2975.0,2975.0,2975.0,0.4510461986064911,189.0,0.8804898858070374,655.3499755859375,471.6090087890625,4.235602855682373,0.6092571020126343,496.4269104003906,0.8361750245094299,655.3499755859375,4.0,0.23223400115966797,34.0,22.687030792236328,163.5924072265625
201.3325958251953,6.239398002624512,13.015859603881836,0.8050534129142761,733.8079833984375,153.0948028564453,4.942469120025635,84.17420196533203,356.9927062988281,28.27890968322754,356.4154052734375,28.27890968322754,11.421489715576172,42.78733825683594,519.6649780273438,19.84406089782715,-6.8509368896484375,26.69499969482422,12.33041000366211,0.8050534129142761,2875.0,2875.0,2875.0,0.5423985123634338,212.0,0.9233852028846741,655.3499755859375,85.9138412475586,5.397028923034668,1.772871971130371,85.9138412475586,0.8913189768791199,655.3499755859375,4.0,0.010229160077869892,53.0,30.25909996032715,161.0019989013672
296.7210998535156,9.775893211364746,16.810590744018555,2.803992986679077,903.8773803710938,162.00559997558594,8.40000057220459,78.64250946044922,446.98651123046875,43.11827850341797,441.19769287109375,43.11827850341797,11.85161018371582,39.731788635253906,627.4669799804688,24.186979293823242,-5.642173767089844,29.82914924621582,16.077259063720703,2.803992986679077,2301.0,2301.0,2301.0,0.37295129895210266,205.0,0.925987184047699,655.3499755859375,445.2561950683594,5.012404918670654,0.14907410740852356,343.0380859375,0.8178521990776062,655.3499755859375,2.0,0.0,40.0,23.630199432373047,143.89849853515625
120.97480010986328,7.8434319496154785,14.640729904174805,2.391136884689331,718.22998046875,149.32510375976562,4.875089168548584,83.23145294189453,346.0367126464844,29.12424087524414,344.5195007324219,29.12424087524414,11.097330093383789,40.928409576416016,524.2839965820312,21.610889434814453,-5.503737926483154,27.1146297454834,13.57903003692627,2.391136884689331,2678.0,2678.0,2678.0,0.5585092902183533,208.0,0.8876903057098389,655.3499755859375,28.39097023010254,5.0867919921875,1.9219460487365723,221.60899353027344,0.8870776295661926,654.9351806640625,4.0,0.0,71.0,43.550880432128906,155.32969665527344
160.89280700683594,10.448949813842773,17.696910858154297,3.246901035308838,937.2169799804688,167.6699981689453,8.910630226135254,79.78910827636719,479.19580078125,44.718379974365234,469.7674865722656,44.718379974365234,11.79878044128418,38.971580505371094,648.3814697265625,25.112030029296875,-5.161466121673584,30.273500442504883,17.108980178833008,3.246901035308838,2163.0,2163.0,2163.0,0.4223155081272125,201.0,0.9151179194450378,655.3499755859375,637.1580810546875,4.949110984802246,1.0,828.8682250976562,0.8501207232475281,655.3499755859375,3.0,0.0,69.0,39.03934860229492,139.5009002685547
90.56936645507812,8.286680221557617,15.628069877624512,0.9493744969367981,874.8206176757812,160.5312957763672,8.420602798461914,77.47823333740234,416.8127136230469,42.71263885498047,416.5038146972656,42.71263885498047,11.1558198928833,37.87099075317383,646.6967163085938,22.564210891723633,-6.89293098449707,29.45713996887207,15.540149688720703,0.9493744969367981,2370.0,2370.0,2370.0,0.4784105122089386,194.0,0.900687575340271,655.3499755859375,85.9138412475586,4.207918167114258,0.6953713893890381,2181.68505859375,0.8462362885475159,655.3499755859375,2.0,0.0,59.0,33.39664840698242,146.01820373535156
100.31600189208984,9.242180824279785,17.11008071899414,1.6834089756011963,886.2684936523438,157.71139526367188,8.40000057220459,78.16314697265625,432.143310546875,43.05778121948242,431.60211181640625,43.05778121948242,10.995030403137207,36.730411529541016,672.742919921875,23.931650161743164,-6.002847194671631,29.934490203857422,16.689720153808594,1.6834089756011963,2091.0,2091.0,2091.0,0.46130138635635376,203.0,0.893480122089386,655.3499755859375,108.5895004272461,4.807985782623291,1.3907430171966553,3455.218994140625,0.878302276134491,655.3499755859375,2.0,0.0,44.0,26.17436981201172,137.2686004638672
111.37049865722656,7.060527801513672,14.66720962524414,-0.22436310350894928,829.9338989257812,161.68099975585938,7.040081977844238,80.3060531616211,396.54998779296875,37.064029693603516,396.54998779296875,37.064029693603516,10.757240295410156,37.221229553222656,636.7399291992188,21.70734977722168,-7.194222927093506,28.901569366455078,14.66720962524414,-0.22436310350894928,2787.0,2787.0,2787.0,0.291538804769516,171.0,0.8110100030899048,655.3499755859375,326.1571044921875,3.3478760719299316,0.22712770104408264,2841.906005859375,0.7476555109024048,565.1602172851562,1.0,0.0,57.0,30.942440032958984,158.2017059326172
283.3299865722656,6.317729949951172,13.241840362548828,0.6067057847976685,726.410400390625,151.53700256347656,3.799999952316284,85.14450073242188,353.30010986328125,26.777009963989258,353.08489990234375,26.777009963989258,10.860509872436523,39.9835090637207,541.1538696289062,20.103139877319336,-7.059659004211426,27.162799835205078,12.887669563293457,0.6067057847976685,3229.0,3229.0,3229.0,0.4613375961780548,195.0,0.9003186225891113,655.3499755859375,300.4914855957031,4.670901775360107,0.3046286106109619,1348.81005859375,0.8868283033370972,653.9329833984375,4.0,0.0,38.0,23.909690856933594,170.45249938964844
120.82430267333984,6.035901069641113,12.941590309143066,0.4822370111942291,730.8859252929688,152.4268035888672,5.155688762664795,83.75140380859375,352.0790100097656,29.05817985534668,351.91241455078125,29.05817985534668,11.185219764709473,41.649681091308594,527.782470703125,19.774770736694336,-7.08089017868042,26.85565948486328,12.145369529724121,0.4822370111942291,3166.0,3166.0,3166.0,0.5336620807647705,187.0,0.8625593781471252,655.3499755859375,300.4914855957031,4.16464900970459,2.0,28.39097023010254,0.8282889127731323,654.294189453125,4.0,0.0,42.0,25.769540786743164,168.79330444335938
195.21189880371094,9.56912899017334,16.65549087524414,2.45225191116333,900.901123046875,160.6862030029297,8.361597061157227,78.34918212890625,442.1913146972656,43.676490783691406,438.9761962890625,43.676490783691406,11.701800346374512,39.06589889526367,635.652587890625,24.060680389404297,-5.8932881355285645,29.953969955444336,15.89229965209961,2.45225191116333,2154.0,2154.0,2154.0,0.43561989068984985,207.0,0.9295861721038818,655.3499755859375,221.60899353027344,5.045175075531006,1.0,471.6090087890625,0.8323686718940735,655.3499755859375,0.0,0.0,45.0,26.112079620361328,139.1652069091797
46.42734909057617,6.19543981552124,13.615139961242676,-0.7975916266441345,828.4744262695312,162.17140197753906,6.938973903656006,80.78923797607422,396.0470886230469,35.69813919067383,396.0470886230469,35.69813919067383,10.874690055847168,38.18244934082031,615.1423950195312,20.78643035888672,-7.694440841674805,28.48086929321289,13.615139961242676,-0.7975916266441345,2741.0,2741.0,2741.0,0.31374239921569824,174.0,0.9056317210197449,655.3499755859375,664.086181640625,3.507148027420044,1.9219460487365723,1548.675048828125,0.7605404853820801,511.26409912109375,1.0,0.0,64.0,34.32706832885742,157.12049865722656
178.9239959716797,9.56719970703125,16.64291000366211,2.6526288986206055,893.8944091796875,161.35389709472656,8.304471015930176,78.84435272216797,436.7427062988281,42.43136978149414,433.84539794921875,42.43136978149414,11.861419677734375,40.01332092285156,623.6538696289062,23.858110427856445,-5.786520004272461,29.644630432128906,15.876740455627441,2.6526288986206055,2399.0,2399.0,2399.0,0.40791240334510803,203.0,0.9246628284454346,655.3499755859375,749.611572265625,4.70487117767334,0.9609730839729309,1410.654052734375,0.8469642996788025,655.3499755859375,0.0,0.0,47.0,29.84001922607422,146.906494140625
277.8551025390625,8.276948928833008,15.771240234375,1.1164460182189941,836.8521118164062,158.95640563964844,7.207052230834961,79.99675750732422,403.3133850097656,37.40913009643555,403.3133850097656,37.40913009643555,11.040129661560059,37.963470458984375,628.8067016601562,23.096210479736328,-5.98473596572876,29.08094024658203,15.771240234375,1.1164460182189941,2349.0,2349.0,2349.0,0.377201110124588,194.0,0.8428261876106262,655.3499755859375,328.88238525390625,4.310823917388916,0.07453703880310059,2390.757080078125,0.8116050958633423,552.3679809570312,1.0,0.0,35.0,21.74264907836914,145.36390686035156
235.58590698242188,7.229972839355469,14.123640060424805,1.6284650564193726,721.4581909179688,151.18170166015625,5.099999904632568,83.43649291992188,347.8127136230469,29.668560028076172,345.7301025390625,29.668560028076172,11.255660057067871,41.85531997680664,527.9301147460938,20.964569091796875,-5.927290916442871,26.891870498657227,12.796710014343262,1.6284650564193726,3010.0,3010.0,3010.0,0.5326163172721863,205.0,0.8484293222427368,655.3499755859375,544.75537109375,4.880649089813232,2.0,312.239501953125,0.8358119130134583,655.3499755859375,4.0,0.0,54.0,32.868011474609375,164.53160095214844
291.614990234375,7.71427583694458,15.230640411376953,0.33693310618400574,851.8507080078125,159.82859802246094,7.770724773406982,78.25537109375,404.3575134277344,41.07072067260742,404.3575134277344,41.07072067260742,10.905220031738281,37.398311614990234,648.1301879882812,21.975309371948242,-7.185853958129883,29.16115951538086,15.230640411376953,0.33693310618400574,2675.0,2675.0,2675.0,0.25383371114730835,167.0,0.8649333119392395,655.3499755859375,1144.8299560546875,3.2363080978393555,0.34365540742874146,4217.421875,0.8245720863342285,594.896728515625,1.0,0.0,48.0,29.49049949645996,155.16819763183594
196.43089294433594,8.704385757446289,16.273040771484375,1.4574840068817139,845.6041870117188,158.2259979248047,7.2341132164001465,79.77819061279297,409.7333984375,38.04092025756836,409.7333984375,38.04092025756836,11.031140327453613,37.65800094604492,637.415771484375,23.571510314941406,-5.720547199249268,29.29206085205078,16.273040771484375,1.4574840068817139,2376.0,2376.0,2376.0,0.33178481459617615,191.0,0.8808984756469727,655.3499755859375,422.5264892578125,4.291652202606201,1.0,3279.405029296875,0.8556351065635681,576.05712890625,1.0,0.0,56.0,36.42940139770508,146.156005859375
60.13352966308594,7.169614791870117,14.545310020446777,-0.1124614030122757,846.2888793945312,160.86630249023438,7.699999809265137,78.87773132324219,401.1268005371094,39.88154983520508,401.1268005371094,39.88154983520508,10.913379669189453,37.77090072631836,638.172119140625,21.30661964416504,-7.587417125701904,28.894039154052734,14.545310020446777,-0.1124614030122757,2706.0,2706.0,2706.0,0.24983809888362885,148.0,0.8703166842460632,655.3499755859375,471.6090087890625,2.715059995651245,1.0,3427.4189453125,0.8203318119049072,553.3275756835938,1.0,0.0,52.0,34.936771392822266,155.8157958984375
57.00532150268555,5.399248123168945,12.421310424804688,-0.3290770947933197,742.1575927734375,155.4783935546875,5.099999904632568,84.03234100341797,359.9106140136719,29.34787940979004,359.6531066894531,29.34787940979004,11.334500312805176,42.28152084350586,536.8958740234375,19.19352912902832,-7.6137847900390625,26.80731964111328,11.666080474853516,-0.3290770947933197,3121.0,3121.0,3121.0,0.40435948967933655,197.0,0.8125432133674622,655.3499755859375,155.20860290527344,4.498516082763672,1.9219460487365723,76.15714263916016,0.8538966774940491,655.3499755859375,4.0,0.0,52.0,29.408119201660156,167.74339294433594
79.74060821533203,8.20140266418457,15.430890083312988,1.0090320110321045,866.253173828125,160.22300720214844,7.953384876251221,78.40947723388672,413.93701171875,41.62120819091797,413.93701171875,41.62120819091797,11.215800285339355,38.285640716552734,634.864013671875,22.46721076965332,-6.82696008682251,29.294170379638672,15.430890083312988,1.0090320110321045,2259.0,2259.0,2259.0,0.4471082091331482,199.0,0.9154313802719116,655.3499755859375,94.79139709472656,4.615358829498291,0.07453703880310059,1519.594970703125,0.8391376733779907,655.1787109375,1.0,0.0,26.0,17.237089157104492,142.57980346679688
93.3543930053711,12.411829948425293,19.7213191986084,5.765373229980469,969.5791015625,177.28829956054688,8.800000190734863,81.90049743652344,516.6326293945312,44.79999923706055,496.0306091308594,44.79999923706055,12.233570098876953,40.655609130859375,628.8253784179688,27.017559051513672,-3.0734729766845703,30.091039657592773,18.966339111328125,5.765373229980469,1676.0,1676.0,1676.0,0.5540480017662048,218.0,0.9063671231269836,655.3499755859375,262.9111022949219,5.695948123931885,1.0,588.814697265625,0.8853517174720764,655.3499755859375,0.0,0.015414680354297161,46.0,28.566120147705078,122.89530181884766
120.19259643554688,9.083945274353027,16.501380920410156,2.053194046020508,852.9395141601562,157.41929626464844,7.599999904632568,79.32833862304688,414.5967102050781,39.74679183959961,414.5967102050781,39.74679183959961,11.20143985748291,38.37382888793945,620.6298217773438,23.937580108642578,-5.253973007202148,29.191560745239258,16.501380920410156,2.053194046020508,2218.0,2218.0,2218.0,0.49632298946380615,204.0,0.95967698097229,655.3499755859375,221.60899353027344,4.849109172821045,2.0,3348.635986328125,0.8704699873924255,581.8615112304688,1.0,0.0,31.0,23.146270751953125,141.30360412597656
36.32611846923828,7.69835090637207,15.199440002441406,0.36282381415367126,849.2008056640625,161.0399932861328,7.683867931365967,78.66532135009766,403.59869384765625,40.378841400146484,403.59869384765625,40.378841400146484,10.8789701461792,37.407161712646484,644.4387817382812,21.999130249023438,-7.083302974700928,29.082429885864258,15.199440002441406,0.36282381415367126,2640.0,2640.0,2640.0,0.29243141412734985,185.0,0.9158617854118347,655.3499755859375,854.0759887695312,3.985517978668213,1.0,5056.31689453125,0.8122565746307373,637.3079223632812,1.0,0.0,47.0,28.673189163208008,154.2967071533203
246.61439514160156,7.090546131134033,14.266570091247559,0.35805121064186096,825.7177124023438,160.49310302734375,7.136909008026123,79.2532730102539,391.6427917480469,38.330631256103516,391.6427917480469,38.330631256103516,11.138039588928223,39.305809020996094,594.3204956054688,21.550830841064453,-6.787565231323242,28.338390350341797,14.266570091247559,0.35805121064186096,2741.0,2741.0,2741.0,0.31779059767723083,175.0,0.8482689261436462,655.3499755859375,403.1705017089844,3.3866779804229736,2.0,2287.3759765625,0.773133397102356,473.3035888671875,1.0,0.0,66.0,35.04903030395508,157.15150451660156
299.8822021484375,7.729150772094727,14.899640083312988,0.59378981590271,852.7775268554688,160.30029296875,7.699999809265137,78.8253173828125,405.0701904296875,40.020748138427734,405.0701904296875,40.020748138427734,11.13502025604248,38.40037155151367,627.46142578125,21.919559478759766,-7.0764899253845215,28.996049880981445,14.899640083312988,0.59378981590271,2645.0,2645.0,2645.0,0.3402703106403351,183.0,0.9007769227027893,655.3499755859375,758.509521484375,4.244157791137695,0.41819238662719727,1848.8699951171875,0.8262248039245605,652.7940063476562,1.0,0.0,38.0,25.861059188842773,154.2362060546875
106.74970245361328,6.4160847663879395,13.410209655761719,0.5645180940628052,720.5172729492188,151.2917938232422,3.8368899822235107,85.03565216064453,349.41290283203125,27.21462059020996,348.8830871582031,27.21462059020996,11.24705982208252,41.56768035888672,542.1939697265625,20.313020706176758,-6.746442794799805,27.059459686279297,12.711709976196289,0.5645180940628052,2909.0,2909.0,2909.0,0.5179855227470398,208.0,0.9435588717460632,655.3499755859375,301.32391357421875,5.200174808502197,1.1636149883270264,676.4755249023438,0.907286524772644,655.3499755859375,4.0,0.0,46.0,30.523399353027344,161.845703125
72.75714111328125,10.831850051879883,17.945430755615234,3.972687005996704,923.4500732421875,165.43209838867188,8.244384765625,79.8913803100586,470.372802734375,43.76808166503906,460.1883850097656,43.76808166503906,12.07748031616211,40.37567138671875,626.4666748046875,25.298030853271484,-4.616230010986328,29.914260864257812,17.18177032470703,3.972687005996704,1954.0,1954.0,1954.0,0.49909698963165283,212.0,0.9353669881820679,655.3499755859375,221.60899353027344,5.316940784454346,0.6092571020126343,221.60899353027344,0.8588111996650696,655.3499755859375,0.0,0.0,41.0,28.28045082092285,132.50689697265625
105.908203125,11.016779899597168,18.191429138183594,4.280797004699707,921.7860717773438,166.1865997314453,8.242502212524414,79.9556884765625,468.6169128417969,43.552738189697266,458.0640869140625,43.552738189697266,12.095250129699707,40.6167106628418,623.0089721679688,25.417940139770508,-4.361569881439209,29.779510498046875,17.45479965209961,4.280797004699707,2134.0,2134.0,2134.0,0.48148879408836365,212.0,0.955479621887207,655.3499755859375,469.05230712890625,5.4271087646484375,0.5818076133728027,644.4578247070312,0.8803530931472778,655.3499755859375,0.0,0.0,29.0,18.896730422973633,138.53280639648438
320.48089599609375,9.361603736877441,17.048269271850586,2.066143035888672,863.9998168945312,158.02810668945312,7.407908916473389,80.32585144042969,425.0091857910156,38.90174865722656,425.0091857910156,38.90174865722656,11.084500312805176,37.41094970703125,646.5167846679688,24.345439910888672,-5.282934188842773,29.628379821777344,17.048269271850586,2.066143035888672,2086.0,2086.0,2086.0,0.37266209721565247,195.0,0.9488692283630371,655.3499755859375,272.67559814453125,4.511706829071045,0.03902683034539223,5689.25,0.9002125263214111,596.5059204101562,1.0,0.0,54.0,32.824031829833984,137.0948944091797
309.2648010253906,8.569364547729492,15.876520156860352,1.320701003074646,857.2319946289062,157.67250061035156,7.670677185058594,79.2313232421875,412.85009765625,39.71356964111328,412.85009765625,39.71356964111328,11.176609992980957,38.14019012451172,638.307373046875,22.95285987854004,-6.3498029708862305,29.30265998840332,15.876520156860352,1.320701003074646,2200.0,2200.0,2200.0,0.26944220066070557,176.0,0.8946825861930847,655.3499755859375,471.6090087890625,3.8358590602874756,1.0,3250.27099609375,0.8256754875183105,624.247314453125,1.0,0.0,61.0,33.0640983581543,140.80760192871094
241.0343017578125,7.6886749267578125,14.614350318908691,1.880200982093811,711.8516845703125,149.35989379882812,4.675765037536621,84.12159729003906,343.4512023925781,29.156789779663086,341.4825134277344,29.156789779663086,11.425200462341309,42.322330474853516,535.4534912109375,21.544370651245117,-5.451324939727783,26.995689392089844,13.21438980102539,1.880200982093811,2704.0,2704.0,2704.0,0.5253294110298157,209.0,0.9241021871566772,655.3499755859375,94.79139709472656,5.176197052001953,2.0,76.15714263916016,0.8908460140228271,655.3499755859375,4.0,0.0,16.0,12.014659881591797,156.0186004638672
181.20449829101562,9.626575469970703,17.05331039428711,2.626220941543579,869.0819091796875,157.32260131835938,7.587320804595947,79.60250091552734,427.1766052246094,40.13452911376953,427.1766052246094,40.13452911376953,11.236920356750488,38.372310638427734,619.6041259765625,24.518390655517578,-4.767859935760498,29.2862491607666,17.05331039428711,2.626220941543579,2141.0,2141.0,2141.0,0.4652343988418579,204.0,0.9343085885047913,655.3499755859375,414.1402893066406,4.678542137145996,2.0,4537.32080078125,0.8757578730583191,577.1934814453125,1.0,0.0,42.0,26.840810775756836,138.96580505371094
196.84140014648438,8.783743858337402,16.455169677734375,1.4792770147323608,852.869384765625,159.84019470214844,7.197482109069824,80.31500244140625,416.96881103515625,38.37009811401367,416.10089111328125,38.37009811401367,10.98192024230957,37.25458908081055,645.9979858398438,23.61256980895996,-5.86483097076416,29.477399826049805,16.304859161376953,1.4792770147323608,2173.0,2173.0,2173.0,0.34826698899269104,192.0,0.39634400606155396,655.3499755859375,505.16180419921875,4.374952793121338,0.9609730839729309,6727.69189453125,0.8472477793693542,575.353515625,1.0,0.0,69.0,29.283559799194336,139.9971923828125
292.8034973144531,9.984623908996582,17.654010772705078,2.7416648864746094,886.7349243164062,158.8542938232422,7.817508220672607,80.07975006103516,442.68939208984375,41.07257080078125,440.7235107421875,41.07257080078125,11.218560218811035,37.5872688293457,644.3660888671875,25.081350326538086,-4.764819145202637,29.84617042541504,17.305999755859375,2.7416648864746094,1906.0,1906.0,1906.0,0.41983601450920105,205.0,0.9180378913879395,655.3499755859375,164.08619689941406,4.921343803405762,0.6563447117805481,6249.8017578125,0.8741546273231506,636.36181640625,1.0,0.0,66.0,37.18497085571289,130.95880126953125
64.69947814941406,7.821788787841797,15.254190444946289,0.5826432704925537,844.9647216796875,161.0904998779297,7.347032070159912,79.40524291992188,403.1954040527344,39.17601013183594,403.1954040527344,39.17601013183594,10.945170402526855,37.86479949951172,636.0679931640625,22.17275047302246,-6.732181072235107,28.904930114746094,15.254190444946289,0.5826432704925537,2396.0,2396.0,2396.0,0.34012100100517273,189.0,0.8875396251678467,655.3499755859375,262.9111022949219,4.153059959411621,1.772871971130371,5723.48486328125,0.8139482140541077,631.0003051757812,1.0,0.0,48.0,29.118139266967773,146.8852996826172
125.39769744873047,9.016959190368652,16.32274055480957,2.133155107498169,856.761474609375,159.25830078125,7.532834053039551,78.7719497680664,414.5824890136719,40.61882019042969,414.5824890136719,40.61882019042969,11.15999984741211,38.63816833496094,607.4395141601562,23.743650436401367,-5.143138885498047,28.886789321899414,16.32274055480957,2.133155107498169,2385.0,2385.0,2385.0,0.4787040948867798,207.0,0.9577593207359314,655.3499755859375,513.6641235351562,5.024345874786377,0.14907410740852356,5086.72314453125,0.8683947920799255,579.3021240234375,1.0,0.0,49.0,28.965120315551758,146.4698028564453
301.1335144042969,-1.78951096534729,5.929592132568359,-8.25812816619873,812.5194702148438,163.43699645996094,4.7638068199157715,85.61518859863281,408.158203125,30.274459838867188,408.158203125,30.274459838867188,11.72776985168457,40.881771087646484,605.9962158203125,13.133159637451172,-15.554240226745605,28.687400817871094,5.929592132568359,-8.25812816619873,4227.0,4227.0,4227.0,0.2620418965816498,105.0,0.555256724357605,545.4923706054688,1915.93994140625,1.572746992111206,0.6953713893890381,4163.27099609375,0.5741466283798218,287.0624084472656,0.0,0.0,11.0,7.618473052978516,195.0876007080078
251.00770568847656,5.408504009246826,12.597410202026367,-0.6032788157463074,736.2410278320312,155.38150024414062,5.001976013183594,84.3635025024414,356.6039123535156,29.001630783081055,356.5369873046875,29.001630783081055,11.666339874267578,43.375789642333984,551.4633178710938,19.419599533081055,-7.4763407707214355,26.89594078063965,12.541680335998535,-0.6032788157463074,3300.0,3300.0,3300.0,0.45492249727249146,208.0,0.9266471266746521,655.3499755859375,528.3909912109375,5.398989200592041,1.1636149883270264,547.9525146484375,0.8670176863670349,655.3499755859375,4.0,0.0,41.0,28.395090103149414,172.30189514160156
83.2219009399414,4.918153762817383,11.937640190124512,-0.9342268109321594,736.3513793945312,154.63670349121094,5.0,84.37174224853516,355.7702941894531,29.0,355.7702941894531,29.0,11.453100204467773,42.7470588684082,540.702392578125,18.768239974975586,-8.024581909179688,26.79281997680664,11.937640190124512,-0.9342268109321594,3281.0,3281.0,3281.0,0.6080976128578186,210.0,0.9033501148223877,655.3499755859375,155.20860290527344,5.393771171569824,2.0,1285.9110107421875,0.8859676718711853,651.5914916992188,4.0,0.0,49.0,31.84040069580078,171.7769012451172
132.2700958251953,6.026449203491211,12.910019874572754,0.27362731099128723,723.9561157226562,152.89930725097656,3.799999952316284,85.37454223632812,352.0657958984375,27.53639030456543,351.843505859375,27.53639030456543,11.387800216674805,42.55543899536133,533.3851928710938,19.744670867919922,-7.016818046569824,26.761489868164062,12.620320320129395,0.27362731099128723,3148.0,3148.0,3148.0,0.5012906789779663,200.0,0.9338303208351135,655.3499755859375,505.16180419921875,4.747832775115967,2.0,1286.739990234375,0.891819179058075,648.8446044921875,4.0,0.0,50.0,34.17716979980469,168.35980224609375
322.7427062988281,9.771614074707031,17.340660095214844,2.539447069168091,871.2587280273438,157.03309631347656,7.616804122924805,79.75697326660156,427.54620361328125,39.852081298828125,427.31671142578125,39.852081298828125,11.225589752197266,37.972328186035156,643.9210205078125,24.686429977416992,-4.876181125640869,29.562620162963867,16.676729202270508,2.539447069168091,1963.0,1963.0,1963.0,0.2947598993778229,196.0,0.2650795876979828,655.3499755859375,505.16180419921875,4.522544860839844,1.0,6762.56982421875,0.8690652847290039,637.1290283203125,1.0,0.0,48.0,31.75210952758789,133.214599609375
256.5893859863281,9.985541343688965,17.438560485839844,3.024091958999634,886.0031127929688,158.5886993408203,8.100000381469727,78.86572265625,437.40460205078125,42.74325942993164,436.02288818359375,42.74325942993164,11.255749702453613,38.221580505371094,619.7598876953125,24.95384979248047,-4.497348785400391,29.451200485229492,17.113439559936523,3.024091958999634,2378.0,2378.0,2378.0,0.3154183030128479,193.0,0.9133461117744446,655.3499755859375,627.4014282226562,4.2525811195373535,0.6563447117805481,5414.7421875,0.8365740180015564,587.2734985351562,1.0,0.0,41.0,24.56151008605957,146.2489013671875
148.59719848632812,10.442850112915039,18.092529296875,3.2472259998321533,903.4641723632812,160.4564971923828,8.100000381469727,80.05451965332031,455.5971984863281,42.40964126586914,451.97479248046875,42.40964126586914,11.291780471801758,37.564579010009766,643.197021484375,25.661270141601562,-4.401493072509766,30.06277084350586,17.4666805267334,3.2472259998321533,1979.0,1979.0,1979.0,0.44437238574028015,213.0,0.9573752880096436,655.3499755859375,330.198486328125,5.269497871398926,1.3907430171966553,5782.20703125,0.8779780864715576,654.9398193359375,1.0,0.0,62.0,34.74800109863281,133.4031982421875
154.81919860839844,7.199657917022705,14.035110473632812,1.4140360355377197,716.2977294921875,149.9680938720703,4.546721935272217,83.8434829711914,345.6897888183594,28.861570358276367,343.1383972167969,28.861570358276367,11.505240440368652,43.128780364990234,529.8792114257812,20.883670806884766,-5.793111801147461,26.676790237426758,12.62427043914795,1.4140360355377197,2800.0,2800.0,2800.0,0.5784400105476379,212.0,0.9168183207511902,655.3499755859375,231.36570739746094,5.419956207275391,0.6092571020126343,345.93560791015625,0.9090402722358704,655.3499755859375,4.0,0.0,19.0,11.462420463562012,158.8092041015625
325.2012023925781,10.522950172424316,18.11054039001465,3.337815046310425,902.4041137695312,161.21009826660156,8.035433769226074,80.40621185302734,456.4457092285156,41.57780075073242,451.2477111816406,41.57780075073242,11.353099822998047,38.06058120727539,644.4561157226562,25.526819229125977,-4.302042007446289,29.828859329223633,17.40212059020996,3.337815046310425,1808.0,1808.0,1808.0,0.4222385883331299,208.0,0.9470767974853516,655.3499755859375,164.08619689941406,5.061141014099121,1.0,6463.0068359375,0.8943185210227966,655.3499755859375,1.0,0.0,37.0,24.343130111694336,127.55290222167969
85.6079330444336,4.167923927307129,11.534379959106445,-1.9844930171966553,749.2122802734375,158.32440185546875,5.0,85.01197814941406,366.5078125,29.0,366.5078125,29.0,11.84218978881836,43.3969612121582,566.086181640625,18.391700744628906,-8.896162033081055,27.287870407104492,11.534379959106445,-1.9844930171966553,3208.0,3208.0,3208.0,0.4599311053752899,208.0,0.9176607728004456,655.3499755859375,9.756709098815918,5.138545989990234,2.0,28.39097023010254,0.8707361817359924,655.3499755859375,4.0,0.0,47.0,30.265010833740234,169.76559448242188
181.2718048095703,6.803501129150391,13.57034969329834,1.1698780059814453,718.9840698242188,150.627197265625,4.621220111846924,84.11715698242188,346.6328125,28.977449417114258,344.95269775390625,28.977449417114258,11.549039840698242,43.640289306640625,522.0919799804688,20.350759506225586,-6.113822937011719,26.464580535888672,12.184840202331543,1.1698780059814453,2952.0,2952.0,2952.0,0.5599678754806519,195.0,0.9049919247627258,655.3499755859375,341.7934875488281,4.492584228515625,0.7583311796188354,1498.751953125,0.8756670951843262,651.2379150390625,4.0,0.0,54.0,35.871421813964844,162.95579528808594
301.7412109375,6.464221000671387,13.25232982635498,0.7567905187606812,719.6110229492188,151.29879760742188,3.9915199279785156,84.97545623779297,348.87078857421875,27.77042007446289,348.0721130371094,27.77042007446289,11.505049705505371,43.271209716796875,526.4716186523438,20.093250274658203,-6.496387958526611,26.589630126953125,12.320520401000977,0.7567905187606812,2916.0,2916.0,2916.0,0.5118693113327026,203.0,0.9285985827445984,655.3499755859375,9.756709098815918,4.935186862945557,2.0,2196.783935546875,0.901936411857605,653.3309936523438,4.0,0.0,48.0,28.01906967163086,162.07589721679688
110.52790069580078,11.647210121154785,19.039949417114258,4.468702793121338,955.3314208984375,175.5507049560547,8.493102073669434,82.49559783935547,510.2190856933594,43.537940979003906,493.4823913574219,43.537940979003906,11.867810249328613,39.16436004638672,649.7529296875,26.64105987548828,-3.6610050201416016,30.30207061767578,18.139949798583984,4.468702793121338,1555.0,1555.0,1555.0,0.4984886944293976,208.0,0.9193707704544067,655.3499755859375,85.9138412475586,5.132723808288574,0.14907410740852356,3370.14892578125,0.8827729225158691,655.3499755859375,1.0,0.0,48.0,29.988670349121094,118.26570129394531
119.560302734375,9.194215774536133,16.455730438232422,2.440687894821167,859.751220703125,158.79559326171875,8.067073822021484,77.8409194946289,412.65179443359375,41.63677978515625,412.65179443359375,41.63677978515625,11.09529972076416,38.45022964477539,601.0062866210938,23.887540817260742,-4.969313144683838,28.856849670410156,16.455730438232422,2.440687894821167,2626.0,2626.0,2626.0,0.39037561416625977,195.0,0.949887216091156,655.3499755859375,632.7592163085938,4.32353401184082,0.07805366814136505,4673.06201171875,0.8707625865936279,577.6821899414062,1.0,0.0,28.0,17.22776985168457,153.83120727539062
270.4761962890625,4.448811054229736,11.752010345458984,-1.6654130220413208,747.09912109375,157.92160034179688,5.0,84.9423828125,364.32379150390625,29.0,364.32379150390625,29.0,11.792929649353027,43.42863845825195,561.1544799804688,18.585899353027344,-8.568501472473145,27.154409408569336,11.752010345458984,-1.6654130220413208,3359.0,3359.0,3359.0,0.4824936091899872,208.0,0.9197657704353333,655.3499755859375,94.79139709472656,5.283328056335449,2.0,1038.7320556640625,0.8644797801971436,655.3499755859375,4.0,0.0,40.0,26.289289474487305,173.8551025390625
221.15390014648438,5.3515448570251465,12.258469581604004,-0.41141021251678467,733.8712768554688,154.08470153808594,4.908123016357422,84.18771362304688,354.0744934082031,29.448659896850586,353.6189880371094,29.448659896850586,11.523030281066895,43.84960174560547,530.5003051757812,18.921110153198242,-7.359053134918213,26.280160903930664,11.479310035705566,-0.41141021251678467,3081.0,3081.0,3081.0,0.5505080223083496,212.0,0.9337847828865051,655.3499755859375,312.239501953125,5.473998069763184,2.0,1656.68896484375,0.8883910179138184,654.7509765625,4.0,0.0,42.0,22.60930061340332,166.53399658203125
188.02000427246094,11.637720108032227,18.92300033569336,4.56348991394043,947.7869262695312,171.07650756835938,8.518482208251953,81.40419006347656,499.8192138671875,44.7877311706543,484.9966125488281,44.7877311706543,11.798970222473145,39.38145065307617,640.19140625,26.44116973876953,-3.5192790031433105,29.96044921875,18.020160675048828,4.56348991394043,1643.0,1643.0,1643.0,0.6047400236129761,217.0,0.9281070828437805,655.3499755859375,440.8572082519531,5.542778015136719,2.0,4395.30810546875,0.8951417207717896,655.3499755859375,1.0,0.0,62.0,39.91912841796875,122.19190216064453
87.50626373291016,3.2309229373931885,10.756600379943848,-3.064635992050171,755.3024291992188,158.98170471191406,4.948883056640625,85.1989517211914,371.060302734375,28.846649169921875,371.060302734375,28.846649169921875,11.956950187683105,43.04806900024414,580.9611206054688,17.665760040283203,-10.110719680786133,27.776479721069336,10.756600379943848,-3.064635992050171,3306.0,3306.0,3306.0,0.4760333001613617,206.0,0.9084404706954956,655.3499755859375,28.39097023010254,4.99304723739624,2.0,28.39097023010254,0.8733128905296326,655.3499755859375,4.0,0.0,48.0,34.07381057739258,172.55760192871094
93.2919921875,13.279560089111328,19.56778907775879,7.600032806396484,976.1054077148438,178.2628936767578,8.970192909240723,80.95350646972656,513.836669921875,45.9297981262207,492.83599853515625,45.9297981262207,11.57118034362793,42.263450622558594,565.3939819335938,26.07546043395996,-1.3032770156860352,27.378740310668945,19.054670333862305,7.600032806396484,1789.0,1789.0,1789.0,0.4680930972099304,187.0,0.8665307760238647,655.3499755859375,493.62860107421875,3.778549909591675,2.0,493.62860107421875,0.8262175917625427,655.3499755859375,0.0,0.0,34.0,24.3841495513916,126.94400024414062
133.5030975341797,11.064550399780273,18.453380584716797,3.979994058609009,914.906005859375,163.9633026123047,8.235114097595215,80.80087280273438,469.57659912109375,42.50592041015625,461.2593994140625,42.50592041015625,11.439519882202148,38.794620513916016,637.3895874023438,25.769210815429688,-3.7187750339508057,29.487979888916016,17.4710693359375,3.979994058609009,1819.0,1819.0,1819.0,0.4802060127258301,213.0,0.9500470161437988,655.3499755859375,221.60899353027344,5.437868118286133,0.9254630208015442,6181.12109375,0.8998053073883057,655.3499755859375,1.0,0.0,64.0,39.01348114013672,128.21080017089844
286.0392150878906,11.491109848022461,18.633190155029297,4.53026008605957,936.8682250976562,167.00999450683594,8.601346015930176,80.56482696533203,488.25250244140625,44.72351837158203,473.9587097167969,44.72351837158203,11.912850379943848,39.98487854003906,631.60888671875,26.12994956970215,-3.6636970043182373,29.793649673461914,17.77695083618164,4.53026008605957,1907.0,1907.0,1907.0,0.5126451253890991,217.0,0.9681925773620605,655.3499755859375,964.1740112304688,5.448793888092041,1.312688946723938,3754.60888671875,0.90107262134552,655.3499755859375,1.0,0.0,41.0,25.590810775756836,130.95269775390625
242.7393035888672,9.44281005859375,16.688270568847656,2.7291669845581055,863.7617797851562,158.85169982910156,7.983749866485596,78.05613708496094,415.29681396484375,41.64931869506836,415.29681396484375,41.64931869506836,11.069450378417969,38.58518981933594,600.087890625,24.0368595123291,-4.652565002441406,28.689430236816406,16.688270568847656,2.7291669845581055,2411.0,2411.0,2411.0,0.3151814043521881,176.0,0.8826097249984741,655.3499755859375,544.75537109375,3.4516499042510986,0.22712770104408264,4118.4150390625,0.8148083090782166,511.49139404296875,1.0,0.0,58.0,32.0748405456543,147.40919494628906
125.64450073242188,5.550785064697266,12.268190383911133,0.043077509850263596,732.86962890625,151.85450744628906,4.999966144561768,83.74183654785156,351.4621887207031,29.999969482421875,351.24969482421875,29.999969482421875,11.539939880371094,44.165401458740234,515.8331298828125,18.991779327392578,-7.137380123138428,26.129159927368164,11.205619812011719,0.043077509850263596,3081.0,3081.0,3081.0,0.5696666836738586,212.0,0.894868016242981,655.3499755859375,267.4753112792969,5.4012041091918945,2.0,2448.154052734375,0.8828818798065186,627.1253051757812,4.0,0.0,35.0,23.845069885253906,166.61019897460938
291.3263854980469,5.039780139923096,12.056010246276855,-0.9013795852661133,732.7526245117188,153.7353057861328,4.0014729499816895,85.20355224609375,355.2803955078125,27.902210235595703,355.2803955078125,27.902210235595703,11.61952018737793,43.755218505859375,543.9326782226562,18.70326042175293,-7.853778839111328,26.557039260864258,12.056010246276855,-0.9013795852661133,3154.0,3154.0,3154.0,0.5805702805519104,209.0,0.9264258146286011,655.3499755859375,181.5614013671875,5.169633865356445,2.0,4657.94091796875,0.9156544804573059,629.06298828125,4.0,0.0,34.0,22.719709396362305,168.49740600585938
136.26510620117188,10.949370384216309,18.14337921142578,3.937087059020996,917.7468872070312,165.2559051513672,8.340948104858398,79.7226333618164,467.54339599609375,44.4727783203125,458.19891357421875,44.4727783203125,11.653539657592773,39.48786163330078,631.1160888671875,25.493629455566406,-4.016446113586426,29.510080337524414,17.237049102783203,3.937087059020996,2011.0,2011.0,2011.0,0.5743867754936218,215.0,0.9384921789169312,655.3499755859375,1210.6619873046875,5.234451770782471,0.22712770104408264,4646.02880859375,0.9059470295906067,655.3499755859375,1.0,0.0,39.0,24.605600357055664,134.60459899902344
183.06329345703125,4.145191192626953,11.173870086669922,-1.7288140058517456,744.7520141601562,155.37890625,4.900000095367432,84.4216079711914,359.98028564453125,29.935279846191406,359.98028564453125,29.935279846191406,11.52299976348877,43.65700912475586,541.7365112304688,17.85771942138672,-8.539329528808594,26.397050857543945,11.173870086669922,-1.7288140058517456,3328.0,3328.0,3328.0,0.4606384038925171,207.0,0.8587725758552551,655.3499755859375,181.5614013671875,5.077470779418945,0.07805366814136505,3573.47900390625,0.8553711175918579,640.2780151367188,4.0,0.0,23.0,14.84060001373291,173.04910278320312
132.7772979736328,9.499249458312988,16.982789993286133,2.4839720726013184,867.6785278320312,159.62600708007812,7.920592784881592,77.92456817626953,418.093994140625,43.15657043457031,418.093994140625,43.15657043457031,11.15211009979248,38.15781021118164,623.952880859375,24.365299224853516,-4.8616838455200195,29.22698974609375,16.982789993286133,2.4839720726013184,2076.0,2076.0,2076.0,0.37533649802207947,199.0,0.932135820388794,655.3499755859375,108.5895004272461,4.481965065002441,0.6092571020126343,3496.589111328125,0.8136928081512451,607.4293823242188,1.0,0.0,36.0,23.718650817871094,136.7281951904297
291.6195983886719,9.560004234313965,17.0585994720459,2.4013030529022217,867.6823120117188,158.06509399414062,7.99495792388916,77.941162109375,416.8309020996094,42.51675033569336,416.7749938964844,42.51675033569336,11.290419578552246,38.641788482666016,633.2293701171875,24.238630294799805,-4.979640007019043,29.218280792236328,17.047489166259766,2.4013030529022217,2315.0,2315.0,2315.0,0.35206249356269836,202.0,0.9470350742340088,655.3499755859375,507.465087890625,4.6741108894348145,0.6953713893890381,5087.7412109375,0.8561525940895081,639.7266235351562,1.0,0.0,34.0,23.413650512695312,144.3227996826172
307.6094055175781,10.41919994354248,17.588390350341797,3.3028790950775146,897.9027709960938,162.45530700683594,8.092677116394043,79.11578369140625,448.81298828125,43.08626937866211,441.0492858886719,43.08626937866211,11.76492977142334,39.40447998046875,634.318603515625,24.998390197753906,-4.860942840576172,29.859329223632812,16.743650436401367,3.3028790950775146,1958.0,1958.0,1958.0,0.5416722297668457,217.0,0.9781460165977478,655.3499755859375,513.6641235351562,5.4475297927856445,1.772871971130371,3058.319091796875,0.9012104868888855,655.3499755859375,1.0,0.0,64.0,37.31248092651367,132.6634063720703
51.66202926635742,9.516282081604004,16.712739944458008,2.4319570064544678,872.1453857421875,158.0164031982422,8.081358909606934,77.7225570678711,419.034912109375,43.537010192871094,417.0740051269531,43.537010192871094,11.45226001739502,39.17567825317383,627.786376953125,23.899070739746094,-5.33573579788208,29.23480987548828,15.8125,2.4319570064544678,2022.0,2022.0,2022.0,0.5234645009040833,213.0,0.9529629945755005,655.3499755859375,664.086181640625,5.386929035186768,1.3907430171966553,4115.79296875,0.8995131254196167,655.3499755859375,1.0,0.0,33.0,20.536319732666016,134.7816925048828
274.4270935058594,8.910536766052246,16.457260131835938,1.72080397605896,858.9509887695312,158.90460205078125,7.907087802886963,77.77240753173828,407.5602111816406,42.679649353027344,407.5602111816406,42.679649353027344,11.214240074157715,38.44029998779297,632.5172119140625,23.619829177856445,-5.553274154663086,29.17310905456543,16.457260131835938,1.72080397605896,2454.0,2454.0,2454.0,0.3931022882461548,199.0,0.8979455232620239,655.3499755859375,565.7514038085938,4.677525043487549,0.6953713893890381,4973.05419921875,0.8249794244766235,638.8671875,1.0,0.0,36.0,23.540529251098633,148.61819458007812
38.19623947143555,9.709375381469727,17.189680099487305,2.4216508865356445,878.6898193359375,159.1737060546875,8.148414611816406,77.95612335205078,425.8203125,43.47161102294922,423.2882995605469,43.47161102294922,11.4576997756958,38.80474853515625,641.5399780273438,24.35552978515625,-5.171734809875488,29.52726936340332,16.781339645385742,2.4216508865356445,2029.0,2029.0,2029.0,0.4360294044017792,204.0,0.9394646883010864,655.3499755859375,145.451904296875,4.789842128753662,0.3046286106109619,5174.56494140625,0.8752374053001404,655.3499755859375,1.0,0.0,73.0,38.600608825683594,135.2864990234375
151.7736053466797,10.473679542541504,18.047710418701172,3.066560983657837,906.07421875,162.83349609375,8.40593147277832,78.72663879394531,453.52288818359375,44.36806106567383,445.4794006347656,44.36806106567383,11.602140426635742,38.55519104003906,653.5875244140625,25.33633041381836,-4.756670951843262,30.093000411987305,17.08626937866211,3.066560983657837,1836.0,1836.0,1836.0,0.46276989579200745,207.0,0.9469826221466064,655.3499755859375,221.60899353027344,4.87098503112793,0.3046286106109619,4815.6767578125,0.8880848288536072,655.3499755859375,1.0,0.0,77.0,46.05234909057617,128.55560302734375
257.13580322265625,8.697202682495117,16.304109573364258,1.4981720447540283,857.919677734375,160.0937957763672,7.780632019042969,77.7910385131836,407.33428955078125,42.37261962890625,407.33428955078125,42.37261962890625,11.096659660339355,38.03805923461914,633.5615844726562,23.53904914855957,-5.633265018463135,29.17230987548828,16.304109573364258,1.4981720447540283,2419.0,2419.0,2419.0,0.347790390253067,195.0,0.9298108220100403,655.3499755859375,278.3909912109375,4.2991719245910645,0.6092571020126343,4355.65283203125,0.8029341101646423,621.0186767578125,1.0,0.0,36.0,23.396060943603516,147.59429931640625
230.6221923828125,10.012060165405273,17.751359939575195,2.5302560329437256,893.0573120117188,160.9647979736328,8.180215835571289,77.85285186767578,438.45111083984375,44.39406967163086,433.185302734375,44.39406967163086,11.423460006713867,38.060821533203125,656.977294921875,25.033159255981445,-4.979979991912842,30.013139724731445,16.879329681396484,2.5302560329437256,2233.0,2233.0,2233.0,0.43598270416259766,194.0,0.922419011592865,655.3499755859375,653.9542846679688,4.052005767822266,1.0,5781.67578125,0.8622689843177795,649.969970703125,1.0,0.0,97.0,47.1208610534668,141.82400512695312
90.6291732788086,10.963669776916504,18.562549591064453,3.4241719245910645,932.6876220703125,167.27200317382812,8.462746620178223,79.66486358642578,479.0987854003906,45.700218200683594,466.5564880371094,45.700218200683594,11.810600280761719,38.49967956542969,666.0579223632812,26.01374053955078,-4.66485595703125,30.678600311279297,17.612749099731445,3.4241719245910645,1819.0,1819.0,1819.0,0.4931820034980774,212.0,0.945740282535553,655.3499755859375,94.79139709472656,5.321764945983887,1.772871971130371,4157.93505859375,0.8910409808158875,655.3499755859375,1.0,0.0,44.0,30.536930084228516,128.00489807128906
303.92449951171875,10.377169609069824,17.841859817504883,2.911375045776367,906.1312255859375,164.19920349121094,8.408647537231445,78.551513671875,452.13360595703125,44.76546859741211,443.31988525390625,44.76546859741211,11.713350296020508,38.658878326416016,656.4835815429688,25.184879302978516,-5.117921829223633,30.302799224853516,16.9224796295166,2.911375045776367,2009.0,2009.0,2009.0,0.4555712938308716,212.0,0.9509429931640625,655.3499755859375,85.9138412475586,5.324398040771484,2.0,3635.427978515625,0.8914204239845276,655.3499755859375,1.0,0.0,22.0,15.51613998413086,134.48829650878906
242.61839294433594,8.650611877441406,16.410539627075195,1.1679580211639404,860.173828125,159.32960510253906,7.858016014099121,77.56080627441406,407.6138000488281,42.529659271240234,406.8226013183594,42.529659271240234,11.062859535217285,37.468101501464844,651.9738159179688,23.493959426879883,-6.0306620597839355,29.524620056152344,16.280019760131836,1.1679580211639404,2378.0,2378.0,2378.0,0.40120118856430054,171.0,0.8967872858047485,655.3499755859375,1300.14404296875,3.0173890590667725,0.41819238662719727,5270.6162109375,0.8438073992729187,573.0433959960938,1.0,0.0,54.0,31.12972068786621,146.443603515625
242.48269653320312,9.517254829406738,17.271839141845703,1.7909640073776245,883.193603515625,160.56539916992188,7.8838419914245605,77.65408325195312,427.7106018066406,43.96836853027344,423.9866943359375,43.96836853027344,11.29246997833252,37.27513885498047,669.9321899414062,24.424060821533203,-5.870946884155273,30.295000076293945,16.489320755004883,1.7909640073776245,2450.0,2450.0,2450.0,0.4062047004699707,189.0,0.951023519039154,655.3499755859375,528.3909912109375,3.860846996307373,0.14907410740852356,5195.1630859375,0.8722453117370605,655.3499755859375,1.0,0.0,51.0,31.499980926513672,148.2677001953125
187.64520263671875,6.08511209487915,13.7020902633667,-1.0441570281982422,820.726318359375,162.0095977783203,6.348628997802734,80.41368103027344,385.83929443359375,37.673828125,385.83929443359375,37.673828125,10.482029914855957,36.955509185791016,625.7562255859375,20.589399337768555,-7.773652076721191,28.36305046081543,13.7020902633667,-1.0441570281982422,2960.0,2960.0,2960.0,0.2810550928115845,146.0,0.8100171089172363,655.3499755859375,345.93560791015625,2.4011929035186768,2.0,888.8270874023438,0.695943295955658,424.0668029785156,1.0,0.0,61.0,36.34811019897461,163.2801971435547
278.9429016113281,8.865474700927734,16.572980880737305,1.1892290115356445,865.9752197265625,159.49850463867188,7.82935094833374,77.49017333984375,411.340087890625,43.423709869384766,410.2327880859375,43.423709869384766,11.190679550170898,37.353370666503906,663.5490112304688,23.59164047241211,-6.367673873901367,29.95931053161621,16.299039840698242,1.1892290115356445,2529.0,2529.0,2529.0,0.4230729043483734,192.0,0.9391881823539734,655.3499755859375,679.7327880859375,4.021542072296143,1.1636149883270264,4772.60107421875,0.8673006892204285,643.0407104492188,1.0,0.0,39.0,21.202299118041992,150.8043975830078
327.6802062988281,9.132743835449219,16.015430450439453,2.36517596244812,866.0308227539062,160.4571990966797,7.655814170837402,77.93608093261719,412.13079833984375,43.055809020996094,409.0859069824219,43.055809020996094,11.778630256652832,40.082271575927734,605.4288940429688,23.406389236450195,-5.979423999786377,29.38581085205078,15.416130065917969,2.36517596244812,2198.0,2198.0,2198.0,0.41814470291137695,204.0,0.8974332213401794,655.3499755859375,1259.112060546875,4.762340068817139,2.0,1259.112060546875,0.8724216222763062,655.3499755859375,0.0,0.0,51.0,31.567949295043945,140.70489501953125
91.15978240966797,7.682897090911865,15.448829650878906,0.27363839745521545,840.6939697265625,160.58279418945312,7.199999809265137,78.69833374023438,395.55511474609375,40.05659103393555,395.55511474609375,40.05659103393555,10.827460289001465,37.225860595703125,645.2255249023438,22.442890167236328,-6.642836093902588,29.085729598999023,15.448829650878906,0.27363839745521545,2427.0,2427.0,2427.0,0.3642120957374573,196.0,0.8950272798538208,655.3499755859375,0.0,4.378415107727051,0.03902683034539223,3723.696044921875,0.8124482035636902,633.960205078125,1.0,0.0,63.0,33.49102020263672,147.9217987060547
303.2535095214844,5.5738630294799805,13.252470016479492,-1.5902270078659058,801.0264282226562,162.05230712890625,5.5,82.68871307373047,379.50531005859375,34.30134963989258,379.50531005859375,34.30134963989258,10.466520309448242,36.864200592041016,629.7979736328125,20.112699508666992,-8.27858829498291,28.391279220581055,13.252470016479492,-1.5902270078659058,2979.0,2979.0,2979.0,0.33668118715286255,174.0,0.9486557245254517,655.3499755859375,679.7327880859375,3.541105031967163,0.34365540742874146,962.9727783203125,0.885761022567749,563.2310180664062,1.0,0.0,47.0,27.60201072692871,163.7303924560547
303.0242919921875,9.930444717407227,17.203699111938477,2.605889081954956,882.1705932617188,162.4647979736328,7.699999809265137,79.17279815673828,433.6188049316406,42.50059127807617,427.7001037597656,42.50059127807617,11.724639892578125,38.957481384277344,643.7802734375,24.58340072631836,-5.5120930671691895,30.095489501953125,16.324430465698242,2.605889081954956,1981.0,1981.0,1981.0,0.49039140343666077,212.0,0.9104111194610596,655.3499755859375,272.67559814453125,5.164456844329834,0.8363847732543945,749.611572265625,0.8757557272911072,655.3499755859375,1.0,0.0,29.0,19.595630645751953,133.5988006591797
313.5452880859375,8.487820625305176,16.257360458374023,0.9972633719444275,846.3602294921875,159.79989624023438,7.143356800079346,78.9497299194336,402.2304992675781,40.395530700683594,402.2304992675781,40.395530700683594,11.010350227355957,37.363731384277344,651.3997192382812,23.32192039489746,-6.14554500579834,29.467470169067383,16.257360458374023,0.9972633719444275,2289.0,2289.0,2289.0,0.3918445110321045,202.0,0.8915994763374329,655.3499755859375,278.3909912109375,4.672048091888428,1.0,3874.280029296875,0.8504207134246826,655.3499755859375,1.0,0.0,40.0,26.711259841918945,143.5762939453125
327.4224853515625,8.927630424499512,16.656009674072266,1.435083031654358,850.5424194335938,159.21949768066406,7.099999904632568,79.28238677978516,407.5994873046875,40.46100997924805,407.43798828125,40.46100997924805,11.130680084228516,37.607749938964844,652.6441040039062,23.756580352783203,-5.840726852416992,29.597309112548828,16.551359176635742,1.435083031654358,2327.0,2327.0,2327.0,0.4281286895275116,203.0,0.9108315110206604,655.3499755859375,422.5264892578125,4.801663875579834,1.0,4005.1298828125,0.858623206615448,655.3499755859375,1.0,0.0,38.0,24.359750747680664,144.67269897460938
126.77130126953125,8.264799118041992,15.579389572143555,1.6108959913253784,789.902587890625,157.84620666503906,5.828273773193359,81.79882049560547,377.7921142578125,34.486351013183594,377.7921142578125,34.486351013183594,11.174420356750488,39.11199951171875,594.9141235351562,22.885269165039062,-5.685871124267578,28.57114028930664,15.579389572143555,1.6108959913253784,2446.0,2446.0,2446.0,0.5595914125442505,208.0,0.9301900863647461,655.3499755859375,155.20860290527344,5.089286804199219,2.0,262.9111022949219,0.8852201104164124,591.9791259765625,1.0,0.0,44.0,27.364240646362305,148.4217071533203
48.23588943481445,8.315690040588379,16.08176040649414,0.8934363126754761,842.915283203125,160.7277069091797,7.0034918785095215,79.28807830810547,400.4527893066406,39.981449127197266,400.4527893066406,39.981449127197266,10.92870044708252,37.26327133178711,648.3687133789062,23.18256950378418,-6.1445770263671875,29.32714080810547,16.08176040649414,0.8934363126754761,2219.0,2219.0,2219.0,0.43599969148635864,207.0,0.9122192859649658,655.3499755859375,0.0,5.023612022399902,0.9609730839729309,2823.4140625,0.8568161725997925,643.2791137695312,1.0,0.0,63.0,39.233699798583984,141.3560028076172
79.18186950683594,10.107150077819824,17.299829483032227,2.89530611038208,880.6220092773438,163.09710693359375,7.780467987060547,79.36389923095703,434.372802734375,42.59857177734375,427.3490905761719,42.59857177734375,11.847390174865723,39.22898864746094,637.097900390625,24.799970626831055,-5.400298118591309,30.20026969909668,16.43321990966797,2.89530611038208,2097.0,2097.0,2097.0,0.5567287802696228,212.0,0.9278780817985535,655.3499755859375,638.4744873046875,5.231511116027832,0.8363847732543945,705.6680297851562,0.8860291242599487,655.3499755859375,1.0,0.04432282969355583,26.0,16.76388931274414,137.3000030517578
253.87789916992188,9.565728187561035,17.26228904724121,2.0914390087127686,860.1661987304688,157.8271026611328,7.099999904632568,79.42872619628906,416.8606872558594,40.64204025268555,416.1799011230469,40.64204025268555,11.26593017578125,37.94158935546875,653.7379760742188,24.429750442504883,-5.263124942779541,29.692869186401367,16.39385986328125,2.0914390087127686,2233.0,2233.0,2233.0,0.4590320885181427,208.0,0.9376906752586365,655.3499755859375,526.7169799804688,5.099999904632568,0.9609730839729309,3456.470947265625,0.885551393032074,655.3499755859375,1.0,0.0,45.0,26.89143943786621,141.68899536132812
272.7367858886719,9.635186195373535,16.945419311523438,2.358367919921875,860.4329223632812,159.2801971435547,7.5941081047058105,79.3663330078125,417.32470703125,41.28269958496094,414.2351989746094,41.28269958496094,11.5349702835083,38.803470611572266,638.4901123046875,24.24633026123047,-5.480249881744385,29.726579666137695,16.030670166015625,2.358367919921875,2244.0,2244.0,2244.0,0.3832980990409851,206.0,0.9496737122535706,655.3499755859375,445.2561950683594,4.991559028625488,1.0,1259.112060546875,0.8879526853561401,655.3499755859375,1.0,0.0,39.0,21.047849655151367,142.05409240722656
234.9167022705078,9.405193328857422,16.550430297851562,2.2219560146331787,858.70361328125,159.49049377441406,7.673079013824463,78.63310241699219,412.3100891113281,42.442298889160156,409.0989990234375,42.442298889160156,11.635379791259766,39.10622024536133,630.0302734375,23.901309967041016,-5.851319789886475,29.75263023376465,15.676730155944824,2.2219560146331787,2194.0,2194.0,2194.0,0.46738728880882263,208.0,0.9422996044158936,655.3499755859375,682.0643920898438,5.043439865112305,1.3907430171966553,820.5825805664062,0.8965185880661011,655.3499755859375,1.0,0.002622598083689809,31.0,20.599489212036133,140.58270263671875
194.8385009765625,8.488625526428223,15.838069915771484,1.7995270490646362,792.214111328125,157.55209350585938,5.8574981689453125,81.8956069946289,379.3648986816406,34.79634094238281,379.3648986816406,34.79634094238281,11.150079727172852,38.84170150756836,600.73388671875,23.141319274902344,-5.565794944763184,28.707109451293945,15.838069915771484,1.7995270490646362,2570.0,2570.0,2570.0,0.5206990838050842,211.0,0.9460353255271912,655.3499755859375,414.1402893066406,5.194850921630859,2.0,414.1402893066406,0.8965840935707092,602.7791748046875,1.0,0.0,61.0,37.47698974609375,152.0697021484375
184.685302734375,5.315269947052002,12.831990242004395,-1.7242399454116821,819.4586791992188,166.58749389648438,5.900000095367432,82.25586700439453,387.8362121582031,35.805938720703125,387.8362121582031,35.805938720703125,10.549409866333008,37.11846160888672,623.1447143554688,19.757770538330078,-8.662959098815918,28.420730590820312,12.831990242004395,-1.7242399454116821,3149.0,3149.0,3149.0,0.29157018661499023,180.0,0.9037001729011536,655.3499755859375,637.1580810546875,3.7340869903564453,1.9219460487365723,1521.0560302734375,0.8478593826293945,584.556884765625,1.0,0.0,40.0,25.958709716796875,168.35740661621094
212.64430236816406,10.24800968170166,17.971139907836914,2.789107084274292,878.0955200195312,160.81759643554688,7.5164289474487305,79.56121826171875,435.0797119140625,42.13100051879883,429.4371032714844,42.13100051879883,11.438920021057129,38.331180572509766,656.264404296875,25.229080200195312,-4.612839221954346,29.841920852661133,17.044410705566406,2.789107084274292,1901.0,1901.0,1901.0,0.5534570813179016,215.0,0.950470507144928,655.3499755859375,9.756709098815918,5.665674209594727,0.6092571020126343,2849.719970703125,0.8955631852149963,655.3499755859375,1.0,0.0,24.0,14.581560134887695,130.91310119628906
187.6842041015625,7.912765979766846,15.631879806518555,0.5510249137878418,835.668212890625,160.6580047607422,6.852954864501953,78.85424041748047,392.18280029296875,40.55295944213867,392.18280029296875,40.55295944213867,10.811869621276855,37.18933868408203,643.2147216796875,22.6729793548584,-6.399692058563232,29.072669982910156,15.631879806518555,0.5510249137878418,2793.0,2793.0,2793.0,0.3140715956687927,172.0,0.902786910533905,655.3499755859375,278.3909912109375,3.4440150260925293,0.07805366814136505,1378.095947265625,0.7740290760993958,574.4573974609375,1.0,0.0,51.0,32.31591033935547,158.48330688476562
213.760498046875,9.911844253540039,16.98373031616211,3.0379750728607178,884.0637817382812,163.21270751953125,7.80859899520874,77.59800720214844,426.65838623046875,44.219329833984375,420.5755920410156,44.219329833984375,11.522600173950195,40.040958404541016,610.1475219726562,24.098539352416992,-4.678109169006348,28.776649475097656,16.08016014099121,3.0379750728607178,2416.0,2416.0,2416.0,0.4855619966983795,203.0,0.9160165190696716,655.3499755859375,345.93560791015625,4.928040027618408,1.0,2105.096923828125,0.8481371998786926,654.1497802734375,0.0,0.0,37.0,24.534910202026367,147.3804931640625
185.173095703125,10.894490242004395,18.114450454711914,3.7239010334014893,902.6572875976562,165.47740173339844,7.681253910064697,79.50009155273438,455.1709899902344,43.62916946411133,444.7309875488281,43.62916946411133,12.027159690856934,39.45412063598633,640.0671997070312,25.695480346679688,-4.788449764251709,30.483930587768555,17.283950805664062,3.7239010334014893,1926.0,1926.0,1926.0,0.5177391767501831,217.0,0.9626157283782959,655.3499755859375,221.60899353027344,5.731696128845215,2.0,578.82958984375,0.8935645222663879,655.3499755859375,1.0,0.42426779866218567,34.0,23.48172950744629,131.6934051513672
149.53829956054688,10.258000373840332,17.394760131835938,3.255836009979248,890.582275390625,163.30340576171875,7.630983829498291,77.71434020996094,434.1724853515625,44.12479019165039,427.1807861328125,44.12479019165039,11.648480415344238,39.55406951904297,623.3712768554688,24.67845916748047,-4.770902156829834,29.449359893798828,16.49418067932129,3.255836009979248,2146.0,2146.0,2146.0,0.5059136748313904,199.0,0.9428467750549316,655.3499755859375,493.62860107421875,4.473509788513184,0.1135639026761055,1548.675048828125,0.8640837073326111,655.3499755859375,1.0,0.0,51.0,34.39588928222656,138.9940948486328
258.48980712890625,6.395411968231201,13.768919944763184,-0.5953841209411621,808.4505004882812,164.08180236816406,5.899572849273682,82.1441421508789,381.77899169921875,35.79573059082031,381.77899169921875,35.79573059082031,10.684499740600586,37.489410400390625,619.6029052734375,20.80267906188965,-7.697346210479736,28.500030517578125,13.768919944763184,-0.5953841209411621,2947.0,2947.0,2947.0,0.3282603919506073,187.0,0.9241049289703369,655.3499755859375,471.6090087890625,4.100100994110107,0.41819238662719727,2060.077880859375,0.8745192289352417,598.8748779296875,1.0,0.0,51.0,33.352970123291016,162.98370361328125
223.90989685058594,10.383899688720703,17.529340744018555,3.3133139610290527,888.76123046875,163.25140380859375,7.636660099029541,78.4719467163086,437.2760009765625,44.129329681396484,430.143798828125,44.129329681396484,11.809599876403809,39.56869888305664,628.6204223632812,24.914159774780273,-4.931643962860107,29.845809936523438,16.6597900390625,3.3133139610290527,2247.0,2247.0,2247.0,0.45420560240745544,199.0,0.9539502859115601,655.3499755859375,676.4755249023438,4.579625129699707,2.0,1210.6619873046875,0.8536838293075562,655.3499755859375,1.0,0.0,61.0,35.07283020019531,142.06900024414062
86.72457122802734,6.496549129486084,13.700369834899902,-0.3473694920539856,801.7352294921875,162.8917999267578,5.846598148345947,82.30786895751953,377.91400146484375,35.2659797668457,377.91400146484375,35.2659797668457,10.764269828796387,37.9605598449707,609.4578247070312,20.752899169921875,-7.603917121887207,28.35681915283203,13.700369834899902,-0.3473694920539856,2818.0,2818.0,2818.0,0.40307968854904175,202.0,0.9102963805198669,655.3499755859375,839.78662109375,4.776035785675049,1.0,2374.1259765625,0.8769208192825317,609.6461181640625,1.0,0.0,39.0,28.48858070373535,159.3052978515625
167.5843048095703,8.644096374511719,15.856470108032227,1.727249026298523,864.9133911132812,162.30029296875,7.285612106323242,77.82591247558594,406.1836853027344,43.25788879394531,404.4867858886719,43.25788879394531,11.334810256958008,39.71577835083008,608.4451904296875,22.881420135498047,-5.657939910888672,28.53936004638672,15.42039966583252,1.727249026298523,2605.0,2605.0,2605.0,0.42448189854621887,174.0,0.8400567770004272,655.3499755859375,28.39097023010254,3.2211339473724365,0.8864361047744751,2521.0380859375,0.816617488861084,624.52001953125,0.0,0.0,70.0,39.859310150146484,153.24020385742188
157.94500732421875,10.656100273132324,17.98093032836914,3.4279661178588867,887.1541137695312,163.97869873046875,7.5303239822387695,79.84266662597656,445.3902893066406,42.657989501953125,435.2952880859375,42.657989501953125,11.8060302734375,39.215858459472656,642.5720825195312,25.450300216674805,-4.655137062072754,30.105430603027344,17.078369140625,3.4279661178588867,2096.0,2096.0,2096.0,0.4449740946292877,213.0,0.9444342255592346,655.3499755859375,164.08619689941406,5.191748142242432,0.6092571020126343,794.5695190429688,0.8929786086082458,655.3499755859375,1.0,0.0,48.0,26.26506996154785,137.3137969970703
158.38760375976562,9.037274360656738,16.181610107421875,1.9970639944076538,863.7158203125,161.1717987060547,7.430230140686035,77.98201751708984,408.618896484375,42.77444076538086,406.4784851074219,42.77444076538086,11.411800384521484,39.50638961791992,617.1160888671875,23.287599563598633,-5.597756862640381,28.885360717773438,15.958589553833008,1.9970639944076538,2502.0,2502.0,2502.0,0.37783581018447876,176.0,0.9245402216911316,655.3499755859375,586.511474609375,3.4654009342193604,0.9609730839729309,2448.154052734375,0.7925993204116821,650.8546752929688,1.0,0.0,31.0,18.549209594726562,150.02349853515625
149.1199951171875,9.86592960357666,17.00452995300293,2.738063097000122,866.681884765625,160.5937957763672,7.25911808013916,78.65088653564453,420.11871337890625,42.3137092590332,415.22760009765625,42.3137092590332,11.804840087890625,39.43006134033203,630.131103515625,24.403520584106445,-5.5345540046691895,29.93807029724121,16.17184066772461,2.738063097000122,2310.0,2310.0,2310.0,0.4562824070453644,210.0,0.9437503218650818,655.3499755859375,408.4248962402344,5.188136100769043,1.312688946723938,1547.2110595703125,0.8527920246124268,655.3499755859375,1.0,0.0,47.0,29.586280822753906,144.22410583496094
197.68190002441406,7.345271110534668,14.718890190124512,0.31161731481552124,803.198486328125,160.7471923828125,5.836223125457764,81.85114288330078,379.61029052734375,35.20153045654297,379.61029052734375,35.20153045654297,10.82256031036377,37.71432113647461,621.453125,21.815000534057617,-6.881065845489502,28.696069717407227,14.718890190124512,0.31161731481552124,2864.0,2864.0,2864.0,0.30638501048088074,193.0,0.870691180229187,655.3499755859375,628.8419799804688,4.374298095703125,1.0,1637.7440185546875,0.8812295794487,632.7755737304688,1.0,0.0,30.0,20.482919692993164,160.54330444335938
126.99960327148438,8.941451072692871,16.413070678710938,1.6911200284957886,838.4282836914062,157.09469604492188,7.023963928222656,78.35394287109375,395.47491455078125,41.32648849487305,394.62921142578125,41.32648849487305,11.231860160827637,38.478248596191406,636.281005859375,23.603370666503906,-5.586176872253418,29.18954086303711,15.933250427246094,1.6911200284957886,2234.0,2234.0,2234.0,0.4159640073776245,202.0,0.9162853956222534,655.3499755859375,108.5895004272461,4.728899955749512,0.6092571020126343,2268.2080078125,0.8749129176139832,655.3499755859375,1.0,0.0,59.0,32.558921813964844,141.79029846191406
142.05020141601562,8.442866325378418,15.704859733581543,1.3646010160446167,854.7214965820312,160.95809936523438,7.314109802246094,78.57774353027344,400.7289123535156,41.69078826904297,400.7289123535156,41.69078826904297,11.330309867858887,39.37736129760742,618.0902099609375,22.746990203857422,-6.025934219360352,28.772920608520508,15.704859733581543,1.3646010160446167,2468.0,2468.0,2468.0,0.33557620644569397,171.0,0.8368890881538391,655.3499755859375,262.9111022949219,3.098773956298828,0.22712770104408264,2282.820068359375,0.7311049103736877,586.7839965820312,1.0,0.0,40.0,25.570049285888672,148.98049926757812
211.6071014404297,8.654364585876465,15.792189598083496,2.113784074783325,785.12841796875,156.75900268554688,5.785758972167969,81.89579010009766,373.364013671875,34.67182922363281,373.364013671875,34.67182922363281,11.103930473327637,38.99943161010742,588.3640747070312,23.1093807220459,-5.362569808959961,28.47195053100586,15.792189598083496,2.113784074783325,2545.0,2545.0,2545.0,0.4493246078491211,199.0,0.9016950726509094,655.3499755859375,427.27789306640625,4.6645917892456055,1.1636149883270264,427.27789306640625,0.889997124671936,596.8297119140625,1.0,0.0,59.0,37.467811584472656,151.44940185546875
119.80460357666016,7.56690788269043,14.985389709472656,0.4061816930770874,823.5599975585938,159.6217041015625,6.9140520095825195,78.80963134765625,382.3446044921875,40.33177947998047,382.3446044921875,40.33177947998047,10.963080406188965,38.18893814086914,626.6707763671875,22.071369171142578,-6.635507106781006,28.70686912536621,14.985389709472656,0.4061816930770874,2474.0,2474.0,2474.0,0.34871551394462585,190.0,0.9084098935127258,655.3499755859375,335.9137878417969,4.118002891540527,2.0,1528.3909912109375,0.8268318772315979,641.80322265625,1.0,0.0,38.0,20.143110275268555,149.2465057373047
284.15869140625,8.677718162536621,15.803899765014648,1.5637459754943848,843.8496704101562,158.84950256347656,7.0974440574646,78.36673736572266,395.9690856933594,41.69744110107422,394.8033142089844,41.69744110107422,11.465760231018066,39.265419006347656,620.6378173828125,22.976869583129883,-6.223420143127441,29.20029067993164,15.253640174865723,1.5637459754943848,2672.0,2672.0,2672.0,0.3894059956073761,198.0,0.943021297454834,655.3499755859375,560.3975219726562,4.534637928009033,0.41819238662719727,2551.888916015625,0.862704873085022,655.3499755859375,1.0,0.0,42.0,28.676090240478516,155.1226043701172
117.45780181884766,7.961963176727295,15.138409614562988,1.1320420503616333,798.5286865234375,159.34190368652344,5.800000190734863,82.00821685791016,378.3019104003906,34.79999923706055,378.3019104003906,34.79999923706055,10.941929817199707,38.18952941894531,609.5007934570312,22.30558967590332,-6.346301078796387,28.65188980102539,15.138409614562988,1.1320420503616333,2583.0,2583.0,2583.0,0.47343671321868896,212.0,0.8949601054191589,655.3499755859375,94.79139709472656,5.21638298034668,1.0,2163.048095703125,0.88487309217453,630.9384765625,1.0,0.0,48.0,30.56052017211914,152.25250244140625
215.28880310058594,7.935204982757568,14.954520225524902,1.304679036140442,791.1801147460938,157.68890380859375,5.790509223937988,81.87386322021484,373.33160400390625,34.80339813232422,373.33160400390625,34.80339813232422,10.936650276184082,38.62102127075195,596.0172119140625,22.13071060180664,-6.187146186828613,28.317859649658203,14.954520225524902,1.304679036140442,2878.0,2878.0,2878.0,0.4264669120311737,202.0,0.9557965993881226,655.3499755859375,1185.2449951171875,4.693389892578125,0.07453703880310059,1185.2449951171875,0.8959084153175354,605.5728149414062,1.0,0.0,27.0,17.760089874267578,160.91000366210938
175.9897003173828,9.671371459960938,16.881860733032227,2.4588088989257812,855.3604125976562,159.50030517578125,7.395652770996094,78.64801788330078,411.3517150878906,42.05812072753906,407.06640625,42.05812072753906,11.68118953704834,39.24016189575195,633.4721069335938,24.211530685424805,-5.556879997253418,29.768409729003906,15.982930183410645,2.4588088989257812,2163.0,2163.0,2163.0,0.5181877017021179,217.0,0.9165316224098206,655.3499755859375,262.9111022949219,5.555201053619385,1.8509260416030884,1827.281982421875,0.8750060200691223,655.3499755859375,1.0,0.0,26.0,16.548059463500977,139.50540161132812
315.8475036621094,7.3834309577941895,14.699419975280762,0.41180118918418884,801.39892578125,160.4329071044922,5.833298206329346,81.68826293945312,377.2832946777344,35.786338806152344,377.2832946777344,35.786338806152344,10.871990203857422,37.88842010498047,617.4152221679688,21.868019104003906,-6.8266801834106445,28.694700241088867,14.699419975280762,0.41180118918418884,2768.0,2768.0,2768.0,0.37095919251441956,198.0,0.9274253249168396,655.3499755859375,181.5614013671875,4.676781177520752,0.22712770104408264,906.136474609375,0.9009240865707397,640.4204711914062,1.0,0.0,41.0,23.74970054626465,157.84500122070312
340.1943054199219,7.541983127593994,14.770919799804688,0.3990846872329712,836.5388793945312,160.50860595703125,6.900000095367432,78.66803741455078,387.0586853027344,41.226200103759766,387.0586853027344,41.226200103759766,11.224459648132324,39.000648498535156,619.4478759765625,21.791139602661133,-6.9890828132629395,28.78022003173828,14.770919799804688,0.3990846872329712,2731.0,2731.0,2731.0,0.2691499888896942,187.0,0.9022483229637146,655.3499755859375,164.08619689941406,4.262976169586182,1.0,2582.16796875,0.8385553956031799,655.3499755859375,1.0,0.0,50.0,30.691259384155273,156.83560180664062
158.28199768066406,7.216222763061523,14.558650016784668,0.14700989425182343,822.9799194335938,160.8383026123047,6.724676132202148,79.4856185913086,383.2001037597656,39.505069732666016,383.2001037597656,39.505069732666016,10.927419662475586,38.270790100097656,621.5639038085938,21.649580001831055,-6.903385162353516,28.55297088623047,14.558650016784668,0.14700989425182343,2811.0,2811.0,2811.0,0.3322499990463257,186.0,0.8823102712631226,655.3499755859375,876.3281860351562,4.055274963378906,0.14907410740852356,1276.741943359375,0.8223841190338135,628.6580200195312,1.0,0.0,76.0,44.34654998779297,158.96470642089844
32.39636993408203,7.95159912109375,15.12047004699707,1.4861210584640503,777.5455932617188,157.45089721679688,5.615182876586914,82.3878402709961,367.8528137207031,34.18730163574219,367.6798095703125,34.18730163574219,11.115209579467773,39.33279037475586,578.4580078125,22.465890884399414,-5.793402194976807,28.25929069519043,14.89428997039795,1.4861210584640503,2601.0,2601.0,2601.0,0.386033296585083,190.0,0.9015169143676758,655.3499755859375,85.9138412475586,4.225717067718506,2.0,85.9138412475586,0.8697146773338318,566.4227294921875,1.0,0.0,65.0,38.605709075927734,153.03529357910156
48.63875961303711,9.776022911071777,17.195470809936523,2.5075650215148926,854.6862182617188,159.08189392089844,7.336771011352539,78.7358169555664,412.656494140625,42.66202926635742,408.17510986328125,42.66202926635742,11.524100303649902,38.96236038208008,641.2537841796875,24.485000610351562,-5.092111110687256,29.577110290527344,16.463359832763672,2.5075650215148926,2065.0,2065.0,2065.0,0.5217679142951965,216.0,0.9572123289108276,655.3499755859375,85.9138412475586,5.494894981384277,0.1135639026761055,85.9138412475586,0.8930057883262634,655.3499755859375,1.0,0.0,37.0,23.207740783691406,136.26319885253906
275.13751220703125,7.8429789543151855,14.9818696975708,1.405243992805481,778.93310546875,158.32730102539062,5.486659049987793,82.23377990722656,368.5262145996094,34.569759368896484,367.9736022949219,34.569759368896484,11.11242961883545,39.47233963012695,574.835205078125,22.320539474487305,-5.832281112670898,28.152820587158203,14.322770118713379,1.405243992805481,2512.0,2512.0,2512.0,0.3759830892086029,189.0,0.90904301404953,655.3499755859375,261.7598876953125,4.191023826599121,2.0,108.5895004272461,0.864158570766449,560.8588256835938,1.0,0.0,32.0,20.078819274902344,150.38619995117188
135.2628936767578,9.521297454833984,16.944639205932617,2.23722505569458,847.1229858398438,158.12939453125,7.146666049957275,78.53604125976562,405.4153137207031,42.42612838745117,401.881103515625,42.42612838745117,11.473529815673828,38.86716842651367,640.3975219726562,24.18596076965332,-5.3333740234375,29.51934051513672,16.39361000061035,2.23722505569458,2363.0,2363.0,2363.0,0.5652642846107483,216.0,0.9240872263908386,655.3499755859375,469.05230712890625,5.394317150115967,1.0,588.814697265625,0.9037989974021912,655.3499755859375,1.0,0.0,49.0,30.61952018737793,145.70880126953125
253.62759399414062,9.892806053161621,16.816469192504883,3.4870920181274414,814.6370849609375,155.7758026123047,5.85561990737915,81.76622772216797,393.8031005859375,35.997440338134766,393.8031005859375,35.997440338134766,11.106780052185059,39.18547058105469,587.9520874023438,24.027069091796875,-4.317561149597168,28.344640731811523,16.816469192504883,3.4870920181274414,2363.0,2363.0,2363.0,0.4758427143096924,208.0,0.9294964075088501,655.3499755859375,312.239501953125,5.013095855712891,2.0,9.756709098815918,0.9114682078361511,635.0631713867188,1.0,0.19228820502758026,70.0,40.14643859863281,145.8325958251953
139.5113067626953,10.016900062561035,17.50303077697754,2.629422903060913,858.7957763671875,160.6551055908203,6.820162773132324,79.47850799560547,419.7998046875,41.52016067504883,413.5450134277344,41.52016067504883,11.607749938964844,38.71051025390625,648.278076171875,24.835500717163086,-5.150629997253418,29.98613929748535,16.553510665893555,2.629422903060913,2132.0,2132.0,2132.0,0.5789024829864502,215.0,0.9385774731636047,655.3499755859375,262.9111022949219,5.3205461502075195,1.772871971130371,262.9111022949219,0.8819553852081299,655.3499755859375,1.0,0.0,57.0,31.790630340576172,138.49850463867188
105.3031005859375,6.911046981811523,14.08944034576416,0.4587230980396271,769.2235717773438,159.14840698242188,5.163679122924805,83.40418243408203,366.055908203125,32.6696891784668,363.8070983886719,32.6696891784668,11.113300323486328,39.9959716796875,573.647216796875,21.31580924987793,-6.4702677726745605,27.78607940673828,12.696120262145996,0.4587230980396271,2659.0,2659.0,2659.0,0.36294639110565186,182.0,0.9158840775489807,655.3499755859375,108.5895004272461,3.871920108795166,2.0,108.5895004272461,0.8700791001319885,546.8751831054688,1.0,0.0,65.0,39.96318054199219,154.72169494628906
125.94390106201172,6.9785637855529785,14.083589553833008,0.5978429913520813,787.652587890625,161.72760009765625,5.651001930236816,82.143798828125,371.801513671875,35.45941925048828,370.8463134765625,35.45941925048828,11.025130271911621,39.831390380859375,568.9130249023438,21.292770385742188,-6.3868408203125,27.679609298706055,13.096759796142578,0.5978429913520813,2933.0,2933.0,2933.0,0.43577519059181213,197.0,0.8993741869926453,655.3499755859375,28.39097023010254,4.712604999542236,2.0,961.7783813476562,0.8666157722473145,557.9208984375,1.0,0.0,45.0,27.713430404663086,162.35899353027344
94.12252044677734,8.77957820892334,16.1606502532959,1.5192619562149048,825.9879760742188,155.73829650878906,6.7631731033325195,78.59134674072266,385.6675109863281,40.726829528808594,385.59381103515625,40.726829528808594,11.3543701171875,38.520870208740234,635.22802734375,23.390939712524414,-6.085207939147949,29.476150512695312,16.096820831298828,1.5192619562149048,2318.0,2318.0,2318.0,0.49441981315612793,208.0,0.9218147993087769,655.3499755859375,262.9111022949219,4.953622817993164,0.6873108148574829,1460.5059814453125,0.8615767955780029,655.3499755859375,1.0,0.0,64.0,35.056640625,144.37969970703125
268.1549072265625,8.472891807556152,15.299559593200684,2.0901129245758057,804.018310546875,158.3446044921875,5.766148090362549,81.43911743164062,380.6559143066406,35.8366813659668,380.6559143066406,35.8366813659668,11.028690338134766,39.659969329833984,581.593994140625,22.40397071838379,-5.405097007751465,27.809070587158203,15.299559593200684,2.0901129245758057,2590.0,2590.0,2590.0,0.5104721784591675,213.0,0.9809250831604004,655.3499755859375,1361.5389404296875,5.325389862060547,0.22712770104408264,544.75537109375,0.9187546968460083,654.3411254882812,1.0,0.0,44.0,27.507160186767578,152.83970642089844
276.8940124511719,7.138607978820801,14.324609756469727,0.6185290813446045,767.2736206054688,159.44700622558594,5.081626892089844,83.11522674560547,365.1427917480469,32.25481033325195,362.6012878417969,32.25481033325195,11.20911979675293,40.314239501953125,576.706787109375,21.557849884033203,-6.2465338706970215,27.804380416870117,12.95635986328125,0.6185290813446045,2724.0,2724.0,2724.0,0.4456470012664795,196.0,0.9089773297309875,655.3499755859375,18.634260177612305,4.532643795013428,2.0,108.5895004272461,0.8781989812850952,552.698486328125,1.0,0.0,39.0,27.097700119018555,156.5821075439453
94.91972351074219,7.392857074737549,15.240449905395508,-0.03727748990058899,852.1384887695312,162.9138946533203,6.796617031097412,79.73597717285156,398.885009765625,40.44076919555664,398.885009765625,40.44076919555664,10.738750457763672,36.67420959472656,647.960693359375,22.064910888671875,-7.217681884765625,29.282590866088867,15.240449905395508,-0.03727748990058899,2467.0,2467.0,2467.0,0.3896923065185547,160.0,0.742259681224823,655.3499755859375,85.9138412475586,3.027435064315796,2.0,1995.916015625,0.7338746786117554,635.8450927734375,1.0,0.0,59.0,33.009429931640625,149.19009399414062
192.1027069091797,8.534217834472656,15.911120414733887,1.2961020469665527,823.1862182617188,157.5343017578125,6.609321117401123,79.0796127319336,384.36358642578125,39.895851135253906,384.0668029785156,39.895851135253906,11.347780227661133,38.50090026855469,634.1378784179688,23.163070678710938,-6.311704158782959,29.47477912902832,15.698089599609375,1.2961020469665527,2453.0,2453.0,2453.0,0.45340031385421753,203.0,0.8943942189216614,655.3499755859375,18.634260177612305,4.923995018005371,1.312688946723938,1637.7440185546875,0.8746042847633362,655.3499755859375,1.0,0.0,47.0,31.98788070678711,148.56129455566406
232.22659301757812,7.8401288986206055,14.995599746704102,0.9132118821144104,800.8563842773438,157.6710968017578,5.866416931152344,80.9690933227539,374.7196960449219,36.575531005859375,374.3113098144531,36.575531005859375,11.263090133666992,38.906639099121094,613.7777709960938,22.257490158081055,-6.690859794616699,28.94835090637207,14.700639724731445,0.9132118821144104,2806.0,2806.0,2806.0,0.3643721044063568,194.0,0.9284783005714417,655.3499755859375,300.4914855957031,4.434877872467041,1.0,1771.23095703125,0.8778203129768372,655.3123168945312,1.0,0.0,43.0,26.203290939331055,158.85670471191406
300.7839050292969,4.153531074523926,11.907449722290039,-3.129568099975586,838.298095703125,169.402099609375,5.699999809265137,82.65453338623047,393.7705078125,36.44002151489258,393.7705078125,36.44002151489258,10.52258014678955,36.8413200378418,636.8411254882812,18.715330123901367,-9.846586227416992,28.561920166015625,11.907449722290039,-3.129568099975586,3507.0,3507.0,3507.0,0.3258366882801056,169.0,0.7374444007873535,655.3499755859375,552.9708251953125,3.448406934738159,0.14907410740852356,970.8621826171875,0.8066856265068054,615.6889038085938,1.0,0.0,39.0,24.57611083984375,177.6490020751953
88.20197296142578,7.958077907562256,15.28162956237793,0.7869259715080261,814.993896484375,158.78439331054688,6.427516937255859,79.54163360595703,378.1836853027344,39.15375900268555,378.0780944824219,39.15375900268555,11.27731990814209,38.605499267578125,628.2996215820312,22.476600646972656,-6.735160827636719,29.211769104003906,15.240039825439453,0.7869259715080261,2649.0,2649.0,2649.0,0.4520963132381439,194.0,0.903008222579956,655.3499755859375,76.15714263916016,4.3902997970581055,0.9254630208015442,1988.2989501953125,0.8501155972480774,655.3499755859375,1.0,0.0,27.0,18.281959533691406,154.3625946044922
313.9335021972656,7.070919036865234,14.269820213317871,0.07858697324991226,803.5609741210938,159.8043975830078,5.962451934814453,80.70397186279297,372.5495910644531,37.330841064453125,371.68951416015625,37.330841064453125,11.18297004699707,38.76319122314453,615.3756713867188,21.464279174804688,-7.385523796081543,28.84980010986328,13.496489524841309,0.07858697324991226,2948.0,2948.0,2948.0,0.4438222050666809,193.0,0.831815779209137,655.3499755859375,1011.7570190429688,4.409526824951172,1.0,2451.323974609375,0.874739408493042,655.3499755859375,1.0,0.0,35.0,21.898420333862305,162.8769989013672
309.02069091796875,7.999590873718262,15.105250358581543,1.1404420137405396,794.3978271484375,156.85690307617188,5.665574073791504,81.5435791015625,371.7427978515625,35.28213882446289,371.6889953613281,35.28213882446289,11.311989784240723,39.208370208740234,609.1591186523438,22.38047981262207,-6.470595836639404,28.851070404052734,15.066340446472168,1.1404420137405396,2543.0,2543.0,2543.0,0.4647541046142578,209.0,0.8943341970443726,655.3499755859375,9.756709098815918,5.120248794555664,0.07453703880310059,1553.2679443359375,0.8895053863525391,655.3499755859375,1.0,0.0,46.0,30.407930374145508,151.34039306640625
292.493896484375,7.996453762054443,15.477629661560059,0.6501829028129578,822.6580200195312,161.08470153808594,6.199999809265137,81.08989715576172,388.13238525390625,37.21554946899414,388.13238525390625,37.21554946899414,11.248990058898926,38.28855895996094,640.4161987304688,22.53529930114746,-6.844130992889404,29.379430770874023,15.477629661560059,0.6501829028129578,2604.0,2604.0,2604.0,0.42391321063041687,195.0,0.857352077960968,655.3499755859375,164.08619689941406,4.644392013549805,0.6092571020126343,565.7514038085938,0.8472211956977844,655.3499755859375,1.0,0.0,46.0,24.041990280151367,153.09030151367188
183.4510040283203,7.610405921936035,14.752860069274902,0.695875883102417,795.8673706054688,157.2187957763672,5.6569437980651855,81.46215057373047,371.2608947753906,35.79167938232422,371.0541076660156,35.79167938232422,11.318289756774902,39.17985153198242,612.2778930664062,22.013580322265625,-6.873812198638916,28.88739013671875,14.322030067443848,0.695875883102417,2701.0,2701.0,2701.0,0.41011738777160645,196.0,0.940910279750824,655.3499755859375,414.0862121582031,4.5135321617126465,0.6953713893890381,1730.6719970703125,0.9071925282478333,655.3499755859375,1.0,0.0,49.0,31.05875015258789,155.96359252929688
95.78620910644531,8.149673461914062,15.57174015045166,0.8522294163703918,819.7055053710938,159.08670043945312,6.150875091552734,80.66835021972656,385.2134094238281,38.51380157470703,385.2069091796875,38.51380157470703,11.328240394592285,38.51906967163086,637.1392211914062,22.679529190063477,-6.729519844055176,29.40904998779297,15.543490409851074,0.8522294163703918,2330.0,2330.0,2330.0,0.54096919298172,213.0,0.8976348042488098,655.3499755859375,76.15714263916016,5.216839790344238,2.0,221.60899353027344,0.8643540740013123,655.3499755859375,1.0,0.0,53.0,30.804920196533203,144.89889526367188
67.613037109375,6.727309226989746,13.84103012084961,-0.1584147959947586,806.4572143554688,160.6875,5.989211082458496,81.10209655761719,374.27740478515625,37.04961013793945,373.5747985839844,37.04961013793945,11.27256965637207,39.41400146484375,609.00537109375,21.00864028930664,-7.591786861419678,28.60042953491211,13.087900161743164,-0.1584147959947586,2886.0,2886.0,2886.0,0.4354858100414276,205.0,0.8620070815086365,655.3499755859375,721.6090087890625,4.927666187286377,0.8864361047744751,2287.3759765625,0.855232298374176,655.3499755859375,1.0,0.0,45.0,27.851259231567383,161.17880249023438
250.35659790039062,6.738241195678711,13.80167007446289,-0.011119499802589417,803.555419921875,160.85609436035156,5.97012186050415,81.12696075439453,373.62548828125,37.15375900268555,372.0599060058594,37.15375900268555,11.276880264282227,39.73814010620117,601.459716796875,20.861469268798828,-7.51676082611084,28.37822914123535,13.086620330810547,-0.011119499802589417,2821.0,2821.0,2821.0,0.40507620573043823,201.0,0.9052761197090149,655.3499755859375,1359.468994140625,4.674620151519775,0.9609730839729309,1875.925048828125,0.8775001764297485,655.3499755859375,1.0,0.0,58.0,39.38385009765625,159.4373016357422
300.293701171875,9.115803718566895,16.30821990966797,2.0005290508270264,829.561279296875,160.0789031982422,6.099999904632568,81.20130157470703,398.7130126953125,38.414981842041016,395.93280029296875,38.414981842041016,11.941149711608887,39.8288688659668,630.0700073242188,23.66192054748535,-6.320368766784668,29.982290267944336,15.8164701461792,2.0005290508270264,2367.0,2367.0,2367.0,0.39577969908714294,203.0,0.9242376089096069,655.3499755859375,1026.2540283203125,4.87880802154541,0.6092571020126343,1008.8670043945312,0.9020130038261414,655.3499755859375,1.0,0.0,60.0,37.633758544921875,145.88409423828125
130.5968017578125,7.425049781799316,14.438830375671387,0.7962396740913391,798.8239135742188,159.3686981201172,5.887071132659912,81.36131286621094,371.7218017578125,36.83613967895508,370.96270751953125,36.83613967895508,11.336409568786621,39.9800910949707,597.4390869140625,21.533069610595703,-6.822290897369385,28.35536003112793,13.775199890136719,0.7962396740913391,2968.0,2968.0,2968.0,0.5313484072685242,202.0,0.8607088923454285,655.3499755859375,1549.5570068359375,4.644614219665527,0.03902683034539223,979.6600952148438,0.8703196048736572,640.1945190429688,1.0,0.0,48.0,30.654380798339844,163.3905029296875
341.09600830078125,8.221723556518555,15.377559661865234,1.276769995689392,807.9931030273438,158.1490936279297,6.056289196014404,80.64546966552734,377.79681396484375,38.01483154296875,377.79681396484375,38.01483154296875,11.57588005065918,39.80747985839844,616.2230834960938,22.574190139770508,-6.5053839683532715,29.079570770263672,15.377559661865234,1.276769995689392,2435.0,2435.0,2435.0,0.5262103080749512,213.0,0.9377943873405457,655.3499755859375,471.6090087890625,5.31922721862793,0.8363847732543945,2611.672119140625,0.8945441246032715,655.3499755859375,1.0,0.0,49.0,30.720930099487305,148.07130432128906
307.1055908203125,10.035840034484863,17.251779556274414,2.97999906539917,842.9871826171875,161.19149780273438,6.022778034210205,81.33075714111328,415.752197265625,38.652320861816406,408.756103515625,38.652320861816406,12.270350456237793,40.24726867675781,633.4072875976562,24.76123046875,-5.725615978240967,30.48685073852539,16.535310745239258,2.97999906539917,2079.0,2079.0,2079.0,0.5250269174575806,211.0,0.9419888257980347,655.3499755859375,676.4755249023438,5.266989231109619,0.6092571020126343,676.4755249023438,0.9114074110984802,655.3499755859375,1.0,0.0,50.0,29.549360275268555,136.72470092773438
34.527130126953125,7.667203903198242,14.678500175476074,0.97152179479599,809.77490234375,160.70849609375,5.997369766235352,80.75729370117188,377.23980712890625,38.073699951171875,377.23980712890625,38.073699951171875,11.488679885864258,40.21897888183594,599.9578857421875,21.831010818481445,-6.73435115814209,28.565359115600586,14.678500175476074,0.97152179479599,2770.0,2770.0,2770.0,0.435357004404068,204.0,0.9031051993370056,655.3499755859375,221.60899353027344,4.8483967781066895,0.6563447117805481,1403.41796875,0.8945273160934448,649.628173828125,1.0,0.0,45.0,28.268840789794922,157.86180114746094
305.9302062988281,10.69301986694336,18.05558967590332,3.868577003479004,849.4849243164062,160.52369689941406,5.900000095367432,81.6865234375,420.72540283203125,39.018680572509766,416.5758056640625,39.018680572509766,11.688509941101074,39.62002944946289,619.9083251953125,25.472700119018555,-4.029469013214111,29.50217056274414,17.091989517211914,3.868577003479004,1998.0,1998.0,1998.0,0.42077401280403137,204.0,0.8845205903053284,655.3499755859375,338.63909912109375,4.870089054107666,0.07453703880310059,343.0380859375,0.8500475883483887,651.1812133789062,1.0,0.747503399848938,48.0,31.53829002380371,134.14410400390625
253.9217071533203,9.973423957824707,16.97842025756836,3.264302968978882,849.8289794921875,161.4832000732422,6.47993278503418,79.37774658203125,406.318115234375,41.89842987060547,403.13519287109375,41.89842987060547,12.35204029083252,41.13710021972656,610.6740112304688,24.45400047302246,-5.574285984039307,30.02828025817871,16.311649322509766,3.264302968978882,2273.0,2273.0,2273.0,0.3524666130542755,188.0,0.8280395865440369,655.3499755859375,181.5614013671875,4.284307956695557,1.8509260416030884,1497.2879638671875,0.8782045245170593,655.3499755859375,1.0,0.0,62.0,34.89828872680664,143.08059692382812
298.77020263671875,10.12279987335205,17.071989059448242,3.434659004211426,876.2197875976562,167.09800720214844,7.045745849609375,78.92481994628906,423.7088928222656,43.77014923095703,415.4407958984375,43.77014923095703,12.338979721069336,41.65542984008789,604.4094848632812,24.540260314941406,-5.086381912231445,29.62664031982422,16.27850914001465,3.434659004211426,2516.0,2516.0,2516.0,0.27710849046707153,165.0,0.8455678820610046,655.3499755859375,664.086181640625,3.5581231117248535,2.0,1766.1419677734375,0.8398851156234741,640.1829223632812,1.0,0.0,43.0,27.452869415283203,150.4217987060547
116.22440338134766,8.723191261291504,15.786430358886719,1.8864519596099854,802.1057739257812,156.06919860839844,5.617934226989746,80.87117004394531,376.4732971191406,37.04180908203125,375.9942932128906,37.04180908203125,11.89052963256836,40.43965148925781,612.968017578125,23.10491943359375,-6.298048973083496,29.402969360351562,15.494939804077148,1.8864519596099854,2406.0,2406.0,2406.0,0.5512164235115051,217.0,0.9418687224388123,655.3499755859375,879.3245239257812,5.5381622314453125,2.0,1533.262939453125,0.9038326740264893,655.3499755859375,1.0,0.0,16.0,9.609396934509277,147.09669494628906
203.10350036621094,9.535893440246582,16.34515953063965,3.051203966140747,862.6232299804688,164.8444061279297,6.970818996429443,78.24967956542969,405.90521240234375,43.61246109008789,401.9411926269531,43.61246109008789,12.267120361328125,42.1444091796875,589.0499267578125,23.740009307861328,-5.367331027984619,29.10733985900879,15.632980346679688,3.051203966140747,2676.0,2676.0,2676.0,0.30114129185676575,141.0,0.7459889054298401,655.3499755859375,640.7777709960938,2.4130780696868896,2.0,2085.9140625,0.8216466903686523,560.890380859375,1.0,0.0,69.0,41.06853103637695,155.14370727539062
95.95893096923828,0.9861999750137329,8.191329002380371,-5.4862799644470215,818.8759155273438,169.47320556640625,4.8297648429870605,84.22576904296875,391.3398132324219,34.42741012573242,391.0202941894531,34.42741012573242,10.731639862060547,40.13277053833008,578.7811279296875,14.890250205993652,-11.8502197265625,26.74047088623047,7.775115966796875,-5.4862799644470215,3612.0,3612.0,3612.0,0.24596470594406128,110.0,0.4854196012020111,535.0471801757812,471.6090087890625,1.5567020177841187,2.0,2018.074951171875,0.615908682346344,275.4169006347656,1.0,0.0,41.0,27.024669647216797,180.2322998046875
305.93670654296875,11.12228012084961,18.34811019897461,4.110863208770752,901.4036254882812,170.6707000732422,7.0,80.11741638183594,454.4413146972656,43.65549850463867,440.7948913574219,43.65549850463867,12.35042953491211,40.817440032958984,629.6099853515625,25.859819412231445,-4.397735118865967,30.25756072998047,17.467500686645508,4.110863208770752,1830.0,1830.0,1830.0,0.32412779331207275,137.0,0.644048810005188,655.3499755859375,164.08619689941406,2.2851409912109375,2.0,1912.18896484375,0.716759204864502,530.4005737304688,1.0,0.0,75.0,40.85165023803711,128.41299438476562
320.66778564453125,9.799378395080566,16.74135971069336,3.4911160469055176,827.182373046875,160.09869384765625,5.900000095367432,80.97315216064453,393.9115905761719,38.740238189697266,392.2420959472656,38.740238189697266,12.009679794311523,41.384578704833984,591.1259765625,23.820600509643555,-5.199267864227295,29.01987075805664,16.09756088256836,3.4911160469055176,2486.0,2486.0,2486.0,0.49290528893470764,210.0,0.896614670753479,655.3499755859375,414.0862121582031,5.251550197601318,0.6873108148574829,1444.9510498046875,0.9266787767410278,655.3499755859375,1.0,0.0,59.0,33.636470794677734,149.5272979736328
131.67669677734375,8.44649600982666,15.943260192871094,1.4976660013198853,821.6812133789062,161.91050720214844,5.827538013458252,80.45208740234375,386.9433898925781,38.39352035522461,385.94879150390625,38.39352035522461,11.316140174865723,38.96268081665039,621.151123046875,23.20886993408203,-5.833242893218994,29.042110443115234,15.562509536743164,1.4976660013198853,2477.0,2477.0,2477.0,0.4061998128890991,184.0,0.8910654187202454,655.3499755859375,964.1740112304688,3.9762160778045654,0.14907410740852356,964.1740112304688,0.8359761834144592,632.3131103515625,1.0,0.0,76.0,44.69403076171875,149.37570190429688
336.2301025390625,7.162906169891357,13.955349922180176,0.8886148929595947,829.1135864257812,165.22509765625,5.948412895202637,80.44288635253906,382.40771484375,39.80929946899414,382.0650939941406,39.80929946899414,11.78264045715332,41.48292922973633,577.9661865234375,21.029239654541016,-7.374608039855957,28.403850555419922,13.353260040283203,0.8886148929595947,3020.0,3020.0,3020.0,0.291207492351532,165.0,0.8509442210197449,655.3499755859375,492.02801513671875,3.2593610286712646,1.0,2443.760986328125,0.8765196204185486,644.0953979492188,1.0,0.0,54.0,32.0843505859375,164.80670166015625
180.74270629882812,9.431215286254883,16.98539924621582,2.3344409465789795,829.7548217773438,160.21319580078125,5.856147766113281,80.67764282226562,398.2981872558594,38.784278869628906,395.3335876464844,38.784278869628906,11.57295036315918,39.14781951904297,636.2520141601562,24.28544044494629,-5.274098873138428,29.559539794921875,16.450529098510742,2.3344409465789795,2544.0,2544.0,2544.0,0.40243759751319885,178.0,0.878229022026062,655.3499755859375,835.913818359375,3.745603084564209,1.9219460487365723,835.913818359375,0.8038675785064697,636.2973022460938,1.0,0.0,74.0,39.11296081542969,151.23179626464844
138.1923065185547,9.680383682250977,17.17470932006836,2.5639939308166504,829.7216796875,159.20449829101562,5.855008125305176,80.99556732177734,401.7478942871094,38.83953094482422,397.95001220703125,38.83953094482422,11.733670234680176,39.34524917602539,640.2697143554688,24.509540557861328,-5.310286998748779,29.8198299407959,16.65251922607422,2.5639939308166504,2353.0,2353.0,2353.0,0.5079929232597351,194.0,0.9132838249206543,655.3499755859375,630.9349975585938,4.299036026000977,1.312688946723938,632.60888671875,0.8562613129615784,655.0620727539062,1.0,0.0,35.0,23.225830078125,145.53460693359375
298.0364074707031,8.866284370422363,15.90863037109375,2.050062894821167,799.7974853515625,155.4326934814453,5.601787090301514,81.20082092285156,375.79180908203125,36.42272186279297,374.6820068359375,36.42272186279297,12.050350189208984,40.69894027709961,613.1168212890625,23.276729583740234,-6.331532955169678,29.608259201049805,15.057029724121094,2.050062894821167,2594.0,2594.0,2594.0,0.5240442752838135,212.0,0.9411923289299011,655.3499755859375,414.1402893066406,5.269280910491943,2.0,1113.616943359375,0.9008141160011292,655.3499755859375,1.0,0.0,46.0,30.77573013305664,152.6696014404297
236.70599365234375,9.311450004577637,16.59040069580078,2.2217040061950684,869.4849853515625,165.08599853515625,6.662723064422607,79.14488220214844,413.3357849121094,42.5176887512207,411.01580810546875,42.5176887512207,11.679550170898438,40.00075149536133,621.1343994140625,23.77947998046875,-5.416879177093506,29.196359634399414,16.052579879760742,2.2217040061950684,2288.0,2288.0,2288.0,0.34018468856811523,138.0,0.6916753053665161,655.3499755859375,155.20860290527344,2.186898946762085,2.0,2789.93310546875,0.729608416557312,520.068603515625,1.0,0.0,72.0,39.47597122192383,143.5605010986328
57.740150451660156,10.280229568481445,17.26042938232422,3.65139102935791,819.1959838867188,157.83189392089844,5.86623477935791,81.55661010742188,397.9797058105469,37.46366882324219,393.7485046386719,37.46366882324219,12.291119575500488,41.13420104980469,609.1846923828125,24.700849533081055,-5.179990768432617,29.880840301513672,16.58639907836914,3.65139102935791,2218.0,2218.0,2218.0,0.5359063148498535,217.0,0.9382820725440979,655.3499755859375,632.7592163085938,5.412206172943115,0.8363847732543945,300.4914855957031,0.9068508148193359,655.3499755859375,1.0,0.0,59.0,35.77568817138672,141.25399780273438
128.27200317382812,9.844182968139648,17.216720581054688,2.734739065170288,823.3167114257812,158.3759002685547,5.800000190734863,81.43711853027344,400.8299865722656,37.178409576416016,396.4352111816406,37.178409576416016,12.00115966796875,39.78020095825195,640.572021484375,24.643169403076172,-5.523950099945068,30.1671199798584,16.526220321655273,2.734739065170288,2162.0,2162.0,2162.0,0.5111907124519348,180.0,0.8061828017234802,655.3499755859375,408.4248962402344,3.7375741004943848,1.1636149883270264,386.4053039550781,0.8341478109359741,609.0576782226562,1.0,0.0,109.0,54.17374038696289,139.8582000732422
277.8913879394531,8.390536308288574,15.13263988494873,2.245126962661743,822.131103515625,161.89329528808594,5.900000095367432,80.6391372680664,381.6861877441406,39.71113967895508,381.6123962402344,39.71113967895508,11.811280250549316,41.79106903076172,573.5410766601562,22.138090133666992,-6.124820232391357,28.262910842895508,15.03419017791748,2.245126962661743,2878.0,2878.0,2878.0,0.3473004996776581,194.0,0.8679044842720032,655.3499755859375,408.4248962402344,4.3641462326049805,0.6953713893890381,1199.64794921875,0.8781862854957581,653.67626953125,1.0,0.0,37.0,25.724199295043945,161.06610107421875
225.7322998046875,8.198525428771973,15.526009559631348,1.0794010162353516,799.460693359375,157.30889892578125,5.78226900100708,80.8086929321289,372.8844909667969,37.319881439208984,372.5679931640625,37.319881439208984,11.624950408935547,39.22489929199219,633.1130981445312,22.763389587402344,-6.871650218963623,29.635040283203125,15.248120307922363,1.0794010162353516,2608.0,2608.0,2608.0,0.438630610704422,186.0,0.8323345184326172,655.3499755859375,513.6641235351562,4.039851188659668,1.8509260416030884,637.1580810546875,0.8149750828742981,626.4265747070312,1.0,0.0,45.0,26.45343017578125,153.08689880371094
286.035888671875,10.633910179138184,17.456249237060547,4.432338237762451,841.007080078125,161.87139892578125,5.8241047859191895,81.16053771972656,407.9093933105469,39.57197189331055,403.5603942871094,39.57197189331055,12.106229782104492,41.821189880371094,585.1859741210938,24.719980239868164,-4.227664947509766,28.947650909423828,16.78495979309082,4.432338237762451,2151.0,2151.0,2151.0,0.5246965289115906,212.0,0.8973878026008606,655.3499755859375,262.9111022949219,5.290747165679932,2.0,164.08619689941406,0.879656195640564,655.3499755859375,1.0,0.12030649930238724,48.0,30.047809600830078,139.2021026611328
314.6846923828125,8.101607322692871,15.838399887084961,0.8648151159286499,791.8914184570312,157.43890380859375,5.282258033752441,81.9212417602539,372.33441162109375,36.706748962402344,372.32989501953125,36.706748962402344,10.995829582214355,37.5918083190918,641.2562866210938,23.03618049621582,-6.214613914489746,29.250789642333984,15.831629753112793,0.8648151159286499,2398.0,2398.0,2398.0,0.3612622022628784,195.0,0.3077056109905243,655.3499755859375,337.32269287109375,4.493711948394775,0.8363847732543945,2574.513916015625,0.8490849733352661,587.6553955078125,1.0,0.0,48.0,29.02075958251953,146.78610229492188
151.43060302734375,7.206514835357666,14.839280128479004,0.07889305800199509,792.8839721679688,160.164794921875,5.545866012573242,81.60357666015625,369.14581298828125,37.1999397277832,368.1138000488281,37.1999397277832,10.69894027709961,37.32096862792969,629.3212890625,21.850709915161133,-6.816647052764893,28.667360305786133,14.149689674377441,0.07889305800199509,2598.0,2598.0,2598.0,0.4536021053791046,193.0,0.8299962282180786,655.3499755859375,281.5452880859375,4.323357105255127,2.0,3127.93896484375,0.8489456176757812,582.4932250976562,1.0,0.0,58.0,35.2227897644043,152.79859924316406
272.4466857910156,12.03573989868164,18.77223014831543,5.87272310256958,920.0427856445312,178.42320251464844,7.599999904632568,79.42414093017578,459.79681396484375,45.673038482666016,441.1946105957031,45.673038482666016,11.701519966125488,41.69293975830078,583.57080078125,25.431310653686523,-2.634622097015381,28.065929412841797,18.214590072631836,5.87272310256958,2170.0,2170.0,2170.0,0.333252489566803,175.0,0.939452588558197,655.3499755859375,1190.23095703125,3.26883602142334,2.0,221.60899353027344,0.8285022974014282,655.3499755859375,1.0,0.0,57.0,35.46480178833008,139.7534942626953
209.5782012939453,9.470704078674316,16.179750442504883,3.2085471153259277,827.1561889648438,160.2572021484375,5.800000190734863,80.7931137084961,389.8121032714844,38.89801025390625,389.3645935058594,38.89801025390625,12.04047966003418,41.82863998413086,580.2155151367188,23.462060928344727,-5.323068141937256,28.78512954711914,15.865989685058594,3.2085471153259277,2588.0,2588.0,2588.0,0.4645453989505768,211.0,0.9406561255455017,655.3499755859375,835.913818359375,5.2137298583984375,1.772871971130371,335.9137878417969,0.8911141157150269,655.3499755859375,1.0,0.0,44.0,25.914609909057617,152.56350708007812
58.98210906982422,7.804451942443848,14.59805965423584,1.2914650440216064,818.802978515625,162.17430114746094,5.800000190734863,81.08052062988281,378.8125915527344,38.900001525878906,378.7130126953125,38.900001525878906,11.778109550476074,41.071388244628906,586.8994140625,21.85618019104004,-6.821956157684326,28.678129196166992,14.359169960021973,1.2914650440216064,2722.0,2722.0,2722.0,0.4040775001049042,202.0,0.8571076989173889,655.3499755859375,164.08619689941406,4.94085693359375,0.22712770104408264,835.913818359375,0.8678063750267029,651.6248779296875,1.0,0.0,56.0,33.90998077392578,156.45050048828125
212.86390686035156,10.605690002441406,17.932430267333984,3.5824360847473145,835.1129760742188,160.4376983642578,5.699999809265137,81.11334991455078,411.310791015625,38.97315979003906,403.8981018066406,38.97315979003906,12.043089866638184,40.20615005493164,631.5302734375,25.510189056396484,-4.444640159606934,29.95482063293457,16.982149124145508,3.5824360847473145,2154.0,2154.0,2154.0,0.5383068919181824,203.0,0.8929011821746826,655.3499755859375,514.1555786132812,4.667802810668945,1.1636149883270264,164.08619689941406,0.8756611943244934,655.3499755859375,1.0,0.1630585938692093,66.0,38.552860260009766,139.14210510253906
243.88290405273438,10.000140190124512,17.801589965820312,2.560007095336914,822.2783813476562,157.2220001220703,5.622497081756592,80.7922134399414,399.37701416015625,38.64847183227539,395.164306640625,38.64847183227539,11.557259559631348,38.20695114135742,661.5728149414062,25.12796974182129,-5.121761798858643,30.24972915649414,16.9287109375,2.560007095336914,2328.0,2328.0,2328.0,0.49840959906578064,211.0,0.9051163792610168,655.3499755859375,794.5695190429688,5.192698955535889,0.34365540742874146,300.4914855957031,0.9011523723602295,655.3499755859375,1.0,0.0,60.0,36.333290100097656,144.84609985351562
150.69180297851562,12.592379570007324,19.554359436035156,6.178140163421631,939.5958251953125,181.83770751953125,7.597017765045166,80.49683380126953,484.16839599609375,45.998390197753906,460.185302734375,45.998390197753906,12.070019721984863,41.67620086669922,597.9879760742188,26.506460189819336,-2.454893112182617,28.961360931396484,18.885709762573242,6.178140163421631,1873.0,1873.0,1873.0,0.48793819546699524,195.0,0.9541547894477844,655.3499755859375,432.7745056152344,4.321609020233154,0.3046286106109619,572.847412109375,0.8709996938705444,655.3499755859375,1.0,0.0,38.0,27.957679748535156,129.76950073242188
87.82034301757812,6.770587921142578,14.620619773864746,-0.6170716285705566,783.4909057617188,158.9208984375,5.171813011169434,81.52320098876953,363.7207946777344,36.370330810546875,360.5043029785156,36.370330810546875,10.647480010986328,36.404991149902344,649.8922729492188,21.459869384765625,-7.78539514541626,29.245269775390625,13.631819725036621,-0.6170716285705566,3022.0,3022.0,3022.0,0.35480400919914246,179.0,0.8225796222686768,655.3499755859375,971.6090087890625,3.8322970867156982,2.0,1949.8800048828125,0.8469905257225037,548.7578125,1.0,0.0,82.0,39.97774124145508,164.94200134277344
181.23590087890625,10.910980224609375,18.094579696655273,4.298878192901611,895.0596923828125,174.14840698242188,7.0,78.93614196777344,438.31768798828125,44.63241958618164,422.7694091796875,44.63241958618164,12.207839965820312,41.24435043334961,607.0712280273438,25.2320499420166,-4.36681604385376,29.598859786987305,17.33247947692871,4.298878192901611,2206.0,2206.0,2206.0,0.42835110425949097,189.0,0.9409667253494263,655.3499755859375,445.2561950683594,4.044474124908447,0.6873108148574829,1651.6519775390625,0.8652995228767395,655.3499755859375,1.0,0.0,40.0,23.351329803466797,140.8238067626953
246.68260192871094,9.256600379943848,16.11271095275879,2.7108709812164307,824.4268188476562,160.28709411621094,5.752392768859863,80.7314224243164,388.4845886230469,38.85239028930664,386.7160949707031,38.85239028930664,11.948780059814453,41.112030029296875,594.2374877929688,23.429649353027344,-5.634337902069092,29.063980102539062,15.40701961517334,2.7108709812164307,2351.0,2351.0,2351.0,0.5996785163879395,216.0,0.939275324344635,655.3499755859375,108.5895004272461,5.483755111694336,1.9219460487365723,337.32269287109375,0.9013679027557373,655.3499755859375,1.0,0.0,21.0,14.224370002746582,145.47450256347656
49.68840026855469,8.071109771728516,15.944519996643066,0.5754820108413696,789.7758178710938,157.1143035888672,5.222343921661377,81.17830657958984,369.8725891113281,36.83753967285156,367.69439697265625,36.83753967285156,10.950920104980469,36.87171173095703,659.600830078125,22.93769073486328,-6.759244918823242,29.69693946838379,14.972539901733398,0.5754820108413696,2351.0,2351.0,2351.0,0.42578619718551636,188.0,0.8042445778846741,655.3499755859375,221.60899353027344,4.179790019989014,2.0,1062.5250244140625,0.8411793112754822,618.9033203125,1.0,0.0,108.0,53.66157150268555,144.75880432128906
274.6653137207031,11.865099906921387,18.996429443359375,5.219915866851807,925.8853149414062,180.38099670410156,7.5,80.0402603149414,470.5437927246094,45.152549743652344,448.2130126953125,45.152549743652344,12.315320014953613,41.75870132446289,609.361572265625,26.15757942199707,-3.3340039253234863,29.491579055786133,18.245759963989258,5.219915866851807,1916.0,1916.0,1916.0,0.3979513943195343,199.0,0.9382501244544983,655.3499755859375,278.3909912109375,4.509452819824219,0.6092571020126343,278.3909912109375,0.8781095743179321,655.3499755859375,1.0,0.0,39.0,24.771739959716797,131.3040008544922
110.7959976196289,9.213955879211426,15.910120010375977,2.9125471115112305,823.2139892578125,160.0552978515625,5.699999809265137,80.11640167236328,383.510498046875,39.73752975463867,383.3219909667969,39.73752975463867,11.944270133972168,41.71961975097656,580.4625244140625,23.14743995666504,-5.482783794403076,28.630229949951172,15.857430458068848,2.9125471115112305,2440.0,2440.0,2440.0,0.5178616046905518,214.0,0.9162724018096924,655.3499755859375,408.4248962402344,5.399956226348877,1.1636149883270264,588.814697265625,0.8889803886413574,655.3499755859375,1.0,0.0,33.0,23.032390594482422,148.1842041015625
237.6197052001953,10.834989547729492,17.91533088684082,4.16393518447876,909.8546752929688,177.25950622558594,7.5,78.55657958984375,446.4382019042969,46.123939514160156,429.243408203125,46.123939514160156,12.267800331115723,41.607730865478516,604.6226196289062,25.07122039794922,-4.414291858673096,29.485509872436523,17.1430606842041,4.16393518447876,2319.0,2319.0,2319.0,0.3430590033531189,178.0,0.9360129833221436,655.3499755859375,971.6090087890625,3.354841947555542,0.8864361047744751,1326.8349609375,0.8272973895072937,655.3499755859375,1.0,0.0,33.0,22.714569091796875,144.4365997314453
126.17400360107422,9.560656547546387,16.4725399017334,3.1467649936676025,821.1094970703125,158.72369384765625,6.099999904632568,79.59455871582031,383.65948486328125,40.48373031616211,382.70001220703125,40.48373031616211,11.409339904785156,40.53007125854492,583.7166748046875,23.634130477905273,-4.515398025512695,28.149520874023438,16.27519989013672,3.1467649936676025,2213.0,2213.0,2213.0,0.5172935724258423,208.0,0.9200953245162964,655.3499755859375,108.5895004272461,5.003737926483154,2.0,221.60899353027344,0.8521379828453064,655.3499755859375,1.0,0.0,41.0,24.746309280395508,141.05979919433594
292.5797119140625,7.720879077911377,14.894840240478516,0.7441887259483337,817.1649169921875,161.6865997314453,5.603065013885498,81.05661010742188,378.6814880371094,38.70833969116211,377.92840576171875,38.70833969116211,11.401860237121582,39.27429962158203,615.0225219726562,22.084339141845703,-6.945159912109375,29.029510498046875,14.229109764099121,0.7441887259483337,2745.0,2745.0,2745.0,0.429840087890625,197.0,0.8962547779083252,655.3499755859375,745.8656005859375,4.474571228027344,0.41819238662719727,732.5040283203125,0.8935605883598328,655.3499755859375,1.0,0.0,51.0,33.57577133178711,157.2606964111328
278.1968078613281,9.542448997497559,17.401880264282227,1.9826769828796387,812.8244018554688,156.93299865722656,5.549405097961426,80.95440673828125,388.3478088378906,38.360748291015625,386.49798583984375,38.360748291015625,11.327810287475586,37.48112106323242,666.6917114257812,24.6533203125,-5.573645114898682,30.226959228515625,16.89389991760254,1.9826769828796387,2214.0,2214.0,2214.0,0.47632500529289246,207.0,0.9350386261940002,655.3499755859375,18.634260177612305,4.978662014007568,2.0,76.15714263916016,0.8918913006782532,655.3499755859375,1.0,0.0,53.0,33.95587158203125,141.2281036376953
216.63760375976562,9.620338439941406,16.543760299682617,3.2006421089172363,824.8884887695312,160.3592987060547,6.099999904632568,80.0456771850586,387.88848876953125,40.29999923706055,385.934814453125,40.29999923706055,11.394789695739746,40.349029541015625,584.9512939453125,23.720849990844727,-4.517977237701416,28.23883056640625,16.028409957885742,3.2006421089172363,2490.0,2490.0,2490.0,0.5561826229095459,215.0,0.9029052257537842,655.3499755859375,300.4914855957031,5.429750919342041,0.8363847732543945,1536.708984375,0.8851531744003296,655.3499755859375,1.0,0.0,51.0,31.58769989013672,149.6291961669922
311.7594909667969,7.119391918182373,15.31704044342041,-0.6191806793212891,773.7028198242188,157.19949340820312,5.158102035522461,81.8208236694336,361.5379943847656,36.512149810791016,358.57598876953125,36.512149810791016,10.241189956665039,34.25191116333008,685.0233154296875,21.81093978881836,-8.088374137878418,29.899309158325195,14.112019538879395,-0.6191806793212891,2444.0,2444.0,2444.0,0.369735985994339,183.0,0.8571599721908569,655.3499755859375,317.9667053222656,3.9410200119018555,0.6873108148574829,181.5614013671875,0.8810164928436279,578.609619140625,1.0,0.0,54.0,35.66209030151367,148.24899291992188
293.3680114746094,6.630300998687744,14.989020347595215,-1.1243560314178467,764.5031127929688,155.9656982421875,4.85223388671875,81.94136047363281,356.1145935058594,35.459381103515625,353.37750244140625,35.459381103515625,9.917724609375,33.321048736572266,694.52001953125,21.106019973754883,-8.658382415771484,29.764400482177734,13.810870170593262,-1.1243560314178467,2872.0,2872.0,2872.0,0.3525382876396179,174.0,0.8110355138778687,655.3499755859375,145.451904296875,3.5282089710235596,1.1636149883270264,164.08619689941406,0.8636080026626587,553.1605834960938,1.0,0.0,50.0,28.410369873046875,160.70159912109375
143.27310180664062,8.062021255493164,15.051230430603027,1.6586170196533203,815.5797119140625,162.1201934814453,5.91008996963501,79.7175064086914,374.389892578125,40.11008834838867,372.77490234375,40.11008834838867,10.939979553222656,39.321128845214844,577.8701782226562,22.080829620361328,-5.740097999572754,27.82093048095703,14.164649963378906,1.6586170196533203,2838.0,2838.0,2838.0,0.3367084860801697,177.0,0.9154043793678284,655.3499755859375,1154.8289794921875,3.5035650730133057,1.0,427.27789306640625,0.825977087020874,626.7255249023438,1.0,0.0,83.0,44.579750061035156,160.10589599609375
206.97760009765625,7.18042516708374,14.310480117797852,0.4973564147949219,815.392578125,164.65139770507812,5.583098888397217,80.4171371459961,375.6055908203125,39.50722885131836,373.3020935058594,39.50722885131836,10.977399826049805,38.99092102050781,591.5297241210938,21.43876075744629,-6.715760231018066,28.15452003479004,13.239689826965332,0.4973564147949219,2695.0,2695.0,2695.0,0.366721510887146,181.0,0.7843418717384338,655.3499755859375,259.7567138671875,3.7878971099853516,2.0,736.2708740234375,0.7744351029396057,590.9885864257812,1.0,0.0,74.0,43.906551361083984,155.8708038330078
260.2818908691406,9.517243385314941,17.61517906188965,1.8278759717941284,810.4711303710938,157.38150024414062,5.38978385925293,81.29863739013672,392.2662048339844,37.763118743896484,387.51348876953125,37.763118743896484,11.056730270385742,36.11996078491211,682.4127197265625,24.72024917602539,-5.890440940856934,30.610700607299805,16.898780822753906,1.8278759717941284,2112.0,2112.0,2112.0,0.5423036813735962,214.0,0.8695979714393616,655.3499755859375,301.32391357421875,5.305777072906494,0.8363847732543945,9.756709098815918,0.9026728272438049,654.051513671875,1.0,0.0,48.0,31.148250579833984,137.80349731445312
300.5802917480469,5.128497123718262,12.885910034179688,-2.2482309341430664,822.5880126953125,167.39810180664062,5.231040954589844,82.54769897460938,380.6340026855469,37.48691940307617,378.7934875488281,37.48691940307617,10.478650093078613,36.189918518066406,646.5806274414062,19.572959899902344,-9.3814697265625,28.954429626464844,11.709059715270996,-2.2482309341430664,3152.0,3152.0,3152.0,0.31552809476852417,175.0,0.8441290855407715,655.3499755859375,771.9686279296875,3.6127970218658447,1.1636149883270264,1285.9110107421875,0.865454375743866,655.3499755859375,0.0,0.0,56.0,34.03144836425781,168.4342041015625
124.08540344238281,8.3302640914917,15.364080429077148,1.3582769632339478,871.919921875,171.2926025390625,6.900000095367432,78.09095764160156,404.2744140625,44.60816955566406,396.1221008300781,44.60816955566406,12.070369720458984,40.53889083862305,608.6279907226562,22.701780319213867,-7.072967052459717,29.774749755859375,14.57133960723877,1.3582769632339478,2434.0,2434.0,2434.0,0.3226746916770935,161.0,0.8573632836341858,655.3499755859375,221.60899353027344,2.8716979026794434,2.0,1862.1739501953125,0.7979698181152344,655.3499755859375,1.0,0.0,51.0,30.913820266723633,148.11050415039062
163.53610229492188,10.396679878234863,17.51612091064453,3.4170970916748047,904.731201171875,176.25579833984375,6.979938983917236,79.31746673583984,445.1701965332031,44.5,429.5736083984375,44.5,12.331649780273438,40.883399963378906,616.60107421875,24.967880249023438,-5.194901943206787,30.16278076171875,16.69523048400879,3.4170970916748047,2031.0,2031.0,2031.0,0.3265013098716736,159.0,0.8545051217079163,655.3499755859375,94.79139709472656,2.5344879627227783,2.0,1888.1429443359375,0.7738310098648071,655.1553955078125,1.0,0.0,46.0,29.403169631958008,135.1313934326172
162.51220703125,8.811751365661621,15.916709899902344,2.1299378871917725,815.917724609375,160.91259765625,5.599999904632568,80.44802856445312,378.8926086425781,38.86478042602539,378.55340576171875,38.86478042602539,11.268529891967773,39.53871154785156,598.4409790039062,23.133739471435547,-5.3662638664245605,28.5,15.662320137023926,2.1299378871917725,2423.0,2423.0,2423.0,0.38335558772087097,196.0,0.8769935965538025,655.3499755859375,18.634260177612305,4.485848903656006,0.41819238662719727,1733.488037109375,0.8337718844413757,655.3499755859375,1.0,0.0,41.0,27.78373908996582,147.78819274902344
102.27860260009766,8.342507362365723,15.412710189819336,1.8460910320281982,819.180908203125,163.39840698242188,6.033809185028076,80.17056274414062,377.68609619140625,40.23381042480469,377.3305969238281,40.23381042480469,10.958259582519531,38.9818115234375,583.6444091796875,22.53676986694336,-5.574896812438965,28.111669540405273,14.599760055541992,1.8460910320281982,2404.0,2404.0,2404.0,0.39999669790267944,204.0,0.9141039252281189,655.3499755859375,28.39097023010254,4.871047019958496,0.3046286106109619,1784.4110107421875,0.8462898135185242,655.3499755859375,1.0,0.0,32.0,23.476699829101562,147.07350158691406
104.13860321044922,5.644684791564941,13.856120109558105,-1.8339279890060425,749.992919921875,155.62989807128906,4.63926887512207,83.38221740722656,353.2616882324219,33.637168884277344,348.4234924316406,33.637168884277344,10.182909965515137,34.56174850463867,675.02099609375,19.86665916442871,-9.592354774475098,29.459020614624023,12.463459968566895,-1.8339279890060425,2584.0,2584.0,2584.0,0.47254881262779236,191.0,0.8817746043205261,655.3499755859375,108.5895004272461,4.307343006134033,1.312688946723938,108.5895004272461,0.8653252720832825,557.2841186523438,1.0,0.0,94.0,43.84185028076172,152.4658966064453
224.4925994873047,7.418711185455322,14.571889877319336,0.6028575897216797,814.0360717773438,163.1894989013672,5.599999904632568,80.68026733398438,374.8157043457031,39.378578186035156,372.8210144042969,39.378578186035156,11.177020072937012,39.280181884765625,603.4049072265625,21.694229125976562,-6.759788990020752,28.45401954650879,13.959529876708984,0.6028575897216797,2994.0,2994.0,2994.0,0.3972994089126587,193.0,0.9087967276573181,655.3499755859375,787.3734741210938,4.37893009185791,1.0,513.6641235351562,0.8621742129325867,655.3499755859375,1.0,0.0,58.0,36.29307174682617,164.16110229492188
110.97679901123047,5.709031105041504,13.81676959991455,-1.6960530281066895,741.75048828125,155.50559997558594,4.578103065490723,83.67949676513672,351.0038146972656,32.89973831176758,343.6607971191406,32.89973831176758,10.370739936828613,35.33464813232422,665.2940063476562,19.89691925048828,-9.453163146972656,29.350080490112305,12.423279762268066,-1.6960530281066895,2606.0,2606.0,2606.0,0.4731244146823883,190.0,0.8590251207351685,655.3499755859375,85.9138412475586,4.368288993835449,1.8509260416030884,85.9138412475586,0.8516985177993774,562.427490234375,1.0,0.0,74.0,38.21759033203125,153.30630493164062
159.293701171875,8.14346694946289,15.305789947509766,1.6054760217666626,824.853271484375,165.62010192871094,6.0,80.41771697998047,381.5378112792969,40.23680114746094,381.33331298828125,40.23680114746094,10.886090278625488,38.663021087646484,584.9349975585938,22.44655990600586,-5.709784984588623,28.156349182128906,14.855890274047852,1.6054760217666626,2485.0,2485.0,2485.0,0.42385420203208923,199.0,0.9068421721458435,655.3499755859375,108.5895004272461,4.578033924102783,1.0,1968.2049560546875,0.8673763871192932,655.3499755859375,1.0,0.0,31.0,17.652849197387695,149.6864013671875
146.41799926757812,7.702629089355469,14.963299751281738,0.889986515045166,811.0416870117188,163.08290100097656,5.583741188049316,80.97505187988281,374.4639892578125,38.85057067871094,373.0906066894531,38.85057067871094,11.082050323486328,38.906349182128906,603.3762817382812,22.112239837646484,-6.371500015258789,28.483739852905273,14.390789985656738,0.889986515045166,2783.0,2783.0,2783.0,0.3344095051288605,190.0,0.8929854035377502,655.3499755859375,76.15714263916016,4.2071309089660645,1.0,1221.6090087890625,0.8432822227478027,655.3499755859375,1.0,0.0,57.0,30.009920120239258,158.30450439453125
173.97250366210938,8.309282302856445,15.231579780578613,1.5248719453811646,874.8162841796875,172.21839904785156,6.9427170753479,78.6768798828125,406.2481994628906,44.442718505859375,398.6781005859375,44.442718505859375,11.873889923095703,40.7882194519043,595.7413940429688,22.52181053161621,-6.589517116546631,29.111330032348633,14.480380058288574,1.5248719453811646,2712.0,2712.0,2712.0,0.292633593082428,173.0,0.8994970917701721,655.3499755859375,1075.54296875,3.5310590267181396,0.03902683034539223,3694.006103515625,0.8069778084754944,655.3225708007812,1.0,0.0,45.0,28.672380447387695,156.21229553222656
254.90350341796875,14.233180046081543,20.95895004272461,7.981472015380859,962.74462890625,189.02330017089844,7.022221088409424,84.74909973144531,527.3773193359375,42.522220611572266,491.781494140625,42.522220611572266,11.63875961303711,41.04689025878906,593.725830078125,27.52553939819336,-0.8295624256134033,28.355100631713867,20.34416961669922,7.981472015380859,1350.0,1350.0,1350.0,0.44420570135116577,202.0,0.8835908770561218,655.3499755859375,94.79139709472656,4.636054039001465,2.0,513.6641235351562,0.8566498160362244,655.3499755859375,1.0,0.0,36.0,23.298839569091797,110.1895980834961
34.05598831176758,4.066531181335449,12.157150268554688,-3.3093550205230713,740.1641235351562,157.67520141601562,4.372045993804932,84.85598754882812,351.49810791015625,32.0394287109375,344.3268127441406,32.0394287109375,10.543009757995605,36.08089065551758,659.5728759765625,18.17462921142578,-11.04578971862793,29.220430374145508,10.674559593200684,-3.3093550205230713,3025.0,3025.0,3025.0,0.45013460516929626,199.0,0.9025840759277344,655.3499755859375,221.60899353027344,4.745174884796143,0.07453703880310059,221.60899353027344,0.8962649703025818,572.9816284179688,1.0,0.18172429502010345,78.0,43.88908004760742,164.91090393066406
103.33799743652344,5.076976776123047,13.135560035705566,-2.265889883041382,746.1715698242188,156.86630249023438,4.268041133880615,83.73523712158203,352.8113098144531,33.0494499206543,345.6105041503906,33.0494499206543,10.505229949951172,35.90821075439453,658.1328125,19.307939529418945,-9.945577621459961,29.25351905822754,11.699299812316895,-2.265889883041382,2662.0,2662.0,2662.0,0.5093445181846619,205.0,0.8926306962966919,655.3499755859375,108.5895004272461,5.080867767333984,1.9219460487365723,108.5895004272461,0.874375581741333,571.1875,1.0,0.0,45.0,29.062339782714844,154.7353057861328
228.80160522460938,8.264253616333008,16.122079849243164,0.8700563907623291,796.3161010742188,156.60389709472656,5.342659950256348,81.1234130859375,371.66729736328125,37.690860748291016,371.5588073730469,37.690860748291016,10.885180473327637,36.858089447021484,651.3574829101562,23.189430236816406,-6.345705986022949,29.535139083862305,15.951459884643555,0.8700563907623291,2370.0,2370.0,2370.0,0.4717598855495453,202.0,0.8004754781723022,655.3499755859375,267.4753112792969,4.968461036682129,2.0,278.3909912109375,0.8478813767433167,628.0017700195312,1.0,0.0,47.0,30.08601951599121,146.02389526367188
90.57282257080078,5.47068977355957,13.421480178833008,-1.8061599731445312,747.3245239257812,157.39430236816406,4.608499050140381,82.94983673095703,352.1535949707031,34.245948791503906,344.13531494140625,34.245948791503906,10.714360237121582,36.63539123535156,648.7426147460938,19.778839111328125,-9.46786880493164,29.2467098236084,12.005849838256836,-1.8061599731445312,2702.0,2702.0,2702.0,0.5075454115867615,202.0,0.8688986897468567,655.3499755859375,0.0,4.865719795227051,2.0,221.60899353027344,0.8662328720092773,567.7761840820312,1.0,0.01397106982767582,41.0,29.072359085083008,156.0655059814453
279.3891906738281,14.654159545898438,21.4537296295166,8.340920448303223,972.1503295898438,191.82020568847656,7.024332046508789,86.19107818603516,544.239501953125,42.524330139160156,503.22430419921875,42.524330139160156,11.727899551391602,41.00315856933594,600.1671142578125,28.087099075317383,-0.5153474807739258,28.602449417114258,20.82335090637207,8.340920448303223,1325.0,1325.0,1325.0,0.5011973977088928,206.0,0.9665405750274658,655.3499755859375,376.8866882324219,4.877130031585693,2.0,278.3909912109375,0.879645824432373,655.3499755859375,1.0,0.0,43.0,28.991050720214844,109.09410095214844
118.45549774169922,3.817049980163574,11.92615032196045,-3.575308084487915,745.7493896484375,158.2678985595703,4.307398796081543,84.42146301269531,353.3539123535156,32.69866180419922,346.0188903808594,32.69866180419922,10.733440399169922,36.432029724121094,657.7606201171875,18.11161994934082,-11.349160194396973,29.460779190063477,10.38694953918457,-3.575308084487915,2911.0,2911.0,2911.0,0.49818000197410583,191.0,0.8753631711006165,655.3499755859375,9.756709098815918,4.281451225280762,0.14907410740852356,85.9138412475586,0.8616517186164856,557.1796875,1.0,0.0,57.0,34.96958923339844,161.97850036621094
261.46978759765625,8.1939115524292,15.954999923706055,0.8211305141448975,816.3997802734375,160.98019409179688,5.5807647705078125,81.37480926513672,379.9419860839844,38.791839599609375,379.4009094238281,38.791839599609375,10.994250297546387,37.14424133300781,650.853271484375,22.89168930053711,-6.707273960113525,29.598960876464844,15.242549896240234,0.8211305141448975,2416.0,2416.0,2416.0,0.540623128414154,213.0,0.9079626202583313,655.3499755859375,85.9138412475586,5.368390083312988,1.1636149883270264,588.814697265625,0.8665376901626587,655.3499755859375,2.0,0.0,39.0,28.214569091796875,147.32460021972656
228.82449340820312,4.960071086883545,12.374699592590332,-1.8072680234909058,829.3438110351562,170.9093017578125,5.5,82.36868286132812,386.2370910644531,39.051231384277344,382.20050048828125,39.051231384277344,10.607009887695312,37.82231903076172,596.8994750976562,19.426040649414062,-8.618513107299805,28.044559478759766,11.085869789123535,-1.8072680234909058,3190.0,3190.0,3190.0,0.37215518951416016,200.0,0.8811377882957458,655.3499755859375,181.5614013671875,4.657773017883301,1.0,513.6641235351562,0.8869854807853699,655.3499755859375,1.0,0.0,37.0,25.288259506225586,169.44189453125
226.34719848632812,6.939509868621826,14.5037202835083,-0.18663239479064941,788.3856811523438,159.3397979736328,4.986093997955322,81.40734100341797,366.4461975097656,37.50944900512695,364.3833923339844,37.50944900512695,10.894410133361816,38.1331901550293,623.626220703125,21.3523006439209,-7.217342853546143,28.569650650024414,13.481249809265137,-0.18663239479064941,2637.0,2637.0,2637.0,0.4204710125923157,196.0,0.8225234150886536,655.3499755859375,76.15714263916016,4.527472972869873,2.0,278.3909912109375,0.8349472880363464,627.335693359375,1.0,0.0,51.0,29.61087989807129,153.97390747070312
72.91158294677734,2.8612658977508545,10.296150207519531,-3.9735069274902344,787.652587890625,166.2825927734375,4.4153361320495605,84.39302062988281,371.3146057128906,34.312339782714844,366.9443054199219,34.312339782714844,10.496100425720215,38.15591812133789,603.6834716796875,16.734880447387695,-10.773900032043457,27.508779525756836,9.145111083984375,-3.9735069274902344,3347.0,3347.0,3347.0,0.22761170566082,119.0,0.6182736158370972,619.0615844726562,426.9971923828125,1.909006953239441,0.22712770104408264,471.6090087890625,0.6579223871231079,319.94049072265625,1.0,0.0,55.0,33.0626106262207,173.44419860839844
58.23915100097656,4.113040924072266,12.259550094604492,-3.301551103591919,746.2410888671875,160.62100219726562,4.300000190734863,84.74593353271484,355.54669189453125,32.783790588378906,346.9096984863281,32.783790588378906,10.876279830932617,36.729740142822266,659.3963012695312,18.482589721679688,-11.128950119018555,29.611530303955078,10.752269744873047,-3.301551103591919,2995.0,2995.0,2995.0,0.4337610900402069,193.0,0.9154685139656067,655.3499755859375,9.756709098815918,4.603973865509033,1.0,9.756709098815918,0.938582718372345,571.239013671875,1.0,0.899773120880127,35.0,19.90814971923828,164.15980529785156
127.25260162353516,11.616450309753418,18.568510055541992,5.247498035430908,910.7578125,180.73660278320312,7.037704944610596,79.55140686035156,452.8241882324219,44.55997848510742,430.7507019042969,44.55997848510742,11.865989685058594,41.23741912841797,597.6173706054688,25.39521026611328,-3.379065990447998,28.774280548095703,17.926530838012695,5.247498035430908,2228.0,2228.0,2228.0,0.45669808983802795,195.0,0.9346609711647034,655.3499755859375,979.6600952148438,4.366271018981934,1.8509260416030884,335.9137878417969,0.8631485104560852,655.3499755859375,0.0,0.0,32.0,21.976289749145508,141.59390258789062
75.51542663574219,5.51286506652832,12.970600128173828,-1.376196026802063,819.448974609375,169.28750610351562,5.412868976593018,82.62358093261719,382.4097900390625,38.180999755859375,377.7862854003906,38.180999755859375,10.559920310974121,37.60934066772461,605.31591796875,19.931489944458008,-8.147088050842285,28.078580856323242,11.70386028289795,-1.376196026802063,2805.0,2805.0,2805.0,0.26762229204177856,186.0,0.8869165778160095,655.3499755859375,337.32269287109375,4.039857864379883,0.03902683034539223,1547.2110595703125,0.8382741808891296,655.3499755859375,2.0,0.0,65.0,36.01871871948242,158.85800170898438
113.2739028930664,2.997905969619751,10.46837043762207,-3.8775339126586914,793.8067016601562,166.1555938720703,4.467718124389648,83.78822326660156,372.9822998046875,36.00798034667969,368.50628662109375,36.00798034667969,10.574350357055664,38.274959564208984,607.6588745117188,16.814960479736328,-10.811409950256348,27.62636947631836,9.082818031311035,-3.8775339126586914,3098.0,3098.0,3098.0,0.30514609813690186,126.0,0.6993997097015381,655.3499755859375,18.634260177612305,2.129749059677124,2.0,18.634260177612305,0.7000433802604675,421.6177062988281,1.0,0.0,51.0,32.394309997558594,166.91749572753906
122.23909759521484,7.660318851470947,15.246520042419434,0.6047462224960327,821.69091796875,164.0811004638672,5.800000190734863,81.0589370727539,381.13909912109375,39.76483917236328,381.0408020019531,39.76483917236328,10.710470199584961,37.22835922241211,621.402587890625,22.315570831298828,-6.45558500289917,28.771160125732422,15.121970176696777,0.6047462224960327,2373.0,2373.0,2373.0,0.48933470249176025,209.0,0.9067280888557434,655.3499755859375,9.756709098815918,5.105038166046143,0.14907410740852356,992.5388793945312,0.869096577167511,655.3499755859375,2.0,0.0,75.0,41.08081817626953,146.2093963623047
146.90460205078125,11.784000396728516,18.913610458374023,5.284843921661377,903.5358276367188,179.6685028076172,6.908205986022949,80.75286865234375,456.29669189453125,43.68156814575195,433.65069580078125,43.68156814575195,12.0962495803833,41.14223098754883,607.5430908203125,25.88694953918457,-3.5141239166259766,29.40106964111328,18.238420486450195,5.284843921661377,2209.0,2209.0,2209.0,0.39075368642807007,200.0,0.9302198886871338,655.3499755859375,1178.0679931640625,4.644214153289795,1.0,469.05230712890625,0.8733186721801758,655.3499755859375,1.0,0.0,49.0,30.46834945678711,140.98890686035156
277.97021484375,-0.4398941099643707,7.359817028045654,-7.40622615814209,809.3184814453125,171.14349365234375,4.300000190734863,85.99874877929688,385.8595886230469,33.92543029785156,385.6488952636719,33.92543029785156,10.449999809265137,37.402320861816406,626.3222045898438,13.7435302734375,-14.19653034210205,27.940059661865234,7.142580986022949,-7.40622615814209,4266.0,4266.0,4266.0,0.1393468976020813,59.0,0.4259684979915619,508.1413879394531,1575.239013671875,0.9027674794197083,1.0,2196.783935546875,0.4732719957828522,261.1885986328125,1.0,0.0,62.0,36.54648971557617,195.87930297851562
174.27639770507812,10.817049980163574,17.532649993896484,4.853750228881836,920.1561279296875,180.7241973876953,7.354567050933838,78.81012725830078,445.6171875,45.73957824707031,430.67138671875,45.73957824707031,11.676389694213867,42.06855010986328,568.7252807617188,24.122589111328125,-3.6330060958862305,27.755590438842773,16.899459838867188,4.853750228881836,2352.0,2352.0,2352.0,0.3292633891105652,155.0,0.8786618709564209,655.3499755859375,1613.47705078125,2.7230539321899414,1.3907430171966553,1372.8909912109375,0.7374039888381958,607.7659301757812,1.0,0.0,64.0,41.02648162841797,145.44970703125
288.4967041015625,8.459341049194336,16.14228057861328,1.1659899950027466,814.9946899414062,161.8061981201172,5.463247776031494,81.07462310791016,377.7065124511719,40.30207061767578,376.6961975097656,40.30207061767578,11.0758695602417,37.48413848876953,644.56298828125,23.329769134521484,-6.219234943389893,29.548999786376953,15.584030151367188,1.1659899950027466,2262.0,2262.0,2262.0,0.562255322933197,215.0,0.9344971179962158,655.3499755859375,85.9138412475586,5.430972099304199,0.5818076133728027,164.08619689941406,0.8896254897117615,655.3499755859375,2.0,0.0,44.0,27.400859832763672,142.84280395507812
91.55409240722656,8.248856544494629,14.94198989868164,2.295034885406494,900.3665161132812,178.01629638671875,7.281990051269531,78.12875366210938,415.03009033203125,46.385650634765625,407.0262145996094,46.385650634765625,11.716899871826172,42.582698822021484,560.4055786132812,21.811269760131836,-5.704168796539307,27.515430450439453,14.250359535217285,2.295034885406494,2847.0,2847.0,2847.0,0.33418580889701843,175.0,0.8670786023139954,655.3499755859375,1242.6109619140625,3.3170619010925293,2.0,1513.1190185546875,0.7720581293106079,650.7128295898438,1.0,0.0,47.0,25.711360931396484,159.9521026611328
51.6816291809082,6.551734924316406,14.624670028686523,-1.0154659748077393,787.263671875,162.25970458984375,4.678709030151367,83.66851806640625,368.127685546875,36.31209945678711,364.1482849121094,36.31209945678711,10.135069847106934,34.54275131225586,670.8101196289062,20.981769561767578,-8.359960556030273,29.34173011779785,13.56978988647461,-1.0154659748077393,2468.0,2468.0,2468.0,0.3774043023586273,184.0,0.8433899283409119,655.3499755859375,0.0,3.9518818855285645,0.8363847732543945,164.08619689941406,0.8497567772865295,655.3499755859375,2.0,0.0,68.0,38.77616882324219,149.2592010498047
166.91549682617188,7.203725814819336,15.031319618225098,-0.3137355148792267,799.228271484375,162.29190063476562,5.199999809265137,81.53618621826172,367.043701171875,39.08478927612305,363.4114074707031,39.08478927612305,10.685609817504883,36.011810302734375,659.6937866210938,21.80299949645996,-7.868515968322754,29.671520233154297,13.919440269470215,-0.3137355148792267,2766.0,2766.0,2766.0,0.4901841878890991,209.0,0.925650417804718,655.3499755859375,990.6339111328125,5.1802659034729,0.34365540742874146,164.08619689941406,0.8792073726654053,655.3499755859375,2.0,0.0,56.0,34.53337097167969,157.77420043945312
189.03359985351562,5.841780185699463,13.844599723815918,-1.6935069561004639,787.5482788085938,162.58250427246094,4.599999904632568,82.60014343261719,365.2019958496094,37.73820877075195,358.62298583984375,37.73820877075195,10.117899894714355,34.806121826171875,665.2421264648438,20.125200271606445,-8.944881439208984,29.07008934020996,12.531599998474121,-1.6935069561004639,2844.0,2844.0,2844.0,0.42765429615974426,207.0,0.8979707956314087,655.3499755859375,301.32391357421875,5.044715881347656,0.8864361047744751,85.9138412475586,0.8758016228675842,655.3499755859375,2.0,0.0,48.0,31.011959075927734,160.04660034179688
316.24371337890625,7.194149971008301,14.747980117797852,-0.16532880067825317,796.2678833007812,162.08729553222656,5.199999809265137,82.22125244140625,367.5835876464844,38.322059631347656,362.794189453125,38.322059631347656,11.110289573669434,37.467018127441406,643.9097900390625,21.750219345092773,-7.904903888702393,29.655120849609375,13.778019905090332,-0.16532880067825317,2614.0,2614.0,2614.0,0.4297583997249603,203.0,0.9070276021957397,655.3499755859375,155.20860290527344,4.900869846343994,0.6563447117805481,471.6090087890625,0.8882455229759216,655.3499755859375,2.0,0.0,45.0,30.00773048400879,153.40159606933594
252.94839477539062,8.277188301086426,16.613569259643555,0.4237019121646881,786.4398193359375,159.32440185546875,4.599999904632568,84.010986328125,373.96649169921875,34.89458084106445,370.9587097167969,34.89458084106445,10.364310264587402,33.9681396484375,697.1688232421875,23.26413917541504,-7.247500896453857,30.511640548706055,15.698800086975098,0.4237019121646881,2117.0,2117.0,2117.0,0.6132280230522156,210.0,0.9250860214233398,655.3499755859375,28.39097023010254,5.24013614654541,1.9219460487365723,28.39097023010254,0.8939555287361145,655.3499755859375,2.0,0.020310169085860252,39.0,20.736370086669922,138.08099365234375
221.75360107421875,7.743994235992432,15.934940338134766,-0.06998220086097717,778.7631225585938,159.11720275878906,4.438780784606934,84.0331802368164,364.6955871582031,34.966468811035156,362.2948913574219,34.966468811035156,10.385459899902344,34.30506896972656,688.6663818359375,22.53084945678711,-7.743802070617676,30.27465057373047,14.980250358581543,-0.06998220086097717,2636.0,2636.0,2636.0,0.48022058606147766,206.0,0.9372556209564209,655.3499755859375,664.086181640625,5.0220627784729,0.5818076133728027,108.5895004272461,0.8931035995483398,655.3499755859375,2.0,0.0,45.0,30.422910690307617,153.93319702148438
96.18647766113281,7.368321895599365,15.56449031829834,-0.37627848982810974,780.0360107421875,160.33619689941406,4.599999904632568,83.50991821289062,364.40838623046875,36.194740295410156,360.6524963378906,36.194740295410156,10.25747013092041,34.11336898803711,683.1165161132812,22.20595932006836,-7.862001895904541,30.067960739135742,14.37030029296875,-0.37627848982810974,2474.0,2474.0,2474.0,0.6655712127685547,211.0,0.9294915199279785,655.3499755859375,597.4271850585938,5.274044990539551,0.9254630208015442,408.4248962402344,0.892896294593811,655.3499755859375,2.0,0.3152492940425873,46.0,28.551389694213867,149.28460693359375
266.8446960449219,9.675318717956543,17.376829147338867,2.13647198677063,803.9246215820312,161.06680297851562,4.699999809265137,83.06635284423828,388.36029052734375,36.575111389160156,382.4912109375,36.575111389160156,11.607979774475098,37.789920806884766,663.7894287109375,24.659639358520508,-6.058667182922363,30.71830940246582,16.4136905670166,2.13647198677063,2155.0,2155.0,2155.0,0.5672134160995483,220.0,0.9742764830589294,655.3499755859375,530.4598999023438,5.658717155456543,1.772871971130371,108.5895004272461,0.9158673286437988,655.3499755859375,2.0,0.0,27.0,18.149980545043945,139.26820373535156
307.3915100097656,5.879697799682617,14.038960456848145,-1.7751049995422363,768.1655883789062,162.7628936767578,4.099999904632568,84.96116638183594,361.1299133300781,34.51539993286133,354.13800048828125,34.51539993286133,10.011739730834961,34.071231842041016,675.2639770507812,20.322269439697266,-9.06433391571045,29.38661003112793,12.688630104064941,-1.7751049995422363,2634.0,2634.0,2634.0,0.36187779903411865,183.0,0.8774986267089844,655.3499755859375,181.5614013671875,4.014925956726074,0.9609730839729309,914.086181640625,0.8557531237602234,655.3499755859375,2.0,0.0,60.0,36.698638916015625,154.05169677734375
244.38099670410156,5.109685897827148,13.256389617919922,-2.4637410640716553,769.7089233398438,164.25469970703125,4.160285949707031,84.76313781738281,361.92889404296875,35.56460952758789,353.52069091796875,35.56460952758789,9.981378555297852,34.245201110839844,674.0244750976562,19.17559051513672,-9.971607208251953,29.147199630737305,11.88090991973877,-2.4637410640716553,2635.0,2635.0,2635.0,0.429108202457428,191.0,0.840376079082489,655.3499755859375,18.634260177612305,4.240477085113525,0.9609730839729309,1879.4300537109375,0.8521717190742493,655.3101196289062,2.0,0.0,67.0,40.17578887939453,154.18569946289062
81.81472778320312,8.149377822875977,16.288970947265625,0.36623939871788025,780.56201171875,159.77389526367188,4.553581237792969,83.94365692138672,368.7723083496094,35.59164810180664,365.6481018066406,35.59164810180664,10.548810005187988,34.77705001831055,683.27001953125,23.075639724731445,-7.253558158874512,30.329200744628906,15.230449676513672,0.36623939871788025,2232.0,2232.0,2232.0,0.6133872866630554,215.0,0.9181243777275085,655.3499755859375,221.60899353027344,5.289100170135498,0.22712770104408264,221.60899353027344,0.9030408263206482,655.3499755859375,2.0,0.0,47.0,31.322450637817383,141.72239685058594
160.86590576171875,10.854080200195312,17.642980575561523,4.743587017059326,927.0750122070312,183.79220581054688,7.096477031707764,79.25390625,454.5201110839844,45.53799057006836,435.4486083984375,45.53799057006836,12.083740234375,42.599300384521484,574.38818359375,24.413230895996094,-3.9537789821624756,28.36701011657715,17.008020401000977,4.743587017059326,2151.0,2151.0,2151.0,0.3066596984863281,134.0,0.6687079071998596,655.3499755859375,345.93560791015625,2.031332015991211,2.0,4149.06201171875,0.5833587050437927,559.27587890625,1.0,0.0,53.0,33.13220977783203,139.08619689941406
63.592899322509766,5.763514041900635,13.960450172424316,-1.8620649576187134,763.3712768554688,161.60699462890625,4.093173980712891,84.63067626953125,358.18951416015625,35.402809143066406,350.8807067871094,35.402809143066406,10.004679679870605,34.04804992675781,678.5319213867188,19.98002052307129,-9.40490436553955,29.384929656982422,12.602640151977539,-1.8620649576187134,2617.0,2617.0,2617.0,0.4049108028411865,183.0,0.8260005712509155,655.3499755859375,0.0,3.8709630966186523,0.07805366814136505,1533.262939453125,0.8192011117935181,655.1143798828125,2.0,0.0,68.0,39.638851165771484,153.4709014892578
115.3009033203125,5.983463764190674,13.538789749145508,-1.4293290376663208,795.4221801757812,165.34339904785156,4.850109100341797,82.28275299072266,366.6330871582031,38.720211029052734,358.3171081542969,38.720211029052734,10.86382007598877,37.08835983276367,641.542724609375,20.384000778198242,-8.910663604736328,29.29467010498047,12.581720352172852,-1.4293290376663208,3207.0,3207.0,3207.0,0.42173880338668823,203.0,0.9135376214981079,655.3499755859375,645.451904296875,4.9771318435668945,1.0,104.54810333251953,0.8612589240074158,655.3499755859375,2.0,0.0,26.0,16.790449142456055,169.78439331054688
83.01693725585938,5.007811069488525,13.13407039642334,-2.5259549617767334,766.0289916992188,163.09530639648438,4.137477874755859,84.69657897949219,359.56719970703125,35.17911911010742,350.6874084472656,35.17911911010742,9.926027297973633,34.150821685791016,670.4389038085938,19.056880950927734,-10.00844955444336,29.065330505371094,11.770620346069336,-2.5259549617767334,2682.0,2682.0,2682.0,0.36978471279144287,176.0,0.8223701119422913,655.3499755859375,9.756709098815918,3.7087841033935547,1.9219460487365723,2497.1201171875,0.8125823736190796,655.3499755859375,2.0,0.0,52.0,32.7659797668457,155.2913055419922
109.58719635009766,8.113258361816406,15.438220024108887,0.8220226168632507,787.6735229492188,160.15069580078125,4.988370895385742,81.70233917236328,361.8432922363281,38.44375991821289,357.102294921875,38.44375991821289,11.644240379333496,38.9085693359375,633.2255859375,22.760799407958984,-7.163965225219727,29.924760818481445,14.585639953613281,0.8220226168632507,2566.0,2566.0,2566.0,0.6315686702728271,213.0,0.9409012198448181,655.3499755859375,108.5895004272461,5.258446216583252,1.312688946723938,794.5695190429688,0.9028627276420593,655.3499755859375,2.0,0.0,50.0,30.6060791015625,151.9163055419922
115.89779663085938,5.071363925933838,12.65291976928711,-2.2724719047546387,804.4821166992188,169.7364959716797,4.900000095367432,82.87676239013672,372.24951171875,38.74925994873047,363.08538818359375,38.74925994873047,10.677889823913574,36.93088912963867,637.1268920898438,19.407339096069336,-9.504688262939453,28.912029266357422,11.60099983215332,-2.2724719047546387,3167.0,3167.0,3167.0,0.39510059356689453,200.0,0.8933761715888977,655.3499755859375,345.93560791015625,4.966822147369385,1.0,628.5291748046875,0.8478115200996399,655.3499755859375,2.0,0.0,48.0,29.54387092590332,168.82049560546875
75.96028900146484,8.607083320617676,16.457000732421875,1.0486619472503662,875.0101928710938,176.0186004638672,6.199999809265137,80.73735809326172,420.6040954589844,42.133731842041016,407.4089050292969,42.133731842041016,11.207440376281738,37.09653091430664,660.6317138671875,23.241779327392578,-6.967994213104248,30.20977020263672,15.548839569091797,1.0486619472503662,2422.0,2422.0,2422.0,0.2750009000301361,120.0,0.5887066721916199,655.3499755859375,414.0862121582031,1.8086429834365845,2.0,2938.666015625,0.7232978940010071,480.8598937988281,1.0,0.0,62.0,32.47193145751953,147.6280059814453
107.05590057373047,8.824487686157227,16.054309844970703,1.7168580293655396,790.8516845703125,160.38600158691406,4.976264953613281,82.12335968017578,366.75738525390625,38.501529693603516,362.8617858886719,38.501529693603516,11.94832992553711,39.990169525146484,625.2103271484375,23.527549743652344,-6.347880840301514,29.875429153442383,15.174489974975586,1.7168580293655396,2350.0,2350.0,2350.0,0.47431689500808716,190.0,0.8256031274795532,655.3499755859375,164.08619689941406,4.34189510345459,1.9219460487365723,755.252197265625,0.8525608777999878,655.3499755859375,2.0,0.0,53.0,34.98442077636719,145.43829345703125
176.23719787597656,9.697495460510254,17.648860931396484,2.120784044265747,885.386474609375,177.7899932861328,6.181354999542236,80.7724609375,438.3284912109375,42.641510009765625,419.3027038574219,42.641510009765625,11.452500343322754,37.445350646972656,666.6895751953125,24.631879806518555,-5.952123165130615,30.583999633789062,16.677730560302734,2.120784044265747,2148.0,2148.0,2148.0,0.2827867865562439,108.0,0.6558448076248169,655.3499755859375,181.5614013671875,1.5798619985580444,2.0,3577.8369140625,0.6485313773155212,518.9254150390625,1.0,0.0,32.0,21.653610229492188,139.03990173339844
341.9350891113281,9.128327369689941,16.070659637451172,2.429054021835327,797.700927734375,160.60780334472656,5.0,81.50652313232422,366.885498046875,39.71210861206055,365.19580078125,39.71210861206055,12.399550437927246,41.87826156616211,603.1737060546875,23.65472984313965,-5.95599889755249,29.610729217529297,15.28279972076416,2.429054021835327,2501.0,2501.0,2501.0,0.4233362078666687,182.0,0.8140274286270142,655.3499755859375,164.08619689941406,3.9310710430145264,2.0,1188.5059814453125,0.8023141026496887,655.3499755859375,2.0,0.0,69.0,40.493289947509766,149.90550231933594
138.26449584960938,9.643404006958008,17.503469467163086,2.092940092086792,886.259521484375,177.44400024414062,6.6245951652526855,80.11652374267578,435.09710693359375,43.51213073730469,417.0751037597656,43.51213073730469,11.594380378723145,37.77490997314453,663.0648803710938,24.54693031311035,-6.146516799926758,30.693450927734375,16.5380802154541,2.092940092086792,2397.0,2397.0,2397.0,0.3256382942199707,122.0,0.6531816720962524,655.3499755859375,586.511474609375,1.7200779914855957,2.0,3318.85595703125,0.7079300284385681,531.2000122070312,1.0,0.0,54.0,31.01416015625,146.85369873046875
232.58859252929688,9.295282363891602,16.516809463500977,2.203155994415283,795.6412963867188,160.4001007080078,4.921255111694336,81.98703002929688,369.81549072265625,39.069271087646484,367.44500732421875,39.069271087646484,11.971750259399414,40.076080322265625,625.2141723632812,24.038009643554688,-5.834190845489502,29.87220001220703,15.596650123596191,2.203155994415283,2551.0,2551.0,2551.0,0.4349488914012909,182.0,0.8368209004402161,655.3499755859375,502.3033142089844,3.9410200119018555,2.0,1111.3609619140625,0.8658480048179626,655.3499755859375,2.0,0.0,83.0,41.12839126586914,151.31069946289062
64.59435272216797,4.995910167694092,12.722900390625,-2.31890606880188,802.6107177734375,170.64059448242188,4.6007399559021,83.49978637695312,373.09930419921875,38.3945198059082,364.3525085449219,38.3945198059082,10.358980178833008,36.060569763183594,640.5681762695312,19.49180030822754,-9.234233856201172,28.72603988647461,11.508110046386719,-2.31890606880188,2952.0,2952.0,2952.0,0.5812851190567017,211.0,0.920657217502594,655.3499755859375,422.5264892578125,5.25582218170166,0.07805366814136505,1146.2490234375,0.8902239203453064,655.3499755859375,2.0,0.0,44.0,30.327030181884766,162.98550415039062
96.10623168945312,6.455405235290527,14.276610374450684,-0.9161934852600098,784.3319702148438,165.69320678710938,4.37323522567749,83.51741790771484,366.1283874511719,37.47323989868164,358.4736022949219,37.47323989868164,10.464139938354492,36.15428924560547,643.32373046875,21.1135196685791,-7.831048011779785,28.94455909729004,13.01056957244873,-0.9161934852600098,2701.0,2701.0,2701.0,0.414360910654068,206.0,0.8707224130630493,655.3499755859375,221.60899353027344,5.00227689743042,0.34365540742874146,1445.4759521484375,0.8857401013374329,655.3499755859375,2.0,0.0,44.0,21.56549072265625,155.88619995117188
123.62359619140625,8.578204154968262,16.41577911376953,1.21150803565979,867.0313720703125,174.25360107421875,5.952861785888672,80.72400665283203,413.36419677734375,41.96131896972656,402.5683898925781,41.96131896972656,11.118439674377441,37.48091125488281,648.0037841796875,23.257829666137695,-6.404510021209717,29.66234016418457,15.506750106811523,1.21150803565979,2514.0,2514.0,2514.0,0.35551631450653076,120.0,0.5572671294212341,655.3499755859375,221.60899353027344,1.7633730173110962,2.0,4992.0859375,0.6711487174034119,485.8960876464844,1.0,0.0,32.0,20.43044090270996,150.41639709472656
245.9705047607422,8.209446907043457,15.252289772033691,1.3872109651565552,803.9437866210938,163.03810119628906,4.983797073364258,81.36255645751953,367.70001220703125,40.09590148925781,363.79229736328125,40.09590148925781,11.947270393371582,40.923858642578125,605.041015625,22.738500595092773,-6.454030990600586,29.192529678344727,14.52042007446289,1.3872109651565552,2627.0,2627.0,2627.0,0.46442800760269165,199.0,0.8744587898254395,655.3499755859375,173.8428955078125,4.644092082977295,1.8509260416030884,2448.154052734375,0.8593630790710449,655.3499755859375,2.0,0.0,54.0,32.342041015625,153.81520080566406
286.543212890625,8.255697250366211,15.534899711608887,1.1415280103683472,798.0103759765625,161.99110412597656,4.900000095367432,81.40023040771484,365.6536865234375,39.825870513916016,361.9783020019531,39.825870513916016,11.55618953704834,39.36909103393555,623.061279296875,22.881620407104492,-6.471917152404785,29.353540420532227,14.689929962158203,1.1415280103683472,2556.0,2556.0,2556.0,0.4909195005893707,208.0,0.8841506242752075,655.3499755859375,272.67559814453125,5.14194393157959,1.1636149883270264,2099.18701171875,0.8835914134979248,655.3499755859375,2.0,0.0,53.0,32.236480712890625,151.75979614257812
201.00390625,6.776432991027832,14.534950256347656,-0.601289689540863,789.3665771484375,165.50790405273438,4.515830993652344,82.94698333740234,366.2278137207031,37.614990234375,358.7101135253906,37.614990234375,10.55525016784668,36.255401611328125,645.16162109375,21.41105079650879,-7.701955795288086,29.113000869750977,13.346229553222656,-0.601289689540863,2646.0,2646.0,2646.0,0.5530098080635071,205.0,0.9115930795669556,655.3499755859375,108.5895004272461,4.976554870605469,1.9219460487365723,1875.925048828125,0.8429557085037231,655.3499755859375,2.0,0.0,27.0,15.989580154418945,154.2761993408203
212.41050720214844,6.636620044708252,14.455280303955078,-0.7533408999443054,787.5202026367188,165.67190551757812,4.604636192321777,82.9482421875,365.2359924316406,37.661251068115234,357.20550537109375,37.661251068115234,10.438050270080566,35.99995040893555,646.6552734375,21.236940383911133,-7.757245063781738,28.994190216064453,13.217530250549316,-0.7533408999443054,2788.0,2788.0,2788.0,0.5175408124923706,211.0,0.8784036040306091,655.3499755859375,76.15714263916016,5.273894786834717,1.772871971130371,1968.2049560546875,0.8817675113677979,655.3499755859375,2.0,0.0,27.0,19.4239501953125,158.2866973876953
159.5435028076172,5.716053009033203,13.52593994140625,-1.6178690195083618,790.5632934570312,167.63699340820312,4.381939888000488,83.36122131347656,367.2210998535156,37.48194122314453,358.10198974609375,37.48194122314453,10.329839706420898,35.91136169433594,642.3607177734375,20.28927993774414,-8.476099967956543,28.765380859375,12.22998046875,-1.6178690195083618,2868.0,2868.0,2868.0,0.5186867713928223,213.0,0.9081038236618042,655.3499755859375,221.60899353027344,5.448538780212402,2.0,1410.654052734375,0.8873146176338196,655.3499755859375,2.0,0.0,23.0,15.513110160827637,160.6750946044922
100.29740142822266,7.538711071014404,15.0972900390625,0.12417899817228317,902.5103149414062,181.6981964111328,6.9780378341674805,78.86543273925781,419.0928955078125,45.764530181884766,406.8546142578125,45.764530181884766,11.190099716186523,37.44895935058594,648.1658935546875,21.623109817504883,-8.259220123291016,29.8823299407959,14.196020126342773,0.12417899817228317,2324.0,2324.0,2324.0,0.35571861267089844,154.0,0.8817958235740662,655.3499755859375,85.9138412475586,2.6792190074920654,2.0,2086.513916015625,0.7700755000114441,556.7147216796875,2.0,0.0,58.0,33.79446029663086,144.6553955078125
89.66529846191406,7.39857816696167,15.019180297851562,-0.05938651040196419,892.6397705078125,182.48849487304688,7.048819065093994,78.38211059570312,410.9927978515625,46.89432907104492,394.93798828125,46.89432907104492,11.321089744567871,38.14445877075195,643.2783813476562,21.71562957763672,-7.96052885055542,29.67616081237793,14.148269653320312,-0.05938651040196419,2476.0,2476.0,2476.0,0.36966460943222046,151.0,0.6834368109703064,655.3499755859375,471.6090087890625,2.4291601181030273,2.0,4051.35888671875,0.7533941268920898,584.674072265625,2.0,0.0,44.0,28.421030044555664,149.1230926513672
95.41265869140625,6.916802883148193,14.667980194091797,-0.47774749994277954,886.1176147460938,180.6074981689453,6.7235541343688965,78.13316345214844,402.6964111328125,46.88079071044922,389.0700988769531,46.88079071044922,10.771140098571777,36.86827087402344,642.0134887695312,21.270000457763672,-7.942587852478027,29.21257972717285,13.821929931640625,-0.47774749994277954,2639.0,2639.0,2639.0,0.29060861468315125,139.0,0.670844316482544,655.3499755859375,426.9971923828125,2.2637250423431396,2.0,3208.907958984375,0.6920945048332214,554.1220092773438,2.0,0.0,52.0,35.20481872558594,154.09449768066406
231.810302734375,7.890101909637451,15.533599853515625,0.3557054102420807,894.951171875,183.1024932861328,6.658405780792236,79.1327133178711,418.1866149902344,45.69219970703125,401.7851867675781,45.69219970703125,11.464320182800293,38.222511291503906,649.514892578125,22.28656005859375,-7.70615291595459,29.992719650268555,14.619620323181152,0.3557054102420807,2770.0,2770.0,2770.0,0.33122238516807556,153.0,0.763103187084198,655.3499755859375,979.6600952148438,2.510998010635376,0.14907410740852356,4276.56298828125,0.7938063740730286,582.3383178710938,2.0,0.0,43.0,26.57785987854004,157.9541015625
225.78939819335938,6.705540180206299,14.434969902038574,-0.7144477963447571,889.848388671875,180.4373016357422,6.699999809265137,78.23631286621094,401.93438720703125,46.922698974609375,391.2145080566406,46.922698974609375,10.875969886779785,37.10723876953125,643.926513671875,21.032489776611328,-8.276676177978516,29.30916976928711,13.56503963470459,-0.7144477963447571,2482.0,2482.0,2482.0,0.306333988904953,103.0,0.5212408900260925,655.3499755859375,155.20860290527344,1.3413490056991577,0.6092571020126343,2790.7919921875,0.588742196559906,482.931884765625,2.0,0.0,123.0,46.9339714050293,149.4456024169922
106.24150085449219,5.3018388748168945,13.046950340270996,-2.0150630474090576,889.2341918945312,181.2021026611328,6.699999809265137,78.90611267089844,397.5986022949219,46.5341911315918,388.4548034667969,46.5341911315918,10.367500305175781,36.1055908203125,637.6074829101562,19.566650390625,-9.139859199523926,28.706510543823242,11.952010154724121,-2.0150630474090576,2811.0,2811.0,2811.0,0.33791810274124146,126.0,0.6171143054962158,655.3499755859375,426.9971923828125,1.8407870531082153,2.0,2084.736083984375,0.7001191973686218,503.88751220703125,2.0,0.0,61.0,38.99689865112305,158.8448028564453
110.3759994506836,5.327422142028809,13.105799674987793,-1.9870660305023193,882.2523803710938,180.42979431152344,6.360598087310791,79.7240982055664,396.481201171875,45.8309211730957,387.70941162109375,45.8309211730957,10.135780334472656,35.53947067260742,638.7564086914062,19.55915069580078,-8.952146530151367,28.51129913330078,11.956990242004395,-1.9870660305023193,2640.0,2640.0,2640.0,0.2462511956691742,111.0,0.6486213207244873,655.3499755859375,145.451904296875,1.444619059562683,2.0,1670.324951171875,0.5857080817222595,502.9110107421875,2.0,0.0,58.0,30.438249588012695,154.14089965820312
124.3363037109375,4.833236217498779,12.633319854736328,-2.4158389568328857,873.36767578125,179.8115997314453,5.955493927001953,80.73309326171875,391.0205993652344,45.017391204833984,384.0701904296875,45.017391204833984,9.748834609985352,34.758689880371094,636.327880859375,18.9171199798584,-9.12971019744873,28.046829223632812,11.590239524841309,-2.4158389568328857,2756.0,2756.0,2756.0,0.3312259912490845,131.0,0.7028585076332092,655.3499755859375,108.5895004272461,1.9197659492492676,1.312688946723938,1225.2840576171875,0.6968861818313599,539.49267578125,2.0,0.0,38.0,26.850439071655273,157.51060485839844
77.7925033569336,6.427112102508545,13.931010246276855,-0.9460899829864502,879.5208129882812,181.28750610351562,6.506587982177734,79.4559097290039,397.2410888671875,45.285091400146484,384.8973083496094,45.285091400146484,11.21541976928711,38.098838806152344,638.2921752929688,20.526559829711914,-8.908731460571289,29.43528938293457,13.089699745178223,-0.9460899829864502,2722.0,2722.0,2722.0,0.2620629072189331,153.0,0.7241302132606506,655.3499755859375,408.4248962402344,2.44937801361084,2.0,4836.81396484375,0.8056045174598694,619.19482421875,2.0,0.0,53.0,33.521400451660156,156.4665069580078
72.20333099365234,7.255600929260254,14.686739921569824,-0.08474618196487427,876.0612182617188,181.2957000732422,6.30157995223999,79.99009704589844,402.1736145019531,44.3189582824707,387.6263122558594,44.3189582824707,11.498929977416992,38.66712188720703,637.4459838867188,21.401140213012695,-8.335637092590332,29.736780166625977,13.826510429382324,-0.08474618196487427,2523.0,2523.0,2523.0,0.26351648569107056,132.0,0.8119587898254395,655.3499755859375,386.4053039550781,2.026585102081299,2.0,4528.76708984375,0.687572717666626,643.8239135742188,2.0,0.0,31.0,20.783119201660156,150.7322998046875
75.27970123291016,5.743390083312988,13.346639633178711,-1.714635968208313,862.9307250976562,179.66050720214844,5.858710765838623,80.92781066894531,389.5862121582031,42.22454071044922,378.00421142578125,42.22454071044922,10.946579933166504,37.023399353027344,648.072998046875,19.764860153198242,-9.801044464111328,29.565900802612305,12.5308198928833,-1.714635968208313,2901.0,2901.0,2901.0,0.3113395869731903,175.0,0.8420035243034363,655.3499755859375,300.4914855957031,3.805933952331543,2.0,2472.56591796875,0.8309779763221741,655.3499755859375,2.0,0.0,28.0,20.622669219970703,161.5753936767578
166.40420532226562,6.016904830932617,13.637829780578613,-1.4585620164871216,865.9348754882812,179.27310180664062,6.175714015960693,80.65666198730469,390.8872985839844,43.41170120239258,380.5137023925781,43.41170120239258,11.013139724731445,36.97153854370117,653.2603759765625,20.043270111083984,-9.744874954223633,29.78813934326172,12.80521011352539,-1.4585620164871216,2946.0,2946.0,2946.0,0.3581835925579071,178.0,0.8750119209289551,655.3499755859375,585.913818359375,3.71578311920166,0.03902683034539223,1511.9310302734375,0.8116940855979919,655.3499755859375,2.0,0.0,57.0,33.96332931518555,162.98599243164062
301.152587890625,7.427762985229492,14.889579772949219,0.1885697990655899,872.10302734375,180.63340759277344,6.440207004547119,79.18334197998047,394.61358642578125,45.68996047973633,380.2461853027344,45.68996047973633,12.139880180358887,39.79302978515625,638.348876953125,21.761999130249023,-8.74456787109375,30.50657081604004,14.122920036315918,0.1885697990655899,2738.0,2738.0,2738.0,0.3032042980194092,138.0,0.7504588961601257,655.3499755859375,1051.0279541015625,2.3389570713043213,0.6092571020126343,3756.556884765625,0.7585964798927307,603.698486328125,2.0,0.0,41.0,25.609750747680664,156.96270751953125
317.65728759765625,7.601953029632568,15.105759620666504,0.19650450348854065,869.6099853515625,181.44540405273438,6.370238780975342,79.67900085449219,398.4071044921875,44.836639404296875,381.3049011230469,44.836639404296875,11.920780181884766,38.91584014892578,648.4282836914062,21.944759368896484,-8.690235137939453,30.634990692138672,14.289589881896973,0.19650450348854065,2413.0,2413.0,2413.0,0.44004809856414795,185.0,0.8750841021537781,655.3499755859375,1005.9249877929688,4.306035041809082,0.3791655898094177,4400.52978515625,0.8641576766967773,655.0596923828125,2.0,0.0,33.0,23.193639755249023,147.3905029296875
274.8944091796875,7.703017234802246,15.176349639892578,0.3638891875743866,877.3054809570312,181.7239990234375,6.675455093383789,78.73594665527344,399.9646911621094,46.392669677734375,382.99700927734375,46.392669677734375,11.999489784240723,39.2865104675293,643.8428955078125,22.02696990966797,-8.516271591186523,30.543249130249023,14.357339859008789,0.3638891875743866,2413.0,2413.0,2413.0,0.3599854111671448,177.0,0.901839017868042,655.3499755859375,85.9138412475586,3.4733479022979736,0.9254630208015442,3265.823974609375,0.7785230875015259,655.3499755859375,1.0,0.0,26.0,16.641389846801758,147.43569946289062
296.4740905761719,8.349641799926758,15.938429832458496,0.8324666023254395,872.0316772460938,181.29739379882812,6.379820823669434,79.8272933959961,407.8778991699219,44.48749923706055,388.8648986816406,44.48749923706055,11.930370330810547,38.566558837890625,658.4268798828125,22.81732940673828,-8.118369102478027,30.935699462890625,15.087010383605957,0.8324666023254395,2374.0,2374.0,2374.0,0.4772813022136688,169.0,0.8244014978408813,655.3499755859375,650.9561767578125,3.158849000930786,0.07453703880310059,3470.25,0.8707253932952881,655.3499755859375,2.0,0.0,45.0,26.841110229492188,146.17869567871094
305.21600341796875,8.680923461914062,16.325910568237305,1.1059999465942383,870.584228515625,181.231201171875,6.184751987457275,80.31535339355469,412.33331298828125,43.67747116088867,392.14300537109375,43.67747116088867,11.939539909362793,38.40079116821289,663.7318115234375,23.22266960144043,-7.870885848999023,31.09355926513672,15.458230018615723,1.1059999465942383,2260.0,2260.0,2260.0,0.4407593011856079,192.0,0.9441108107566833,655.3499755859375,473.12860107421875,4.393304824829102,0.6873108148574829,3103.125,0.8699538111686707,655.3499755859375,2.0,0.0,51.0,32.91228103637695,142.6215057373047
171.2512969970703,10.141779899597168,17.62870979309082,3.1355650424957275,891.660400390625,185.5102996826172,6.357044219970703,80.20166778564453,428.2152099609375,43.53314971923828,405.852294921875,43.53314971923828,12.663100242614746,41.54475021362305,636.5394287109375,24.61001968383789,-5.871894836425781,30.48192024230957,16.829090118408203,3.1355650424957275,2319.0,2319.0,2319.0,0.3826150894165039,182.0,0.9113060832023621,655.3499755859375,794.5695190429688,3.733686923980713,1.772871971130371,1484.2320556640625,0.8361278176307678,655.3499755859375,1.0,0.0,45.0,29.56147003173828,144.4385986328125
272.09478759765625,7.476035118103027,14.910770416259766,0.14967520534992218,873.1005859375,181.3112030029297,6.3209428787231445,79.04660034179688,396.6451110839844,45.316410064697266,380.181884765625,45.316410064697266,11.834819793701172,39.12105941772461,641.630126953125,21.740570068359375,-8.512314796447754,30.252880096435547,14.133130073547363,0.14967520534992218,2685.0,2685.0,2685.0,0.33459290862083435,190.0,0.861108124256134,655.3499755859375,721.6090087890625,4.265099048614502,0.1135639026761055,1338.1510009765625,0.8454849720001221,655.3499755859375,2.0,0.0,44.0,26.197620391845703,155.40379333496094
130.40359497070312,6.3852949142456055,13.886650085449219,-1.0032910108566284,868.5964965820312,180.32980346679688,6.513747215270996,78.80711364746094,386.5246887207031,46.27206039428711,372.9114074707031,46.27206039428711,11.377269744873047,38.03573989868164,644.7374267578125,20.57332992553711,-9.33779239654541,29.91111946105957,13.048399925231934,-1.0032910108566284,2867.0,2867.0,2867.0,0.2940886914730072,161.0,0.9043906927108765,655.3499755859375,1338.1510009765625,2.9462759494781494,0.6563447117805481,2148.47607421875,0.7783759236335754,655.3499755859375,2.0,0.0,27.0,17.40229034423828,160.64739990234375
277.6181945800781,7.319870948791504,14.859379768371582,-0.13236230611801147,864.9376220703125,179.62229919433594,6.199999809265137,79.69420623779297,392.93218994140625,44.60149002075195,378.4938049316406,44.60149002075195,11.509570121765137,38.13568878173828,650.4536743164062,21.526670455932617,-8.653703689575195,30.180370330810547,14.022359848022461,-0.13236230611801147,2682.0,2682.0,2682.0,0.4345599114894867,187.0,0.9276190996170044,655.3499755859375,1460.5059814453125,3.953732967376709,2.0,619.1798706054688,0.8929805159568787,655.3499755859375,2.0,0.0,50.0,31.53257942199707,155.24229431152344
156.33680725097656,6.944354057312012,14.568739891052246,-0.578387975692749,863.2811279296875,179.477294921875,6.17682409286499,79.89798736572266,390.6494140625,44.42163848876953,377.2174072265625,44.42163848876953,11.268269538879395,37.48501968383789,654.7421875,21.121089935302734,-8.93646240234375,30.05755043029785,13.697219848632812,-0.578387975692749,2700.0,2700.0,2700.0,0.36972030997276306,192.0,0.9452754259109497,655.3499755859375,1498.751953125,4.190537929534912,2.0,702.4708862304688,0.8447520732879639,655.3499755859375,2.0,0.0,51.0,34.0130615234375,155.87789916992188
123.2208023071289,6.5642290115356445,13.999199867248535,-0.715420126914978,867.102783203125,180.43589782714844,6.460761070251465,79.491943359375,385.6488952636719,45.434120178222656,373.1962890625,45.434120178222656,11.620869636535645,38.862510681152344,638.5695190429688,20.691030502319336,-9.210097312927246,29.901119232177734,13.229499816894531,-0.715420126914978,2721.0,2721.0,2721.0,0.35974249243736267,194.0,0.9393045902252197,655.3499755859375,917.96337890625,4.40622091293335,0.9254630208015442,628.5291748046875,0.8564910888671875,655.3499755859375,1.0,0.0,39.0,27.53723907470703,156.51609802246094
61.48366928100586,5.878283977508545,13.350749969482422,-1.3852720260620117,858.2664184570312,178.9075927734375,6.158154010772705,79.72515869140625,378.31219482421875,45.232269287109375,366.7620849609375,45.232269287109375,11.455060005187988,38.34349060058594,638.3526000976562,19.977359771728516,-9.893875122070312,29.87122917175293,12.511380195617676,-1.3852720260620117,2913.0,2913.0,2913.0,0.413413405418396,195.0,0.945221483707428,655.3499755859375,839.78662109375,4.7304182052612305,0.1135639026761055,181.5614013671875,0.8753306865692139,655.3499755859375,1.0,0.0,34.0,23.130769729614258,161.8397979736328
39.146881103515625,10.593560218811035,18.22907066345215,3.4704339504241943,881.4594116210938,185.1909942626953,6.11516809463501,81.47441101074219,431.4617004394531,41.245880126953125,406.5586853027344,41.245880126953125,12.653650283813477,40.95500946044922,650.7971801757812,25.248319625854492,-5.648055076599121,30.89636993408203,17.424509048461914,3.4704339504241943,1973.0,1973.0,1973.0,0.4702329933643341,207.0,0.9666256904602051,655.3499755859375,939.89501953125,4.8982930183410645,1.312688946723938,1531.1259765625,0.8766149878501892,655.3499755859375,1.0,0.0,43.0,29.562519073486328,133.18820190429688
231.29859924316406,8.612022399902344,16.2266902923584,1.2496989965438843,856.2662963867188,180.1280059814453,5.875536918640137,80.45487976074219,397.3811950683594,42.80120086669922,378.7298889160156,42.80120086669922,12.481389999389648,39.91339111328125,657.126220703125,23.104419708251953,-8.166690826416016,31.27111053466797,15.425649642944336,1.2496989965438843,2384.0,2384.0,2384.0,0.4589936137199402,212.0,0.9411489963531494,655.3499755859375,755.252197265625,5.305027961730957,0.8363847732543945,0.0,0.8823838233947754,655.3499755859375,1.0,0.0,45.0,30.338539123535156,146.55130004882812
191.856201171875,8.639199256896973,16.279090881347656,1.3015660047531128,854.8289794921875,179.96499633789062,5.713107109069824,80.45176696777344,396.9023132324219,42.50661087036133,377.6505126953125,42.50661087036133,12.547690391540527,40.06401824951172,657.9354248046875,23.121530532836914,-8.19751262664795,31.319040298461914,15.475540161132812,1.3015660047531128,2440.0,2440.0,2440.0,0.3464103937149048,175.0,0.9349493980407715,655.3499755859375,422.5264892578125,3.5912389755249023,2.0,85.9138412475586,0.8281946778297424,655.3499755859375,1.0,0.0,33.0,22.84341049194336,147.9857940673828
239.17489624023438,8.034341812133789,15.657329559326172,0.7691823840141296,854.7332153320312,180.30850219726562,6.223031997680664,80.0341796875,391.0404052734375,43.494171142578125,372.289306640625,43.494171142578125,12.446940422058105,40.30329895019531,649.8526000976562,22.514570236206055,-8.368712425231934,30.883289337158203,14.844829559326172,0.7691823840141296,2639.0,2639.0,2639.0,0.46473169326782227,204.0,0.9498723149299622,655.3499755859375,749.611572265625,4.824835777282715,1.0,345.93560791015625,0.8993688225746155,655.3499755859375,1.0,0.0,12.0,8.219196319580078,154.0695037841797
144.4586944580078,8.597899436950684,16.337419509887695,1.2121870517730713,844.86328125,179.46640014648438,5.835087776184082,81.10600280761719,394.5985107421875,41.853118896484375,374.02081298828125,41.853118896484375,12.56503963470459,39.706329345703125,666.6176147460938,23.258779525756836,-8.387402534484863,31.646190643310547,15.548060417175293,1.2121870517730713,2549.0,2549.0,2549.0,0.3225885033607483,202.0,0.9463297724723816,655.3499755859375,1239.1490478515625,4.914919853210449,1.3907430171966553,1108.7060546875,0.8805480003356934,655.3499755859375,1.0,0.0,52.0,31.18429946899414,151.4261932373047
346.9818115234375,8.207178115844727,15.888870239257812,0.8916559815406799,847.719970703125,179.7136993408203,5.803974151611328,80.64679718017578,390.4867858886719,42.764259338378906,370.9139099121094,42.764259338378906,12.520369529724121,40.15473937988281,655.9329833984375,22.765090942382812,-8.415109634399414,31.180200576782227,15.087080001831055,0.8916559815406799,2358.0,2358.0,2358.0,0.4679226875305176,210.0,0.9475374817848206,655.3499755859375,108.5895004272461,5.251893997192383,1.0,632.60888671875,0.8914651274681091,655.3499755859375,1.0,0.0,39.0,25.295320510864258,145.57899475097656
311.99591064453125,7.907439231872559,15.519659996032715,0.6847497224807739,849.1887817382812,179.8415985107422,6.09128999710083,80.44026184082031,388.03900146484375,43.28657913208008,369.52880859375,43.28657913208008,12.431670188903809,40.323970794677734,647.5090942382812,22.408510208129883,-8.421019554138184,30.829519271850586,14.725210189819336,0.6847497224807739,2535.0,2535.0,2535.0,0.41810470819473267,205.0,0.9579470157623291,655.3499755859375,803.811279296875,5.095736980438232,0.5818076133728027,840.138916015625,0.8844287991523743,655.3499755859375,1.0,0.0,40.0,27.629850387573242,151.06939697265625
283.6588134765625,8.414128303527832,16.113920211791992,1.1209349632263184,847.5009765625,179.55230712890625,6.015929222106934,80.65731048583984,391.59271240234375,42.56298828125,372.0809020996094,42.56298828125,12.556779861450195,40.1090087890625,658.7310791015625,23.03759002685547,-8.268987655639648,31.30657958984375,15.346269607543945,1.1209349632263184,2153.0,2153.0,2153.0,0.4285433888435364,216.0,0.9855824112892151,655.3499755859375,471.6090087890625,5.680419921875,0.6092571020126343,1307.2039794921875,0.9042366743087769,655.3499755859375,1.0,0.0,38.0,25.829790115356445,139.22140502929688
139.9990997314453,8.647818565368652,15.934060096740723,2.098862886428833,878.6796264648438,183.07550048828125,6.69715690612793,78.66658782958984,397.7038879394531,45.48579025268555,380.01129150390625,45.48579025268555,11.923330307006836,41.32292938232422,606.593017578125,22.78721046447754,-6.066195964813232,28.8533992767334,15.249699592590332,2.098862886428833,2579.0,2579.0,2579.0,0.4335983991622925,186.0,0.927853524684906,655.3499755859375,345.93560791015625,3.9810309410095215,1.0,337.32269287109375,0.879103422164917,655.3499755859375,1.0,0.0,45.0,30.50528907775879,152.28469848632812
329.4942932128906,8.731822967529297,16.26966094970703,1.7705949544906616,850.5291748046875,180.143798828125,5.89340877532959,80.71420288085938,393.3194885253906,42.072811126708984,373.00640869140625,42.072811126708984,12.45829963684082,41.15196990966797,633.1981811523438,23.181869506835938,-7.092690944671631,30.274560928344727,15.500849723815918,1.7705949544906616,2335.0,2335.0,2335.0,0.38409051299095154,204.0,0.9324671030044556,655.3499755859375,1278.3909912109375,4.88022518157959,1.0,469.05230712890625,0.8886474967002869,655.3499755859375,1.0,0.0,36.0,22.29718017578125,144.98719787597656
249.15390014648438,9.264952659606934,16.925270080566406,2.080698013305664,843.068115234375,179.64720153808594,5.524209976196289,81.86876678466797,398.7200012207031,40.38835906982422,377.5362854003906,40.38835906982422,12.600159645080566,40.55527877807617,653.5131225585938,23.92214012145996,-7.147028923034668,31.069169998168945,16.157819747924805,2.080698013305664,2326.0,2326.0,2326.0,0.43971818685531616,213.0,0.9720001220703125,655.3499755859375,1223.9029541015625,5.300000190734863,0.07805366814136505,1585.9139404296875,0.9130563735961914,655.3499755859375,1.0,0.0,46.0,28.838180541992188,144.5821990966797
59.161041259765625,8.614109992980957,15.95226001739502,2.021389961242676,873.287109375,182.5670928955078,6.607382774353027,79.05622863769531,395.7381896972656,45.14427947998047,378.2533874511719,45.14427947998047,11.818470001220703,40.886619567871094,611.2869262695312,22.832839965820312,-6.0733418464660645,28.906190872192383,15.285590171813965,2.021389961242676,2444.0,2444.0,2444.0,0.38273099064826965,204.0,0.9405102729797363,655.3499755859375,547.9525146484375,4.889063835144043,0.6953713893890381,445.2561950683594,0.8886227011680603,655.3499755859375,1.0,0.0,47.0,29.075740814208984,148.3385009765625
94.32855224609375,9.286757469177246,16.893699645996094,2.192193031311035,845.6251831054688,179.56979370117188,5.616483211517334,81.67902374267578,397.9798889160156,41.48405075073242,378.2273864746094,41.48405075073242,12.459670066833496,40.559879302978516,647.4832153320312,23.907360076904297,-6.811837196350098,30.719200134277344,16.161659240722656,2.192193031311035,2364.0,2364.0,2364.0,0.4819425940513611,214.0,0.9715179800987244,655.3499755859375,971.6090087890625,5.481697082519531,2.0,2036.2659912109375,0.9015108942985535,655.3499755859375,1.0,0.0,81.0,41.49021911621094,145.923095703125
263.4049987792969,9.239494323730469,16.75391960144043,2.341207981109619,852.4935302734375,180.52870178222656,5.662540912628174,81.13736724853516,399.6122131347656,41.60560989379883,378.9549865722656,41.60560989379883,12.24308967590332,40.81513977050781,632.573486328125,23.720050811767578,-6.276033878326416,29.99608039855957,16.019569396972656,2.341207981109619,2354.0,2354.0,2354.0,0.43009939789772034,213.0,0.9785714745521545,655.3499755859375,1062.5250244140625,5.424384117126465,0.07805366814136505,278.3909912109375,0.9047471284866333,655.3499755859375,1.0,0.0,62.0,35.612510681152344,145.53619384765625
262.87298583984375,8.967839241027832,16.407630920410156,2.168515920639038,856.5921020507812,180.44239807128906,5.86942720413208,80.52152252197266,395.976806640625,42.66482162475586,377.59600830078125,42.66482162475586,12.030139923095703,40.58604049682617,625.6574096679688,23.37322998046875,-6.267941951751709,29.641170501708984,15.719109535217285,2.168515920639038,2475.0,2475.0,2475.0,0.39243289828300476,211.0,0.9548171162605286,655.3499755859375,471.6090087890625,5.3553547859191895,2.0,855.0120849609375,0.8909088969230652,655.3499755859375,1.0,0.0,52.0,30.467010498046875,149.21310424804688
49.835140228271484,9.498604774475098,16.848180770874023,2.8127920627593994,870.6408081054688,183.08009338378906,6.0837531089782715,79.91889190673828,405.3002014160156,43.72908020019531,385.14300537109375,43.72908020019531,11.813300132751465,40.57511901855469,618.4014282226562,23.71367073059082,-5.40154504776001,29.115219116210938,16.1601505279541,2.8127920627593994,2264.0,2264.0,2264.0,0.4670427143573761,214.0,0.9655004739761353,655.3499755859375,637.1580810546875,5.603806972503662,2.0,935.326416015625,0.9064000844955444,655.3499755859375,1.0,0.0,42.0,26.54340934753418,142.68040466308594
270.6697998046875,10.669429779052734,17.95033073425293,4.0670552253723145,866.2387084960938,183.5395965576172,5.954061031341553,81.2359390258789,417.627685546875,41.29433822631836,392.7973937988281,41.29433822631836,11.558219909667969,40.177589416503906,615.3831176757812,24.677940368652344,-4.090554237365723,28.768489837646484,17.259769439697266,4.0670552253723145,2066.0,2066.0,2066.0,0.5337234139442444,214.0,0.9755595922470093,655.3499755859375,578.82958984375,5.316367149353027,0.6092571020126343,628.5291748046875,0.9014812111854553,655.3499755859375,1.0,0.0,19.0,11.10912036895752,136.3740997314453
105.31310272216797,8.378183364868164,15.296380043029785,2.4416699409484863,768.0462036132812,163.84230041503906,4.181206226348877,83.71582794189453,345.40008544921875,40.54235076904297,332.114990234375,40.54235076904297,11.351570129394531,40.72877883911133,578.0767211914062,22.056800842285156,-5.814004898071289,27.87080955505371,14.155559539794922,2.4416699409484863,2683.0,2683.0,2683.0,0.5984051823616028,209.0,0.8792480826377869,655.3499755859375,2565.951904296875,5.040413856506348,0.34365540742874146,554.4782104492188,0.8612257838249207,655.3499755859375,4.0,0.0,41.0,26.766040802001953,155.38560485839844
65.87493133544922,6.958298206329346,13.973770141601562,1.0330909490585327,775.2313842773438,165.8656005859375,4.144029140472412,83.9687271118164,348.2439880371094,40.57154083251953,331.5372009277344,40.57154083251953,11.235879898071289,40.60469055175781,577.0695190429688,20.6868896484375,-6.983838081359863,27.670730590820312,12.668109893798828,1.0330909490585327,2906.0,2906.0,2906.0,0.4711095094680786,201.0,0.8625900745391846,655.3499755859375,1414.0860595703125,4.743150234222412,0.8864361047744751,1850.991943359375,0.8492128252983093,655.3499755859375,4.0,0.0,55.0,34.72153091430664,161.74220275878906
69.67024993896484,7.828834056854248,15.165670394897461,1.042760968208313,812.1461181640625,171.01910400390625,4.945409774780273,81.43318939208984,360.2273864746094,43.45507049560547,350.1897888183594,43.45507049560547,12.545700073242188,41.02225112915039,624.8068237304688,22.527210235595703,-8.05532455444336,30.582529067993164,14.03693962097168,1.042760968208313,2613.0,2613.0,2613.0,0.40733760595321655,208.0,0.9747347831726074,655.3499755859375,838.9376831054688,5.251964092254639,0.22712770104408264,1493.135009765625,0.8967664241790771,655.3499755859375,2.0,0.0,58.0,38.32633972167969,153.27789306640625
65.77735900878906,8.827103614807129,16.116729736328125,2.3470139503479004,833.0975952148438,173.06629943847656,5.5201568603515625,79.94801330566406,367.6733093261719,44.772579193115234,359.7228088378906,44.772579193115234,11.731459617614746,40.666778564453125,608.75732421875,23.112340927124023,-5.734943866729736,28.847280502319336,15.122529983520508,2.3470139503479004,2455.0,2455.0,2455.0,0.5177515149116516,220.0,0.9674497246742249,655.3499755859375,749.611572265625,5.819797039031982,1.0,3475.85400390625,0.9036588072776794,655.3499755859375,2.0,0.0,40.0,26.783039093017578,148.69630432128906
180.48190307617188,10.398170471191406,17.436920166015625,4.123344898223877,839.1273193359375,175.0500946044922,5.242465972900391,80.74250030517578,386.2644958496094,42.53519821166992,373.64208984375,42.53519821166992,11.48822021484375,40.55366897583008,594.5410766601562,24.19348907470703,-4.134777069091797,28.32826042175293,16.78430938720703,4.123344898223877,2260.0,2260.0,2260.0,0.47431060671806335,220.0,0.9541221857070923,655.3499755859375,676.4755249023438,6.048616886138916,0.14907410740852356,2230.824951171875,0.8960248231887817,655.3499755859375,2.0,0.0,52.0,36.11867141723633,142.43930053710938
163.029296875,9.626169204711914,17.10399055480957,2.7267560958862305,826.1276245117188,173.48629760742188,5.105813980102539,81.63079071044922,379.14678955078125,42.41215896606445,368.32159423828125,42.41215896606445,12.510100364685059,41.010311126708984,637.190673828125,24.48151969909668,-6.023285865783691,30.50480079650879,16.300189971923828,2.7267560958862305,2164.0,2164.0,2164.0,0.508955717086792,217.0,0.9826865792274475,655.3499755859375,278.3909912109375,5.617152214050293,0.14907410740852356,2602.072998046875,0.9029363989830017,655.3499755859375,2.0,0.0,45.0,27.25157928466797,139.67689514160156
228.28219604492188,8.187044143676758,15.450050354003906,1.3694599866867065,812.9326171875,170.5041961669922,4.747660160064697,81.45825958251953,363.01849365234375,43.35614013671875,353.0956115722656,43.35614013671875,12.995659828186035,41.83646011352539,624.9080200195312,22.880260467529297,-8.18210506439209,31.062360763549805,14.435469627380371,1.3694599866867065,2632.0,2632.0,2632.0,0.4390273094177246,209.0,0.9016004204750061,655.3499755859375,746.0850830078125,5.164709091186523,0.9609730839729309,28.39097023010254,0.8916211128234863,655.3499755859375,2.0,0.0,84.0,42.65422821044922,153.8441925048828
123.93509674072266,7.974212169647217,15.364509582519531,1.3516199588775635,838.8043212890625,173.10879516601562,5.5,79.90776824951172,370.17620849609375,45.700008392333984,360.05230712890625,45.700008392333984,12.11946964263916,40.92924118041992,618.2623291015625,22.5645809173584,-7.04534387588501,29.609920501708984,14.21615982055664,1.3516199588775635,2641.0,2641.0,2641.0,0.40019869804382324,215.0,0.9668310284614563,655.3499755859375,827.427978515625,5.539707183837891,0.6092571020126343,3990.594970703125,0.8543562889099121,655.3499755859375,2.0,0.0,36.0,25.40089988708496,154.14959716796875
175.36549377441406,7.892495155334473,15.31801986694336,1.0514520406723022,834.150390625,172.7487030029297,5.474849224090576,80.21887969970703,369.5264892578125,45.27994918823242,359.7604064941406,45.27994918823242,12.459609985351562,41.06064987182617,628.4738159179688,22.692350387573242,-7.652029037475586,30.344379425048828,14.377909660339355,1.0514520406723022,2714.0,2714.0,2714.0,0.3560698926448822,196.0,0.9576438069343567,655.3499755859375,278.3909912109375,4.5454912185668945,1.8509260416030884,3515.678955078125,0.839428186416626,655.3499755859375,2.0,0.0,46.0,31.194189071655273,156.3424072265625
313.7688903808594,9.861149787902832,17.39999008178711,2.7215449810028076,808.027587890625,171.39950561523438,4.629936218261719,83.26416778564453,379.1805114746094,39.48537063598633,366.8830871582031,39.48537063598633,13.100709915161133,41.27143859863281,652.1151123046875,24.976520538330078,-6.766842842102051,31.74336051940918,16.587379455566406,2.7215449810028076,2169.0,2169.0,2169.0,0.4413776993751526,215.0,0.986474871635437,655.3499755859375,337.32269287109375,5.459910869598389,0.22712770104408264,528.3909912109375,0.9178428053855896,655.3499755859375,2.0,0.0,62.0,38.393890380859375,139.6103973388672
158.94090270996094,7.2936930656433105,14.639960289001465,0.24373149871826172,813.3662109375,170.78680419921875,5.098075866699219,81.36412048339844,360.6680908203125,44.056400299072266,347.9867858886719,44.056400299072266,13.07903003692627,41.78443145751953,633.2498779296875,21.962139129638672,-9.338890075683594,31.301029205322266,13.615659713745117,0.24373149871826172,2694.0,2694.0,2694.0,0.3843578100204468,208.0,0.9527488946914673,655.3499755859375,1164.60400390625,5.096945762634277,0.6092571020126343,1164.60400390625,0.8499882221221924,655.3499755859375,2.0,0.0,53.0,31.802490234375,155.7384033203125
288.8666076660156,8.905811309814453,16.357559204101562,1.8713639974594116,813.5093994140625,170.7559051513672,4.807733058929443,82.08751678466797,368.7919921875,41.53041076660156,360.0347900390625,41.53041076660156,12.896599769592285,41.36663818359375,640.9876708984375,23.85664939880371,-7.318759918212891,31.1754093170166,15.4656400680542,1.8713639974594116,2325.0,2325.0,2325.0,0.43541380763053894,208.0,0.9760326147079468,655.3499755859375,679.7327880859375,5.141250133514404,1.8509260416030884,1286.739990234375,0.9059693217277527,655.3499755859375,2.0,0.0,36.0,21.84425926208496,144.58560180664062
209.72329711914062,8.32988452911377,15.783760070800781,1.4328149557113647,835.5067138671875,173.08090209960938,5.385695934295654,80.57523345947266,371.51580810546875,44.485599517822266,363.0797119140625,44.485599517822266,12.697259902954102,41.30236053466797,632.993408203125,23.085399627685547,-7.65684700012207,30.742250442504883,14.773839950561523,1.4328149557113647,2423.0,2423.0,2423.0,0.46190759539604187,217.0,0.9864280819892883,655.3499755859375,345.93560791015625,5.7689690589904785,0.03902683034539223,5289.61279296875,0.8814433813095093,655.3499755859375,2.0,0.0,52.0,29.707359313964844,147.71859741210938
71.69924926757812,5.879487991333008,12.98095989227295,-0.47707268595695496,787.5305786132812,172.72329711914062,4.209530830383301,84.4796371459961,358.1954040527344,41.75764846801758,338.9530029296875,41.75764846801758,12.819040298461914,42.94178009033203,594.1306762695312,20.212879180908203,-9.637681007385254,29.85055923461914,11.795550346374512,-0.47707268595695496,2772.0,2772.0,2772.0,0.4756194055080414,203.0,0.9017106294631958,655.3499755859375,664.086181640625,4.833466053009033,0.9609730839729309,705.6680297851562,0.8916016817092896,655.3499755859375,4.0,0.0,49.0,31.12066078186035,158.0457000732422
35.41481018066406,8.168704986572266,15.609840393066406,0.9258586764335632,805.37548828125,169.9886016845703,4.716036796569824,82.32874298095703,361.77960205078125,41.664730072021484,352.28839111328125,41.664730072021484,13.129719734191895,41.40596008300781,646.113525390625,22.9743595123291,-8.736173629760742,31.710540771484375,14.678389549255371,0.9258586764335632,2218.0,2218.0,2218.0,0.5585318803787231,218.0,0.9634556770324707,655.3499755859375,300.4914855957031,5.6584320068359375,0.41819238662719727,300.4914855957031,0.903734028339386,655.3499755859375,2.0,0.0,52.0,29.870460510253906,141.15960693359375
95.4503402709961,7.148816108703613,14.539250373840332,-0.006544818170368671,810.972412109375,170.48500061035156,4.986584186553955,81.7493896484375,360.3013916015625,42.99850082397461,348.0158996582031,42.99850082397461,12.897359848022461,41.257530212402344,637.2608032226562,21.785690307617188,-9.476128578186035,31.26181983947754,13.54224967956543,-0.006544818170368671,2524.0,2524.0,2524.0,0.5582680702209473,218.0,0.957770824432373,655.3499755859375,839.78662109375,5.733362197875977,0.34365540742874146,839.78662109375,0.8972911238670349,655.3499755859375,2.0,0.0,25.0,17.752910614013672,150.73300170898438
36.158321380615234,5.815223217010498,12.981220245361328,-0.8181676268577576,801.4326782226562,169.4633026123047,4.694289207458496,82.4754867553711,358.8207092285156,43.405799865722656,339.7080993652344,43.405799865722656,12.89291000366211,42.21255111694336,607.6126708984375,20.29007911682129,-10.25214958190918,30.5422306060791,11.892129898071289,-0.8181676268577576,3135.0,3135.0,3135.0,0.3380013108253479,189.0,0.918362021446228,655.3499755859375,868.892822265625,4.356472015380859,1.0,2079.115966796875,0.8425623774528503,655.3499755859375,2.0,0.0,35.0,21.921520233154297,167.94749450683594
43.617881774902344,8.23385238647461,15.759010314941406,1.0443120002746582,830.205078125,172.914306640625,5.490701198577881,80.32763671875,366.8927001953125,44.46746826171875,359.8992919921875,44.46746826171875,13.029439926147461,41.2239990234375,648.390625,23.0386905670166,-8.567756652832031,31.606449127197266,14.8725004196167,1.0443120002746582,2318.0,2318.0,2318.0,0.4289621114730835,217.0,0.9862905144691467,655.3499755859375,1025.0880126953125,5.6581830978393555,1.0,5265.7138671875,0.8930448293685913,655.3499755859375,4.0,0.0,34.0,23.645320892333984,144.44189453125
304.026611328125,6.952189922332764,14.333720207214355,-0.15483680367469788,822.2744750976562,170.8686981201172,5.029848098754883,81.18329620361328,365.9429931640625,44.16905975341797,352.3890075683594,44.16905975341797,13.001640319824219,41.81140899658203,633.5936279296875,21.649259567260742,-9.446354866027832,31.095619201660156,13.289569854736328,-0.15483680367469788,2923.0,2923.0,2923.0,0.3612057864665985,200.0,0.8792834877967834,655.3499755859375,1408.823974609375,5.042463779449463,1.0,1829.740966796875,0.8655920028686523,655.3499755859375,2.0,0.0,46.0,25.76943016052246,162.1011962890625
324.61859130859375,6.2760910987854,13.256919860839844,0.3046362102031708,774.2376708984375,170.32200622558594,4.029800891876221,84.94091033935547,352.8974914550781,40.4044303894043,333.494384765625,40.4044303894043,11.742329597473145,41.569190979003906,576.5863037109375,20.04667091369629,-8.196924209594727,28.243600845336914,11.89879035949707,0.3046362102031708,3025.0,3025.0,3025.0,0.4055339992046356,192.0,0.8875216841697693,655.3499755859375,1957.157958984375,4.356512069702148,1.0,1971.6090087890625,0.9041429758071899,655.3499755859375,2.0,0.0,48.0,29.291210174560547,165.00979614257812
198.83810424804688,6.147069931030273,13.323559761047363,-0.5065574049949646,796.5046997070312,168.29440307617188,4.699999809265137,82.52081298828125,356.9642028808594,42.508480072021484,337.8662109375,42.508480072021484,12.94381046295166,42.27592849731445,609.7947998046875,20.60814094543457,-10.009050369262695,30.61717987060547,12.25790023803711,-0.5065574049949646,3017.0,3017.0,3017.0,0.5437672734260559,198.0,0.9181110858917236,655.3499755859375,1062.5250244140625,4.651500225067139,1.0,2049.39404296875,0.8927261829376221,655.3499755859375,2.0,0.0,46.0,28.47941017150879,164.8415069580078
247.38389587402344,6.29072904586792,13.50625991821289,-0.48419609665870667,800.2888793945312,174.78709411621094,4.248597145080566,83.77921295166016,363.4931945800781,41.39405822753906,346.0487060546875,41.39405822753906,12.222350120544434,40.882511138916016,614.0675048828125,20.6395206451416,-9.255335807800293,29.894859313964844,12.454750061035156,-0.48419609665870667,2843.0,2843.0,2843.0,0.4670712947845459,203.0,0.90619957447052,655.3499755859375,917.96337890625,4.920874118804932,1.0,1372.8909912109375,0.8801919221878052,655.3499755859375,2.0,0.0,61.0,35.95207977294922,160.1685028076172
96.40396881103516,7.094272136688232,14.354490280151367,0.20051580667495728,804.3198852539062,168.55679321289062,4.699999809265137,81.92037963867188,359.5564880371094,43.87226867675781,344.0600891113281,43.87226867675781,12.940839767456055,41.74066925048828,623.3328247070312,21.700580596923828,-9.302376747131348,31.002960205078125,13.365010261535645,0.20051580667495728,2485.0,2485.0,2485.0,0.5720381736755371,212.0,0.9167696237564087,655.3499755859375,108.5895004272461,5.33226203918457,0.1135639026761055,1338.1510009765625,0.8959788084030151,655.3499755859375,2.0,0.0,40.0,27.621299743652344,149.64500427246094
272.7132873535156,6.48860502243042,13.873749732971191,-0.611370325088501,827.7647705078125,171.90020751953125,5.300000190734863,80.89523315429688,367.96820068359375,45.20000076293945,352.8586120605469,45.20000076293945,12.86028003692627,41.57136917114258,632.611083984375,21.141719818115234,-9.794065475463867,30.935789108276367,12.836310386657715,-0.611370325088501,2886.0,2886.0,2886.0,0.28784480690956116,179.0,0.8429874181747437,655.3499755859375,262.9111022949219,3.8672099113464355,0.22712770104408264,2801.113037109375,0.8250222206115723,655.3499755859375,2.0,0.0,47.0,27.416439056396484,161.09689331054688
289.86859130859375,6.320313930511475,13.523170471191406,-0.38689708709716797,793.6364135742188,169.05020141601562,4.618682861328125,82.88017272949219,357.5476989746094,41.97093963623047,338.6568908691406,41.97093963623047,12.903539657592773,42.113739013671875,612.864013671875,20.777889251708984,-9.861628532409668,30.6395206451416,12.477899551391602,-0.38689708709716797,2963.0,2963.0,2963.0,0.42206230759620667,200.0,0.8784986734390259,655.3499755859375,1062.5250244140625,4.758750915527344,1.0,1226.25,0.8916131258010864,655.3499755859375,2.0,0.0,52.0,32.059078216552734,163.3612060546875
246.25030517578125,6.055345058441162,13.262960433959961,-0.7166107892990112,794.4420776367188,174.335693359375,4.2572197914123535,84.13606262207031,361.7412109375,41.87963104248047,342.9473876953125,41.87963104248047,11.911450386047363,40.489479064941406,610.2136840820312,20.34777069091797,-9.06849479675293,29.416269302368164,12.19668960571289,-0.7166107892990112,2830.0,2830.0,2830.0,0.3507297933101654,192.0,0.8691415786743164,655.3499755859375,28.39097023010254,4.329875946044922,0.6953713893890381,278.3909912109375,0.8643733263015747,655.3499755859375,2.0,0.0,47.0,31.764589309692383,159.5146026611328
299.8074035644531,9.41219711303711,16.96586036682129,2.305954933166504,824.3394165039062,171.89500427246094,5.02239990234375,81.10269165039062,375.08929443359375,42.49386978149414,366.4721984863281,42.49386978149414,13.170809745788574,41.56126022338867,649.3068237304688,24.36911964416504,-7.321077823638916,31.690200805664062,16.139970779418945,2.305954933166504,2223.0,2223.0,2223.0,0.42596200108528137,215.0,0.9949843287467957,655.3499755859375,624.8953247070312,5.463723182678223,1.0,4698.3232421875,0.9054815173149109,655.3499755859375,2.0,0.0,58.0,33.89751052856445,141.35400390625
238.11000061035156,8.294434547424316,15.814689636230469,0.9634119868278503,807.0546264648438,169.17909240722656,4.602948188781738,82.03558349609375,360.5721130371094,41.526729583740234,354.8918151855469,41.526729583740234,12.764679908752441,40.622161865234375,650.6323852539062,23.081899642944336,-8.340968132019043,31.422870635986328,14.867819786071777,0.9634119868278503,2407.0,2407.0,2407.0,0.4511479139328003,205.0,0.9469341039657593,655.3499755859375,523.519775390625,4.968908786773682,0.03902683034539223,653.9542846679688,0.9017949104309082,655.3499755859375,2.0,0.0,71.0,40.432918548583984,147.06190490722656
273.43719482421875,7.216698169708252,14.670169830322266,-0.017536519095301628,820.7564086914062,170.30870056152344,5.172548770904541,81.05425262451172,365.3678894042969,44.476768493652344,353.6272888183594,44.476768493652344,12.797579765319824,41.15602111816406,641.9998779296875,21.899850845336914,-9.194387435913086,31.09423065185547,13.680789947509766,-0.017536519095301628,2613.0,2613.0,2613.0,0.276614785194397,187.0,0.9212554097175598,655.3499755859375,1139.8470458984375,4.176095008850098,1.0,2196.783935546875,0.8944836854934692,655.3499755859375,2.0,0.0,54.0,31.45985984802246,153.30130004882812
163.60440063476562,8.536126136779785,16.000469207763672,1.4425990581512451,823.4381713867188,171.40139770507812,5.293578147888184,80.6597671508789,366.9690856933594,43.65467834472656,359.0946044921875,43.65467834472656,13.18690013885498,41.747249603271484,642.0618286132812,23.350189208984375,-8.237595558166504,31.587779998779297,14.993229866027832,1.4425990581512451,2246.0,2246.0,2246.0,0.4812397062778473,212.0,0.9744431972503662,655.3499755859375,414.0862121582031,5.37794303894043,1.0,4850.93994140625,0.906883180141449,655.3499755859375,2.0,0.0,54.0,36.40496826171875,142.21539306640625
87.51748657226562,6.181125164031982,13.423839569091797,-0.6559277772903442,802.126220703125,174.92579650878906,4.304043769836426,83.72429656982422,364.5950012207031,42.09933090209961,346.3959045410156,42.09933090209961,12.205129623413086,40.7576789855957,617.0587158203125,20.505849838256836,-9.43799877166748,29.943849563598633,12.36571979522705,-0.6559277772903442,2670.0,2670.0,2670.0,0.5279179215431213,207.0,0.9025425910949707,655.3499755859375,262.9111022949219,5.086750030517578,0.6092571020126343,85.9138412475586,0.8665261268615723,655.3499755859375,2.0,0.0,27.0,18.64957046508789,155.17080688476562
99.08210754394531,6.592248916625977,13.982850074768066,-0.5279706120491028,830.2919921875,171.8668975830078,5.311694145202637,80.38548278808594,368.0234069824219,45.77566909790039,353.7069091796875,45.77566909790039,12.745650291442871,41.174251556396484,634.4005737304688,21.230119705200195,-9.724211692810059,30.954330444335938,12.966939926147461,-0.5279706120491028,2536.0,2536.0,2536.0,0.3821291923522949,200.0,0.920792281627655,655.3499755859375,408.4248962402344,4.647671222686768,0.3046286106109619,3455.468994140625,0.8543301224708557,655.3499755859375,2.0,0.0,44.0,29.221969604492188,151.03070068359375
140.0823974609375,6.58178186416626,13.982009887695312,-0.5484693050384521,821.2374267578125,172.15780639648438,4.9528021812438965,81.56104278564453,366.9903869628906,44.680999755859375,352.42449951171875,44.680999755859375,12.358570098876953,40.56660079956055,633.4923095703125,21.0393009185791,-9.4254150390625,30.464710235595703,12.97778034210205,-0.5484693050384521,2649.0,2649.0,2649.0,0.3740463852882385,204.0,0.945828378200531,655.3499755859375,513.6641235351562,4.9932780265808105,0.9609730839729309,578.82958984375,0.8908420205116272,655.3499755859375,2.0,0.0,53.0,28.570749282836914,154.37420654296875
169.147705078125,5.769762992858887,13.015509605407715,-1.0702730417251587,802.2313842773438,176.69590759277344,4.3955888748168945,84.1063232421875,366.23699951171875,42.85673904418945,346.7663879394531,42.85673904418945,11.574609756469727,39.81174850463867,612.2620849609375,19.972549438476562,-9.100153923034668,29.07270050048828,11.921469688415527,-1.0702730417251587,2960.0,2960.0,2960.0,0.4406557083129883,199.0,0.8755689263343811,655.3499755859375,544.75537109375,4.665432929992676,0.07805366814136505,85.9138412475586,0.8591899871826172,655.3499755859375,2.0,0.0,37.0,22.5251407623291,163.16220092773438
220.2436981201172,6.974783897399902,14.257340431213379,0.07538417726755142,790.0704956054688,170.07440185546875,4.199999809265137,84.04862213134766,358.8786926269531,40.85047149658203,343.0617980957031,40.85047149658203,12.718299865722656,41.321990966796875,625.0402221679688,21.47863006591797,-9.29981803894043,30.778440475463867,13.237150192260742,0.07538417726755142,2717.0,2717.0,2717.0,0.5075753927230835,200.0,0.8992862105369568,655.3499755859375,1250.9659423828125,4.714320182800293,0.9609730839729309,939.89501953125,0.8672202825546265,655.3499755859375,2.0,0.0,36.0,21.07202911376953,156.3834991455078
181.4759063720703,9.5993013381958,17.185340881347656,2.4353818893432617,824.122314453125,172.3271026611328,5.0031561851501465,81.34058380126953,378.9714050292969,41.824668884277344,369.1160888671875,41.824668884277344,13.262040138244629,41.579410552978516,652.5032958984375,24.579809188842773,-7.315890789031982,31.895700454711914,16.317480087280273,2.4353818893432617,2012.0,2012.0,2012.0,0.5325483083724976,216.0,0.9725387096405029,655.3499755859375,262.9111022949219,5.603676795959473,1.0,4745.298828125,0.8925982713699341,655.3499755859375,2.0,0.0,35.0,23.264610290527344,134.502197265625
81.52468872070312,6.9766621589660645,14.24940013885498,0.07172449678182602,786.623779296875,169.67539978027344,4.120116233825684,84.11308288574219,357.7301940917969,39.90319061279297,342.3042907714844,39.90319061279297,12.515060424804688,41.042701721191406,625.2291259765625,21.347259521484375,-9.144248962402344,30.49151039123535,13.2427396774292,0.07172449678182602,2741.0,2741.0,2741.0,0.5723875761032104,210.0,0.9035680890083313,655.3499755859375,708.54248046875,5.143721103668213,1.0,988.3399047851562,0.8788002729415894,655.3499755859375,2.0,0.0,57.0,36.733970642089844,157.07460021972656
247.6260986328125,7.525231838226318,15.024889945983887,0.27393490076065063,815.0546264648438,170.07839965820312,4.800000190734863,81.9631576538086,365.62249755859375,43.036338806152344,355.3811950683594,43.036338806152344,12.373169898986816,40.24797821044922,643.2819213867188,22.104290008544922,-8.638169288635254,30.742460250854492,14.037630081176758,0.27393490076065063,2336.0,2336.0,2336.0,0.5282995104789734,210.0,0.9640523195266724,655.3499755859375,278.3909912109375,5.158308029174805,0.9254630208015442,1339.2130126953125,0.9169073104858398,655.3499755859375,2.0,0.0,44.0,30.6835994720459,145.03619384765625
286.5989074707031,7.170492172241211,14.65919017791748,-0.1173458993434906,817.0562133789062,169.83949279785156,4.970973014831543,81.52912139892578,365.1260986328125,42.89188003540039,353.31768798828125,42.89188003540039,12.380889892578125,40.309940338134766,644.3619995117188,21.745620727539062,-8.968281745910645,30.713899612426758,13.692970275878906,-0.1173458993434906,2654.0,2654.0,2654.0,0.2925387918949127,199.0,0.9251775145530701,655.3499755859375,564.0775146484375,4.652627944946289,1.0,2106.18310546875,0.8938354253768921,655.3499755859375,2.0,0.0,42.0,28.785449981689453,154.54119873046875
140.13169860839844,7.572610855102539,15.032329559326172,0.37125688791275024,833.1492919921875,171.8730926513672,5.399403095245361,80.05164337158203,368.8420104980469,45.597740173339844,359.53021240234375,45.597740173339844,12.808210372924805,41.00345993041992,642.9813232421875,22.244850158691406,-8.98823070526123,31.23307991027832,14.058659553527832,0.37125688791275024,2470.0,2470.0,2470.0,0.4451335072517395,208.0,0.9501379728317261,655.3499755859375,632.60888671875,5.075137138366699,1.0,4202.294921875,0.8848140835762024,655.3499755859375,2.0,0.0,58.0,29.93313980102539,149.0771942138672
185.2191925048828,5.860067844390869,13.227310180664062,-1.2048410177230835,828.580078125,176.74159240722656,5.099999904632568,81.51904296875,371.3387145996094,45.531890869140625,354.0289001464844,45.531890869140625,12.142809867858887,40.373138427734375,627.3424072265625,20.233530044555664,-9.8427095413208,30.07624053955078,12.187809944152832,-1.2048410177230835,2789.0,2789.0,2789.0,0.4371885061264038,200.0,0.9294356107711792,655.3499755859375,513.6641235351562,4.602297782897949,1.0,1210.6619873046875,0.8564686179161072,655.3499755859375,2.0,0.0,39.0,23.189239501953125,158.4156951904297
200.4246063232422,5.074059963226318,12.267950057983398,-1.6012229919433594,809.74267578125,180.75180053710938,4.400000095367432,84.66898345947266,371.297607421875,42.525489807128906,350.9183044433594,42.525489807128906,11.692770004272461,40.42295837402344,602.8256225585938,19.310739517211914,-9.614372253417969,28.925119400024414,11.114689826965332,-1.6012229919433594,3130.0,3130.0,3130.0,0.36933979392051697,186.0,0.8658261895179749,655.3499755859375,427.27789306640625,4.087502956390381,0.8864361047744751,312.239501953125,0.8552541732788086,655.3499755859375,2.0,0.0,40.0,24.485010147094727,167.89089965820312
120.15699768066406,6.603094100952148,14.074179649353027,-0.648969829082489,820.06298828125,172.27040100097656,5.101861000061035,81.63433074951172,367.06109619140625,44.25735092163086,352.3179931640625,44.25735092163086,12.067170143127441,39.87968826293945,638.9113159179688,21.062339782714844,-9.196351051330566,30.258689880371094,13.07114028930664,-0.648969829082489,2871.0,2871.0,2871.0,0.46648189425468445,210.0,0.9504132866859436,655.3499755859375,803.811279296875,5.183444023132324,0.3046286106109619,2543.1279296875,0.887467086315155,655.3499755859375,2.0,0.0,29.0,19.757070541381836,160.7407989501953
112.4375991821289,7.0297770500183105,14.339900016784668,0.05900159105658531,793.05517578125,171.04049682617188,4.199999809265137,84.0150375366211,361.18341064453125,40.831058502197266,345.8750915527344,40.831058502197266,12.52511978149414,40.83932876586914,628.1619873046875,21.41016960144043,-9.259211540222168,30.66938018798828,13.320059776306152,0.05900159105658531,2602.0,2602.0,2602.0,0.3754799962043762,198.0,0.8772783875465393,655.3499755859375,1322.1429443359375,4.5455641746521,1.0,721.6090087890625,0.8535885214805603,655.3499755859375,2.0,0.0,36.0,25.964719772338867,153.12130737304688
63.4744987487793,7.13507080078125,14.614250183105469,-0.07528705149888992,816.7280883789062,171.9210968017578,4.845283031463623,82.00861358642578,367.4945983886719,43.36410903930664,354.36090087890625,43.36410903930664,12.243809700012207,40.12477111816406,639.5145874023438,21.670429229736328,-8.844328880310059,30.51474952697754,13.608880043029785,-0.07528705149888992,2515.0,2515.0,2515.0,0.4620363116264343,210.0,0.9129499197006226,655.3499755859375,28.39097023010254,5.367249011993408,1.0,1768.7509765625,0.8870620131492615,655.3499755859375,2.0,0.0,42.0,26.246610641479492,150.4322052001953
158.51449584960938,7.154747009277344,14.719120025634766,-0.16074460744857788,819.1641845703125,170.8240966796875,4.928440093994141,81.7419662475586,367.31561279296875,42.600521087646484,355.781005859375,42.600521087646484,12.12520980834961,39.68865966796875,646.7152099609375,21.723100662231445,-8.825819969177246,30.548919677734375,13.708889961242676,-0.16074460744857788,2534.0,2534.0,2534.0,0.3234516978263855,200.0,0.9322251081466675,655.3499755859375,76.15714263916016,4.768599033355713,1.0,2941.93994140625,0.8559641242027283,655.3499755859375,2.0,0.0,45.0,29.525419235229492,151.13900756835938
219.7888946533203,6.474935054779053,14.00745964050293,-0.7982137799263,830.1099853515625,174.01559448242188,5.188455104827881,81.04110717773438,371.1095886230469,44.60810089111328,356.5223083496094,44.60810089111328,11.879989624023438,39.35237121582031,642.6395263671875,20.896909713745117,-9.291389465332031,30.18829917907715,12.997220039367676,-0.7982137799263,2681.0,2681.0,2681.0,0.380679190158844,187.0,0.8632004261016846,655.3499755859375,278.3909912109375,4.254281044006348,1.0,3573.47900390625,0.864900529384613,655.3499755859375,2.0,0.0,37.0,20.964370727539062,155.36920166015625
60.89094924926758,5.298821926116943,12.657170295715332,-1.6074310541152954,808.0283203125,178.64700317382812,4.400000095367432,84.22344207763672,369.16900634765625,42.304359436035156,349.6062927246094,42.304359436035156,11.455439567565918,39.25923156738281,617.8104858398438,19.514169692993164,-9.664600372314453,29.178770065307617,11.50940990447998,-1.6074310541152954,2852.0,2852.0,2852.0,0.32603639364242554,186.0,0.8451005816459656,655.3499755859375,637.1580810546875,4.010453224182129,1.0,1835.9139404296875,0.8695377707481384,655.3499755859375,2.0,0.0,30.0,20.164949417114258,160.23680114746094
52.36212921142578,6.415684223175049,13.785639762878418,-0.6191040873527527,793.9752807617188,173.02540588378906,4.102517127990723,84.33902740478516,361.8523864746094,40.98128890991211,344.4877014160156,40.98128890991211,11.89445972442627,39.565330505371094,629.5673828125,20.676790237426758,-9.38548469543457,30.06226921081543,12.724920272827148,-0.6191040873527527,2662.0,2662.0,2662.0,0.4999034106731415,209.0,0.9056904911994934,655.3499755859375,85.9138412475586,5.1695380210876465,0.03902683034539223,2463.591064453125,0.8699110746383667,655.3499755859375,2.0,0.0,64.0,36.711029052734375,154.72300720214844
163.77369689941406,6.552779197692871,14.034979820251465,-0.6775280237197876,823.2974853515625,176.07009887695312,4.750201225280762,82.26551818847656,371.9245910644531,44.02534103393555,356.93701171875,44.02534103393555,11.871439933776855,39.3778190612793,638.040771484375,20.98055076599121,-9.164872169494629,30.145429611206055,13.003829956054688,-0.6775280237197876,2667.0,2667.0,2667.0,0.36775821447372437,196.0,0.8768078088760376,655.3499755859375,18.634260177612305,4.533620834350586,1.0,2968.451904296875,0.8509061932563782,655.3499755859375,2.0,0.0,35.0,23.34177017211914,154.96580505371094
163.18069458007812,6.903645992279053,14.30696964263916,-0.20010820031166077,791.5396728515625,171.1855010986328,4.157317161560059,84.05513763427734,361.0188903808594,40.80577850341797,345.40618896484375,40.80577850341797,12.094719886779785,39.73698043823242,637.0634765625,21.20616912841797,-9.228591918945312,30.43475914001465,13.264180183410645,-0.20010820031166077,2740.0,2740.0,2740.0,0.4925774931907654,207.0,0.8707380294799805,655.3499755859375,992.861328125,5.047298908233643,1.0,2038.375,0.8573976755142212,655.3499755859375,2.0,0.0,52.0,32.76499938964844,156.9232940673828
212.81329345703125,5.2987470626831055,12.816559791564941,-1.9159040451049805,838.2344970703125,179.63340759277344,5.158355236053467,81.69734191894531,376.71881103515625,45.811641693115234,358.623291015625,45.811641693115234,11.543740272521973,38.905269622802734,635.4188232421875,19.596160888671875,-10.0731201171875,29.669279098510742,11.706740379333496,-1.9159040451049805,3162.0,3162.0,3162.0,0.2994054853916168,187.0,0.8450003266334534,655.3499755859375,749.611572265625,3.982537031173706,1.0,3562.805908203125,0.8687493801116943,655.3499755859375,2.0,0.0,41.0,26.212919235229492,168.73939514160156
99.94904327392578,7.1691999435424805,14.775449752807617,-0.16726510226726532,835.2957763671875,172.27920532226562,5.505174160003662,79.62996673583984,368.35040283203125,46.204750061035156,357.643310546875,46.204750061035156,11.917400360107422,38.94831848144531,652.4810180664062,21.59231948852539,-8.99962043762207,30.59193992614746,13.785670280456543,-0.16726510226726532,2347.0,2347.0,2347.0,0.42569270730018616,204.0,0.9117674827575684,655.3499755859375,164.08619689941406,4.951746940612793,1.0,5393.75,0.8607913851737976,655.3499755859375,2.0,0.0,29.0,18.809280395507812,145.33380126953125
282.39739990234375,6.237897872924805,13.645990371704102,-0.8634055852890015,800.467529296875,174.03489685058594,4.369891166687012,83.58396911621094,364.3861083984375,42.425018310546875,346.2242126464844,42.425018310546875,11.907950401306152,39.53388977050781,634.2542724609375,20.435319900512695,-9.683208465576172,30.1185302734375,12.580329895019531,-0.8634055852890015,2858.0,2858.0,2858.0,0.40165919065475464,188.0,0.8313719034194946,655.3499755859375,1680.43505859375,4.186078071594238,1.0,1637.7440185546875,0.8647766709327698,655.3499755859375,2.0,0.0,39.0,22.223430633544922,160.41000366210938
156.6136932373047,5.7824530601501465,13.357890129089355,-1.5050510168075562,824.9155883789062,177.58560180664062,4.786712169647217,82.52139282226562,372.73968505859375,44.165401458740234,355.6935119628906,44.165401458740234,11.467700004577637,38.35089111328125,643.0252075195312,20.084659576416016,-9.81475830078125,29.8994197845459,12.272270202636719,-1.5050510168075562,2839.0,2839.0,2839.0,0.4079129099845886,195.0,0.829118013381958,655.3499755859375,76.15714263916016,4.553033828735352,1.0,3305.508056640625,0.864253580570221,655.3499755859375,2.0,0.0,39.0,27.824129104614258,159.8386993408203
106.47789764404297,6.356881141662598,13.81406021118164,-0.7366027235984802,798.3212280273438,174.16799926757812,4.228612899780273,83.87201690673828,363.57769775390625,41.41925811767578,345.7909851074219,41.41925811767578,11.467989921569824,38.63914108276367,632.9619750976562,20.567840576171875,-9.108016967773438,29.675859451293945,12.707900047302246,-0.7366027235984802,2783.0,2783.0,2783.0,0.4726211130619049,203.0,0.8762735724449158,655.3499755859375,1123.9169921875,4.98681116104126,0.1135639026761055,3564.39306640625,0.8742449879646301,655.3499755859375,2.0,0.0,50.0,31.73406982421875,158.29840087890625
166.14610290527344,5.591842174530029,13.058549880981445,-1.3903460502624512,799.4271850585938,175.73609924316406,4.302148818969727,83.99996185302734,363.7132873535156,42.5956916809082,343.76580810546875,42.5956916809082,10.907670021057129,37.82194900512695,623.3795776367188,19.784809112548828,-9.051403045654297,28.836210250854492,11.816699981689453,-1.3903460502624512,2859.0,2859.0,2859.0,0.47875770926475525,202.0,0.9034935235977173,655.3499755859375,445.2561950683594,4.695631980895996,2.0,2986.56103515625,0.848652184009552,655.3499755859375,2.0,0.0,39.0,21.32805061340332,160.3625946044922
155.4720001220703,7.1370849609375,14.786250114440918,-0.21593549847602844,834.7734985351562,171.9438018798828,5.405636787414551,79.68435668945312,368.7405090332031,45.82585144042969,357.8658142089844,45.82585144042969,11.685230255126953,38.443721771240234,654.715576171875,21.49725914001465,-8.890172958374023,30.38743019104004,13.792830467224121,-0.21593549847602844,2430.0,2430.0,2430.0,0.36049801111221313,192.0,0.9507225155830383,655.3499755859375,345.93560791015625,3.9863340854644775,0.6953713893890381,5824.93115234375,0.8403382897377014,655.3499755859375,2.0,0.0,52.0,33.88679885864258,147.75979614257812
117.98860168457031,8.9608154296875,16.407960891723633,2.036298990249634,824.6995849609375,170.3321075439453,4.994332790374756,79.93380737304688,366.8691101074219,43.90943145751953,359.6798095703125,43.90943145751953,13.156279563903809,42.00382995605469,637.1735229492188,23.637819290161133,-7.680903911590576,31.318729400634766,15.558939933776855,2.036298990249634,2204.0,2204.0,2204.0,0.5173243284225464,212.0,0.9597309827804565,655.3499755859375,108.5895004272461,5.396096229553223,1.0,4191.85009765625,0.8988214731216431,655.3499755859375,0.0,0.0,68.0,39.821929931640625,140.9691925048828
27.126779556274414,5.162732124328613,12.642970085144043,-1.9616299867630005,812.1251831054688,176.79440307617188,4.519228935241699,83.03153228759766,367.3739013671875,43.676841735839844,347.10931396484375,43.676841735839844,11.402159690856934,38.44208908081055,634.8532104492188,19.273210525512695,-10.387399673461914,29.660600662231445,11.515609741210938,-1.9616299867630005,2828.0,2828.0,2828.0,0.3869852125644684,185.0,0.8448861241340637,655.3499755859375,820.5825805664062,3.9504098892211914,1.0,1990.197021484375,0.8242024779319763,655.3499755859375,2.0,0.0,41.0,28.285709381103516,159.55760192871094
142.9154052734375,5.166729927062988,12.816360473632812,-2.1416471004486084,829.9083862304688,179.43409729003906,5.0049052238464355,82.49394989013672,374.42620849609375,44.925479888916016,356.5120849609375,44.925479888916016,11.141579627990723,37.52682876586914,645.7078857421875,19.37116050720215,-10.315919876098633,29.687070846557617,11.676440238952637,-2.1416471004486084,2921.0,2921.0,2921.0,0.3362334966659546,186.0,0.8882694244384766,655.3499755859375,221.60899353027344,3.981005907058716,1.0,3693.51708984375,0.8417661190032959,655.3499755859375,2.0,0.0,48.0,31.724340438842773,162.18710327148438
245.84219360351562,5.103577136993408,12.679710388183594,-2.1328179836273193,809.122314453125,175.32200622558594,4.599999904632568,82.78153991699219,365.0205993652344,43.21100997924805,345.03460693359375,43.21100997924805,11.416210174560547,38.07912063598633,643.1566162109375,19.310789108276367,-10.669269561767578,29.980060577392578,11.545249938964844,-2.1328179836273193,3016.0,3016.0,3016.0,0.535281777381897,196.0,0.8410161733627319,655.3499755859375,628.5291748046875,4.587100982666016,1.0,1585.9139404296875,0.8759205937385559,655.3499755859375,2.0,0.0,40.0,25.68022918701172,164.7991943359375
104.08260345458984,6.893102169036865,14.466110229492188,-0.36495068669319153,835.4730224609375,171.85189819335938,5.410933971405029,79.30915069580078,368.37359619140625,45.99081039428711,355.77978515625,45.99081039428711,11.747139930725098,38.806800842285156,647.450927734375,21.216550827026367,-9.048856735229492,30.265399932861328,13.480950355529785,-0.36495068669319153,2825.0,2825.0,2825.0,0.3599439859390259,164.0,0.9414327144622803,655.3499755859375,665.7333984375,2.8980839252471924,1.0,5536.15185546875,0.7982162833213806,655.3499755859375,0.0,0.0,66.0,37.66334915161133,159.2541961669922
149.21139526367188,9.241753578186035,16.62200927734375,2.6589410305023193,827.8884887695312,170.52059936523438,5.176833152770996,79.75424194335938,369.58538818359375,44.74134826660156,360.1390075683594,44.74134826660156,12.984869956970215,42.42890930175781,621.4003295898438,23.96367073059082,-6.642037868499756,30.605709075927734,15.618370056152344,2.6589410305023193,2499.0,2499.0,2499.0,0.4229179918766022,204.0,0.9669110178947449,655.3499755859375,905.0618896484375,4.828402996063232,1.0,3592.760986328125,0.8657189011573792,655.3499755859375,4.0,0.0,39.0,26.312969207763672,150.15499877929688
172.05870056152344,5.465697765350342,13.136039733886719,-1.8705229759216309,804.671875,173.3426971435547,4.598728179931641,82.536376953125,362.48529052734375,43.65531921386719,343.2434997558594,43.65531921386719,11.247969627380371,37.38275909423828,651.6959838867188,19.680570602416992,-10.407679557800293,30.08824920654297,12.012800216674805,-1.8705229759216309,3130.0,3130.0,3130.0,0.39902541041374207,192.0,0.9105557799339294,655.3499755859375,975.3836059570312,4.446853160858154,1.0,2335.9140625,0.8552759885787964,655.3499755859375,2.0,0.0,65.0,39.88364028930664,167.65240478515625
322.1556091308594,7.468588829040527,14.830510139465332,0.5574588179588318,832.098388671875,170.91920471191406,5.279064178466797,79.16187286376953,366.1170959472656,46.51710891723633,353.7001953125,46.51710891723633,12.711099624633789,41.3979606628418,628.44873046875,21.93151092529297,-8.768542289733887,30.700050354003906,13.830619812011719,0.5574588179588318,2618.0,2618.0,2618.0,0.3060935139656067,189.0,0.965525209903717,655.3499755859375,414.0862121582031,4.232255935668945,1.0,4782.85791015625,0.847959578037262,655.3499755859375,0.0,0.0,47.0,29.57876968383789,153.28770446777344
49.174068450927734,5.852729797363281,13.452110290527344,-1.4170490503311157,800.0219116210938,172.8809051513672,4.5,82.97218322753906,360.9551086425781,43.0,342.3471984863281,43.0,11.147350311279297,37.44906997680664,645.1079711914062,19.976560592651367,-9.790319442749023,29.76688003540039,12.305899620056152,-1.4170490503311157,2787.0,2787.0,2787.0,0.5300688147544861,204.0,0.9299010038375854,655.3499755859375,145.451904296875,5.000798225402832,0.07805366814136505,2165.72607421875,0.8802188038825989,655.3499755859375,2.0,0.0,55.0,33.547088623046875,158.2602996826172
48.551578521728516,5.755360126495361,13.372870445251465,-1.511343002319336,843.2672729492188,176.64830017089844,5.551384925842285,79.68329620361328,373.52801513671875,47.06937026977539,357.16290283203125,47.06937026977539,11.160340309143066,37.61764144897461,645.4207763671875,19.902790069580078,-9.760777473449707,29.663570404052734,12.312910079956055,-1.511343002319336,2656.0,2656.0,2656.0,0.34347110986709595,178.0,0.9438114166259766,655.3499755859375,94.79139709472656,3.6346681118011475,1.0,6006.580078125,0.8312718868255615,655.3499755859375,2.0,0.0,57.0,32.937191009521484,154.6907958984375
108.20770263671875,5.417136192321777,13.155289649963379,-2.0186970233917236,804.0164184570312,172.6074981689453,4.599999904632568,82.30805969238281,361.6791076660156,43.91400146484375,342.42779541015625,43.91400146484375,11.098090171813965,36.9028205871582,658.0792846679688,19.558799743652344,-10.515970230102539,30.074779510498047,12.041760444641113,-2.0186970233917236,2787.0,2787.0,2787.0,0.5048794150352478,204.0,0.9243382811546326,655.3499755859375,1671.97900390625,5.049912929534912,0.6953713893890381,2790.35302734375,0.8875042796134949,655.3499755859375,2.0,0.0,53.0,34.89149856567383,158.3455047607422
57.96472930908203,5.249064922332764,13.122509956359863,-2.2750260829925537,794.9166259765625,170.09939575195312,4.685123920440674,83.10478973388672,357.5234069824219,42.188838958740234,338.44830322265625,42.188838958740234,10.572070121765137,35.58763122558594,665.1953735351562,19.291120529174805,-10.416529655456543,29.70764923095703,11.954010009765625,-2.2750260829925537,2825.0,2825.0,2825.0,0.4375799894332886,207.0,0.9282385110855103,655.3499755859375,155.20860290527344,5.138312816619873,0.9254630208015442,3837.027099609375,0.8979666829109192,655.3499755859375,2.0,0.0,87.0,47.17789077758789,159.49330139160156
132.639892578125,7.661333084106445,15.161370277404785,0.5030316114425659,830.1995849609375,170.71310424804688,5.307116985321045,80.05531311035156,368.1697998046875,45.3297004699707,359.169189453125,45.3297004699707,12.092809677124023,39.71240997314453,643.2310791015625,22.033489227294922,-8.40550708770752,30.43899917602539,14.207260131835938,0.5030316114425659,2386.0,2386.0,2386.0,0.3427444100379944,199.0,0.9667227864265442,655.3499755859375,440.8572082519531,4.757607936859131,1.0,5221.60888671875,0.8935347199440002,655.3499755859375,2.0,0.0,27.0,17.367170333862305,146.53799438476562
104.98729705810547,6.265900135040283,13.944100379943848,-1.093559980392456,790.3649291992188,169.28250122070312,4.5,82.80171203613281,356.11370849609375,43.0,338.5069885253906,43.0,11.08234977722168,37.11132049560547,651.8576049804688,20.413759231567383,-9.449042320251465,29.86280059814453,12.799960136413574,-1.093559980392456,2535.0,2535.0,2535.0,0.547854483127594,211.0,0.932701826095581,655.3499755859375,28.39097023010254,5.344371795654297,1.772871971130371,1666.218017578125,0.9026464223861694,655.3499755859375,2.0,0.0,48.0,26.57819938659668,150.91470336914062
301.1889953613281,6.470301151275635,14.226829528808594,-0.9936637282371521,791.209228515625,168.03880310058594,4.5,82.1906509399414,355.3564147949219,42.98902893066406,338.6924133300781,42.98902893066406,11.096309661865234,36.786468505859375,660.1397094726562,20.755840301513672,-9.408117294311523,30.163959503173828,13.093070030212402,-0.9936637282371521,2868.0,2868.0,2868.0,0.4740254878997803,198.0,0.9108343720436096,655.3499755859375,804.2885131835938,4.68362283706665,1.0,1737.8929443359375,0.8883805274963379,655.3499755859375,2.0,0.0,74.0,42.27019119262695,160.4656982421875
137.27870178222656,8.968908309936523,16.309810638427734,2.2667579650878906,823.8438110351562,169.57229614257812,4.986210823059082,80.17389678955078,365.2585144042969,44.21726989746094,359.7261962890625,44.21726989746094,13.209850311279297,42.67802047729492,624.0913696289062,23.59832000732422,-7.354903221130371,30.95322036743164,15.346759796142578,2.2667579650878906,2298.0,2298.0,2298.0,0.4928934872150421,214.0,0.9535086154937744,655.3499755859375,414.1402893066406,5.418375015258789,1.0,3971.60888671875,0.8819035291671753,655.3499755859375,2.0,0.0,49.0,29.504919052124023,143.81190490722656
78.99951934814453,6.296910762786865,13.976909637451172,-1.02948796749115,832.4420166015625,173.61219787597656,5.261044025421143,80.02535247802734,369.3581848144531,45.8926887512207,354.4648132324219,45.8926887512207,11.020890235900879,37.188270568847656,651.4613037109375,20.412160873413086,-9.217315673828125,29.629480361938477,12.927430152893066,-1.02948796749115,2558.0,2558.0,2558.0,0.43271151185035706,200.0,0.9560738801956177,655.3499755859375,758.509521484375,4.670834064483643,1.0,5971.60888671875,0.8807476758956909,655.3499755859375,2.0,0.0,43.0,27.29977035522461,151.77029418945312
128.55369567871094,4.430545806884766,12.27001953125,-2.920943021774292,833.5725708007812,177.12330627441406,5.199999809265137,80.76435852050781,370.9215087890625,46.27616882324219,351.0555114746094,46.27616882324219,10.1593599319458,35.1449089050293,653.8317260742188,18.368179321289062,-10.538749694824219,28.906930923461914,11.033599853515625,-2.920943021774292,2840.0,2840.0,2840.0,0.39067378640174866,206.0,0.9587041735649109,655.3499755859375,1267.2979736328125,5.036960124969482,1.0,6191.783203125,0.8774216175079346,655.3499755859375,2.0,0.0,44.0,25.52338981628418,159.77999877929688
115.17919921875,5.823369026184082,13.753640174865723,-1.821813941001892,792.5736083984375,168.38600158691406,4.599999904632568,82.10868072509766,354.6792907714844,42.97713851928711,336.6474914550781,42.97713851928711,10.66746997833252,35.50144958496094,673.993408203125,19.892749786376953,-10.15625,30.049009323120117,12.625740051269531,-1.821813941001892,2654.0,2654.0,2654.0,0.6244460940361023,215.0,0.9386926889419556,655.3499755859375,300.4914855957031,5.492053031921387,0.14907410740852356,3143.235107421875,0.9088528156280518,655.3499755859375,2.0,0.0,38.0,23.932910919189453,154.43780517578125
73.1397476196289,4.161794185638428,12.07759952545166,-3.2576100826263428,814.517822265625,175.3563995361328,4.726326942443848,82.46540069580078,365.5953063964844,43.88602828979492,345.26849365234375,43.88602828979492,9.891307830810547,34.2805290222168,659.6090698242188,17.99785041809082,-10.856510162353516,28.854360580444336,10.79740047454834,-3.2576100826263428,2914.0,2914.0,2914.0,0.3653019964694977,196.0,0.9292178750038147,655.3499755859375,221.60899353027344,4.475031852722168,1.0,5083.27197265625,0.8862308263778687,655.3499755859375,2.0,0.0,48.0,30.342859268188477,162.0054931640625
186.6652069091797,9.73577880859375,16.796049118041992,3.539073944091797,823.0444946289062,169.6840057373047,5.359868049621582,79.57147216796875,362.1370849609375,44.71187973022461,356.59521484375,44.71187973022461,11.852970123291016,41.34587860107422,595.4525146484375,23.867130279541016,-4.79595422744751,28.663089752197266,15.97560977935791,3.539073944091797,2456.0,2456.0,2456.0,0.5059052109718323,217.0,0.9802513122558594,655.3499755859375,794.5695190429688,5.639626979827881,1.0,2300.513916015625,0.9032086133956909,655.3499755859375,4.0,0.0,53.0,32.14714050292969,148.42750549316406
146.39480590820312,8.721857070922852,15.950289726257324,2.2947990894317627,825.3200073242188,169.5041046142578,5.300000190734863,79.38646697998047,361.9590148925781,46.102359771728516,354.2255859375,46.102359771728516,13.104619979858398,43.10776138305664,608.4127197265625,23.365779876708984,-7.034059047698975,30.399839401245117,14.819560050964355,2.2947990894317627,2473.0,2473.0,2473.0,0.3958215117454529,204.0,0.9412428140640259,655.3499755859375,0.0,4.757837772369385,1.0,3522.6708984375,0.8615474104881287,655.3499755859375,2.0,0.0,39.0,24.24020004272461,149.21290588378906
84.66265106201172,6.537974834442139,14.304089546203613,-0.7395129799842834,785.6032104492188,168.28970336914062,4.400000095367432,82.38017272949219,352.6158142089844,43.14263153076172,336.47601318359375,43.14263153076172,10.502559661865234,36.0966796875,649.18701171875,20.698280334472656,-8.396163940429688,29.094449996948242,13.0235595703125,-0.7395129799842834,2432.0,2432.0,2432.0,0.6456894278526306,216.0,0.9356526732444763,655.3499755859375,145.451904296875,5.654366970062256,2.0,145.451904296875,0.9165670871734619,655.3499755859375,2.0,0.0,41.0,25.651079177856445,147.9674072265625
262.94488525390625,6.662812232971191,14.731659889221191,-1.0855779647827148,786.19677734375,165.70469665527344,4.624255180358887,82.20527648925781,351.83428955078125,41.93080139160156,337.6654968261719,41.93080139160156,10.63086986541748,35.047420501708984,685.6138916015625,20.883670806884766,-9.446368217468262,30.33003044128418,13.607049942016602,-1.0855779647827148,2545.0,2545.0,2545.0,0.5661236047744751,218.0,0.9294977784156799,655.3499755859375,784.6004028320312,5.668924808502197,0.03902683034539223,3398.44189453125,0.9245054125785828,655.3499755859375,2.0,0.0,52.0,32.13079833984375,151.3018035888672
258.468994140625,5.249149799346924,13.149740219116211,-2.207775115966797,806.7252807617188,171.84559631347656,4.757511138916016,81.87934112548828,360.685302734375,44.155601501464844,342.1299133300781,44.155601501464844,10.16786003112793,34.805809020996094,662.9360961914062,19.180269241333008,-10.030070304870605,29.21034049987793,11.945719718933105,-2.207775115966797,2908.0,2908.0,2908.0,0.30420780181884766,199.0,0.8696072101593018,655.3499755859375,544.75537109375,4.623545169830322,1.0,4660.62109375,0.9088551998138428,655.3499755859375,2.0,0.0,75.0,40.27642822265625,161.77149963378906
207.23939514160156,8.1964750289917,15.398409843444824,1.875411033630371,824.7208862304688,169.68240356445312,5.300000190734863,79.49987030029297,361.85211181640625,46.1356201171875,350.0434875488281,46.1356201171875,12.670310020446777,42.61450958251953,601.192626953125,22.71034049987793,-7.01186990737915,29.722209930419922,14.24176025390625,1.875411033630371,2666.0,2666.0,2666.0,0.4303933084011078,198.0,0.9451643228530884,655.3499755859375,345.93560791015625,4.452005863189697,1.0,3401.64990234375,0.8863587975502014,655.3499755859375,0.0,0.0,48.0,30.620159149169922,154.73899841308594
112.08110046386719,8.992772102355957,15.856670379638672,3.0363519191741943,824.0391845703125,168.9752960205078,5.4317522048950195,78.96835327148438,361.7549133300781,46.135929107666016,349.0028991699219,46.135929107666016,11.154159545898438,40.36219024658203,577.8806762695312,22.571809768676758,-5.0625457763671875,27.634349822998047,14.951700210571289,3.0363519191741943,2654.0,2654.0,2654.0,0.44932371377944946,199.0,0.9652882218360901,655.3499755859375,1164.0860595703125,4.644965171813965,1.0,1812.98095703125,0.8802919983863831,655.3499755859375,4.0,0.0,42.0,29.24604034423828,154.51600646972656
305.5481872558594,5.569414138793945,13.510869979858398,-1.9664700031280518,800.4027709960938,171.285400390625,4.699999809265137,82.01151275634766,358.135009765625,44.0264892578125,339.6820068359375,44.0264892578125,10.23328971862793,34.73958969116211,669.7536010742188,19.513540267944336,-9.938650131225586,29.452190399169922,12.332019805908203,-1.9664700031280518,2759.0,2759.0,2759.0,0.4166567921638489,206.0,0.9622061252593994,655.3499755859375,513.6641235351562,4.922179222106934,0.07805366814136505,3514.986083984375,0.9017143249511719,655.3499755859375,2.0,0.0,48.0,29.858659744262695,157.59579467773438
184.5554962158203,6.953734874725342,14.774290084838867,-0.3877984881401062,784.809326171875,167.04330444335938,4.454930782318115,82.06620788574219,351.2510070800781,43.214900970458984,337.3642883300781,43.214900970458984,10.5529203414917,36.01694107055664,654.6646728515625,21.193330764770508,-8.102336883544922,29.295669555664062,13.509650230407715,-0.3877984881401062,2643.0,2643.0,2643.0,0.6119323968887329,212.0,0.9095230102539062,655.3499755859375,300.4914855957031,5.270419120788574,1.8509260416030884,578.82958984375,0.8948369026184082,655.3499755859375,2.0,0.0,109.0,45.232688903808594,154.18359375
133.74929809570312,8.944940567016602,15.757909774780273,3.0305609703063965,818.306884765625,168.3271942138672,5.400000095367432,79.13732147216797,357.5212097167969,45.68714141845703,345.5775146484375,45.68714141845703,11.059430122375488,40.17018127441406,574.70458984375,22.45439910888672,-5.077901840209961,27.53230094909668,14.816969871520996,3.0305609703063965,2705.0,2705.0,2705.0,0.48461151123046875,212.0,0.9676225781440735,655.3499755859375,664.086181640625,5.335267066955566,1.0,1974.531005859375,0.9022369980812073,655.3499755859375,4.0,0.0,45.0,29.983470916748047,155.88429260253906
133.0272979736328,5.355013847351074,13.301810264587402,-2.221312999725342,800.5621948242188,169.98399353027344,4.947910785675049,81.40766906738281,356.16180419921875,44.41571044921875,337.73260498046875,44.41571044921875,10.415849685668945,35.1561393737793,669.4901123046875,19.329519271850586,-10.282529830932617,29.612049102783203,12.12693977355957,-2.221312999725342,2830.0,2830.0,2830.0,0.6069645881652832,218.0,0.9551141858100891,655.3499755859375,1182.0810546875,5.735261917114258,0.14907410740852356,2776.701904296875,0.9100006222724915,655.3499755859375,2.0,0.0,31.0,19.715639114379883,159.51109313964844
125.29759979248047,7.500428199768066,14.611680030822754,1.422413945198059,826.7590942382812,170.8721923828125,5.391190052032471,79.2995834350586,362.6258850097656,47.25297927856445,345.69580078125,47.25297927856445,11.4096097946167,40.34027099609375,588.017822265625,21.59280014038086,-6.687047004699707,28.279850006103516,13.465310096740723,1.422413945198059,2850.0,2850.0,2850.0,0.47139060497283936,211.0,0.9494063854217529,655.3499755859375,505.16180419921875,5.439760208129883,1.0,3235.85107421875,0.8994798064231873,655.3499755859375,2.0,0.0,61.0,37.31169891357422,160.201904296875
88.13876342773438,5.74403190612793,13.513810157775879,-1.3947420120239258,792.5383911132812,171.88710021972656,4.681612968444824,81.70848846435547,355.3205871582031,45.22288131713867,336.4859924316406,45.22288131713867,9.567961692810059,34.49674987792969,638.0405883789062,19.55607032775879,-8.17931842803955,27.735389709472656,12.085410118103027,-1.3947420120239258,2801.0,2801.0,2801.0,0.5489177703857422,210.0,0.8837332725524902,655.3499755859375,155.20860290527344,5.159059047698975,2.0,155.20860290527344,0.8851761817932129,655.3499755859375,2.0,0.0,51.0,30.259540557861328,158.7657012939453
234.1020965576172,7.4989118576049805,15.309229850769043,0.0323445200920105,791.7794189453125,165.58819580078125,4.7378058433532715,82.02171325683594,354.4023132324219,42.06644821166992,344.0299987792969,42.06644821166992,11.472840309143066,37.43349075317383,667.654296875,21.94556999206543,-8.702889442443848,30.648460388183594,14.285249710083008,0.0323445200920105,2472.0,2472.0,2472.0,0.3652850091457367,202.0,0.9142857193946838,655.3499755859375,628.5291748046875,4.763392925262451,1.0,2999.9130859375,0.9230278134346008,655.3499755859375,2.0,0.0,81.0,43.88248825073242,149.0345001220703
40.729949951171875,7.642655849456787,14.829549789428711,1.3174389600753784,822.6278076171875,170.30169677734375,5.346974849700928,79.81211853027344,362.5226135253906,46.57175064086914,347.680908203125,46.57175064086914,12.634819984436035,42.60546112060547,599.576904296875,22.128400802612305,-7.523261070251465,29.651660919189453,13.68474006652832,1.3174389600753784,2375.0,2375.0,2375.0,0.5088983178138733,213.0,0.9657374024391174,655.3499755859375,637.1580810546875,5.4907050132751465,0.6873108148574829,4399.26611328125,0.9106305837631226,655.3499755859375,2.0,0.0,37.0,22.9832706451416,146.24859619140625
252.31689453125,8.14246654510498,15.933560371398926,0.6673862934112549,789.5316162109375,164.4635009765625,4.689597129821777,82.13301849365234,353.6835021972656,41.8478889465332,346.5487976074219,41.8478889465332,11.924830436706543,38.30978012084961,669.536376953125,22.76711082458496,-8.353856086730957,31.120960235595703,14.96753978729248,0.6673862934112549,2345.0,2345.0,2345.0,0.43492141366004944,205.0,0.9698268175125122,655.3499755859375,634.7501831054688,4.9603271484375,1.0,2303.614013671875,0.9136645197868347,655.3499755859375,2.0,0.0,67.0,37.2335205078125,145.3253936767578
74.28897094726562,4.785431861877441,12.544639587402344,-2.475270986557007,802.0084838867188,173.0478973388672,4.800000190734863,81.27359771728516,356.6271057128906,46.168540954589844,335.2524108886719,46.168540954589844,10.293259620666504,35.93037033081055,645.1016845703125,18.721359252929688,-9.925040245056152,28.646400451660156,11.248330116271973,-2.475270986557007,3093.0,3093.0,3093.0,0.44960251450538635,202.0,0.9109727144241333,655.3499755859375,469.05230712890625,4.868783950805664,0.14907410740852356,2004.178955078125,0.862934410572052,655.3499755859375,2.0,0.0,51.0,28.644290924072266,166.8361053466797
337.5694885253906,9.050764083862305,15.991909980773926,3.0374460220336914,809.6234130859375,167.97259521484375,5.092922210693359,79.94003295898438,355.2856140136719,45.42258071899414,343.69659423828125,45.42258071899414,11.307499885559082,40.431419372558594,582.5848999023438,22.836990356445312,-5.125392913818359,27.962390899658203,15.038949966430664,3.0374460220336914,2676.0,2676.0,2676.0,0.4805432856082916,211.0,0.929392397403717,655.3499755859375,840.138916015625,5.394104957580566,1.0,3646.56689453125,0.8918297290802002,655.3499755859375,3.0,0.0,33.0,25.346439361572266,155.19200134277344
295.5635070800781,6.846742153167725,14.1422700881958,0.09666188061237335,797.9569091796875,169.7758026123047,4.790553092956543,81.36737823486328,355.4652099609375,44.151248931884766,337.073486328125,44.151248931884766,13.128060340881348,42.502811431884766,619.9859008789062,21.469669342041016,-9.41608715057373,30.885759353637695,13.035090446472168,0.09666188061237335,2639.0,2639.0,2639.0,0.484413206577301,207.0,0.9748501181602478,655.3499755859375,267.4753112792969,5.044957160949707,0.07453703880310059,2047.428955078125,0.9127274751663208,655.3499755859375,0.0,0.0,39.0,25.65291976928711,154.13099670410156
218.9781036376953,7.092704772949219,14.786749839782715,-0.29165148735046387,787.4647827148438,166.71400451660156,4.569822788238525,81.51463317871094,350.4483947753906,43.65058135986328,335.9009094238281,43.65058135986328,11.809630393981934,38.929100036621094,653.831787109375,21.481889724731445,-8.85042953491211,30.332319259643555,13.751740455627441,-0.29165148735046387,2527.0,2527.0,2527.0,0.5484700202941895,215.0,0.9217358231544495,655.3499755859375,479.9679870605469,5.441596984863281,0.8363847732543945,1354.969970703125,0.9103677868843079,655.3499755859375,2.0,0.0,47.0,32.37879180908203,150.80889892578125
87.17373657226562,8.548564910888672,15.815079689025879,2.180176019668579,829.794189453125,169.23350524902344,5.837697982788086,78.68685913085938,361.654296875,46.50912857055664,351.9089050292969,46.50912857055664,11.965399742126465,40.584388732910156,608.6723022460938,23.193340301513672,-6.289505958557129,29.48284912109375,14.729020118713379,2.180176019668579,2392.0,2392.0,2392.0,0.4276188015937805,201.0,0.9685236215591431,655.3499755859375,94.79139709472656,4.659984111785889,1.0,108.5895004272461,0.8886523842811584,655.3499755859375,4.0,0.0,41.0,26.617809295654297,146.78829956054688
223.9123992919922,7.823462963104248,15.638489723205566,0.4058147072792053,782.2451171875,165.44189453125,4.315857887268066,81.88874053955078,349.2001953125,41.87168884277344,339.4637145996094,41.87168884277344,11.563920021057129,38.11439895629883,658.8922729492188,22.39365005493164,-7.942965984344482,30.336610794067383,14.557069778442383,0.4058147072792053,2231.0,2231.0,2231.0,0.5856751799583435,212.0,0.9042400121688843,655.3499755859375,304.22088623046875,5.268564224243164,0.41819238662719727,2926.64599609375,0.8831750750541687,655.3499755859375,2.0,0.0,63.0,35.78268051147461,141.68980407714844
333.1708068847656,9.635361671447754,16.75695037841797,3.399993896484375,820.4445190429688,168.131103515625,5.3596110343933105,79.35533905029297,358.9566955566406,44.17789077758789,354.1859130859375,44.17789077758789,11.785730361938477,40.627750396728516,599.3787231445312,23.976720809936523,-5.031542778015137,29.00826072692871,15.900480270385742,3.399993896484375,2136.0,2136.0,2136.0,0.45537620782852173,216.0,0.9606205224990845,655.3499755859375,278.3909912109375,5.7789201736450195,1.0,755.252197265625,0.875580370426178,655.3499755859375,4.0,0.0,42.0,28.72821044921875,138.39120483398438
178.6175994873047,5.634281158447266,13.565139770507812,-1.7054569721221924,789.2147827148438,171.9822998046875,4.699999809265137,81.97440338134766,354.06329345703125,44.63893127441406,333.8960876464844,44.63893127441406,9.455015182495117,33.70716857910156,653.525390625,19.369300842285156,-8.678909301757812,28.04821014404297,12.206210136413574,-1.7054569721221924,2749.0,2749.0,2749.0,0.5393521189689636,199.0,0.8856673836708069,655.3499755859375,567.4896240234375,4.577998161315918,0.8864361047744751,4502.4267578125,0.8649953007698059,655.3499755859375,2.0,0.0,50.0,28.7172794342041,157.2180938720703
199.30599975585938,6.131430149078369,14.0072603225708,-1.2201060056686401,797.8557739257812,171.91360473632812,4.680811882019043,81.17320251464844,356.8045959472656,45.21820831298828,338.3572998046875,45.21820831298828,10.037839889526367,35.068641662597656,653.4696044921875,20.143470764160156,-8.471677780151367,28.615150451660156,12.746310234069824,-1.2201060056686401,2915.0,2915.0,2915.0,0.4049068093299866,188.0,0.8850166201591492,655.3499755859375,736.2708740234375,4.106564998626709,1.0,4564.1767578125,0.8505365252494812,655.3499755859375,2.0,0.0,68.0,39.84642028808594,161.7563018798828
228.4949951171875,8.320194244384766,15.683210372924805,1.7116600275039673,818.2918090820312,168.13600158691406,5.484756946563721,79.186767578125,357.494384765625,45.75457000732422,347.06500244140625,45.75457000732422,12.703470230102539,41.752010345458984,619.9871826171875,23.080690383911133,-7.345180988311768,30.425870895385742,14.54181957244873,1.7116600275039673,2657.0,2657.0,2657.0,0.46627360582351685,211.0,0.9381946921348572,655.3499755859375,1123.9169921875,5.293791770935059,1.0,3080.702880859375,0.9123314023017883,655.3499755859375,4.0,0.0,48.0,32.127140045166016,154.6024932861328
122.98049926757812,7.8987321853637695,15.1741304397583,1.533316969871521,831.7329711914062,171.80799865722656,5.80716609954834,78.7435531616211,363.3695068359375,47.869590759277344,349.4307861328125,47.869590759277344,12.076689720153809,41.02531051635742,605.72607421875,22.572290420532227,-6.864651203155518,29.436939239501953,14.039460182189941,1.533316969871521,2627.0,2627.0,2627.0,0.4261072874069214,203.0,0.9686686992645264,655.3499755859375,1415.052001953125,4.908833026885986,1.0,1998.93994140625,0.8753095865249634,655.3499755859375,4.0,0.0,46.0,29.296720504760742,153.7384033203125
179.32460021972656,7.358325004577637,15.204569816589355,-0.0788358673453331,791.0084838867188,166.3135986328125,4.681038856506348,81.09541320800781,351.4150085449219,44.01622009277344,338.6492004394531,44.01622009277344,11.077280044555664,36.98400115966797,660.4229125976562,21.80521011352539,-8.141653060913086,29.946870803833008,14.04524040222168,-0.0788358673453331,2452.0,2452.0,2452.0,0.5243160128593445,206.0,0.9334961771965027,655.3499755859375,578.82958984375,4.977475166320801,0.9254630208015442,5010.244140625,0.9002665281295776,655.3499755859375,2.0,0.0,59.0,39.55345916748047,148.69070434570312
255.3365936279297,7.754055976867676,15.332509994506836,0.5579503178596497,794.200927734375,166.32760620117188,4.930368900299072,80.3941879272461,350.2825012207031,44.655738830566406,337.03851318359375,44.655738830566406,13.14428997039795,41.44858932495117,648.7670288085938,22.51287078857422,-9.199685096740723,31.712549209594727,14.207880020141602,0.5579503178596497,2639.0,2639.0,2639.0,0.5131096243858337,214.0,0.9697521924972534,655.3499755859375,1478.8780517578125,5.497910976409912,0.34365540742874146,2327.26904296875,0.9187185168266296,655.3499755859375,4.0,0.0,48.0,33.53227996826172,154.03269958496094
154.2113037109375,6.152591228485107,13.98511028289795,-1.225064992904663,800.4373168945312,170.6519012451172,4.841475009918213,80.8017807006836,355.19580078125,45.67573928833008,337.6871032714844,45.67573928833008,10.470569610595703,35.867740631103516,654.5172729492188,20.329490661621094,-8.847532272338867,29.177019119262695,12.749460220336914,-1.225064992904663,2870.0,2870.0,2870.0,0.3559977114200592,189.0,0.8978387713432312,655.3499755859375,1181.3280029296875,4.125095844268799,1.0,5605.201171875,0.8386731743812561,655.3499755859375,2.0,0.0,45.0,28.456600189208984,160.76890563964844
230.34950256347656,9.059586524963379,16.862930297851562,1.5503439903259277,782.5795288085938,163.49490356445312,4.3590779304504395,82.18607330322266,352.3088073730469,40.88008117675781,347.1708984375,40.88008117675781,13.128020286560059,40.536258697509766,673.6348876953125,24.028139114379883,-8.357074737548828,32.38521957397461,15.893210411071777,1.5503439903259277,2554.0,2554.0,2554.0,0.5280454158782959,212.0,0.9610853791236877,655.3499755859375,1107.406005859375,5.317647933959961,1.0,2587.285888671875,0.9116610288619995,655.3499755859375,3.0,0.0,69.0,38.28403854370117,151.6116943359375
28.900449752807617,6.083637237548828,13.6985502243042,-1.2143549919128418,804.1279907226562,171.70590209960938,4.900000095367432,80.68769073486328,356.24090576171875,45.67020034790039,337.2633056640625,45.67020034790039,11.674139976501465,38.665260314941406,647.40771484375,20.325969696044922,-9.867671966552734,30.193649291992188,12.647700309753418,-1.2143549919128418,2651.0,2651.0,2651.0,0.48414650559425354,208.0,0.948123574256897,655.3499755859375,479.9679870605469,5.294363975524902,0.6563447117805481,3931.24609375,0.9046698808670044,655.3499755859375,2.0,0.0,78.0,41.28813171386719,154.4362030029297
68.29606628417969,9.645251274108887,16.907489776611328,3.215256929397583,817.8311157226562,167.1063995361328,5.1539812088012695,79.53543853759766,359.11529541015625,44.38351821899414,354.9700012207031,44.38351821899414,12.439929962158203,41.59368896484375,610.0504150390625,24.2939395904541,-5.612576961517334,29.906509399414062,16.051729202270508,3.215256929397583,2247.0,2247.0,2247.0,0.5734145045280457,209.0,0.9520605206489563,655.3499755859375,755.252197265625,5.257096767425537,1.0,1843.614990234375,0.8961948156356812,655.3499755859375,4.0,0.0,48.0,31.30640983581543,142.1219024658203
237.8383026123047,7.4841179847717285,15.13068962097168,0.07368329167366028,789.8001708984375,166.21690368652344,4.745154857635498,80.69096374511719,349.35198974609375,44.91539001464844,335.0409851074219,44.91539001464844,12.880350112915039,40.53744888305664,658.4730224609375,22.030410766601562,-9.74361801147461,31.774019241333008,14.094690322875977,0.07368329167366028,2920.0,2920.0,2920.0,0.44307100772857666,203.0,0.9651603102684021,655.3499755859375,1535.386962890625,4.929703235626221,1.0,2635.77587890625,0.8951120972633362,655.3499755859375,1.0,0.0,51.0,34.12657165527344,162.09979248046875
192.9833984375,6.494205951690674,14.428420066833496,-0.9226319789886475,791.4130859375,169.91900634765625,4.799526214599609,81.24556732177734,353.4519958496094,44.48020935058594,336.5668029785156,44.48020935058594,9.827103614807129,34.329559326171875,658.669677734375,20.53883934020996,-8.085354804992676,28.624189376831055,13.121859550476074,-0.9226319789886475,2748.0,2748.0,2748.0,0.49544310569763184,199.0,0.9028838872909546,655.3499755859375,525.1937866210938,4.58751916885376,0.41819238662719727,6505.0869140625,0.8785877823829651,655.3499755859375,2.0,0.0,48.0,31.705400466918945,157.1416015625
262.0257873535156,9.119659423828125,16.97994041442871,1.535856008529663,779.6259765625,162.39739990234375,4.199999809265137,82.29058074951172,349.8671875,40.21434020996094,346.8512878417969,40.21434020996094,12.94616985321045,39.937530517578125,678.8856201171875,24.10378074645996,-8.312579154968262,32.416358947753906,16.013280868530273,1.535856008529663,2202.0,2202.0,2202.0,0.5440105199813843,215.0,0.9588028192520142,655.3499755859375,634.7501831054688,5.638132095336914,1.0,3292.383056640625,0.9142528176307678,655.3499755859375,2.0,0.0,67.0,36.5400390625,140.81979370117188
214.47579956054688,7.180760860443115,14.631500244140625,0.09837538003921509,818.2581176757812,168.7989044189453,5.517358779907227,78.89189910888672,357.8133850097656,47.20996856689453,343.17608642578125,47.20996856689453,13.018839836120605,41.454750061035156,637.9232788085938,21.85589027404785,-9.550674438476562,31.40656089782715,13.615799903869629,0.09837538003921509,2708.0,2708.0,2708.0,0.41475939750671387,209.0,0.9678667783737183,655.3499755859375,679.7327880859375,5.025993824005127,1.0,3474.547119140625,0.87359219789505,655.3499755859375,4.0,0.0,42.0,28.52145004272461,156.1862030029297
268.2124938964844,8.202323913574219,15.68690013885498,1.0442709922790527,802.4666137695312,165.38519287109375,5.0189337730407715,79.75363159179688,352.033203125,44.410030364990234,342.35931396484375,44.410030364990234,13.267290115356445,41.48320007324219,645.9879760742188,23.08502960205078,-8.896326065063477,31.98134994506836,14.7193603515625,1.0442709922790527,2562.0,2562.0,2562.0,0.4700218141078949,215.0,0.9758356809616089,655.3499755859375,181.5614013671875,5.485392093658447,1.0,2742.80908203125,0.9050704836845398,655.3499755859375,4.0,0.0,44.0,25.257509231567383,151.79949951171875
271.4862060546875,10.329919815063477,17.935890197753906,3.448951005935669,816.7650146484375,172.2198028564453,5.048122882843018,81.66475677490234,379.28619384765625,39.433380126953125,365.70159912109375,39.433380126953125,12.246319770812988,39.973899841308594,640.036376953125,25.3251895904541,-5.310614109039307,30.635799407958984,17.210880279541016,3.448951005935669,2045.0,2045.0,2045.0,0.44922301173210144,212.0,0.9645450711250305,655.3499755859375,414.0862121582031,5.311492919921875,1.0,1784.2850341796875,0.9155600070953369,655.3499755859375,0.0,0.0,62.0,38.93989944458008,135.44219970703125
149.16070556640625,4.2538251876831055,12.134140014648438,-2.98940110206604,804.2490234375,179.05459594726562,4.675900936126709,82.51946258544922,363.3747863769531,45.53786849975586,339.0968933105469,45.53786849975586,9.171343803405762,33.329341888427734,645.1478271484375,17.671640396118164,-9.845788955688477,27.51742935180664,10.686880111694336,-2.98940110206604,2960.0,2960.0,2960.0,0.48934149742126465,196.0,0.8740147948265076,655.3499755859375,301.32391357421875,4.425666809082031,0.07453703880310059,8059.80517578125,0.8565685749053955,655.3499755859375,2.0,0.0,57.0,35.81636047363281,163.33889770507812
47.79887008666992,6.971006870269775,14.318570137023926,0.253592312335968,832.8615112304688,172.6645050048828,5.7949910163879395,78.20440673828125,363.0486145019531,48.36381912231445,345.744384765625,48.36381912231445,13.061539649963379,42.37355041503906,618.08447265625,21.653789520263672,-9.170659065246582,30.82444953918457,13.161009788513184,0.253592312335968,2517.0,2517.0,2517.0,0.418756902217865,197.0,0.9477754831314087,655.3499755859375,479.9679870605469,4.532115936279297,1.0,2508.843994140625,0.877769410610199,655.3499755859375,0.0,0.0,38.0,26.156829833984375,150.47940063476562
151.2436981201172,10.669569969177246,18.148590087890625,3.872957944869995,836.521484375,173.98699951171875,5.28092622756958,81.34992218017578,392.9635925292969,39.06568908691406,379.7090148925781,39.06568908691406,12.040240287780762,39.853179931640625,630.25927734375,25.444639205932617,-4.767419815063477,30.212060928344727,17.475059509277344,3.872957944869995,2095.0,2095.0,2095.0,0.526449978351593,217.0,0.9518342018127441,655.3499755859375,493.62860107421875,5.655055999755859,1.0,3455.468994140625,0.9086964726448059,655.3499755859375,0.0,0.0,51.0,32.54732894897461,137.09100341796875
301.86920166015625,9.153243064880371,16.795190811157227,2.200654983520508,823.52392578125,171.5041961669922,5.49871301651001,79.93196868896484,367.8601989746094,42.135459899902344,357.3028869628906,42.135459899902344,12.38385009765625,39.922088623046875,643.2432250976562,24.187400817871094,-6.832448959350586,31.01984977722168,16.08308982849121,2.200654983520508,2209.0,2209.0,2209.0,0.42099109292030334,212.0,0.959378719329834,655.3499755859375,839.78662109375,5.390581130981445,1.0,2492.760986328125,0.9027500152587891,655.3499755859375,2.0,0.0,41.0,27.104589462280273,141.12640380859375
245.01600646972656,7.793838977813721,15.57155990600586,0.2575902044773102,786.068115234375,164.6743927001953,4.613890171051025,81.04769897460938,348.2508850097656,43.210330963134766,337.4591064453125,43.210330963134766,12.348979949951172,39.20405960083008,669.1016235351562,22.37887954711914,-9.118476867675781,31.497360229492188,14.563130378723145,0.2575902044773102,2362.0,2362.0,2362.0,0.4494974911212921,199.0,0.9327890276908875,655.3499755859375,979.6600952148438,4.623198986053467,1.0,4016.325927734375,0.8984580039978027,655.3499755859375,2.0,0.0,54.0,33.35403823852539,145.7115936279297
152.57449340820312,10.047189712524414,17.490869522094727,3.301758050918579,838.7274169921875,172.93350219726562,5.495034217834473,80.30396270751953,383.6922912597656,40.6946907043457,373.6498107910156,40.6946907043457,11.947750091552734,39.82353973388672,626.0814208984375,24.757530212402344,-5.243727207183838,30.00126075744629,16.833459854125977,3.301758050918579,2208.0,2208.0,2208.0,0.4929848909378052,213.0,0.9480000734329224,655.3499755859375,721.4937133789062,5.278514862060547,0.6953713893890381,3643.5458984375,0.9178646206855774,655.3499755859375,0.0,0.0,51.0,34.28150177001953,140.89649963378906
155.69320678710938,8.345907211303711,15.668729782104492,1.6988860368728638,826.0440063476562,170.0673065185547,5.653653144836426,78.68083190917969,360.93328857421875,46.21097946166992,350.23779296875,46.21097946166992,13.054389953613281,42.25790023803711,618.6583251953125,23.153419494628906,-7.738850116729736,30.892269134521484,14.559789657592773,1.6988860368728638,2521.0,2521.0,2521.0,0.5467516183853149,201.0,0.9300947189331055,655.3499755859375,780.918212890625,4.700753211975098,1.0,1822.2049560546875,0.8839362263679504,655.3499755859375,0.0,0.0,43.0,29.23529052734375,150.6634063720703
317.851806640625,5.516932964324951,12.96033000946045,-1.5872939825057983,827.2412719726562,173.83509826660156,5.699999809265137,79.14273834228516,362.6040954589844,47.57793045043945,341.6369934082031,47.57793045043945,12.110300064086914,39.75811004638672,634.5941162109375,19.867340087890625,-10.592000007629395,30.459339141845703,11.924980163574219,-1.5872939825057983,3025.0,3025.0,3025.0,0.30314579606056213,195.0,0.8918024897575378,655.3499755859375,1359.468994140625,4.507597923278809,1.0,4060.31494140625,0.8567745089530945,655.3499755859375,2.0,0.0,49.0,28.42831039428711,165.139404296875
95.09718322753906,6.059092998504639,13.871660232543945,-1.3094290494918823,782.3765258789062,169.7001953125,4.400000095367432,82.15239715576172,349.8230895996094,43.48516845703125,329.79730224609375,43.48516845703125,10.28892993927002,35.436790466308594,652.4918823242188,20.178049087524414,-8.853658676147461,29.031709671020508,12.629850387573242,-1.3094290494918823,2467.0,2467.0,2467.0,0.5098779797554016,207.0,0.9212238192558289,655.3499755859375,85.9138412475586,4.996074199676514,1.0,7667.09716796875,0.8828452229499817,655.3499755859375,2.0,0.0,25.0,15.983240127563477,149.01820373535156
267.66900634765625,5.496105194091797,12.945619583129883,-1.6125580072402954,828.4522705078125,174.48959350585938,5.699999809265137,79.11799621582031,363.3309020996094,47.944610595703125,342.3634033203125,47.944610595703125,12.007940292358398,39.497779846191406,635.0416870117188,19.815710067749023,-10.585760116577148,30.401460647583008,11.919329643249512,-1.6125580072402954,2901.0,2901.0,2901.0,0.3928042948246002,191.0,0.9133576154708862,655.3499755859375,1637.7440185546875,4.3501877784729,1.0,4191.85009765625,0.8872970938682556,655.3499755859375,2.0,0.0,38.0,24.655380249023438,161.65899658203125
212.38589477539062,6.2768449783325195,14.1141996383667,-1.107766032218933,781.363525390625,169.54840087890625,4.400000095367432,81.99730682373047,349.55419921875,43.532470703125,330.4305114746094,43.532470703125,10.274129867553711,35.28200149536133,654.8729248046875,20.4608097076416,-8.658617973327637,29.119430541992188,12.861729621887207,-1.107766032218933,2813.0,2813.0,2813.0,0.5011228919029236,208.0,0.938254714012146,655.3499755859375,528.6212158203125,5.139750957489014,1.0,8252.2900390625,0.8907368779182434,655.3499755859375,2.0,0.0,50.0,30.46101951599121,159.06129455566406
220.52000427246094,9.27534294128418,16.615110397338867,2.7356228828430176,808.3782958984375,168.0417022705078,5.495180130004883,79.8870620727539,352.9775085449219,43.253440856933594,345.77740478515625,43.253440856933594,11.881669998168945,40.32236862182617,614.6049194335938,23.916709899902344,-5.5493998527526855,29.466110229492188,15.818400382995605,2.7356228828430176,2533.0,2533.0,2533.0,0.47508808970451355,213.0,0.9301475882530212,655.3499755859375,281.5452880859375,5.252495765686035,1.0,3021.79296875,0.9055505990982056,655.3499755859375,2.0,0.0,35.0,24.60742950439453,150.75999450683594
231.32839965820312,5.8564348220825195,13.211870193481445,-1.0107029676437378,837.3643188476562,175.20750427246094,5.702535152435303,78.39330291748047,364.5375061035156,49.34931182861328,344.7698974609375,49.34931182861328,12.73779010772705,41.38159942626953,621.4827880859375,20.392719268798828,-10.38185977935791,30.774580001831055,12.089630126953125,-1.0107029676437378,2783.0,2783.0,2783.0,0.3962070941925049,195.0,0.9153686165809631,655.3499755859375,1295.1719970703125,4.333759784698486,0.41819238662719727,3127.93896484375,0.8515092730522156,655.3499755859375,0.0,0.0,41.0,27.390499114990234,158.35400390625
245.7458953857422,7.401431083679199,14.857060432434082,0.21387650072574615,807.2410888671875,169.65220642089844,4.963537216186523,80.06363677978516,356.2799072265625,45.29042053222656,342.2279052734375,45.29042053222656,12.430480003356934,40.05033874511719,639.857177734375,22.02790069580078,-9.005202293395996,31.033100128173828,13.896470069885254,0.21387650072574615,2730.0,2730.0,2730.0,0.516218900680542,213.0,0.9208506941795349,655.3499755859375,1164.0860595703125,5.316007137298584,0.6953713893890381,4856.7587890625,0.9135624170303345,655.3499755859375,2.0,0.0,40.0,28.020479202270508,156.76840209960938
73.82450103759766,8.895695686340332,16.23621940612793,2.3544890880584717,807.7993774414062,167.74020385742188,5.437189102172852,79.64839935302734,350.4171142578125,43.45111846923828,342.31060791015625,43.45111846923828,11.857339859008789,40.22917938232422,614.2664794921875,23.614849090576172,-5.859507083892822,29.4743595123291,15.200579643249512,2.3544890880584717,2386.0,2386.0,2386.0,0.4553700089454651,210.0,0.932402491569519,655.3499755859375,337.32269287109375,5.181509017944336,1.0,2976.719970703125,0.9166579246520996,655.3499755859375,2.0,0.0,69.0,37.76240921020508,146.52479553222656
263.4693908691406,10.078579902648926,17.724340438842773,2.9949140548706055,822.1848754882812,171.34120178222656,5.251265048980713,81.24089813232422,379.7705993652344,39.62147903442383,368.1235046386719,39.62147903442383,12.46664047241211,39.670799255371094,652.8494873046875,25.134090423583984,-6.291965007781982,31.426050186157227,17.040180206298828,2.9949140548706055,1942.0,1942.0,1942.0,0.4834024906158447,214.0,0.9326627254486084,655.3499755859375,155.20860290527344,5.391420841217041,0.1135639026761055,3222.76806640625,0.9129226207733154,655.3499755859375,0.0,0.0,44.0,26.699989318847656,132.1840057373047
72.45332336425781,3.16601300239563,10.930179595947266,-3.9606809616088867,786.94482421875,178.2205047607422,4.300000190734863,84.72712707519531,356.222900390625,42.633331298828125,331.76519775390625,42.633331298828125,9.287920951843262,33.86344909667969,635.9791259765625,16.78799057006836,-10.63955020904541,27.427539825439453,9.484009742736816,-3.9606809616088867,3099.0,3099.0,3099.0,0.40719830989837646,180.0,0.9069135189056396,655.3499755859375,619.1798706054688,3.8249619007110596,0.34365540742874146,10060.849609375,0.8391910195350647,655.3018188476562,2.0,0.0,49.0,32.36650085449219,166.95970153808594
182.55209350585938,9.751450538635254,17.451860427856445,2.6800529956817627,815.665771484375,170.23829650878906,5.294029235839844,81.10090637207031,371.77630615234375,40.6779899597168,361.875,40.6779899597168,12.62697982788086,39.9746208190918,654.3389282226562,24.924440383911133,-6.663949012756348,31.588390350341797,16.73674964904785,2.6800529956817627,2224.0,2224.0,2224.0,0.5936710238456726,221.0,0.9612473845481873,655.3499755859375,262.9111022949219,5.853847980499268,0.8864361047744751,2227.993896484375,0.9140545129776001,655.3499755859375,2.0,0.0,37.0,21.399919509887695,141.37359619140625
215.67649841308594,9.0181884765625,16.72447967529297,1.87070894241333,822.3588256835938,169.89219665527344,5.450154781341553,80.27983093261719,366.83331298828125,41.83559036254883,359.2455139160156,41.83559036254883,12.65941047668457,39.843021392822266,657.1287841796875,24.091949462890625,-7.681454181671143,31.773399353027344,15.84508991241455,1.87070894241333,2372.0,2372.0,2372.0,0.5048518776893616,212.0,0.8883501887321472,655.3499755859375,607.1838989257812,5.4360032081604,1.0,2792.9990234375,0.9017248749732971,655.3499755859375,2.0,0.0,41.0,25.910959243774414,146.02999877929688
209.2176055908203,7.572256088256836,14.9339599609375,0.7750229835510254,823.2310180664062,170.13690185546875,5.405914783477783,78.72305297851562,359.090087890625,47.09968948364258,344.88720703125,47.09968948364258,13.17311954498291,42.174800872802734,623.0181884765625,22.29994010925293,-8.934672355651855,31.234619140625,13.814000129699707,0.7750229835510254,2416.0,2416.0,2416.0,0.5099005103111267,210.0,0.9327598810195923,655.3499755859375,493.62860107421875,5.300965785980225,1.0,2230.447998046875,0.8797308802604675,655.3499755859375,0.0,0.0,32.0,20.164690017700195,147.40609741210938
216.2342987060547,5.412765979766846,12.890199661254883,-1.7161270380020142,828.7791748046875,175.66839599609375,5.581604957580566,79.37603759765625,364.28509521484375,47.86674880981445,343.5191955566406,47.86674880981445,11.737119674682617,38.86178970336914,635.9556884765625,19.694480895996094,-10.505390167236328,30.199859619140625,11.847579956054688,-1.7161270380020142,3084.0,3084.0,3084.0,0.44703608751296997,198.0,0.9111626148223877,655.3499755859375,1556.39404296875,4.545131206512451,1.0,4027.166015625,0.8663250207901001,655.3499755859375,2.0,0.0,70.0,39.17715835571289,166.49049377441406
114.55010223388672,8.733725547790527,16.20277976989746,1.5321400165557861,789.2623291015625,164.32479858398438,4.70335578918457,80.85160064697266,349.1671142578125,42.7081298828125,343.0899963378906,42.7081298828125,12.64834976196289,40.66448974609375,639.2869262695312,23.602760314941406,-7.501175880432129,31.103939056396484,15.269160270690918,1.5321400165557861,2259.0,2259.0,2259.0,0.6345869898796082,223.0,0.9596065878868103,655.3499755859375,221.60899353027344,5.927277088165283,0.14907410740852356,3694.006103515625,0.9214481711387634,655.3499755859375,2.0,0.0,49.0,30.54155921936035,142.73899841308594
296.1742858886719,9.346484184265137,16.983869552612305,2.3636910915374756,815.0330810546875,169.15390014648438,5.354221820831299,80.59815216064453,363.4884948730469,41.53752899169922,356.2668151855469,41.53752899169922,12.507160186767578,40.18368911743164,646.5582275390625,24.407190322875977,-6.7178239822387695,31.125019073486328,16.298429489135742,2.3636910915374756,2352.0,2352.0,2352.0,0.4546250104904175,209.0,0.9589626789093018,655.3499755859375,479.9679870605469,5.140305042266846,1.0,2837.1650390625,0.9037615060806274,655.3499755859375,2.0,0.0,71.0,42.163631439208984,145.6042022705078
279.44000244140625,8.47266960144043,16.15472984313965,0.9916663765907288,780.5557250976562,162.64039611816406,4.403844833374023,81.20149993896484,346.1979064941406,41.95595169067383,337.5447998046875,41.95595169067383,13.219559669494629,40.797080993652344,666.738525390625,23.381729125976562,-9.022196769714355,32.4039306640625,15.173399925231934,0.9916663765907288,2459.0,2459.0,2459.0,0.5366374254226685,216.0,0.9779853224754333,655.3499755859375,588.814697265625,5.440159797668457,0.03902683034539223,3196.258056640625,0.9185004234313965,655.3499755859375,2.0,0.0,62.0,37.00508117675781,148.66270446777344
148.47830200195312,4.886684894561768,12.60869026184082,-2.299715042114258,770.898681640625,172.7675018310547,4.300000190734863,84.04855346679688,349.0354919433594,42.92914962768555,324.4986877441406,42.92914962768555,9.414414405822754,33.94211959838867,640.281494140625,18.559480667114258,-9.177064895629883,27.736549377441406,11.24135971069336,-2.299715042114258,2887.0,2887.0,2887.0,0.5165150761604309,205.0,0.9119666814804077,655.3499755859375,221.60899353027344,4.951425075531006,1.0,9513.0771484375,0.8922278881072998,655.3499755859375,2.0,0.0,50.0,31.544139862060547,161.19749450683594
64.71658325195312,3.858448028564453,11.584019660949707,-3.2159810066223145,770.3441772460938,174.90370178222656,4.230412006378174,84.91246795654297,350.81658935546875,42.92058181762695,324.8591003417969,42.92058181762695,9.40277099609375,34.192291259765625,635.2056884765625,17.350910186767578,-10.148770332336426,27.499679565429688,10.150030136108398,-3.2159810066223145,3139.0,3139.0,3139.0,0.3373241126537323,191.0,0.9478387236595154,655.3499755859375,155.20860290527344,4.3275980949401855,1.0,8373.458984375,0.8565915822982788,655.3499755859375,2.0,0.0,44.0,26.97208023071289,167.9532928466797
159.57240295410156,9.298694610595703,16.714759826660156,2.6522719860076904,802.9041137695312,167.35450744628906,5.283495903015137,80.32205963134766,353.1094055175781,42.235660552978516,345.1148986816406,42.235660552978516,12.22089958190918,40.627349853515625,622.6113891601562,24.12656021118164,-5.953213214874268,30.079769134521484,15.923199653625488,2.6522719860076904,2541.0,2541.0,2541.0,0.48322299122810364,212.0,0.9563847780227661,655.3499755859375,1137.47998046875,5.424437999725342,0.1135639026761055,2553.3330078125,0.9123082756996155,655.3499755859375,2.0,0.0,42.0,29.269210815429688,151.30369567871094
181.05520629882812,10.541139602661133,18.215469360351562,3.5271239280700684,803.7769165039062,169.71119689941406,4.937821865081787,82.74883270263672,376.2828063964844,37.52939987182617,364.244384765625,37.52939987182617,12.553230285644531,40.13909149169922,651.4105834960938,25.710529327392578,-5.56390905380249,31.27444076538086,17.49428939819336,3.5271239280700684,2059.0,2059.0,2059.0,0.4871574938297272,214.0,0.9520620107650757,655.3499755859375,960.8248291015625,5.3538689613342285,1.0,3094.888916015625,0.9095163941383362,655.3499755859375,2.0,0.0,43.0,28.488399505615234,136.08880615234375
192.20159912109375,9.328413963317871,17.118019104003906,2.0939950942993164,819.8035888671875,170.66419982910156,5.3211750984191895,80.7068862915039,370.7138977050781,40.79566955566406,361.0389099121094,40.79566955566406,12.746020317077637,39.68571090698242,666.2147216796875,24.41082000732422,-7.706735134124756,32.117549896240234,16.394210815429688,2.0939950942993164,2119.0,2119.0,2119.0,0.5478559136390686,220.0,0.9494994878768921,655.3499755859375,221.60899353027344,5.899045944213867,1.0,4039.97998046875,0.9041048884391785,655.3499755859375,0.0,0.0,46.0,26.81307029724121,138.0532989501953
239.73660278320312,8.268903732299805,15.847100257873535,1.0023939609527588,796.002197265625,165.8199005126953,4.747682094573975,80.27507019042969,351.32110595703125,43.52503967285156,342.84759521484375,43.52503967285156,12.205050468444824,39.32622146606445,647.9102172851562,23.07884979248047,-7.9547438621521,31.03359031677246,14.886190414428711,1.0023939609527588,2321.0,2321.0,2321.0,0.5461673736572266,219.0,0.9557523131370544,655.3499755859375,85.9138412475586,5.727846145629883,1.772871971130371,4888.2021484375,0.8979120254516602,655.3499755859375,2.0,0.0,25.0,14.012470245361328,144.4409942626953
190.22979736328125,7.412867069244385,14.9196195602417,0.15454499423503876,802.3192749023438,169.1468048095703,5.104479789733887,79.71076202392578,352.8876953125,46.19477081298828,338.2615966796875,46.19477081298828,12.49468994140625,40.2505989074707,642.6240844726562,22.08070945739746,-8.959700584411621,31.040409088134766,13.9508695602417,0.15454499423503876,2511.0,2511.0,2511.0,0.5767573118209839,216.0,0.9312208294868469,655.3499755859375,221.60899353027344,5.483479022979736,1.1636149883270264,3491.81298828125,0.8938701152801514,655.3499755859375,2.0,0.0,55.0,34.994991302490234,150.25650024414062
113.77770233154297,4.120284080505371,11.863089561462402,-3.053267002105713,794.9733276367188,176.8018035888672,4.698620796203613,82.78595733642578,357.00909423828125,45.286800384521484,332.32818603515625,45.286800384521484,9.416484832763672,33.91910934448242,638.1290283203125,17.950199127197266,-9.811206817626953,27.761409759521484,10.504610061645508,-3.053267002105713,3261.0,3261.0,3261.0,0.4369460940361023,196.0,0.8912014961242676,655.3499755859375,426.9971923828125,4.69366979598999,1.0,10776.8603515625,0.8769124746322632,655.3499755859375,2.0,0.0,100.0,40.073638916015625,171.3917999267578
33.2882194519043,9.651135444641113,17.340740203857422,2.5846240520477295,807.1019287109375,168.96400451660156,5.096667766571045,81.46185302734375,365.393310546875,39.52735900878906,356.69140625,39.52735900878906,12.663299560546875,40.21038818359375,652.796875,24.795469284057617,-6.697509765625,31.492979049682617,16.628110885620117,2.5846240520477295,2001.0,2001.0,2001.0,0.4893951117992401,211.0,0.9539520144462585,655.3499755859375,155.20860290527344,5.2700581550598145,1.0,3586.903076171875,0.9045757055282593,655.3499755859375,2.0,0.0,55.0,34.2457389831543,134.16659545898438
264.4130859375,9.062664985656738,16.915529251098633,1.433784008026123,772.1710205078125,161.08749389648438,4.206429958343506,82.23577117919922,345.7752990722656,39.67955017089844,341.67779541015625,39.67955017089844,13.005180358886719,39.899349212646484,680.6480712890625,24.123910903930664,-8.472027778625488,32.59593963623047,15.961990356445312,1.433784008026123,2128.0,2128.0,2128.0,0.5593175888061523,221.0,0.9773982167243958,655.3499755859375,564.0775146484375,5.6557698249816895,0.34365540742874146,4219.33984375,0.9108144044876099,655.3499755859375,2.0,0.0,58.0,34.04357147216797,138.31979370117188
273.7204895019531,7.029755115509033,14.579429626464844,-0.3072214126586914,792.230224609375,167.51649475097656,4.9081878662109375,79.82803344726562,348.8503112792969,45.608341217041016,331.73529052734375,45.608341217041016,12.939330101013184,40.835819244384766,651.3812255859375,21.62220001220703,-10.064760208129883,31.686960220336914,13.579680442810059,-0.3072214126586914,2730.0,2730.0,2730.0,0.43767499923706055,203.0,0.9222874045372009,655.3499755859375,1002.2940063476562,4.906661033630371,1.0,3716.138916015625,0.8792588710784912,655.3499755859375,2.0,0.0,56.0,32.54547119140625,156.65530395507812
241.47560119628906,9.110610008239746,16.54574966430664,2.4147019386291504,804.875,167.16090393066406,5.38991117477417,80.0096206665039,351.2691955566406,43.02143859863281,344.4306945800781,43.02143859863281,12.340459823608398,40.83406066894531,624.9669189453125,23.986560821533203,-6.233974933624268,30.220539093017578,15.741000175476074,2.4147019386291504,2553.0,2553.0,2553.0,0.4450942873954773,208.0,0.9360936880111694,655.3499755859375,1037.7659912109375,5.022686958312988,0.03902683034539223,2429.569091796875,0.9076300263404846,655.3499755859375,2.0,0.0,54.0,31.222070693969727,151.64930725097656
202.61439514160156,5.319590091705322,12.789939880371094,-1.868494987487793,815.8093872070312,174.66690063476562,5.284059047698975,79.38273620605469,357.8395080566406,48.064510345458984,335.4747009277344,48.064510345458984,12.243379592895508,39.943809509277344,637.0833740234375,19.71419906616211,-10.935979843139648,30.65018081665039,11.739529609680176,-1.868494987487793,3163.0,3163.0,3163.0,0.29425230622291565,197.0,0.9423757195472717,655.3499755859375,758.509521484375,4.482710838317871,0.9254630208015442,3835.9140625,0.8558688759803772,655.3499755859375,2.0,0.0,49.0,22.43436050415039,168.6667022705078
261.4779968261719,4.81609582901001,12.627710342407227,-2.497657060623169,797.5548706054688,175.73789978027344,4.682185173034668,82.02188110351562,357.11529541015625,45.18218994140625,333.2388916015625,45.18218994140625,9.571316719055176,33.89112091064453,647.1790771484375,18.74049949645996,-9.499088287353516,28.23958969116211,11.296520233154297,-2.497657060623169,3065.0,3065.0,3065.0,0.40975189208984375,192.0,0.8662617802619934,655.3499755859375,221.60899353027344,4.394346237182617,1.0,9853.0810546875,0.8452191948890686,655.3499755859375,2.0,0.0,77.0,41.17768859863281,166.08030700683594
148.30029296875,8.787764549255371,16.51753044128418,1.6105109453201294,823.357421875,170.35470581054688,5.502538204193115,80.14462280273438,364.7341003417969,42.167301177978516,357.30670166015625,42.167301177978516,12.639410018920898,39.69348907470703,660.226318359375,23.776939392089844,-8.065485954284668,31.84242057800293,15.726449966430664,1.6105109453201294,2300.0,2300.0,2300.0,0.5167211890220642,219.0,0.9492666721343994,655.3499755859375,145.451904296875,5.873517036437988,1.0,3729.257080078125,0.9066978096961975,655.3499755859375,0.0,0.0,40.0,28.204090118408203,143.9272003173828
256.9861145019531,6.139309883117676,13.651599884033203,-1.0458099842071533,818.0418701171875,174.06410217285156,5.25681209564209,79.40717315673828,359.6476135253906,47.1988410949707,340.6184997558594,47.1988410949707,11.685959815979004,38.67694091796875,640.5103759765625,20.473960876464844,-9.739371299743652,30.213329315185547,12.653820037841797,-1.0458099842071533,2904.0,2904.0,2904.0,0.47332701086997986,204.0,0.8882321715354919,655.3499755859375,414.1402893066406,4.8712310791015625,0.07453703880310059,4522.19677734375,0.8888682126998901,655.3499755859375,2.0,0.0,47.0,27.097469329833984,161.63250732421875
128.73240661621094,6.201373100280762,13.724069595336914,-1.0424909591674805,812.1973876953125,173.40769958496094,5.361748218536377,79.6084213256836,357.502197265625,47.498191833496094,338.4320983886719,47.498191833496094,11.92389965057373,39.12779998779297,640.5479125976562,20.65814971923828,-9.809365272521973,30.467519760131836,12.707289695739746,-1.0424909591674805,2826.0,2826.0,2826.0,0.43271419405937195,203.0,0.912544310092926,655.3499755859375,221.60899353027344,4.864078998565674,0.41819238662719727,4214.13818359375,0.865540087223053,655.3499755859375,2.0,0.0,67.0,41.45452117919922,159.52000427246094
30.979429244995117,5.510560035705566,12.91312026977539,-1.5416990518569946,828.2830200195312,175.70150756835938,5.699999809265137,79.17973327636719,363.0758972167969,48.465049743652344,341.814697265625,48.465049743652344,12.071829795837402,39.66407012939453,632.3319091796875,19.836139678955078,-10.598810195922852,30.434959411621094,11.85746955871582,-1.5416990518569946,2922.0,2922.0,2922.0,0.34170809388160706,186.0,0.904407799243927,655.3499755859375,669.413330078125,4.024551868438721,1.0,2321.678955078125,0.8517236113548279,655.3499755859375,0.0,0.0,51.0,31.77876091003418,162.22940063476562
88.85772705078125,8.329948425292969,15.780229568481445,1.6062120199203491,812.1433715820312,166.94810485839844,5.769906044006348,79.12528228759766,351.2341003417969,44.84046936035156,341.6827087402344,44.84046936035156,12.609970092773438,41.0505485534668,625.9069213867188,23.3068904876709,-7.4111151695251465,30.718000411987305,14.607270240783691,1.6062120199203491,2513.0,2513.0,2513.0,0.5182843804359436,208.0,0.9234055280685425,655.3499755859375,814.3615112304688,4.952250957489014,1.0,2283.094970703125,0.9053636193275452,655.3499755859375,2.0,0.0,60.0,39.19281005859375,150.45269775390625
254.80039978027344,7.034046173095703,14.635100364685059,-0.37978649139404297,789.7042846679688,167.75210571289062,4.942556858062744,80.39277648925781,349.2864990234375,44.9085807800293,331.8658142089844,44.9085807800293,12.646739959716797,40.031070709228516,656.6043701171875,21.597909927368164,-9.994343757629395,31.592260360717773,13.638830184936523,-0.37978649139404297,2674.0,2674.0,2674.0,0.37072280049324036,201.0,0.8710991144180298,655.3499755859375,414.0862121582031,4.713784217834473,1.0,4444.19677734375,0.9108241200447083,655.3499755859375,2.0,0.0,58.0,31.628110885620117,155.0731964111328
114.92539978027344,8.723166465759277,16.615549087524414,1.079995036125183,773.2816162109375,161.19039916992188,4.221103191375732,82.09940338134766,344.48150634765625,40.03644943237305,340.43170166015625,40.03644943237305,12.470809936523438,38.78361129760742,681.5554809570312,23.646909713745117,-8.504880905151367,32.151790618896484,15.634119987487793,1.079995036125183,2127.0,2127.0,2127.0,0.5867748260498047,220.0,0.9618281722068787,655.3499755859375,76.15714263916016,5.7358880043029785,0.1135639026761055,5333.4912109375,0.9129378795623779,655.3499755859375,2.0,0.0,70.0,37.32912826538086,138.3188934326172
247.02330017089844,6.070591926574707,13.616800308227539,-1.1261179447174072,820.1171875,175.24349975585938,5.199999809265137,79.67828369140625,361.32830810546875,47.075050354003906,342.11041259765625,47.075050354003906,11.583230018615723,38.40188980102539,642.9357299804688,20.365589141845703,-9.796236991882324,30.16183090209961,12.603070259094238,-1.1261179447174072,2837.0,2837.0,2837.0,0.43334341049194336,207.0,0.9014434218406677,655.3499755859375,528.3909912109375,5.0730299949646,0.03902683034539223,4725.951171875,0.8801215291023254,655.3499755859375,2.0,0.0,41.0,27.32847023010254,159.83399963378906
108.34300231933594,3.57867693901062,11.442070007324219,-3.689987897872925,805.5828857421875,181.398193359375,4.696842193603516,83.46147155761719,364.36590576171875,45.19683837890625,339.4888000488281,45.19683837890625,9.160799026489258,32.94078063964844,646.7974853515625,17.293180465698242,-10.516779899597168,27.80997085571289,10.01259994506836,-3.689987897872925,3063.0,3063.0,3063.0,0.39730438590049744,195.0,0.8498343229293823,655.3499755859375,28.39097023010254,4.654271125793457,1.0,10904.75,0.8773286938667297,655.3499755859375,2.0,0.0,48.0,32.62181091308594,166.06089782714844
280.2864990234375,8.280871391296387,16.178499221801758,0.6274784803390503,775.1962280273438,162.5946044921875,4.345346927642822,81.56181335449219,344.7427978515625,41.71070098876953,337.0819091796875,41.71070098876953,12.117609977722168,38.191429138183594,680.3460083007812,23.024110794067383,-8.703878402709961,31.727989196777344,15.17963981628418,0.6274784803390503,2332.0,2332.0,2332.0,0.4885418117046356,218.0,0.9720389246940613,655.3499755859375,396.1619873046875,5.672491073608398,0.41819238662719727,5990.58203125,0.9193329811096191,655.3499755859375,2.0,0.0,42.0,25.731050491333008,144.7877960205078
205.38250732421875,5.660229206085205,13.324939727783203,-1.7128299474716187,807.0728149414062,174.3043975830078,5.0,80.7153091430664,358.2040100097656,46.44105911254883,337.305908203125,46.44105911254883,11.419879913330078,37.66912078857422,653.3181762695312,19.93470001220703,-10.373590469360352,30.308290481567383,12.264439582824707,-1.7128299474716187,2927.0,2927.0,2927.0,0.33475491404533386,185.0,0.8250880837440491,655.3499755859375,221.60899353027344,3.966933012008667,0.07453703880310059,5586.548828125,0.8140513896942139,655.3499755859375,2.0,0.0,60.0,37.30183029174805,162.3791961669922
245.72219848632812,6.166024208068848,14.036479949951172,-1.3830100297927856,787.38623046875,169.39239501953125,4.792338848114014,80.986572265625,349.3544006347656,45.78351974487305,329.13848876953125,45.78351974487305,10.657779693603516,35.82683181762695,665.8079223632812,20.34794044494629,-9.397370338439941,29.745309829711914,12.885239601135254,-1.3830100297927856,2364.0,2364.0,2364.0,0.5244587063789368,208.0,0.9145920872688293,655.3499755859375,85.9138412475586,5.0843000411987305,1.0,7647.06298828125,0.8872684836387634,655.3499755859375,2.0,0.0,46.0,29.989259719848633,145.8677978515625
320.335205078125,7.34777307510376,15.085020065307617,-0.19756899774074554,788.3535766601562,167.39059448242188,4.609798908233643,80.68657684326172,349.31298828125,44.359920501708984,334.6792907714844,44.359920501708984,12.111000061035156,38.5553092956543,667.50341796875,21.951160430908203,-9.457906723022461,31.409069061279297,14.103130340576172,-0.19756899774074554,2564.0,2564.0,2564.0,0.43841680884361267,208.0,0.9491366744041443,655.3499755859375,164.08619689941406,5.162996768951416,0.34365540742874146,5670.36181640625,0.8957688808441162,655.3499755859375,2.0,0.0,46.0,29.046579360961914,151.8029022216797
89.80142974853516,6.764832973480225,14.296660423278809,-0.4052883982658386,812.2977905273438,170.4261016845703,5.395322799682617,79.25132751464844,355.9977111816406,46.1750602722168,338.6612854003906,46.1750602722168,12.220259666442871,39.440101623535156,646.8214111328125,21.220060348510742,-9.755861282348633,30.975919723510742,13.263330459594727,-0.4052883982658386,2565.0,2565.0,2565.0,0.4921433925628662,208.0,0.9119486808776855,655.3499755859375,341.7934875488281,5.398153781890869,1.0,2497.1201171875,0.8817517161369324,655.3499755859375,0.0,0.0,58.0,34.51607894897461,151.9561004638672
152.46229553222656,10.609999656677246,18.442110061645508,3.382551908493042,795.8756713867188,168.2230987548828,4.665916919708252,83.36842346191406,376.2345886230469,36.899478912353516,365.3800964355469,36.899478912353516,13.021650314331055,40.162410736083984,669.8502807617188,25.990449905395508,-6.432118892669678,32.422569274902344,17.675439834594727,3.382551908493042,1891.0,1891.0,1891.0,0.5583575963973999,215.0,0.963779091835022,655.3499755859375,471.6090087890625,5.625277996063232,1.0,5606.35498046875,0.9091836214065552,655.3499755859375,2.0,0.0,55.0,19.66073989868164,130.70449829101562
210.05909729003906,8.672755241394043,16.38027000427246,1.563284993171692,817.8468017578125,168.09210205078125,5.357242107391357,80.26841735839844,361.01739501953125,42.20534133911133,355.0519104003906,42.20534133911133,12.702249526977539,39.97639083862305,656.1162109375,23.68762969970703,-8.086592674255371,31.774229049682617,15.416230201721191,1.563284993171692,2462.0,2462.0,2462.0,0.40963760018348694,205.0,0.9024177193641663,655.3499755859375,851.787109375,5.094278812408447,1.0,4380.72021484375,0.8989505767822266,655.3499755859375,2.0,0.0,46.0,30.768720626831055,148.86380004882812
27.81324005126953,4.421391010284424,11.954110145568848,-2.7045040130615234,835.067626953125,181.2700958251953,5.556157112121582,80.06844329833984,369.2156066894531,48.73091125488281,346.7059020996094,48.73091125488281,11.250920295715332,37.80221939086914,638.5258178710938,18.54792022705078,-11.213390350341797,29.761310577392578,10.851320266723633,-2.7045040130615234,2988.0,2988.0,2988.0,0.46725231409072876,200.0,0.915659487247467,655.3499755859375,164.08619689941406,4.751701831817627,0.3046286106109619,4060.31494140625,0.8616036772727966,655.3499755859375,0.0,0.0,66.0,40.741878509521484,163.89329528808594
148.52609252929688,10.230330467224121,18.04854965209961,2.9999630451202393,798.584228515625,167.8892059326172,4.725376129150391,82.91339111328125,371.9822082519531,37.32112121582031,363.1805114746094,37.32112121582031,12.989529609680176,40.08087158203125,669.1486206054688,25.541479110717773,-6.866977214813232,32.4084587097168,17.281890869140625,2.9999630451202393,1754.0,1754.0,1754.0,0.5704463124275208,218.0,0.9440845847129822,655.3499755859375,9.756709098815918,5.740715026855469,1.0,5772.6572265625,0.9022719264030457,655.3499755859375,2.0,0.0,37.0,21.188650131225586,125.61109924316406
275.9507141113281,5.6660380363464355,13.362130165100098,-1.744009017944336,805.0126953125,173.2263946533203,5.0,80.65498352050781,356.62811279296875,46.127479553222656,335.56561279296875,46.127479553222656,11.243229866027832,37.157249450683594,656.60791015625,19.92453956604004,-10.328049659729004,30.252599716186523,12.298069953918457,-1.744009017944336,3052.0,3052.0,3052.0,0.29995790123939514,184.0,0.8152046203613281,655.3499755859375,481.1122131347656,3.825000047683716,0.3046286106109619,6085.9140625,0.8331472873687744,655.3499755859375,2.0,0.0,42.0,23.013980865478516,165.64450073242188
208.3533935546875,6.9691901206970215,14.912019729614258,-0.6458644866943359,780.8776245117188,167.29859924316406,4.579102993011475,81.03121185302734,346.1590881347656,44.34297180175781,330.0321044921875,44.34297180175781,10.74116039276123,35.75999069213867,673.1870727539062,21.306140899658203,-8.730320930480957,30.036460876464844,13.774250030517578,-0.6458644866943359,2736.0,2736.0,2736.0,0.5209947228431702,208.0,0.9412732124328613,655.3499755859375,771.161376953125,4.9984049797058105,0.9609730839729309,8093.8330078125,0.898168683052063,655.3499755859375,2.0,0.0,58.0,36.54322814941406,156.88189697265625
218.49830627441406,7.544528007507324,15.038729667663574,0.6544424891471863,818.9735717773438,167.85060119628906,5.603046894073486,78.84800720214844,354.6798095703125,45.488521575927734,342.21771240234375,45.488521575927734,12.874799728393555,41.210540771484375,635.2260131835938,22.434879302978516,-8.806436538696289,31.24131965637207,13.863900184631348,0.6544424891471863,2785.0,2785.0,2785.0,0.46855491399765015,210.0,0.9178062081336975,655.3499755859375,262.9111022949219,5.230762004852295,1.0,2737.743896484375,0.8948571085929871,655.3499755859375,2.0,0.0,41.0,25.94382095336914,158.25759887695312
133.97779846191406,7.676809787750244,15.252579689025879,0.5243831872940063,799.7277221679688,166.18789672851562,5.241734981536865,79.501953125,349.9486999511719,45.0543098449707,336.4667053222656,45.0543098449707,12.710880279541016,40.30105972290039,649.4818115234375,22.321449279785156,-9.215683937072754,31.537139892578125,14.191679954528809,0.5243831872940063,2520.0,2520.0,2520.0,0.5134543180465698,201.0,0.9071850180625916,655.3499755859375,578.82958984375,4.7179179191589355,1.0,2384.011962890625,0.8710265159606934,655.3499755859375,0.0,0.0,58.0,33.69150161743164,150.55990600585938
164.68899536132812,6.886205196380615,14.664440155029297,-0.6836010217666626,793.185302734375,169.2418975830078,4.655887126922607,81.05034637451172,352.1387939453125,44.225059509277344,336.1636047363281,44.225059509277344,11.654580116271973,37.69709014892578,668.79541015625,21.32006072998047,-9.595258712768555,30.915319442749023,13.628219604492188,-0.6836010217666626,2646.0,2646.0,2646.0,0.43256738781929016,201.0,0.8664891719818115,655.3499755859375,85.9138412475586,4.735962867736816,1.0,6410.48486328125,0.8839287161827087,655.3499755859375,2.0,0.0,49.0,31.820449829101562,154.3365936279297
205.4727020263672,9.921717643737793,17.649309158325195,2.7581889629364014,797.2702026367188,167.21820068359375,4.939809799194336,82.00988006591797,364.8760070800781,38.65528106689453,356.8724060058594,38.65528106689453,13.124540328979492,40.59440994262695,662.2022094726562,25.19635009765625,-7.1347270011901855,32.33108139038086,16.882640838623047,2.7581889629364014,1987.0,1987.0,1987.0,0.5621036887168884,216.0,0.9503211975097656,655.3499755859375,145.451904296875,5.619946002960205,1.0,4657.03515625,0.9017279744148254,655.3499755859375,2.0,0.0,58.0,33.02077865600586,133.85719299316406
267.1777038574219,6.606844902038574,14.431139945983887,-0.9304816722869873,793.8502807617188,170.21710205078125,4.882268905639648,80.72624206542969,351.28759765625,45.27516174316406,333.8692932128906,45.27516174316406,11.312840461730957,36.986968994140625,667.9589233398438,20.888429641723633,-9.692635536193848,30.581069946289062,13.35593032836914,-0.9304816722869873,2713.0,2713.0,2713.0,0.40356430411338806,206.0,0.936667799949646,655.3499755859375,803.811279296875,4.932648181915283,1.0,7034.94189453125,0.8799648284912109,655.3499755859375,2.0,0.0,60.0,37.21540832519531,156.2093963623047
182.32760620117188,9.32640266418457,17.06955909729004,2.159621000289917,811.2083129882812,168.30419921875,5.038631916046143,81.48809814453125,365.18499755859375,40.058040618896484,359.5245056152344,40.058040618896484,12.855719566345215,40.066650390625,661.915771484375,24.437389373779297,-7.648731231689453,32.08612060546875,16.262950897216797,2.159621000289917,2231.0,2231.0,2231.0,0.5313513278961182,212.0,0.9618642926216125,655.3499755859375,345.93560791015625,5.519420146942139,1.0,4695.19921875,0.9045140743255615,655.3499755859375,2.0,0.0,35.0,22.75745964050293,141.60169982910156
77.54139709472656,8.245064735412598,15.799030303955078,1.2615649700164795,809.5825805664062,166.70860290527344,5.4496331214904785,79.484619140625,351.4888000488281,43.55022048950195,343.9927062988281,43.55022048950195,12.977970123291016,41.01401901245117,643.515380859375,23.2213191986084,-8.422757148742676,31.644079208374023,14.724479675292969,1.2615649700164795,2207.0,2207.0,2207.0,0.5125840902328491,215.0,0.9378184080123901,655.3499755859375,145.451904296875,5.490828037261963,0.07453703880310059,3678.801025390625,0.8915625214576721,655.3499755859375,2.0,0.0,53.0,31.86302947998047,140.88150024414062
132.85330200195312,9.536824226379395,17.274749755859375,2.34136700630188,805.3201293945312,167.7010040283203,5.030026912689209,81.57327270507812,364.026611328125,39.622100830078125,358.0674133300781,39.622100830078125,13.001580238342285,40.31325912475586,662.8225708007812,24.6618595123291,-7.589509963989258,32.25136947631836,16.483060836791992,2.34136700630188,1963.0,1963.0,1963.0,0.5733932256698608,218.0,0.9450874924659729,655.3499755859375,28.39097023010254,5.786256790161133,1.0,6337.06396484375,0.9027227163314819,655.3499755859375,2.0,0.0,40.0,25.571840286254883,132.9272003173828
217.08189392089844,9.495613098144531,17.215850830078125,2.310905933380127,800.3914184570312,166.55169677734375,4.943788051605225,81.25849151611328,360.7414855957031,39.64479064941406,354.4883117675781,39.64479064941406,13.09550952911377,40.499000549316406,661.8718872070312,24.67753028869629,-7.657917022705078,32.33544921875,16.434919357299805,2.310905933380127,2083.0,2083.0,2083.0,0.5911245942115784,220.0,0.9660643935203552,655.3499755859375,300.4914855957031,5.677616119384766,1.0,4657.94091796875,0.9000195860862732,655.3499755859375,2.0,0.0,75.0,39.98488998413086,136.8175048828125
238.8730010986328,5.625256061553955,13.405909538269043,-1.8685530424118042,803.8975219726562,174.27740478515625,4.876626968383789,81.07205963134766,356.947509765625,45.876529693603516,335.83209228515625,45.876529693603516,11.04323959350586,36.699100494384766,661.7415771484375,19.75259017944336,-10.334779739379883,30.087360382080078,12.302289962768555,-1.8685530424118042,2819.0,2819.0,2819.0,0.3123171925544739,194.0,0.8868560791015625,655.3499755859375,278.3909912109375,4.507551193237305,1.0,7109.65478515625,0.8637133240699768,655.3499755859375,2.0,0.0,92.0,48.0649299621582,158.88290405273438
218.50950622558594,6.00302791595459,13.812259674072266,-1.5109820365905762,798.32568359375,173.2218017578125,4.895596981048584,81.12165069580078,354.7040100097656,45.856788635253906,334.30120849609375,45.856788635253906,10.969459533691406,36.38788986206055,664.4398803710938,20.173799514770508,-9.968884468078613,30.14267921447754,12.717909812927246,-1.5109820365905762,2919.0,2919.0,2919.0,0.3738833963871002,192.0,0.9322258234024048,655.3499755859375,971.6090087890625,4.179617881774902,1.0,7164.58203125,0.8581563830375671,655.3499755859375,2.0,0.0,50.0,29.481029510498047,162.02099609375
244.1634063720703,8.81547737121582,16.520299911499023,1.5923000574111938,817.0906982421875,167.9644012451172,5.184578895568848,80.43511199951172,359.8898010253906,41.826690673828125,356.9324951171875,41.826690673828125,12.883810043334961,40.15953063964844,661.025390625,23.76219940185547,-8.319491386413574,32.08169937133789,15.634320259094238,1.5923000574111938,2348.0,2348.0,2348.0,0.4722403883934021,217.0,0.9307671189308167,655.3499755859375,444.4725036621094,5.669465065002441,1.0,5641.51806640625,0.8958799242973328,655.3499755859375,2.0,0.0,45.0,30.972070693969727,145.3531036376953
221.96389770507812,8.680153846740723,16.340450286865234,1.5816309452056885,820.3814086914062,168.3656005859375,5.529356002807617,80.2564926147461,359.98968505859375,42.27486038208008,356.7897033691406,42.27486038208008,12.819600105285645,40.126869201660156,654.5018920898438,23.724590301513672,-8.22350788116455,31.94809913635254,15.48425006866455,1.5816309452056885,2397.0,2397.0,2397.0,0.48874330520629883,207.0,0.928920328617096,655.3499755859375,774.5424194335938,4.989634990692139,1.0,4377.30615234375,0.8960633277893066,655.3499755859375,2.0,0.0,28.0,19.385360717773438,146.8531036376953
158.8450927734375,8.96544361114502,16.648469924926758,1.7808020114898682,803.6176147460938,166.2799072265625,5.155172824859619,80.53941345214844,355.5119934082031,40.94498825073242,350.7857971191406,40.94498825073242,13.029749870300293,40.41756057739258,659.7490234375,24.058509826660156,-8.179439544677734,32.23794937133789,15.838179588317871,1.7808020114898682,2099.0,2099.0,2099.0,0.5323755145072937,217.0,0.9354594945907593,655.3499755859375,599.7304077148438,5.504457950592041,1.0,4513.47216796875,0.9027426242828369,655.3499755859375,2.0,0.0,34.0,21.951879501342773,137.49070739746094
106.3938980102539,4.388941764831543,12.365909576416016,-3.0628368854522705,792.4528198242188,175.00010681152344,4.699999809265137,82.0793685913086,353.43719482421875,45.17124938964844,329.4079895019531,45.17124938964844,9.135862350463867,32.366539001464844,660.5797119140625,18.091779708862305,-10.133219718933105,28.225000381469727,10.983449935913086,-3.0628368854522705,3051.0,3051.0,3051.0,0.47859621047973633,206.0,0.9232680797576904,655.3499755859375,403.1705017089844,5.000710964202881,1.0,8271.3486328125,0.8911625146865845,655.3499755859375,2.0,0.0,39.0,25.978490829467773,165.62339782714844
180.1571044921875,8.337763786315918,15.9975004196167,1.1270300149917603,813.6015014648438,167.552001953125,5.421192169189453,80.0818862915039,356.9314880371094,42.38410186767578,350.9432067871094,42.38410186767578,12.798089981079102,40.057769775390625,658.3035888671875,23.256750106811523,-8.689403533935547,31.94615936279297,15.130889892578125,1.1270300149917603,2365.0,2365.0,2365.0,0.5299332737922668,207.0,0.9561029076576233,655.3499755859375,108.5895004272461,5.020590782165527,0.1135639026761055,5432.14404296875,0.9084973931312561,655.3499755859375,2.0,0.0,42.0,27.18709945678711,145.91310119628906
165.47520446777344,5.630259990692139,13.57699966430664,-1.9124879837036133,790.63671875,173.31520080566406,4.702609062194824,81.64383697509766,352.97149658203125,45.00852966308594,331.00689697265625,45.00852966308594,9.791828155517578,33.92332077026367,665.5056762695312,19.58847999572754,-9.274920463562012,28.863399505615234,12.283289909362793,-1.9124879837036133,2866.0,2866.0,2866.0,0.5415174961090088,208.0,0.8862199187278748,655.3499755859375,221.60899353027344,5.036211013793945,1.0,6955.77294921875,0.8873248100280762,655.3499755859375,2.0,0.0,42.0,28.445730209350586,160.6219940185547
289.36968994140625,8.804961204528809,16.326400756835938,2.0450150966644287,793.5858154296875,164.1260986328125,5.004325866699219,80.10935974121094,348.2579040527344,43.85309982299805,338.84149169921875,43.85309982299805,13.01414966583252,41.51436996459961,636.1624145507812,23.807220458984375,-7.5411272048950195,31.348350524902344,15.138019561767578,2.0450150966644287,2143.0,2143.0,2143.0,0.48284009099006653,208.0,0.9204878211021423,655.3499755859375,300.4914855957031,5.149468898773193,1.0,2835.9140625,0.8848292231559753,655.3499755859375,2.0,0.0,56.0,36.24869918823242,138.93649291992188
93.57554626464844,7.0886921882629395,14.592989921569824,0.13506290316581726,817.853515625,168.1634063720703,5.699999809265137,78.92066192626953,354.6648864746094,46.16313934326172,340.6169128417969,46.16313934326172,12.783550262451172,40.67591094970703,638.3856811523438,21.883909225463867,-9.543036460876465,31.42694091796875,13.439459800720215,0.13506290316581726,2747.0,2747.0,2747.0,0.47238439321517944,207.0,0.9505426287651062,655.3499755859375,300.4914855957031,4.969604015350342,0.5818076133728027,2282.60888671875,0.9103912711143494,655.3499755859375,2.0,0.0,27.0,17.023609161376953,157.1746063232422
277.0940856933594,7.970942974090576,15.633299827575684,0.7907506227493286,812.63232421875,166.80870056152344,5.505734920501709,79.70905303955078,354.126708984375,43.788368225097656,346.9996032714844,43.788368225097656,12.74960994720459,40.009708404541016,656.8220825195312,22.876680374145508,-8.989968299865723,31.866649627685547,14.542929649353027,0.7907506227493286,2450.0,2450.0,2450.0,0.4351600110530853,212.0,0.9403761029243469,655.3499755859375,278.3909912109375,5.385056972503662,1.0,3929.742919921875,0.8912982940673828,655.3499755859375,2.0,0.0,51.0,30.610519409179688,148.4019012451172
101.50309753417969,4.328670978546143,12.308429718017578,-3.12798810005188,789.4445190429688,175.37710571289062,4.577394962310791,82.59335327148438,353.2047119140625,44.78554916381836,328.59588623046875,44.78554916381836,9.139909744262695,32.32387924194336,661.1259155273438,18.034229278564453,-10.241009712219238,28.275239944458008,10.923290252685547,-3.12798810005188,2816.0,2816.0,2816.0,0.38045090436935425,187.0,0.9079452157020569,655.3499755859375,291.302001953125,4.073944091796875,1.0,7704.35302734375,0.8699368834495544,655.3499755859375,2.0,0.0,49.0,30.135900497436523,159.368896484375
191.6654052734375,4.676610946655273,12.57332992553711,-2.7789690494537354,797.405029296875,176.14169311523438,4.633121967315674,82.09528350830078,356.3839111328125,45.16210174560547,332.5257873535156,45.16210174560547,9.668288230895996,33.72072982788086,660.3287963867188,18.561569213867188,-10.110289573669434,28.671859741210938,11.273329734802246,-2.7789690494537354,3119.0,3119.0,3119.0,0.3396488130092621,178.0,0.7953109741210938,655.3499755859375,882.581787109375,3.7565159797668457,1.0,6570.51123046875,0.8050084710121155,655.3499755859375,2.0,0.0,60.0,36.02136993408203,167.52780151367188
43.08937072753906,3.512526035308838,11.497920036315918,-3.879276990890503,785.88623046875,176.40859985351562,4.424778938293457,83.72779846191406,353.5701904296875,44.3055305480957,327.7712097167969,44.3055305480957,8.980440139770508,31.993989944458008,657.8009033203125,17.089920043945312,-10.979350090026855,28.069259643554688,10.043919563293457,-3.879276990890503,3077.0,3077.0,3077.0,0.45955219864845276,201.0,0.9435868859291077,655.3499755859375,155.20860290527344,4.749709129333496,1.0,8053.2080078125,0.8859730958938599,655.3499755859375,2.0,0.0,49.0,30.154539108276367,166.2602996826172
139.7563018798828,9.568541526794434,17.032529830932617,2.9241480827331543,788.7620849609375,162.91859436035156,4.884679794311523,80.69541931152344,347.1238098144531,42.01261901855469,342.09039306640625,42.01261901855469,12.876319885253906,41.52429962158203,630.0239868164062,24.648330688476562,-6.360592842102051,31.008930206298828,15.837369918823242,2.9241480827331543,2164.0,2164.0,2164.0,0.5519686937332153,217.0,0.9414994120597839,655.3499755859375,554.4782104492188,5.696619987487793,1.0,3634.114013671875,0.9104127287864685,655.3499755859375,2.0,0.0,48.0,29.2468204498291,139.51480102539062
280.81878662109375,7.280702114105225,14.870349884033203,0.17305679619312286,820.4475708007812,168.68589782714844,5.769744873046875,79.06430053710938,356.5686950683594,45.718780517578125,345.0364990234375,45.718780517578125,12.626110076904297,40.10176086425781,649.469482421875,22.0280704498291,-9.457104682922363,31.485179901123047,13.756730079650879,0.17305679619312286,2585.0,2585.0,2585.0,0.42514050006866455,201.0,0.938507616519928,655.3499755859375,528.3909912109375,4.876222133636475,0.6953713893890381,3902.75,0.8940501809120178,655.3499755859375,2.0,0.0,32.0,21.38106918334961,152.44320678710938
113.57450103759766,10.250880241394043,17.660640716552734,3.7237420082092285,785.3939819335938,163.13470458984375,4.72118616104126,81.53411102294922,349.94781494140625,40.6776008605957,346.2557067871094,40.6776008605957,12.642379760742188,41.40340042114258,624.043212890625,25.271610260009766,-5.262479782104492,30.534090042114258,16.672100067138672,3.7237420082092285,2039.0,2039.0,2039.0,0.6078025102615356,218.0,0.9606109261512756,655.3499755859375,493.62860107421875,5.590573787689209,1.0,3103.125,0.9020810127258301,655.3499755859375,2.0,0.0,57.0,35.893768310546875,135.5753936767578
226.09649658203125,6.737782955169678,14.247139930725098,-0.21817000210285187,818.48291015625,169.03990173339844,5.8142170906066895,78.97118377685547,355.2524108886719,46.25912094116211,339.9440002441406,46.25912094116211,12.689499855041504,40.50236892700195,638.0418090820312,21.472679138183594,-9.854927062988281,31.327600479125977,13.076729774475098,-0.21817000210285187,2903.0,2903.0,2903.0,0.45586520433425903,199.0,0.9164233803749084,655.3499755859375,591.8961181640625,4.572310924530029,0.8864361047744751,1732.0389404296875,0.8873296976089478,655.3499755859375,2.0,0.0,47.0,28.077730178833008,161.4844970703125
186.577392578125,3.428191900253296,11.377059936523438,-3.9347259998321533,781.8297729492188,176.59500122070312,4.300000190734863,84.22054290771484,352.9881896972656,43.60647964477539,326.7723083496094,43.60647964477539,9.018964767456055,32.19089889526367,655.9337768554688,17.02142906188965,-10.996060371398926,28.01749038696289,9.949361801147461,-3.9347259998321533,3115.0,3115.0,3115.0,0.4099974036216736,188.0,0.8536872267723083,655.3499755859375,440.8572082519531,4.253174781799316,1.0,7430.958984375,0.8466088771820068,655.3499755859375,2.0,0.0,54.0,29.942590713500977,167.5028076171875
321.2674865722656,4.9388861656188965,12.618650436401367,-2.424870014190674,789.9854736328125,175.17489624023438,4.548027992248535,82.60565948486328,353.2218017578125,44.04819107055664,329.38848876953125,44.04819107055664,11.505410194396973,37.75114059448242,654.825927734375,19.14521026611328,-11.32822036743164,30.473419189453125,11.512969970703125,-2.424870014190674,3006.0,3006.0,3006.0,0.36234408617019653,191.0,0.9235619902610779,655.3499755859375,164.08619689941406,4.596817970275879,1.0,4446.31591796875,0.9028478264808655,655.3499755859375,2.0,0.0,51.0,25.2343807220459,164.48829650878906
235.30569458007812,8.603789329528809,16.10650062561035,1.7168070077896118,798.0194702148438,164.80889892578125,5.370885848999023,80.24046325683594,348.58660888671875,42.72893142700195,342.2405090332031,42.72893142700195,13.007599830627441,41.16389083862305,639.2098999023438,23.647890090942383,-7.951659202575684,31.599550247192383,14.95322036743164,1.7168070077896118,2443.0,2443.0,2443.0,0.47115060687065125,209.0,0.9384477734565735,655.3499755859375,345.93560791015625,5.016554832458496,1.0,725.0347290039062,0.911250114440918,655.3499755859375,2.0,0.0,55.0,33.59894943237305,148.24769592285156
106.64969635009766,5.852590084075928,13.58745002746582,-1.5941230058670044,774.1431274414062,169.74049377441406,4.655363082885742,82.2107162475586,345.4862060546875,43.363319396972656,323.1084899902344,43.363319396972656,11.287670135498047,37.1427001953125,661.5665893554688,19.96851921081543,-10.414409637451172,30.382930755615234,12.522170066833496,-1.5941230058670044,2724.0,2724.0,2724.0,0.4198288023471832,194.0,0.911926805973053,655.3499755859375,291.302001953125,4.458391189575195,1.0,3980.8798828125,0.8727412819862366,655.3499755859375,2.0,0.0,36.0,24.528030395507812,156.5782012939453
135.93569946289062,9.362881660461426,16.63176918029785,2.9997079372406006,792.5938110351562,165.05870056152344,4.857606887817383,80.23639678955078,347.968505859375,43.495819091796875,338.85089111328125,43.495819091796875,12.370880126953125,41.46828842163086,607.2664184570312,24.154699325561523,-5.6762471199035645,29.830949783325195,15.436269760131836,2.9997079372406006,2124.0,2124.0,2124.0,0.518844723701477,217.0,0.9768670797348022,655.3499755859375,1471.6090087890625,5.4981231689453125,1.0,2962.319091796875,0.9060752987861633,655.3499755859375,2.0,0.0,64.0,37.66807174682617,138.18370056152344
335.30810546875,5.761746883392334,13.448360443115234,-1.6286580562591553,777.3571166992188,170.07679748535156,4.61704683303833,81.89888763427734,346.2502136230469,43.64569091796875,324.41558837890625,43.64569091796875,11.787739753723145,38.342559814453125,658.959228515625,19.959840774536133,-10.77217960357666,30.732019424438477,12.375300407409668,-1.6286580562591553,2531.0,2531.0,2531.0,0.46054351329803467,204.0,0.9207128882408142,655.3499755859375,155.20860290527344,4.968451976776123,1.8509260416030884,3675.506103515625,0.8940898776054382,655.3499755859375,2.0,0.0,38.0,26.552120208740234,150.8925018310547
222.2021942138672,6.531374931335449,14.222089767456055,-0.883561909198761,770.54931640625,167.93649291992188,4.5,81.99720764160156,343.5546875,43.23221969604492,323.13800048828125,43.23221969604492,12.220720291137695,38.978111267089844,663.4265747070312,20.949949264526367,-10.399519920349121,31.349470138549805,13.208120346069336,-0.883561909198761,2584.0,2584.0,2584.0,0.49014419317245483,209.0,0.9589794278144836,655.3499755859375,345.93560791015625,5.321294784545898,0.03902683034539223,3566.573974609375,0.8997008800506592,655.3499755859375,2.0,0.0,61.0,35.27680969238281,152.54640197753906
204.11810302734375,5.523958206176758,13.04092025756836,-1.3590840101242065,815.4182739257812,177.04469299316406,5.100379943847656,80.22843933105469,359.6202087402344,47.847129821777344,335.5210876464844,47.847129821777344,12.669099807739258,41.02016830444336,630.6566162109375,19.97031021118164,-10.914259910583496,30.88456916809082,11.774930000305176,-1.3590840101242065,2813.0,2813.0,2813.0,0.36542150378227234,200.0,0.9471204876899719,655.3499755859375,839.78662109375,4.740024089813232,1.0,3490.47509765625,0.8804478049278259,655.3499755859375,2.0,0.0,29.0,21.834720611572266,159.17579650878906
330.0787048339844,6.673501968383789,14.232199668884277,-0.3572708070278168,817.028076171875,170.44720458984375,5.655470848083496,79.03410339355469,355.8799133300781,46.38848876953125,339.89630126953125,46.38848876953125,12.612070083618164,40.07225036621094,642.5184936523438,21.42230987548828,-10.05070972442627,31.473020553588867,13.073380470275879,-0.3572708070278168,2640.0,2640.0,2640.0,0.3420743942260742,193.0,0.8959466218948364,655.3499755859375,664.086181640625,4.583251953125,1.0,1569.2030029296875,0.8873063921928406,655.3499755859375,2.0,0.0,50.0,32.13291931152344,154.1750946044922
308.8529968261719,7.11780309677124,14.834320068359375,-0.344010591506958,763.5994262695312,164.9456024169922,4.357255935668945,81.83023071289062,339.7401123046875,42.474090576171875,321.8918151855469,42.474090576171875,12.39303970336914,39.171878814697266,667.8707885742188,21.594579696655273,-10.038359642028809,31.632949829101562,13.816519737243652,-0.344010591506958,2304.0,2304.0,2304.0,0.5068597793579102,212.0,0.9656612277030945,655.3499755859375,312.239501953125,5.3812971115112305,1.772871971130371,2928.43505859375,0.9105762243270874,655.3499755859375,2.0,0.0,36.0,21.077749252319336,144.143798828125
273.36749267578125,4.003603935241699,11.890600204467773,-3.347522020339966,778.07080078125,174.78990173339844,4.409029006958008,83.34681701660156,348.96820068359375,44.226768493652344,322.8109130859375,44.226768493652344,9.528216361999512,33.40645980834961,656.7213745117188,17.785720825195312,-10.732890129089355,28.518600463867188,10.568320274353027,-3.347522020339966,3011.0,3011.0,3011.0,0.3797762989997864,189.0,0.8928359150886536,655.3499755859375,299.0205993652344,4.1786580085754395,0.8864361047744751,5393.65478515625,0.8802571296691895,655.3499755859375,2.0,0.0,57.0,35.1320686340332,164.64120483398438
274.39520263671875,5.772642135620117,13.297829627990723,-1.1834239959716797,831.1503295898438,174.61000061035156,5.959633827209473,78.80856323242188,361.5007019042969,48.059268951416016,342.6039123535156,48.059268951416016,12.410039901733398,40.03123092651367,636.2382202148438,20.42544937133789,-10.575079917907715,31.000520706176758,12.115300178527832,-1.1834239959716797,2887.0,2887.0,2887.0,0.24018840491771698,180.0,0.9314060807228088,655.3499755859375,507.465087890625,4.098236083984375,0.9254630208015442,2355.385986328125,0.8469203114509583,655.3499755859375,2.0,0.0,57.0,34.310279846191406,161.0261993408203
275.9418029785156,8.854104995727539,16.533689498901367,1.6804879903793335,789.2938842773438,163.29510498046875,4.797033786773682,81.09745788574219,346.3800964355469,40.30086898803711,343.63800048828125,40.30086898803711,13.092309951782227,40.3861083984375,660.3485717773438,24.067129135131836,-8.350791931152344,32.417930603027344,15.444510459899902,1.6804879903793335,2024.0,2024.0,2024.0,0.5097653269767761,215.0,0.9739953875541687,655.3499755859375,76.15714263916016,5.317955017089844,1.0,1498.751953125,0.9147889018058777,655.3499755859375,2.0,0.0,49.0,28.68351936340332,134.99209594726562
105.34839630126953,5.082970142364502,12.797419548034668,-2.2981491088867188,777.330078125,170.7823944091797,4.671432971954346,81.47601318359375,343.8074035644531,45.92333984375,319.5360107421875,45.92333984375,11.080289840698242,36.78755187988281,658.3126831054688,19.075590133666992,-11.04043960571289,30.116029739379883,11.651579856872559,-2.2981491088867188,2934.0,2934.0,2934.0,0.5363172292709351,208.0,0.9264801740646362,655.3499755859375,1073.4129638671875,5.129913806915283,0.6208344101905823,3634.114013671875,0.8988819718360901,655.3499755859375,2.0,0.0,95.0,45.969051361083984,162.94290161132812
321.8799133300781,5.34342622756958,13.131959915161133,-2.094119071960449,773.698486328125,170.98789978027344,4.503274917602539,81.77034759521484,343.76239013671875,45.250579833984375,320.08758544921875,45.250579833984375,10.77987003326416,36.054988861083984,662.9390258789062,19.34726905822754,-10.544839859008789,29.89211082458496,11.970330238342285,-2.094119071960449,2863.0,2863.0,2863.0,0.43718838691711426,198.0,0.872710108757019,655.3499755859375,679.7327880859375,4.719677925109863,1.0,4144.4150390625,0.8970776200294495,655.3499755859375,2.0,0.0,82.0,45.34175109863281,160.44920349121094
202.27059936523438,9.783469200134277,17.12548065185547,3.2872419357299805,784.3580932617188,163.26510620117188,4.861856937408447,80.71985626220703,344.9836120605469,41.13549041748047,338.5255126953125,41.13549041748047,12.327710151672363,40.97679138183594,617.51123046875,24.678150177001953,-5.405576229095459,30.08371925354004,16.211170196533203,3.2872419357299805,2199.0,2199.0,2199.0,0.6187692284584045,217.0,0.9589102864265442,655.3499755859375,278.3909912109375,5.606842041015625,1.0,1764.9759521484375,0.907358705997467,655.3499755859375,2.0,0.0,67.0,37.79645919799805,140.64649963378906
114.8207015991211,10.035599708557129,17.20793914794922,3.765347957611084,780.6417236328125,162.52650451660156,4.757742881774902,80.81224822998047,342.5982971191406,41.464691162109375,336.2090148925781,41.464691162109375,11.830920219421387,40.57463836669922,600.9808959960938,24.60456085205078,-4.553767204284668,29.1583309173584,16.373319625854492,3.765347957611084,2163.0,2163.0,2163.0,0.6459962129592896,217.0,0.9370471239089966,655.3499755859375,94.79139709472656,5.656376838684082,1.0,278.3909912109375,0.9128128886222839,655.3499755859375,2.0,0.0,53.0,34.06047821044922,139.41659545898438
214.1096954345703,5.146823883056641,13.02040958404541,-2.2438299655914307,763.3314208984375,169.7664031982422,4.199999809265137,82.95111846923828,341.48748779296875,43.37709045410156,315.84381103515625,43.37709045410156,9.774201393127441,33.83332061767578,660.6312866210938,19.020299911499023,-9.865213394165039,28.885509490966797,11.76749038696289,-2.2438299655914307,2625.0,2625.0,2625.0,0.44973430037498474,200.0,0.9357197880744934,655.3499755859375,181.5614013671875,4.824462890625,0.9609730839729309,4975.4951171875,0.8913300037384033,655.3499755859375,2.0,0.0,27.0,17.628089904785156,153.7512969970703
289.15789794921875,8.091423034667969,15.76753044128418,0.8987553715705872,797.3405151367188,165.0906982421875,5.166225910186768,80.46222686767578,349.6112060546875,42.339019775390625,341.3743896484375,42.339019775390625,12.837050437927246,39.91947937011719,657.8088989257812,23.148889541625977,-9.008670806884766,32.15755081176758,14.667530059814453,0.8987553715705872,2258.0,2258.0,2258.0,0.4073275029659271,204.0,0.9631224274635315,655.3499755859375,181.5614013671875,5.070413112640381,1.0,2204.719970703125,0.9163811206817627,655.3499755859375,2.0,0.0,42.0,23.77943992614746,142.5605010986328
291.7312927246094,9.887130737304688,17.29442024230957,3.2854158878326416,772.1644287109375,161.94810485839844,4.49907922744751,81.45665740966797,341.3440856933594,41.11566925048828,335.6419982910156,41.11566925048828,12.588210105895996,41.003578186035156,623.9818725585938,24.92473030090332,-5.77577018737793,30.70050048828125,16.367229461669922,3.2854158878326416,2012.0,2012.0,2012.0,0.5318691730499268,214.0,0.9712460041046143,655.3499755859375,528.3909912109375,5.254796028137207,1.0,1987.375,0.9106450080871582,655.3499755859375,2.0,0.0,40.0,22.719390869140625,134.64520263671875
160.65719604492188,9.261272430419922,16.492019653320312,2.9219729900360107,786.7440185546875,162.5458984375,5.002303123474121,79.9331283569336,342.0293884277344,43.33135986328125,332.4617004394531,43.33135986328125,11.952460289001465,40.624900817871094,605.0443115234375,23.970090866088867,-5.4508538246154785,29.420949935913086,15.352299690246582,2.9219729900360107,2225.0,2225.0,2225.0,0.6076611876487732,219.0,0.9651843905448914,655.3499755859375,345.93560791015625,5.571518898010254,1.0,634.7501831054688,0.9200562238693237,655.3499755859375,2.0,0.0,41.0,26.274850845336914,141.43820190429688
144.7415008544922,9.08963394165039,16.416330337524414,2.596035957336426,791.4033813476562,163.67599487304688,5.077661037445068,79.86338806152344,344.87579345703125,43.40489959716797,335.13360595703125,43.40489959716797,12.337920188903809,40.98023986816406,615.5377197265625,24.014089584350586,-6.091594219207764,30.105690002441406,15.249409675598145,2.596035957336426,2436.0,2436.0,2436.0,0.6089211702346802,216.0,0.9510548710823059,655.3499755859375,345.93560791015625,5.564717769622803,1.0,1569.2030029296875,0.9006500244140625,655.3499755859375,2.0,0.0,53.0,31.93255043029785,148.0408935546875
273.4652099609375,9.615492820739746,16.803499221801758,3.33718204498291,771.3466186523438,161.54640197753906,4.673933029174805,80.60974884033203,339.1708068847656,42.639320373535156,328.7919006347656,42.639320373535156,11.958600044250488,40.8397216796875,600.5599975585938,24.2160701751709,-5.065207004547119,29.281269073486328,15.70458984375,3.33718204498291,2307.0,2307.0,2307.0,0.4661734104156494,213.0,0.9691169857978821,655.3499755859375,1240.1639404296875,5.312664985656738,1.0,1747.9300537109375,0.9351605176925659,655.3499755859375,2.0,0.0,52.0,33.34157180786133,144.09959411621094
182.01710510253906,8.171412467956543,15.850990295410156,1.0025830268859863,799.290283203125,166.5823974609375,5.13514518737793,80.66590118408203,351.60809326171875,42.7676887512207,343.8963928222656,42.7676887512207,12.869770050048828,39.93138122558594,657.710205078125,23.30828094482422,-8.920738220214844,32.22901153564453,14.737879753112793,1.0025830268859863,2500.0,2500.0,2500.0,0.5003069043159485,216.0,0.9728301167488098,655.3499755859375,408.4248962402344,5.6474528312683105,1.0,2587.613037109375,0.8966770768165588,655.3499755859375,2.0,0.0,37.0,28.10803985595703,149.9138946533203
138.36270141601562,6.235348224639893,14.118590354919434,-1.1734509468078613,758.2077026367188,165.64169311523438,4.199999809265137,81.74600982666016,336.4263000488281,44.108829498291016,314.152587890625,44.108829498291016,10.214159965515137,34.68104934692383,665.301025390625,20.277620315551758,-9.172423362731934,29.450050354003906,12.891209602355957,-1.1734509468078613,2476.0,2476.0,2476.0,0.5258828997612,208.0,0.9322630167007446,655.3499755859375,221.60899353027344,5.145235061645508,1.0,4163.27099609375,0.9008979797363281,655.3499755859375,2.0,0.0,50.0,28.702129364013672,149.16639709472656
249.14129638671875,7.025339126586914,14.76550006866455,-0.405450701713562,752.7329711914062,164.5301971435547,4.3949360847473145,82.2187271118164,334.7304992675781,42.981971740722656,315.0763854980469,42.981971740722656,12.335000038146973,38.95372009277344,669.212890625,21.420270919799805,-10.24530029296875,31.665569305419922,13.727569580078125,-0.405450701713562,2580.0,2580.0,2580.0,0.526928722858429,206.0,0.9343358874320984,655.3499755859375,853.1483154296875,5.022223949432373,1.0,1516.3509521484375,0.8884366154670715,655.3499755859375,2.0,0.0,64.0,32.55255889892578,152.39439392089844
188.14779663085938,7.402100086212158,15.316889762878418,-0.17002710700035095,748.9282836914062,162.94140625,4.1365790367126465,82.48316192626953,334.456787109375,41.180030822753906,318.5028076171875,41.180030822753906,11.376680374145508,36.727901458740234,680.1265869140625,21.79652976989746,-9.17514705657959,30.9716796875,14.230509757995605,-0.17002710700035095,2256.0,2256.0,2256.0,0.4692355990409851,203.0,0.9356688857078552,655.3499755859375,145.451904296875,4.933211803436279,0.1135639026761055,2953.114013671875,0.8757060170173645,655.3499755859375,2.0,0.0,54.0,32.80891036987305,142.52330017089844
155.7321014404297,9.684391021728516,17.245080947875977,2.831634998321533,781.5020141601562,162.35389709472656,4.687699794769287,81.46882629394531,345.6435852050781,40.35837936401367,341.7018127441406,40.35837936401367,12.966309547424316,41.13589096069336,642.7653198242188,24.99949073791504,-6.521635055541992,31.521120071411133,16.21833038330078,2.831634998321533,2116.0,2116.0,2116.0,0.631147027015686,221.0,0.967731773853302,655.3499755859375,221.60899353027344,5.7483367919921875,1.0,2861.30810546875,0.921536922454834,655.3499755859375,2.0,0.0,45.0,29.651199340820312,137.87820434570312
283.5185852050781,7.10355281829834,14.699660301208496,0.0310907494276762,812.2990112304688,171.5345001220703,5.433466911315918,79.8199234008789,356.5246887207031,45.3260498046875,341.5257873535156,45.3260498046875,12.692239761352539,39.95111083984375,647.9517211914062,22.02642059326172,-9.741583824157715,31.768009185791016,13.545720100402832,0.0310907494276762,2792.0,2792.0,2792.0,0.3906733989715576,200.0,0.9314010143280029,655.3499755859375,541.4981079101562,4.604680061340332,1.0,3222.76806640625,0.8760018944740295,655.3499755859375,2.0,0.0,51.0,32.8230094909668,158.39639282226562
203.36459350585938,5.705613136291504,13.460960388183594,-1.5592819452285767,764.0942993164062,167.968505859375,4.43365478515625,81.63883972167969,338.7203063964844,45.30815124511719,314.0226135253906,45.30815124511719,10.168169975280762,35.025718688964844,654.0338745117188,19.66008949279785,-9.371665000915527,29.03175926208496,12.24586009979248,-1.5592819452285767,2930.0,2930.0,2930.0,0.37013939023017883,192.0,0.8956084847450256,655.3499755859375,414.0862121582031,4.317946910858154,1.0,4363.9580078125,0.8659210205078125,655.3499755859375,2.0,0.0,58.0,31.610549926757812,162.1967010498047
260.6806945800781,7.90778923034668,15.540929794311523,0.7807583808898926,799.114501953125,167.95050048828125,5.171288013458252,80.34285736083984,350.7007141113281,43.6892204284668,339.9696044921875,43.6892204284668,12.942770004272461,40.25822830200195,653.92578125,22.979169845581055,-9.170134544372559,32.14931106567383,14.444100379943848,0.7807583808898926,2532.0,2532.0,2532.0,0.41799119114875793,205.0,0.9376013278961182,655.3499755859375,569.7927856445312,5.0371270179748535,1.0,3491.81298828125,0.8900871872901917,655.3499755859375,2.0,0.0,37.0,23.723840713500977,150.94520568847656
173.1719970703125,9.013572692871094,16.567859649658203,2.14090895652771,785.8922119140625,163.77679443359375,5.040174961090088,80.96943664550781,344.56939697265625,41.6578483581543,337.4276123046875,41.6578483581543,12.919440269470215,40.8972282409668,643.1082153320312,24.283489227294922,-7.306636810302734,31.590129852294922,15.439640045166016,2.14090895652771,2258.0,2258.0,2258.0,0.51893150806427,217.0,0.9770892858505249,655.3499755859375,300.4914855957031,5.5435380935668945,1.0,3658.7080078125,0.9116631150245667,655.3499755859375,2.0,0.0,52.0,30.11389923095703,142.65660095214844
232.58279418945312,5.3517680168151855,12.898639678955078,-1.541586995124817,831.174072265625,176.5782012939453,5.767267227172852,79.07659912109375,362.7818908691406,47.99821853637695,341.8258056640625,47.99821853637695,12.32444953918457,39.80223083496094,634.2868041992188,20.07309913635254,-10.890979766845703,30.964080810546875,11.667730331420898,-1.541586995124817,3042.0,3042.0,3042.0,0.3767212927341461,188.0,0.902113676071167,655.3499755859375,312.239501953125,4.200529098510742,0.9609730839729309,4537.32080078125,0.8252170085906982,655.3499755859375,2.0,0.0,56.0,31.86355972290039,165.3843994140625
223.5688934326172,8.191937446594238,15.5306396484375,1.7777760028839111,795.2282104492188,167.89100646972656,5.393698215484619,79.86092376708984,346.45941162109375,45.273521423339844,331.4903869628906,45.273521423339844,12.050789833068848,40.46554183959961,611.6486206054688,23.11408042907715,-6.6663641929626465,29.78045082092285,14.278039932250977,1.7777760028839111,2603.0,2603.0,2603.0,0.4720669984817505,208.0,0.9151270985603333,655.3499755859375,725.0347290039062,5.082571983337402,1.0,2553.70703125,0.8906638026237488,655.3499755859375,2.0,0.0,33.0,20.388330459594727,153.02879333496094
167.6363983154297,5.380321025848389,12.882760047912598,-1.4544249773025513,834.74072265625,177.02169799804688,6.084585189819336,78.92253875732422,363.89581298828125,47.78070068359375,342.90948486328125,47.78070068359375,12.331119537353516,40.04808044433594,630.1359252929688,20.106170654296875,-10.683799743652344,30.78997039794922,11.662420272827148,-1.4544249773025513,3009.0,3009.0,3009.0,0.4862208068370819,180.0,0.9257894158363342,655.3499755859375,424.1619873046875,3.8455328941345215,0.8363847732543945,5562.6669921875,0.8619862198829651,655.3499755859375,0.0,0.0,40.0,28.795520782470703,164.4873046875
250.95469665527344,8.4779691696167,16.313289642333984,0.9915174841880798,739.3107299804688,159.15159606933594,4.0,83.26593780517578,330.3966979980469,38.70307922363281,320.7467956542969,38.70307922363281,12.658949851989746,39.21828079223633,679.6187744140625,23.241870880126953,-9.036410331726074,32.27827835083008,15.287699699401855,0.9915174841880798,1982.0,1982.0,1982.0,0.5306364297866821,210.0,0.9211735725402832,655.3499755859375,85.9138412475586,5.212357044219971,0.6563447117805481,637.1580810546875,0.8963227868080139,655.3499755859375,2.0,0.14355270564556122,56.0,33.947879791259766,133.59230041503906
161.9844970703125,9.439360618591309,17.187320709228516,2.288256883621216,777.7133178710938,161.44610595703125,4.75425910949707,81.91972351074219,344.69488525390625,39.51198959350586,343.275390625,39.51198959350586,13.157830238342285,40.46487045288086,663.8132934570312,24.865100860595703,-7.652851104736328,32.517940521240234,16.54414939880371,2.288256883621216,1884.0,1884.0,1884.0,0.5331284999847412,221.0,0.9865028858184814,655.3499755859375,94.79139709472656,5.682001113891602,1.0,4086.781982421875,0.9094393849372864,655.3499755859375,2.0,0.0,25.0,16.242740631103516,130.26190185546875
148.5301971435547,6.760035037994385,14.383370399475098,-0.2687509059906006,810.4130249023438,171.23390197753906,5.3502678871154785,79.78446197509766,355.07708740234375,45.28499984741211,338.8608093261719,45.28499984741211,12.630889892578125,39.93185043334961,646.9942016601562,21.642269134521484,-9.987940788269043,31.630210876464844,13.201250076293945,-0.2687509059906006,2494.0,2494.0,2494.0,0.3786737024784088,197.0,0.9354264140129089,655.3499755859375,505.16180419921875,4.606535911560059,1.0,5020.06396484375,0.888340175151825,655.3499755859375,2.0,0.0,53.0,34.94718933105469,149.81939697265625
36.7878303527832,7.896966934204102,15.577890396118164,0.7678164839744568,794.456298828125,167.5054931640625,5.1254730224609375,80.77131652832031,349.7204895019531,42.75185012817383,339.44189453125,42.75185012817383,12.882579803466797,39.93330001831055,657.0025024414062,23.05508041381836,-9.204137802124023,32.259220123291016,14.432499885559082,0.7678164839744568,2229.0,2229.0,2229.0,0.47314420342445374,210.0,0.9772334098815918,655.3499755859375,28.39097023010254,5.133100986480713,1.0,4598.1708984375,0.9124190807342529,655.3499755859375,2.0,0.0,43.0,27.680870056152344,141.78919982910156
76.74214935302734,3.563107967376709,11.04596996307373,-3.3072619438171387,760.8538208007812,175.1457977294922,4.099999904632568,85.09404754638672,344.06689453125,42.75931930541992,316.2283935546875,42.75931930541992,10.12440013885498,36.077911376953125,623.9149169921875,17.450599670410156,-10.612409591674805,28.06300926208496,9.728821754455566,-3.3072619438171387,3167.0,3167.0,3167.0,0.4300558865070343,195.0,0.8849856853485107,655.3499755859375,85.9138412475586,4.418041229248047,1.0,3950.40087890625,0.8482648134231567,655.3499755859375,2.0,0.0,41.0,25.55108070373535,168.84939575195312
326.93780517578125,8.054800987243652,15.525650024414062,1.286458969116211,789.9656982421875,166.5334014892578,5.312397003173828,80.32125854492188,345.3096923828125,43.88108825683594,331.3335876464844,43.88108825683594,12.623120307922363,40.69160842895508,632.8629760742188,23.24901008605957,-7.772468090057373,31.021480560302734,14.308930397033691,1.286458969116211,2412.0,2412.0,2412.0,0.498628705739975,217.0,0.9626734256744385,655.3499755859375,588.814697265625,5.601379871368408,1.0,4324.80712890625,0.9036176800727844,655.3499755859375,2.0,0.0,37.0,25.286890029907227,147.385498046875
112.60189819335938,5.227603912353516,12.895600318908691,-1.909034013748169,768.6555786132812,173.34840393066406,4.377936840057373,82.68663024902344,344.4804992675781,45.097999572753906,317.4162902832031,45.097999572753906,10.08335018157959,35.29220962524414,644.5098876953125,19.061899185180664,-9.509702682495117,28.57159996032715,11.651749610900879,-1.909034013748169,2974.0,2974.0,2974.0,0.46987810730934143,208.0,0.8663970828056335,655.3499755859375,145.451904296875,4.923987865447998,1.0,3634.114013671875,0.8878014087677002,655.3499755859375,2.0,0.0,48.0,30.296789169311523,163.61819458007812
180.80270385742188,8.642142295837402,16.297779083251953,1.6165629625320435,781.8958740234375,163.8782958984375,5.030704021453857,81.10736846923828,343.5400085449219,41.5842399597168,335.6993103027344,41.5842399597168,12.973520278930664,40.45267105102539,653.024169921875,23.94805908203125,-8.124245643615723,32.07229995727539,15.322529792785645,1.6165629625320435,2259.0,2259.0,2259.0,0.577346682548523,219.0,0.9546875953674316,655.3499755859375,935.4255981445312,5.528693199157715,1.0,5085.9140625,0.9106928110122681,655.3499755859375,2.0,0.0,42.0,26.567689895629883,142.60719299316406
237.1470947265625,6.277154922485352,13.847370147705078,-0.7226641774177551,816.807373046875,173.6988067626953,5.742969036102295,79.8115463256836,358.0379943847656,46.42219161987305,338.9147033691406,46.42219161987305,12.475870132446289,39.82698059082031,643.4915161132812,21.096920013427734,-10.227510452270508,31.324440002441406,12.672750473022461,-0.7226641774177551,2773.0,2773.0,2773.0,0.40903401374816895,193.0,0.8656805157661438,655.3499755859375,445.2561950683594,4.3175950050354,0.8864361047744751,6397.662109375,0.8663566708564758,655.3499755859375,2.0,0.0,53.0,31.12204933166504,158.08599853515625
67.45768737792969,3.548563003540039,11.148030281066895,-3.4356980323791504,779.906982421875,179.49380493164062,4.411986827850342,83.97071838378906,352.6700134277344,45.11199188232422,324.6335144042969,45.11199188232422,9.893803596496582,35.232810974121094,633.1646728515625,17.327129364013672,-10.75374984741211,28.08087921142578,9.832192420959473,-3.4356980323791504,3295.0,3295.0,3295.0,0.3767862915992737,191.0,0.8687617182731628,655.3499755859375,85.9138412475586,4.315036773681641,1.0,3164.0859375,0.8534446954727173,655.3499755859375,2.0,0.0,50.0,28.83268928527832,172.19970703125
145.61830139160156,8.66543960571289,16.421279907226562,1.4846889972686768,781.4514770507812,163.99600219726562,4.723110198974609,81.54264831542969,344.8298034667969,40.3148193359375,338.2947998046875,40.3148193359375,13.063139915466309,39.981849670410156,664.2540283203125,24.038959503173828,-8.633959770202637,32.67292022705078,15.28300952911377,1.4846889972686768,2189.0,2189.0,2189.0,0.5886484980583191,222.0,0.988372802734375,655.3499755859375,758.509521484375,5.668136119842529,1.0,5434.7109375,0.9345911741256714,655.3499755859375,2.0,0.0,42.0,27.69969940185547,140.4075927734375
221.6970977783203,9.533234596252441,16.880130767822266,3.0673999786376953,772.9293823242188,161.08889770507812,4.660774230957031,81.19580841064453,338.71270751953125,41.30329132080078,331.9266052246094,41.30329132080078,12.11693000793457,40.49528121948242,616.8104248046875,24.42814064025879,-5.4935808181762695,29.921720504760742,15.67908000946045,3.0673999786376953,2270.0,2270.0,2270.0,0.48417630791664124,214.0,0.9489455223083496,655.3499755859375,408.4248962402344,5.457842826843262,1.0,3627.93310546875,0.9107005000114441,655.3499755859375,2.0,0.0,30.0,20.84588050842285,142.97430419921875
251.3885955810547,8.85860538482666,16.39929962158203,2.0402820110321045,775.8347778320312,163.84710693359375,4.6360039710998535,81.74980163574219,341.8110046386719,40.996299743652344,332.909912109375,40.996299743652344,12.664429664611816,40.49483108520508,640.5158081054688,24.133869171142578,-7.140445232391357,31.274320602416992,15.202980041503906,2.0402820110321045,2200.0,2200.0,2200.0,0.5841156244277954,220.0,0.9596139788627625,655.3499755859375,528.3909912109375,5.694697856903076,1.0,5086.72314453125,0.9239447712898254,655.3499755859375,2.0,0.0,34.0,21.24449920654297,140.7425994873047
215.2969970703125,9.367900848388672,16.85845947265625,2.408277988433838,765.0977783203125,161.16580200195312,4.524065971374512,81.25554656982422,339.33599853515625,41.01605987548828,332.0484924316406,41.01605987548828,13.501489639282227,42.09123992919922,639.8828125,24.50598907470703,-7.571773052215576,32.0777587890625,15.839329719543457,2.408277988433838,2334.0,2334.0,2334.0,0.4756369888782501,212.0,0.9369953870773315,655.3499755859375,676.4755249023438,5.309822082519531,1.0,1612.14501953125,0.9001061916351318,655.3499755859375,2.0,0.0,61.0,38.53425979614258,144.85470581054688
178.69290161132812,9.691596984863281,16.924259185791016,3.309412956237793,768.8917236328125,160.41380310058594,4.645928859710693,80.33058166503906,337.6919860839844,41.3325309753418,328.81439208984375,41.3325309753418,13.003840446472168,42.807640075683594,605.0712280273438,24.52716064453125,-5.849002838134766,30.376169204711914,15.780750274658203,3.309412956237793,2375.0,2375.0,2375.0,0.5030733942985535,217.0,0.927875280380249,655.3499755859375,1188.5059814453125,5.680584907531738,1.0,1335.9139404296875,0.9014453291893005,655.3499755859375,2.0,0.0,109.0,49.52962112426758,146.23599243164062
172.99609375,7.628102779388428,15.313750267028809,0.4731009006500244,793.188720703125,166.97279357910156,5.199999809265137,80.77316284179688,348.6200866699219,43.019920349121094,336.0544128417969,43.019920349121094,12.814929962158203,39.856048583984375,658.2153930664062,22.696779251098633,-9.45633316040039,32.15311050415039,14.17002010345459,0.4731009006500244,2667.0,2667.0,2667.0,0.49817150831222534,205.0,0.9260628819465637,655.3499755859375,775.1868896484375,5.058396816253662,1.0,6265.47705078125,0.8832464218139648,655.3499755859375,2.0,0.0,30.0,17.56049919128418,154.89419555664062
302.21820068359375,8.570365905761719,16.254409790039062,1.5206489562988281,777.6196899414062,163.3105010986328,4.87257194519043,81.36345672607422,342.06170654296875,41.172950744628906,334.1283874511719,41.172950744628906,12.998279571533203,40.23632049560547,656.6680908203125,23.897689819335938,-8.407353401184082,32.305049896240234,15.068960189819336,1.5206489562988281,2211.0,2211.0,2211.0,0.5540856719017029,217.0,0.9779942035675049,655.3499755859375,914.086181640625,5.470202922821045,1.0,6092.794921875,0.920685887336731,655.3499755859375,2.0,0.0,31.0,22.61673927307129,141.04269409179688
300.71319580078125,9.645216941833496,17.551380157470703,2.220576047897339,745.7227172851562,157.21200561523438,3.7898499965667725,83.3954086303711,334.1181945800781,37.00366973876953,334.0235900878906,37.00366973876953,13.078829765319824,40.250301361083984,674.9683837890625,24.980859756469727,-7.512627124786377,32.49348831176758,17.404109954833984,2.220576047897339,2045.0,2045.0,2045.0,0.4424571990966797,204.0,0.943326473236084,655.3499755859375,528.3909912109375,4.900000095367432,1.0,1188.5059814453125,0.9069576263427734,655.3499755859375,2.0,0.0,69.0,37.33808898925781,135.56410217285156
334.544189453125,6.768995761871338,14.390999794006348,-0.2984603941440582,807.8983154296875,170.94790649414062,5.404766082763672,80.16667175292969,354.0989074707031,44.726619720458984,337.0924072265625,44.726619720458984,12.611800193786621,39.78435134887695,650.7073974609375,21.66472053527832,-10.03512954711914,31.69985008239746,13.23169994354248,-0.2984603941440582,2736.0,2736.0,2736.0,0.373208612203598,199.0,0.918147623538971,655.3499755859375,932.35302734375,4.7135329246521,1.0,6732.583984375,0.8660961985588074,655.3499755859375,2.0,0.0,48.0,30.49641990661621,156.94290161132812
154.1291961669922,8.590096473693848,16.351829528808594,1.2353570461273193,741.52001953125,160.60809326171875,3.9024829864501953,82.8414306640625,331.47100830078125,39.7860107421875,320.81060791015625,39.7860107421875,12.703550338745117,39.77561950683594,669.9285278320312,23.400379180908203,-8.53748607635498,31.937870025634766,15.349080085754395,1.2353570461273193,2175.0,2175.0,2175.0,0.6404740810394287,219.0,0.9462311863899231,655.3499755859375,221.60899353027344,5.556862831115723,1.1636149883270264,585.913818359375,0.9416537284851074,655.3499755859375,2.0,0.7136595249176025,44.0,29.218849182128906,139.8988037109375
85.12161254882812,5.300814151763916,13.047080039978027,-1.988247036933899,764.4741821289062,170.16879272460938,4.387485980987549,82.22559356689453,339.9993896484375,44.9022102355957,313.8835144042969,44.9022102355957,10.308850288391113,35.38322830200195,653.873291015625,19.224960327148438,-9.905409812927246,29.130369186401367,11.843720436096191,-1.988247036933899,2559.0,2559.0,2559.0,0.4202319085597992,197.0,0.9104697108268738,655.3499755859375,85.9138412475586,4.597777843475342,0.5818076133728027,814.3615112304688,0.8729801774024963,655.3499755859375,2.0,0.0,61.0,34.664791107177734,151.79150390625
243.8957061767578,7.540351867675781,15.226849555969238,0.39547568559646606,789.5980224609375,166.4174041748047,5.075415134429932,80.83973693847656,346.306396484375,43.01076889038086,333.4681091308594,43.01076889038086,12.859230041503906,39.95412063598633,657.8499755859375,22.659969329833984,-9.524945259094238,32.18490982055664,14.056300163269043,0.39547568559646606,2385.0,2385.0,2385.0,0.40561428666114807,201.0,0.9104393720626831,655.3499755859375,469.05230712890625,4.754182815551758,1.0,6581.2509765625,0.9025480151176453,655.3499755859375,2.0,0.0,45.0,28.03881072998047,146.4423065185547
154.00729370117188,9.323746681213379,17.019329071044922,2.2982308864593506,770.25927734375,161.25669860839844,4.647679805755615,82.07425689697266,340.7262878417969,39.0406494140625,337.19268798828125,39.0406494140625,12.938309669494629,40.017398834228516,657.856689453125,24.88205909729004,-7.449631214141846,32.33169937133789,15.891169548034668,2.2982308864593506,1975.0,1975.0,1975.0,0.5552979111671448,217.0,0.9489349126815796,655.3499755859375,328.88238525390625,5.431369781494141,1.0,6585.9140625,0.9055802822113037,655.3499755859375,2.0,0.0,46.0,28.581090927124023,133.331298828125
197.46839904785156,9.951029777526855,16.978370666503906,3.8871490955352783,770.6414794921875,162.47630310058594,4.669393062591553,80.956298828125,338.2001037597656,42.07334899902344,329.8276062011719,42.07334899902344,11.977800369262695,41.62968063354492,584.0056762695312,24.182479858398438,-4.587194919586182,28.76968002319336,15.818510055541992,3.8871490955352783,2415.0,2415.0,2415.0,0.5779427886009216,213.0,0.9287400841712952,655.3499755859375,505.16180419921875,5.434826850891113,0.5818076133728027,1812.1669921875,0.8952400088310242,655.3499755859375,0.0,0.0,45.0,28.64154052734375,147.4550018310547
233.6304931640625,7.672884941101074,15.303549766540527,0.4244992136955261,765.1632080078125,164.85870361328125,4.5465288162231445,81.04473114013672,338.1593017578125,43.10934829711914,322.82489013671875,43.10934829711914,12.533479690551758,40.196189880371094,649.1694946289062,22.43151092529297,-8.748750686645508,31.180259704589844,14.263279914855957,0.4244992136955261,2467.0,2467.0,2467.0,0.4968073070049286,210.0,0.9597312211990356,655.3499755859375,507.465087890625,5.100759029388428,1.0,2576.884033203125,0.9192947745323181,655.3499755859375,2.0,0.0,81.0,44.27471160888672,149.06109619140625
46.86309051513672,6.752976894378662,14.544500350952148,-0.6014276146888733,748.973388671875,166.1132049560547,4.034292221069336,82.62457275390625,334.10650634765625,43.153900146484375,313.45098876953125,43.153900146484375,10.695610046386719,35.95207977294922,661.3994140625,20.9714298248291,-8.772647857666016,29.74407958984375,13.403450012207031,-0.6014276146888733,2344.0,2344.0,2344.0,0.523614227771759,207.0,0.9035617113113403,655.3499755859375,9.756709098815918,5.076681137084961,1.9219460487365723,9.756709098815918,0.8963916897773743,655.3499755859375,2.0,0.0,46.0,28.656530380249023,145.28570556640625
65.41148376464844,4.006825923919678,11.587260246276855,-2.9807159900665283,764.8438720703125,172.45069885253906,4.397817134857178,83.29942321777344,341.29669189453125,44.40367889404297,312.4739074707031,44.40367889404297,9.76602554321289,35.00056076049805,631.9127807617188,17.774110794067383,-10.128379821777344,27.90247917175293,10.294389724731445,-2.9807159900665283,2904.0,2904.0,2904.0,0.3749155104160309,191.0,0.9078593254089355,655.3499755859375,164.08619689941406,4.329123020172119,1.0,914.086181640625,0.8795307874679565,655.3499755859375,2.0,0.0,57.0,36.866310119628906,161.68670654296875
247.63980102539062,8.151488304138184,15.901780128479004,0.9145216941833496,783.7559204101562,165.4272003173828,4.751025199890137,81.55037689208984,346.22711181640625,40.82789993286133,337.1575012207031,40.82789993286133,12.94120979309082,39.83034896850586,667.08837890625,23.391820907592773,-9.098896026611328,32.4907112121582,14.75508975982666,0.9145216941833496,2313.0,2313.0,2313.0,0.43799540400505066,208.0,0.9397932887077332,655.3499755859375,418.12750244140625,5.165462970733643,1.0,5501.17578125,0.8952273726463318,655.3499755859375,2.0,0.0,43.0,29.13524055480957,144.17630004882812
43.49388122558594,6.26979398727417,13.802610397338867,-0.8464378714561462,777.0079956054688,169.4384002685547,4.827184200286865,80.30491638183594,341.1510009765625,46.72414016723633,317.7904052734375,46.72414016723633,11.795109748840332,39.16889953613281,639.3499145507812,20.66489028930664,-9.444847106933594,30.109729766845703,12.713709831237793,-0.8464378714561462,3033.0,3033.0,3033.0,0.4143790900707245,199.0,0.90952467918396,655.3499755859375,884.7833251953125,4.678476810455322,0.3046286106109619,2594.833984375,0.8763604164123535,655.3499755859375,2.0,0.0,54.0,30.27861976623535,165.18389892578125
182.00210571289062,9.021925926208496,16.79888916015625,1.8092930316925049,774.2236938476562,162.09249877929688,4.464244842529297,82.15959167480469,343.02130126953125,39.54111099243164,339.3406066894531,39.54111099243164,13.14783000946045,40.143741607666016,669.3676147460938,24.500429153442383,-8.251826286315918,32.75225830078125,15.90758991241455,1.8092930316925049,2040.0,2040.0,2040.0,0.5525763034820557,214.0,0.9747458100318909,655.3499755859375,231.36570739746094,5.209513187408447,1.0,5725.77392578125,0.9104893207550049,655.3499755859375,2.0,0.0,34.0,21.938650131225586,135.44500732421875
197.5290985107422,7.172746181488037,14.97504997253418,-0.193783700466156,750.5551147460938,166.0509033203125,4.116137981414795,82.461181640625,335.1340026855469,43.26808166503906,316.71551513671875,43.26808166503906,10.791540145874023,36.18424987792969,661.7723999023438,21.510150909423828,-8.312212944030762,29.822359085083008,13.8200101852417,-0.193783700466156,2435.0,2435.0,2435.0,0.5135471820831299,207.0,0.9137256741523743,655.3499755859375,386.4053039550781,4.944549083709717,1.312688946723938,445.2561950683594,0.890850305557251,655.3499755859375,2.0,0.0,74.0,39.83668899536133,147.81759643554688
90.18563079833984,8.427709579467773,16.21977996826172,1.0795069932937622,751.8596801757812,161.73739624023438,4.290083885192871,81.9365463256836,334.07501220703125,41.02225112915039,323.7992858886719,41.02225112915039,12.281920433044434,39.109169006347656,663.4437255859375,23.324689865112305,-8.081028938293457,31.405719757080078,15.165969848632812,1.0795069932937622,1773.0,1773.0,1773.0,0.547273576259613,216.0,0.9296839833259583,655.3499755859375,18.634260177612305,5.497000217437744,1.1636149883270264,2335.9140625,0.9086096286773682,655.3499755859375,2.0,0.0,47.0,31.24924087524414,126.3761978149414
201.50059509277344,7.933125972747803,15.668350219726562,0.6997867822647095,790.3659057617188,167.36549377441406,4.988411903381348,81.2033462524414,348.52301025390625,41.92396926879883,338.1318054199219,41.92396926879883,12.857930183410645,39.776920318603516,664.8015747070312,23.08592987060547,-9.238760948181152,32.32469177246094,14.525400161743164,0.6997867822647095,2371.0,2371.0,2371.0,0.5807554721832275,215.0,0.9638491272926331,655.3499755859375,335.9137878417969,5.402687072753906,1.0,4520.498046875,0.9101808071136475,655.3499755859375,2.0,0.0,32.0,20.361059188842773,146.02369689941406
236.27020263671875,7.498784065246582,15.300530433654785,0.0862349271774292,761.630615234375,165.7147979736328,4.496057987213135,81.31243896484375,337.67608642578125,43.36344909667969,321.34930419921875,43.36344909667969,11.644590377807617,37.785919189453125,665.9608764648438,22.065349578857422,-8.751453399658203,30.81679916381836,14.22998046875,0.0862349271774292,2152.0,2152.0,2152.0,0.5390539765357971,216.0,0.9555612206459045,655.3499755859375,28.39097023010254,5.438549995422363,0.1135639026761055,3731.3740234375,0.9409934282302856,655.3499755859375,2.0,0.0,51.0,33.35057830810547,139.07290649414062
250.7418975830078,7.096517086029053,14.758399963378906,-0.04382885992527008,804.1193237304688,171.6383056640625,5.140693187713623,80.36244201660156,353.0535888671875,44.179500579833984,337.3587951660156,44.179500579833984,12.621439933776855,39.655189514160156,655.2296142578125,22.061660766601562,-9.76607894897461,31.827739715576172,13.591730117797852,-0.04382885992527008,2711.0,2711.0,2711.0,0.47768259048461914,204.0,0.9032347798347473,655.3499755859375,765.3825073242188,4.874664783477783,1.0,3735.35888671875,0.8895694017410278,655.3499755859375,2.0,0.0,43.0,28.776409149169922,156.16690063476562
317.62689208984375,7.869441986083984,15.441080093383789,0.8731017708778381,780.6976928710938,163.5552978515625,5.000810146331787,80.23301696777344,341.4281921386719,43.46841812133789,327.1944885253906,43.46841812133789,13.097129821777344,40.68227005004883,647.2681884765625,23.128320693969727,-9.065372467041016,32.19369888305664,14.277549743652344,0.8731017708778381,2392.0,2392.0,2392.0,0.46116238832473755,213.0,0.9476764798164368,655.3499755859375,181.5614013671875,5.2325592041015625,1.8509260416030884,5782.0341796875,0.915793776512146,655.3499755859375,2.0,0.0,41.0,25.648990631103516,146.87879943847656
340.82269287109375,5.746692180633545,13.48091983795166,-1.5947339534759521,782.3123168945312,171.29220581054688,4.933581829071045,80.06255340576172,343.34368896484375,47.11753845214844,318.95880126953125,47.11753845214844,11.017370223999023,36.76744079589844,657.05419921875,19.895679473876953,-10.069129943847656,29.96480941772461,12.34984016418457,-1.5947339534759521,2674.0,2674.0,2674.0,0.4392600953578949,200.0,0.9438604116439819,655.3499755859375,1183.1739501953125,4.743297100067139,1.0,4787.7021484375,0.9117264747619629,655.3499755859375,2.0,0.0,70.0,42.32941818237305,155.23489379882812
237.4521026611328,7.999765872955322,15.97329044342041,0.4950636029243469,752.0391235351562,163.71389770507812,4.235970973968506,82.19344329833984,335.42401123046875,41.000770568847656,323.8689880371094,41.000770568847656,11.467840194702148,36.87805938720703,679.125,22.712629318237305,-8.381121635437012,31.09375,14.873290061950684,0.4950636029243469,2513.0,2513.0,2513.0,0.46596089005470276,204.0,0.9281548261642456,655.3499755859375,852.7728881835938,4.8994879722595215,1.0,4335.9140625,0.8926395773887634,655.3499755859375,2.0,0.0,55.0,31.69300079345703,150.47689819335938
263.9910888671875,6.891838073730469,14.54131031036377,-0.2612459063529968,805.2260131835938,172.32090759277344,5.252363204956055,80.25701904296875,353.48919677734375,44.53316879272461,336.9917907714844,44.53316879272461,12.520039558410645,39.5500602722168,653.6641235351562,21.81216049194336,-9.843403816223145,31.655569076538086,13.374650001525879,-0.2612459063529968,2625.0,2625.0,2625.0,0.37596431374549866,197.0,0.921984076499939,655.3499755859375,793.4033203125,4.599844932556152,1.0,3310.97607421875,0.8762465119361877,655.3499755859375,2.0,0.0,40.0,28.506439208984375,153.6898956298828
191.94549560546875,7.4162821769714355,15.056539535522461,0.21495220065116882,796.1259765625,169.122802734375,5.143228054046631,80.3452377319336,349.9811096191406,43.76359939575195,334.8565979003906,43.76359939575195,12.704110145568848,39.794189453125,656.7147827148438,22.4826602935791,-9.441666603088379,31.92432975769043,13.923210144042969,0.21495220065116882,2541.0,2541.0,2541.0,0.5162807106971741,214.0,0.934815526008606,655.3499755859375,221.60899353027344,5.436361789703369,1.0,3665.626953125,0.8900489211082458,655.3499755859375,2.0,0.0,50.0,32.734458923339844,151.0865020751953
193.83859252929688,6.110533237457275,13.773969650268555,-0.9825810790061951,752.4100952148438,168.10589599609375,4.122681140899658,82.62198638916016,335.962890625,43.991268157958984,310.43560791015625,43.991268157958984,9.922537803649902,35.232608795166016,636.877685546875,20.185239791870117,-7.9775590896606445,28.162799835205078,12.504730224609375,-0.9825810790061951,2672.0,2672.0,2672.0,0.4579373896121979,208.0,0.9235168099403381,655.3499755859375,440.8572082519531,4.924007892608643,0.07453703880310059,1585.9139404296875,0.8728901743888855,655.3499755859375,2.0,0.5946851968765259,56.0,35.68347930908203,155.00140380859375
109.07679748535156,4.878129005432129,12.443679809570312,-2.0470969676971436,755.0557250976562,171.82229614257812,4.001118183135986,83.39096069335938,338.27569580078125,43.806060791015625,308.8464050292969,43.806060791015625,9.700705528259277,35.25777816772461,623.7894897460938,18.67767906188965,-8.836346626281738,27.514020919799805,8.689860343933105,-2.0470969676971436,2864.0,2864.0,2864.0,0.4891299903392792,210.0,0.9380093812942505,655.3499755859375,262.9111022949219,5.02909517288208,1.0,2085.9140625,0.8851346969604492,655.3499755859375,2.0,0.0,44.0,27.64727020263672,160.61639404296875
291.30108642578125,7.616617202758789,15.186389923095703,0.5371484160423279,782.9312133789062,165.65780639648438,5.023265838623047,80.36443328857422,342.88189697265625,43.39350891113281,327.4563903808594,43.39350891113281,13.119629859924316,40.655120849609375,649.3214721679688,22.812280654907227,-9.45783519744873,32.270118713378906,14.05823040008545,0.5371484160423279,2609.0,2609.0,2609.0,0.4600740075111389,213.0,0.9337323904037476,655.3499755859375,803.811279296875,5.350893020629883,0.03902683034539223,5148.76708984375,0.905587375164032,655.3499755859375,2.0,0.0,30.0,20.065269470214844,153.26370239257812
184.34019470214844,6.264324188232422,13.7639799118042,-0.7757583260536194,805.3173217773438,172.12030029296875,5.488527774810791,79.58235168457031,351.8908996582031,46.33319854736328,331.35650634765625,46.33319854736328,12.662949562072754,40.196990966796875,641.271728515625,21.19478988647461,-10.305130004882812,31.499919891357422,12.612970352172852,-0.7757583260536194,2827.0,2827.0,2827.0,0.3804132044315338,203.0,0.9231938123703003,655.3499755859375,445.2561950683594,4.844452857971191,0.9254630208015442,4437.35693359375,0.8625580072402954,655.3499755859375,2.0,0.0,34.0,25.936670303344727,159.54200744628906
287.8268127441406,6.106788158416748,13.975870132446289,-1.3177529573440552,775.0236206054688,169.73829650878906,4.800000190734863,80.47030639648438,341.4258117675781,46.1585807800293,318.4602966308594,46.1585807800293,10.641960144042969,35.69826889038086,667.5496826171875,20.212480545043945,-9.596458435058594,29.808940887451172,12.814749717712402,-1.3177529573440552,2942.0,2942.0,2942.0,0.4623660147190094,203.0,0.9479960203170776,655.3499755859375,414.0862121582031,4.831508159637451,0.3046286106109619,5362.60400390625,0.899013102054596,655.3499755859375,2.0,0.0,62.0,34.953338623046875,162.5771026611328
258.2012939453125,8.389793395996094,16.07879066467285,1.1342270374298096,776.6226806640625,164.46519470214844,4.764831066131592,81.43240356445312,343.1182861328125,41.166561126708984,333.26519775390625,41.166561126708984,13.184860229492188,40.400360107421875,662.9415893554688,23.76173973083496,-8.873430252075195,32.635169982910156,14.977519989013672,1.1342270374298096,2176.0,2176.0,2176.0,0.4615181088447571,212.0,0.9434009194374084,655.3499755859375,268.6341857910156,5.288239002227783,0.07453703880310059,4194.8271484375,0.8981065154075623,655.3499755859375,2.0,0.0,53.0,34.48398971557617,139.98849487304688
129.59820556640625,7.32606315612793,14.84535026550293,0.2920466959476471,790.2667236328125,167.78709411621094,5.100570201873779,79.67236328125,344.67041015625,45.31338882446289,326.7933044433594,45.31338882446289,13.170729637145996,41.2388801574707,643.107421875,22.4602108001709,-9.478069305419922,31.93828010559082,13.682310104370117,0.2920466959476471,2502.0,2502.0,2502.0,0.47274360060691833,209.0,0.9632292985916138,655.3499755859375,257.7185974121094,5.056396961212158,0.6563447117805481,2691.02099609375,0.8868312239646912,655.3499755859375,2.0,0.0,36.0,27.502389907836914,150.12640380859375
156.7584991455078,5.777442932128906,13.346940040588379,-1.342221975326538,819.5908813476562,177.485595703125,5.4951019287109375,79.89131164550781,359.6642150878906,45.998870849609375,338.1697082519531,45.998870849609375,12.12183952331543,39.08695983886719,644.71337890625,20.58696937561035,-10.42531967163086,31.01228904724121,12.180740356445312,-1.342221975326538,2975.0,2975.0,2975.0,0.44864729046821594,194.0,0.9018577933311462,655.3499755859375,327.723388671875,4.332543849945068,1.0,2934.3349609375,0.8429514765739441,655.3499755859375,2.0,0.0,41.0,21.90553092956543,163.55499267578125
319.5762939453125,5.916257858276367,13.446419715881348,-1.1969870328903198,811.7282104492188,174.7165069580078,5.5,79.83141326904297,355.5650939941406,46.42047119140625,334.57879638671875,46.42047119140625,12.203450202941895,39.24736022949219,643.3939208984375,20.726770401000977,-10.36631965637207,31.093090057373047,12.303609848022461,-1.1969870328903198,2702.0,2702.0,2702.0,0.36799880862236023,193.0,0.9186815023422241,655.3499755859375,278.3909912109375,4.34296178817749,1.0,3520.14306640625,0.878195583820343,655.3499755859375,2.0,0.0,39.0,23.47454071044922,155.95050048828125
205.2006072998047,6.845680236816406,14.355019569396973,-0.19011320173740387,795.4548950195312,169.18499755859375,5.242633819580078,79.2886734008789,346.36669921875,46.35015869140625,326.0989074707031,46.35015869140625,13.110309600830078,41.20195007324219,641.268310546875,21.89742088317871,-9.922163009643555,31.819589614868164,13.182829856872559,-0.19011320173740387,2755.0,2755.0,2755.0,0.38811078667640686,206.0,0.9267653822898865,655.3499755859375,221.60899353027344,4.812168121337891,0.34365540742874146,2072.490966796875,0.8822456002235413,655.3499755859375,2.0,0.0,45.0,31.18984031677246,157.44369506835938
205.36709594726562,7.271673202514648,14.937430381774902,0.0032757699955254793,791.2517700195312,169.2465057373047,4.99813985824585,80.83277130126953,349.1120910644531,43.58858108520508,333.2768859863281,43.58858108520508,12.488849639892578,39.29515075683594,658.4735717773438,22.362590789794922,-9.419196128845215,31.781789779663086,13.83743953704834,0.0032757699955254793,2503.0,2503.0,2503.0,0.516141414642334,216.0,0.9422863125801086,655.3499755859375,250.0,5.495325088500977,0.41819238662719727,4565.59814453125,0.9067953824996948,655.3499755859375,2.0,0.0,55.0,35.81175994873047,150.04269409179688
247.9084014892578,7.2132110595703125,14.899310111999512,-0.1200442984700203,784.4561157226562,167.49400329589844,4.977259159088135,80.69803619384766,344.49310302734375,43.09001922607422,328.4247131347656,43.09001922607422,12.476030349731445,39.11738967895508,661.7850952148438,22.2573299407959,-9.636173248291016,31.89349937438965,13.81348991394043,-0.1200442984700203,2305.0,2305.0,2305.0,0.5131540894508362,218.0,0.9520167708396912,655.3499755859375,28.39097023010254,5.5553297996521,0.6092571020126343,3344.181884765625,0.9092087149620056,655.3499755859375,2.0,0.0,52.0,29.964889526367188,144.13250732421875
78.82489013671875,8.226561546325684,16.172340393066406,0.7048311233520508,746.50048828125,160.65109252929688,4.221632957458496,82.30931854248047,330.748291015625,40.09197998046875,319.92120361328125,40.09197998046875,12.03993034362793,37.54589080810547,686.6749267578125,22.99725914001465,-9.06893253326416,32.066200256347656,15.124690055847168,0.7048311233520508,1938.0,1938.0,1938.0,0.6263341903686523,220.0,0.9471083283424377,655.3499755859375,108.5895004272461,5.609488010406494,0.6092571020126343,1735.9539794921875,0.9149476885795593,655.3499755859375,1.0,0.0,26.0,18.258819580078125,132.15289306640625
193.65469360351562,7.131626129150391,14.82682991027832,-0.2120397984981537,786.59130859375,168.2458953857422,5.0183820724487305,80.75361633300781,346.5929870605469,43.14006042480469,330.69500732421875,43.14006042480469,12.250940322875977,38.62512969970703,662.9381713867188,22.127670288085938,-9.588130950927734,31.715810775756836,13.744150161743164,-0.2120397984981537,2705.0,2705.0,2705.0,0.4731462895870209,208.0,0.9276859760284424,655.3499755859375,444.4725036621094,5.0555291175842285,1.0,3955.35205078125,0.8883916139602661,655.3499755859375,2.0,0.0,38.0,26.2618408203125,155.98919677734375
111.91560363769531,9.091851234436035,16.795320510864258,1.8932219743728638,765.8248291015625,161.44679260253906,4.5333027839660645,81.6495132446289,338.3782043457031,39.949039459228516,332.4607849121094,39.949039459228516,13.42195987701416,40.917030334472656,662.6547241210938,24.543880462646484,-8.259578704833984,32.80345916748047,15.661430358886719,1.8932219743728638,1995.0,1995.0,1995.0,0.5685200095176697,218.0,0.9388489723205566,655.3499755859375,0.0,5.534832000732422,0.14907410740852356,28.39097023010254,0.8942707180976868,655.3499755859375,1.0,0.0,30.0,22.448699951171875,134.0
173.4739990234375,5.351268768310547,13.330349922180176,-2.0446341037750244,773.5170288085938,173.39370727539062,4.414286136627197,81.53189086914062,344.23431396484375,45.94322967529297,318.8503112792969,45.94322967529297,8.81201171875,31.69515037536621,660.0985107421875,19.089860916137695,-8.710419654846191,27.80027961730957,11.903070449829102,-2.0446341037750244,2701.0,2701.0,2701.0,0.4550487995147705,196.0,0.9231358170509338,655.3499755859375,408.4248962402344,4.497653961181641,1.0,7635.84619140625,0.8657922148704529,655.3499755859375,2.0,0.0,39.0,26.167449951171875,155.9561004638672
198.36929321289062,8.696608543395996,16.21685028076172,1.7441049814224243,758.9716796875,160.69830322265625,4.554146766662598,81.12264251708984,334.22100830078125,41.51531982421875,322.5783996582031,41.51531982421875,13.277250289916992,41.69475173950195,640.2338256835938,23.915210723876953,-7.929129123687744,31.84433937072754,15.237589836120605,1.7441049814224243,2351.0,2351.0,2351.0,0.581924319267273,219.0,0.9730160236358643,655.3499755859375,345.8348083496094,5.516499042510986,0.22712770104408264,1497.2879638671875,0.9179289937019348,655.3499755859375,0.0,0.0,58.0,36.426021575927734,145.4217987060547
181.8433074951172,6.161061763763428,13.96757984161377,-1.1899800300598145,766.3712158203125,167.6356964111328,4.560136795043945,81.33167266845703,337.70440673828125,44.90972900390625,314.12469482421875,44.90972900390625,11.079719543457031,36.34809112548828,666.5814819335938,20.365530014038086,-10.116129875183105,30.481660842895508,12.504110336303711,-1.1899800300598145,2772.0,2772.0,2772.0,0.3598625957965851,190.0,0.8836569786071777,655.3499755859375,591.8961181640625,4.256309986114502,1.0,3067.635986328125,0.8459848761558533,655.3499755859375,1.0,0.0,91.0,50.93547821044922,158.01690673828125
110.43340301513672,6.684872150421143,14.399310111999512,-0.6752783060073853,790.443603515625,169.99549865722656,5.091414928436279,80.54979705810547,348.0950927734375,44.14646911621094,329.4425048828125,44.14646911621094,11.88582992553711,37.9517707824707,663.9719848632812,21.498729705810547,-9.817153930664062,31.315879821777344,13.2916898727417,-0.6752783060073853,2627.0,2627.0,2627.0,0.36328229308128357,188.0,0.9092230796813965,655.3499755859375,335.9137878417969,4.176877975463867,1.0,3480.837890625,0.8742994070053101,655.3499755859375,2.0,0.0,36.0,23.160449981689453,153.71490478515625
243.16969299316406,4.756149768829346,12.362739562988281,-2.3913819789886475,814.26318359375,177.83689880371094,5.517518043518066,80.64653015136719,358.48291015625,47.017520904541016,333.73431396484375,47.017520904541016,11.160710334777832,37.081878662109375,645.5557250976562,19.221399307250977,-10.874719619750977,30.096120834350586,11.195679664611816,-2.3913819789886475,3154.0,3154.0,3154.0,0.4372510015964508,183.0,0.8697971105575562,655.3499755859375,312.239501953125,3.8301808834075928,1.3907430171966553,3721.529052734375,0.8604317903518677,655.3499755859375,2.0,0.0,47.0,29.250490188598633,168.406494140625
215.23069763183594,5.135468006134033,12.783539772033691,-2.046783924102783,777.8123168945312,170.6385040283203,4.896606922149658,80.7456283569336,341.00579833984375,46.771080017089844,314.352294921875,46.771080017089844,11.321279525756836,37.331138610839844,650.6533813476562,19.36157989501953,-10.96444034576416,30.326019287109375,9.594429016113281,-2.046783924102783,3101.0,3101.0,3101.0,0.4914577007293701,214.0,0.933196485042572,655.3499755859375,1348.81005859375,5.4967041015625,1.0,1922.95703125,0.9085811972618103,655.3499755859375,1.0,0.0,41.0,28.0501708984375,167.03919982910156
229.43539428710938,5.741531848907471,13.43136978149414,-1.5836340188980103,801.4432983398438,173.28329467773438,5.312932014465332,79.99092864990234,351.3837890625,46.206241607666016,329.2060852050781,46.206241607666016,11.397769927978516,37.18328094482422,658.4495239257812,20.262920379638672,-10.385769844055176,30.64868927001953,12.2985200881958,-1.5836340188980103,2972.0,2972.0,2972.0,0.3943229913711548,199.0,0.9170445799827576,655.3499755859375,961.1812744140625,4.590763092041016,0.6563447117805481,3035.156982421875,0.8722633719444275,655.3499755859375,2.0,0.0,40.0,27.650449752807617,163.56089782714844
117.54640197753906,7.637660980224609,15.385979652404785,0.34038570523262024,749.8258056640625,163.65769958496094,4.362148761749268,82.01814270019531,331.5437927246094,41.975250244140625,315.03271484375,41.975250244140625,12.492079734802246,39.19068145751953,663.7047119140625,22.42452049255371,-9.448798179626465,31.873319625854492,14.270170211791992,0.34038570523262024,2106.0,2106.0,2106.0,0.6388462781906128,223.0,0.9626652002334595,655.3499755859375,471.6090087890625,5.963550090789795,1.772871971130371,471.6090087890625,0.9174144864082336,655.3499755859375,1.0,0.013067600317299366,34.0,22.660619735717773,137.67970275878906
155.125,5.859055042266846,13.3256196975708,-1.0742520093917847,783.611572265625,168.80760192871094,5.090572834014893,79.44441223144531,340.7814025878906,47.22365188598633,316.96240234375,47.22365188598633,11.759810447692871,39.147560119628906,628.8272705078125,20.482690811157227,-9.549358367919922,30.03204917907715,10.616259574890137,-1.0742520093917847,2910.0,2910.0,2910.0,0.4701452851295471,206.0,0.9472389221191406,655.3499755859375,345.93560791015625,4.947915077209473,1.0,2303.404052734375,0.9052624702453613,655.3499755859375,1.0,0.0,60.0,33.47026824951172,161.8863067626953
168.535400390625,9.46405029296875,17.395219802856445,2.0548861026763916,732.7340698242188,156.5760955810547,3.8827579021453857,83.91380310058594,327.8949890136719,36.09238052368164,326.43341064453125,36.09238052368164,12.832460403442383,39.319271087646484,679.2147216796875,24.861690521240234,-7.774805068969727,32.63648986816406,16.285480499267578,2.0548861026763916,2165.0,2165.0,2165.0,0.53265380859375,213.0,0.9348596930503845,655.3499755859375,262.9111022949219,5.268218040466309,0.6563447117805481,759.644775390625,0.9116029739379883,655.3499755859375,1.0,0.3396395146846771,89.0,49.992740631103516,139.20579528808594
106.80879974365234,7.655492782592773,15.298589706420898,0.45162901282310486,750.5975952148438,162.4678955078125,4.638669013977051,81.24545288085938,330.9718933105469,43.02201843261719,314.4090881347656,43.02201843261719,12.33845043182373,39.40520095825195,650.7994995117188,22.509920120239258,-8.800370216369629,31.310300827026367,14.194979667663574,0.45162901282310486,2603.0,2603.0,2603.0,0.5560256242752075,219.0,0.9739410877227783,655.3499755859375,262.9111022949219,5.556629180908203,1.1636149883270264,1410.654052734375,0.9325547814369202,655.3499755859375,1.0,0.0,35.0,22.06882095336914,152.99830627441406
135.7751007080078,6.504909992218018,14.100419998168945,-0.6053146123886108,768.3258056640625,167.85679626464844,4.870965957641602,80.55003356933594,337.4126892089844,45.29029083251953,315.07049560546875,45.29029083251953,11.817119598388672,38.61893844604492,642.155517578125,21.168569564819336,-9.428837776184082,30.597400665283203,12.969690322875977,-0.6053146123886108,2727.0,2727.0,2727.0,0.47764599323272705,213.0,0.9610565900802612,655.3499755859375,221.60899353027344,5.372499942779541,1.0,2032.48095703125,0.9161025285720825,655.3499755859375,1.0,0.0,48.0,28.663959503173828,156.64939880371094
51.785118103027344,7.244198799133301,15.015669822692871,-0.06393568217754364,748.6483764648438,164.5220947265625,4.456993103027344,81.6889877319336,331.1754150390625,43.528709411621094,312.6311950683594,43.528709411621094,11.999950408935547,38.15359115600586,664.3787231445312,21.911569595336914,-9.539107322692871,31.45067024230957,13.885919570922852,-0.06393568217754364,2396.0,2396.0,2396.0,0.5102664232254028,216.0,0.9506670236587524,655.3499755859375,632.7592163085938,5.473164081573486,0.07805366814136505,632.7592163085938,0.8998578786849976,655.3499755859375,1.0,0.0,68.0,37.38697814941406,146.9011993408203
29.752229690551758,5.925310134887695,13.633310317993164,-1.316419005393982,754.728515625,168.46670532226562,4.449625015258789,82.13802337646484,335.4424133300781,44.264808654785156,311.0412902832031,44.264808654785156,11.265219688415527,37.21171951293945,653.6895141601562,20.320810317993164,-9.943729400634766,30.26453971862793,11.343290328979492,-1.316419005393982,2554.0,2554.0,2554.0,0.4751358926296234,209.0,0.9729524850845337,655.3499755859375,262.9111022949219,5.204453945159912,2.0,905.0618896484375,0.9014127254486084,655.3499755859375,1.0,0.0,59.0,37.76287841796875,151.63499450683594
231.0157928466797,7.666607856750488,15.441869735717773,0.35279980301856995,749.919921875,165.50909423828125,4.260684967041016,82.11226654052734,334.1636962890625,41.90763854980469,318.12530517578125,41.90763854980469,11.544790267944336,37.57183837890625,661.0504760742188,22.546749114990234,-8.175888061523438,30.722639083862305,14.277099609375,0.35279980301856995,2394.0,2394.0,2394.0,0.6128886938095093,220.0,0.9850398898124695,655.3499755859375,426.9971923828125,5.582703113555908,2.0,2204.719970703125,0.9249321818351746,655.3499755859375,1.0,0.0,51.0,33.35377883911133,146.70050048828125
158.60980224609375,7.337262153625488,14.97033977508545,0.11898099631071091,743.0872802734375,164.24510192871094,4.352701187133789,81.67637634277344,328.29638671875,43.285911560058594,308.8279113769531,43.285911560058594,12.099559783935547,39.01266098022461,651.7280883789062,22.208450317382812,-8.805900573730469,31.01435089111328,13.857799530029297,0.11898099631071091,2603.0,2603.0,2603.0,0.6045830845832825,215.0,0.9573554992675781,655.3499755859375,221.60899353027344,5.321374893188477,0.8363847732543945,1111.3609619140625,0.9061998128890991,655.3499755859375,1.0,0.0,49.0,31.546140670776367,153.1103973388672
155.6739044189453,6.036858081817627,13.511879920959473,-0.9732233881950378,768.9713745117188,171.15980529785156,4.824817180633545,80.96144104003906,340.2272033691406,46.60905838012695,313.62188720703125,46.60905838012695,11.686949729919434,38.760379791259766,632.6497802734375,20.76205062866211,-9.386754989624023,30.1488094329834,10.676259994506836,-0.9732233881950378,2936.0,2936.0,2936.0,0.5216563940048218,214.0,0.9359604716300964,655.3499755859375,546.5994262695312,5.251654148101807,2.0,2153.3330078125,0.8956055045127869,655.3499755859375,1.0,0.0,27.0,16.936819076538086,162.45419311523438
166.52609252929688,4.468554973602295,12.183919906616211,-2.7963879108428955,765.4332885742188,172.29690551757812,4.588126182556152,81.41728210449219,340.764404296875,47.02793884277344,307.56878662109375,47.02793884277344,10.54341983795166,35.9464111328125,651.184326171875,18.48666000366211,-10.844429969787598,29.331090927124023,8.690240859985352,-2.7963879108428955,3151.0,3151.0,3151.0,0.4897443950176239,212.0,0.9238628149032593,655.3499755859375,839.78662109375,5.366648197174072,1.0,5950.451171875,0.8808029294013977,655.3499755859375,1.0,0.0,29.0,19.954320907592773,168.41529846191406
69.85791015625,2.8094570636749268,10.80978012084961,-4.50434684753418,747.1072998046875,173.2028045654297,4.099999904632568,84.81053161621094,341.2161865234375,41.90296936035156,307.272705078125,41.90296936035156,8.789837837219238,31.998210906982422,652.3262939453125,16.01321029663086,-11.454509735107422,27.46772003173828,6.5304059982299805,-4.50434684753418,3097.0,3097.0,3097.0,0.45345258712768555,194.0,0.9338480830192566,655.3499755859375,28.39097023010254,4.507318019866943,1.1636149883270264,12060.3603515625,0.8889045119285583,654.4078979492188,2.0,0.0,77.0,40.33375930786133,167.06849670410156
35.794708251953125,3.3481690883636475,11.283220291137695,-3.9834489822387695,748.7263793945312,173.71640014648438,4.099999904632568,84.52123260498047,340.9822998046875,42.893978118896484,307.6134948730469,42.893978118896484,8.63811206817627,31.82118034362793,649.840087890625,16.69523048400879,-10.449799537658691,27.145029067993164,7.1098737716674805,-3.9834489822387695,3027.0,3027.0,3027.0,0.396056592464447,195.0,0.9416977763175964,655.3499755859375,403.1705017089844,4.586885929107666,0.03902683034539223,10608.3603515625,0.9023813009262085,655.3499755859375,2.0,0.0,66.0,37.3325309753418,165.08839416503906
109.40519714355469,5.862618923187256,13.454110145568848,-1.3577430248260498,767.4348754882812,172.68910217285156,4.56265115737915,81.41715240478516,340.4862060546875,46.595951080322266,313.0752868652344,46.595951080322266,11.272359848022461,37.40031051635742,646.5521240234375,20.407100677490234,-9.7193021774292,30.126399993896484,10.85237979888916,-1.3577430248260498,2754.0,2754.0,2754.0,0.46085309982299805,206.0,0.922143280506134,655.3499755859375,426.9971923828125,5.036476135253906,0.34365540742874146,2861.30810546875,0.8815662264823914,655.3499755859375,1.0,0.0,31.0,19.418859481811523,157.410400390625
267.1896057128906,6.109932899475098,13.79380989074707,-1.1835110187530518,761.51123046875,170.81190490722656,4.300000190734863,81.37220764160156,338.09930419921875,45.250648498535156,311.0177001953125,45.250648498535156,10.808380126953125,36.29690933227539,653.6661987304688,20.431520462036133,-9.340490341186523,29.772010803222656,10.984519958496094,-1.1835110187530518,2774.0,2774.0,2774.0,0.37500110268592834,197.0,0.9158893823623657,655.3499755859375,272.67559814453125,4.47186803817749,0.03902683034539223,4462.2861328125,0.8768678903579712,655.3499755859375,1.0,0.0,62.0,35.68130111694336,157.91549682617188
244.31900024414062,4.580228805541992,12.069680213928223,-2.401313066482544,787.4545288085938,178.61129760742188,4.800000190734863,81.3664321899414,350.8212890625,47.82667922973633,320.0733947753906,47.82667922973633,11.130720138549805,37.85704040527344,629.0120239257812,19.04589080810547,-10.34766960144043,29.3935604095459,8.571477890014648,-2.401313066482544,3310.0,3310.0,3310.0,0.3880543112754822,192.0,0.9583153128623962,655.3499755859375,1034.404052734375,4.335575103759766,0.41819238662719727,2846.930908203125,0.8883088231086731,655.3499755859375,1.0,0.0,62.0,39.22446823120117,172.61810302734375
93.21356201171875,4.16881799697876,12.110730171203613,-3.175870895385742,738.3660278320312,169.99380493164062,4.099999904632568,84.23853302001953,337.3216857910156,42.90850067138672,300.73651123046875,42.90850067138672,8.89978313446045,32.218448638916016,652.7382202148438,17.416790008544922,-10.205860137939453,27.622650146484375,8.010804176330566,-3.175870895385742,2811.0,2811.0,2811.0,0.4944736957550049,208.0,0.9362146258354187,655.3499755859375,85.9138412475586,5.141077995300293,0.07805366814136505,11947.3701171875,0.8890635967254639,655.3499755859375,2.0,0.0,42.0,26.269399642944336,158.99180603027344
222.66009521484375,5.380281925201416,13.293330192565918,-2.030416965484619,736.1033935546875,169.89309692382812,4.109251976013184,84.13030242919922,334.2803039550781,42.88753890991211,303.3266906738281,42.88753890991211,9.017147064208984,32.36867904663086,656.753173828125,19.10848045349121,-8.748859405517578,27.85733985900879,9.384592056274414,-2.030416965484619,2616.0,2616.0,2616.0,0.5147507190704346,210.0,0.9315201044082642,655.3499755859375,181.5614013671875,5.2351250648498535,0.9254630208015442,10042.5595703125,0.8914220929145813,655.3499755859375,2.0,0.0,38.0,24.914020538330078,153.4597930908203
135.10009765625,5.917913913726807,13.471170425415039,-1.183210015296936,775.1300048828125,174.0115966796875,4.614628791809082,81.28473663330078,343.62799072265625,45.39813995361328,318.37811279296875,45.39813995361328,10.895549774169922,36.967838287353516,638.990478515625,20.494970321655273,-8.97707462310791,29.472049713134766,11.615079879760742,-1.183210015296936,2588.0,2588.0,2588.0,0.43973639607429504,203.0,0.8878254890441895,655.3499755859375,28.39097023010254,4.776220798492432,0.41819238662719727,3253.826904296875,0.8579003214836121,655.3499755859375,1.0,0.0,40.0,26.20907974243164,152.5937042236328
195.2834930419922,4.322466850280762,11.947190284729004,-2.7881720066070557,790.5609741210938,179.24560546875,4.699999809265137,81.17339324951172,351.94891357421875,48.0,320.3724060058594,48.0,10.336830139160156,35.69511032104492,637.4351806640625,18.600740432739258,-10.345870018005371,28.946609497070312,8.271995544433594,-2.7881720066070557,3261.0,3261.0,3261.0,0.42516180872917175,190.0,0.9216182827949524,655.3499755859375,839.78662109375,4.0435380935668945,0.8864361047744751,3876.072021484375,0.8445746898651123,655.3499755859375,1.0,0.0,43.0,28.25554084777832,171.1125030517578
231.45309448242188,5.6004509925842285,13.272430419921875,-1.6269279718399048,771.4119873046875,173.7563018798828,4.432268142700195,81.31331634521484,343.2428894042969,46.177940368652344,314.0450134277344,46.177940368652344,10.360529899597168,35.585601806640625,646.793701171875,19.8210506439209,-9.281871795654297,29.102920532226562,9.870479583740234,-1.6269279718399048,2769.0,2769.0,2769.0,0.3937399089336395,198.0,0.9101992249488831,655.3499755859375,28.39097023010254,4.4682512283325195,0.34365540742874146,4815.6767578125,0.8563268184661865,655.3499755859375,1.0,0.0,33.0,18.19710922241211,157.8188018798828
245.7633056640625,5.27626895904541,13.001350402832031,-1.9674899578094482,773.6873168945312,174.96310424804688,4.524806022644043,81.48076629638672,345.0304870605469,46.864830017089844,314.93701171875,46.864830017089844,10.084019660949707,35.07481002807617,645.8826293945312,19.491270065307617,-9.246705055236816,28.737979888916016,9.894827842712402,-1.9674899578094482,2875.0,2875.0,2875.0,0.40577399730682373,198.0,0.9019575715065002,655.3499755859375,427.27789306640625,4.552289009094238,0.9609730839729309,5704.97900390625,0.86577308177948,655.3499755859375,1.0,0.0,49.0,29.367359161376953,160.76669311523438
90.09293365478516,4.484189987182617,12.064240455627441,-2.582775115966797,781.9420776367188,177.4174041748047,4.884858131408691,81.96591186523438,349.18011474609375,46.13600158691406,318.5357971191406,46.13600158691406,10.140600204467773,35.50402069091797,635.6911010742188,18.80139923095703,-9.759278297424316,28.560680389404297,8.479935646057129,-2.582775115966797,3041.0,3041.0,3041.0,0.3769024908542633,198.0,0.8984385132789612,655.3499755859375,395.451904296875,4.493793964385986,0.07453703880310059,4160.17919921875,0.846757709980011,655.3499755859375,1.0,0.0,54.0,33.07870101928711,165.4188995361328
198.0388946533203,3.8663840293884277,11.765990257263184,-3.3811941146850586,745.8801879882812,171.8520965576172,4.036995887756348,83.7421875,338.760498046875,44.09164047241211,303.26080322265625,44.09164047241211,9.693498611450195,34.32815170288086,646.8361206054688,17.36617088317871,-10.871379852294922,28.237550735473633,7.62629508972168,-3.3811941146850586,3244.0,3244.0,3244.0,0.6131129860877991,207.0,0.9505171775817871,655.3499755859375,785.1431884765625,5.123199939727783,1.0,13204.330078125,0.9125344157218933,655.3499755859375,2.0,0.0,48.0,30.853120803833008,170.89149475097656
68.51310729980469,2.318613052368164,10.235779762268066,-4.8564839363098145,756.7288208007812,178.38619995117188,4.095949172973633,85.12449645996094,345.6182861328125,43.80223083496094,313.5141906738281,43.80223083496094,10.266010284423828,35.85443115234375,643.765380859375,16.141830444335938,-12.48779010772705,28.629629135131836,6.870930194854736,-4.8564839363098145,3147.0,3147.0,3147.0,0.509932816028595,203.0,0.949734091758728,655.3499755859375,108.5895004272461,4.772521018981934,0.07453703880310059,14468.1201171875,0.9013051986694336,655.107421875,2.0,0.0,40.0,24.68252944946289,168.37559509277344
236.7769012451172,3.425623893737793,11.130390167236328,-3.7011120319366455,785.9445190429688,182.67410278320312,4.599999904632568,83.43805694580078,355.5072937011719,47.15153884887695,323.29058837890625,47.15153884887695,9.321535110473633,33.822940826416016,632.96728515625,17.395580291748047,-10.16254997253418,27.558130264282227,7.117901802062988,-3.7011120319366455,3362.0,3362.0,3362.0,0.3541589081287384,182.0,0.8444185853004456,655.3499755859375,526.7169799804688,3.9494800567626953,0.07805366814136505,7880.7119140625,0.8348737955093384,649.7811889648438,1.0,0.0,44.0,28.34222984313965,173.97610473632812
156.66990661621094,2.948235034942627,10.6071195602417,-4.037370204925537,781.1715698242188,182.41619873046875,4.464169025421143,84.16761016845703,356.0093078613281,45.276641845703125,322.318115234375,45.276641845703125,9.229557037353516,33.775901794433594,624.5203857421875,16.90266990661621,-10.424209594726562,27.32686996459961,6.445792198181152,-4.037370204925537,3322.0,3322.0,3322.0,0.4315480887889862,166.0,0.8513932824134827,655.3499755859375,18.634260177612305,3.103348970413208,0.6563447117805481,5670.36181640625,0.8068860173225403,523.14990234375,1.0,0.0,68.0,39.0340690612793,172.90660095214844
48.37194061279297,3.8109800815582275,11.989330291748047,-3.7553300857543945,752.9882202148438,170.2738037109375,4.447079181671143,82.98296356201172,340.62078857421875,43.60261154174805,304.760009765625,43.60261154174805,8.245814323425293,29.747629165649414,674.4351806640625,17.323049545288086,-10.39780044555664,27.720849990844727,7.817107200622559,-3.7553300857543945,2929.0,2929.0,2929.0,0.4319222867488861,204.0,0.9072147011756897,655.3499755859375,414.0862121582031,4.861791133880615,0.6953713893890381,479.9679870605469,0.8887711763381958,655.3499755859375,1.0,0.0,66.0,36.524620056152344,162.3009033203125
320.04949951171875,2.2948179244995117,10.79773998260498,-5.361401081085205,730.07177734375,172.8083038330078,3.799999952316284,86.02522277832031,339.8197937011719,41.256229400634766,299.19659423828125,41.256229400634766,10.467129707336426,35.0070686340332,684.7503051757812,16.816940307617188,-13.081669807434082,29.898609161376953,6.002285003662109,-5.361401081085205,3038.0,3038.0,3038.0,0.48518019914627075,195.0,0.9018778800964355,655.3499755859375,513.6641235351562,4.597614765167236,2.0,4377.30615234375,0.8902618885040283,584.6046752929688,2.0,0.0,22.0,12.23289966583252,165.3804931640625
172.95559692382812,3.2873589992523193,11.801549911499023,-4.405628204345703,721.6226806640625,169.33920288085938,3.8083090782165527,85.61522674560547,335.7427062988281,41.08219909667969,293.2702941894531,41.08219909667969,10.37555980682373,34.559261322021484,688.5712890625,17.67561912536621,-12.346489906311035,30.022109985351562,7.133909225463867,-4.405628204345703,3017.0,3017.0,3017.0,0.49000871181488037,193.0,0.9037154912948608,655.3499755859375,28.39097023010254,4.389995098114014,2.0,3748.965087890625,0.8764166831970215,607.43212890625,2.0,0.0,14.0,9.40523624420166,164.74929809570312
109.2249984741211,3.739725112915039,12.199830055236816,-3.976417064666748,721.490478515625,166.42210388183594,3.9837429523468018,84.05123901367188,332.2549133300781,42.841190338134766,290.277587890625,42.841190338134766,10.263290405273438,34.34920883178711,687.0625,17.980730056762695,-11.899920463562012,29.88064956665039,7.669403076171875,-3.976417064666748,2783.0,2783.0,2783.0,0.4198465943336487,194.0,0.8924146294593811,655.3499755859375,221.60899353027344,4.391759872436523,0.14907410740852356,3536.52001953125,0.8588669896125793,653.1970825195312,2.0,0.0,48.0,31.7081298828125,158.3061981201172
120.87989807128906,4.471479892730713,12.969799995422363,-3.293308973312378,714.786376953125,164.14230346679688,3.8899381160736084,83.74211120605469,327.8080139160156,42.9545783996582,288.6980895996094,42.9545783996582,10.139289855957031,33.73439025878906,692.93798828125,18.76651954650879,-11.293129920959473,30.059640884399414,8.519301414489746,-3.293308973312378,2668.0,2668.0,2668.0,0.4399867057800293,203.0,0.9146187901496887,655.3499755859375,0.0,4.87694787979126,0.07805366814136505,3227.969970703125,0.8865591287612915,652.2918701171875,2.0,0.0,50.0,30.91027069091797,154.7761993408203
86.17620086669922,8.549040794372559,16.04483985900879,1.945194959640503,755.0894775390625,157.3946075439453,4.995151042938232,80.77632141113281,327.0526123046875,39.178001403808594,314.13238525390625,39.178001403808594,11.574760437011719,39.44947052001953,614.1826782226562,23.24247932434082,-6.098194122314453,29.340669631958008,12.857139587402344,1.945194959640503,2371.0,2371.0,2371.0,0.3768373131752014,190.0,0.9404178261756897,655.3499755859375,708.54248046875,4.431300163269043,1.0,1731.677978515625,0.8880016207695007,655.3499755859375,0.0,0.0,45.0,26.600669860839844,146.00770568847656
147.03880310058594,4.942527770996094,13.462630271911621,-2.8622078895568848,710.1864013671875,162.6284942626953,3.845968008041382,83.76464080810547,325.1288146972656,42.227088928222656,287.66259765625,42.227088928222656,9.842934608459473,32.84122085571289,697.7442016601562,19.132110595703125,-10.835089683532715,29.967199325561523,9.089205741882324,-2.8622078895568848,2483.0,2483.0,2483.0,0.5108448266983032,211.0,0.9605516791343689,655.3499755859375,330.198486328125,5.250956058502197,2.0,2744.802978515625,0.9106538891792297,654.6732788085938,2.0,0.0,27.0,16.865989685058594,149.52439880371094
203.05850219726562,7.069375038146973,15.47439956665039,-0.714741587638855,700.586669921875,158.24740600585938,3.60079288482666,83.8734130859375,313.8493957519531,38.52605056762695,295.2279052734375,38.52605056762695,9.428901672363281,31.753719329833984,704.785888671875,21.377899169921875,-8.311195373535156,29.68910026550293,14.13976001739502,-0.714741587638855,2230.0,2230.0,2230.0,0.5950711965560913,212.0,0.9097949266433716,655.3499755859375,414.1402893066406,5.287367820739746,1.9219460487365723,408.4248962402344,0.8936936855316162,655.3499755859375,1.0,0.5540412068367004,62.0,40.67707824707031,141.66749572753906
206.80780029296875,4.603202819824219,13.053999900817871,-3.1512439250946045,710.9105834960938,162.96189880371094,4.0880351066589355,83.95243835449219,327.50201416015625,42.853309631347656,284.9236145019531,42.853309631347656,9.928669929504395,33.34225082397461,690.6937866210938,18.702899932861328,-11.074310302734375,29.777219772338867,8.659404754638672,-3.1512439250946045,2600.0,2600.0,2600.0,0.562540590763092,214.0,0.9311891198158264,655.3499755859375,312.239501953125,5.37490177154541,2.0,3816.125,0.8949910998344421,655.3499755859375,2.0,0.0,47.0,27.787189483642578,153.07789611816406
67.26959228515625,1.438889980316162,10.500499725341797,-6.539209842681885,719.330078125,171.4918975830078,3.7212979793548584,86.76775360107422,338.6885986328125,40.90460968017578,294.85919189453125,40.90460968017578,11.29302978515625,35.530181884765625,724.896484375,17.098249435424805,-14.685819625854492,31.784069061279297,5.2840352058410645,-6.539209842681885,3048.0,3048.0,3048.0,0.4788438081741333,201.0,0.9287654757499695,655.3499755859375,262.9111022949219,4.76528787612915,2.0,7937.72607421875,0.8825461864471436,654.9813842773438,2.0,0.0,33.0,24.047849655151367,165.6884002685547
203.09080505371094,4.265632152557373,12.664480209350586,-3.4775450229644775,717.6077270507812,165.09620666503906,4.214600086212158,83.75140380859375,330.6935119628906,43.86140060424805,287.3763122558594,43.86140060424805,9.44340705871582,32.29954147338867,687.828125,18.06089973449707,-11.17074966430664,29.231639862060547,8.296734809875488,-3.4775450229644775,3058.0,3058.0,3058.0,0.6252338886260986,202.0,0.9038702845573425,655.3499755859375,839.78662109375,4.635012149810791,2.0,3818.363037109375,0.896588921546936,648.5245971679688,2.0,0.0,34.0,24.59269905090332,165.97569274902344
161.04539489746094,3.4110260009765625,11.88838005065918,-4.322735786437988,721.9805297851562,166.88499450683594,4.099999904632568,83.9842300415039,333.1702880859375,44.09811019897461,289.17999267578125,44.09811019897461,9.73270320892334,33.12179183959961,688.969970703125,17.330129623413086,-12.053380012512207,29.383520126342773,7.346137046813965,-4.322735786437988,2771.0,2771.0,2771.0,0.41892701387405396,192.0,0.9006941914558411,655.3499755859375,312.239501953125,4.37377405166626,1.772871971130371,5494.18310546875,0.9091278910636902,655.3499755859375,2.0,0.0,45.0,21.05600929260254,158.10549926757812
145.81239318847656,3.254733085632324,11.926389694213867,-4.574573993682861,719.3505859375,166.8885955810547,4.011519908905029,84.0902328491211,333.4429931640625,43.99692916870117,288.485107421875,43.99692916870117,10.230870246887207,33.837398529052734,702.1347045898438,17.6907901763916,-12.539950370788574,30.23073959350586,7.212441921234131,-4.574573993682861,2962.0,2962.0,2962.0,0.5116270184516907,204.0,0.9099361896514893,655.3499755859375,240.24330139160156,4.8421549797058105,0.8363847732543945,6611.744140625,0.8803898096084595,651.7382202148438,2.0,0.0,63.0,38.85844039916992,163.15240478515625
226.06849670410156,11.96798038482666,19.52617073059082,5.399350166320801,716.7611083984375,151.306396484375,3.732537031173706,85.17133331298828,329.31671142578125,30.8079891204834,327.222412109375,30.8079891204834,11.743470191955566,39.83781814575195,621.6951293945312,26.660110473632812,-2.8184149265289307,29.478530883789062,19.08275032043457,5.399350166320801,1399.0,1399.0,1399.0,0.5285671949386597,202.0,0.8663058876991272,655.3499755859375,181.5614013671875,4.584371089935303,1.772871971130371,28.39097023010254,0.8766909241676331,655.3499755859375,0.0,0.16287720203399658,58.0,36.627899169921875,112.33110046386719
186.7675018310547,2.9913370609283447,11.558819770812988,-4.787847995758057,721.9677734375,169.14320373535156,4.0,84.4787826538086,335.23370361328125,43.86455154418945,290.3501892089844,43.86455154418945,9.817481994628906,33.11663818359375,694.7138061523438,17.04483985900879,-12.594860076904297,29.639699935913086,6.8850531578063965,-4.787847995758057,2968.0,2968.0,2968.0,0.42972978949546814,195.0,0.9178475141525269,655.3499755859375,445.2561950683594,4.430231094360352,1.3907430171966553,6889.31787109375,0.8961116075515747,642.0739135742188,2.0,0.0,47.0,28.11635971069336,163.22860717773438
285.8369140625,8.625511169433594,16.633180618286133,1.3521859645843506,765.43408203125,156.26339721679688,5.009366989135742,80.91988372802734,330.2196044921875,37.675140380859375,323.8966064453125,37.675140380859375,12.204939842224121,38.38587951660156,665.813720703125,23.65873908996582,-8.136297225952148,31.79503059387207,15.054149627685547,1.3521859645843506,2221.0,2221.0,2221.0,0.4853541851043701,214.0,0.9559034705162048,655.3499755859375,541.3989868164062,5.35245418548584,2.0,2165.72607421875,0.9029377102851868,655.3499755859375,1.0,0.0,55.0,33.06011962890625,141.45159912109375
319.26611328125,7.54893684387207,15.460949897766113,0.39104199409484863,795.398193359375,162.52040100097656,5.895298004150391,78.87693786621094,340.92999267578125,42.364898681640625,327.73529052734375,42.364898681640625,12.116169929504395,38.8230094909668,652.4949951171875,22.52543067932129,-8.683359146118164,31.208789825439453,11.580089569091797,0.39104199409484863,2407.0,2407.0,2407.0,0.3965230882167816,205.0,0.9160451292991638,655.3499755859375,666.389404296875,4.8564019203186035,1.0,3072.969970703125,0.8869131803512573,655.3499755859375,1.0,0.0,44.0,25.476320266723633,147.17340087890625
102.41320037841797,1.3159849643707275,10.017009735107422,-6.44866418838501,728.1256713867188,172.36050415039062,4.0,85.58751678466797,338.4403991699219,42.59682083129883,296.39111328125,42.59682083129883,10.621060371398926,35.00397872924805,697.0853881835938,16.069120407104492,-14.271989822387695,30.341110229492188,5.002048015594482,-6.44866418838501,3117.0,3117.0,3117.0,0.4305509924888611,187.0,0.900569498538971,655.3499755859375,108.5895004272461,3.996368885040283,1.1636149883270264,8345.3974609375,0.8640124201774597,623.5341186523438,2.0,0.0,83.0,39.51374053955078,167.54580688476562
230.606201171875,4.796623229980469,12.528909683227539,-2.421471118927002,733.3328857421875,170.55169677734375,4.234025955200195,83.67948150634766,340.21551513671875,44.2127799987793,295.7677917480469,44.2127799987793,9.47038745880127,33.7176513671875,646.4412231445312,18.759220123291016,-9.3233642578125,28.08258056640625,8.79500675201416,-2.421471118927002,2723.0,2723.0,2723.0,0.4630095958709717,195.0,0.8913236260414124,655.3499755859375,278.3909912109375,4.353794097900391,1.772871971130371,4892.79296875,0.8613616824150085,646.7523803710938,1.0,0.0,100.0,47.798011779785156,156.42640686035156
51.54656982421875,5.962389945983887,13.274669647216797,-0.5433058738708496,750.8515014648438,166.75869750976562,4.965826988220215,80.25655364990234,338.3387145996094,47.0919189453125,295.364501953125,47.0919189453125,12.804510116577148,42.06793975830078,613.7042846679688,20.852590560913086,-9.581815719604492,30.434410095214844,9.766441345214844,-0.5433058738708496,2842.0,2842.0,2842.0,0.4637610912322998,204.0,0.9341599941253662,655.3499755859375,1484.2320556640625,4.863562107086182,1.9219460487365723,1484.2320556640625,0.8854042291641235,655.3499755859375,3.0,0.0,71.0,39.44200134277344,159.70069885253906
92.60906219482422,6.102709770202637,13.961199760437012,-0.8729997873306274,811.8936767578125,171.564697265625,6.289302825927734,79.60643005371094,357.2828063964844,43.94929122924805,333.21978759765625,43.94929122924805,12.068949699401855,39.22663116455078,644.8997802734375,20.883869171142578,-9.883185386657715,30.767059326171875,9.98276138305664,-0.8729997873306274,2667.0,2667.0,2667.0,0.3308967053890228,179.0,0.83711177110672,655.3499755859375,475.650390625,3.6751279830932617,0.34365540742874146,3392.820068359375,0.8689635992050171,655.3499755859375,1.0,0.0,52.0,31.879459381103516,154.8553924560547
41.95222854614258,5.417572021484375,12.75197982788086,-1.1769319772720337,753.7271118164062,167.73800659179688,4.974820137023926,80.31549072265625,339.7909851074219,47.472320556640625,296.35040283203125,47.472320556640625,13.047900199890137,42.36585998535156,617.038818359375,20.23649024963379,-10.561809539794922,30.79829978942871,9.307170867919922,-1.1769319772720337,2966.0,2966.0,2966.0,0.38608360290527344,197.0,0.8911815285682678,655.3499755859375,1164.60400390625,4.620221138000488,2.0,1146.125,0.8510550260543823,655.3499755859375,3.0,0.0,57.0,36.32284927368164,163.24209594726562
89.46959686279297,5.565001964569092,13.414589881896973,-1.504593014717102,792.9542846679688,166.79550170898438,5.699999809265137,79.96098327636719,349.77069091796875,43.430049896240234,321.9403076171875,43.430049896240234,11.75652027130127,38.40298080444336,648.8220825195312,20.181310653686523,-10.431839942932129,30.613149642944336,9.54383373260498,-1.504593014717102,2851.0,2851.0,2851.0,0.26900890469551086,162.0,0.8521878719329834,655.3499755859375,513.6641235351562,3.294919967651367,1.0,3044.885986328125,0.8630849719047546,655.3499755859375,1.0,0.0,49.0,27.37458038330078,160.15530395507812
230.5072021484375,6.462728977203369,14.313420295715332,-0.6203960180282593,788.2470703125,166.87420654296875,5.663586139678955,80.48573303222656,348.46051025390625,42.249088287353516,324.7309875488281,42.249088287353516,12.114819526672363,38.97677993774414,651.7294921875,21.271240234375,-9.810089111328125,31.081329345703125,10.478090286254883,-0.6203960180282593,2574.0,2574.0,2574.0,0.30194801092147827,177.0,0.8479158878326416,655.3499755859375,312.239501953125,3.7632179260253906,0.9254630208015442,2706.73095703125,0.8554571866989136,655.3499755859375,1.0,0.0,52.0,29.655630111694336,152.2904052734375
83.30113220214844,10.460789680480957,18.82917022705078,2.8584070205688477,748.734619140625,155.82139587402344,4.359298229217529,83.80014038085938,339.1177978515625,31.54315948486328,337.0669860839844,31.54315948486328,12.260740280151367,37.919429779052734,702.1038818359375,25.630239486694336,-6.7041778564453125,32.33441925048828,17.998010635375977,2.8584070205688477,1519.0,1519.0,1519.0,0.5328989028930664,219.0,0.9319763779640198,655.3499755859375,108.5895004272461,5.554103851318359,1.0,803.811279296875,0.8990672826766968,655.3499755859375,1.0,0.008704820647835732,51.0,33.973079681396484,116.91000366210938
316.96990966796875,8.704668998718262,16.207679748535156,1.9120320081710815,718.0560302734375,158.99110412597656,4.366350173950195,81.88340759277344,318.70379638671875,40.060638427734375,296.72039794921875,40.060638427734375,12.63856029510498,40.528568267822266,638.7022705078125,24.006410598754883,-7.177554130554199,31.1839599609375,13.041979789733887,1.9120320081710815,2271.0,2271.0,2271.0,0.46252429485321045,212.0,0.9846286773681641,655.3499755859375,181.5614013671875,5.149040222167969,0.03902683034539223,1348.81005859375,0.9239615201950073,655.3499755859375,3.0,0.0,60.0,34.243408203125,142.95660400390625
288.2131042480469,7.254658222198486,15.123590469360352,0.12623150646686554,771.0543212890625,162.84339904785156,5.3192901611328125,81.04828643798828,339.2099914550781,39.99843978881836,319.6543884277344,39.99843978881836,12.316940307617188,39.26470947265625,655.3233032226562,22.150619506835938,-9.217608451843262,31.36823081970215,11.336739540100098,0.12623150646686554,2371.0,2371.0,2371.0,0.4120813012123108,202.0,0.9331879019737244,655.3499755859375,312.239501953125,4.92133903503418,1.0,1815.9730224609375,0.9146847128868103,655.3499755859375,1.0,0.0,47.0,27.489099502563477,146.1208038330078
75.59203338623047,9.468484878540039,17.82002067565918,1.8342469930648804,757.3720092773438,156.69000244140625,4.523676872253418,82.39984130859375,331.27130126953125,33.909698486328125,331.1730041503906,33.909698486328125,12.161879539489746,37.47333908081055,702.5971069335938,24.531930923461914,-7.924327850341797,32.456260681152344,17.58156967163086,1.8342469930648804,1696.0,1696.0,1696.0,0.5613247156143188,220.0,0.9463692903518677,655.3499755859375,28.39097023010254,5.848753929138184,1.0,1831.9830322265625,0.9033445715904236,655.3499755859375,1.0,0.0,52.0,30.720369338989258,123.43579864501953
141.2364959716797,7.438025951385498,15.580060005187988,0.09955670684576035,791.0549926757812,163.92990112304688,5.876344203948975,79.83329010009766,342.1531982421875,40.734500885009766,326.8340148925781,40.734500885009766,11.788350105285645,37.70418167114258,674.1420288085938,22.22195053100586,-9.044750213623047,31.266700744628906,11.961919784545898,0.09955670684576035,2245.0,2245.0,2245.0,0.440845787525177,201.0,0.8621746897697449,655.3499755859375,335.9137878417969,4.595599174499512,0.9254630208015442,3095.541015625,0.8638120889663696,655.3499755859375,1.0,0.0,59.0,37.4345588684082,142.1259002685547
250.14739990234375,6.787411212921143,14.302289962768555,-0.07523594796657562,733.51318359375,161.904296875,4.7639689445495605,80.72032928466797,329.17010498046875,44.37726974487305,293.16119384765625,44.37726974487305,12.963569641113281,40.888519287109375,640.7926025390625,22.0064697265625,-9.698328018188477,31.70479965209961,10.952070236206055,-0.07523594796657562,2704.0,2704.0,2704.0,0.4773637056350708,212.0,0.9590243101119995,655.3499755859375,851.606689453125,5.343826770782471,1.0,2073.575927734375,0.9134302735328674,655.3499755859375,3.0,0.0,53.0,32.77225112915039,156.03909301757812
57.05931091308594,8.755258560180664,16.6798095703125,1.650604009628296,740.7255249023438,155.17410278320312,4.565370082855225,82.5168228149414,323.7423095703125,35.42026901245117,314.6203918457031,35.42026901245117,12.614439964294434,39.748191833496094,660.5076293945312,23.947189331054688,-7.788114070892334,31.735309600830078,14.1251802444458,1.650604009628296,2119.0,2119.0,2119.0,0.5547540783882141,220.0,0.9492473006248474,655.3499755859375,221.60899353027344,5.776648998260498,1.0,662.4359741210938,0.9193925261497498,655.3499755859375,1.0,0.0,62.0,37.62704086303711,138.04440307617188
71.87162780761719,7.747626781463623,15.643329620361328,0.5498340725898743,751.6984252929688,159.35670471191406,5.022704124450684,82.01067352294922,330.5361022949219,38.04500961303711,314.7994079589844,38.04500961303711,12.29166030883789,39.0248908996582,660.6492919921875,22.644729614257812,-8.851604461669922,31.496339797973633,11.956990242004395,0.5498340725898743,2201.0,2201.0,2201.0,0.5358136296272278,212.0,0.9483636021614075,655.3499755859375,94.79139709472656,5.392851829528809,0.03902683034539223,1062.5250244140625,0.9087839722633362,655.3499755859375,1.0,0.0,32.0,18.716360092163086,140.7635040283203
282.8734130859375,7.507661819458008,15.094289779663086,0.5299006104469299,723.8679809570312,160.69070434570312,4.46998405456543,81.09562683105469,324.10101318359375,43.17449951171875,293.35528564453125,43.17449951171875,13.111459732055664,40.74895095825195,650.3759765625,22.798830032348633,-9.377511024475098,32.17633819580078,11.798609733581543,0.5299006104469299,2669.0,2669.0,2669.0,0.4928112030029297,206.0,0.9467366933822632,655.3499755859375,414.0862121582031,4.857566833496094,1.0,1813.623046875,0.8957548141479492,655.3499755859375,3.0,0.0,52.0,31.85434913635254,154.97250366210938
245.54010009765625,9.64118766784668,17.679000854492188,2.4208459854125977,722.9569091796875,149.54080200195312,4.199999809265137,82.91558074951172,314.9993896484375,33.26858901977539,313.9547119140625,33.26858901977539,12.756970405578613,39.74454879760742,672.315673828125,24.98270034790039,-7.11516809463501,32.097869873046875,17.08799934387207,2.4208459854125977,1813.0,1813.0,1813.0,0.5711725950241089,215.0,0.9183337092399597,655.3499755859375,301.32391357421875,5.391293048858643,1.1636149883270264,301.32391357421875,0.8983703851699829,655.3499755859375,1.0,0.0,34.0,20.625389099121094,127.71829986572266
98.52366638183594,7.795393943786621,15.80348014831543,0.5836778879165649,779.1046752929688,161.91650390625,5.460455894470215,80.40605163574219,339.4888916015625,39.34033966064453,320.3500061035156,39.34033966064453,11.422980308532715,37.447120666503906,662.5023193359375,22.369140625,-8.134451866149902,30.503589630126953,12.056610107421875,0.5836778879165649,2493.0,2493.0,2493.0,0.4826718866825104,197.0,0.8610768914222717,655.3499755859375,507.465087890625,4.3838958740234375,1.0,3193.468994140625,0.8304393291473389,655.3499755859375,1.0,0.0,28.0,18.159170150756836,149.8251953125
292.38531494140625,9.020099639892578,17.040180206298828,1.7693710327148438,749.398681640625,153.4553985595703,4.957402229309082,81.1150131225586,322.960693359375,36.24971008300781,318.0730895996094,36.24971008300781,12.431509971618652,39.20092010498047,667.355712890625,24.225290298461914,-7.4868621826171875,31.71215057373047,14.541799545288086,1.7693710327148438,2244.0,2244.0,2244.0,0.4818513095378876,209.0,0.9417681097984314,655.3499755859375,1024.8060302734375,5.151333808898926,0.07805366814136505,493.62860107421875,0.9007738828659058,655.3499755859375,1.0,0.0023448150604963303,58.0,34.36457061767578,142.06190490722656
104.62100219726562,6.674621105194092,14.533829689025879,-0.4675667881965637,766.0722045898438,162.2530975341797,5.157536029815674,80.92994689941406,339.022705078125,40.75986099243164,314.1310119628906,40.75986099243164,11.741720199584961,38.31884002685547,652.7899780273438,21.309289932250977,-9.332429885864258,30.6417293548584,10.831000328063965,-0.4675667881965637,2443.0,2443.0,2443.0,0.47118279337882996,199.0,0.9163715839385986,655.3499755859375,164.08619689941406,4.741347789764404,1.0,2003.4730224609375,0.8713291883468628,655.3499755859375,1.0,0.0,80.0,41.11492156982422,148.2178955078125
109.22640228271484,3.197077989578247,10.831279754638672,-3.821516990661621,759.2171020507812,174.01539611816406,5.0,82.06604766845703,348.3725891113281,45.761741638183594,302.27301025390625,45.761741638183594,10.938590049743652,37.15700912475586,639.6779174804688,17.40481948852539,-12.030200004577637,29.435020446777344,7.189302921295166,-3.821516990661621,3213.0,3213.0,3213.0,0.42028969526290894,178.0,0.8816254734992981,655.3499755859375,414.0862121582031,3.6679530143737793,0.14907410740852356,1498.751953125,0.8086968064308167,594.0452880859375,3.0,0.0,63.0,36.355430603027344,169.8885040283203
212.46180725097656,8.219942092895508,16.15372085571289,0.9437025189399719,740.1220703125,156.2371063232422,4.704554080963135,82.34140014648438,324.1216125488281,36.444358825683594,312.42059326171875,36.444358825683594,12.291099548339844,38.91891860961914,666.296875,23.233219146728516,-8.347049713134766,31.580259323120117,12.543049812316895,0.9437025189399719,2239.0,2239.0,2239.0,0.54171222448349,212.0,0.9553250074386597,655.3499755859375,421.4984130859375,5.348931789398193,1.0,935.4255981445312,0.9160194993019104,655.3499755859375,1.0,0.0,59.0,36.996849060058594,141.85830688476562
228.2498016357422,4.763902187347412,12.661680221557617,-2.413672924041748,760.6864013671875,171.44749450683594,4.900000095367432,82.23490905761719,348.0451965332031,43.08702087402344,308.57989501953125,43.08702087402344,9.201883316040039,32.76287841796875,648.6436767578125,18.73179054260254,-9.352131843566895,28.083919525146484,8.654678344726562,-2.413672924041748,2746.0,2746.0,2746.0,0.36704519391059875,178.0,0.8530473113059998,655.3499755859375,76.15714263916016,3.6902201175689697,2.0,5204.10986328125,0.8510919809341431,655.3499755859375,2.0,0.0,56.0,35.24647903442383,157.2449951171875
267.86981201171875,8.344710350036621,16.351539611816406,1.1706470251083374,766.7546997070312,159.42739868164062,5.244480133056641,81.15264892578125,333.3534851074219,37.69776153564453,319.1794128417969,37.69776153564453,11.416620254516602,37.49760055541992,661.544677734375,22.91819953918457,-7.5281291007995605,30.44632911682129,12.612719535827637,1.1706470251083374,2314.0,2314.0,2314.0,0.4549942910671234,196.0,0.884197473526001,655.3499755859375,221.60899353027344,4.523559093475342,0.41819238662719727,2733.133056640625,0.8829023241996765,655.3499755859375,1.0,0.0,38.0,23.287630081176758,144.2825927734375
165.18609619140625,8.344003677368164,16.31134033203125,1.1453289985656738,742.5294799804688,154.7642059326172,4.93956184387207,81.55973052978516,323.10400390625,36.94990921020508,311.17889404296875,36.94990921020508,12.528639793395996,39.51261901855469,665.5380249023438,23.3841495513916,-8.324204444885254,31.708349227905273,12.70164966583252,1.1453289985656738,2227.0,2227.0,2227.0,0.5153927206993103,206.0,0.9452540278434753,655.3499755859375,262.9111022949219,5.0001678466796875,0.03902683034539223,1210.6619873046875,0.8880764245986938,655.3499755859375,1.0,0.0,28.0,20.067520141601562,141.581298828125
81.95115661621094,10.25508975982666,18.041290283203125,3.1362619400024414,763.0833740234375,159.89410400390625,4.56675910949707,83.21800231933594,334.5578918457031,32.83842086791992,331.8280029296875,32.83842086791992,10.918840408325195,37.43286895751953,640.3848876953125,24.357440948486328,-4.8097991943359375,29.1672306060791,16.785680770874023,3.1362619400024414,1939.0,1939.0,1939.0,0.5243244171142578,216.0,0.9516391158103943,655.3499755859375,736.5451049804688,5.429281234741211,2.0,1812.1669921875,0.8968011736869812,655.3499755859375,0.0,0.0,18.0,12.52163028717041,132.00340270996094
88.13722229003906,7.799736976623535,15.823430061340332,0.5944164991378784,776.48828125,161.76080322265625,5.480216979980469,80.72754669189453,339.15380859375,39.31087875366211,321.3100891113281,39.31087875366211,11.434359550476074,37.50550079345703,662.0758056640625,22.46126937866211,-8.025766372680664,30.48703956604004,12.013620376586914,0.5944164991378784,2121.0,2121.0,2121.0,0.47111210227012634,210.0,0.9235588908195496,655.3499755859375,85.9138412475586,5.151512145996094,0.9609730839729309,1443.470947265625,0.9041529297828674,655.3499755859375,1.0,0.0,42.0,27.935659408569336,138.20889282226562
136.01510620117188,8.808320999145508,16.781400680541992,1.607496976852417,776.37158203125,160.36630249023438,5.348031044006348,80.41101837158203,333.5354919433594,38.19253921508789,324.95050048828125,38.19253921508789,11.00691032409668,36.92290115356445,658.2169189453125,23.21826934814453,-6.588746070861816,29.80702018737793,13.113320350646973,1.607496976852417,2299.0,2299.0,2299.0,0.46218618750572205,194.0,0.8750270009040833,655.3499755859375,541.3989868164062,4.251699924468994,1.0,749.611572265625,0.8394181728363037,655.3499755859375,1.0,0.0,52.0,34.28171157836914,143.83779907226562
45.1561393737793,7.58607816696167,15.480290412902832,0.3494834005832672,751.294921875,159.32220458984375,5.180801868438721,81.8083267211914,331.6702880859375,38.44565963745117,313.18359375,38.44565963745117,11.947489738464355,38.49842071533203,660.96240234375,22.42814064025879,-8.60498332977295,31.033130645751953,11.8785400390625,0.3494834005832672,2291.0,2291.0,2291.0,0.5035185813903809,206.0,0.922358512878418,655.3499755859375,85.9138412475586,5.078800201416016,1.0,1897.3389892578125,0.8787416815757751,655.3499755859375,1.0,0.0,43.0,29.03455924987793,143.6053009033203
317.9400939941406,8.275530815124512,16.405120849609375,0.8926296830177307,757.398193359375,156.42640686035156,5.109510898590088,80.76972961425781,327.68328857421875,37.31632995605469,318.11248779296875,37.31632995605469,12.27554988861084,38.35845947265625,678.436279296875,23.341440200805664,-8.662297248840332,32.00373077392578,12.784440040588379,0.8926296830177307,2188.0,2188.0,2188.0,0.4019918143749237,196.0,0.8914644718170166,655.3499755859375,181.5614013671875,4.553647994995117,1.1636149883270264,1106.467041015625,0.8823649287223816,655.3499755859375,1.0,0.0,50.0,34.03826904296875,140.33729553222656
167.04330444335938,8.785820007324219,16.585140228271484,1.5021320581436157,700.0863037109375,155.72109985351562,3.9402060508728027,82.6240234375,310.4646911621094,38.44662094116211,293.2622985839844,38.44662094116211,13.224530220031738,39.875511169433594,675.7337036132812,24.311399459838867,-8.853300094604492,33.16469955444336,13.443059921264648,1.5021320581436157,2092.0,2092.0,2092.0,0.6668254137039185,218.0,0.897529125213623,655.3499755859375,493.62860107421875,5.384285926818848,2.0,493.62860107421875,0.8933370113372803,655.3499755859375,3.0,0.13862870633602142,82.0,47.47481918334961,137.00759887695312
114.41089630126953,7.663294792175293,15.674839973449707,0.33384230732917786,752.3427734375,157.86000061035156,5.012747764587402,81.30684661865234,329.224609375,37.9698600769043,313.79541015625,37.9698600769043,11.954819679260254,38.09737014770508,670.9014892578125,22.516639709472656,-8.86447811126709,31.381120681762695,11.974849700927734,0.33384230732917786,2059.0,2059.0,2059.0,0.5186697840690613,207.0,0.9005466103553772,655.3499755859375,108.5895004272461,5.2908101081848145,0.1135639026761055,3111.930908203125,0.8992543816566467,655.3499755859375,1.0,0.0,51.0,29.303430557250977,136.38119506835938
247.09779357910156,7.7641448974609375,15.632980346679688,0.7622389197349548,787.107421875,163.24139404296875,5.874077796936035,79.7320785522461,343.7745056152344,40.97391891479492,321.6213073730469,40.97391891479492,10.480210304260254,36.320159912109375,642.7474975585938,22.03388023376465,-6.820908069610596,28.85478973388672,11.880399703979492,0.7622389197349548,2569.0,2569.0,2569.0,0.38540568947792053,189.0,0.8747783899307251,655.3499755859375,301.32391357421875,4.224048137664795,0.14907410740852356,1238.3060302734375,0.8574327826499939,655.3499755859375,1.0,0.0,45.0,22.937780380249023,151.89939880371094
154.36709594726562,7.238185882568359,15.317179679870605,-0.10761769860982895,775.0977172851562,160.70199584960938,5.534812927246094,79.79141998291016,337.62200927734375,40.24061965942383,319.9018859863281,40.24061965942383,11.910149574279785,37.863990783691406,674.3922119140625,21.982450485229492,-9.470972061157227,31.453420639038086,11.667510032653809,-0.10761769860982895,2345.0,2345.0,2345.0,0.4389550983905792,192.0,0.8901891112327576,655.3499755859375,104.54810333251953,4.251625061035156,1.0,3980.784912109375,0.8574435114860535,655.3499755859375,1.0,0.0,35.0,24.283950805664062,145.2501983642578
229.25900268554688,8.364726066589355,16.27379035949707,1.2418479919433594,774.6923828125,160.7415008544922,5.557868003845215,80.46737670898438,336.2950134277344,38.75556945800781,320.2430114746094,38.75556945800781,10.660090446472168,36.26642990112305,651.8792114257812,22.682809829711914,-6.711178779602051,29.39398956298828,12.597479820251465,1.2418479919433594,2329.0,2329.0,2329.0,0.4564302861690521,196.0,0.8852581977844238,655.3499755859375,509.7567138671875,4.549925804138184,0.1135639026761055,267.4753112792969,0.8522319197654724,655.3499755859375,1.0,0.0,51.0,30.485000610351562,144.73800659179688
216.79750061035156,7.624051094055176,15.800359725952148,0.14655159413814545,765.299072265625,158.24859619140625,5.433316230773926,80.18598175048828,332.6325988769531,38.885860443115234,317.97509765625,38.885860443115234,11.925230026245117,37.487220764160156,684.457275390625,22.471580505371094,-9.340169906616211,31.811750411987305,12.036709785461426,0.14655159413814545,2411.0,2411.0,2411.0,0.44511741399765015,197.0,0.8886169791221619,655.3499755859375,221.60899353027344,4.455423831939697,0.5818076133728027,3588.095947265625,0.8680561780929565,655.3499755859375,1.0,0.0,46.0,27.580549240112305,147.2884063720703
33.023738861083984,8.998261451721191,17.04722023010254,1.7368830442428589,743.1735229492188,155.06199645996094,4.8620381355285645,82.25446319580078,322.6026916503906,35.1130485534668,315.0032043457031,35.1130485534668,11.5316801071167,37.52040100097656,667.9688720703125,23.71405029296875,-7.020654201507568,30.734710693359375,13.522529602050781,1.7368830442428589,1891.0,1891.0,1891.0,0.5650659203529358,217.0,0.9352055191993713,655.3499755859375,330.198486328125,5.57960319519043,0.6873108148574829,330.198486328125,0.9222084879875183,655.3499755859375,1.0,0.0,42.0,26.720279693603516,130.34669494628906
46.85430908203125,7.019162178039551,14.95343017578125,-0.21813920140266418,764.8828735351562,161.4604034423828,5.15132999420166,80.836669921875,337.66790771484375,40.189571380615234,315.6347961425781,40.189571380615234,11.756580352783203,38.02125930786133,663.7769165039062,21.729400634765625,-9.192554473876953,30.921960830688477,11.25667953491211,-0.21813920140266418,2294.0,2294.0,2294.0,0.46423861384391785,204.0,0.881603479385376,655.3499755859375,300.4914855957031,4.932228088378906,1.0,3253.826904296875,0.8994032144546509,655.3499755859375,1.0,0.0,40.0,27.36720085144043,143.797607421875
156.29710388183594,7.452977180480957,15.636500358581543,-0.04453137889504433,767.3386840820312,158.2722930908203,5.488877773284912,80.06021881103516,333.51971435546875,39.12506866455078,317.2786865234375,39.12506866455078,11.908989906311035,37.45016860961914,684.78662109375,22.27039909362793,-9.529570579528809,31.799970626831055,11.850099563598633,-0.04453137889504433,2520.0,2520.0,2520.0,0.39843419194221497,187.0,0.8753833174705505,655.3499755859375,76.15714263916016,4.0084547996521,0.6953713893890381,3049.10400390625,0.8592066168785095,655.3499755859375,1.0,0.0,49.0,26.79722023010254,150.62179565429688
257.9292907714844,9.940441131591797,17.886699676513672,2.830652952194214,733.9058227539062,153.1450958251953,4.492671966552734,83.10143280029297,319.4085998535156,33.29018020629883,316.4761962890625,33.29018020629883,11.141889572143555,37.35551834106445,654.8098754882812,24.484529495239258,-5.341087818145752,29.82560920715332,15.668510437011719,2.830652952194214,1697.0,1697.0,1697.0,0.525379478931427,211.0,0.9569165110588074,655.3499755859375,28.39097023010254,5.409643173217773,0.07453703880310059,28.39097023010254,0.9106075763702393,655.3499755859375,1.0,0.0,45.0,26.753889083862305,123.5248031616211
172.49620056152344,7.931502819061279,16.01688003540039,0.5133606791496277,746.6016235351562,157.5511932373047,4.814536094665527,81.74199676513672,327.0859069824219,36.84088897705078,314.7063903808594,36.84088897705078,11.860340118408203,37.64509963989258,678.5048828125,22.829450607299805,-8.676259994506836,31.50571060180664,12.345080375671387,0.5133606791496277,2193.0,2193.0,2193.0,0.5523365139961243,206.0,0.9333869218826294,655.3499755859375,262.9111022949219,5.035560131072998,0.5818076133728027,3807.90087890625,0.8866310715675354,655.3499755859375,1.0,0.0,59.0,38.258201599121094,140.393798828125
144.35589599609375,6.190550804138184,14.257010459899902,-1.1190669536590576,787.7797241210938,164.29400634765625,6.037013053894043,79.47869110107422,346.8035888671875,42.78009033203125,319.6120910644531,42.78009033203125,11.530550003051758,37.26691818237305,670.0001220703125,20.746009826660156,-10.193699836730957,30.939720153808594,10.39009952545166,-1.1190669536590576,2732.0,2732.0,2732.0,0.42519789934158325,166.0,0.8172482848167419,655.3499755859375,471.6090087890625,3.144558906555176,0.6953713893890381,4740.50390625,0.8286349773406982,655.3499755859375,1.0,0.0,52.0,31.34476089477539,156.6945037841797
244.12879943847656,9.682541847229004,17.477909088134766,2.739017963409424,741.0645751953125,154.4033966064453,4.766273021697998,82.542236328125,322.431884765625,34.253990173339844,315.1351013183594,34.253990173339844,10.4052095413208,36.35261917114258,637.5366821289062,23.907560348510742,-4.714567184448242,28.622119903564453,14.970049858093262,2.739017963409424,2187.0,2187.0,2187.0,0.4726465046405792,205.0,0.95577472448349,655.3499755859375,513.6641235351562,5.042648792266846,1.0,2018.074951171875,0.9251177906990051,655.3499755859375,1.0,0.0,60.0,35.58422088623047,140.22610473632812
48.68301010131836,7.747869968414307,15.683210372924805,0.6149640083312988,781.9744873046875,161.28439331054688,6.069025993347168,79.79057312011719,340.8201904296875,40.56499099731445,319.6073913574219,40.56499099731445,10.473010063171387,35.816871643066406,652.4859008789062,22.10498046875,-7.134990215301514,29.23996925354004,11.976619720458984,0.6149640083312988,2276.0,2276.0,2276.0,0.4239603877067566,192.0,0.8729732036590576,655.3499755859375,9.756709098815918,4.344847202301025,1.0,2283.094970703125,0.8892139196395874,655.3499755859375,1.0,0.0,81.0,40.102081298828125,142.91290283203125
160.2259063720703,7.972823143005371,15.931059837341309,0.714444100856781,781.7078247070312,161.97799682617188,5.599999904632568,80.79985809326172,339.66351318359375,38.256248474121094,321.3410949707031,38.256248474121094,11.043709754943848,37.03268814086914,656.6002197265625,22.36302947998047,-7.456157207489014,29.819189071655273,12.400460243225098,0.714444100856781,2412.0,2412.0,2412.0,0.41693180799484253,173.0,0.8175464868545532,655.3499755859375,982.5676879882812,3.4311699867248535,1.0,3534.8291015625,0.8541094064712524,655.3499755859375,1.0,0.0,35.0,22.536849975585938,147.4207000732422
115.36229705810547,6.185664176940918,14.245779991149902,-1.0843329429626465,785.859375,164.1009979248047,5.866901874542236,79.38420867919922,347.1155090332031,42.751590728759766,317.63079833984375,42.751590728759766,11.62246036529541,37.4561882019043,668.0435791015625,20.78274917602539,-10.245710372924805,31.028459548950195,10.326910018920898,-1.0843329429626465,2604.0,2604.0,2604.0,0.3754999041557312,172.0,0.782541811466217,655.3499755859375,155.20860290527344,3.429779052734375,0.41819238662719727,4998.93212890625,0.8447846174240112,655.3499755859375,1.0,0.0,59.0,35.18743133544922,153.10910034179688
253.66180419921875,7.120569229125977,15.215760231018066,-0.28018149733543396,790.8297119140625,163.77000427246094,5.575264930725098,80.68678283691406,345.3923034667969,39.11368942260742,321.8399963378906,39.11368942260742,11.234780311584473,36.597740173339844,671.2269287109375,21.632089614868164,-9.06409740447998,30.696189880371094,11.558799743652344,-0.28018149733543396,2532.0,2532.0,2532.0,0.36485740542411804,157.0,0.7565420269966125,655.3499755859375,414.1402893066406,2.8754630088806152,0.9254630208015442,4462.2861328125,0.8138254284858704,655.3499755859375,1.0,0.0,44.0,27.22327995300293,150.94949340820312
335.2672119140625,8.02212142944336,16.00012969970703,0.7904142737388611,776.0523071289062,160.3538055419922,5.5,80.1532974243164,337.69500732421875,38.916439056396484,318.59161376953125,38.916439056396484,10.74330997467041,36.17647171020508,658.784423828125,22.388399124145508,-7.308297157287598,29.69668960571289,12.356800079345703,0.7904142737388611,2361.0,2361.0,2361.0,0.4037432074546814,171.0,0.8714475035667419,655.3499755859375,820.5825805664062,3.544373035430908,0.41819238662719727,4795.8779296875,0.8904876112937927,655.3499755859375,1.0,0.0,66.0,36.3485107421875,145.62229919433594
191.52749633789062,10.6139497756958,18.222789764404297,3.7325379848480225,769.4534912109375,162.2686004638672,4.712818145751953,83.42532348632812,336.6372985839844,33.70718002319336,335.1182861328125,33.70718002319336,10.000359535217285,36.329341888427734,618.1491088867188,24.283700942993164,-3.2413370609283447,27.525039672851562,16.593589782714844,3.7325379848480225,1965.0,1965.0,1965.0,0.5212345123291016,202.0,0.9363576769828796,655.3499755859375,1150.4010009765625,4.745677947998047,1.1636149883270264,2207.18994140625,0.891829788684845,655.3499755859375,1.0,0.0,47.0,31.620159149169922,132.8968963623047
113.14969635009766,8.185297012329102,16.041349411010742,0.7636814117431641,697.8574829101562,155.37530517578125,4.026549816131592,82.51496887207031,313.4162902832031,38.696189880371094,290.4831848144531,38.696189880371094,13.067460060119629,39.58285140991211,679.0866088867188,23.612289428710938,-9.400506973266602,33.01279067993164,13.50055980682373,0.7636814117431641,2493.0,2493.0,2493.0,0.5351290106773376,212.0,0.9296429753303528,655.3499755859375,926.3220825195312,5.167661190032959,0.07805366814136505,1204.56201171875,0.9087783098220825,655.3499755859375,3.0,0.0,37.0,22.27849006652832,149.92799377441406
176.47349548339844,8.133208274841309,16.06001091003418,0.9635440111160278,774.5,160.28689575195312,5.473923206329346,80.35926055908203,337.6864013671875,38.7330207824707,318.5575866699219,38.7330207824707,10.621450424194336,36.14522171020508,652.6815185546875,22.457639694213867,-6.928049087524414,29.385690689086914,12.479630470275879,0.9635440111160278,2196.0,2196.0,2196.0,0.41959330439567566,189.0,0.926659107208252,655.3499755859375,164.08619689941406,4.378749847412109,0.9254630208015442,5016.9580078125,0.9184576869010925,655.3499755859375,1.0,0.0,68.0,41.19171142578125,140.54150390625
108.55169677734375,9.3893404006958,17.484220504760742,2.089294910430908,739.4697875976562,154.54209899902344,4.723627090454102,82.42996978759766,321.5107116699219,34.20634841918945,316.1003112792969,34.20634841918945,11.641500473022461,37.498050689697266,672.6718139648438,24.162649154663086,-6.882565975189209,31.04521942138672,15.095020294189453,2.089294910430908,1931.0,1931.0,1931.0,0.5867828130722046,214.0,0.9342517256736755,655.3499755859375,756.9260864257812,5.398756980895996,0.03902683034539223,1727.8289794921875,0.9078463912010193,655.3499755859375,1.0,0.0,32.0,20.885950088500977,131.84129333496094
280.301513671875,10.635109901428223,18.453250885009766,3.616239070892334,719.97412109375,150.77259826660156,4.097970008850098,83.95201873779297,314.89691162109375,31.582050323486328,313.7488098144531,31.582050323486328,10.363530158996582,36.06850051879883,640.4843139648438,24.808990478515625,-3.9236791133880615,28.73267936706543,16.42963981628418,3.616239070892334,1782.0,1782.0,1782.0,0.5349094867706299,212.0,0.9741907715797424,655.3499755859375,513.6641235351562,5.372323036193848,0.9609730839729309,1028.3909912109375,0.9436931014060974,655.3499755859375,1.0,0.0,47.0,29.57921028137207,126.65769958496094
237.74029541015625,8.023162841796875,15.772549629211426,1.0428080558776855,789.3673095703125,163.95919799804688,5.865495204925537,80.57704162597656,343.4541931152344,39.37712097167969,323.8922119140625,39.37712097167969,10.195119857788086,36.14469909667969,631.432373046875,22.045440673828125,-6.1609320640563965,28.20638084411621,12.252059936523438,1.0428080558776855,2158.0,2158.0,2158.0,0.47660478949546814,194.0,0.9160634875297546,655.3499755859375,272.67559814453125,4.409707069396973,0.8864361047744751,3978.760009765625,0.9017310738563538,655.3499755859375,1.0,0.0,55.0,36.30691146850586,139.3249969482422
149.71099853515625,8.095890045166016,16.042070388793945,0.9122384786605835,772.6989135742188,160.01119995117188,5.328322887420654,81.15592193603516,335.7361145019531,37.723358154296875,318.0802917480469,37.723358154296875,10.639089584350586,36.44541931152344,652.5584716796875,22.272380828857422,-6.919593811035156,29.191970825195312,12.490019798278809,0.9122384786605835,2099.0,2099.0,2099.0,0.4689297080039978,195.0,0.9125447273254395,655.3499755859375,1335.35595703125,4.539714813232422,0.07453703880310059,4719.115234375,0.9111102819442749,655.3499755859375,1.0,0.0,74.0,46.63930130004883,137.43690490722656
60.000938415527344,7.528050899505615,15.480799674987793,0.35588911175727844,775.9871215820312,161.4976043701172,5.599999904632568,80.91094970703125,341.1007995605469,38.96720886230469,316.22979736328125,38.96720886230469,10.661319732666016,36.2930908203125,653.2827758789062,21.83993911743164,-7.53134298324585,29.37129020690918,11.821020126342773,0.35588911175727844,2542.0,2542.0,2542.0,0.49501070380210876,195.0,0.8485004901885986,655.3499755859375,679.7327880859375,4.566675186157227,1.3907430171966553,3550.633056640625,0.8582571148872375,655.3499755859375,1.0,0.0,42.0,27.809579849243164,151.33689880371094
62.009368896484375,8.913260459899902,16.908790588378906,1.6411290168762207,754.452880859375,157.34120178222656,4.814920902252197,82.30140686035156,327.1051940917969,34.85111999511719,316.7668151855469,34.85111999511719,10.787019729614258,36.39476013183594,659.3718872070312,23.244909286499023,-6.392387866973877,29.637300491333008,14.548959732055664,1.6411290168762207,1762.0,1762.0,1762.0,0.4848015010356903,204.0,0.9450017809867859,655.3499755859375,28.39097023010254,4.915604114532471,0.03902683034539223,4073.81005859375,0.9061604142189026,655.3499755859375,1.0,0.0,51.0,32.21253967285156,125.93049621582031
329.8200988769531,8.473567962646484,16.177139282226562,1.5543040037155151,783.5618286132812,163.08200073242188,5.68782901763916,80.84303283691406,340.5602111816406,38.726051330566406,323.160888671875,38.726051330566406,9.942700386047363,35.8396110534668,625.794921875,22.395729064941406,-5.346230983734131,27.741960525512695,12.700409889221191,1.5543040037155151,2228.0,2228.0,2228.0,0.42135828733444214,190.0,0.9232875108718872,655.3499755859375,778.3909912109375,4.161848068237305,0.8864361047744751,4198.3759765625,0.8893511295318604,655.3499755859375,1.0,0.0,66.0,36.991798400878906,141.68820190429688
252.57550048828125,7.775221824645996,15.716500282287598,0.6210538744926453,768.6796264648438,160.28390502929688,5.4437479972839355,81.51944732666016,338.3255920410156,37.86602020263672,314.94268798828125,37.86602020263672,10.615119934082031,36.36417007446289,650.9979858398438,21.977739334106445,-7.2119951248168945,29.189729690551758,12.067190170288086,0.6210538744926453,2218.0,2218.0,2218.0,0.5265694856643677,209.0,0.907634973526001,655.3499755859375,632.7592163085938,5.199999809265137,2.0,3172.840087890625,0.916560709476471,655.3499755859375,1.0,0.0,39.0,26.831480026245117,141.4272003173828
27.808679580688477,6.868639945983887,15.012800216674805,-0.4776192903518677,766.61328125,159.42379760742188,5.5922088623046875,80.30692291259766,339.0419006347656,39.65258026123047,311.9891052246094,39.65258026123047,11.816849708557129,37.64179992675781,674.318115234375,21.60264015197754,-9.790116310119629,31.392759323120117,11.081939697265625,-0.4776192903518677,2442.0,2442.0,2442.0,0.3960016965866089,182.0,0.6666110754013062,655.3499755859375,145.451904296875,3.8500940799713135,1.0,3058.319091796875,0.872272789478302,655.3499755859375,1.0,0.0,56.0,34.77825927734375,148.32400512695312
61.49872970581055,8.217633247375488,16.054279327392578,1.1692769527435303,763.9249267578125,159.16839599609375,5.53794002532959,81.40210723876953,335.1684875488281,37.53705978393555,314.7314147949219,37.53705978393555,10.328960418701172,36.06612014770508,642.4628295898438,22.349449157714844,-6.289268970489502,28.63871955871582,12.488739967346191,1.1692769527435303,2219.0,2219.0,2219.0,0.5002375245094299,200.0,0.9292433857917786,655.3499755859375,155.20860290527344,4.842099189758301,1.0,3519.673095703125,0.9050408005714417,655.3499755859375,1.0,0.0,60.0,35.60905075073242,141.2115020751953
275.3929138183594,8.786375999450684,16.664249420166016,1.6830869913101196,752.8677978515625,157.06809997558594,4.925310134887695,82.38569641113281,328.4794006347656,35.47941970825195,314.3551940917969,35.47941970825195,10.415840148925781,36.143070220947266,645.052001953125,22.869089126586914,-5.94757604598999,28.816659927368164,13.113320350646973,1.6830869913101196,2087.0,2087.0,2087.0,0.4879767894744873,206.0,0.957712709903717,655.3499755859375,427.27789306640625,5.017233848571777,0.1135639026761055,2776.701904296875,0.914331316947937,655.3499755859375,1.0,0.0,52.0,27.778749465942383,136.8083038330078
195.4989013671875,11.170709609985352,18.89373016357422,4.232386112213135,755.3557739257812,159.42930603027344,4.244569778442383,84.23500061035156,332.7098083496094,31.743839263916016,331.84259033203125,31.743839263916016,9.556326866149902,34.98078155517578,624.497314453125,24.81555938720703,-2.5028951168060303,27.318450927734375,17.76218032836914,4.232386112213135,1749.0,1749.0,1749.0,0.5527750849723816,213.0,0.9489871859550476,655.3499755859375,1238.3060302734375,5.212724208831787,2.0,1643.2010498046875,0.9118726253509521,655.3499755859375,1.0,0.0,43.0,30.427139282226562,125.46040344238281
295.9198913574219,6.247199058532715,14.068730354309082,-1.1073060035705566,725.4190063476562,162.7324981689453,4.585334777832031,81.32563018798828,329.9826965332031,43.46390914916992,291.5304870605469,43.46390914916992,11.786009788513184,37.6885986328125,667.4553833007812,21.121700286865234,-10.144559860229492,31.266260147094727,10.650130271911621,-1.1073060035705566,2801.0,2801.0,2801.0,0.4645824134349823,200.0,0.9095410704612732,655.3499755859375,505.16180419921875,4.73637580871582,0.6953713893890381,639.130615234375,0.9026780724525452,653.914306640625,3.0,0.0,45.0,27.655120849609375,158.79080200195312
291.981201171875,10.414739608764648,18.197349548339844,3.4181199073791504,726.5266723632812,151.98060607910156,4.230195999145508,83.45696258544922,316.27789306640625,32.0943489074707,312.6581115722656,32.0943489074707,10.258939743041992,36.095359802246094,635.7440795898438,24.45418930053711,-3.9663069248199463,28.420499801635742,16.075979232788086,3.4181199073791504,1816.0,1816.0,1816.0,0.5307360887527466,206.0,0.9675989747047424,655.3499755859375,181.5614013671875,5.046990871429443,1.3907430171966553,3987.43701171875,0.9176712036132812,655.3499755859375,1.0,0.0,52.0,31.887670516967773,127.82350158691406
136.2584991455078,5.62929105758667,13.273380279541016,-1.47850501537323,727.596923828125,166.58929443359375,4.491627216339111,82.34870147705078,335.35589599609375,44.801910400390625,288.6642150878906,44.801910400390625,12.757399559020996,39.941829681396484,653.8187255859375,20.474700927734375,-11.464409828186035,31.939109802246094,9.898995399475098,-1.47850501537323,2964.0,2964.0,2964.0,0.44303449988365173,208.0,0.9259775876998901,655.3499755859375,1073.4129638671875,5.0045671463012695,0.22712770104408264,1935.875,0.8764253854751587,655.3499755859375,3.0,0.0,35.0,23.252670288085938,163.406494140625
120.8936996459961,9.693038940429688,17.32969093322754,2.891576051712036,740.3613891601562,154.05299377441406,4.680700778961182,82.39019012451172,321.3277893066406,34.657718658447266,310.2510986328125,34.657718658447266,9.810565948486328,35.68996047973633,618.9201049804688,23.488100051879883,-3.9947850704193115,27.482879638671875,13.867250442504883,2.891576051712036,2268.0,2268.0,2268.0,0.5059428811073303,204.0,0.957772970199585,655.3499755859375,711.3153076171875,4.904236793518066,1.1636149883270264,3103.125,0.9292895793914795,655.3499755859375,1.0,0.0,47.0,29.385770797729492,142.82789611816406
327.3280944824219,8.672000885009766,16.366540908813477,1.8210899829864502,786.6671142578125,164.44540405273438,5.40897798538208,80.97830200195312,342.4552917480469,37.90898132324219,325.5174865722656,37.90898132324219,9.438159942626953,34.869850158691406,621.0950927734375,22.388240814208984,-4.67915678024292,27.067399978637695,12.895779609680176,1.8210899829864502,2309.0,2309.0,2309.0,0.5146803855895996,201.0,0.9355803728103638,655.3499755859375,1395.0460205078125,4.888378143310547,0.3046286106109619,2962.697998046875,0.9169294834136963,655.3499755859375,1.0,0.0,57.0,35.49559020996094,144.2071075439453
63.68001174926758,8.754838943481445,16.88644027709961,1.399562954902649,741.8400268554688,154.69349670410156,4.891186237335205,81.70439147949219,323.62640380859375,35.954471588134766,311.4888000488281,35.954471588134766,11.784440040588379,37.52376174926758,678.1893920898438,23.570510864257812,-7.83466911315918,31.405179977416992,13.161970138549805,1.399562954902649,1939.0,1939.0,1939.0,0.5386908054351807,212.0,0.9439123272895813,655.3499755859375,414.0862121582031,5.3348212242126465,0.6953713893890381,3315.7041015625,0.9037343263626099,655.3499755859375,1.0,0.0,52.0,30.445619583129883,132.0279998779297
149.59390258789062,9.946717262268066,17.610729217529297,3.05781888961792,766.459228515625,160.14759826660156,4.9460649490356445,82.54247283935547,331.4036865234375,34.72172164916992,324.7275085449219,34.72172164916992,9.2169771194458,34.336639404296875,620.072509765625,23.46147918701172,-3.3813259601593018,26.842809677124023,14.946310043334961,3.05781888961792,1968.0,1968.0,1968.0,0.6144574284553528,217.0,0.9760894775390625,655.3499755859375,855.0120849609375,5.473343849182129,1.9219460487365723,1359.468994140625,0.9253581166267395,655.3499755859375,1.0,0.0,26.0,17.634159088134766,133.17579650878906
293.2745056152344,9.342874526977539,17.08293914794922,2.424307107925415,747.74658203125,155.2989044189453,4.858804225921631,82.06137084960938,324.8887939453125,35.333351135253906,312.9082946777344,35.333351135253906,9.892594337463379,35.6597785949707,627.778076171875,23.25960922241211,-4.480381011962891,27.739990234375,13.592430114746094,2.424307107925415,2159.0,2159.0,2159.0,0.4693087041378021,202.0,0.9498428702354431,655.3499755859375,665.1915283203125,4.826569080352783,2.0,1590.1839599609375,0.9158005118370056,655.3499755859375,1.0,0.0,65.0,33.962799072265625,139.1967010498047
153.5626983642578,8.638618469238281,16.364700317382812,1.7587770223617554,783.1138916015625,164.29750061035156,5.561855792999268,81.46185302734375,341.0329895019531,37.91257095336914,324.5534973144531,37.91257095336914,9.404020309448242,34.5748291015625,625.5814208984375,22.459270477294922,-4.739823818206787,27.19908905029297,12.90802001953125,1.7587770223617554,2193.0,2193.0,2193.0,0.5076450705528259,203.0,0.953270673751831,655.3499755859375,513.6641235351562,4.865143775939941,0.14907410740852356,2733.133056640625,0.9196146130561829,655.3499755859375,1.0,0.0,44.0,26.54751968383789,140.28050231933594
315.75201416015625,8.759000778198242,16.496200561523438,1.8181769847869873,777.280029296875,162.8227996826172,5.2731242179870605,81.35726165771484,338.135986328125,37.27434158325195,322.57659912109375,37.27434158325195,9.43869400024414,34.53131103515625,628.4874267578125,22.58268928527832,-4.751049995422363,27.333740234375,13.606209754943848,1.8181769847869873,2047.0,2047.0,2047.0,0.5171421766281128,205.0,0.9420000910758972,655.3499755859375,1493.135009765625,4.999361991882324,0.9609730839729309,2164.0859375,0.9152631759643555,655.3499755859375,1.0,0.0,36.0,24.28891944885254,135.6750030517578
267.39239501953125,2.470834970474243,11.071920394897461,-5.202624797821045,718.7202758789062,169.81820678710938,4.196883201599121,84.69149017333984,338.81298828125,43.19623947143555,287.7297058105469,43.19623947143555,10.512889862060547,34.85472869873047,692.1129150390625,17.449819564819336,-12.712639808654785,30.162460327148438,6.194945812225342,-5.202624797821045,2888.0,2888.0,2888.0,0.4411065876483917,180.0,0.8625317811965942,655.3499755859375,85.9138412475586,3.8210740089416504,2.0,9079.3076171875,0.819534420967102,584.6868286132812,2.0,0.0,47.0,27.66735076904297,161.193603515625
263.34271240234375,9.5428466796875,17.31838035583496,2.567318916320801,765.450927734375,160.4062957763672,4.9604668617248535,82.42257690429688,330.13720703125,35.15668869018555,322.49371337890625,35.15668869018555,9.459007263183594,34.47637939453125,630.5966186523438,23.373220443725586,-4.062817096710205,27.4360294342041,13.890959739685059,2.567318916320801,1902.0,1902.0,1902.0,0.5630080103874207,211.0,0.98261559009552,655.3499755859375,770.217529296875,5.376916885375977,1.0,2674.48193359375,0.9219089150428772,655.3499755859375,1.0,0.0,52.0,33.17668914794922,130.8867950439453
225.897705078125,4.532646179199219,12.412400245666504,-2.8245339393615723,747.7557983398438,171.52520751953125,4.812679767608643,82.04718017578125,345.67529296875,45.14120864868164,298.5180969238281,45.14120864868164,10.3089599609375,34.9511604309082,661.9033203125,18.78019905090332,-10.710379600524902,29.49057960510254,8.714642524719238,-2.8245339393615723,2954.0,2954.0,2954.0,0.3546298146247864,171.0,0.8439040780067444,655.3499755859375,445.2561950683594,3.42815899848938,0.6873108148574829,1123.9169921875,0.807503879070282,651.4686889648438,3.0,0.0,44.0,27.225770950317383,163.03269958496094
169.32350158691406,6.839282989501953,14.650529861450195,-0.584433376789093,707.310302734375,162.30999755859375,4.086359977722168,82.88065338134766,323.7864990234375,41.477989196777344,288.2073059082031,41.477989196777344,11.121709823608398,36.037349700927734,670.4628295898438,21.69594955444336,-9.156878471374512,30.85283088684082,11.359539985656738,-0.584433376789093,2542.0,2542.0,2542.0,0.526247501373291,200.0,0.9394928812980652,655.3499755859375,28.39097023010254,4.642823219299316,0.6092571020126343,2542.7880859375,0.8847296237945557,655.3499755859375,2.0,0.0,60.0,36.97465896606445,151.27020263671875
81.96824645996094,9.330140113830566,16.995689392089844,2.448173999786377,767.0927124023438,160.44020080566406,5.073643207550049,82.14079284667969,333.6409912109375,36.06272888183594,319.3960876464844,36.06272888183594,9.096684455871582,33.8542594909668,620.2548828125,23.007299423217773,-3.86128306388855,26.868579864501953,13.61771011352539,2.448173999786377,1986.0,1986.0,1986.0,0.571555495262146,215.0,0.9804288744926453,655.3499755859375,1048.1419677734375,5.4396281242370605,0.34365540742874146,1904.0789794921875,0.9259849190711975,655.3499755859375,1.0,0.0,47.0,28.954769134521484,133.71060180664062
197.63079833984375,6.909922122955322,14.741000175476074,-0.5409536957740784,708.681884765625,159.9210968017578,4.3244171142578125,81.90132141113281,322.6026916503906,42.064109802246094,286.9612121582031,42.064109802246094,11.683070182800293,37.24637985229492,673.4163208007812,21.882230758666992,-9.467876434326172,31.350099563598633,11.400259971618652,-0.5409536957740784,2686.0,2686.0,2686.0,0.5922800898551941,217.0,0.9276779890060425,655.3499755859375,513.6641235351562,5.522223949432373,2.0,2706.376953125,0.9263129234313965,655.3499755859375,3.0,0.0,50.0,33.96820068359375,155.41090393066406
288.63970947265625,10.61676025390625,18.407520294189453,3.63782000541687,739.2557983398438,156.17979431152344,4.385278224945068,83.84890747070312,320.3039855957031,32.24114990234375,317.7668151855469,32.24114990234375,9.349607467651367,34.14942169189453,629.8723754882812,24.350849151611328,-3.025912046432495,27.376760482788086,16.360830307006836,3.63782000541687,1632.0,1632.0,1632.0,0.5204353928565979,209.0,0.9505100250244141,655.3499755859375,108.5895004272461,5.239920139312744,1.0,1680.7259521484375,0.9227861166000366,655.3499755859375,1.0,0.0,64.0,31.783700942993164,121.16690063476562
319.20208740234375,8.772024154663086,16.808000564575195,1.5728189945220947,720.6500854492188,150.68299865722656,4.806754112243652,81.87476348876953,318.3725891113281,35.744789123535156,299.4735107421875,35.744789123535156,11.991239547729492,38.182029724121094,667.2518920898438,23.78129005432129,-7.624252796173096,31.405540466308594,12.989890098571777,1.5728189945220947,2169.0,2169.0,2169.0,0.48044461011886597,209.0,0.9972547292709351,655.3499755859375,272.67559814453125,5.1385908126831055,1.0,959.0568237304688,0.913814127445221,655.3499755859375,1.0,0.0001355398999294266,89.0,50.00368118286133,139.20140075683594
194.67709350585938,8.859981536865234,16.98150062561035,1.5274889469146729,719.6868286132812,150.5115966796875,4.3840742111206055,82.49073791503906,317.0321044921875,33.51076889038086,301.0935974121094,33.51076889038086,11.708290100097656,37.45106887817383,676.4296264648438,23.732349395751953,-7.530466079711914,31.26280975341797,13.20337963104248,1.5274889469146729,2148.0,2148.0,2148.0,0.4300842881202698,193.0,0.8877015709877014,655.3499755859375,85.9138412475586,4.4410810470581055,1.0,3349.751953125,0.8943924903869629,655.3499755859375,1.0,0.0,43.0,24.697160720825195,139.09800720214844
207.6746063232422,4.313839912414551,12.259420394897461,-3.101396083831787,741.7705078125,168.56700134277344,4.792520046234131,81.67820739746094,342.6210021972656,45.099998474121094,293.7934875488281,45.099998474121094,9.615106582641602,33.239078521728516,666.2362060546875,18.328340530395508,-10.597100257873535,28.925439834594727,8.42646598815918,-3.101396083831787,2996.0,2996.0,2996.0,0.3774586021900177,169.0,0.8040351271629333,655.3499755859375,262.9111022949219,3.2548670768737793,1.9219460487365723,2531.416015625,0.8186724781990051,604.3402709960938,3.0,0.0,48.0,30.438169479370117,164.2834014892578
58.48749923706055,7.597414970397949,15.84216022491455,0.07999177277088165,734.9611206054688,156.47140502929688,4.791211128234863,81.70944213867188,327.8204040527344,37.42551040649414,305.2139892578125,37.42551040649414,11.878120422363281,37.16059875488281,693.4716796875,22.41613006591797,-9.547136306762695,31.963260650634766,12.049010276794434,0.07999177277088165,2300.0,2300.0,2300.0,0.46553659439086914,198.0,0.9239740967750549,655.3499755859375,145.451904296875,4.557391166687012,1.0,4769.5478515625,0.8950601816177368,655.3499755859375,1.0,0.0,48.0,31.152090072631836,143.91549682617188
121.76409912109375,7.19472599029541,15.431269645690918,-0.37802189588546753,742.8850708007812,158.9217987060547,5.282957077026367,81.39141082763672,331.8634948730469,38.67618942260742,307.52398681640625,38.67618942260742,11.612850189208984,36.68593978881836,694.6682739257812,21.86138916015625,-9.791925430297852,31.653310775756836,11.678170204162598,-0.37802189588546753,2292.0,2292.0,2292.0,0.5509430766105652,211.0,0.920642614364624,655.3499755859375,221.60899353027344,5.267248153686523,1.8509260416030884,6258.07177734375,0.914921224117279,655.3499755859375,1.0,0.0,51.0,27.874109268188477,143.63710021972656
49.35641860961914,7.561864852905273,15.766779899597168,0.028468379750847816,725.4586181640625,154.34629821777344,4.6400580406188965,82.06510162353516,324.39678955078125,36.26744079589844,300.0369873046875,36.26744079589844,11.822580337524414,37.0731315612793,693.4901123046875,22.377910614013672,-9.511271476745605,31.889179229736328,12.03345012664795,0.028468379750847816,2220.0,2220.0,2220.0,0.5529705882072449,211.0,0.9369189739227295,655.3499755859375,586.511474609375,5.330158233642578,1.3907430171966553,5982.22509765625,0.9128025770187378,655.3499755859375,1.0,0.0,47.0,31.784090042114258,141.37539672851562
333.6037902832031,8.694378852844238,16.870729446411133,1.3061909675598145,713.122802734375,152.09910583496094,4.566709995269775,82.82681274414062,317.6549987792969,34.622310638427734,300.318603515625,34.622310638427734,12.318510055541992,38.168479919433594,685.8779296875,23.71603012084961,-8.557568550109863,32.27360153198242,13.078390121459961,1.3061909675598145,2081.0,2081.0,2081.0,0.4708423912525177,201.0,0.9095436930656433,655.3499755859375,155.20860290527344,4.939990043640137,1.0,2300.513916015625,0.9062935709953308,655.3499755859375,1.0,0.0,64.0,38.64488983154297,136.84689331054688
98.07919311523438,7.331850051879883,15.50076961517334,-0.12388800084590912,728.1077880859375,156.14370727539062,4.7055487632751465,82.13040161132812,327.48779296875,36.71590042114258,299.8844909667969,36.71590042114258,11.805279731750488,37.25012969970703,687.2423095703125,22.091890335083008,-9.59968090057373,31.691570281982422,11.720629692077637,-0.12388800084590912,2461.0,2461.0,2461.0,0.513510525226593,206.0,0.9323946237564087,655.3499755859375,736.5451049804688,5.021738052368164,0.8864361047744751,6200.23291015625,0.8957874178886414,655.3499755859375,1.0,0.0,47.0,32.70623016357422,148.74020385742188
233.29269409179688,7.139190196990967,15.126119613647461,-0.4527718126773834,698.37548828125,158.0469970703125,4.185257911682129,82.1732177734375,318.3890075683594,41.15367889404297,283.5285949707031,41.15367889404297,11.770879745483398,36.89250946044922,688.3535766601562,22.178239822387695,-9.720816612243652,31.899059295654297,11.785940170288086,-0.4527718126773834,2360.0,2360.0,2360.0,0.5652201771736145,217.0,0.9229744076728821,655.3499755859375,94.79139709472656,5.577071189880371,1.9219460487365723,2882.81689453125,0.9204394221305847,655.3499755859375,3.0,0.0,27.0,16.531890869140625,145.70089721679688
90.25540161132812,8.909626960754395,17.054279327392578,1.5544129610061646,705.3287963867188,149.97959899902344,4.204578876495361,83.0257568359375,313.27288818359375,33.132049560546875,296.9779968261719,33.132049560546875,12.422080039978027,38.46221160888672,682.8187866210938,24.030109405517578,-8.266704559326172,32.29682159423828,13.286700248718262,1.5544129610061646,2013.0,2013.0,2013.0,0.6248189806938171,220.0,0.9524574279785156,655.3499755859375,426.9971923828125,5.767206192016602,1.0,2962.319091796875,0.928469181060791,655.3499755859375,1.0,0.0,47.0,31.8894100189209,134.62399291992188
256.7052001953125,8.242456436157227,16.449899673461914,0.7671291828155518,711.055419921875,152.8780059814453,4.256414890289307,82.81537628173828,318.80511474609375,34.58427810668945,297.96820068359375,34.58427810668945,12.104269981384277,37.640689849853516,691.7775268554688,23.23586082458496,-8.920538902282715,32.15639114379883,12.714090347290039,0.7671291828155518,2075.0,2075.0,2075.0,0.4637734889984131,197.0,0.8989707231521606,655.3499755859375,257.7185974121094,4.697054862976074,0.5818076133728027,6009.587890625,0.8728147745132446,655.3499755859375,1.0,0.0,44.0,28.65743064880371,136.7761993408203
176.7010040283203,5.816898822784424,13.892189979553223,-1.870859980583191,715.9951782226562,162.62440490722656,4.317739963531494,81.89840698242188,329.8764953613281,43.323760986328125,285.8918151855469,43.323760986328125,10.176179885864258,33.70981979370117,688.5867919921875,20.23785972595215,-9.92824935913086,30.166109085083008,10.275190353393555,-1.870859980583191,2643.0,2643.0,2643.0,0.5565769076347351,213.0,0.8923627734184265,655.3499755859375,108.5895004272461,5.2994818687438965,0.07805366814136505,3578.64111328125,0.8800966739654541,655.3499755859375,3.0,0.0,24.0,15.984169960021973,154.22169494628906
231.55760192871094,7.978683948516846,15.996549606323242,0.34883779287338257,673.4907836914062,153.43809509277344,3.5681920051574707,83.9815902709961,306.84130859375,37.163089752197266,280.41351318359375,37.163089752197266,12.45226001739502,37.98583984375,693.165771484375,23.354290008544922,-9.425246238708496,32.779541015625,12.681500434875488,0.34883779287338257,2087.0,2087.0,2087.0,0.528374195098877,217.0,0.9646884202957153,655.3499755859375,312.239501953125,5.512582778930664,2.0,312.239501953125,0.9152302742004395,655.3499755859375,3.0,0.0,62.0,33.92877960205078,137.0220947265625
177.17979431152344,8.03050422668457,16.201059341430664,0.5839489102363586,715.3245849609375,153.29139709472656,4.6765899658203125,82.1849365234375,320.3821105957031,36.020809173583984,297.1247863769531,36.020809173583984,11.877240180969238,37.36787033081055,688.7960815429688,22.929529190063477,-8.853169441223145,31.782699584960938,12.501079559326172,0.5839489102363586,2100.0,2100.0,2100.0,0.49263709783554077,198.0,0.9051012992858887,655.3499755859375,108.5895004272461,4.874003887176514,1.0,6973.14892578125,0.8853123784065247,655.3499755859375,1.0,0.0,29.0,19.750139236450195,137.44859313964844
258.69500732421875,7.7251200675964355,15.721059799194336,0.08904063701629639,677.0701904296875,154.5924072265625,3.731066942214966,83.61427307128906,309.7640075683594,38.035701751708984,280.0458068847656,38.035701751708984,12.140870094299316,37.40293884277344,691.3323974609375,23.00128936767578,-9.456802368164062,32.458091735839844,12.392390251159668,0.08904063701629639,2359.0,2359.0,2359.0,0.5428388118743896,216.0,0.9422373175621033,655.3499755859375,422.5264892578125,5.457770824432373,1.1636149883270264,628.5291748046875,0.9292420148849487,655.3499755859375,3.0,0.050194740295410156,63.0,37.129669189453125,145.52389526367188
50.65176010131836,6.584922790527344,14.541449546813965,-1.0234299898147583,694.53857421875,158.85130310058594,3.958950996398926,82.78656768798828,320.4466857910156,41.33232116699219,280.3212890625,41.33232116699219,11.203680038452148,35.832130432128906,683.7459716796875,21.462200164794922,-9.798785209655762,31.260990142822266,11.099740028381348,-1.0234299898147583,2608.0,2608.0,2608.0,0.424190491437912,200.0,0.9205713272094727,655.3499755859375,328.88238525390625,4.737234115600586,0.3046286106109619,1114.5830078125,0.9034826755523682,655.3499755859375,3.0,0.0,70.0,42.19668960571289,153.15570068359375
140.2263946533203,5.252962112426758,13.3612699508667,-2.439824104309082,712.7402954101562,162.3363037109375,4.342494010925293,81.99295806884766,330.40960693359375,43.268890380859375,282.6142883300781,43.268890380859375,9.52196216583252,32.36054992675781,686.0208129882812,19.404279708862305,-10.019490242004395,29.423770904541016,9.588118553161621,-2.439824104309082,2661.0,2661.0,2661.0,0.4223040044307709,202.0,0.9290544986724854,655.3499755859375,664.086181640625,4.811000823974609,1.0,3284.64208984375,0.8794652223587036,655.3499755859375,3.0,0.0,31.0,20.212190628051758,154.75889587402344
147.470703125,7.281786918640137,15.389100074768066,-0.13786889612674713,723.42138671875,155.66470336914062,4.758068084716797,81.85460662841797,327.0504150390625,37.19694900512695,296.0058898925781,37.19694900512695,11.516619682312012,36.82099914550781,683.2960205078125,21.9973201751709,-9.277874946594238,31.27519989013672,11.686960220336914,-0.13786889612674713,2369.0,2369.0,2369.0,0.435822993516922,191.0,0.9034767150878906,655.3499755859375,94.79139709472656,4.331552028656006,1.0,7064.9169921875,0.8641716837882996,655.3499755859375,1.0,0.0,69.0,38.97142028808594,145.8011016845703
304.9820861816406,5.422458171844482,13.458209991455078,-1.9840830564498901,706.634521484375,167.1020050048828,4.098998069763184,86.23551940917969,337.0519104003906,38.50069046020508,288.7806091308594,38.50069046020508,10.708930015563965,35.199058532714844,679.48876953125,19.474130630493164,-10.949850082397461,30.423980712890625,9.857929229736328,-1.9840830564498901,2786.0,2786.0,2786.0,0.4941098093986511,208.0,0.9130975008010864,655.3499755859375,637.1580810546875,5.164486885070801,2.0,778.3909912109375,0.8855003714561462,655.3499755859375,0.0,0.0,34.0,21.66813087463379,158.3782958984375
309.9112854003906,5.600142955780029,13.706769943237305,-2.064426898956299,705.0272216796875,161.62640380859375,4.127429962158203,82.59681701660156,327.82659912109375,42.25315856933594,281.2810974121094,42.25315856933594,9.684343338012695,32.7064208984375,686.0311889648438,19.89480972290039,-9.715007781982422,29.609819412231445,9.963578224182129,-2.064426898956299,2466.0,2466.0,2466.0,0.5263190865516663,213.0,0.9205136895179749,655.3499755859375,164.08619689941406,5.362813949584961,1.0,2801.113037109375,0.8954635262489319,655.3499755859375,3.0,0.0,48.0,28.57762908935547,149.08360290527344
208.42039489746094,3.185626983642578,11.488860130310059,-4.4611921310424805,691.9926147460938,165.3011932373047,3.885576009750366,86.88687133789062,332.8514099121094,39.689510345458984,277.744384765625,39.689510345458984,8.858272552490234,30.855709075927734,683.228515625,16.73417091369629,-11.974169731140137,28.708349227905273,7.093196868896484,-4.4611921310424805,3031.0,3031.0,3031.0,0.35960400104522705,187.0,0.9105175137519836,655.3499755859375,473.12860107421875,4.211452960968018,1.3907430171966553,1164.0860595703125,0.9056311845779419,628.4298706054688,2.0,0.0,82.0,42.30807876586914,165.089599609375
39.33469009399414,5.673966884613037,13.738630294799805,-1.4781179428100586,764.6699829101562,165.19540405273438,5.948412895202637,80.30658721923828,347.5492858886719,42.988441467285156,304.86279296875,42.988441467285156,11.6899995803833,37.85110092163086,663.6403198242188,20.327699661254883,-10.555009841918945,30.882720947265625,9.677336692810059,-1.4781179428100586,2878.0,2878.0,2878.0,0.33881041407585144,173.0,0.8210976123809814,655.3499755859375,164.08619689941406,3.5305540561676025,0.5818076133728027,4972.419921875,0.8457887172698975,655.3499755859375,1.0,0.0,74.0,40.59164047241211,160.90960693359375
272.039794921875,5.640915870666504,13.888019561767578,-2.1452291011810303,699.4901123046875,161.2873992919922,4.059928894042969,83.64827728271484,326.7341003417969,40.113128662109375,282.4364929199219,40.113128662109375,9.316967964172363,31.607519149780273,694.4990234375,19.74959945678711,-9.725037574768066,29.47463035583496,9.989553451538086,-2.1452291011810303,2612.0,2612.0,2612.0,0.564562976360321,214.0,0.9225581288337708,655.3499755859375,335.9137878417969,5.438364028930664,0.14907410740852356,4162.875,0.8967748880386353,655.3499755859375,3.0,0.4081980884075165,20.0,14.069270133972168,153.3394012451172
292.23150634765625,8.82204532623291,16.852550506591797,1.630105972290039,721.3062744140625,154.92599487304688,4.635676860809326,82.1316909790039,322.3501892089844,35.45811080932617,301.0380859375,35.45811080932617,12.194939613342285,38.632198333740234,667.5029907226562,23.986190795898438,-7.58054780960083,31.566740036010742,13.02810001373291,1.630105972290039,2198.0,2198.0,2198.0,0.4867033064365387,205.0,0.8846430778503418,655.3499755859375,507.465087890625,4.932662010192871,1.0,3058.319091796875,0.8877108097076416,655.3499755859375,1.0,0.0,42.0,29.535720825195312,140.77049255371094
277.07440185546875,4.699684143066406,12.623109817504883,-2.785198926925659,706.2266845703125,161.97850036621094,4.263143062591553,82.61387634277344,330.14239501953125,43.339168548583984,277.4610900878906,43.339168548583984,9.511260986328125,32.83917999267578,668.44287109375,18.845590591430664,-10.108770370483398,28.95435905456543,8.84029769897461,-2.785198926925659,2832.0,2832.0,2832.0,0.35824650526046753,184.0,0.8800181150436401,655.3499755859375,278.3909912109375,4.146096229553223,1.1636149883270264,1936.0479736328125,0.8892403244972229,620.2401123046875,2.0,0.0,44.0,29.585769653320312,159.68319702148438
273.15240478515625,5.182219982147217,13.071040153503418,-2.019294023513794,708.3350830078125,163.15249633789062,4.226231098175049,84.8051528930664,334.84039306640625,38.7712516784668,283.5846862792969,38.7712516784668,11.834230422973633,37.885169982910156,665.6317138671875,19.68675994873047,-11.548680305480957,31.23543930053711,9.461833000183105,-2.019294023513794,2653.0,2653.0,2653.0,0.5659548044204712,214.0,0.9705526828765869,655.3499755859375,181.5614013671875,5.321170806884766,0.5818076133728027,1519.594970703125,0.9001638889312744,655.3499755859375,0.0,0.0,51.0,32.55522155761719,154.53370666503906
186.57119750976562,4.473766803741455,12.631509780883789,-3.023355007171631,748.5296020507812,165.0625,5.151136875152588,81.83830261230469,346.10430908203125,41.41033935546875,300.0804138183594,41.41033935546875,10.351690292358398,34.66899108886719,676.3361206054688,18.49340057373047,-11.363089561462402,29.856489181518555,8.665109634399414,-3.023355007171631,3054.0,3054.0,3054.0,0.4014868140220642,182.0,0.842017412185669,655.3499755859375,512.481689453125,3.898451089859009,1.0,6414.0859375,0.878821074962616,655.3499755859375,1.0,0.0,71.0,37.84000015258789,165.57269287109375
139.34629821777344,9.194466590881348,17.084409713745117,2.2112081050872803,715.4152221679688,151.28880310058594,4.671013832092285,81.6714096069336,317.7273864746094,35.20780944824219,296.7414855957031,35.20780944824219,11.582989692687988,38.372520446777344,647.1900024414062,24.117860794067383,-6.066434860229492,30.18429946899414,13.257579803466797,2.2112081050872803,1970.0,1970.0,1970.0,0.5476272702217102,209.0,0.9074540138244629,655.3499755859375,843.6464233398438,5.117639064788818,1.0,1928.553955078125,0.9144148826599121,655.3499755859375,1.0,0.0,39.0,22.687929153442383,133.2093048095703
205.19700622558594,5.306364059448242,13.55737018585205,-2.4108119010925293,705.8176879882812,163.1204071044922,4.145074844360352,83.41908264160156,330.07708740234375,41.91191101074219,282.9302978515625,41.91191101074219,9.18839168548584,31.507869720458984,689.3720092773438,19.29564094543457,-9.865519523620605,29.161169052124023,9.54775333404541,-2.4108119010925293,2803.0,2803.0,2803.0,0.5732340812683105,210.0,0.8989018201828003,655.3499755859375,221.60899353027344,5.190056800842285,1.1636149883270264,4642.7431640625,0.8983585238456726,655.3499755859375,3.0,0.01677004061639309,47.0,29.998689651489258,158.8115997314453
294.9569091796875,3.473613977432251,11.630729675292969,-4.077208995819092,685.2470092773438,164.2353057861328,3.5603408813476562,87.2181167602539,329.6321105957031,39.15821075439453,275.5653991699219,39.15821075439453,9.268681526184082,31.994930267333984,676.8579711914062,17.259380340576172,-11.708439826965332,28.967809677124023,7.4020490646362305,-4.077208995819092,3023.0,3023.0,3023.0,0.40091028809547424,196.0,0.8828005194664001,655.3499755859375,343.0380859375,4.54180383682251,1.0,820.5825805664062,0.8941674828529358,644.4426879882812,2.0,0.0,42.0,27.104719161987305,164.93170166015625
337.375,2.251312017440796,10.38910961151123,-5.248129844665527,692.913330078125,168.67010498046875,3.502146005630493,88.3465576171875,333.1116943359375,38.60530090332031,282.04541015625,38.60530090332031,9.341626167297363,32.351661682128906,671.1931762695312,15.997489929199219,-12.876660346984863,28.874149322509766,5.997736930847168,-5.248129844665527,3171.0,3171.0,3171.0,0.40456318855285645,198.0,0.870868980884552,655.3499755859375,1199.3060302734375,4.5565009117126465,0.6092571020126343,1259.112060546875,0.8766468167304993,621.0739135742188,2.0,0.0,49.0,31.920700073242188,168.94259643554688
283.46728515625,9.873382568359375,17.815580368041992,2.815356969833374,701.5881958007812,148.601806640625,4.372798919677734,82.4377212524414,309.1361999511719,33.04570007324219,296.56768798828125,33.04570007324219,11.691579818725586,38.35282897949219,654.3516845703125,24.849380493164062,-5.634244918823242,30.48362922668457,14.042810440063477,2.815356969833374,1936.0,1936.0,1936.0,0.5660927295684814,218.0,0.9393631815910339,655.3499755859375,414.0862121582031,5.586497783660889,1.0,1433.6650390625,0.9170342087745667,655.3499755859375,1.0,0.0,38.0,27.025989532470703,132.03939819335938
59.23455810546875,4.368813991546631,12.300840377807617,-3.045295000076294,670.6427001953125,160.0507049560547,3.5,87.34937286376953,322.3945007324219,38.400001525878906,269.3633117675781,38.400001525878906,9.38262939453125,32.49626922607422,668.47607421875,18.179609298706055,-10.692999839782715,28.872610092163086,8.4371919631958,-3.045295000076294,2751.0,2751.0,2751.0,0.5096684098243713,202.0,0.8936343789100647,655.3499755859375,145.451904296875,4.860342025756836,2.0,145.451904296875,0.8508579730987549,655.2827758789062,2.0,0.12917369604110718,24.0,14.12537956237793,157.31829833984375
49.72890853881836,4.84749698638916,13.18323040008545,-2.8699209690093994,739.0501708984375,161.57989501953125,5.307046890258789,81.36131286621094,339.8340148925781,41.33518981933594,294.94061279296875,41.33518981933594,10.398269653320312,34.12411117553711,696.549072265625,18.919370651245117,-11.544710159301758,30.464080810546875,9.251439094543457,-2.8699209690093994,2663.0,2663.0,2663.0,0.42016878724098206,191.0,0.8594033122062683,655.3499755859375,145.451904296875,4.312215805053711,1.0,4664.0859375,0.8455557227134705,655.3499755859375,1.0,0.0,54.0,36.12274932861328,154.8083953857422
105.779296875,3.685734987258911,12.060379981994629,-3.9987850189208984,754.1046142578125,167.4243927001953,5.380380153656006,81.85993957519531,349.7757873535156,42.30181884765625,301.4674072265625,42.30181884765625,9.770297050476074,32.78841018676758,692.227783203125,17.495500564575195,-12.295439720153809,29.790939331054688,7.902778148651123,-3.9987850189208984,2748.0,2748.0,2748.0,0.4397274851799011,191.0,0.8351889252662659,655.3499755859375,221.60899353027344,4.204729080200195,1.0,4653.7041015625,0.8778290152549744,655.3499755859375,1.0,0.0,62.0,37.362510681152344,157.49659729003906
207.1699981689453,6.829419136047363,15.181670188903809,-0.9150922894477844,705.92919921875,151.62249755859375,4.615777015686035,81.695068359375,320.8761901855469,37.1190185546875,285.70941162109375,37.1190185546875,11.331899642944336,35.616668701171875,706.5137939453125,21.43800926208496,-10.373929977416992,31.811939239501953,11.45361042022705,-0.9150922894477844,2355.0,2355.0,2355.0,0.4683302044868469,204.0,0.9208459854125977,655.3499755859375,300.4914855957031,4.930741786956787,1.0,4446.31591796875,0.9080042839050293,655.3499755859375,1.0,0.0,48.0,30.238170623779297,145.4586944580078
43.82389831542969,5.533170223236084,13.671830177307129,-1.83359694480896,761.6326293945312,165.185302734375,5.625341892242432,80.80528259277344,347.14630126953125,41.684940338134766,306.5624084472656,41.684940338134766,11.331299781799316,36.518680572509766,677.5167846679688,20.008899688720703,-11.016989707946777,31.025880813598633,9.760848999023438,-1.83359694480896,2772.0,2772.0,2772.0,0.40145620703697205,191.0,0.8644970059394836,655.3499755859375,489.7247009277344,4.2446770668029785,0.8864361047744751,2914.0859375,0.8619511723518372,655.3499755859375,1.0,0.0,62.0,37.71992111206055,157.97520446777344
251.6302032470703,6.204963207244873,14.574350357055664,-1.5691280364990234,714.4650268554688,154.397705078125,4.770296096801758,81.56405639648438,327.1180114746094,38.81834030151367,287.2139892578125,38.81834030151367,11.003129959106445,35.076080322265625,706.2537841796875,20.61347007751465,-10.755439758300781,31.368900299072266,10.802940368652344,-1.5691280364990234,2611.0,2611.0,2611.0,0.3815808892250061,183.0,0.8538972735404968,655.3499755859375,522.377197265625,4.040623188018799,1.0,3914.0859375,0.8738347887992859,655.3499755859375,1.0,0.0,65.0,34.254119873046875,153.07350158691406
241.11830139160156,7.765206813812256,16.164640426635742,0.015413019806146622,688.5402221679688,147.97689819335938,4.367746829986572,82.45353698730469,310.65179443359375,35.220680236816406,283.6612854003906,35.220680236816406,11.835579872131348,36.377010345458984,713.4298095703125,22.62986946105957,-9.90488338470459,32.534751892089844,12.47758960723877,0.015413019806146622,2250.0,2250.0,2250.0,0.4960857927799225,207.0,0.9474049210548401,655.3499755859375,454.0718078613281,5.121407985687256,1.0,4118.4150390625,0.9259064197540283,655.3499755859375,1.0,0.0,53.0,33.90821075439453,142.3282012939453
195.0426025390625,4.551403999328613,12.430789947509766,-2.8189539909362793,670.140380859375,160.9875030517578,3.1503870487213135,87.68628692626953,322.9378967285156,38.071468353271484,269.4678039550781,38.071468353271484,9.640543937683105,33.279178619384766,665.234619140625,18.433490753173828,-10.535229682922363,28.968719482421875,8.61078929901123,-2.8189539909362793,3038.0,3038.0,3038.0,0.5270761847496033,210.0,0.908974826335907,655.3499755859375,1146.2490234375,5.203494071960449,1.3907430171966553,992.861328125,0.8738455772399902,654.448974609375,2.0,0.028555160388350487,40.0,29.51896095275879,165.36180114746094
166.2384033203125,7.127383232116699,15.531570434570312,-0.6278553009033203,693.6544189453125,151.24510192871094,4.145108222961426,82.89649200439453,316.5122985839844,35.18986129760742,285.4283142089844,35.18986129760742,11.390999794006348,35.565181732177734,710.5421142578125,21.86174964904785,-10.161419868469238,32.023170471191406,11.811929702758789,-0.6278553009033203,2224.0,2224.0,2224.0,0.5158892869949341,208.0,0.9214407205581665,655.3499755859375,9.756709098815918,5.056437969207764,1.0,2674.48193359375,0.895939826965332,655.3499755859375,1.0,0.0,57.0,35.0690803527832,141.356201171875
201.38729858398438,5.299354076385498,13.565970420837402,-2.2633979320526123,728.9503173828125,163.7126007080078,4.678081035614014,82.6767578125,339.6969909667969,39.457550048828125,295.30780029296875,39.457550048828125,9.874322891235352,33.304039001464844,683.2537231445312,19.366090774536133,-10.27772045135498,29.643810272216797,9.540793418884277,-2.2633979320526123,2471.0,2471.0,2471.0,0.49616628885269165,203.0,0.9017422199249268,655.3499755859375,18.634260177612305,4.888027191162109,1.0,6312.44482421875,0.883735179901123,655.3499755859375,1.0,0.0,46.0,25.379690170288086,149.18060302734375
137.05780029296875,6.029953956604004,14.420149803161621,-1.6908149719238281,712.8801879882812,158.63189697265625,4.690420150756836,82.90045166015625,329.0934143066406,37.933048248291016,291.30718994140625,37.933048248291016,10.5656099319458,34.187801361083984,700.6860961914062,20.40390968322754,-10.491519927978516,30.895429611206055,10.526320457458496,-1.6908149719238281,2441.0,2441.0,2441.0,0.5541728734970093,210.0,0.9302853941917419,655.3499755859375,145.451904296875,5.313529968261719,1.0,3992.322998046875,0.8963013291358948,655.3499755859375,1.0,0.0,49.0,30.59149932861328,148.2541961669922
146.5240020751953,3.8683409690856934,12.030630111694336,-3.5228209495544434,750.3726806640625,171.23849487304688,5.099999904632568,82.9693832397461,352.8971862792969,41.20450973510742,302.9241943359375,41.20450973510742,9.34520435333252,32.77518081665039,668.4381103515625,17.561790466308594,-10.94711971282959,28.508899688720703,7.846813201904297,-3.5228209495544434,2933.0,2933.0,2933.0,0.5202400088310242,202.0,0.9042037129402161,655.3499755859375,396.1619873046875,4.522500038146973,1.772871971130371,7378.64892578125,0.8789262771606445,655.3499755859375,1.0,0.0,50.0,30.99979019165039,162.36300659179688
308.93389892578125,3.382314920425415,11.245610237121582,-3.8921990394592285,687.3231811523438,167.3159942626953,3.6676580905914307,87.9826431274414,331.0002136230469,39.34086990356445,278.2521057128906,39.34086990356445,9.632033348083496,33.42110824584961,657.1198120117188,17.263280868530273,-11.557029724121094,28.820310592651367,7.232154846191406,-3.8921990394592285,3191.0,3191.0,3191.0,0.4509497880935669,203.0,0.89457768201828,655.3499755859375,1204.56201171875,4.81849479675293,2.0,1822.2449951171875,0.8912053108215332,652.95751953125,2.0,0.0,45.0,29.302209854125977,169.51820373535156
73.66381072998047,6.388652801513672,14.778719902038574,-1.3281110525131226,703.6832275390625,156.32000732421875,4.308888912200928,82.77835083007812,324.190185546875,36.99748992919922,288.4590148925781,36.99748992919922,10.49293041229248,34.17823028564453,698.589111328125,20.804149627685547,-9.892779350280762,30.696929931640625,10.885069847106934,-1.3281110525131226,2276.0,2276.0,2276.0,0.5323622822761536,210.0,0.9197791814804077,655.3499755859375,18.634260177612305,5.264050006866455,0.6563447117805481,5423.38720703125,0.8997761011123657,655.3499755859375,1.0,0.0,23.0,14.751919746398926,142.96560668945312
189.7467041015625,13.208589553833008,20.877599716186523,6.656006813049316,644.1453857421875,136.62750244140625,3.117572069168091,86.11376190185547,289.03509521484375,26.416629791259766,288.881591796875,26.416629791259766,9.844856262207031,35.96529006958008,612.3004760742188,26.91752052307129,-0.45591750741004944,27.37343978881836,20.712739944458008,6.656006813049316,1525.0,1525.0,1525.0,0.6423509120941162,204.0,0.9065051078796387,655.3499755859375,471.6090087890625,4.8975911140441895,0.6092571020126343,76.15714263916016,0.9095221161842346,655.3499755859375,1.0,0.0,60.0,33.735111236572266,117.20960235595703
157.1761016845703,7.008357048034668,15.47130012512207,-0.761775016784668,692.2191772460938,152.7220001220703,4.238070011138916,83.22882843017578,316.7720947265625,35.4357795715332,286.0215148925781,35.4357795715332,11.00907039642334,34.79032897949219,709.517822265625,21.716020584106445,-9.92605972290039,31.642080307006836,11.654399871826172,-0.761775016784668,2151.0,2151.0,2151.0,0.5908796787261963,215.0,0.9467461705207825,655.3499755859375,76.15714263916016,5.486225128173828,1.0,3478.75390625,0.908033013343811,655.3499755859375,1.0,0.0,52.0,33.583248138427734,139.34530639648438
115.82209777832031,9.840819358825684,17.700340270996094,2.93192195892334,691.5040283203125,147.50979614257812,4.023407936096191,82.76069641113281,306.031494140625,33.244178771972656,291.8861083984375,33.244178771972656,10.983659744262695,37.336669921875,644.8353881835938,24.48887062072754,-4.928901195526123,29.417770385742188,14.027299880981445,2.93192195892334,1920.0,1920.0,1920.0,0.5990223288536072,221.0,0.9406592845916748,655.3499755859375,221.60899353027344,5.709654808044434,1.3907430171966553,1397.2969970703125,0.909363329410553,655.3499755859375,1.0,0.0,43.0,27.77739906311035,131.54820251464844
37.80302810668945,6.034542083740234,14.306889533996582,-1.6023269891738892,707.6074829101562,154.860107421875,4.708189964294434,81.90342712402344,325.2879943847656,38.54541015625,284.4425964355469,38.54541015625,10.65330982208252,34.85401916503906,691.5504760742188,20.380470275878906,-10.183899879455566,30.564359664916992,10.493120193481445,-1.6023269891738892,2577.0,2577.0,2577.0,0.5130575895309448,204.0,0.9118198752403259,655.3499755859375,988.3399047851562,4.868208885192871,1.0,5056.31689453125,0.8936172723770142,655.3499755859375,1.0,0.0,21.0,9.72667121887207,152.20660400390625
39.560359954833984,8.480531692504883,16.442399978637695,1.3199089765548706,684.48388671875,148.57150268554688,4.450573921203613,82.73793029785156,310.04901123046875,35.22650909423828,281.0762939453125,35.22650909423828,12.171070098876953,38.60353088378906,667.0657958984375,23.603200912475586,-7.925105094909668,31.52829933166504,12.7356595993042,1.3199089765548706,2082.0,2082.0,2082.0,0.57669997215271,214.0,0.9425408840179443,655.3499755859375,1164.0860595703125,5.42874002456665,1.0,1164.0860595703125,0.9210945963859558,655.3499755859375,1.0,0.0,60.0,36.69036865234375,136.9792022705078
243.06129455566406,2.0095651149749756,10.56704044342041,-5.757378101348877,725.8519287109375,174.2548065185547,4.211925029754639,85.6781234741211,346.3345031738281,42.47200012207031,293.3765869140625,42.47200012207031,9.390125274658203,31.916339874267578,694.1359252929688,16.35814094543457,-13.06270980834961,29.42085075378418,5.790414810180664,-5.757378101348877,3266.0,3266.0,3266.0,0.27357059717178345,143.0,0.6895986795425415,645.1436157226562,544.75537109375,2.4852499961853027,2.0,3742.25,0.7516041994094849,384.2449035644531,3.0,0.0,64.0,37.09169006347656,171.36000061035156
286.1825866699219,4.577199935913086,12.745360374450684,-2.932821035385132,729.3040161132812,163.6757049560547,4.650784015655518,82.6472396850586,341.2763977050781,39.752071380615234,291.918212890625,39.752071380615234,10.160079956054688,34.21910095214844,677.028076171875,18.625789642333984,-11.063590049743652,29.689380645751953,8.799474716186523,-2.932821035385132,2758.0,2758.0,2758.0,0.37940189242362976,190.0,0.895821213722229,655.3499755859375,261.7598876953125,4.181469917297363,1.0,7230.39111328125,0.8713608980178833,655.3499755859375,1.0,0.0,49.0,30.785409927368164,157.43910217285156
310.82598876953125,5.238883018493652,13.435480117797852,-2.3280889987945557,720.7426147460938,161.6240997314453,4.652708053588867,82.92268371582031,335.9136047363281,38.99448013305664,289.98748779296875,38.99448013305664,10.522100448608398,34.768470764160156,683.769775390625,19.457300186157227,-10.799839973449707,30.257139205932617,9.595176696777344,-2.3280889987945557,2574.0,2574.0,2574.0,0.40891918540000916,196.0,0.9251617789268494,655.3499755859375,343.0380859375,4.526162147521973,1.0,6774.41796875,0.8982577919960022,655.3499755859375,1.0,0.0,64.0,37.52519989013672,152.22030639648438
122.87680053710938,0.7988675236701965,9.3932466506958,-6.917373180389404,731.3558959960938,176.23060607910156,4.235002040863037,85.91618347167969,348.1315002441406,42.87099075317383,297.0201110839844,42.87099075317383,9.493681907653809,32.29362869262695,690.6439819335938,15.326370239257812,-14.071660041809082,29.398029327392578,4.425692081451416,-6.917373180389404,3268.0,3268.0,3268.0,0.4479387104511261,145.0,0.6929563879966736,655.3499755859375,108.5895004272461,2.4237639904022217,1.9219460487365723,4691.31201171875,0.8242084980010986,443.6236877441406,3.0,0.0,41.0,27.489519119262695,171.4864959716797
100.1509017944336,6.114990234375,14.306139945983887,-1.4750330448150635,704.6378173828125,157.96690368652344,4.496687889099121,83.09538269042969,327.7134094238281,38.08610916137695,284.7698059082031,38.08610916137695,11.045940399169922,35.55297088623047,691.438720703125,20.600629806518555,-10.467510223388672,31.068140029907227,10.651359558105469,-1.4750330448150635,2581.0,2581.0,2581.0,0.5395827293395996,214.0,0.9539408087730408,655.3499755859375,414.0862121582031,5.4615020751953125,0.8864361047744751,6398.8818359375,0.9163687825202942,655.3499755859375,1.0,0.0,53.0,30.473560333251953,152.3643035888672
105.42340087890625,9.091266632080078,16.927379608154297,2.1702489852905273,672.322998046875,145.05209350585938,4.218983173370361,82.95406341552734,303.1339111328125,34.4269905090332,276.3962097167969,34.4269905090332,11.559399604797363,38.399959564208984,645.7957153320312,24.079439163208008,-6.022119998931885,30.101560592651367,13.230130195617676,2.1702489852905273,2331.0,2331.0,2331.0,0.6236475110054016,219.0,0.9574396014213562,655.3499755859375,1591.14599609375,5.593148231506348,0.6873108148574829,1460.5059814453125,0.9277600049972534,655.3499755859375,1.0,0.0,48.0,30.55908966064453,144.806396484375
42.40829086303711,4.496737957000732,12.483819961547852,-2.798532009124756,715.444580078125,162.10650634765625,4.7935662269592285,83.81643676757812,337.4375915527344,38.560279846191406,286.1097106933594,38.560279846191406,11.103639602661133,36.22929000854492,671.32177734375,18.820480346679688,-11.823229789733887,30.643709182739258,8.75563907623291,-2.798532009124756,3156.0,3156.0,3156.0,0.3342481851577759,194.0,0.8949530124664307,655.3499755859375,536.6124877929688,4.5622429847717285,1.0,2999.9130859375,0.8701987266540527,655.3499755859375,1.0,0.0,54.0,33.00082015991211,168.345703125
312.5181884765625,5.1244940757751465,13.143500328063965,-2.2625060081481934,696.0098876953125,160.23519897460938,4.195375919342041,84.83704376220703,330.63641357421875,38.07313919067383,278.8727111816406,38.07313919067383,10.578129768371582,35.15562057495117,673.655029296875,19.412620544433594,-10.67654037475586,30.089160919189453,9.390018463134766,-2.2625060081481934,2660.0,2660.0,2660.0,0.4909955859184265,208.0,0.9428849220275879,655.3499755859375,173.8428955078125,5.106692790985107,0.6563447117805481,94.79139709472656,0.9130858778953552,655.3499755859375,1.0,0.0,70.0,40.578041076660156,154.67669677734375
131.6988983154297,6.277103900909424,14.346039772033691,-1.1620090007781982,689.8463134765625,156.19970703125,4.1826910972595215,84.37901306152344,323.9540100097656,36.140079498291016,279.69500732421875,36.140079498291016,11.70559024810791,37.04671096801758,684.6182250976562,20.947450637817383,-10.648110389709473,31.59556007385254,10.77101993560791,-1.1620090007781982,2299.0,2299.0,2299.0,0.5470997095108032,216.0,0.9669833183288574,655.3499755859375,28.39097023010254,5.635931015014648,0.6953713893890381,2293.669921875,0.914513111114502,655.3499755859375,1.0,0.0,58.0,36.03873062133789,143.97340393066406
122.63249969482422,3.3529179096221924,11.338580131530762,-3.919938087463379,736.0133056640625,167.2729949951172,4.970862865447998,83.65125274658203,347.03790283203125,40.69055938720703,294.0043029785156,40.69055938720703,10.803520202636719,35.79248046875,667.0936279296875,17.501609802246094,-12.677530288696289,30.179149627685547,7.473933219909668,-3.919938087463379,3224.0,3224.0,3224.0,0.3854447901248932,196.0,0.9131228923797607,655.3499755859375,407.2117919921875,4.6429829597473145,0.03902683034539223,3625.549072265625,0.9035090208053589,655.3499755859375,1.0,0.0,56.0,38.111419677734375,170.3262939453125
89.22908782958984,5.21244478225708,13.196849822998047,-2.152329921722412,707.3828125,160.43389892578125,4.633127212524414,83.5525131225586,332.7803039550781,39.41593933105469,282.48028564453125,39.41593933105469,11.349760055541992,36.723628997802734,674.7293090820312,19.667400360107422,-11.238160133361816,30.905569076538086,9.537666320800781,-2.152329921722412,2848.0,2848.0,2848.0,0.5760384202003479,218.0,0.9620370864868164,655.3499755859375,755.252197265625,5.63503885269165,0.3046286106109619,1511.9310302734375,0.9145228862762451,655.3499755859375,1.0,0.0,37.0,23.39497947692871,160.0469970703125
14.971409797668457,7.118382930755615,15.20635986328125,-0.23274670541286469,699.1115112304688,152.12539672851562,4.548213958740234,81.91000366210938,319.5622863769531,37.242069244384766,282.0931091308594,37.242069244384766,12.450030326843262,38.4622688293457,681.8193969726562,22.17173957824707,-10.197319984436035,32.36906051635742,11.541879653930664,-0.23274670541286469,2391.0,2391.0,2391.0,0.5144199132919312,208.0,0.9249619245529175,655.3499755859375,520.9375,5.266294956207275,1.0,1372.8909912109375,0.9078894853591919,655.3499755859375,1.0,0.0,40.0,27.468860626220703,146.62860107421875
220.95559692382812,3.7381720542907715,11.739410400390625,-3.601191997528076,734.0424194335938,166.7615966796875,5.0,83.50527954101562,345.5841979980469,41.099998474121094,292.87139892578125,41.099998474121094,10.933560371398926,35.94221115112305,670.7440795898438,17.94580078125,-12.473409652709961,30.41921043395996,7.929089069366455,-3.601191997528076,3191.0,3191.0,3191.0,0.4424639046192169,197.0,0.8925734162330627,655.3499755859375,613.1660766601562,4.640046119689941,1.0,3566.573974609375,0.8890755772590637,655.3499755859375,1.0,0.0,52.0,35.539520263671875,169.52029418945312
328.9132080078125,6.937528133392334,15.100689888000488,-0.5978931784629822,681.92431640625,154.6970977783203,4.072233200073242,84.62249755859375,319.0078125,34.93783950805664,280.085693359375,34.93783950805664,11.927650451660156,37.14387893676758,695.7869262695312,21.728229522705078,-10.382109642028809,32.1103401184082,11.574760437011719,-0.5978931784629822,2375.0,2375.0,2375.0,0.49723151326179504,212.0,0.9679943919181824,655.3499755859375,108.5895004272461,5.412337779998779,1.0,1987.375,0.9251887202262878,655.3499755859375,1.0,0.0,63.0,36.34489059448242,146.156005859375
49.858890533447266,6.062273025512695,14.186200141906738,-1.4371700286865234,684.1085205078125,157.10679626464844,3.897104024887085,85.05599212646484,324.1394958496094,35.78982925415039,277.1238098144531,35.78982925415039,11.119370460510254,35.737918853759766,686.0009155273438,20.601560592651367,-10.51220989227295,31.11376953125,10.49297046661377,-1.4371700286865234,2532.0,2532.0,2532.0,0.5360537767410278,216.0,0.9610037803649902,655.3499755859375,231.36570739746094,5.4636030197143555,1.0,414.0862121582031,0.9128655195236206,655.3499755859375,1.0,0.0,43.0,28.189809799194336,150.875
75.67398071289062,5.323026180267334,13.392160415649414,-2.115185022354126,693.5642700195312,158.3258056640625,4.237207889556885,83.9395523071289,327.289794921875,38.393009185791016,276.9374084472656,38.393009185791016,10.59121036529541,34.9499397277832,677.8997192382812,19.694570541381836,-10.608489990234375,30.30306053161621,9.612648010253906,-2.115185022354126,2773.0,2773.0,2773.0,0.511885404586792,209.0,0.9299954175949097,655.3499755859375,403.1705017089844,5.168788909912109,0.9609730839729309,1106.467041015625,0.8903750777244568,655.3499755859375,1.0,0.0,43.0,27.74087905883789,158.02890014648438
253.20989990234375,4.405561923980713,12.449740409851074,-2.963352918624878,727.6334838867188,162.843505859375,4.898745059967041,82.36253356933594,339.614990234375,40.74583053588867,287.6122131347656,40.74583053588867,11.19614028930664,36.4333381652832,674.9752807617188,18.74427032470703,-11.986510276794434,30.730770111083984,8.63334846496582,-2.963352918624878,3160.0,3160.0,3160.0,0.5181372165679932,201.0,0.9217398166656494,655.3499755859375,341.7934875488281,4.76847505569458,1.312688946723938,3759.56494140625,0.9009913802146912,655.3499755859375,1.0,0.0,47.0,26.396860122680664,168.5760040283203
259.1778869628906,5.884614944458008,14.032699584960938,-1.658121943473816,701.7822265625,158.06460571289062,4.495635032653809,83.56997680664062,328.5863037109375,37.58108139038086,282.0810852050781,37.58108139038086,11.712289810180664,36.82394027709961,693.3939819335938,20.41114044189453,-11.394909858703613,31.806039810180664,10.389599800109863,-1.658121943473816,2467.0,2467.0,2467.0,0.5307198762893677,212.0,0.9626060128211975,655.3499755859375,28.39097023010254,5.449759006500244,1.0,2431.39111328125,0.9107273817062378,655.3499755859375,1.0,0.0,50.0,32.684749603271484,148.95849609375
318.7786865234375,5.241394996643066,13.312379837036133,-2.162199020385742,716.8142700195312,160.24789428710938,4.857504844665527,82.51718139648438,334.4386901855469,39.68267059326172,285.67340087890625,39.68267059326172,11.616860389709473,36.9169807434082,682.852783203125,19.733549118041992,-11.725179672241211,31.458730697631836,9.586041450500488,-2.162199020385742,2740.0,2740.0,2740.0,0.4576666057109833,205.0,0.9104598760604858,655.3499755859375,343.0380859375,5.103658199310303,1.0,2651.052978515625,0.9085481762886047,655.3499755859375,1.0,0.0,59.0,36.983070373535156,157.08749389648438
168.21249389648438,6.6096110343933105,14.81194019317627,-1.0178780555725098,675.3834838867188,153.6800994873047,3.9900660514831543,84.15809631347656,316.7005920410156,35.821189880371094,273.80511474609375,35.821189880371094,11.122429847717285,35.44435119628906,696.9943237304688,21.27543067932129,-10.103569984436035,31.379009246826172,11.166769981384277,-1.0178780555725098,2393.0,2393.0,2393.0,0.6778963208198547,218.0,0.9255210161209106,655.3499755859375,85.9138412475586,5.631127834320068,2.0,630.9349975585938,0.9118055105209351,655.3499755859375,1.0,0.0,35.0,22.33592987060547,146.7510986328125
239.72430419921875,7.948647975921631,16.268220901489258,0.22550280392169952,654.8024291992188,147.98849487304688,3.548902988433838,85.39981079101562,304.24951171875,31.550579071044922,273.2781982421875,31.550579071044922,12.374329566955566,37.2601203918457,715.306884765625,23.10569953918457,-10.103099822998047,33.20880126953125,12.710530281066895,0.22550280392169952,2228.0,2228.0,2228.0,0.6443647146224976,220.0,0.9583969116210938,655.3499755859375,221.60899353027344,5.74600076675415,1.0,676.4755249023438,0.9309713840484619,655.3499755859375,1.0,0.03476421907544136,60.0,34.83863830566406,141.58639526367188
71.03618621826172,6.721114158630371,14.921850204467773,-0.8893973231315613,675.0255126953125,153.07080078125,4.065475940704346,84.04812622070312,316.1820068359375,35.8784294128418,273.37249755859375,35.8784294128418,11.379619598388672,35.90155029296875,698.0645751953125,21.441129684448242,-10.253410339355469,31.69454002380371,11.312080383300781,-0.8893973231315613,2415.0,2415.0,2415.0,0.6480076909065247,218.0,0.9290826916694641,655.3499755859375,85.9138412475586,5.560490131378174,0.6873108148574829,828.8682250976562,0.9311606884002686,655.3499755859375,1.0,0.0,50.0,28.74445915222168,147.4373016357422
209.6510009765625,7.876121997833252,16.1229305267334,0.2676686942577362,659.30419921875,148.16029357910156,3.708148956298828,84.31273651123047,306.0361022949219,33.414398193359375,270.677490234375,33.414398193359375,12.712039947509766,38.086151123046875,708.0015258789062,23.170989990234375,-10.207759857177734,33.37874984741211,12.525819778442383,0.2676686942577362,2416.0,2416.0,2416.0,0.6408547163009644,221.0,0.9460644721984863,655.3499755859375,634.7501831054688,5.787621021270752,2.0,1089.0799560546875,0.9212483763694763,655.3499755859375,1.0,0.0,40.0,25.005229949951172,147.4571990966797
146.2301025390625,3.4770960807800293,11.427769660949707,-3.7244760990142822,712.168701171875,166.51739501953125,4.199999809265137,85.67228698730469,341.029296875,38.47248077392578,286.06719970703125,38.47248077392578,10.015469551086426,34.405670166015625,658.525390625,17.516159057617188,-11.591919898986816,29.10807991027832,7.468632221221924,-3.7244760990142822,3085.0,3085.0,3085.0,0.39913079142570496,191.0,0.9003462195396423,655.3499755859375,257.7185974121094,4.208141803741455,0.1135639026761055,1968.2049560546875,0.876375675201416,655.3499755859375,1.0,0.0,39.0,24.909889221191406,166.48989868164062
162.23480224609375,3.8184499740600586,11.757499694824219,-3.3965249061584473,717.6862182617188,166.639892578125,4.613790988922119,84.40978240966797,341.2041015625,39.96413040161133,286.4285888671875,39.96413040161133,10.373330116271973,35.07429122924805,662.7901000976562,17.95532989501953,-11.617259979248047,29.572589874267578,7.9274702072143555,-3.3965249061584473,3205.0,3205.0,3205.0,0.36629658937454224,186.0,0.8836249113082886,655.3499755859375,820.5825805664062,4.005654811859131,0.6563447117805481,2767.095947265625,0.8778821229934692,655.3499755859375,1.0,0.0,47.0,31.04022979736328,169.70069885253906
56.75640106201172,2.8012170791625977,10.687219619750977,-4.299785137176514,712.1339721679688,168.64840698242188,4.084950923919678,86.32717895507812,342.33538818359375,38.284950256347656,287.7620849609375,38.284950256347656,9.796478271484375,34.0830192565918,654.8283081054688,16.572729110717773,-12.169899940490723,28.742630004882812,6.7248759269714355,-4.299785137176514,3280.0,3280.0,3280.0,0.4612079858779907,207.0,0.9101871252059937,655.3499755859375,696.6533813476562,5.045324802398682,1.0,268.6341857910156,0.9135941863059998,655.3499755859375,2.0,0.0,45.0,28.245290756225586,171.84579467773438
159.42539978027344,4.435891151428223,12.608220100402832,-3.0446619987487793,700.1705932617188,165.93870544433594,3.8910460472106934,85.70263671875,335.8133850097656,39.31071853637695,281.8135986328125,39.31071853637695,9.500060081481934,32.29404067993164,681.8997192382812,18.179040908813477,-11.23762035369873,29.41666030883789,8.68651008605957,-3.0446619987487793,2853.0,2853.0,2853.0,0.5405184030532837,208.0,0.9339069128036499,655.3499755859375,408.4248962402344,4.994540214538574,0.5818076133728027,3746.448974609375,0.8919147253036499,655.3499755859375,1.0,0.0,22.0,14.576129913330078,160.2003936767578
128.05020141601562,3.192250967025757,11.109160423278809,-3.9691410064697266,714.2177734375,166.3135986328125,4.199999809265137,84.98121643066406,340.375,38.703041076660156,285.5618896484375,38.703041076660156,9.948325157165527,34.2298698425293,656.8568115234375,17.127639770507812,-11.9341402053833,29.06178092956543,7.171289920806885,-3.9691410064697266,3053.0,3053.0,3053.0,0.4229201078414917,191.0,0.9133536219596863,655.3499755859375,221.60899353027344,4.217238903045654,0.14907410740852356,2082.072021484375,0.8885084986686707,655.3499755859375,1.0,0.0,31.0,18.04612922668457,165.77279663085938
223.66940307617188,4.00237512588501,11.967269897460938,-3.2192440032958984,701.8657836914062,166.08099365234375,3.7616610527038574,86.12846374511719,337.8537902832031,37.9616584777832,283.9921875,37.9616584777832,10.129449844360352,34.503170013427734,663.9708862304688,17.833799362182617,-11.523320198059082,29.357120513916016,8.134251594543457,-3.2192440032958984,2900.0,2900.0,2900.0,0.5318906903266907,210.0,0.919610321521759,655.3499755859375,181.5614013671875,5.252144813537598,1.0,586.511474609375,0.8965483903884888,655.3499755859375,2.0,0.0009865384781733155,37.0,21.11060905456543,161.58670043945312
308.1658020019531,10.836750030517578,18.561260223388672,3.9268789291381836,709.4151000976562,151.63999938964844,4.088616847991943,84.66574096679688,314.4718017578125,30.251529693603516,296.2774963378906,30.251529693603516,9.196392059326172,33.99142837524414,618.0023803710938,24.287479400634766,-2.7675669193267822,27.05504035949707,14.86439037322998,3.9268789291381836,1778.0,1778.0,1778.0,0.4819518029689789,211.0,0.9382802844047546,655.3499755859375,676.4755249023438,5.1772871017456055,1.0,3878.532958984375,0.9066405892372131,655.3499755859375,2.0,0.0,57.0,34.55979919433594,126.46530151367188
284.35528564453125,4.774242877960205,12.66018009185791,-2.4034368991851807,690.3319702148438,161.91909790039062,4.0,85.82367706298828,330.8789978027344,38.22359848022461,275.95361328125,38.22359848022461,11.64507007598877,37.44456100463867,665.2061767578125,19.16607093811035,-11.933320045471191,31.09939956665039,9.041302680969238,-2.4034368991851807,2968.0,2968.0,2968.0,0.48627498745918274,211.0,0.9552059173583984,655.3499755859375,314.28948974609375,5.190123081207275,0.9609730839729309,1640.760009765625,0.914283812046051,655.3499755859375,0.0,0.0,43.0,27.36713981628418,163.3657989501953
107.10790252685547,5.351170063018799,13.350379943847656,-1.9606080055236816,679.9547729492188,159.726806640625,3.5,86.13184356689453,325.6982116699219,37.351478576660156,273.460205078125,37.351478576660156,11.60416030883789,36.82086944580078,677.20458984375,19.722700119018555,-11.791680335998535,31.514379501342773,9.777518272399902,-1.9606080055236816,2637.0,2637.0,2637.0,0.5402734875679016,216.0,0.9259483218193054,655.3499755859375,221.60899353027344,5.453629016876221,1.312688946723938,588.814697265625,0.8999003171920776,655.3499755859375,0.0,0.2751595973968506,45.0,26.350250244140625,154.01890563964844
132.91600036621094,4.335485935211182,12.271499633789062,-2.904531955718994,702.3255004882812,161.43609619140625,4.199999809265137,84.14260864257812,332.7430114746094,39.16685104370117,278.8236999511719,39.16685104370117,10.426090240478516,34.974708557128906,665.2343139648438,18.45013999938965,-11.358180046081543,29.808319091796875,8.525176048278809,-2.904531955718994,2839.0,2839.0,2839.0,0.49542269110679626,207.0,0.9368485808372498,655.3499755859375,221.60899353027344,5.000683784484863,0.07805366814136505,2321.678955078125,0.9028512835502625,655.3499755859375,1.0,0.0,53.0,31.70309066772461,159.8195037841797
208.08509826660156,4.232615947723389,12.3201904296875,-3.1675009727478027,699.3958129882812,163.54600524902344,4.101478099822998,85.20160675048828,333.0736999511719,40.06821823120117,279.3996887207031,40.06821823120117,9.882796287536621,33.281829833984375,676.7476806640625,17.9790096282959,-11.704959869384766,29.683969497680664,8.474920272827148,-3.1675009727478027,2964.0,2964.0,2964.0,0.539503812789917,210.0,0.9253795146942139,655.3499755859375,164.08619689941406,5.1629228591918945,1.312688946723938,3522.6708984375,0.8819600939750671,655.3499755859375,1.0,0.0,49.0,31.293949127197266,163.18389892578125
139.0574951171875,3.7517549991607666,11.674750328063965,-3.4345109462738037,705.848876953125,166.6634063720703,3.9074699878692627,85.81037139892578,338.3258056640625,38.381309509277344,285.00830078125,38.381309509277344,10.41588020324707,35.15882110595703,661.8770751953125,17.678220748901367,-11.94575023651123,29.62397003173828,7.905580997467041,-3.4345109462738037,3061.0,3061.0,3061.0,0.5484895706176758,212.0,0.9059637188911438,655.3499755859375,554.4782104492188,5.1795220375061035,1.0,1221.6090087890625,0.8796563148498535,655.3499755859375,2.0,0.0,48.0,32.99966049194336,165.95419311523438
119.09619903564453,6.152675151824951,14.19318962097168,-1.276945948600769,676.3162841796875,153.14520263671875,4.14776086807251,84.04168701171875,317.7078857421875,36.885108947753906,270.1946105957031,36.885108947753906,11.256540298461914,36.04710006713867,682.9844970703125,20.735820770263672,-10.48960018157959,31.225419998168945,10.631329536437988,-1.276945948600769,2531.0,2531.0,2531.0,0.6064532995223999,217.0,0.9410945773124695,655.3499755859375,240.24330139160156,5.5326337814331055,0.8363847732543945,300.4914855957031,0.9221274256706238,655.3499755859375,1.0,0.23206430673599243,37.0,23.806060791015625,150.86390686035156
172.1865997314453,8.886731147766113,16.817150115966797,1.7724119424819946,653.1472778320312,145.42730712890625,3.7474279403686523,83.8534927368164,300.6953125,33.52449035644531,269.0443115234375,33.52449035644531,12.437270164489746,39.22854995727539,667.5460815429688,24.289989471435547,-7.412103176116943,31.70210075378418,13.182660102844238,1.7724119424819946,2318.0,2318.0,2318.0,0.661784827709198,220.0,0.9454190731048584,655.3499755859375,221.60899353027344,5.6495280265808105,1.9219460487365723,1460.5059814453125,0.9326288104057312,655.3499755859375,1.0,0.0,25.0,15.591170310974121,144.4199981689453
37.507469177246094,3.079468011856079,10.947409629821777,-4.030099868774414,713.3590087890625,167.68150329589844,4.0,85.53939819335938,340.0768127441406,38.937339782714844,287.2578125,38.937339782714844,10.690509796142578,35.856468200683594,657.28857421875,17.10395050048828,-12.70971965789795,29.813669204711914,7.169416904449463,-4.030099868774414,3182.0,3182.0,3182.0,0.41456669569015503,203.0,0.8837817907333374,655.3499755859375,18.634260177612305,4.821270942687988,0.41819238662719727,2471.60888671875,0.876162588596344,655.3499755859375,2.0,0.0,43.0,29.084169387817383,169.3708038330078
177.92709350585938,4.224225997924805,12.144960403442383,-3.0046019554138184,702.2778930664062,161.26010131835938,4.199999809265137,84.17321014404297,332.88299560546875,39.20000076293945,278.2865905761719,39.20000076293945,10.40287971496582,35.0401496887207,663.718505859375,18.286449432373047,-11.399620056152344,29.686059951782227,8.386547088623047,-3.0046019554138184,2853.0,2853.0,2853.0,0.5022032856941223,207.0,0.9341318011283875,655.3499755859375,108.5895004272461,5.114573955535889,0.8363847732543945,2471.60888671875,0.894352376461029,655.3499755859375,1.0,0.0,52.0,30.4448299407959,160.27870178222656
42.17665100097656,6.41071891784668,14.398679733276367,-0.8418701887130737,687.4965209960938,153.94500732421875,4.382915019989014,82.85917663574219,321.29339599609375,38.14622116088867,272.37799072265625,38.14622116088867,12.64723014831543,39.036800384521484,677.1256713867188,21.58548927307129,-10.812410354614258,32.39788818359375,10.739930152893066,-0.8418701887130737,2604.0,2604.0,2604.0,0.5836532711982727,216.0,0.9152485728263855,655.3499755859375,281.5452880859375,5.555932998657227,1.0,2587.285888671875,0.9201493859291077,655.3499755859375,1.0,0.0,24.0,13.7506103515625,153.1699981689453
102.010498046875,3.6292879581451416,11.540180206298828,-3.539716958999634,708.168212890625,163.40939331054688,4.199999809265137,84.41710662841797,336.2052001953125,39.069339752197266,281.4071960449219,39.069339752197266,10.234410285949707,34.83222961425781,658.7664794921875,17.613170623779297,-11.767789840698242,29.38096046447754,7.6897430419921875,-3.539716958999634,3071.0,3071.0,3071.0,0.4534364938735962,200.0,0.9361516237258911,655.3499755859375,108.5895004272461,4.606011867523193,1.3907430171966553,2975.218994140625,0.9097201228141785,655.3499755859375,1.0,0.0,36.0,25.74017906188965,166.24729919433594
296.1484069824219,3.434777021408081,11.290369987487793,-3.6864569187164307,707.4567260742188,165.93020629882812,4.0,85.42925262451172,336.684814453125,38.93368148803711,283.5445861816406,38.93368148803711,11.023639678955078,36.43770980834961,658.4406127929688,17.64999008178711,-12.603099822998047,30.253089904785156,7.577640056610107,-3.6864569187164307,3066.0,3066.0,3066.0,0.3393402099609375,193.0,0.9101399183273315,655.3499755859375,338.63909912109375,4.460721969604492,1.0,3742.25,0.869016170501709,655.3499755859375,2.0,0.0,59.0,33.06536102294922,166.23069763183594
194.12939453125,1.0163639783859253,9.563518524169922,-6.776525020599365,713.1212768554688,173.77699279785156,4.0590667724609375,87.21798706054688,343.19769287109375,39.266971588134766,292.7933044433594,39.266971588134766,8.672024726867676,30.2362003326416,694.5238037109375,14.935850143432617,-13.744500160217285,28.680360794067383,4.828857898712158,-6.776525020599365,3510.0,3510.0,3510.0,0.3602432906627655,146.0,0.8156065940856934,655.3499755859375,854.0759887695312,2.6128950119018555,2.0,1434.14599609375,0.799702525138855,603.9478759765625,1.0,0.0,54.0,32.211631774902344,177.8000030517578
134.8258056640625,4.584825038909912,12.480810165405273,-2.607783079147339,689.513916015625,160.97439575195312,3.9726810455322266,85.42843627929688,329.16119384765625,38.544151306152344,274.7579040527344,38.544151306152344,11.371689796447754,36.740631103515625,665.0535888671875,18.92197036743164,-12.028229713439941,30.950199127197266,8.82662582397461,-2.607783079147339,2992.0,2992.0,2992.0,0.5507230162620544,211.0,0.9324290752410889,655.3499755859375,805.873779296875,5.152409076690674,2.0,2792.9990234375,0.9040681719779968,655.3499755859375,1.0,0.0,40.0,23.891109466552734,164.17349243164062
145.98260498046875,5.429618835449219,13.441169738769531,-1.8746980428695679,675.0947265625,157.80819702148438,3.5867691040039062,85.94644927978516,322.61968994140625,36.759578704833984,271.36248779296875,36.759578704833984,11.401510238647461,36.432559967041016,677.7423706054688,19.773210525512695,-11.516519546508789,31.289730072021484,9.880019187927246,-1.8746980428695679,2636.0,2636.0,2636.0,0.5641717910766602,212.0,0.9229372143745422,655.3499755859375,85.9138412475586,5.417654991149902,0.8363847732543945,2903.364990234375,0.8944584131240845,655.3499755859375,1.0,0.0,77.0,42.19696044921875,153.9873046875
197.07240295410156,9.323573112487793,17.21845054626465,2.1934239864349365,736.4644775390625,157.42559814453125,4.87485408782959,83.33576202392578,331.8763122558594,33.90904998779297,299.3393859863281,33.90904998779297,9.546866416931152,33.8668098449707,638.80126953125,23.252450942993164,-4.93621301651001,28.18865966796875,13.503239631652832,2.1934239864349365,1992.0,1992.0,1992.0,0.5135281085968018,212.0,0.9209362268447876,655.3499755859375,1230.737060546875,5.173483848571777,0.8864361047744751,2883.928955078125,0.9231312274932861,655.3499755859375,2.0,0.0,49.0,30.200550079345703,133.9257049560547
260.2611999511719,5.897013187408447,13.904250144958496,-1.4661179780960083,691.6251220703125,155.44540405273438,4.257837772369385,82.66558837890625,323.3205871582031,39.04703140258789,274.2052917480469,39.04703140258789,11.638150215148926,36.99869918823242,679.0172119140625,20.665590286254883,-10.78888988494873,31.454469680786133,10.33335018157959,-1.4661179780960083,2837.0,2837.0,2837.0,0.5460953116416931,212.0,0.9163098931312561,655.3499755859375,471.6090087890625,5.411064147949219,2.0,1851.633056640625,0.893444299697876,655.3499755859375,1.0,0.0,47.0,29.59111976623535,159.78199768066406
90.71449279785156,3.6630239486694336,11.54994010925293,-3.4977099895477295,701.1268920898438,164.04629516601562,4.0,85.26432800292969,334.0954895019531,39.0819206237793,279.6889953613281,39.0819206237793,11.00702953338623,36.3149299621582,659.9044799804688,17.92017936706543,-12.3895902633667,30.309770584106445,7.794003009796143,-3.4977099895477295,3102.0,3102.0,3102.0,0.49150609970092773,209.0,0.9064726829528809,655.3499755859375,814.3615112304688,5.244140148162842,0.34365540742874146,4064.77587890625,0.8927131295204163,655.3499755859375,2.0,0.0,52.0,28.749540328979492,167.1468963623047
298.6069030761719,4.376867771148682,12.270549774169922,-2.8242859840393066,688.5938110351562,160.3406982421875,3.905273914337158,85.16293334960938,328.08770751953125,38.1827392578125,273.872314453125,38.1827392578125,11.24685001373291,36.46498107910156,664.4647827148438,18.686429977416992,-12.15625,30.842679977416992,8.628644943237305,-2.8242859840393066,3068.0,3068.0,3068.0,0.3967480957508087,201.0,0.9440258145332336,655.3499755859375,181.5614013671875,4.800000190734863,0.03902683034539223,3253.826904296875,0.9002466201782227,655.3499755859375,1.0,0.0,48.0,31.342859268188477,166.0717010498047
281.0281982421875,5.868013858795166,13.834360122680664,-1.4707750082015991,695.1666259765625,157.59860229492188,4.458220958709717,82.89759826660156,326.7567138671875,38.920040130615234,276.27630615234375,38.920040130615234,11.857430458068848,37.379150390625,676.4022827148438,20.749860763549805,-10.969599723815918,31.719459533691406,10.25730037689209,-1.4707750082015991,2700.0,2700.0,2700.0,0.4952912926673889,210.0,0.9183332920074463,655.3499755859375,696.6533813476562,5.225722789764404,2.0,2927.866943359375,0.8917744755744934,655.3499755859375,1.0,0.0,52.0,33.18056106567383,155.89950561523438
115.66259765625,4.868236064910889,12.801630020141602,-2.415915012359619,699.632080078125,161.08059692382812,4.230391979217529,84.20791625976562,331.5994873046875,39.08396911621094,279.1246032714844,39.08396911621094,10.783539772033691,35.70882034301758,668.6583862304688,19.131650924682617,-11.066360473632812,30.198009490966797,9.156540870666504,-2.415915012359619,2818.0,2818.0,2818.0,0.5489072799682617,210.0,0.9368212223052979,655.3499755859375,345.93560791015625,5.166603088378906,2.0,2354.9140625,0.901993989944458,655.3499755859375,1.0,0.0,43.0,29.075239181518555,159.206298828125
226.74049377441406,5.5342631340026855,13.49032974243164,-1.7393699884414673,671.2880859375,157.25100708007812,3.534658908843994,85.99063873291016,320.86248779296875,36.14152908325195,270.5364990234375,36.14152908325195,11.6110200881958,36.87535858154297,675.084228515625,20.039199829101562,-11.447099685668945,31.486299514770508,9.94672679901123,-1.7393699884414673,2960.0,2960.0,2960.0,0.5008928179740906,205.0,0.9257171154022217,655.3499755859375,322.0080871582031,4.909745216369629,0.6873108148574829,3370.049072265625,0.8909686803817749,655.3499755859375,1.0,0.0,51.0,31.02387046813965,163.17779541015625
208.49510192871094,5.597931861877441,13.612839698791504,-1.8025189638137817,687.2493286132812,155.99679565429688,4.300000190734863,83.68608856201172,324.0382995605469,38.08866882324219,272.9399108886719,38.08866882324219,11.045350074768066,36.00419998168945,678.0316162109375,20.010900497436523,-10.665960311889648,30.676860809326172,10.015689849853516,-1.8025189638137817,2762.0,2762.0,2762.0,0.5665779113769531,213.0,0.9254003167152405,655.3499755859375,254.04139709472656,5.280344009399414,0.07805366814136505,1835.9139404296875,0.8945127725601196,655.3499755859375,1.0,0.0,49.0,31.544189453125,157.6446990966797
201.57159423828125,4.985079765319824,12.962129592895508,-2.299124002456665,682.1461791992188,159.93809509277344,3.9000000953674316,85.95332336425781,326.443115234375,38.191001892089844,273.4242858886719,38.191001892089844,11.044139862060547,35.8592414855957,674.2880249023438,19.207889556884766,-11.588470458984375,30.796369552612305,9.345703125,-2.299124002456665,2780.0,2780.0,2780.0,0.5458168983459473,213.0,0.9486780166625977,655.3499755859375,173.8428955078125,5.323515892028809,0.14907410740852356,2776.701904296875,0.9109134078025818,655.3499755859375,1.0,0.0,69.0,38.96894836425781,158.3217010498047
116.92749786376953,4.071846961975098,11.979080200195312,-3.114922046661377,705.924072265625,163.9600067138672,4.264358997344971,84.80290222167969,335.8525085449219,38.70494079589844,282.08709716796875,38.70494079589844,10.617380142211914,35.57415008544922,662.6046752929688,18.25851058959961,-11.586830139160156,29.84535026550293,8.24351978302002,-3.114922046661377,3124.0,3124.0,3124.0,0.4613350033760071,201.0,0.9220985770225525,655.3499755859375,628.5291748046875,4.739360809326172,0.4537025988101959,3225.222900390625,0.8996819853782654,655.3499755859375,1.0,0.0,27.0,15.776049613952637,167.59609985351562
287.4610900878906,3.6127870082855225,11.50430965423584,-3.5477800369262695,700.0070190429688,164.21859741210938,3.9674389362335205,85.3366470336914,333.7980041503906,39.15800857543945,279.3091125488281,39.15800857543945,10.890509605407715,36.01655960083008,660.1326904296875,17.83831024169922,-12.399419784545898,30.237730026245117,7.747075080871582,-3.5477800369262695,3101.0,3101.0,3101.0,0.47586119174957275,207.0,0.9276387095451355,655.3499755859375,337.32269287109375,4.979947090148926,0.9254630208015442,3729.257080078125,0.892194390296936,655.3499755859375,2.0,0.0,48.0,28.03179931640625,166.96910095214844
92.00731658935547,4.852572917938232,12.791850090026855,-2.409214973449707,679.7313842773438,158.44569396972656,3.734484910964966,85.58303833007812,324.4827880859375,36.86397933959961,272.31658935546875,36.86397933959961,11.317859649658203,36.501129150390625,671.06591796875,19.23210906982422,-11.772870063781738,31.004980087280273,9.168611526489258,-2.409214973449707,2773.0,2773.0,2773.0,0.5914124846458435,220.0,0.9343541264533997,655.3499755859375,221.60899353027344,5.7480010986328125,0.5818076133728027,2842.760009765625,0.9028624892234802,655.3499755859375,2.0,0.0,33.0,24.256790161132812,157.9217071533203
211.59060668945312,5.200857162475586,13.131609916687012,-2.082386016845703,673.6793823242188,157.11500549316406,3.5999999046325684,86.05001831054688,322.7213134765625,35.897499084472656,270.335205078125,35.897499084472656,11.628259658813477,37.08769989013672,674.9824829101562,19.634660720825195,-11.718000411987305,31.352659225463867,9.6013765335083,-2.082386016845703,2834.0,2834.0,2834.0,0.5072048902511597,210.0,0.9520000219345093,655.3499755859375,1082.1689453125,5.308596134185791,0.07805366814136505,1458.7349853515625,0.9076089262962341,655.3499755859375,0.0,0.0,42.0,30.537919998168945,159.7928924560547
233.03909301757812,6.124828815460205,14.021610260009766,-1.00906503200531,692.2293701171875,153.00990295410156,4.738654136657715,82.34752655029297,322.32220458984375,38.57004165649414,273.22088623046875,38.57004165649414,12.627289772033691,39.7081413269043,663.865478515625,21.204099655151367,-10.593879699707031,31.7979793548584,10.367250442504883,-1.00906503200531,2468.0,2468.0,2468.0,0.6154673099517822,216.0,0.90522301197052,655.3499755859375,9.756709098815918,5.647747993469238,1.312688946723938,3089.123046875,0.900346577167511,655.3499755859375,0.0,0.0,68.0,41.15932083129883,149.14759826660156
236.83619689941406,4.474461078643799,12.375969886779785,-2.707858085632324,685.5972900390625,160.15350341796875,3.812427043914795,85.36177062988281,327.1994934082031,38.261051177978516,273.4866027832031,38.261051177978516,11.256199836730957,36.55915069580078,665.9290771484375,18.79785919189453,-11.990169525146484,30.78803062438965,8.748632431030273,-2.707858085632324,3081.0,3081.0,3081.0,0.45419588685035706,204.0,0.9477977156639099,655.3499755859375,419.1951904296875,4.886378765106201,0.03902683034539223,3329.68994140625,0.893165111541748,655.3499755859375,1.0,0.0,34.0,24.079879760742188,166.67709350585938
94.35298156738281,3.5222160816192627,11.420450210571289,-3.64902400970459,700.2105712890625,164.07730102539062,3.9000000953674316,85.31884765625,333.669189453125,39.05611038208008,279.3772888183594,39.05611038208008,10.869179725646973,35.97917938232422,660.9426879882812,17.752330780029297,-12.457209587097168,30.20953941345215,7.655904769897461,-3.64902400970459,3148.0,3148.0,3148.0,0.4217621088027954,199.0,0.8772730827331543,655.3499755859375,588.814697265625,4.6443281173706055,1.0,3639.485107421875,0.8688402771949768,655.3499755859375,2.0,0.0,49.0,30.917490005493164,168.33360290527344
53.37638854980469,4.552616119384766,12.58506965637207,-2.812345027923584,683.3748168945312,160.6992950439453,3.784600019454956,86.15434265136719,327.1839904785156,38.41539001464844,273.764404296875,38.41539001464844,10.409099578857422,34.50400161743164,675.1544189453125,18.41221046447754,-11.750439643859863,30.162649154663086,8.86049747467041,-2.812345027923584,2890.0,2890.0,2890.0,0.5437678098678589,214.0,0.9422636032104492,655.3499755859375,469.05230712890625,5.407779216766357,0.3046286106109619,1416.593994140625,0.9038047790527344,655.3499755859375,1.0,0.0,61.0,34.470970153808594,161.13819885253906
305.2359924316406,4.229086875915527,12.146140098571777,-2.9985098838806152,716.9752807617188,164.26809692382812,4.757780075073242,83.62793731689453,338.76220703125,39.62506103515625,284.9917907714844,39.62506103515625,10.994029998779297,36.32775115966797,663.9868774414062,18.609710693359375,-11.652790069580078,30.262500762939453,8.422574996948242,-2.9985098838806152,2856.0,2856.0,2856.0,0.31934431195259094,173.0,0.8696848154067993,655.3499755859375,479.9679870605469,3.5679469108581543,1.0,3953.589111328125,0.8854551911354065,655.3499755859375,2.0,0.0,41.0,24.52145004272461,160.40359497070312
78.78418731689453,4.556901931762695,12.499839782714844,-2.7151401042938232,710.4274291992188,162.71400451660156,4.530296802520752,83.81178283691406,335.5011901855469,39.144508361816406,283.13739013671875,39.144508361816406,11.035209655761719,36.3072509765625,667.7437744140625,18.94338035583496,-11.446969985961914,30.39035987854004,8.813496589660645,-2.7151401042938232,2741.0,2741.0,2741.0,0.3389664888381958,188.0,0.891918420791626,655.3499755859375,414.0862121582031,4.2448039054870605,1.0,3731.153076171875,0.8917492032051086,655.3499755859375,2.0,0.0,48.0,29.979000091552734,157.07310485839844
198.11790466308594,4.544633865356445,12.455949783325195,-2.638711929321289,681.4312133789062,159.36590576171875,3.808306932449341,85.58683013916016,325.5111083984375,37.954280853271484,271.9906921386719,37.954280853271484,11.293970108032227,36.63957977294922,666.7813720703125,18.917280197143555,-11.906760215759277,30.824050903320312,8.825699806213379,-2.638711929321289,2960.0,2960.0,2960.0,0.48688408732414246,208.0,0.9336994886398315,655.3499755859375,335.9137878417969,5.199304103851318,1.0,2785.797119140625,0.8975374102592468,655.3499755859375,1.0,0.0,60.0,38.56740188598633,163.34860229492188
222.81820678710938,4.63771390914917,12.58113956451416,-2.6464779376983643,703.6239013671875,160.80979919433594,4.461931228637695,83.96672821044922,332.9012145996094,38.86235046386719,279.50640869140625,38.86235046386719,10.95326042175293,36.13304901123047,668.0994873046875,19.000070571899414,-11.313019752502441,30.313100814819336,8.921340942382812,-2.6464779376983643,2970.0,2970.0,2970.0,0.3995772898197174,191.0,0.9014993906021118,655.3499755859375,839.78662109375,4.435488224029541,1.0,3658.907958984375,0.8914232850074768,655.3499755859375,2.0,0.0,27.0,17.762540817260742,163.3614959716797
67.31324005126953,3.831516981124878,11.986040115356445,-3.656280994415283,684.5358276367188,161.76910400390625,3.799999952316284,86.40914916992188,328.45599365234375,38.10784912109375,275.014892578125,38.10784912109375,9.544922828674316,32.56755065917969,679.4868774414062,17.433330535888672,-11.87306022644043,29.3063907623291,8.05559253692627,-3.656280994415283,2852.0,2852.0,2852.0,0.49975350499153137,215.0,0.9323778748512268,655.3499755859375,28.39097023010254,5.582009792327881,0.03902683034539223,1167.1319580078125,0.8952633738517761,655.3499755859375,1.0,0.0,36.0,22.65155029296875,160.27850341796875
151.39320373535156,5.286261081695557,13.270219802856445,-2.0468809604644775,695.8687744140625,159.48379516601562,4.162899017333984,84.44107818603516,328.9130859375,37.50627136230469,279.1068115234375,37.50627136230469,11.285730361938477,36.58980941772461,674.5283203125,19.784019470214844,-11.05675983428955,30.84078025817871,9.660104751586914,-2.0468809604644775,2534.0,2534.0,2534.0,0.44624680280685425,199.0,0.9100524187088013,655.3499755859375,0.0,4.769453048706055,1.0,3447.447998046875,0.8804365992546082,655.3499755859375,2.0,0.0,33.0,22.812030792236328,150.9990997314453
272.3949890136719,4.952555179595947,12.86886978149414,-2.2702879905700684,673.4605712890625,156.87660217285156,3.8359100818634033,85.74707794189453,322.32769775390625,37.77156066894531,268.764892578125,37.77156066894531,11.38267993927002,36.73442840576172,669.17626953125,19.364749908447266,-11.62168025970459,30.98642921447754,9.295310020446777,-2.2702879905700684,3006.0,3006.0,3006.0,0.47652339935302734,202.0,0.9593092799186707,655.3499755859375,528.3909912109375,4.811697006225586,0.34365540742874146,1229.0419921875,0.9195690155029297,655.3499755859375,1.0,0.0,43.0,27.60750961303711,164.30979919433594
294.2677917480469,5.140704154968262,13.112500190734863,-2.1824069023132324,692.415283203125,158.18409729003906,4.235926151275635,84.2909927368164,327.8894958496094,37.20050048828125,276.3299865722656,37.20050048828125,10.944299697875977,35.91712188720703,672.3165893554688,19.552989959716797,-10.91703987121582,30.470029830932617,9.486420631408691,-2.1824069023132324,2550.0,2550.0,2550.0,0.4507710933685303,205.0,0.9071643948554993,655.3499755859375,181.5614013671875,5.115890979766846,1.0,3957.826904296875,0.9092057943344116,655.3499755859375,2.0,0.0,53.0,31.144010543823242,151.44290161132812
34.307701110839844,4.2826972007751465,12.148050308227539,-2.87624192237854,692.1607055664062,160.8083953857422,4.049943923950195,85.61827850341797,330.4692077636719,37.337181091308594,277.2491149902344,37.337181091308594,10.872859954833984,36.15983963012695,661.7739868164062,18.514789581298828,-11.552940368652344,30.067729949951172,8.468393325805664,-2.87624192237854,2868.0,2868.0,2868.0,0.4090501070022583,195.0,0.9082736968994141,655.3499755859375,28.39097023010254,4.558071136474609,1.0,5076.7978515625,0.9062173962593079,655.3499755859375,2.0,0.0,38.0,26.35321044921875,160.6916961669922
274.5245056152344,5.649258136749268,13.705650329589844,-1.7460529804229736,661.4791870117188,155.3527069091797,3.5,86.5514907836914,317.5050964355469,35.912818908691406,267.2572937011719,35.912818908691406,11.157670021057129,35.875118255615234,682.3900146484375,19.95185089111328,-11.150139808654785,31.10198974609375,10.120380401611328,-1.7460529804229736,2798.0,2798.0,2798.0,0.5095325708389282,205.0,0.9493780136108398,655.3499755859375,586.511474609375,4.917953014373779,1.772871971130371,328.88238525390625,0.9050093293190002,655.3499755859375,1.0,0.0,31.0,23.252859115600586,158.68670654296875
345.7746887207031,3.7940280437469482,11.926480293273926,-3.68886399269104,684.5784301757812,162.2969970703125,3.7142879962921143,86.60311126708984,328.81439208984375,37.82143020629883,275.5447998046875,37.82143020629883,9.505623817443848,32.48480987548828,678.0966186523438,17.380329132080078,-11.878569602966309,29.258899688720703,7.991718769073486,-3.68886399269104,2973.0,2973.0,2973.0,0.4554590880870819,205.0,0.9217228293418884,655.3499755859375,770.0529174804688,4.934038162231445,1.1636149883270264,986.4714965820312,0.888740599155426,655.3499755859375,1.0,0.0,39.0,23.261690139770508,163.68850708007812
169.9152069091797,5.3831868171691895,13.375539779663086,-1.951380968093872,682.4534301757812,156.1269073486328,4.099736213684082,84.81958770751953,323.27191162109375,36.86806869506836,272.23541259765625,36.86806869506836,11.058819770812988,36.20161819458008,675.377685546875,19.780319213867188,-10.766889572143555,30.547210693359375,9.75773811340332,-1.951380968093872,2641.0,2641.0,2641.0,0.5173724293708801,205.0,0.9041370749473572,655.3499755859375,345.93560791015625,4.968649864196777,1.0,3677.679931640625,0.8924440145492554,655.3499755859375,2.0,0.0,48.0,34.06547927856445,154.2397003173828
86.92888641357422,4.112754821777344,12.022890090942383,-3.0519890785217285,681.3048706054688,158.32420349121094,3.8955140113830566,85.58894348144531,325.20098876953125,38.07307815551758,270.6138000488281,38.07307815551758,11.19713020324707,36.572669982910156,663.3369750976562,18.431360244750977,-12.184709548950195,30.616069793701172,8.324383735656738,-3.0519890785217285,3105.0,3105.0,3105.0,0.3870876133441925,194.0,0.9309034943580627,655.3499755859375,414.0862121582031,4.455087184906006,1.0,1781.010009765625,0.8933684825897217,655.3499755859375,2.0,0.0,40.0,24.512149810791016,167.18899536132812
243.10389709472656,5.515097141265869,13.560770034790039,-1.8595139980316162,663.5596923828125,155.77490234375,3.507340908050537,86.27533721923828,317.68701171875,36.08618927001953,267.56561279296875,36.08618927001953,11.153360366821289,35.912960052490234,680.6431884765625,19.83292007446289,-11.224949836730957,31.057870864868164,9.949897766113281,-1.8595139980316162,2812.0,2812.0,2812.0,0.5337147116661072,208.0,0.9515231847763062,655.3499755859375,513.6641235351562,5.0818610191345215,1.1636149883270264,76.15714263916016,0.9162706136703491,655.3499755859375,1.0,0.0,43.0,26.032169342041016,159.1450958251953
79.15482330322266,4.57883882522583,12.410719871520996,-2.5668869018554688,680.5114135742188,157.0706024169922,3.7428689002990723,85.79209899902344,324.277587890625,35.679439544677734,271.75640869140625,35.679439544677734,11.07411003112793,36.440670013427734,662.5325927734375,18.887590408325195,-11.500550270080566,30.388139724731445,8.79554271697998,-2.5668869018554688,2802.0,2802.0,2802.0,0.44329580664634705,201.0,0.8965083956718445,655.3499755859375,18.634260177612305,4.866278171539307,1.0,4541.39697265625,0.8839210271835327,655.3499755859375,2.0,0.0,33.0,20.510000228881836,158.8345947265625
200.1501007080078,4.889798164367676,12.819709777832031,-2.335452079772949,673.6580200195312,157.07229614257812,3.629307985305786,85.91294860839844,321.67840576171875,36.443519592285156,269.2777099609375,36.443519592285156,11.439319610595703,36.71287155151367,671.2186279296875,19.397289276123047,-11.761240005493164,31.158540725708008,9.192334175109863,-2.335452079772949,2756.0,2756.0,2756.0,0.4331440031528473,198.0,0.9196323752403259,655.3499755859375,343.0380859375,4.682908058166504,0.6563447117805481,2068.068115234375,0.907408595085144,655.3499755859375,2.0,0.0,48.0,32.9352912902832,157.43600463867188
178.35150146484375,4.4899420738220215,12.411069869995117,-2.745496988296509,690.9674072265625,158.28089904785156,4.199999809265137,84.40589141845703,327.9197998046875,37.98931884765625,273.96630859375,37.98931884765625,10.882490158081055,36.111289978027344,666.938720703125,18.782590866088867,-11.352970123291016,30.13555908203125,8.746062278747559,-2.745496988296509,2827.0,2827.0,2827.0,0.480622798204422,204.0,0.9120764136314392,655.3499755859375,1108.7060546875,4.943142890930176,1.0,4078.294921875,0.8934258818626404,655.3499755859375,2.0,0.0,36.0,21.74237060546875,159.58770751953125
55.621219635009766,5.106369972229004,13.121479988098145,-2.1048150062561035,692.5800170898438,156.5498046875,4.383656978607178,83.75283813476562,326.6416015625,37.780860900878906,274.15179443359375,37.780860900878906,11.93140983581543,37.82368087768555,673.206787109375,19.78240966796875,-11.760970115661621,31.543380737304688,9.37828254699707,-2.1048150062561035,2689.0,2689.0,2689.0,0.5560842752456665,214.0,0.9104375839233398,655.3499755859375,18.634260177612305,5.393980979919434,0.07805366814136505,3497.277099609375,0.8929945826530457,655.3499755859375,0.0,0.0,70.0,42.21290969848633,155.8302001953125
66.75971984863281,4.753774166107178,12.686360359191895,-2.50502610206604,672.8035278320312,157.22509765625,3.6321818828582764,86.0436782836914,322.05718994140625,36.49309158325195,268.8638000488281,36.49309158325195,11.369569778442383,36.68539047241211,670.2979736328125,19.20486068725586,-11.786669731140137,30.991540908813477,9.073878288269043,-2.50502610206604,2767.0,2767.0,2767.0,0.46398431062698364,202.0,0.9438740015029907,655.3499755859375,164.08619689941406,4.8712568283081055,0.3046286106109619,1414.0860595703125,0.8983054161071777,655.3499755859375,2.0,0.0,48.0,29.73838996887207,157.85189819335938
275.9635925292969,5.540003776550293,13.528889656066895,-1.788620948791504,664.39892578125,154.30430603027344,3.511244058609009,85.8314437866211,316.9287109375,35.7646484375,266.08099365234375,35.7646484375,11.663900375366211,36.91886901855469,678.4205932617188,20.187639236450195,-11.405509948730469,31.59316062927246,9.946041107177734,-1.788620948791504,2593.0,2593.0,2593.0,0.4412586987018585,204.0,0.940294086933136,655.3499755859375,257.7185974121094,4.930165767669678,0.6092571020126343,1399.303955078125,0.9135757088661194,655.3499755859375,2.0,0.0,37.0,25.43191909790039,152.80630493164062
79.24073028564453,5.0708231925964355,13.180879592895508,-2.4019041061401367,662.7285766601562,156.83560180664062,3.4000000953674316,87.25330352783203,319.481689453125,35.599998474121094,267.84869384765625,35.599998474121094,10.372030258178711,34.21266174316406,682.5527954101562,19.066049575805664,-11.247940063476562,30.313989639282227,9.46023941040039,-2.4019041061401367,2677.0,2677.0,2677.0,0.5201066732406616,208.0,0.9186310768127441,655.3499755859375,108.5895004272461,5.160983085632324,0.6092571020126343,9.756709098815918,0.914278507232666,655.3499755859375,1.0,0.0,31.0,20.40081024169922,155.1710968017578
70.2431411743164,4.327853202819824,12.270669937133789,-2.8551230430603027,692.8530883789062,158.57449340820312,4.173083782196045,84.2721176147461,328.0365905761719,38.31830978393555,274.5057067871094,38.31830978393555,10.883779525756836,36.095489501953125,665.8214721679688,18.663829803466797,-11.48838996887207,30.152219772338867,8.520944595336914,-2.8551230430603027,2727.0,2727.0,2727.0,0.42823460698127747,203.0,0.9087802171707153,655.3499755859375,164.08619689941406,5.026638984680176,0.9609730839729309,3430.9990234375,0.8884317278862,655.3499755859375,2.0,0.0,54.0,33.64788818359375,156.82249450683594
118.3363037109375,3.674078941345215,11.560020446777344,-3.420380115509033,703.5108032226562,161.985107421875,4.199999809265137,84.45162963867188,333.5602111816406,38.78752899169922,279.5621032714844,38.78752899169922,10.925450325012207,36.32229995727539,659.9318237304688,17.965360641479492,-12.11355972290039,30.078920364379883,7.792160987854004,-3.420380115509033,3008.0,3008.0,3008.0,0.3142254948616028,187.0,0.8851453065872192,655.3499755859375,164.08619689941406,4.139535903930664,1.0,3044.885986328125,0.8775393962860107,655.3499755859375,2.0,0.0,54.0,34.4711799621582,164.51400756835938
115.46920013427734,4.282052040100098,12.273099899291992,-3.0504329204559326,673.4459228515625,160.48609924316406,3.593308925628662,86.91220092773438,324.0745849609375,37.10506057739258,271.1864929199219,37.10506057739258,10.588549613952637,35.05978012084961,670.7421875,18.333850860595703,-11.868049621582031,30.201900482177734,8.520106315612793,-3.0504329204559326,3000.0,3000.0,3000.0,0.42736420035362244,201.0,0.9230157136917114,655.3499755859375,94.79139709472656,4.812143802642822,1.0,1547.2110595703125,0.8809682726860046,655.3499755859375,1.0,0.0,61.0,38.09415817260742,164.48289489746094
246.60360717773438,2.7485549449920654,10.991620063781738,-4.855330944061279,680.56591796875,165.07420349121094,3.376492977142334,87.9336929321289,328.9883117675781,35.81576156616211,278.2748107910156,35.81576156616211,9.034088134765625,31.46950912475586,679.855712890625,16.283720016479492,-12.421299934387207,28.705020904541016,6.776113033294678,-4.855330944061279,3076.0,3076.0,3076.0,0.42142319679260254,200.0,0.9069952964782715,655.3499755859375,300.4914855957031,4.718379974365234,2.0,403.1705017089844,0.8920053839683533,655.3499755859375,1.0,0.0,27.0,17.588909149169922,166.36289978027344
273.1221008300781,4.1132378578186035,12.211099624633789,-3.362502098083496,671.8618774414062,162.33670043945312,3.308953046798706,87.6780776977539,326.04278564453125,35.69723129272461,273.0163879394531,35.69723129272461,9.899593353271484,33.3897590637207,676.9696044921875,17.848119735717773,-11.79675006866455,29.64487075805664,8.338829040527344,-3.362502098083496,2932.0,2932.0,2932.0,0.43025028705596924,199.0,0.887466311454773,655.3499755859375,18.634260177612305,4.745718955993652,1.772871971130371,525.1937866210938,0.8749073147773743,655.3499755859375,1.0,0.0,64.0,35.530941009521484,162.47369384765625
103.40599822998047,4.483086109161377,12.453829765319824,-2.7326200008392334,678.3350219726562,159.35350036621094,3.7209010124206543,85.77031707763672,324.3031005859375,36.78813171386719,270.8304138183594,36.78813171386719,10.9993896484375,35.90919876098633,670.0831298828125,18.78053092956543,-11.847999572753906,30.6285400390625,8.733147621154785,-2.7326200008392334,2932.0,2932.0,2932.0,0.4362736940383911,198.0,0.903873085975647,655.3499755859375,1116.3759765625,4.566238880157471,0.6563447117805481,2004.178955078125,0.8617196083068848,655.3499755859375,2.0,0.0,58.0,37.56803894042969,162.5395965576172
134.5028076171875,3.2470359802246094,11.575770378112793,-4.461236000061035,681.1137084960938,164.3614959716797,3.562446117401123,87.09609985351562,328.27789306640625,37.927818298339844,277.29840087890625,37.927818298339844,8.880123138427734,30.910449981689453,687.2332763671875,16.881059646606445,-11.846969604492188,28.728029251098633,7.315249919891357,-4.461236000061035,2943.0,2943.0,2943.0,0.38305771350860596,187.0,0.8575056791305542,655.3499755859375,28.39097023010254,4.127758979797363,0.22712770104408264,835.913818359375,0.8571460843086243,655.3499755859375,1.0,0.0,32.0,21.48975944519043,162.86480712890625
