Longitude,Latitude
104.57599207762276,32.51030378703529
104.63625259241296,32.61506746917371
104.65725638907745,32.77827933373599
104.61162888469555,32.85863376837265
104.54069234345197,32.7144926861981
104.56894131834596,32.63500062400751
104.52392728753885,32.617172110445125
104.42650336624422,32.8231893931736
104.35402417637815,32.773521062609746
104.35869138139645,32.590464157586915
104.30135979506696,32.68273519561231
104.14825605124639,32.70765634614575
104.10739867139321,32.59414477528792
104.27307323624353,32.553556787841785
104.38389901058189,32.53652678471237
104.51103255115176,32.59376864898786
104.60822921632732,32.4428804473011
104.70571289489968,32.481225778025
104.68179955446658,32.55477430285888
104.80870806990566,32.550018126232246
104.8147715760101,32.50682109775489
104.83533436094103,32.613657024152104
104.695973868599,32.44774364840144
104.5514906377931,32.66901439175509
104.57437953897106,32.58187643851309
104.77531057759747,32.59991131703028
104.66092459407471,32.66180468749934
104.54779110283528,32.57387735071612
104.42173273550151,32.560133399484826
104.39139608974503,32.59230575142563
104.27099842554209,32.560758977029025
104.21680754883307,32.74910261771035
104.29436036155502,32.845285583538256
104.34560648675404,32.978757711072866
104.33901765747417,32.97855209504342
104.45698716264255,32.933624071510536
104.51817877825121,32.75294847851655
104.79181767737404,32.50984858870922
104.86524369512374,32.56487374628257
104.8895503031028,32.694048347595285
104.75955916204252,32.56962648429299
104.79950748703928,32.52574758836904
104.84207137603983,32.60822915456456
104.83672185158517,32.5071747108352
104.76853218965616,32.48084609399011
104.7443090290896,32.65188463073776
104.84273416612307,32.70768217282571
104.84073832858127,32.751725318189976
104.93844783446957,32.693594016383685
104.97444054074404,32.634393888576774
105.08251408805259,32.623795612898554
104.98154471083635,32.61282580381164
104.95979289059402,32.60748110402283
104.91442714301641,32.624937489815025
105.08089921532172,32.618252509659435
105.08922963271648,32.70437216644365
105.1488156125666,32.61494013452472
105.10461638662795,32.65515051310989
105.14179035952606,32.67745201811982
105.27865148236097,32.61847745722478
105.21556635918122,32.63566740967904
105.06925802450405,32.653057043443205
105.16932006806273,32.612338968404
105.2023025179426,32.710046053943515
105.0815664848247,32.576062082557925
105.10922817753716,32.60618752133363
105.06568533015971,32.58841631675945
104.96121247398892,32.64829937564112
104.96237032345533,32.58511520635862
104.94483908877902,32.66774500452805
105.00206885650628,32.56947071143314
104.97654077747116,32.68642293124302
104.92032228951348,32.57894049696756
104.89026630369464,32.56708046681216
104.80840831996667,32.628957442043266
104.7660496239083,32.58657792897661
104.70406661109679,32.528295552937145
104.64780149696851,32.63200145291061
104.62051127072462,32.77227322065035
104.64092363527232,32.690990706319084
104.68830416551575,32.7154821427664
104.69624820857244,32.62093191303917
104.63321516478592,32.48819053141207
104.48461417656097,32.548161545006
104.61841678792241,32.58937846636161
104.5521691597679,32.530201027988255
104.49492118990085,32.494496136967186
104.38423331592087,32.61203155854778
104.26132271947232,32.611164823775326
104.11551257695848,32.55093772261472
104.07698836297595,32.50723054256455
104.1597109766528,32.433839936638925
104.16384511020446,32.40228949752288
104.10787759161524,32.381543961298064
103.85179335190095,32.17115918020868
103.98606859584463,32.20486707575558
104.04291505032724,32.21343488845997
103.95537063076331,32.23505427027432
103.94879447488835,32.22005590127052
103.86719929532997,32.30888469182787
103.89232337172355,32.266700725879254
103.83275681407268,32.35447876985987
103.84078518761903,32.333402300289094
103.93182756993941,32.27166611346844
103.99128295680414,32.323213409350295
103.87353319417305,32.215916333405055
103.93408937310555,31.94874508669429
103.85009500164396,31.84090869401807
103.79021365056347,31.859105087071068
103.71033950336316,31.908337198801203
103.72225271082424,31.892820373324525
103.72635933064727,31.83505836219281
103.83075538309404,31.98345210290246
103.85937489519434,31.908984655355063
104.0089878970976,31.853641374550996
104.01580822269814,31.895099463725508
103.9770486490186,31.988588638033594
104.01103656367299,31.883623050029026
104.01038319675415,31.84695137506678
103.81758677158044,31.973815414437198
103.76627495870359,32.093557044367905
103.74709520915522,32.08768104071344
103.81227220481749,31.944985771114958
103.67808109026483,31.973498287938188
103.67333948800885,31.941594064669296
103.72941405535252,31.93778023802802
103.69297737049953,31.976451183470264
103.75963530927423,32.0598751401852
103.84237363381806,32.03464052498734
103.95978867766081,31.966192963696226
103.94006733419067,32.05291741177566
103.91451414697536,32.00806146555111
103.94538576442743,32.15080078264607
103.85873054410398,32.18843907153262
103.96322409472073,32.1372236575167
103.98368339394263,31.959530172899452
103.97692248547476,31.894265848512273
103.9848836489191,31.86682931341862
104.06007569723782,31.86652510723162
104.0525190884739,31.84362260696178
104.00714769219309,31.906034855443473
104.04199151379753,31.880286347682183
103.89156915187692,31.968244183975234
103.98093384965424,32.13771112997489
103.8634178624675,31.997481136980326
103.81448657603093,31.815284712313247
103.76518509692386,31.808200551489914
103.72745500044277,31.83239157986607
103.81513390544895,31.92684925148511
103.70464159694943,31.86276226541933
103.69631318142525,31.906055438608806
103.73984138578037,31.91934736894771
103.8558948834545,31.88096606474449
103.83584056472552,31.86561970970541
103.81814575401836,31.869551519268292
103.72387561136331,31.930580333233635
103.72722853774668,31.88025614662897
103.72273232655988,31.961758883081664
103.74318984436249,31.938083048061795
103.94957122909551,31.95041382060858
103.97250573254368,31.83411329684722
103.75522458385964,31.824729115426845
103.71882830401952,31.863714626900133
103.80074209288284,31.76630431534159
103.81062365380123,31.851087623505414
103.9580588526695,31.87425154115834
103.9105196495388,32.02954749026328
103.80724738683264,31.950628604140675
103.82970714249315,31.99978619674904
103.84084045274064,32.04215143199299
103.7229300121286,32.054340192575324
103.68795067459705,31.954040344761914
103.80373944647668,31.9329480880095
103.78740806839726,31.803657669279744
103.76912537936585,31.81282854009343
103.77644784856838,31.943626835045425
103.88826180964459,31.89374817001088
103.78712720233219,32.09420783333937
103.86553784444123,32.142063167348255
103.8590548403523,32.27541668818138
103.83666477849434,32.310923815824964
104.14675983477505,32.42320789103224
104.1916689157102,32.33969357359068
104.06931732695037,32.332216339690376
103.98165210553215,32.284773618700164
103.98335586235939,32.14184834004879
103.98925660976073,32.18646728402761
104.05008447713453,32.228633345176846
104.05027794081612,32.28772468938135
103.98494505026135,32.24952299880161
103.8672757899684,32.3368413290422
104.01886286704789,32.39189640055877
103.95009727456332,32.33410789337023
104.07881450338547,32.2168604316155
104.10321288545006,32.34759326775682
104.24613462668319,32.2691641624134
104.21830411590848,32.131014005084296
104.31172728139536,32.065119933531236
104.4187097073501,32.04634156112558
104.43686652766651,32.10427161705295
104.41935914176702,32.08666653265398
104.46181356566095,32.08014417575943
104.42055548063568,32.0812146902715
104.42682524350971,32.07228806510998
104.30105055172508,32.07247615839184
104.37151305223901,32.05130836194494
104.36788000887132,32.116419607294674
104.3980438646387,32.09247009820705
104.39499661527425,32.06087452617436
104.42255091602371,32.08206322452201
104.42294515815829,32.05647895847523
104.42310148201341,32.09794045374149
104.34373598315936,32.116677931487445
104.44282606616068,32.068984767084366
104.34475076388073,32.08657475063157
104.26895234560527,32.10406009411778
104.29814767267179,32.097913186247105
104.42927784921596,32.05381662812085
104.4462162831829,32.074253646499535
104.46036439074129,32.11831675886991
104.42241732682619,32.116464997697456
104.45118736915096,32.081759702649954
104.27956562922458,32.07349381240983
104.37649368988885,32.05402385920644
104.28332204675934,32.09095738054864
104.31797177494444,32.102070215284286
104.35414078967507,32.10555199141916
104.37984401066075,32.093060686678214
104.46562158981133,32.10940586026002
104.45318769473553,32.07019743848548
104.44414507241956,32.07884655379242
104.39716503834242,32.0830449256749
104.29913678829672,32.12142756963491
104.41408738396696,32.06013506341493
104.43428278654835,32.0831591143379
104.36459569961497,32.0643465872443
104.2829275026214,32.117010525509436
104.28337839133155,32.14816565761972
104.39936336990772,32.08005854508444
104.15874053000472,32.22272647225393
104.18441148756135,32.276004889338545
104.11292946604284,32.27482135938644
103.93685071345669,32.26451937020051
103.94717048991734,32.26644474279857
103.87156730786603,32.40212001357054
103.89788395101027,32.48807744038815
103.96932186437559,32.564471135567196
103.92465993509585,32.438149128571254
103.89682800735646,32.51663727271654
103.91346096805384,32.87923222596931
103.97245142878938,32.87964051122338
104.18945211183214,32.87432049526593
104.17165010121896,32.95418252909756
104.20988632829251,32.84437962628457
104.43372963122923,32.760032182430855
104.38296679083786,32.88741310701538
104.39676087902598,32.86144506604698
104.36852148009315,32.829976022803365
104.49569715361426,32.952024421014706
104.44028041356057,32.90831460352033
104.36241025691348,32.91721002194134
104.3600313429826,32.81576658368725
104.5337701783048,32.70569944864227
104.43520646850861,32.63241391790863
104.25326215137693,32.64704547263535
104.2832610447497,32.51243212518615
104.30711715299356,32.818060392219856
104.37489534420709,32.7893313679439
104.3265173674675,32.750504396966654
104.40712193394859,32.71068622320326
104.31576287241079,32.785981838871564
104.29998488792074,32.668823177509594
104.50907100771005,32.85896694798495
104.41285220032772,32.83982092921119
104.39374510433275,32.75981005219804
104.48939721787256,32.7043631627545
104.47884028711044,32.79418116811865
104.57982980784165,32.73452580258683
104.68413228974048,32.802096461384636
104.66684702977803,32.83690467402774
104.7100481077478,32.650673820710026
104.66699319008458,32.49537279817552
104.70332554277692,32.59788777798205
104.89960639755819,32.643746381195164
105.02529511705217,32.702958578150515
104.0897110120187,32.33440853350429
104.10090149673366,32.45771183819079
104.01947750200443,32.53695415069573
104.16602994674328,32.71037186161238
104.11932176158126,32.75104506467605
104.08954184454895,32.74293351570774
103.95678439470213,32.90829855440022
104.09271175937474,32.955042042866566
104.16268685750556,32.8642428458588
104.14218031945927,32.88847803202189
104.05644289295412,32.932061241733535
104.01985323060504,32.97114601857376
104.0638613258458,32.96953378663941
104.12746013915323,33.14289979725032
104.11908655369601,33.1687272545945
103.98741900199023,33.010266437024214
104.16546512246391,33.09589444636843
104.05211665195482,33.143920417529316
104.07390818173853,33.202335345846635
104.08969330728243,33.18001004023724
104.01315678978891,33.08635900122392
104.11758826077022,33.02897813134784
103.95269268684142,32.81837320982928
104.06185100962225,32.912590901844645
104.0120453897027,33.075614774043466
103.9777436792081,32.96435822533846
103.92383456101001,32.84767596664768
104.12160000974512,32.786606756945574
103.99650109850243,32.87147748732436
103.96077984604136,32.867747432688745
103.89575505832005,32.88757458892899
103.90909479392764,32.87611968909081
103.95764611316916,32.82368488171188
104.02670439910499,32.79012953290719
104.10830218823844,33.009408154295485
104.08533158365469,33.147959282588495
104.01585273184,33.125922198604194
104.10045364635243,33.120212144697945
104.16004018909862,33.118295044058456
104.0278134640392,33.086451536995845
104.01439985854722,33.007755537572656
104.02545276464001,33.12227164478861
103.99280605504232,33.11597350457181
104.21426320049427,33.06116707080525
104.15601345972853,32.890587288694014
104.02676022387656,32.73590092367789
104.22727344472602,32.752646147580656
104.16393001544432,32.732058306243594
104.08384753876156,32.562542552374765
103.9809737461876,32.58692290957341
104.01224072065794,32.61973077652029
104.07327942785697,32.640928918422134
104.18213393782771,32.60096914198975
104.17171015390203,32.679035851627624
104.12414346245194,32.69220250610778
104.17165941174625,32.7737308689461
104.27727735831851,32.72536199976091
104.41521141738237,32.701452124293276
104.28844659754319,32.783878784713316
104.42176537834783,32.80523461891586
104.42270033314055,32.841231107530675
104.37483577763574,32.8406058484563
104.3041015156893,32.823843006743644
104.20232401334431,32.8694394931836
104.38741233970036,32.96352980067905
104.40322153877378,32.94296654662443
104.4370881451164,32.92718496954818
104.3203900111941,32.964222737608736
104.3884634550304,32.939207229175764
104.32186251537009,32.84298513083134
104.40733099343622,32.93372901085601
104.31042228992223,33.005207571896
104.10327708391563,32.98977954579656
103.97832187698661,32.96342484178058
103.95308844736758,32.90386407380549
103.93035200706778,32.83827514050238
103.94689303374996,32.854881973648
103.93101345375473,32.830211342143016
103.91498100904832,32.816416900335085
103.99041195067439,32.96902579990823
103.96908169642491,32.88603881862438
103.91170244565909,32.839440541813346
103.96091775773891,32.818451814011965
103.98986231257577,32.82533716377254
103.98117968127629,32.77582633035625
104.06415934039184,32.76179180678984
104.07491716959959,32.670062244306656
104.01913247966316,32.7582784250888
104.10733265090101,32.77640231191966
103.95551702906586,32.84970725815214
104.0140122056294,32.93628186175733
104.19852343296658,33.00521163606583
104.28529045961861,32.921323237982975
104.25140004164393,32.9976678153285
104.22232023259588,33.04950896129485
104.3252627717678,33.00218516095132
104.12081901773531,32.9180243199956
104.12234118152267,32.81538402160482
104.04380463141989,32.83992833715151
104.11995041889652,32.84410055209213
104.21928024279386,32.974246812663246
104.18822270232296,32.92981048587479
104.27614241172078,32.92228023389422
104.22976034173014,32.862813138258026
104.1978241045228,32.71697902715937
104.04891053222839,32.62554228075112
103.93070277527735,32.62360056268945
103.93700351750451,32.69258616053048
103.82082551198576,32.627154583854534
103.80602031660123,32.582321770651056
104.02497242325704,32.610829245553596
103.94309973469315,32.538419891428006
103.96631224142438,32.45494963401013
104.03378364443114,32.38139672936677
103.99018400329625,32.46066550884154
104.00551500746101,32.30629313145672
103.89031940946295,32.42846245610979
104.11108350079986,32.17331427080597
104.14699865056834,32.25337545806438
103.97261595385251,32.22073673882331
103.924729616314,32.23836651911836
103.84539067891825,32.20151146716096
103.91658135694334,32.232408251406056
103.96443739310835,32.22287263421046
104.07371876462517,32.39019401492534
104.23476131615747,32.33521345487553
104.02165602370953,32.43541973906009
103.99300628326787,32.444527989719575
104.02189266026937,32.5973110804863
104.17114046362141,32.46801863598567
104.16280271635084,32.39071989249298
104.04964526278157,32.492766549779525
103.99579017309695,32.473846373409664
104.05030418802343,32.581286157952384
104.08962069304147,32.5452772212831
104.18166014515973,32.60903757052069
103.97042429639352,32.52778007565552
103.86370134509603,32.64385806182738
103.9512969588093,32.752675172779625
103.94554844081678,32.76657414781672
104.10997289049784,32.68296870762284
104.08396952775577,32.47525007047719
104.17387309965771,32.42238189052097
104.01779560391755,32.615865137682704
103.94067134648537,32.54914414397678
103.96748103306369,32.607176399931994
104.08239779926562,32.714515330906806
104.24495648487692,32.68763388322553
104.43697527864072,32.739483166583064
104.44957186031858,32.74851246411881
104.4688469921646,32.8143481969852
104.28381243856478,32.677369534928665
104.09348149944366,32.70666277937338
104.0147603962015,32.78118609048726
103.91440166050597,32.74926780158702
104.11696060799554,32.90575456481278
104.18813401838541,33.03481489278375
104.15020776581188,32.94039365941972
104.19549091572513,32.99026649947004
104.30689082296738,32.88342737056134
104.51134522528086,32.73136030174575
104.57988738710083,32.89087704861237
104.59787277662006,32.85331533069136
104.52493811688802,32.71714493995254
104.43917803698085,32.74448435113334
104.38496455896978,32.73841756562586
104.16251031065197,32.77886223937549
104.15742808829786,32.75763246099533
104.03330585823028,32.83279229983595
103.96413789164585,32.70678486317111
103.9876486632244,32.5922436838901
104.05035894803167,32.77182942877564
103.96457687579158,32.61731174566356
104.01333590055506,32.492932317247096
103.9250623990249,32.5315444624926
104.1356168640291,32.49252550847907
104.0662857021475,32.445022291104074
104.10935737244824,32.46696331901108
104.05106238451444,32.4758588488516
104.23499684094023,32.20865069151662
104.14590489969736,32.18817761181545
104.19968413628236,32.219641121999764
104.22741796110367,32.09636022434751
104.26032400351487,32.12346374569202
104.05695969737035,32.11788775278086
103.94609721945987,31.99910122133888
103.94969836407903,32.104936990962806
104.0129202636559,32.28056437305174
103.9701696999487,32.30845380348933
104.0047784287207,32.359281550066896
103.96870462830474,32.24868853315872
104.18710299793283,32.26399395961317
104.29699562269374,32.138340550988474
104.26991437162464,32.24661099858103
104.27862948213708,32.33612587551284
104.37232716655603,32.26424732647516
104.36087563970474,32.27055332983969
104.32929939974537,32.31079512771873
104.40590379436695,32.31521905941127
104.31279842566595,32.30363506543191
104.23496475341926,32.27942034471366
104.31743442100802,32.175836067902566
104.33343679424567,32.160886117415245
104.41444045736854,32.08172085155942
104.39529334453812,32.09081736041499
104.24856188021478,32.14207008671064
104.30515548609293,32.2011981582173
104.34197410751123,32.28621143529793
104.27823169711544,32.231737531934236
104.24695303288726,32.238766753452786
104.29090220978998,32.30446288416536
104.19861533526299,32.23807916342683
104.00749929192986,32.09688127345564
103.92419358147788,32.00786703925893
103.85798260588152,32.07672535674973
103.81562197160298,31.958092657280506
103.82004567650611,31.998207839175365
103.77670999036505,32.04416921284321
103.85243367014908,32.11777402149854
103.74553519815825,32.09639658912073
103.82330264039527,32.097713262250714
103.73067584597347,32.039870268618536
103.71176501022428,31.97138808573974
103.77176867484386,31.934123520765617
103.73772988181518,32.02695938648477
103.85367370472171,31.981111430565846
103.78486829029974,31.92608619772837
103.81558089470663,31.77377787397902
103.92899227619502,31.65430782285321
103.84927094901342,31.546904723876345
103.83089244693394,31.29520082350891
103.7812490679086,31.291980233366274
103.70361189650859,31.38082412078137
103.81723627719198,31.301913253584665
103.87915573976575,31.407852999475768
103.86430905570504,31.50294860749557
103.8687179341423,31.456830990875705
103.89786817664226,31.57444482528388
103.90824345344082,31.554881493377824
104.06575744879545,31.435012283489296
103.90111226854012,31.386680063058904
103.81116411652727,31.31821914863435
103.83847473334977,31.426750473991774
103.8496016152219,31.38903725726846
103.94720745723833,31.45017569033623
103.88770333448657,31.35188577880851
103.57974203500204,31.12490567287743
103.57805455672279,31.178134937388425
103.70390264051566,31.19692344808781
103.61130465595323,31.112148204268742
103.52906240548498,31.25233896892167
103.66347271578215,31.315418139956847
103.73857361772305,31.262702895087628
103.75821750332825,31.335425458217546
103.85566363925821,31.345170909338766
103.99775534586361,31.47907516592039
104.03915254728506,31.54881905731397
104.05753623383947,31.416294711761275
103.95412356521086,31.49461446919656
104.01710762496096,31.466836933909104
103.9378127215592,31.484800826034718
103.84123166844181,31.499047587220073
103.85329130225684,31.410761996309823
103.82823914457373,31.42969090012247
103.75879207532864,31.34080649324191
103.74027196782468,31.329586876071993
103.69242274976085,31.373802445313896
103.64168610456457,31.276799193647715
103.63444722682685,31.276565610901685
103.61761465472544,31.295913785817334
103.65920077068196,31.162278628550386
103.62243800959999,31.172732717935972
103.67582664006947,31.27832600516218
103.66370354346968,31.184325690684677
103.67719273764871,31.208711660404227
103.7143883305935,31.295740637649956
103.857639121156,31.394981854018322
103.87680151825126,31.3967244975937
103.77540681752579,31.326560788314588
103.90254167111522,31.542139589339182
103.8306828677216,31.528346656616737
104.01242134992204,31.586643930921813
104.01950786910248,31.505834801445463
104.03386719151388,31.47471469756445
103.97200446563843,31.494050282952607
102.78303356292113,29.603902632085884
102.89838723078677,29.624283105587274
103.01760782630096,29.502172119560452
102.89282633623334,29.48428699643296
102.98215022791216,29.48065550413098
102.89685785997057,29.471208387902504
102.94157568220326,29.569849472528116
102.96193638587367,29.702575758925114
102.89665470504761,29.493501993688987
102.95892956082902,29.42836477598595
102.97852736966072,29.494754383285162
102.95673046201647,29.65232931040574
102.95501983740388,29.58127783886834
103.04335435230607,29.51967429003076
103.07885389111468,29.52453821091696
102.89964460969914,29.540721930462713
102.71944636047726,29.61696163933689
102.69385396348682,29.708888755358696
102.64676749330012,29.695048480067236
102.66651323147427,29.617455294557946
102.71743185609775,29.568210987759578
102.78331112284714,29.618007625230526
102.86121395794741,29.529036944585815
102.76170768959088,29.58655401842506
102.74258290674464,29.594550196053348
102.68490570585661,29.59750460897533
102.72272708819538,29.58619048290952
102.66257196906888,29.651964738322906
102.63356765587719,29.73121336805705
102.50378468351838,29.769993705088414
102.53821422202302,29.67508797677819
102.50401765214588,29.713278809774344
102.6366532987131,29.681766461057272
102.69127510596624,29.59258454937593
102.76747074757598,29.632228279453138
102.96524658543105,29.573058355415128
102.92128697127289,29.58717062693743
102.9678011599237,29.540115449999103
103.00194592946357,29.510108565561794
102.93463828005257,29.42089275608296
102.93339024821383,29.417426677233962
102.96014612300624,29.448408821286243
102.93560925801349,29.453140833267234
102.91845018741093,29.441325098111665
102.92843768290044,29.579913081422177
102.93732510155046,29.688377792652865
102.99068525968977,29.67163151700749
102.95021269422948,29.627548316676894
102.95431942317468,29.69871125966807
102.94392711129413,29.6679293394908
102.91004855683543,29.45247689542254
102.89670116365754,29.474971844375528
102.82561662682954,29.583559404052245
102.98977485707744,29.615988006442176
102.90291410866455,29.519752177461
102.91043275674011,29.50083305561118
102.94571738225714,29.521092895371655
103.10865284205703,29.465141441601812
102.97249499409024,29.63480613690732
102.98354198406057,29.637147740361737
103.05403361657012,29.55541961636989
103.0945696541493,29.50432089143681
103.15177579371334,29.490239802966162
103.21604134571456,29.499409502562088
103.18032506936832,29.472049664456733
103.18344583465192,29.492777663306146
103.12841077591013,29.464058619992077
102.93907996678408,29.539195172389864
102.94075484803858,29.423213711065753
102.87201040300747,29.480936168256104
102.97419621501896,29.43726142348109
102.953367782933,29.45045586454504
102.92884080957714,29.503029419514
102.96195352566286,29.477647574881566
102.94828670820782,29.41873502964232
103.09034813550407,29.435558639117094
103.02598568391633,29.55300782798042
102.94824433269591,29.6787826708502
102.99348855000937,29.62517123733365
102.88569014002631,29.531338345596776
102.88826062785935,29.55278365143291
102.98551045848762,29.58447786030697
102.99854391408667,29.526959996459805
102.90969318543354,29.600497742845306
102.71891122914062,29.54314936441791
102.7079627958364,29.566477687355043
102.8208052251443,29.479730255719286
102.89560922622579,29.48132999396441
102.81095043064363,29.493163134170402
102.82204574399074,29.47859550516616
102.77153023660803,29.632730145316575
102.98543848693049,29.5410152481282
102.99720618010204,29.48394252152234
102.96909498383978,29.45144719411675
102.93849004451977,29.432527366742708
102.93732139083981,29.56648014855055
102.86117601944447,29.559441971100767
102.69535730336956,29.634944969390173
102.64995559305989,29.712895810190627
102.54637361997763,29.72652557871506
102.50198812226736,29.76691367318606
102.58497014829211,29.899784953560435
102.56788668742725,29.89792246192808
102.45927669816317,29.94158552885643
102.50593869413095,29.88948251680203
102.5398159833663,29.910813789727165
102.5864059340351,29.837101425730474
102.53094012531756,29.933744554611653
102.6042275955129,29.929331852914274
102.40853085708949,29.948928668871975
102.37127268744986,29.83160027075879
102.41227812654977,29.94458947241295
102.40817942323861,29.92130448140661
102.35104957237327,29.79518128493092
102.31614348945863,29.838527680654163
102.40043354735846,29.79021785877902
102.50989760105429,29.7632515490383
102.44250992907806,29.757629700619177
102.5168209373806,29.65632296166968
102.65664006862087,29.686866491029924
102.61991700416357,29.733800481408142
102.5822218364713,29.678515407585014
102.64603120967075,29.632210135898234
102.70559804121388,29.661301033269687
102.56137215899217,29.710429670047848
102.43733545120838,29.716418693122044
102.65169598086615,29.71873400992628
102.6581251106184,29.65708114097751
102.55185941429045,29.722863045282722
102.47466345980916,29.718248643255485
102.35454116283044,29.742312507892738
102.43409309718615,29.863054712864745
102.40870525100942,29.850048625850846
102.31201014971762,29.930823464117065
102.47496623581621,29.901025162206828
102.37303542895641,29.893582384585955
102.40612339673268,29.734046826774975
102.43415606083533,29.938780343576706
102.32299346274353,29.91540119676326
102.32480974674111,29.839744156990445
102.36176970635724,29.83774750019762
102.49737901193836,29.735231924449167
102.4794147290268,29.721049177014105
102.57942688854426,29.679622963244704
102.54949877869065,29.79590268890903
102.58586621980297,29.65460209634295
102.81838000089304,29.568561694839367
102.64279511461739,29.661305120752786
102.74913588900829,29.57085157601249
102.60261633906474,29.674938851378656
102.52259513456522,29.704033759229056
102.512387307706,29.703133182032694
102.50171439391595,29.701561682687277
102.50177870986485,29.76243793391488
102.4840339698746,29.74981145454932
102.38476923772758,29.76664008670447
102.3177910690355,29.846542100642797
102.30822396722941,29.911160374584416
102.32156486844141,29.849718479726434
102.35691536663742,29.90929019134231
102.44030004104735,29.947752030062876
102.47288232100404,29.983116821975813
102.42559694139112,29.951584130512014
102.52373150304143,30.02979428951765
102.59274568714667,30.167931028111965
102.56429870604823,30.29544252739657
102.61045754472693,30.401255198507204
102.51407783376612,30.267152690740883
102.43496978327286,30.297626136712772
102.50944398086993,30.22401640856121
102.43949760006875,30.153266824970856
102.37891275795914,30.211242428660448
102.48144510099615,30.33117562645905
102.43881425448639,30.332829268652265
102.42230185235232,30.501339805674352
102.41863651756498,30.515570306604086
102.4497319406149,30.580506208237985
102.50395122046622,30.522447293429963
102.44677929158665,30.55603904093396
102.60856860767913,30.623065443915092
102.5191479257226,30.635593119390236
102.45928104121633,30.546475809783427
102.4429184664942,30.527091091453855
102.58203316779002,30.396785876459035
102.46766049018291,30.523403637406503
102.66465964117106,30.501314396665347
102.79523646036633,30.495548445469453
102.59316383364451,30.838835553251133
102.60998964102886,30.7922456880804
102.64143907813657,30.818691656296526
102.8333593243789,30.592169565066822
102.84633341042164,30.565190487914716
102.88042743980527,30.551213434889863
102.87815060566952,30.367506983143436
102.84778998209296,30.52919768122243
102.79739868740025,30.543172385705734
103.00298883215305,30.589468816267104
102.89268116830682,30.650404224684745
102.9797596942886,30.67296320919411
102.9813519697907,30.766476418022236
103.13497886447175,30.798543037473774
103.07250680790493,30.8972518218364
103.2646756703925,30.77329220018789
103.26179345099636,30.671980780630456
103.12707005204582,30.816224335951503
103.05635967763654,30.828936362312483
102.96764067167145,30.744944256874287
103.02956198078381,30.725191139465995
103.16682648302331,30.667039100998807
103.22666189998913,30.66493550523711
103.16542375995648,30.577659333533703
103.15876561403849,30.51825618222412
103.07522439961862,30.704245447426803
103.04102367870102,30.776957172051823
103.11339221178825,30.950439505772813
102.97092316446951,30.99837104047284
102.97097053033836,31.137194912008678
103.12600288419627,31.079672784774452
103.1108892095527,31.0416648485466
103.14049645916313,31.21608514348102
103.21172047841988,31.26749059134022
103.22852108118028,31.345139826186728
103.31270488392026,31.377154171916178
103.29878127502107,31.354521890619843
103.28709084326368,31.397320338693905
103.23968807420957,31.25761805550963
103.14131735077292,31.219561378163903
103.15199549885486,31.164945922070547
103.10555474836475,31.23763846328762
102.98399446856659,30.932362167960868
103.05024998776916,30.82684603891201
103.01826326246206,30.894653537846626
103.00326365684616,30.876901220402335
103.07673656320645,30.733966030349578
103.0357918344965,30.674532733415827
103.16880595451585,30.75428430817647
103.13262849403414,30.71761928856732
103.2220110557493,30.62036726711583
103.11966776548658,30.608147924546596
103.14021534702506,30.618903509002926
103.12306907022855,30.665773691638734
103.0461058857211,30.85027989016396
103.12479617847599,30.893773590629674
103.00175364721592,30.978699799379353
103.13156961697614,31.006893064932598
103.12096719297202,30.9606947249273
103.18081283438657,30.944092843847603
103.26833150461627,30.865587530288845
103.209685831054,30.838000371718696
103.24193507845688,30.926916194674543
103.35221040733464,30.821124488267156
103.31023355890814,30.933832085747692
103.22222553400378,30.91374940309653
103.02939839762483,30.907519101270726
102.9441835672827,30.777927127978987
102.93158495221539,30.724840381694328
102.93265459763819,30.803952323661697
103.0039801806352,30.834352739515435
103.10237382964948,30.86539230758282
103.02625130241525,30.8850958163374
102.90926057054345,30.85786770581786
102.94665289039277,30.930338933080545
103.01500477117206,31.052940220424
103.03405959073763,30.978210877629216
103.00967179930629,30.98605837991369
103.00117005336688,30.772405777841715
102.97622765285524,30.646483833006975
102.9556372468147,30.773183736469754
102.82437714042321,30.740866122162153
102.73834754499363,30.852173650581538
102.57780736629067,30.842108338546343
102.75587327746484,30.74360897484998
102.6932871563187,30.683005314034045
102.64690140304253,30.716174944058512
102.60349309783155,30.761950484347356
102.60399663284575,30.807945670669753
102.66990429682141,30.759385244529906
102.5454929820374,30.69110295649828
102.64896118629296,30.787977173894117
102.7217241270919,30.77862422671817
102.7941215207469,30.75324800846153
102.64823759693111,30.57814114192255
102.68418212249702,30.80330913449145
102.76242494626439,30.918775136914302
102.8502659713975,30.7655286815095
102.92713194653484,30.815307013833674
102.68717636306836,30.840740006628703
102.73630578970383,30.711190169732266
102.56746704568677,30.67485719169103
102.49373990613914,30.60879060742186
102.48722383736087,30.731421950651075
102.55540539590491,30.820074038459918
102.69115565351028,30.80987045957634
102.76914269322307,30.83560937105924
102.79869186651781,30.818180777178068
102.74271560344937,30.73696161885753
102.71607215250314,30.69598501882087
102.7713271219313,30.751024130767924
102.81248852358569,30.52404436320962
102.93367298397061,30.515061397329443
102.96793523093494,30.614758490898772
103.12598487568211,30.57779780979263
102.97570970990775,30.522503991826937
103.0601015206734,30.6219135434101
103.1231322456102,30.672047535320928
103.29931967171885,30.63598624385978
103.1223536671871,30.79340459889105
103.18641017118418,30.785622087590795
103.31719731215395,30.725309782288374
103.34500803562588,30.699407511771255
103.23349879121322,30.70634632126157
103.36113647917314,30.878894867543046
103.27584576874891,30.95413379322405
103.30740322109293,31.10020374087927
103.33083988518165,30.94331256480769
103.28218191906114,30.928742568316718
103.13934678460326,30.971032649932432
103.24589380209505,30.90218115580291
103.15492237297387,30.87526113888702
103.10806833806767,31.025445710211113
102.95536769762121,31.156901202511023
103.06702656641376,31.171195644047515
103.13718345536384,31.191644254569695
103.12122699564662,31.17186825153264
103.27125079470257,31.24823061340996
103.31371450739576,31.38648974838762
103.36755484631126,31.362573639357027
103.4487350336826,31.334784515650462
103.4038180318551,31.399279059661524
103.38474303690471,31.41110240166363
103.42793738075483,31.32434015127768
103.3731262049686,31.308662481464097
103.41414440287882,31.31742069112907
103.39008476992583,31.234465757675668
103.38687708641439,31.13342830811559
103.33492724002964,31.146402933052922
103.37947034506432,31.15274710425937
103.43504274856222,31.200616827793805
103.3474757273172,31.365768180399677
103.3780117310229,31.299376537046044
103.32255640213303,31.36192983622521
103.32373975279818,31.333377718667737
103.3429524162596,31.32481693869357
103.39373070181945,31.24410470090914
103.24461033553132,31.333163982201118
103.29941111012398,31.182324896940646
103.28049777273836,31.114790366151137
103.34006738038411,31.210856125105586
103.25785280777363,31.156417519269947
103.28429860234866,30.958685691494807
103.26399801097732,30.992584790997554
103.14474321539295,31.112893317373707
103.39640003022113,31.26698829694085
103.3713342854635,31.13602560097488
103.29219016359956,31.208013353383574
103.354360037722,31.220056901788748
103.27572888927911,31.266475712898156
103.27903370096632,31.15129594625735
103.24930823926944,31.13351500353147
103.09589111232685,31.092633040132622
103.07336108595382,31.212655434787695
103.18353712245138,31.16941359517905
103.19919547674537,31.204209748815547
103.1589245797949,31.296728959444806
103.17388723875617,31.28094977628728
103.20832491282863,31.355584205828027
103.25800267300907,31.346271305561803
103.2287837204705,31.29760804621369
103.33298302127095,31.379128581376523
103.38556648142283,31.35315867917129
103.23863016214374,31.273764957856127
103.1417978687255,31.169847321511604
103.24737126208815,31.155804187576315
103.19976426800932,31.24410121252678
103.14686932349841,31.24858961426511
103.33660441234441,31.278853054156706
103.418582522186,31.18844861745995
103.28176128758328,30.971616873483963
103.28914360010394,31.03173887806245
103.2591642576644,30.934925860090466
103.23942711389303,31.077265963008863
103.17895753275651,31.01416687349068
103.1191373735466,30.930516873252042
103.12126641885773,30.900591091145113
103.11637804788208,30.978686426986666
102.99142706007507,30.954178048887933
103.01533939257203,30.95788881607717
102.92675481403496,31.004538879877778
102.92048110149119,30.99470318617913
102.9808873586342,30.97774965009787
103.01338372968986,31.01081292884372
103.02855503735792,31.0579207437067
103.10579106788003,31.08012593651706
103.06150255436582,31.168046663786264
103.41830906682053,31.279812164550375
103.45934776688745,31.382093620278592
103.3742920931359,31.339799818001808
103.43535826725717,31.39570101016513
103.40281402794892,31.40525933614346
103.3298432241921,31.398390276416
103.28258302600689,31.346886508455604
103.35341612226175,31.411290991861733
103.42778271570923,31.409630066105166
103.42150873959275,31.30959804042697
103.2246516667329,31.24615114504541
103.23317141235809,31.184627849368876
103.29000277200277,31.080417450085694
103.3728367759217,31.10722399716414
103.3724211593899,31.054264792337364
103.20654959333383,31.242663188093537
103.04729963379147,31.26783034432018
103.0551630311572,31.269867774055296
103.14816004265663,31.25714810183622
103.15755539772148,31.242308588698016
103.14143952525708,31.04680386190879
103.19162044374782,31.08418901877208
103.1604838714492,31.262530721819353
103.14293723136542,31.172222929019885
103.22811775326171,31.30900713645028
103.28072219833402,31.234319339903752
103.21765239867585,31.33582147761685
103.27733923176066,31.199489269172318
103.13706493961936,31.165042528322697
103.16397920632042,31.125947699962627
103.07027932981488,30.97520237162654
103.04039885587105,30.962559855890017
103.08839646957462,30.889224438001715
103.19870439334325,31.05206873098198
103.27707502036402,31.144172508631065
103.36566802543454,31.21382565618883
103.38223057456656,31.183428527006228
103.3834073656292,31.295725635741377
103.29928980452475,31.400068062623962
103.27395583642614,31.36536063688123
103.41737248222269,31.26955367267487
103.36125832224272,31.137689899350576
103.42314068638647,31.167595898556556
103.28708294815135,31.394998686522758
103.33795736988047,31.353067913234337
103.25722261293325,31.346927567663904
103.07977980101364,31.251773702826902
102.9451713863218,31.113341330637045
103.05917112552008,31.07394480556739
103.100657419081,31.16371831841801
103.13348469305805,31.06019151596664
103.24306109531659,31.034039404016443
103.17981989861156,31.082188342150992
103.08186498666156,31.06283623986652
103.16633751007087,31.04096425576715
103.11871828365553,30.78198943595416
103.08900488638331,30.929649875413894
103.00624921008657,30.886145960879517
102.92430896016916,30.745484975838913
103.00631862698086,30.69814353281813
103.1300045234927,30.770421525213003
103.1396832427735,30.739014205317936
102.79975432975752,30.64769973432166
102.90075686009986,30.71612874207402
102.92813495408903,30.69964612217595
102.92558881079549,30.635876512793413
102.84849755525055,30.604652692775286
103.05945284436122,30.58817618279345
103.1860131757433,30.677219380381068
102.81621242613053,30.480586115445753
102.78362879208424,30.447930504271728
102.82269113321145,30.42851500799924
102.77234456545813,30.473520253591495
102.77758620286917,30.635044511766402
102.71674422484655,30.532483071837532
102.94450756535718,30.60892605798177
103.03413302293582,30.574532812245337
102.99988291017463,30.52404804992415
103.05284883596886,30.58557572649849
103.07925785284606,30.583671538643706
103.11173716363403,30.583451329958574
102.9693748928939,30.63643742647961
102.92370846415379,30.768975066535905
102.96085940239905,30.967282223249345
102.93971562891319,30.9684241686547
103.00578728685296,30.86260609804919
102.87678244786221,30.805622403428885
102.95371482507218,30.881432213717673
102.90616176989008,30.939926573736923
102.82231010979379,30.775603099693708
102.78532921766734,30.767877818456686
102.88240758709458,30.7807673893769
103.02673192140377,30.79747126413913
103.04811145809897,30.84040370666416
103.07880157296314,31.010933554355383
102.99288331760268,31.196151373715704
102.99171829145729,31.210576567445603
102.94221216876913,31.225787379155484
102.91557409465322,31.215332032723254
102.91338882163538,31.150430300289496
103.06578117193662,30.965105524807203
103.14328315529013,30.976860542653796
103.26569926244886,31.109622321753736
103.31303395429128,31.129555317318207
103.3304362261214,31.16175995678365
103.3732310514961,31.139955730327237
103.36202825979119,31.152327841079575
103.34096061174098,31.15590208904742
103.20605494856832,31.318248630456875
103.13098805900171,31.192396287284655
103.14787501264368,31.13501931282301
103.19306821754301,31.132667631913066
103.28887421216591,30.932761287888727
103.283108860793,30.650767466806993
103.09376809548893,30.628611164035934
103.09423798113099,30.598972790451214
102.98837226551478,30.54769989066321
102.86640398344922,30.46880240313308
102.77655131254832,30.571443307799594
102.79976448789516,30.626214305565746
102.78358712961729,30.60675707664842
102.82794901399235,30.56758217393588
102.92426127678073,30.6180099008103
102.81952538746617,30.763236806315486
102.73076098289626,30.657473842621307
102.84092840050226,30.578469808915735
102.65141514643935,30.64204475139786
102.80579992372488,30.761575024599157
102.71871156524095,30.71349512113267
102.55613102241117,30.63559858870746
102.56963728894337,30.626195480213784
102.4848682876523,30.74721738821576
102.48959986564864,30.781072895893583
102.51321304241553,30.778528533669036
102.61847640018466,30.781462687732816
102.55785465739083,30.76485146269921
102.4843173282499,30.639976065572757
102.5229754037483,30.576045518847867
102.50662476886716,30.560159425125327
102.54888190059242,30.623033071932348
102.5822263097959,30.75891145935416
102.67041607908433,30.707420052683847
102.64794116168225,30.707120064535292
102.69017795341163,30.605888017153607
102.81624728208611,30.736559029201615
102.92142889613037,30.781021341461095
103.06127393527885,30.916477393605078
103.04048155969515,30.918980748616647
103.17834263236666,30.956385087582433
103.02617468971305,30.8844564052343
102.87287635550085,30.78856204081385
102.99935660069114,30.766782104556246
103.10767029338223,30.74828537649665
103.16057545071024,30.734424198377443
103.1959220213981,30.767745986732052
103.05445683059024,30.808528031563853
103.00324882239008,30.985258840058364
102.92673336764,30.950302640450655
103.01512190722418,31.056169740513646
103.12608160290793,31.1446467185671
103.1125576656954,31.109876311681962
103.09157695133494,31.153632768903933
103.02230752934348,31.051660142244565
103.14347724394393,30.985867061406218
103.3073706010791,31.016824526898336
103.30539327426247,30.973512802946704
103.14658077605986,30.994326400332017
103.11947539650987,30.962731707400604
103.02243465116996,30.943054909850478
102.98628272169911,30.985909403368442
103.01392769526505,30.93971211005717
102.92284934715023,30.863868136429
103.1512509236148,30.901398608703758
103.16404693598861,30.882216144972556
103.10727847090205,30.914862775509953
103.03297391500293,30.824476879331936
104.089684317285,33.04228431375866
104.17137263550752,33.07156076813766
104.04980932517817,33.02979447608265
104.05000255528307,32.832498037400974
104.25734592919207,32.729774223921964
104.30724947681887,32.6843482535284
104.37393010063319,32.83585453187986
104.69077894996737,32.56277834444962
104.66172234544881,32.63868592642611
104.63094986707213,32.66963873264956
104.55341448799216,32.81251365758331
104.58984721901146,32.86245075926789
104.57074020184331,32.82109713686343
104.71100839658853,32.80876655740754
104.67092661111352,32.728384626302926
104.62816850114301,32.78195539204859
104.38164773042509,32.93964946513107
104.4483583232787,32.85862786310859
104.3222545203118,32.962434773662004
104.30213898305651,32.83044009317387
104.37132348595381,32.78699421616003
104.22391409002772,32.649925966434346
104.11642279328802,32.854259487250246
103.99968500316284,32.96918697873655
104.0058324728939,33.02280654374605
104.02834280145655,32.87308545779991
103.86544841721472,32.66759937159088
103.90264626667361,32.517515776280725
103.93388514498014,32.4994651549442
103.97485533257768,32.409550109712704
103.89717624635168,32.322492917955046
103.89160524412235,32.203140320975265
103.92349555758435,32.065568341957544
103.84383647416995,31.98151350401321
103.70774005943007,31.99479618592198
103.67339829255934,31.92642167044994
103.72185490285527,32.011594370560736
103.72261969681102,32.007444486863655
103.75579631202481,32.09006516559713
103.71215706307372,31.843438397863856
103.74315402667604,31.86083071725788
103.77888741572718,31.892393656553157
103.84767725006726,31.94991706956803
103.90404414535558,31.94517475750432
103.93622040188417,31.85132476089471
103.97146483477742,31.942868495702303
103.98435877386467,31.892434510490332
104.04624178367148,31.83827681170536
104.02489640042852,31.923266419866476
103.93520922103602,32.043725287802836
103.96768102899594,32.064690151580784
103.89240909163466,32.01163738424483
103.85534137897194,31.84631004356428
103.8349201955538,31.930248767118385
104.04520120343258,31.965006148780343
104.00566211485592,32.11413854192135
103.95475320251234,31.946529272298328
103.99964549045833,31.902912719745274
103.93609806701579,31.90788683145791
103.95813266429451,31.895211539515373
103.96512618829918,31.973128035159615
103.957779551033,32.121285949001624
103.9045645525623,32.30032616037286
103.92299867364417,32.30435562659557
103.9996642718266,32.33102665304829
104.03467045746966,32.27434980236804
104.02674381666688,32.275187617632675
103.97643699086557,32.125611891270275
103.84243823299296,32.11945545423322
103.76168510513118,32.08762499420249
103.76342122119699,31.834928035104248
103.8956840007042,31.6962569954711
103.97237586214571,31.62605312887254
103.92151785727889,31.52357765675146
103.96813079055154,31.457362913379026
103.95120153660626,31.691047933594735
103.87396747459859,31.7892459239304
103.82503009847335,31.860310107158707
103.84726352862789,32.09125913523641
104.13361092113853,32.213512652856174
104.01675618098999,32.21700476109672
103.87453385070548,32.27066467766876
103.89411649639138,32.28004230790514
103.86857051299836,32.320519565400446
104.02325191992094,32.30274462312538
104.05129974990572,32.5686304797821
104.13402890045266,32.559193307744756
104.24967479954799,32.65852833222065
104.01737788558539,32.76818099193912
103.82560382525081,32.66287961326104
103.87810904155623,32.57933951377741
103.91532215565618,32.674910042747214
104.1967410627344,32.71679542892164
104.3579988456024,32.60799921285189
104.23829993118082,32.60217962759006
104.1056442530412,32.56961224734588
104.24819569214644,32.598068795746684
104.335559408299,32.61968013502091
104.34015333035936,32.516967503147534
104.52797786832453,32.52225187527839
104.55179532648009,32.49200817804591
104.65461632281281,32.50021415319784
104.64337235978405,32.4429112815892
104.62287016268601,32.486208910730234
104.64651933887662,32.538647247224816
104.56043763186094,32.46450425425325
104.77363817501772,32.55333114884512
104.74833956494277,32.583293288221526
104.60766006271794,32.480915107089295
104.58572518846535,32.435918096814
104.79000712271075,32.49202947742774
104.85107292362453,32.55069185342785
104.74690814403182,32.539188095532595
104.94609213285987,32.71498119148874
104.82274352294012,32.6774912440546
104.94595598130137,32.72125919880194
104.92872912722143,32.6426968171355
104.94282181127556,32.58229223609729
104.82799059103056,32.524558705634746
104.73002496308327,32.48540731932401
104.71201350238027,32.47395613725502
104.61462086925708,32.56445573935848
104.64536584942586,32.5448219481861
104.56103026078054,32.58435787842657
104.61039663880939,32.453847831029066
104.60890546633766,32.50813919563375
104.57380611933931,32.628602692745275
104.50960737256324,32.543738207446005
104.39783954904915,32.61100887370097
104.3402706169341,32.81538255174793
104.31332288411923,32.72001899517984
104.37890601013173,32.83608465676743
104.52154841033287,32.725990928472896
104.5879890116037,32.809974422583075
104.6348788261764,32.815007971468596
104.76114998966932,32.760642521633514
104.70882052059507,32.76494452828838
104.78463023796073,32.80382219018362
104.8902431747867,32.771302080550974
104.9737701361056,32.73901345472952
104.77097147631513,32.5174502486016
104.93512803153325,32.598630178939956
104.77871266489907,32.78211510642664
104.8068277752618,32.49322014565425
104.65466673822422,32.60369055092373
104.6384196271238,32.450179361548
104.7543891230402,32.51502205528821
104.63835287045308,32.5365748479756
104.57940358942308,32.696315079505226
104.67527340198215,32.82710467649594
104.62377650782165,32.84549471787174
104.53882480979772,32.69970889231425
104.41334487718491,32.66629029392468
104.28883902856623,32.7281515123506
104.3772429454974,32.66268725930593
104.38158282224654,32.699711134086336
104.38661252345155,32.77566195868713
104.22411177874572,32.79697469259528
104.19583272725033,32.805664197335375
104.23397738077574,32.71970112927237
104.18288026059325,32.71035376614575
104.04802436002767,32.548340981766174
104.05857145789635,32.47962156751059
104.02880201538935,32.499506544249954
104.08382982496882,32.46084716292028
104.05762510523276,32.43400933210318
104.07573174393048,32.35767388722066
104.14294707415515,32.3976791143663
104.0214633799242,32.41292133488947
104.00327773309117,32.518745073827915
103.95917160867444,32.547885839873814
104.06629175515546,32.373093793858715
104.17503333832052,32.460794189323906
104.04040269494189,32.507477732094976
104.09781500341754,32.52794436959957
104.26568405371694,32.60624084480336
104.33150630824242,32.66953420983128
104.26026502979799,32.72441977054541
104.1882593314765,32.691451730944735
104.14607481047669,32.93839743146859
104.08416092900646,33.07677486488144
104.09654525576448,33.14203701657478
104.10428036825263,33.05465701232854
104.02665275071254,33.09299140526919
103.99877474933221,32.9545085226353
104.00193430501943,32.822596995395486
103.9610707117753,32.69459263582261
103.95099209884998,32.731181071294294
103.90960823326441,32.748364381034186
104.03430906608803,32.74390546015133
103.98352704113651,32.90970789418352
104.06485944890686,32.702484255897645
104.10867115584612,32.69589407564106
104.06397165065081,32.5934640898097
104.0962721091295,32.624775606169024
104.17578504087544,32.6444683121625
104.26915472492439,32.66307128312082
104.15015918165135,32.46575201978988
104.04882191858368,32.4268665135483
103.88113548909635,32.69836936576362
103.92114303449563,32.75751652000502
103.90651231798212,32.59228607062164
103.84270210354912,32.5452432130315
104.0346948823791,32.68869394601584
103.96970762130168,32.55047695655535
104.0367584296515,32.46302726385536
104.05580314849759,32.46503536300434
103.99054017475031,32.40532426610438
104.00082035216867,32.3243691763215
104.012574642016,32.30395459863038
103.90718772630338,32.548001853509355
103.83278629841944,32.66135799186433
103.97136377612675,32.80104054536321
103.97951671484763,32.711432315279104
104.02082433070757,32.79361058461386
103.93738548635231,32.7136664181473
104.09732416299313,32.64466356279329
104.09025780661038,32.50481591893376
104.17479155259151,32.546591177786944
104.34456594445246,32.670144765668674
104.20886460068225,32.664674611193234
104.4187616777053,32.711740265734086
104.43856847493582,32.69576796515566
104.41219504088797,32.742751445185505
104.42683089015686,32.81827691681508
104.48651205042212,32.82418505482503
104.44275294028918,32.84453924761903
104.45221754922068,32.8651678580141
104.4874591274438,32.8491049078482
104.5526936055124,32.841041748788854
104.58656384751286,32.75694160607147
104.56913023195398,32.725975713426294
104.43659123829026,32.828933019403145
104.48623466795796,32.67603634110458
104.4783832630126,32.695379182020375
104.43448778826134,32.83278177795859
104.36701043689678,32.84748937366247
104.45892162201959,32.6602425038273
104.40781658272834,32.54116198878618
104.52849117190881,32.5487738895435
104.5974300351985,32.595540499597966
104.68894703032124,32.61771892227578
104.80890603472548,32.54909363766196
104.79635665896338,32.55668349094384
104.81108004606767,32.521658915190486
104.68889324761676,32.707512110171756
104.6600034654054,32.6794961691875
104.73292708155098,32.643920059061735
104.79778031748992,32.682625757727884
104.60430188627285,32.68980295623628
104.66130481382801,32.721717329838604
104.587416371948,32.7137834225875
104.53689125761927,32.744847771802
104.5237511144588,32.709860238799415
104.60880867816337,32.67089089327185
104.73356395926082,32.62837385953192
104.8173895682075,32.632848050471445
104.76797327671274,32.71472773432213
104.8609150244637,32.55500397167649
104.80609093811519,32.71138681536123
104.81038435592244,32.561324557870215
104.73544040965173,32.52319730796797
104.48734946297219,32.54961528033385
104.4993568333799,32.58099763603913
104.43021023843399,32.57904761122379
104.41604825950711,32.756815976811275
104.43845746406059,32.7432199993344
104.35433537539411,32.61291921871969
104.26863065093879,32.542316653264976
104.11239071419237,32.500816971761495
104.20945080748642,32.324784707074855
104.10042673878236,32.375821607733066
104.0116751455782,32.31779013587241
103.91962967823443,32.316399217507566
103.8583554832632,32.31072719755253
103.85546582446378,32.36839937620859
103.88717977174633,32.41201496610179
103.98855911907862,32.48649563817861
103.91381203307257,32.43295612711662
103.93991020290505,32.42500979675176
104.0029223018761,32.44025402840295
104.07253346235788,32.42073245403217
103.95864174581362,32.54871644425402
103.868502916264,32.684624521418094
104.12690185991309,32.70739706627696
103.69365574966191,31.309882695972423
103.66597743898369,31.201915170222016
103.70458556301571,31.16233072840527
103.65714897764245,31.30075222952357
103.77546702182595,31.262201547118888
103.77432202741838,31.30737445181686
103.6962325402457,31.37116086074993
103.68823961074263,31.36134641110847
103.69878557033782,31.338945691259394
103.72074103554702,31.32235011114456
103.73727323084574,31.36953144999377
103.80027253212123,31.469387237029245
103.77305682510317,31.52436530832418
103.87565427606907,31.54152371704955
103.9696550407257,31.598842722318526
103.87541328178435,31.46320548415188
103.86499263717812,31.353534576188867
103.89595322909958,31.385945629463034
103.94392245166058,31.381300354037766
103.93389920745703,31.437190997783322
103.95791848739415,31.507757795917893
104.03909170523401,31.625845520306413
104.01315242495099,31.48149681389916
104.06286914268577,31.485179909923442
103.96622840822944,31.486234835325934
103.94037830489494,31.556919096529207
103.84440592966797,31.87920390108913
103.9171557223965,31.763414027231608
103.85625788329443,31.7178820925384
103.91889687353508,31.887471577267664
103.97738994963805,31.88050617228285
103.84017799013695,31.80794081957584
103.82133540763147,32.08919257433182
103.77011743273918,32.04411245778086
103.72873331455995,32.11384238028626
103.74835765171429,32.07418584941682
103.755418285712,32.07918655782873
103.76703107008672,32.12787213066852
103.76108175204806,32.11580406036291
103.92174513443564,32.03836950190801
103.88370602523105,32.10817604310312
103.94279961463305,32.25547456310781
104.03089493690531,32.38104847608741
104.17146423126545,32.327399269450154
104.08563751523596,32.1951012806296
104.13078257863043,32.20784504123169
104.01668480158315,32.2755765717389
103.9381005434747,32.3136203009787
103.956346971143,32.25427564486141
103.81368541013826,32.30610072020873
103.84976678841413,32.16933225503297
103.88346286153353,32.17664150338205
103.94954143486478,32.21977436237392
103.84147641823746,32.20873573976025
103.9439083452263,32.277015928731096
103.82936634006583,32.24095034944648
103.97424260607036,32.29658079200292
103.91070293921129,32.31369455644741
104.06277560224238,32.3409974796506
103.87006211479202,32.244146017824676
103.83341537355841,32.22540572788769
103.9039176499492,32.12092226244843
104.02707432084301,32.14729233373658
103.88210582821837,32.18204285329547
104.0941324468611,32.15082062156718
104.01221331086074,32.075755509254996
104.10617806050571,32.12360121452445
104.28786764197301,32.25199948029532
104.20510451996572,32.23445905820264
104.1516768830859,32.42869487095294
104.08021324628737,32.545868538441475
104.03972249598932,32.57377571778961
104.1337318210584,32.569389793594475
104.22939546501912,32.58046781821174
104.3217528074722,32.620213145900216
104.2894035126214,32.901405832869344
104.27249967019377,32.92842245336186
104.30383366936836,33.010876813881765
104.30510834061384,32.981677951975186
104.19128221967603,32.91884147513852
104.13251111985589,32.84148163742362
104.164374387347,32.894635396539655
104.09244986605296,32.801690385883745
103.97098300124092,32.83527983809802
103.90807806603061,32.76853178136492
103.85510202924655,32.671839509939424
103.82077456281458,32.655089216826774
103.86386064499516,32.624221313288174
103.85279562538528,32.56238543548957
103.93956521636576,32.40758085353838
103.91269836564445,32.40347331390082
104.0304442749325,32.36854596038378
104.03974992640177,32.32394507138948
103.99394161598447,32.149289118169754
104.00385236350041,32.06699844590072
104.03838705783753,32.01606124328505
103.87430943072545,32.04592131911585
103.71882129451765,32.05202490175593
103.72042661000678,32.074010587046004
103.67768637231434,31.93912999482204
103.83894246838602,32.11580291401555
103.87288053000644,32.09476111023666
104.02208938436429,32.21604260346914
103.9967737081698,32.11155706700418
104.08135671644193,32.108041034552244
104.01249868084838,32.15209001109824
104.04044058769892,32.20173181587183
104.1588805296703,32.42387745476137
104.02307381493108,32.36686188233514
104.02285326358947,32.29237330539021
103.95404960579928,32.37379736981878
103.96287003245317,32.52919550319269
103.90298462011923,32.54994261453041
103.85700967867318,32.54925012883722
103.85688888559095,32.65102631422542
104.13365501362719,32.63681276901354
104.18842285453582,32.71243158056217
104.33729719245424,32.59676211217619
104.49411387508827,32.646031021314606
104.41594823812143,32.489417159228815
104.39726686912032,32.531865570805266
104.43531189150525,32.67422313779255
104.5940132858092,32.684926702240176
104.51456652686568,32.855919739714075
104.37249507813353,32.7066340720976
104.22917433941261,32.607936753220194
104.19151553996898,32.62181765304095
104.23391984058578,32.68878029911472
104.09208562223981,32.83308973640328
104.05273817787953,32.84662798725829
104.02444170249815,32.988567816855266
103.95311101835897,32.823654144625934
103.90590612774591,32.82865988982632
104.00567365321025,32.74962450247003
103.9741831349017,32.72921177563885
104.19677769619302,32.57622172055417
104.16829175699753,32.57094141833541
104.16169704263147,32.58844690939922
104.0672735825198,32.43302214720482
103.83965771734044,32.3643000717553
103.97867372169564,32.388790865131064
104.0814540385567,32.49543091437589
104.10979654099945,32.50676246413647
103.98890071671126,32.454188349538526
104.00796017247723,32.3571936261575
103.99200001435665,32.26616500916078
103.82889950730599,32.2614803733528
103.91558102033278,32.45107432876364
103.86303465677689,32.52192944043364
103.89330233174941,32.599854449006116
103.867255197371,32.601621212904504
103.838180799722,32.49270481151086
103.8128116841151,32.589677596769775
103.87183698005214,32.45444770602911
103.84720502045255,32.4753514786151
104.04681669030265,32.470135168961114
104.14305907437436,32.37503647350328
104.18660853976642,32.364071223157566
104.2152998025903,32.32346482540647
104.25373272587257,32.275805444631445
104.21714409711032,32.12318574683148
104.23289483026716,32.17817947879824
104.31265120478889,32.065804402541964
104.24290839299933,32.14027129907662
104.10710280488631,32.170587678107
103.90165747562061,32.11709396083599
103.86029081346275,32.13800941242122
103.81738630931048,32.00044154252345
103.96265132782396,32.01758627164548
103.89990861216393,31.942053680278807
103.92325523652079,32.02724324014598
103.97982447550982,32.08918901604554
104.00998331883585,32.14561398580952
103.97135941947496,32.23993277968742
103.97217935351361,32.25117993107268
104.02248297846366,32.15572843109036
103.95737391790941,32.04544251296932
103.91544753816592,32.05298685585721
103.84012012922675,32.073912776425146
103.76205612723544,32.07309289481597
103.79838248854938,32.087341026238356
103.86544873759894,32.122096840019466
103.924928297574,32.10323818842061
104.07286820752809,32.08581518251888
104.00928974478526,32.052683033005266
104.10881535593178,32.00484249314471
104.04088059377061,31.9563062807152
103.87999028799004,32.04020463353849
103.8336222974045,31.969947692761085
103.88302459641069,31.903315426819457
103.83754775200593,31.997060655602496
103.68346703516215,32.01005584923366
103.74462640771229,31.992456831514982
103.80595172316916,32.11708276820349
103.74791445880496,32.095581070569196
103.76572923734071,32.01355843863066
103.81556810364407,31.902159482723473
103.94925206675006,31.838285832888356
103.87951167576489,31.757740681888244
103.93297770298847,31.70637773874733
103.97681428488852,31.65849356405097
104.21062932213404,31.746073626049803
104.31851253758097,31.758761584318282
104.26549561770481,31.768593970119646
104.19705149157011,31.74767503684899
104.29147625854841,31.807319244975094
104.28221460759919,31.77168261894739
104.15562364776449,31.75349466330746
104.34776972328083,31.816981032042406
104.31570301636484,31.77396155980461
104.12040570344412,31.722829797493265
104.12964895595498,31.6688259908735
104.08418851918454,31.745499902096935
104.10357309003656,31.731201951138832
104.12379504141575,31.63830156680302
103.96851606777251,31.561105724004385
103.9070073152801,31.53060347961647
103.96355990789358,31.684667059442162
104.02475007605663,31.72291077113928
104.0851692335429,31.54877307497621
104.10894338749154,31.672870715440997
104.23940998226337,31.753054633782877
104.22586948196447,31.784795130705085
104.20567836269984,31.776236254529262
104.24853428516329,31.721582381887583
104.20285631143717,31.766307134516033
104.30866032142613,31.815292186151872
104.28902657723731,31.8096145175867
104.26005074801404,31.79426255391446
104.17482321745942,31.732761530448403
104.26638128836575,31.7755494082838
104.25252772466317,31.781761794657577
104.28250697897371,31.75503578656538
104.30255249826587,31.775786827582177
104.30960882090166,31.792241656016312
104.18749439400861,31.692872186358702
104.02461665446157,31.710932224304642
104.04767811288488,31.71818257749272
103.85785778215059,31.53116817633355
103.80579823368201,31.4606198175064
103.76856711616236,31.438619828568957
104.03492334218986,31.565061166700247
104.03133345372932,31.61665244733369
104.1021760374605,31.57445856210581
104.09299873136959,31.556094223067156
103.9832386879823,31.682873114224407
103.88556127901751,31.73721914952756
103.86166276100175,31.74715621615344
103.8593486992205,31.865720430360835
103.84220861435772,31.941661912390902
103.8870191818859,31.80291226618455
103.98691181174242,31.89545700839963
103.92820299682043,32.01452723806856
103.87488035367411,31.930590898656146
103.8053388709007,31.85260086527866
103.76434978662247,31.892813502334455
103.80920128497266,31.9813175790376
103.73249492858388,31.83851982985121
103.67403007180303,31.927880515455662
103.75356634316925,31.983156238914766
103.90871229134657,31.87808841226838
104.04247783877146,31.8531383308015
103.89041189848106,31.968776720575708
103.96225470232554,31.81877811883445
103.99210439578897,31.969668627971878
104.06659109445617,32.09667076680813
103.92010330114347,32.00628227955924
103.87554096800537,31.884630105216235
104.00264238993752,31.951347372265023
104.00729315336686,31.83733001829629
103.96777795797713,31.971696654401153
104.01907034793209,31.91237671636195
103.98655975691439,32.16855254022038
104.00880551445314,32.23421460234923
104.1578409698589,32.289382748017914
104.32344605217325,32.15950364133506
104.32530998193639,32.16891789212368
104.3163542105014,32.25849756468782
104.27659518942029,32.31986027615642
104.0378993372665,32.39806212194802
103.9790896534431,32.348355418503395
104.09216784369144,32.378890590454475
104.1447677912516,32.38635709902497
104.02562687807513,32.448833689976226
104.06490782362899,32.46390878936881
103.17607521353226,30.5249432448499
103.10533887678778,30.578668277128426
103.04336098127386,30.52991964149455
103.1816024568884,30.576479515726685
103.25912382344147,30.688001678511423
103.31711802261398,30.72792316643615
103.35117031577516,30.82104338499462
103.35710685193759,30.739649172631776
103.26831463206953,30.760817462086788
103.26171146896256,30.879145894686076
103.17555685577484,30.739714840188036
103.00830098951964,30.680583599011076
103.10027191262009,30.42256527957547
103.13053040606611,30.465115368758553
102.986917279657,30.403387282428735
103.16351881789234,30.543038710881117
103.08882407057459,30.674085957417645
103.16189442136704,30.617310958601916
103.10924953672118,30.635662954312398
102.71357385244522,30.586902090923726
102.78862147318793,30.731139300423045
102.91546064437811,30.736203767859514
102.93664997854005,30.7839656478929
102.89600084110253,30.884884751217143
102.89972943730457,30.91497544939525
103.02523724455507,30.755668456576224
102.98742480963706,30.767994221915934
103.02514268497106,30.75220693937315
103.0911109441056,30.817996317126333
103.20843830255487,30.621560520218477
103.2064880708534,30.622121961556058
103.09531818585948,30.642645773647907
103.0869240143883,30.606756018876887
103.00140055738832,30.716438591051748
102.94300310031608,30.676389865366364
102.96516350766046,30.5521481994867
102.99651903079135,30.449051187536234
103.05730635415169,30.446853052391408
103.04375269090626,30.516159607895453
102.9729037458423,30.497450026804955
102.94146149157767,30.548530720598514
102.90752347974306,30.462195337680605
102.79305795665525,30.480253824040368
102.86082922629394,30.518962607706474
102.85667672666047,30.508546588711212
102.97883350035266,30.5733547359632
102.96333159388273,30.744138268145353
103.11876283133164,30.809564935262895
103.09584858614453,30.787178470246445
103.28293969374327,30.914834310974463
103.16380083268207,30.837252379784164
103.15698485460968,30.847003297832284
103.15335998663588,30.829484379070802
103.06327590733639,30.717141081652784
103.07160381434568,30.86548892684924
102.93225541461312,30.984089516381665
102.97218000433789,30.94463278619676
102.88675906468251,30.855706307024384
102.94427029906146,30.963643189529716
102.97515270390784,30.706324216991753
103.11713031435117,30.86610848540578
103.27666415264899,30.657855969564118
103.29502946398354,30.7958140630088
103.20865886313086,30.812384467222202
103.16103303922117,30.71243338838209
103.03978037563215,30.703829043547586
102.92543415230308,30.736657536983778
102.81785308515235,30.625538080739585
102.82678734663634,30.792659688693767
102.92575680189796,30.807651106688144
102.87732968885932,30.767740624109205
102.81502145015939,30.837050221728425
102.89123910138184,30.854382764982667
102.81919848103493,30.86747933872462
102.96713499546273,30.854408185574318
102.94355179966861,30.839053029975183
102.86556137145013,30.829262106055566
102.88643361567281,30.74219699156169
103.0536731813585,30.745457914942698
103.13039288004968,30.944173034526308
102.93142634241207,30.971174600470764
102.92930360770663,30.849864651988863
103.06112968232837,30.75366742740492
103.05839732871101,30.679337053701133
102.94618590223324,30.72782203594684
103.0703616580499,30.790605709032175
103.05720031421895,30.887091696262022
102.99899919648782,30.994415087520387
102.89957191856426,30.857277782000786
102.96828820377605,30.815326997409542
103.06773879754515,30.805295741009054
103.17608256350367,30.697223457203354
103.2348646832876,30.78223512149609
103.14204080997652,30.78901934732022
103.21186494905463,30.741351498569053
103.20476510061496,30.82685300783153
103.20327966529302,30.88611724136698
103.32788300762986,31.00494294641252
103.25852487425382,31.013471824214616
103.24806689969883,31.02714027476065
103.32233269504405,30.863585495180356
103.39473474353338,30.8401346878988
103.31387432542547,30.692647774571075
103.24715724212611,30.6544525984847
103.1773377989786,30.69679700092324
103.15874207495591,30.660740202508777
103.18080851559569,30.5277827233704
102.94125167497798,30.74540057198901
102.93634758962246,30.720084941813422
103.12645691378327,30.802878210887037
103.02214845926727,30.819930409367633
103.1253804011212,30.763974845440906
103.22895729750172,30.90894678876633
103.28408161435692,30.7357500622001
103.1594654303187,30.825306111987153
103.15833703954874,30.74993853030263
102.95309182255234,30.841906409206278
102.92417459991323,30.8329401284985
103.06855686895287,30.700058823727638
103.2596255115065,30.687435307932834
103.18235802263493,30.6193386067398
103.12611507832023,30.75144193965276
103.07602872013378,30.801196796205403
103.23498202237987,30.850720077787678
103.35080840438076,30.838167237379142
103.3086060423331,30.85870020982039
103.33141627234784,30.805041862746418
103.28911698271914,30.757187801675826
103.1787335320198,30.79195019645823
103.03735908259955,30.886389471314686
103.18365798297607,30.841258978097574
103.37390160239757,30.846427121212056
103.30365460751634,30.83465401033516
103.31281531540651,30.70724617735012
103.21364550329011,30.620158254180946
103.21379201207063,30.696343070509453
103.36324151486464,30.825946064740172
103.5087369129099,30.86316352525945
103.40400702509099,30.842108274720275
103.36274480106664,30.885466610680812
103.41118119749113,30.83282412382591
103.44529371360599,30.88669444596978
103.50342354551049,30.868009968430272
103.37762449005515,30.910952527393142
103.16221039459589,30.85825458358399
103.01723891427386,30.596131051340645
103.00476951188786,30.62926884941549
102.94454376746135,30.496400568621624
102.97753673756871,30.39664221257806
103.08712171988797,30.46957323273871
103.08713738468445,30.428995159354184
103.06986863031767,30.539751262637644
103.07814627750065,30.555808821978985
103.01216774056856,30.5292088623985
103.14775631113274,30.587907901893086
103.08551586583688,30.5604397605207
103.19116790591393,30.558353370933048
103.29332490992454,30.81299998375762
103.30093947496577,30.824502825367567
103.16512375734277,30.97254812660325
103.2155191084764,30.90940267155056
103.22084266158689,31.050426588559585
103.3461440273825,31.03220218567088
103.3626138272266,31.14041322217307
103.36366931192013,31.121973059435145
103.27491976274405,31.10046002315264
103.21917134899884,31.069383801470526
103.3933202885104,31.052532343434486
103.25240890808325,31.299543975760386
103.32830482294577,31.303345661631642
103.40433301554903,31.145935495033374
103.29684896293402,31.269432822950773
103.440090098534,31.355642933392925
103.45791788956886,31.373797332619514
103.20582980511159,31.35520747772604
103.29240466857699,31.31925330196262
103.35530070843876,31.345598074024792
103.40965270015478,31.38598332315964
103.34114965355333,31.36746558018075
103.35525385795981,31.384564477697968
103.2920860159566,31.375240217964286
103.1395374255163,31.137125929476976
103.0137225825385,31.09445246634198
103.17534487250309,31.016274488216176
103.12155819512904,30.924657685311505
103.19874653361244,30.804314998269927
103.26805178555769,30.862002302678803
103.0299951176577,30.849723608410876
103.05479300817989,30.794572997270055
102.96877703262417,30.82463439430733
103.03621680748743,30.811366362686712
103.2634005424796,30.692804093187778
103.20252163209746,30.949230353244747
103.2383783126472,30.890607242885938
103.33466315198638,31.034277480873897
103.2240227565521,31.117929346289763
103.11195343246492,31.25772425561976
103.10665347179945,31.03267855059168
102.93814428625578,30.89283008924754
102.95637707810505,31.033601848447894
102.95159352772322,31.112950550756086
103.20830235151736,31.100195007015856
103.1425679029238,31.137179925289704
103.32920777771953,30.968946500485817
103.23872782199162,30.996971439449528
103.17767821761622,30.941441615612394
103.30066701656078,30.99788848333054
103.2339898194675,31.074711016725633
103.181136427577,30.975365500550854
103.15802549903364,30.982996077613556
103.16374117878466,31.099304389085926
103.09531587565273,31.16770450604504
103.0838810426753,31.27253367362925
103.10053149230727,31.236993558263407
102.97557196324327,31.14591493657717
102.96719539278895,31.000172735752855
103.05008548487976,31.020752835553914
103.13605471636559,31.09187767071746
103.02531836353081,31.083834542736287
103.02709532419898,31.06735153563879
102.91036906500344,30.918886282554425
103.04429286747096,30.695843744551574
103.11017220160345,30.644435881131965
103.02441005463909,30.70872765901152
103.05234046902275,30.517892710519348
103.23665996473635,30.71403239446218
103.0370325258728,30.73789545727022
103.18139754429538,30.7761151236561
103.15710453420765,30.636105127247472
103.26127244119647,30.658672070714868
103.1522360582298,30.58606094545185
103.0579939383779,30.56485500612425
102.81962632400973,30.465459533089295
102.7972765395397,30.544215643681348
102.77728484627781,30.582843772680263
102.80238093116824,30.57771179129376
102.8192408692469,30.46191456083319
102.86501993311546,30.407189085813876
102.9545667628935,30.608007030612345
102.84269256376821,30.523022706553235
102.87148271462769,30.536698205331852
102.76089641335525,30.623764512852112
102.74313782052714,30.596253343833574
102.72907682188671,30.73071708551117
102.51893592919659,30.549617605725597
102.41742554043577,30.488418930498007
102.42626517556546,30.512755867073487
102.52003710355581,30.54968968573457
102.4812869533696,30.651086344043712
102.58300625453194,30.742229391415197
102.63167373520754,30.794342768284125
102.55589707327677,30.730463225055683
102.8077026118162,30.870277554563675
102.8248355185387,30.794513485602756
102.9113217570014,30.711748787299854
102.89573835888547,30.788540450739372
102.94637509603452,30.815114707733333
103.09369333945907,30.809349103728003
103.02582556826762,30.85026009148805
103.04667789382714,30.81370988354453
103.05000996815392,30.970669008577737
103.02805406594597,31.280018578339178
103.06252788896057,31.1816575187409
102.97821126212787,31.266825193755192
103.04904144161436,31.21861103999866
103.02830394690112,31.204123510575222
103.18160858710858,31.2601758120494
103.31501020030169,31.138357002325208
103.38657317145146,31.163438410199856
103.32346318100338,30.978494481586697
103.21004277939684,31.022540360288293
103.25598282867333,31.166856818814487
103.26558321381772,31.124953618874848
103.39640909870988,31.05446796706506
103.36407269329965,31.196294552139026
103.28115122804745,31.12563910983066
103.37022506095123,31.10305084744932
103.3672545489282,31.140776124936266
103.32520538452577,31.168727082799546
103.35582141446893,30.97339521724815
103.38619508505647,31.065200092774475
103.2322005959393,31.117080125712192
103.27309669417158,31.083375484137232
103.22602634726103,30.899813280670166
103.27076276772705,30.878395785708108
105.44728535173927,33.02898870278216
105.50214640157631,33.097854693749326
105.47071909960911,33.039807213517406
105.43029940948983,33.03584766981721
105.228726280861,32.83985586305857
105.17057146617502,32.913300386735095
105.13693678834179,32.961962350829815
105.1070481981781,32.8713319012067
105.13217713673424,32.947376946880226
105.20464256408725,32.82619765972458
105.24711891327905,32.79620184374176
105.43657223030952,32.74219426311811
105.49245097937275,32.789987269240804
105.4123283518126,32.8737865906449
105.40537929149765,32.84592932781377
105.39530201786506,32.77980589528335
105.35813985282087,32.84555614376503
105.3591379792818,32.87164736882233
105.33403375789517,32.813494682362446
105.35737898168395,32.871128154854375
105.20605075375035,32.87766449523826
105.29661370983477,32.942621562522206
105.301028547409,33.04104384875395
105.30715005220154,32.92032792202066
105.3793628206182,32.891305297512396
105.44564776928904,32.741626134273915
105.42507832201586,32.77992947132269
105.38786258974162,32.935507093402094
105.40595355134536,32.908469419783266
105.29658305131375,32.812300812857636
105.29465342487653,32.66896550432465
105.23664152375531,32.61313998093965
105.12517004253687,32.66279867428159
105.03891549567687,32.59197601682741
104.94687125723104,32.570251859562376
104.97593791658235,32.66155337866462
104.75998684598424,32.74992640610999
104.80729351035995,32.71185799739232
104.92496709739848,32.59212281192921
104.97607345701456,32.54208652167066
104.78044726544978,32.59764517698763
104.74278350647445,32.46611830657575
104.70827019023194,32.47167849141125
104.66462252519905,32.54704798254999
104.62250786802537,32.50804000597193
104.48270480223911,32.62195559944653
104.61981924000423,32.49239834448321
104.50393251612068,32.50837481622902
104.61802070706962,32.4210442911789
104.58518605250917,32.50248121196414
104.70215390056583,32.58963765755211
104.596112214692,32.634857053567664
104.54696589961397,32.81945386584217
104.34918945558415,32.78701339066326
104.34859414501501,32.701228833552534
104.28662309458015,32.75197022745807
104.35650195248753,32.81985943527534
104.32962213248706,32.868362067740236
104.3184352035926,32.84439039204978
104.33209895051499,32.85759197329425
104.41369923440712,32.891231409721435
104.60443429928108,32.799390471620384
104.36285717131591,32.643216087503774
104.30311102481153,32.542944090937176
104.47956375858706,32.533848809836186
104.52559993285288,32.688306318386154
104.54962958119356,32.64316542770813
104.54697456417611,32.617289487172926
104.63080169020962,32.75475915570066
104.65918815769824,32.6788445086742
104.49113216429814,32.596201070257784
104.53972897249263,32.557372545779714
104.49623610336113,32.637844976722334
104.52245897425593,32.65205638005944
104.3998678921264,32.54827673865669
104.4408335387363,32.560526657313716
104.30702769054058,32.633403280042174
104.05997870018365,32.621587544921454
104.3860057003039,32.68403911757168
104.44717163007677,32.83356657487922
104.54540111342706,32.87145444954991
104.54111036203773,32.77709816559384
104.53244585886891,32.739232103730565
104.4844885487355,32.726132286533456
104.63389437312522,32.80263309668894
104.36091106740025,32.97176416284037
104.38904238838208,32.9462142351049
104.37060366515468,32.91925470655566
104.27455965024815,32.82384214381743
104.39163545926446,32.966731365970396
104.38534877162813,32.93402695719255
104.3474505717138,32.84938725786864
104.40637674053639,32.85026551541153
104.44785470481207,32.62768976681734
104.2580923027548,32.53725758112122
104.51779819948547,32.640012133978566
104.46897710105829,32.81204474951802
104.50412421555522,32.864333127534465
104.74256858577415,32.78023843088374
104.81673421475044,32.569834059955525
104.80619141496597,32.6673686967448
104.9158006870518,32.57951110412191
104.98393599851315,32.60066776818037
104.86088046865407,32.505216046421026
104.75410790609767,32.53891225319313
104.67490877009264,32.54121600871489
104.72535496767637,32.56690108332422
104.77836622561078,32.77358283597214
104.85498647343536,32.7774172239543
104.815774408109,32.81669104500074
104.41659832700829,32.83421131913909
104.35654068064429,32.76948665225421
104.01369185138726,32.64474139635755
103.99091442438642,32.54348860838614
103.81777017546922,32.65090967051771
103.94770932056048,32.564404733843496
103.81134920564581,32.60224633803328
103.88115855382479,32.61152897363996
103.98200258153521,32.64035823148779
104.11611215504597,32.640014195699315
104.052970716219,32.71451965201147
104.09027978553715,32.55964746484212
104.03039485616249,32.559913522384115
104.01342065118558,32.58785300770423
104.14362137132073,32.60751035634138
104.09282314647217,32.71434584904448
104.11809586049107,32.71589529662988
104.1982419616562,32.81773300300952
104.2163579293012,32.993869617626736
104.16251752167162,32.90006048733396
104.10283286427702,32.812820442016566
104.28809396453279,32.8600152396324
104.22569570196829,32.59083914073582
104.26183250540659,32.60086871801008
104.45544431693284,32.71110334846869
104.28893437395065,32.70538877696582
104.32627748012538,32.729788605109874
104.37676009514065,32.690504623254675
104.39213741581177,32.68128583774227
104.45054670002384,32.658985897571796
104.48500659018512,32.557581794976485
104.62555430066827,32.547581245922665
104.6814556183358,32.50619339719375
104.73749121008241,32.681614083530015
104.8348432437776,32.67881597056871
104.86088157616416,32.77442539790984
104.83659738424701,32.746362972285255
104.88007649232193,32.639873544024475
104.87074690925881,32.758212600639546
104.71390723000364,32.78254239080168
104.70544082902643,32.75822847364478
104.72158608245749,32.84207098462728
104.64041971454354,32.788839273790444
104.71044799069448,32.82231234263128
104.62554427176097,32.69112422709276
104.46824800717275,32.834254731149606
104.58395454231356,32.79395412883274
104.55385678441907,32.79495039335094
104.62326504297324,32.77318420832391
104.57382860018885,32.64430897607844
104.61058123200999,32.73729630120723
104.53865798900719,32.63144710565165
104.46287339951179,32.592323748143805
104.51045886855144,32.52514247063262
104.58577624857696,32.463860403214944
104.56065301275956,32.44037848986012
104.55843720906607,32.50515512083697
104.4938337161007,32.500282174407914
104.66657532791673,32.5702205655911
104.73316346679626,32.49896052785207
104.65970056930861,32.54788640732938
104.63342648703811,32.47544635446836
104.71814548252576,32.501988340189314
104.70954268800367,32.50146097827337
104.76161731182916,32.79331810548192
104.98833911431446,32.7300602578707
104.87136780431997,32.70267213453103
104.66740020748364,32.68524649546211
104.69016586581301,32.61616081504514
104.74473326943365,32.574267007110684
104.4988487356619,32.51589101291172
104.30817111893,32.57694974898953
104.20853564754242,32.58114694192549
103.96306147238,32.73635128118451
103.9387444544701,32.69007231955055
103.89560467278591,32.614832208169986
103.87079727372148,32.68617083115815
103.95080725786687,32.69451470261508
103.89570414415152,32.65859452173696
103.8385909912623,32.58757608624693
103.88151520095285,32.516025818886625
103.8786194155474,32.385915699925135
103.92564549800181,32.27616851487862
103.836749216505,32.36116879068482
103.83924836583547,32.362363406870244
103.89291534823289,32.20049471567941
103.87216055497638,32.18557218790315
103.82841405750852,32.279682763641816
103.88904689096852,32.31359646369454
103.98709873555217,32.40253069920305
103.88985714003773,32.462614482120685
103.84878269689274,32.52800126787546
103.94114095768946,32.41783506726428
103.87534424065106,32.430650607078896
103.83960866648187,32.45264827411472
103.98301934172746,32.44024105014813
103.97720081000773,32.30302695834947
104.05126402027531,32.2927922659899
103.97024427648728,32.32086258546403
103.96374081006645,32.32500088890348
103.87597414624854,32.45068530419501
103.95532566165308,32.532452355206196
103.95675567417139,32.455046261959836
103.97660149291131,32.58903299748727
104.01884911377047,32.662706642092914
104.11882618401414,32.54139896486042
104.07634341808244,32.55585875972539
104.01398931145572,32.68715343812347
103.90524695687812,32.83474311916485
103.98151712526204,32.850373388892976
104.00758205781081,32.91750325715235
103.97160254511333,32.959532902454306
104.02257178090144,32.92277119647507
104.02211345764022,32.75585870394865
103.93438458214496,32.70543014205966
103.87620485868469,32.41959101111479
103.86479078468655,32.48848088982489
103.85528274369746,32.520321650386755
103.8468065777287,32.444167879127804
103.88952445696391,32.442288294856766
103.9284864289149,32.594784530383606
103.92063821852486,32.49942922135982
103.82767439976917,32.50448638633034
103.84644578804436,32.56984320818728
103.95398146633589,32.48063587877336
104.07539279651411,32.44066687288051
103.95960286489544,32.502491681263464
103.92194496883239,32.43218682527202
104.02390782790988,32.42121679888297
104.04552839931804,32.45040389113061
104.10677273427265,32.311937702836126
103.96844897083055,32.21509945342933
104.14062373473422,32.45405250149631
104.12329516282865,32.40822962477346
104.04531378329114,32.31966825638727
103.92643753215494,32.342212174551996
103.92721850384325,32.30599778044426
104.12889385099969,32.491092642500035
104.09843669296498,32.44668277225557
104.07974434349497,32.3257290383139
104.14572663867592,32.25791760547689
104.13438220240836,32.336351814461366
104.27927603266183,32.300900773756645
104.23942020530247,32.340326074733454
104.22852826168871,32.28127978656586
104.32443253380173,32.311205195877825
104.23942244347712,32.21685179452856
104.30090297856252,32.29928345235047
104.40617134631793,32.296326238995015
104.40436652591916,32.304079356078695
104.26530376271745,32.19515918052635
104.37657726419053,32.087991663263104
104.44728623072744,32.09152449315165
104.29235758341176,32.111479846868
104.44425103817379,32.066272432769516
104.34543973354931,32.12881294378418
104.32046195172649,32.12248781338718
104.36728199929927,32.128617518059116
104.05304652061197,32.17026897480984
103.9490106810761,31.989050780054477
104.02534723471463,32.10277779397277
104.10787241303636,32.25079479839981
104.0096488631332,32.40079706878591
103.91872703924467,32.4547563870766
103.81794922644444,32.25304904708868
103.9676687924197,32.19070182347247
103.93957573242099,32.456719333048255
103.81082081108318,32.50514124487648
103.90580861560557,32.54947950112192
103.98335511996684,32.69325912422973
103.85235045266691,32.690992557015925
103.8719781027648,32.69417869209066
103.90069761296188,32.82458974650244
103.92735466792934,32.76013940071652
104.02987322175609,32.65102514328044
103.30843360256931,31.02175684324272
103.28776527114117,31.286443764804297
103.33577313494233,31.32627689381598
103.43989681984161,31.37429070555637
103.34828321316083,31.236802554015096
103.39944438244223,31.181323290121732
103.33050846831227,31.308027525331166
103.44507136843372,31.338619067438668
103.19117869992398,31.25655996566574
103.20086399509105,31.195068920061445
103.30794978726468,31.145508903710095
103.15451693316984,31.221448878520135
102.95736611582423,31.18877709266349
102.96667876983896,31.216329857129175
103.03143421373152,31.264970256562133
103.00315537426167,31.151459627222863
103.02439846115489,31.030475074067194
103.08718356562731,31.005097254570135
103.05356585724135,31.208761299862054
103.18272995999075,30.996310111603457
103.20272852153714,30.992717159922673
103.19163112454942,31.114509839272404
103.15174915206212,31.113755095749166
103.29699371627012,31.054799625478843
103.28153737727905,30.99552543997506
103.22626576084454,30.899683243832637
103.229518437226,31.029525595720685
103.37193786615173,31.105741135513483
103.2850530165676,31.027055389755063
103.18157219765189,31.05648842633631
103.33809004216695,31.078889864015174
103.37488171695547,31.072440420077555
103.34608207352355,31.07771987640057
103.27349444739153,31.247020877566374
103.38205161821247,31.19963184283645
103.39279491094426,31.341406426108815
103.33780506197851,31.266974202625168
103.19160620610232,31.31591534577882
103.31232871895328,31.31816810100166
103.35617891330618,31.283702942653637
103.29323029462726,31.38840647095105
103.28796909739296,31.287002992782455
103.43885866293766,31.18686450086518
103.4257348343091,31.18221247249846
103.38323824288067,31.195520279879528
103.33200581997097,31.246809452349385
103.1272872057499,31.239878701173712
103.20393502545986,31.276848321378292
103.21828545505846,31.24450880485892
103.3481602526038,31.371685315059803
103.37059341833793,31.27002446202216
103.37050430356803,31.203960962171994
103.43640635279694,31.195253028675904
103.37940830085788,31.21331254863496
103.32718880965571,31.169493003043026
103.24460112117495,31.141150070357565
103.22133666264834,31.192919544645818
103.2252400289066,31.29830872400993
103.20129800927744,31.2800479593384
103.3021583396883,31.177916610323905
103.3123889835639,31.142382027404903
103.3639060508919,31.162108865278046
103.30546715364686,31.149554221133542
103.25910116151493,31.306425099579304
103.31117737784822,31.32055585546954
103.4135524491871,31.27879942518941
103.42843313014788,31.404583350896836
103.43392830475756,31.381363270607565
103.36945535249711,31.246497515324165
103.30749843325378,31.21170430876594
103.4004644200929,31.222236238255398
103.38220552403169,31.40050449767008
103.47038140349696,31.413548820724138
103.33898770732665,31.414071617247796
103.27664053704787,31.37853104045372
103.28192544628017,31.36335506103504
103.3622865367088,31.409447040394756
103.35233345130851,31.33967767123209
103.34373032542017,31.269253585439202
103.31261760974486,31.232314480107537
103.23738963432189,31.154187111204074
103.27400514462012,31.216932831962065
103.31061199814177,31.226975413203878
103.39751557869533,31.3379599722993
103.41638358762465,31.330056084426182
103.3547088177783,31.38709157731904
103.3101584866377,31.368072494083687
103.27781010887905,31.398010045775052
103.35101413470584,31.301431396733644
103.46613178158303,31.427204607052456
103.38391127671616,31.355586199228895
103.18270869508387,31.172596973075482
103.11907691922036,31.13024033332077
102.93203246693426,31.197088184037774
103.11259860999684,31.177922967059324
103.0998038056816,31.202653024471125
103.00028949187671,31.18081149605827
103.03923165981315,31.169141289801274
103.02515359280495,31.152535979017387
102.97833428728211,31.017570125753533
103.12832606469804,30.890932489371096
103.15515265095989,30.933761091687188
103.13573296334053,30.900118353948123
103.35684508132881,31.037778381819425
103.22890368633819,30.957995837702608
103.23045875796828,30.834356405998914
103.12180668297395,30.951012501239422
103.04906486530463,30.82645605426153
102.88921995255237,30.806725753031632
102.84548222054809,30.77623350974875
102.99218709907531,30.83611320014754
103.0726180074088,30.794448324986455
103.25615757729081,30.74951642346899
103.09034822902667,30.66705907860425
102.99421214886524,30.767731823051285
102.95087971005606,30.79402869719868
102.74093292491708,30.7419896765352
102.71485138416261,30.779948066222754
102.67463838927424,30.67542230999899
102.67919757716142,30.632977461424485
102.73333327629857,30.66228217323042
102.61677462276968,30.585390259533636
102.80490122408631,30.695971306126967
103.07227911769785,30.60965899864844
103.14898966780498,30.596201119845826
103.09498141915579,30.54554885448415
103.0760787590273,30.60220074321768
103.00209525654554,30.56155741850496
103.0603215735546,30.47185501560442
102.98460935309137,30.42554505475566
103.04462133760079,30.496605274920285
102.93935208700138,30.561393859811446
103.07457573135102,30.79498293180518
102.91643850590236,30.93935182443688
102.90396295215686,30.926020818135406
102.95823069013842,30.91624660901829
102.97972097864348,30.751981672932562
102.90793573526601,30.90473501551727
102.84246751734821,30.873317997493096
103.03606812536732,30.893484721199364
103.05964188649158,30.866013004339166
102.85182374423376,30.699386913864195
102.97120049581329,30.654744798100786
102.96442058686372,30.611561404272393
102.88805985419555,30.754906404524473
102.7734674878286,30.900191609398416
102.85099845409539,30.931022975188167
102.87912643650294,30.852675081336027
103.00880409035592,30.848322249910943
102.98781405044467,31.017955718018303
102.99698284717978,30.90219228368881
103.02781987191152,30.96869997904363
102.93111399324268,30.95215020509289
102.9281934260564,31.005351642608268
103.08565597021028,30.933818687415215
103.0456964970841,30.860726517962025
103.15747515925807,30.873374710312522
103.11197774256581,30.984711799151672
103.05145859797355,31.076140105948667
102.97326151216672,31.158170992269383
102.96717340337727,31.021849461663457
102.91326107400401,30.886308700040118
102.85074058788445,30.90361722877722
102.8305798253238,30.906468704374827
102.90719652750698,30.826631555903862
102.79215777553425,30.910908401982013
102.8029698155767,30.81626087294168
102.81286343723326,30.728898665627195
102.76117417708946,30.687874323165705
102.58067716473771,30.49019368196997
102.54696801695866,30.38635500651812
102.47480026845332,30.43239633471099
102.45343351944166,30.42526984232642
102.56780367944648,30.393612654678254
102.61595370385852,30.469972085426313
102.67797956187725,30.382304545861082
102.69187966370124,30.50632729109208
102.81279094813439,30.56415317659789
102.79355682764665,30.529692319444983
102.83809965140223,30.552190802758126
102.79589329481976,30.548278731250868
102.75129602178214,30.703452320217107
102.75216477433302,30.79109529648888
102.69960770796723,30.861242775373768
102.78439515432059,30.711437156832805
102.71171566162607,30.770804053825184
102.67462263451999,30.772362981562694
102.6622844445392,30.807864315394554
102.69618706116178,30.83883303657215
102.84993301452882,30.89627551445729
102.9221539890464,30.78062959696897
102.95785463784092,30.93700403368777
102.76596800190138,30.818341189554953
102.76475555649978,30.879737102270123
102.90509076441838,30.89864760299011
102.82606967071357,30.92700065289945
102.88371999434607,30.73947931818549
102.99618848088446,30.792538981287848
102.98067635992693,30.899287393548427
102.91434268095529,30.964712566848487
102.95479570763545,30.978374043190165
102.94336495480813,30.93925179850848
102.87186540266222,30.904570088240337
103.04840256357792,30.745902941224927
103.24372085471732,30.911159508389236
103.3393950068992,30.683316504298922
103.21816914108678,30.651646774303362
103.29356353928976,30.63786277057057
103.15380571130748,30.65925572243032
103.12138231166327,30.568740360454814
102.96726995721158,30.62264442821296
103.03345442749702,30.67486977605793
103.19367940974297,30.622860987697393
103.15847615963376,30.592391069444698
103.04467069344382,30.43800009909966
102.95182833045128,30.50641475112034
103.05038484686648,30.47026248197312
102.93715570524388,30.447884547476487
102.90810980207699,30.392580066975945
102.91843377044765,30.397188800400677
102.8810974304263,30.323530861676915
103.1139373861026,30.454718760568806
102.97625197208848,30.495286986353953
102.96386790012808,30.448007615749532
102.94487952120338,30.629412975081777
103.06867789118228,30.51794841630972
103.04532303457952,30.592546459745957
102.98707626720208,30.84066395000112
102.96100209991141,30.654701058199244
102.84245991858023,30.522449838727457
102.95758362105302,30.50150196993228
102.97309631515455,30.418666352250685
102.88346801165038,30.532646318836562
102.99430193423382,30.554603762413034
103.0040219005311,30.41145267535112
103.07835472819373,30.585888413044046
103.0592915721423,30.716663522610986
103.15028667404651,30.693177815497826
103.05978473395413,30.619679372213824
102.99501539435016,30.824123988719553
103.06637740633309,30.78540726475587
102.92292819098058,30.570364916592574
103.00506097667952,30.45262120973456
102.98673321573075,30.409181659106842
102.80376132235982,30.4675774491636
102.80271098949808,30.434186745151873
102.8884525934467,30.533254129414406
102.69965585653436,30.555982655658948
102.8078033540913,30.6327244753346
102.84041207386718,30.76569324985354
102.7962160807327,30.88440250272212
102.75541398877618,30.848319374919345
102.76886270904325,30.90849972414082
102.88825427054061,30.870199837794047
102.94387095920958,30.823781326413314
102.8499234492723,30.677471344033393
102.68394641259411,30.877593799622485
102.53793669870939,30.726682257122558
102.53399299570562,30.73942060182624
102.55225839963695,30.776774632972057
102.60248807114775,30.71669073480206
102.58484670128462,30.69490543086977
102.62146339469251,30.597489235287807
102.49574676157268,30.61769306533101
102.43681692415528,30.592978735567552
102.68443492513488,30.704429428835102
103.00437952992594,30.60193538673495
103.00672773377326,30.56805555662222
103.0155170044092,30.58637148387916
103.09464764369126,30.624294471737127
102.95040343128642,30.64493404577487
102.88511784249982,30.739217885406692
102.8797427754257,30.713233662124747
103.16436810503248,30.6688099877323
103.25191292463946,30.645802506597196
103.27763482174532,30.73143586003081
103.31412164836901,30.83593302530818
103.25858542004981,30.839508052192908
103.18381638901643,30.724183949777878
103.16720009211735,30.758740891224797
103.04221558008503,30.881032093625805
103.04827906976267,30.85604318800672
103.0370104615625,30.832725363188484
103.01686925030661,30.876203580142306
103.13460174236367,30.853033333546456
102.47413601608048,28.940739247571887
102.38222009247988,28.938578690315715
102.34058091416613,28.87469072493923
102.29190394936073,28.973164612841547
102.32825516283243,28.950172722353905
102.37402250788311,28.886933515312894
102.38812630527661,29.032718190466472
102.27882881349501,28.958347946411124
102.45834440560411,28.898433631241566
102.36028608420479,28.85909109712138
102.44234346268765,28.895236785057797
102.34614748013861,28.86146924088709
102.26862917699097,28.981439797714625
102.2404169702317,29.058852473996037
102.22932709859543,29.11133857953837
102.24409712550481,29.037713884263926
102.2393057359176,28.99991446344096
102.25649869474712,28.92915275551442
102.25679974614683,28.961715141504502
102.2078689251848,29.012913506572755
102.22109129677254,29.064175031707386
102.25769227488149,29.031747896592634
102.46699590173586,28.937327256341067
102.3988391778813,28.953823476558252
102.3838703214308,28.933594496041717
102.38386139678543,28.917580513832426
102.34963550585438,28.965929368167025
102.41582397700893,29.04277001039127
102.43123766766048,29.058524118329117
102.35353773781952,28.975362307010958
102.38052467681058,28.965418764188904
102.25616086085189,28.907301406143553
102.40950966480115,28.977028270017474
102.45907642028523,29.04452450178015
102.44691110045865,29.064158808819773
102.42078223470145,29.0478620094568
102.4086174503261,29.044902042549094
102.32042229270456,28.967970097620718
102.41127963010953,28.936908700826187
102.3306245307711,28.995434386325904
102.49419635613546,29.022417735946657
102.36123379326332,29.001082666299702
102.43817295607958,29.006860972284215
102.39775731626679,29.06502097863427
102.40276869445572,29.101482647110554
102.39489118607587,28.927632182874092
102.36140956305645,28.96005959148611
102.39785870516299,29.012804133775983
102.41134618914302,28.982854376584708
102.45648294353185,28.983979441879438
102.4036925120706,29.137716106980914
102.39125062036408,29.049015989266017
102.41780523153325,29.087412231994232
102.40021248098653,29.062031349691733
102.37914795215023,29.103545371845414
102.409985174884,29.070754329578822
102.35650581797698,28.99119822060831
102.40450618582065,28.997266228506234
102.44975426246609,29.005162252108857
102.36819088487741,29.11756451458923
102.37082076113691,29.122486284294705
102.40354662539136,29.100852009562413
102.38433984614811,29.137688294820293
102.34439273795934,29.083303329487986
102.43253307790837,29.068184239018116
102.18678494764153,29.049890035226262
102.34392726527153,28.98282504174863
102.25366435745308,28.963251213623696
102.25141382882568,28.96205986253313
102.42636291818015,29.028743720493814
102.27576998102565,28.939227402506738
102.20234049395606,29.001029900360194
102.20525168041895,29.005361948582557
102.20103171814003,29.00497700615046
102.25328891634148,29.04083807733761
102.24109748826528,28.94772792064746
102.3592050618638,28.90693957216288
102.35111607946656,28.868938252875573
102.35668680889127,28.899056590225893
102.3130404317894,28.945928526632557
102.37195146715739,28.980807064045916
102.36123415016883,28.947863799671982
102.35555410957295,28.99579553402134
102.23219704719355,29.084603576066215
102.22747965024534,29.111104948205885
102.24731062609335,29.07057430616653
102.28092648890879,28.94212461485585
102.24018142727581,28.952169290714313
102.32042468081336,28.972636646453317
102.41376088538361,29.00992956516233
102.42472740838465,28.981180436782022
102.4320862405078,28.943383911573456
102.36874974863666,29.019177358345406
102.25162524688334,28.931464447362234
102.26120708333606,29.03947434322589
102.2224015337206,29.099233218582526
102.22814201430823,29.05972802388827
102.19670735467311,29.074007811785002
102.21336984254552,28.976759698829913
102.25246700009184,29.03376962062897
102.19965784240505,29.00243668530709
102.22902774944237,28.982583791989153
102.25414890549087,29.002476302448724
102.24092574062321,29.01327671860218
102.22693148219447,29.115878098949906
102.24329112291875,29.081083077454977
102.2293179216293,29.07081250353488
102.26965798827001,29.051806144217107
102.20043519289297,29.024912686823274
102.22185575677615,29.065811784206506
102.24573047170561,29.051594550088947
102.251763016251,28.982418781956763
102.23286634609424,29.06004708389734
102.237305083085,29.04652401336033
102.24342451410888,29.05155212224383
102.219766910662,29.06869463271366
102.18988570989043,29.043771566775625
102.3069070881651,28.96415754555304
102.3738983798717,28.867381117444037
102.38355034846552,28.90550149560441
102.41931125886697,28.95534376697033
102.35093674637803,29.033076437149454
102.4399872156775,28.928881676604185
102.44960848201063,28.931732988960878
102.49507717955889,29.004816878440014
102.46152323847879,29.013398489801908
102.43677464519602,29.057534718133113
102.44399212769088,28.899146845133174
102.44862144309703,28.9557468048932
102.39320049091583,28.94229484376694
102.35692267912171,28.85892032135967
102.43106753052106,28.863504112131263
102.38494741168061,28.924750553960166
102.40433189739014,28.893096498358066
102.44474952301958,28.88910842685649
102.3640485742184,28.85651883900989
102.37303023493862,28.898480531895693
102.4090722971735,28.979796830589997
102.34225633873751,28.867939742559763
102.3396546063584,28.947797502823096
102.46902640608154,29.051062896169565
102.43894495385027,29.011920669182484
102.43470682450894,28.969670917070456
102.41970516961962,28.966319782969034
102.44342847186611,28.995776163264665
102.46052526186217,28.945897240019725
102.48131054047663,29.032467564393365
102.40103869198069,29.075788462753064
102.40633674966342,29.115646984640094
102.37099336222539,28.94239785302549
102.2363818786448,28.9592992219702
102.27013503292149,28.98564933375316
102.31701673101021,28.960532975959474
102.38779735503171,28.8699838667055
102.37842183990449,28.917288893269514
102.41274756756825,28.973608456340923
102.41325395529779,29.00443417945277
102.39773009095586,29.124782305156213
102.37540836674044,29.15010518884284
102.41082286002414,29.10892412153593
102.3904607160085,29.104909125032968
102.3588728789566,29.09209820646661
102.40322746034761,29.090242617906874
102.40543097127929,28.997467841440923
102.46028823077606,29.009309759688723
102.34850349558653,28.996029940982254
102.43981023614589,29.045296822972166
102.46598749019181,29.02258531927832
102.33689189347855,28.974901335839593
102.36052827937492,29.006891350229264
102.43368380258168,29.029470231241714
102.40141554804786,29.021102636138522
102.34045092205396,29.031166107946383
102.4296455065544,28.969392414042918
102.42705034637511,28.910229616167168
102.41382409580969,28.953556007603677
102.44256725675761,28.95020332034966
102.45030884859689,28.93957104973251
102.38872929992772,28.951046401683325
102.46152701295439,29.008613342909275
102.46048876046615,29.012015027169298
102.460418078678,29.014226220584483
102.47368572016596,29.028643841967934
102.4464374883966,29.037607012001672
102.4709393283421,29.044939650676927
102.44298075030818,29.01767771450007
102.43128675649417,29.00916788904058
102.42951387723446,29.06548075209507
102.39787412034953,29.099684536554786
102.33082899387688,29.069834198276197
102.35313947742459,29.11201935416685
102.4132077828048,29.10889078107188
102.41036047472954,28.97644281002149
102.37151853848583,28.871072301098007
102.39658703666993,28.984594060944346
102.38656457894754,28.921109615401413
102.37569431843343,28.97209961682526
102.34281033405422,29.07294447073908
102.40586883816098,28.91607052599467
102.38745784976244,28.905810041620978
102.23366752265702,29.043508756705478
102.26540548177461,28.959446380467188
102.26512040571758,29.06388034866223
102.25220747794884,29.018553912385457
102.24842518878992,28.954358552079242
102.21214891748016,28.999124543857175
102.27551799846132,28.983377698698202
102.35541732283117,29.113300345503287
102.43003609538592,29.0562042992641
102.49782351160401,29.015096643861494
102.45864662306599,29.0133243407284
102.45786866718598,28.956669019193807
102.40701546708345,28.986158119384072
102.35485556545359,28.897244512368907
102.37636291672709,28.918634994695132
102.46681546383151,28.982514303058963
102.45370742373477,29.01509750796281
102.3734032060488,29.024122479496533
102.35843301871941,28.95110585902717
102.34932834949956,29.015797580609956
102.33368988610326,28.939565742596
102.25497902289872,28.91544839519863
102.2653556620829,28.98311968606705
102.2572352245794,28.964861989158404
102.21999424018266,29.088491751904932
102.244620934962,28.981441074732082
102.26483475990076,28.956100862990038
102.21964156118837,29.026330122103417
102.2362971346733,29.008293980805927
102.33175287170307,28.963265632922816
102.34509989119127,28.993929383617733
102.28430790262357,28.96262794491548
102.23090745985277,28.98584906088248
102.22224502758625,29.0032331065971
102.21285862065672,29.067451581428
102.21393230759467,29.090468761068685
102.20517888678621,29.091508538228762
102.22030030405695,29.03315501102709
102.2088828049121,29.08991661093819
102.24098401862172,29.021653113915878
102.23987400071128,29.006041923570567
102.19507225727827,29.043771031806596
102.20722051528509,29.09129984843634
102.22174121658767,29.02031115159389
102.24340349919194,29.036528193382512
102.24778223957122,28.947218119423876
102.29705213621754,28.976741646350792
102.2791382445098,28.934583482721646
102.31916905454285,28.88433100651909
102.34953927188525,29.020635507442023
102.38732599599761,28.9559988779266
102.46695511592131,28.91036165496398
102.4017761613484,28.89928713387679
102.34359448710232,28.900523872116413
102.32439061511127,28.894824877877184
102.38820990185526,28.922991526736798
102.4278045553018,28.989382633762908
102.3832000010765,28.967622809482595
102.39755501740136,29.09031700458059
102.36999554419361,29.118309910687987
102.37318172155105,29.105752623708504
102.39533367237797,29.057612743697767
102.37288215150146,28.9749658988918
102.26569516846054,28.912505678529126
102.2528269183431,28.996670027196426
102.25427451375988,29.035943145083547
102.22280602920891,29.111510588151923
102.22391642788591,28.976574136714845
102.2608139109031,28.964048078362918
102.30046581715592,28.94931812623014
102.3121855401961,28.969932711003334
102.35110173102065,29.026342105997575
102.41836134205607,29.029828726903357
102.41260254939723,29.064326651235028
102.45086021489911,28.948483758259016
102.47720066890201,29.014945556837038
102.4913157163066,29.027530939646553
102.40031338315812,29.04116398058371
102.4647045153046,29.03251731145648
102.39635886410845,28.988975235791255
102.40699322544424,29.093737096178216
102.40441815573524,29.09458459731568
102.40971478079109,29.015936907276146
102.47172250040907,28.92119951309423
102.36179857759161,28.95422480776197
102.52856416864758,30.690023847190428
102.50109627107948,30.783479298204185
102.5603197768725,30.494406444268773
102.59245322586635,30.509251653131873
102.5439473585198,30.446698868328756
102.61251967936366,30.360411953021416
102.73542914641111,30.367471806141033
102.63486693086575,30.25313896996384
102.73974503530076,30.279173883568667
102.48861828617788,30.209444340874224
102.42868030068475,30.26847152431907
102.62200635873717,30.411691569741084
102.4502820257767,30.377803809404973
102.43574495110549,30.46486251989926
102.47250281375688,30.508724915283636
102.54350812584761,30.492251905748056
102.46931333417555,30.57164394745492
102.43525839620641,30.59226662980056
102.46012158216982,30.545374373199902
102.64054539068627,30.65818696999304
102.49606679762923,30.71233949018015
102.5230169258484,30.716870846338175
102.54851804255588,30.763347952024652
102.59343240658679,30.81079432861447
102.64249060513873,30.794618275102394
102.69117865635108,30.71769813291881
102.75249441960007,30.704421748876737
102.79292973570888,30.706067215288055
103.01256674718229,30.63065871547797
103.13810356440737,30.621069425530653
103.11594646554063,30.593105216772763
103.02728659635038,30.65751842626248
103.048985053652,30.58732466582593
103.18513094886829,30.616199267366362
103.22907618115357,30.637767140576404
103.28783631687732,30.72440623115287
103.16719231526984,30.655734371945506
103.06411142816061,30.56912765370278
103.27943910723415,30.62933224774618
103.20287007718144,30.80090620838386
102.97817103132168,30.886509036651752
102.93182682529545,30.954316130523615
102.81886417950811,30.7331791860817
102.76937952966517,30.706015086491337
102.63466134161499,30.693913530008494
102.76589543782437,30.884178999527382
102.75192395572296,30.903427497030638
102.83138533388075,30.82767019230476
102.95000443942853,30.781863098209865
102.91256927720968,30.862518319231853
102.85914337530265,30.793987160038043
102.92868105743248,30.947473700990404
103.00769531965577,30.957973949617383
103.01782826770605,31.056292679580743
102.99283603296693,31.026887844678555
103.12460722367395,31.165276186435957
103.19711744989262,31.17894452534427
103.26256003342584,31.16477330172974
103.23281892843895,31.20613971921808
103.11365759778576,31.215887946325786
103.10220511679903,31.251719428239344
103.12293363596318,31.137575137758944
103.1161036409995,30.93946748145476
103.18517703075352,30.98256831551193
103.25015280121265,30.924337324149782
103.21157019963175,30.668693131056802
103.10928788935787,30.697808477739578
103.04613013841244,30.570385665642355
102.91171114122075,30.32949356136133
102.97448739020524,30.5549697736177
103.02553470871216,30.696395921075112
103.15369345441361,30.977034781971426
103.19501589699037,30.992760759035633
103.14486146600242,31.167938851496483
103.26501572378322,31.014674595389973
103.11976708018754,30.92012330893531
103.14972398052586,31.135150840245803
103.07169338223565,31.08965733588273
103.25779743277484,30.960717942940228
103.077898730268,31.079934148458143
103.15685507771774,31.115117572671664
103.25952848542589,31.212646556354517
103.11618929463393,31.109898484450024
103.23904589745457,31.181250072478228
103.18596076377133,31.178142408231256
103.43464671473025,31.34315730834059
103.36258541166933,31.34898779451108
103.26957119025367,31.281822235701224
103.30429767452047,31.271511223637447
103.19984519447463,31.34141119667293
103.30805186334092,31.322962278241697
103.27384280910599,31.25969362526181
103.25654007486763,31.214991921735937
103.29917391523655,31.269862728450274
103.42820773819321,31.430402860012062
103.40731614326165,31.357790042182337
103.33517240120851,31.326788031967133
103.36029412910912,31.21043123091894
103.20303987571776,31.25375201963423
103.11969393433394,31.134668668390155
103.20564792051115,31.177097067228498
103.36952948332878,31.143315783968724
103.25486578848329,31.216720461444602
103.27014133009287,30.92548830001087
103.19589773749311,30.849230827091795
103.19498348054294,30.986520944247676
103.35922347229771,31.02506819434512
103.27680984246875,31.009245531513816
103.16003348169028,31.119705840819805
103.13189064251375,31.060670020381238
103.08732111563275,30.880521079931448
103.08760202147232,30.856714212086782
103.20519259667883,30.962302657179276
103.36313360159116,30.90850146738912
103.4279734249542,30.855051997772524
103.48703573099024,30.882511006949716
103.38829476481558,30.843179542319547
103.43819720279889,30.82980872203776
103.45994876630587,30.823094727002278
103.4570940910035,30.914648439545953
103.35493755672155,30.853768917663572
103.47735398048991,30.84491177169778
103.49225877884341,30.85828437250756
103.47170621943947,30.902110020437426
103.46137797021504,30.875484450676307
103.48825962401482,30.899026419917575
103.44373383363286,30.885520530164175
103.49943185924246,30.860402620251026
103.42804905259648,30.871804599390398
103.47096644447758,30.93986626881044
103.5181156302643,30.96867275777863
103.49469643000286,30.853676553432827
103.43272576178231,30.82829709626246
103.32138859516702,30.98594502837935
103.16291321259624,31.151729907612964
102.92553716554207,31.208287296581485
102.97371724300696,31.10244334931479
103.16746071477874,31.17609191931926
103.1863116598852,31.11874188779363
103.04465669108711,31.10945433894769
103.07370364391221,31.105559118407495
103.0298564144195,31.10906301509618
103.19622269998074,31.125571143566358
103.28334784757065,31.042930024846026
103.21739105248675,30.981906272096452
103.1998333998696,30.998306029217847
103.26915537913742,31.197588621062113
103.30993850690996,31.195857074328714
103.33316450144368,31.173336620992917
103.30182532166417,31.108475286381985
103.23142738780695,31.122379395890707
102.94826270548666,30.972646736944313
102.92783273331784,30.896065081460993
103.03233047370432,30.947512730806164
103.10280782252933,31.019011566182158
103.17589583632021,31.014438261532526
103.15794946402863,30.851197605709565
103.15170049980897,30.90828327816759
103.22336301017526,31.056714086070674
103.25940715835767,31.179306968272837
103.19537604855903,31.25103069034904
103.12007000527018,31.13063677080135
102.93281976664089,31.156525173773893
102.95987948694719,31.136641743342416
103.17221372970117,31.269072568544082
103.28626736834669,31.294023975009118
103.26590427824925,31.310045779795644
103.33488978572166,31.261082409344894
103.11914849490311,31.198388246570588
103.21989325175592,31.349680816402692
103.25402054398828,31.316979692688378
103.30490866172212,31.29564267422364
103.26786391006672,31.360887483379965
103.23522073653523,31.32457406437501
103.33852167790619,31.34199623118288
103.34939159445217,31.297229529501728
103.3831901366987,31.31009728454179
103.37951540141279,31.22566027457002
103.42042079166315,31.196224946849345
103.43596116018342,31.186282810892127
103.33843709799781,31.1170129733657
103.36530293753039,31.18263628717804
103.15386482981764,31.215353202287293
103.23647690288219,31.17862797644056
103.43256539570159,31.199889547653278
103.34132625538915,31.164153093137845
103.31428245787994,31.3047765819483
103.27140102882389,31.331718547043373
103.2367514199959,31.255787408789068
103.16896033177366,31.27126165285594
103.23383797579811,31.147145017430496
103.18520464929607,31.250945896987766
103.19225914744774,31.286033545238475
103.19910343970501,31.273966970469097
103.17488671787538,31.005532178367982
103.13544257625567,30.870811874627673
103.29145946862377,30.730797970034256
103.11113163404147,30.781065812175243
102.96206978526546,30.677189021882413
102.80803445244085,30.749084347701867
102.90491037628891,30.792514088269066
102.90311808547031,30.65960909994674
102.99489968014127,30.633347558294563
102.91348839863082,30.58602383804661
102.797702739865,30.833598381396182
102.75499833815502,30.7216011215188
102.89582215829992,30.792690325351128
102.95330229999178,30.868217172583325
102.84753489592505,30.75442219485191
102.94645331061596,30.874991552898376
103.05070171036697,30.856646360784076
103.08368197069923,31.008918512788032
103.0176023099491,31.004480298486648
103.01950044472541,31.014947357098293
103.21699467904496,30.919958244689006
103.2401419410621,31.070059352985677
103.35710538143307,31.08459190904107
103.276369865976,30.998162995012862
103.21570882824203,30.985080458250323
103.18534242533325,30.941594151038593
103.10515811206947,30.86673154093625
103.21020820855445,30.89048669144069
102.9960829522741,30.96658469981503
103.06768096985313,30.968916466944695
103.14851876885267,31.08727137556815
103.1336948847927,31.183328035456725
103.08063615230422,31.249345168310377
103.12573225930372,31.146482037919476
103.18712038795867,31.166107649562566
103.07832706330466,31.088783943650434
103.16762103260768,31.139993547518973
103.19706037891726,31.19408316106126
103.14067484108887,31.232304257592446
103.13643888804593,31.275076728905645
103.29833643240632,31.265942707647802
103.33307619539451,31.131675851530687
103.30944470713959,31.15131643109447
103.40028655549754,31.187652161391373
103.3930354871745,31.122275488120987
103.40506104031044,31.079947272261826
103.34156840031287,31.307960668683286
103.33534653898995,31.308388923465767
103.21366745638403,31.29433359190729
103.226838198193,31.19237611216221
103.23113166707641,31.16110557396677
103.31683120296577,31.080326280578195
103.27716130705677,31.175169443991336
103.42711470856513,31.29558195869606
103.37053561542591,31.397084628185322
103.39267354470746,31.42643241098941
103.36512681879174,31.351304272306994
103.33774443012919,31.41406101922641
103.43170773884142,31.180401463084078
103.25280134812279,30.961566163155297
103.38414078598741,30.862873715176452
103.46434912619677,30.895140761923603
103.27029762175835,30.953558107922277
103.18252923590764,30.927355568014764
103.23235928400022,30.775686419274646
103.22234110580091,30.61861777158102
103.06669201229008,30.6002065847724
103.03375452583927,30.5819417825087
103.02286700951817,30.47814129197307
103.0614621034749,30.42071723169702
103.1051211294799,30.458544971294405
103.11511491738106,30.46100546026754
103.09589264433973,30.435852552852204
103.05131272516262,30.511384837222863
102.92751648753,30.462752791055156
102.89927005607593,30.526866029910888
102.887400040895,30.537473542315237
102.80484223640053,30.545241813891852
102.7090866239986,30.647684053430996
102.72183879705587,30.66666875541102
102.80013640962946,30.64921596544584
102.63611821381433,30.56357426811509
102.5962163181126,30.484456051797235
102.66888527958707,30.490571693056406
102.70887335511374,30.372725753698926
102.53513355646027,30.322515907793424
102.64971533243127,30.271961660825717
102.59774902362345,30.07266580743455
102.60818899762005,30.150221792967656
102.63981159218878,30.30220553332294
102.46804187981007,30.270398261807408
103.34784565711807,30.854213085888105
103.33387788503182,30.81819589744361
103.28123489698426,30.74840467067453
103.15418633496716,30.73851738938371
103.05305689249943,30.63573433890495
103.16614259090777,30.795901175321536
103.23201968670875,30.873985913472143
103.21100562635077,31.021043555365242
103.2342098374173,31.057447784204424
103.30164713299101,31.259676072229073
103.32954479258778,31.331142844684276
103.2608167553337,31.3763476677667
103.09964332917502,31.268543839509547
103.04519203802413,31.236953532210208
103.06544836670578,31.154770336932447
103.16427802549792,31.22954601700502
103.08744077202225,31.105604286089882
103.08601828008075,30.88906079642869
103.07707458118769,30.850046645738917
103.03919883026519,30.7995925272504
103.07428071109463,30.860301024354772
103.1453295470301,30.993056037556073
103.19081607071433,30.93940775077107
103.2429586727657,30.70404486903218
103.28779779279303,30.788341424327278
103.16041262135175,30.802575849581096
103.1646774921173,30.541325449806713
103.01111053518136,30.652425181821652
103.00609271546264,30.85831094810995
102.92519014987394,30.946639236798156
102.91815754521855,30.859600259839123
102.94895437325864,30.633155139315672
102.92387147511533,30.714556668925987
102.9680625059879,30.73173389470731
103.05216378651431,30.653727308554917
102.96043598831203,30.658084935133914
102.96227641141421,30.67994877684439
102.99440016258154,30.78121911015835
103.08859289207173,30.747558935529653
103.05044785957712,30.862057768017372
103.08654144001,30.861252386511374
103.23711378312471,30.73468656309118
103.30265373285552,30.82194077644112
103.42508161922157,30.842767297355323
103.46896249838007,30.843993722747573
103.50474375680152,30.874195555252786
103.46321778841006,30.888395106037354
103.43306281627142,30.864947853543743
103.526397902884,30.962145109463435
103.50718386965387,30.945303952264716
103.48408055746954,30.944790795904794
103.51504450661696,30.98192548345789
103.47881954463864,30.940998286930462
103.50093309150087,30.943144364712172
103.5139953584211,30.961583782690035
103.52474714133676,30.970622374834605
103.48712327754423,30.847473310624505
103.46338207404999,30.853176249340144
103.36073119681161,30.89111072800478
103.30379262957591,30.84989393724807
103.23628082599306,30.787852744542906
103.18746265821966,30.654591464922746
103.11998623268636,30.728651827093174
102.95182220410852,30.70850779118043
102.83885169235334,30.73275368059963
102.78145957111495,30.780960170572705
102.8335465737924,30.668291273332677
102.80644503024182,30.564721510574813
102.92882220908118,30.76508601549986
102.90482638520666,30.754558723111774
102.7482089163651,30.757005012609316
102.64950333402072,30.648380481549435
102.61310854291551,30.722521770337305
102.746330068315,30.797617616123606
102.6963660560703,30.79433187145385
102.72588005677905,30.79870246277837
102.5482208245324,30.816139607695234
102.59329317017159,30.757881990161817
102.6319085759327,30.795746700822367
102.54016673623235,30.614650080607916
102.49593473761202,30.666564760436632
102.63205710652636,30.534206563421034
102.59530581334677,30.441273019036085
102.6778504710791,30.519056160767352
102.81108714210984,30.584360332830066
102.66698858466204,30.692800819545695
102.72003479426529,30.797865252742042
102.66612972465863,30.676642836255947
102.73024727313394,30.79694242151966
102.65585188991314,30.82221647495763
102.6762926035482,30.81196998382319
102.72782915071647,30.89911102979582
102.7023627653146,30.903444769724146
102.72014939589319,30.859619444309114
102.82928743368099,30.678745007320696
102.7999655574631,30.88909212717541
102.82126554634145,30.885824124359036
102.82384336320015,30.889929356442785
102.81148198521913,30.703540609075258
102.80371504968402,30.586169216908598
102.99349679175242,30.564168165085423
103.06619399115796,30.54644991569963
103.05912875669438,30.66272228384158
103.07546799158825,30.56294527394762
103.22489266431457,30.6292222834583
103.24047980687949,30.663243539298975
103.21774571590925,30.757171173769414
103.25368281049556,30.8415924648512
103.41924569238193,30.826309134939393
103.4781612943806,30.870184663788372
103.48752312383576,30.871904037548983
103.40886616887886,30.84516089833654
103.17270347258923,31.095776867593052
103.0238581593696,31.003113922932663
103.13973557086743,31.105722275746327
103.2608078004178,31.124809978099712
103.28692387442659,31.201552679718926
103.34980628047165,31.115462270525054
103.27161866848657,31.27268327831494
103.09089639593196,31.127017338095683
103.0457498415617,31.270400169257343
103.23264791424656,31.105443672336403
103.02323252921478,31.19534874385171
102.95973912732546,31.237166415420663
103.03396406543246,31.25987981100409
102.99306850470347,31.148981223265952
102.97904143074473,31.09044169596828
102.93969171887844,31.126017108458274
103.112756514164,31.03233586181485
103.14106046508857,31.088072694748057
103.01353172695934,31.114160894283355
102.97832022283332,30.967736172369424
103.22696847421129,31.018583299710578
103.34505736846269,31.1230765196798
103.29819750571346,31.064118800116074
103.18859309109384,31.21579684532673
103.29685132194412,31.22769375463469
103.20358474776296,31.18981212106613
103.26796657259116,31.157374732788583
103.37374854601613,31.16444763219437
103.2949989554541,31.194395282540324
103.27015788366002,31.160528672245867
103.13574186413781,31.232013288039294
103.13440593087329,31.240286053815183
103.22088567222859,31.08984088444755
103.14884453479688,31.141816762070533
103.07493049623838,31.18710525151115
102.96807277901243,31.110343486799945
102.96893540351026,31.113221044894086
102.97207672497329,31.097854808111606
102.85565030548004,30.882067992855898
102.85099737477465,30.70912453456384
102.64815152741107,30.73628774471894
102.67020822400319,30.48742308291093
102.6102744158836,30.397026989252062
102.70109110947517,30.25340351293625
102.66825857362396,30.28857135304358
102.76059753542329,30.246445489981934
102.75246083656317,30.199822033297533
102.63755940428301,30.17678898118069
102.61789499777504,30.08051393768138
102.49513705860532,30.15749234685129
102.55289512476949,30.147994299904695
102.4522466740111,30.13860470104506
102.45180916709914,29.934560461362363
102.40132367617461,29.997797433024353
102.30372743236904,29.887612243439357
102.44864985907087,29.84992244777777
102.39570642929725,30.05150921088443
102.38522160111648,30.102519769196636
102.41721781343031,30.082877605478792
102.35941627153626,30.08182318325086
102.36734853730758,29.999784634989613
102.31989278232213,29.99300267143672
102.30511714340179,29.99919141380333
102.46951613063298,29.939918979300856
102.48844665008228,29.933205252593694
102.52180059221668,29.903473626549385
102.68015439079133,29.948678623966
102.54945746028194,29.971439960507688
102.4670569087359,30.247692883633878
102.60906774361962,30.07983327759559
102.5729798383519,29.991794437527133
102.60033462187722,29.994951396787837
102.65635628658161,30.008640205288113
102.61755067998814,29.964228156390853
102.6755786603782,29.954798090851412
102.56717550719759,29.857902309827722
102.47039687270312,29.827570424589904
102.38041349658978,29.832936685209077
102.37358119924895,29.7412766060801
102.43391198498573,29.712119048430473
102.50629173618711,29.7215465921947
102.35845124759915,29.926766142503272
102.30464105294183,29.85308254167572
102.37983379810096,29.858109984668793
102.30845124319072,29.870325336688857
102.36523476860528,29.917713796152597
102.45174074017068,29.820356841003356
102.39613425081646,29.861054370587834
102.36328895061071,29.895718588166282
102.28829399910795,29.893435535480222
102.3376023114563,30.000257531107867
102.35768571709944,29.85990946777747
102.39647896413402,29.866963921195836
102.32431782303414,29.838734936195305
102.43093074342482,29.87399472501638
102.40941482419404,29.747372257029674
102.38902085903426,29.712996330260165
102.41920844354418,29.763856364909106
102.42890227430098,29.7253251325701
102.42343817432858,29.727753806074535
102.43357346178863,30.0190086553367
102.42597764923899,29.9287860196226
102.43182104587673,29.952872061325184
102.38770881410093,30.028702583017296
102.58713643332644,30.08943788201574
102.4879682448227,29.973452164681547
102.54824029429277,29.88314722963716
102.78123575600463,29.63368325318065
102.71989608246807,29.604495418390915
102.6331439269671,29.71535994110744
102.70768067661788,29.712162215577337
102.65283103982021,29.722058045317652
102.72853581356543,29.600199199298682
102.80432154419663,29.55308474284988
102.81798377059444,29.563577871145974
102.75972895202092,29.578672599160203
102.71213869361559,29.660107832424107
102.66878731523768,29.62967852984625
102.68884441067449,29.619048104719614
102.65222374042223,29.626969115381687
102.73180633591038,29.59170373766562
102.82929252616111,29.618503308668323
102.8234513238264,29.49806251548542
102.72889227534604,29.54302107934823
102.85783843925907,29.545781474451566
102.59400969737919,29.71730560102446
102.64918482354987,29.66888771337153
102.67694193364376,29.66405364491646
102.54325436690571,29.71121552217445
102.6049171237021,29.662683922381696
102.65119901085015,29.711247400131313
102.51795483054559,29.694158987350797
102.50877210671516,29.78612529646845
102.38028411938569,29.734796589828637
102.34342214891379,29.830700003007774
102.3674263781188,29.955987021517394
102.3786626384885,30.061917175812432
102.36448829203368,29.97570642264293
102.37302578985947,30.14150822187665
102.55510112762904,30.102957245418956
102.48745286713788,30.06516323316941
102.62381242192424,30.150161186542128
102.59284342794838,30.134981899748997
102.49951233111868,30.064118497445357
102.44411494374967,30.000549839830786
102.45012308077126,30.066456317076533
102.60074635546864,30.200751776794558
102.54806735399518,30.137941834072695
102.62782209569284,30.18847799938733
102.54060284120678,30.071975809811345
102.45180547445766,29.965840907808133
102.30403576416103,29.93847711085952
102.43998343615358,30.033563777284883
102.44215886008938,29.933307394572097
102.39517290955409,30.16520161439208
102.41123274379576,30.183991585473713
102.34846387720378,30.189005329410406
102.37501140790141,30.136594561759303
102.64264941203773,30.21770330173328
102.55092574386423,30.254114981432547
102.42501425096873,30.205209138271993
102.42659000581558,30.13214555828054
102.52727847379172,30.348911520525277
102.5882221201987,30.583108800152978
102.6384790714045,30.519078103049743
102.77128330439471,30.610485449681097
102.80146990286866,30.510346759848293
102.82630049524141,30.456163382253155
102.830967165438,30.49849679257475
102.76406183261508,30.5969675195626
102.76425088229624,30.59332166667528
102.50663811907044,30.510842637480373
102.47281438208942,30.613290522796976
104.50631777134303,32.85155765809327
104.49434849774914,32.72747990121103
104.53170952408651,32.70381515063835
104.45651960316631,32.7870319201527
104.34873529828688,32.935454641692786
104.3948310607592,32.7464822064323
104.41762029185463,32.48982828983584
104.31894020756332,32.6982275606365
104.39600158826374,32.51971470637544
104.49050467923671,32.50706933687096
104.42247730796522,32.584736568339366
104.47964692506442,32.55418825088031
104.7585146339902,32.734853959779635
104.62396113044275,32.7734930184557
104.69344759155179,32.77504344992786
104.84491747793027,32.811116132939645
104.75020936927483,32.69696835839871
104.67870324539017,32.5281414281957
104.76962016510417,32.51978668395569
104.87605351171325,32.54984570622286
105.10846516197411,32.559050883742124
105.0931337741638,32.65056323649503
105.0570053270722,32.62644751475127
105.02970583853124,32.732124252714065
104.75844552427691,32.670318546609515
104.68184328691794,32.68944190716901
104.71085650986471,32.59122348410525
104.62626953612524,32.636283480406675
104.6409008907956,32.61164675379089
104.50741336940727,32.649988216164665
104.56455258071882,32.66570119233407
104.56705312363947,32.60167191207584
104.46507990443638,32.69803107213432
104.43094076788344,32.75651690808713
104.39402392519796,32.96274173922084
104.17748595262884,32.980710708259494
104.19499435768434,32.95469144544465
104.3365410408391,32.808905745438665
104.38705169270139,32.634817130743734
104.37182722427072,32.529555012317374
104.25023077707078,32.598358589603876
104.50072725413344,32.5688152596639
104.51791944644617,32.56124014897156
104.47350516979704,32.62133083641462
104.57826001127287,32.66005632911196
104.63068248708025,32.55360397310655
104.50217122554426,32.61303161674935
104.49543277524293,32.71431255980352
104.546874335161,32.83534996901317
104.541665388007,32.64524882609025
104.52482242606222,32.65826341223242
104.33401252025794,32.75391011623066
104.3133006577037,32.81657596484967
104.35372367830873,32.823140789574424
104.39105192976675,32.76932889493176
104.33694385066987,32.80589988655594
104.2401111544578,32.74835362295081
104.33630317575906,32.72749557204334
104.38371500124357,32.78247498401565
104.27043330474052,32.84581699980809
104.3491284796906,32.859126967060696
104.39538973138437,32.873575929235514
104.22833266368923,32.99227297878625
104.14792080295133,32.99024573968776
104.12827887988534,33.0625737305881
104.16757738136076,32.89960055147579
104.04853928697581,32.91667329007637
104.16936532384145,32.67275445033143
104.08759140264759,32.70632138336903
104.1765760116754,32.67488311302541
104.14664673921499,32.700707013020484
104.36515817001303,32.8086247626445
104.48842375848005,32.78205404865195
104.54197989438151,32.72192537250232
104.70495373857007,32.78072641966816
104.70655057382466,32.76974652164362
104.7088939865813,32.561822582170294
104.78047676581686,32.6393306616036
104.83090971441808,32.62596311041699
104.85178130346222,32.663033954698726
104.85252153433903,32.66880343684395
104.86912613755733,32.6523546561671
104.95016694481349,32.61347386640877
104.9873852869799,32.636189568720006
105.09340635669977,32.57505042152382
105.06590199706157,32.64650973107235
105.04553119033025,32.67556510953353
105.05861896791794,32.66724267312491
104.98115077861837,32.743325142289564
104.7374513306273,32.752289773218
104.8528795768687,32.514835037975175
104.8212630535676,32.589081067104104
104.79565118811345,32.76773283139191
104.70757544868985,32.68682966959934
104.77472858224034,32.680549051206526
104.73816893338565,32.48403921016048
104.84009267987201,32.55910158668716
104.86115738108369,32.55889349516895
104.85527886294996,32.70859334653142
104.82345262067759,32.8116097044359
104.87205269177414,32.745696183957094
104.92938225635001,32.711895875549644
105.11162243628979,32.67044592995429
105.0267277305132,32.67238710200423
105.20624513621334,32.64930665098641
105.33174359853685,32.64023765907436
105.47921976914951,32.79412796502115
105.45626378053223,33.003215562022376
105.46485922933307,33.13042018039938
105.40932272828117,33.09793752557373
105.45747319142306,33.014972244380715
105.62451552320914,32.87176908665698
105.54916831076089,32.86336429410853
105.46892221040814,33.0342936825688
105.35771050618276,33.019626185069576
105.36477377365863,32.98995841668453
105.43537768560091,33.00815889100668
105.5627558267881,32.988709865484864
105.37788725119947,32.931867046447735
105.18853386096345,32.84037513460828
105.14875293851256,32.969172211019
105.1325867682095,32.90581544379024
105.37116926684439,32.89208750335367
105.49652222406267,32.85364231024424
105.56828090298839,32.86970867332838
105.54109003447694,32.991268701488
105.40606475563297,33.07989199250955
105.45331183535521,32.998593797627635
105.41457261506783,32.936882348914175
105.2828353654228,32.95423732273635
105.33045597880303,32.960101451989296
105.24880332224404,32.9798782023076
105.40762899221839,33.00648317253279
105.4291262353719,32.953680299042745
105.49659160163468,32.77143135697316
105.48882697540105,32.97295895672962
105.47925369598394,32.984201406630866
105.45998031503632,33.113172102284246
105.40702122780789,33.09971799854491
105.47546210592185,33.01656585263749
105.6152685873653,32.860334138668726
105.34752225673758,32.9060158723103
105.36722503601777,33.03131145059173
105.49010685885186,33.00050577437705
105.41215161332421,33.02739953317228
105.41888058380505,32.96750171250263
105.39711277664131,32.947413854319514
105.52525603169585,32.99544072374861
105.4088190516589,33.09648928642443
105.44884493028688,33.06629725591661
105.52098287927771,32.818252375737856
105.42277728476832,32.89893138940751
105.43479348281647,32.85461319630822
105.33243564921818,32.829669593838055
105.17996278458449,32.95658360811515
105.42043101480942,32.84568425890519
105.29683442318883,32.74387988437061
105.26446337069513,32.862906097473065
105.31786451633197,32.7699870207492
105.30929092871166,32.65945896775912
105.27457806437869,32.70215304835889
105.45204957131192,32.76317786385753
105.45348933325143,32.7596717158118
105.27705432014194,32.7875060834372
105.25251024548079,32.795471475143806
105.18952656407708,32.90984483978696
105.26280382418308,32.857202222809924
105.18946622573006,32.78571389901178
105.28654379638311,32.72263862549048
105.186462245749,32.64944792136644
105.14434188983634,32.597885038657544
105.15342988152858,32.6663312198609
105.14153926846866,32.66423746475233
105.09319074248285,32.624941977343475
105.1153681460059,32.602242723766004
105.03253596223891,32.631488834303866
105.14253160522459,32.584489049204336
105.0999424164628,32.582178087296086
105.23829332645127,32.62774940902634
105.25092157940959,32.60417604440344
105.16606766940374,32.710301198730264
105.2888105351484,32.659183915278675
105.29671834297243,32.8585980384729
105.30648401380188,32.667388007880454
105.36068588042953,32.69184803599851
105.22981890011316,32.648547715490594
105.18807647686457,32.58402174975785
105.15189548740956,32.65821444408391
105.04540493637653,32.64737156557071
105.04330275376435,32.612539768469205
104.89037162182343,32.52801696705084
104.83480352922903,32.55175860922247
104.88429219131392,32.66029531892245
104.742633359499,32.61156038188597
104.6471450213281,32.50617136244667
104.57777887652017,32.43929565057584
104.69142306493039,32.50638980075471
104.6670286377584,32.543329149278435
104.80655662719472,32.54626277888353
104.84872372745802,32.64434568408282
104.90164747044808,32.5806174511309
104.75012135395214,32.58534690285499
104.65301311477751,32.52396858284792
104.58159723617305,32.45846547771088
104.54652485537477,32.57950596821183
104.41031357392208,32.684644193871925
104.55976927108932,32.66128911547766
104.53931011124266,32.761178094809864
104.47712701693952,32.8004753226966
104.5764772111732,32.80439242066637
104.6675041886719,32.86556602062678
104.56201919380675,32.7460461253415
104.62246994010566,32.646353173605924
104.60086622617155,32.5483382392793
104.62841912041601,32.51047040049984
104.86067617702416,32.53008992612228
104.78143922170739,32.54239811897428
104.84664759332222,32.49060747927608
104.99597442104934,32.55661893265646
104.91799896493228,32.5384568482601
104.95004124899661,32.62793514386468
104.98251544290191,32.603700674684454
105.11661105626045,32.564730309180234
105.0869117096602,32.65045339723651
105.16317988987548,32.61170625687068
105.11041638993939,32.70535769404259
104.94141702558731,32.632900820333916
104.88535840955618,32.51543922217091
104.83922556065816,32.64614729980353
104.85158971005993,32.63245040031805
105.0717239992067,32.66832627033946
105.17119147736861,32.6925202236005
105.32184705147836,32.680028603370616
105.49314004552865,32.809383299798576
105.50965696562773,32.842507265845704
105.49326099523249,32.7680456891356
105.31991068477542,32.88844645274341
105.45086601608956,33.128281147674734
105.37971830861179,33.13766760172689
105.4626352343996,33.04931098477483
105.43510685212392,33.133718280780606
105.39617114387653,33.15753265574874
105.42227224547067,33.13502792422046
105.39954517359035,33.00623759002873
105.4064206072635,32.94701499032802
105.52284641931551,33.04361720228374
105.49206686900447,33.02318403600776
105.60781128851299,32.97976590764768
105.51158810080743,32.9016828746226
105.56523220405856,32.970732012693766
105.40341313483181,32.86818024551457
105.29976516392715,32.74741314271537
105.16627816021922,32.8542117234066
105.29821733043839,32.91824116501904
105.28502771040021,32.724638276085
105.28189373039922,32.6949461516832
105.28353191394477,32.608830379432995
105.32033319972194,32.631659683076535
105.3388304992603,32.672015193536176
105.4336861674679,32.76722580180132
105.34577654791408,32.89314129220313
105.31105304072356,33.03828778077
105.46790813068374,32.90296217439525
105.40590643407282,32.89926349429565
105.26501191300152,32.79741632107533
105.14494376269423,32.69718772139017
105.06881706869054,32.63872406328465
105.17386407972964,32.67115339098331
104.95643129602814,32.56791222221388
104.94899826115089,32.56899394276264
104.95546638932395,32.65901994574029
104.91822645382666,32.64600998951217
105.05509782423636,32.57404704273552
105.05974780275774,32.67932884233781
104.9793945674489,32.697690684219594
104.92006250270629,32.77726012553823
104.86378554764457,32.704630466554626
104.78544455929843,32.69294865753785
104.79954499352833,32.6402320839247
104.68205138339495,32.587164686394146
104.75390020134842,32.569493299440154
104.7937642036185,32.65557307402885
104.72426226294154,32.690976063231815
104.57468011362536,32.576494362410244
104.67271089994553,32.56263748402644
102.87501548146226,30.33504143889556
102.85266566706814,30.53522050808209
102.92855031400825,30.580579521849035
103.00632580137987,30.63411946343359
103.04486716934498,30.730571781536458
102.84746272433385,30.88071040454686
102.79174313613214,30.72124923047668
102.83872333822167,30.749013248103466
102.85401797232485,30.709691239769015
102.78793050055337,30.56202221864852
102.62071513531275,30.666797977501556
102.77186790854064,30.589558773712536
102.68153967408001,30.61321190663349
102.47419510454785,30.6258495311066
102.6246908451453,30.63313872424944
102.77039413440791,30.76801629253685
102.71870524104123,30.834437982139775
102.65493442400211,30.79305556677249
102.60438965382964,30.850700417228953
102.71072993123117,30.87249289844599
102.7827803865453,30.928750167257427
102.70950207562132,30.887657246860744
102.74850966741137,30.800286349565457
102.85304740302489,30.747888390565066
102.87612492155456,30.72594164169678
102.80020148886152,30.801612032456486
102.78134725672518,30.84044974373345
102.78942146371385,30.895283667881582
102.82973733203265,30.81542170369632
102.79991757852484,30.821626036676648
102.88173160163602,30.847087639563924
102.81210919256841,30.819674322694404
102.76272813100648,30.624300532181003
102.65846176802287,30.65275763639761
102.72174143330355,30.77092522129435
102.89816085160352,30.804900271838747
103.02363042132306,30.672766190015917
103.02185691886136,30.684289840947642
102.99274228041246,30.616516192562614
102.82727272766981,30.799751569476044
102.71152626478494,30.882190971906695
102.74162850283072,30.909418925447962
102.95229646736666,30.827994745830075
102.94694799188304,30.97172327378991
103.05121496334843,30.824356657690966
103.11395431341903,30.66522959500381
102.98569444752385,30.739766253132846
102.96811260050158,30.80188794065712
103.03187736945358,30.753166293021522
102.95098218735396,30.854762299768318
103.02368204948436,30.888559905594732
103.25061935342363,30.868195881689893
103.22808794064532,30.923861100132225
103.24419206955677,30.855923907652627
103.16155177509859,30.978986296877096
103.32527055855398,31.28759948422707
103.27294123347788,31.15303293547236
103.19588531603095,31.247711814951092
103.30577320956556,31.203823308125607
103.41362657141046,31.271127613118914
103.32385612447975,31.294065182024326
103.1794808079479,31.28980459975376
103.27171355846862,31.213921264059355
103.20980032225827,31.15244428665984
103.08127028794104,31.228314321816246
102.92923865456785,31.24718544275881
102.9413022999091,31.172158944459394
102.94970048547084,31.14506147852385
103.00034498615088,31.11895341527328
103.34793265577673,31.399609155216776
103.36460657198367,31.365243362705648
103.33308087390166,31.39670386029324
103.28550248176275,31.404632298918326
103.30174806578886,31.370522478697538
103.33216088535832,31.28231343890309
103.33552706879712,31.343319471659616
103.4505641518294,31.339199130642488
103.42497901110069,31.395620653208535
103.36736678187015,31.396643222857957
103.38586358029461,31.31742201973639
103.34336621067152,31.254514506106435
103.3203463447014,31.219780665249935
103.25861215174015,31.24654323406223
103.27272516350489,31.014702931525996
103.09255028279013,31.121565978284575
102.91984206797018,31.15535176168205
103.04336813446402,31.013594769220845
102.9947905414487,31.154668859645952
103.06245167356013,31.224424447983907
103.22613243494108,31.242574498333976
103.1956946561568,31.28182675887003
103.0828007417304,31.217697057501866
103.08376103794606,31.241625225693436
103.12301210890638,31.252914705615943
103.29894095342132,31.265165239367953
103.40292710002156,31.253659573388106
103.34453410052559,31.161219018431854
103.38381143351155,31.032651967968846
103.25590321210183,31.013697056036538
103.10615862614226,30.985555254820433
103.07703297018396,30.962403299831166
103.09699246597268,31.164425152524068
103.10563212669473,31.136152739016392
103.28373940910726,31.025754039239036
103.31077842833554,30.877321789169216
103.24040098601063,30.887177491523016
103.16359849714894,31.030303583276122
103.16430297340702,31.090547280961587
103.25699342312241,31.073502804557126
103.27567779305902,31.080244282045953
103.37708808424124,31.00462594464806
103.39410732732522,31.11827713267189
103.3257577842918,31.149868048009555
103.41605020828973,31.150765666740753
103.34656050165552,31.128683404801958
103.33383152282622,31.267613173068238
103.44093683695971,31.332571921498054
103.43213337526483,31.400022443182365
103.39782364988311,31.269013573556244
103.30345281756499,31.147792666228963
103.22133197901954,30.93856935976241
103.25213589309219,31.05684194654204
103.2902543208773,31.198195703596244
103.45368252599147,31.383860943477455
103.38931832303327,31.35746373016802
103.3107169158144,31.28170744185876
103.39191654800437,31.382800551093208
103.4098208897265,31.432441176708853
103.37604617745626,31.424003468479853
103.28531206804709,31.180630548635612
103.27063091306371,31.22062847555666
103.16586008035968,31.212490331516342
103.29249575640692,31.124606509236646
103.29507583745948,31.153234577556873
103.31500812547365,31.28160678868855
103.3006505259216,31.34460017730667
103.28563891318234,31.318147307576965
103.08542249956518,31.173069057801452
103.08265469963247,31.13391561075134
103.1609857668439,31.14483816790421
103.18766408106802,31.218824980535416
103.21326485760379,31.17921040497887
103.29404553716275,31.033579780890726
103.18071954971221,31.015273361000872
103.11529995860755,31.10348169862203
102.91914102574025,30.866544527494334
102.81396208345183,30.79096815254907
102.71869017636733,30.589200630318928
102.79749004861873,30.564546908283912
102.84214774564819,30.543455091652895
102.89695491012908,30.484632763118515
102.88016938823944,30.36607821570634
102.97989246158275,30.407115409524227
103.04660710370213,30.539005827869854
103.01068591801206,30.57918665780323
103.10194041713491,30.7005150101703
103.16505329129028,30.866647590604508
103.053184239799,30.93132145028958
102.99946877690591,30.846435925319582
102.99761327704422,30.713873675758347
102.94189703566434,30.875725114784164
102.99641902420049,30.93754394670223
102.99435538850385,30.90935941256696
102.94191707831736,30.872519934149064
103.03458685941847,30.870248012751176
103.0579751150714,30.87864777185794
103.09808280669289,30.74731848221588
102.98798569768536,30.83282164930915
102.9409764730833,30.893689500430867
102.92292729746133,30.937888552794043
102.81654561289895,30.90078386186965
102.86758177622154,30.834995538794303
102.83336454976792,30.87268531988775
102.98141897861879,31.01873928253266
102.95194948296566,30.963824944535716
103.00834069077762,31.03591985864609
102.98176547059916,30.99407865747911
103.15039432042705,30.649363204371348
103.16029397582555,30.72477469610756
103.1843344797618,30.78619606704233
103.26822457622488,30.701875308684127
103.31724327580646,30.78830793998235
103.32445857493647,30.83535023576305
103.34285119092256,30.891354503826022
103.3124517984716,30.761700963294846
103.31571326448244,30.88420209458384
103.23421934797229,30.844556346336137
103.19781154307371,30.834962030306706
103.27776154326658,30.74144403292799
103.30763280480411,30.7093724061336
103.23198416587887,30.64107430202365
103.23396073177466,30.74799576843958
103.04338936817062,30.722249555926524
103.10279352764373,30.586397469132812
103.07262080661658,30.608098877339014
102.99950356947295,30.59204236879832
103.0864034055049,30.444307684631504
103.10577482498181,30.45795381326452
103.082317090801,30.54709305567126
102.99499933790358,30.418189608960112
102.88603446201839,30.518215634623477
102.7199047630571,30.589479732973256
102.62010770062749,30.56029722397633
102.67636183865078,30.605000901418215
102.6710561360312,30.52528731394501
102.60597178128766,30.471303041904015
102.62584447402912,30.453058837464962
102.5318860294548,30.566430389668383
102.65585734661077,30.63357824401
102.70297369540032,30.563641617229436
102.75195351256467,30.54305139174857
102.78922143999887,30.575844336492572
102.82803004807086,30.443244588282443
102.80004340722974,30.60857180861606
102.70065762906077,30.755660642413975
102.7465244481198,30.877211541198026
102.76277623857447,30.804975507917163
102.72524598843745,30.825456550256998
102.74779850591496,30.797370091066508
102.72533054577467,30.898324796204633
102.76214519819456,30.915908186584527
103.00621967749979,30.878947663998204
102.94305602613154,30.8770449991349
102.9892722142608,30.875655292391613
102.97183273945913,31.01762607204109
102.94854900514545,30.92316371596306
102.95932637467831,30.851880298671716
103.04929161272099,30.884115046790427
102.96700220594434,30.795250381865227
102.98832601638526,30.815813441146194
102.88722093776052,30.59639588159442
102.98910276478185,30.66370253284875
103.00277582446255,30.619593258330884
103.05429080738656,30.698800189525116
103.15448444710802,30.625162922181545
102.97204942184376,30.50515360420673
103.0219393403942,30.54359571139539
103.12341641945844,30.63581727279851
103.14192739880303,30.615138110046892
103.10001560134397,30.62485939087233
102.76790858161968,30.666535488759543
102.66182888970391,30.743601790913807
102.58233790748712,30.628979340299445
102.60316194269204,30.551341466126892
102.51776577569713,30.685385405783226
102.62540746717721,30.845764929451043
102.5814831322219,30.72444379841597
102.55903865136915,30.80857891303065
102.63935880118208,30.843283498339993
102.50437415785503,30.748068763271583
102.63794101907065,30.81415970126181
102.69719243091104,30.847222374446925
102.5296480058493,30.623097331817476
102.55325812820561,30.575686872286248
102.65613977862083,30.59626347749741
102.57193608963908,30.64575436176735
102.5830549443239,30.674073777810616
102.77258924127048,30.548481115832043
102.96741642935582,30.714136053214933
102.96275662467484,30.74582610628113
102.9448940664591,30.894549399936693
102.83058193407149,30.79666528698935
102.80963378724627,30.83224935901931
102.69009804042288,30.873082837495613
102.68726054241198,30.853903133007034
102.6639672345217,30.724720783657403
102.72427960424963,30.708402324578955
102.55109106124009,30.638615763160246
102.55569355820467,30.61938384966914
102.4851275679385,30.56998468896653
102.55478202524955,30.60805104601713
102.52771662121006,30.529980972873357
102.51782602812575,30.578024595671003
102.49010903783721,30.555405950922644
102.65429758556044,30.669440706796046
102.76002486783914,30.818842150012067
102.96641627980267,30.671942661879907
103.04415194963082,30.489532725970495
102.9018313101568,30.50964642861352
102.96497084867504,30.54526603975395
102.86393943000604,30.685286872135784
102.77233136594427,30.620669813314056
102.73298940110824,30.663697898430268
102.69252097200032,30.678533290178297
102.6838984331939,30.750691691960874
103.1176449199201,30.57704339322021
103.07801720775964,30.75549527967435
103.27957235840384,30.771215464560342
103.11461727236603,30.873547366343004
103.13131029998557,30.790695729638056
103.25134392682526,30.645900489807033
103.3016454385328,30.853863555384862
103.11798342634447,30.895454148381795
103.03687955981603,30.835121211461086
103.1669274794028,30.717289511174116
103.16868011251921,30.80384084766399
103.09478475871806,30.952643016101447
103.08977945717587,30.77921967209701
103.07592723133725,30.75860565018611
103.29524123836835,30.76417266175043
103.10456143796678,30.803763143159667
102.89385174197973,30.837470419148545
103.03330970205936,30.730719827696177
103.24956000281942,30.719156748188254
103.17546601643215,30.60427006093976
103.16801662107048,30.523979864030377
103.10410648380748,30.45076607903034
103.04692867921861,30.451222554680413
102.91060447871972,30.482132102516
102.9519297888964,30.47154015093041
102.98552714921026,30.602600144291948
102.9056356122554,30.47051426093459
102.97057109052157,30.50257443661365
102.98288502727456,30.67973695669992
103.07613832798938,30.78466607166559
102.94539587399504,30.83300168569739
102.8355720453324,30.798849263995603
102.62839795407262,30.77691466416306
102.66871323708602,30.493294718352534
102.76904917762388,30.54758387049134
102.83259119321941,30.609745455104076
102.81818822213273,30.743656333080224
102.89984709311855,30.70380979586097
102.8303104415139,30.7736003316878
102.91265436283618,30.857982213533383
102.8497096950476,30.865272857782976
102.96686126202005,30.811073851366583
102.88025979410565,30.778963484497005
102.80065210217963,30.858970567349115
102.7323012368408,30.82843201472563
102.65326909440569,30.75182377234641
102.83287454714998,30.693638968021457
102.74412324894924,30.84192196251111
102.89387194050894,30.85663047202148
102.80850560819772,30.78843613644663
102.99536927876115,30.894187096058392
103.07852711455524,31.00726834261031
103.0069103428586,31.074582093059888
103.03296697103018,31.03161541162524
103.03626703640532,31.057044096269433
102.94647982685379,31.10817738880694
103.02917647860336,31.043098956812507
103.08650279082097,31.183432707633507
102.95195381027177,30.901764327192616
102.90826328856888,30.871299320319846
102.97132603008609,30.801291599004664
102.98405471827391,30.824809259289346
102.98817584659501,30.861081438799776
103.18561521819973,30.759303269201528
103.16271257811813,30.627984857560083
103.05316902293694,30.648093411961103
103.08478892036825,30.573741015841776
102.92166017943764,30.481344696516686
102.91602049865133,30.38632061412449
102.8489499835209,30.362083329685618
102.9477404462738,30.42917033608301
102.84333118859456,30.348497127792758
102.83933714668308,30.573732462390613
102.95763097894736,30.685822815946675
102.94983544478505,30.64574423584571
103.00514830972035,30.48899376808796
103.04083590559335,30.556356177505954
103.08493874321053,30.60742223285105
103.04652423649945,30.69928310726636
103.14937261839184,30.525220812962782
103.06758571128343,30.63403122129802
103.00036883119728,30.7003829028139
103.01885724153367,30.652684130926488
102.90675597324999,30.646215443007584
102.77903546877548,30.68563209145218
102.70180287925744,30.648919678587752
102.73508508604482,30.629614040280586
102.82815519436446,30.64655396277624
102.83337614295576,30.550970422420406
102.6852820001576,30.49522447523735
102.8481123457512,30.510309699579906
102.77794017017375,30.4573485874871
102.80773419917726,30.671628203604772
102.80285837951209,30.774355402881717
102.73424198056846,30.791435223838715
102.81118986492102,30.900256607769894
102.8067537366059,30.92163458647389
102.75440219660979,30.850685749735973
102.81397136313721,30.87674954744889
102.959569745595,30.894716263041712
103.10402107430338,30.8526863750521
103.04328986104345,30.729214946917292
103.09434224862709,30.66282587976434
103.020290727206,30.432188384322245
103.0121682508647,30.403045000386804
102.98706075427401,30.720485196529363
103.03868141367288,30.686959452600654
102.9383185436961,30.54807116939867
103.05116219978139,30.614000750021045
102.93815093551315,30.502276711631925
102.93288493165561,30.532184857276793
102.93476387881135,30.371310273308357
102.88187985227901,30.381001961739805
102.9449446751944,30.629268293888277
102.98602255709689,30.591333909553637
102.75920546262708,30.749195102666942
102.81410678529184,30.53112253265307
102.82024477703142,30.529201668933116
102.85528418448884,30.57192594226082
102.88682446491799,30.603443489142794
102.79966345598062,30.625608054008257
102.67449400137231,30.824142302886777
102.67507083473113,30.838764076770644
102.64579520644999,30.819991084678936
102.50349393257288,30.733900261106502
102.5600471620378,30.719855612810594
102.49411487032818,30.6638658358532
102.48839091227056,30.668556280319446
102.53636956299984,30.542369823262526
102.52793400707112,30.459664266145257
102.45123915950542,30.58700730727328
102.50385261498309,30.49486076569326
102.44221206937254,30.470559056497944
102.55980814301144,30.67249364236356
102.49263009906157,30.711651183956764
102.72897771141488,30.707566265000775
102.4921449545422,30.69270726683182
102.54623361918156,30.643171668865484
102.60156961862837,30.67210911548341
102.50639915201998,30.616785794027624
102.50316190326956,30.635762718999704
102.53949362151349,30.778166722431173
102.57616263385131,30.75139953364069
102.59255379463764,30.652532068466215
102.54888017545305,30.8004538998358
102.60489660053052,30.833031487023185
102.66552640131944,30.822993357470313
102.65796087997845,30.82856276778181
102.70818878011937,30.80647025829424
102.84985575221508,30.843231742568413
102.84527456929557,30.73810614821352
102.79133095969364,30.89324867700172
102.76865708096066,30.8782045135356
102.9230863297684,30.828864091447425
103.08122560267921,30.76730125170646
103.05685355028976,30.776812739635677
103.01192727368593,30.991005210533444
102.9621101971076,30.978516441473108
102.87083136434006,30.84292990911656
102.75550286268923,30.832258466681772
102.88341502325198,30.8867140094149
102.72370513793224,30.848860338256145
102.7327213102044,30.890838536870277
102.89922498730301,30.82479221133077
103.01922215861937,30.699000781470378
102.92351096325899,30.725586093015487
102.96866821186774,30.647941492961817
102.9007726736177,30.620282867772378
102.93790064384291,30.687271201154413
102.8893385648756,30.85266103504103
102.90861836315364,30.884328652665946
102.93827658588233,30.68044322259783
102.97484787502243,30.584007220303434
102.81523469520073,30.48312515363167
102.90005870900751,30.68797869779019
102.80632418134563,30.615392595066282
102.79171919128814,30.751967601848804
102.67446634450435,30.778597901612063
102.57591300975001,30.770825298541485
102.63085692014818,30.611511203901543
102.81060043840786,30.702785184835612
102.9381281443372,30.59985461120024
102.9964509405169,30.704356149047783
103.08056007664534,30.584924735037905
103.07536049132597,30.736706323647546
103.08101644584579,30.80771164722629
102.89267485192616,30.797052696735463
102.82766101646932,30.775859973218797
102.82443291486157,30.85515359267177
102.86152214744305,30.888975599417105
102.95579688208547,30.86821981555762
102.82766187885342,30.874299941582247
102.90251669749907,30.813945055668984
102.88302046133937,30.898672078726857
102.88350835749554,30.891107097658416
102.97659983255147,31.144423022542387
103.0401444748452,31.037389045307236
103.08009591897041,30.959024483874416
103.13636831626206,30.96299702546324
103.14125869268427,31.052277153104164
103.13413951984415,30.985996607028973
103.01549887200946,31.207015308829597
103.276951036404,31.178827848979925
103.2047756341954,31.07980103099411
103.34144916039331,31.21349529954293
103.3773087872663,31.298344190710033
103.39055591453265,31.203662188602372
103.43744470932661,31.186675164021377
103.39513090706537,31.255504595711933
103.34812418025894,31.1620043715206
103.19671377236111,31.222745204601985
103.26611880528426,31.257190666624396
103.34292579276689,31.28850005655938
103.39701832873133,31.24083112785445
103.37318770895521,31.31663253080867
103.43263639147614,31.389920788076733
103.29696658859078,31.320016032629916
103.3074179306647,31.28732014181009
103.25634189259308,31.214738628308154
103.35002361884298,31.191778036624495
103.2851927041193,31.239136871121687
103.42388413339778,31.204957917003643
103.34929243178168,31.196020138481096
103.32142122301246,31.031575413612096
103.36424249899486,31.140706286576588
103.36370968202901,31.23871869839761
103.34772761091601,31.155577367813443
103.24307412016235,30.999369002181627
103.37890868905069,31.03397452800987
103.3491909112609,31.08410963412624
103.32636803074227,31.002721519798826
103.3256096731447,31.0894418193949
103.38882610398986,31.152600261268535
103.35771260920488,31.20646425401611
103.15959793439053,31.292054768259746
103.23653942553011,31.281491378179645
103.29207590155255,31.304472021058473
103.0893141139109,31.275928338590383
103.10809052063773,31.094442508617714
103.10538156674082,30.98029281066671
103.0585913556863,31.02077985209758
103.08647921887838,31.165717213011334
102.96821301244881,31.241736518518994
102.95433795781136,31.19764264969258
103.03789949203903,31.239033983614764
103.09568045591806,31.234004845055477
103.1356793258827,31.202732623165044
102.98657051335728,31.138509613684306
103.0082533011286,31.12133164482165
102.96492308420243,31.115369707460886
103.01367116843146,31.118074649025523
103.00256812565746,30.941444968805797
103.00627541216105,30.929407651653538
102.99003945595874,31.03826341912309
102.96960441334332,31.036044905760146
102.95641618829133,30.944308451117596
103.08981242057091,30.985287432037083
102.94795200616458,30.88304255621254
103.15868920944239,30.933262822662094
103.2268693764278,31.031706219047486
103.31835849169917,31.243354810272372
103.18608994539123,31.315746661399608
103.2732176947414,31.333494340498106
103.2852926363842,31.30034259967956
103.31502868555293,31.218093759827664
103.38640361898617,31.389976104039437
103.4278671388024,31.41537634477849
103.43110409822378,31.330557014632305
103.37549150672606,31.36704240819967
103.44953778315936,31.418282173745787
103.39867329987882,31.38903358352501
103.31653258731615,31.257724544940647
103.30459226882238,31.116325644869516
103.38354642107218,31.061062063672043
103.39220633254071,31.157412414978413
103.32614944516143,31.12064499082792
103.29769897703432,31.00661472625269
103.20488813889503,30.92401857156398
103.26473839469514,31.131514420147095
103.20737599450867,31.07087367171213
103.31031337467864,30.99491461129721
103.16998675611538,30.915433778345054
103.06911757476277,30.876401239084256
103.01188771059869,30.691664613523752
102.96802491214227,30.71898413508158
102.8280616843433,30.80608547623516
102.9044344961671,30.873932899339003
102.8425318951108,30.744457178940706
102.7661383158822,30.628995897122508
102.9447505859151,30.69219564446888
102.96507688777719,30.6887209534954
103.00350055859506,30.77621751988447
102.96154075227207,30.818715249862393
102.85582174371005,30.861998267642925
102.94831903163679,30.787775687923933
102.91956074171627,30.828327013984904
103.0357597136832,30.738602748635085
103.02453031252686,30.835736636476103
103.14595545227436,30.901792953380358
102.936334856459,30.756300638522323
102.8775370420693,30.748567991702945
102.91258386061025,30.75276696290057
102.98436837041973,30.607947545920666
103.12551553996275,30.785908728886483
103.08232524675758,30.739482103574755
103.19539180263673,30.94968243674541
103.29942441537527,30.85139783098284
103.24462400619252,31.00991506461213
103.27583211887008,30.964523253377525
103.38460186375258,30.911718583792318
103.40211083373114,30.866162000088455
103.4229391054308,30.82560730068276
103.43719919587889,30.884313468728408
103.45504836030582,30.869358009721154
103.353524839128,30.856642845329183
103.35779448415151,30.870535960592395
103.23422974671651,30.720792330285523
102.95736074669854,30.93907875559391
102.9796289150427,30.929208174694605
102.94554858853104,31.007617326446027
103.08839851951173,30.907311748311244
102.92780865784718,30.949714374949984
102.99933395810892,31.006052692769092
103.083392701533,30.83213196873751
103.04577325976157,30.904295730095477
103.10358460082857,30.8270204510627
103.13495083538687,30.946812001505908
102.9753258870057,31.098249011925194
102.80155420295466,30.918609107578458
102.7129894405431,30.845548331494825
102.75253977016659,30.852438112347027
102.77839430694794,30.875232024573346
102.64292959192936,30.820739768718344
102.48970214479401,30.706238438852978
102.61955163738396,30.752800801010633
102.55342109855461,30.656523219292776
102.56243381979687,30.76420937908067
102.56887588443539,30.72278351187902
102.65160608493136,30.732476990259332
102.99861578349093,30.532457366861227
102.96547633552552,30.52034573708044
102.94425534777858,30.567747323041267
103.04478813032277,30.623422088344416
103.04904434795331,30.538515728269306
103.06959391637703,30.703626652371558
103.27877366649847,30.740812378207423
103.1884645157155,30.944574890282365
103.07540175189263,30.856634478893973
103.11194183735712,30.814444131900906
103.13691456848322,30.981050663757447
103.00255796569726,31.001039117138664
102.94814996684924,30.865352840954003
102.9705081210143,30.806738741838398
102.82299857930836,30.877669431695086
102.83113096967729,30.875262802152083
102.82115341437326,30.85539312076294
102.95952709612341,30.658191953034393
102.9803551367242,30.647938964943354
103.04555155765188,30.486953987251155
103.01599844302092,30.47550396229181
103.09727159489884,30.519978471713262
103.05944624108449,30.48137123203148
102.95723882085167,30.606468112344903
102.99822777434015,30.457193491441625
103.00868773665151,30.50524545227189
103.11683719732645,30.466757969509306
102.99780135452265,30.443759710985525
102.92058416976423,30.34556711059356
103.00893831572533,30.603794783445917
103.12618441380754,30.455893733802956
102.92343654520108,30.63623430183895
102.99089222827037,30.525528375406513
102.82804714806662,30.566041443307807
102.7900798142014,30.616994165173
102.7476145634183,30.54866367011186
102.69445463932432,30.56342579296364
102.65265396405144,30.464205278922304
102.5380347429081,30.48174133990185
102.54284567793317,30.18706365400927
102.48145636254995,30.171921172687505
102.66692695938339,30.314148629546384
102.78175709140376,30.269429066506433
102.71260853044421,30.26183210298198
102.77313776532162,30.262958302722947
102.66946675349071,30.315278640555853
102.52300327387717,30.303832190209928
102.48149976943685,30.39117689826663
102.5667638249705,30.480570668941372
102.4651306464936,30.62136207668931
102.52362208103875,30.471741431695374
102.44180309803984,30.503070390141435
102.48829468151642,30.38127165974001
102.44397427270184,30.430611212838716
102.52791281666762,30.655576604819395
102.50964125572382,30.611393358984774
102.47729290922011,30.61734896438939
102.76022626975099,30.55536858034684
102.73411026438013,30.578876409302406
102.65178080254108,30.62588022311093
102.66788076576614,30.682920781071903
102.75057296651237,30.684152547748017
102.66521582302987,30.61060404367312
102.64238842524554,30.77583698793776
102.4883081017214,30.74404275405999
102.52799417542744,30.751657024575422
102.60981095980486,30.740802044581912
102.49972937074922,30.69582404367517
102.5147220470912,30.741861117570597
102.58984240393428,30.73389718114308
102.49113362678284,30.736060479182594
102.62191246997435,30.796894905697755
102.5423569257104,30.763015082517278
102.58101083488954,30.835352322264292
102.55020444253431,30.78427788766007
102.53997797138351,30.804656896176052
102.7096946895978,30.824877563603312
102.55328803212335,30.805639355783313
102.60851501842264,30.814756992464684
102.74138025018702,30.728036414013477
102.7576968336483,30.81348765738757
102.895530466063,30.796970056494708
102.93614778327866,30.88872354664513
103.10843589901404,30.846072116744217
103.06578390321981,30.892251406204668
103.13029419630304,31.028979182004413
103.10410758300254,30.995060333955838
102.97752374775015,30.836747788020265
102.90004769589267,30.707985481611757
102.80547326884562,30.754170321252108
102.73814348537007,30.888678434460076
102.7447037723216,30.818021422423023
102.79036772079468,30.80147440440206
102.83813282424644,30.75889699469567
102.847388146509,30.687023704625226
102.83280552086651,30.83691623494001
102.90608664555009,30.77161096514705
102.91388018075331,30.741771275399167
102.88757303623393,30.825145989699287
102.95672909918318,30.90502343030741
103.03066793341284,30.85990510999912
102.97386374509442,30.814286549900135
103.05292823730393,30.78454056046568
103.04195561503755,30.8090754297212
103.06573398994172,30.802332237027105
102.97736212829565,30.76961693106605
102.92794239045051,30.848811970992667
102.9249050025993,30.857425531339008
102.83007309137213,30.797544931993265
102.72889722735373,30.615622396218626
102.68605652257527,30.62885388950934
102.82001373899024,30.65433333707254
102.82469402506318,30.57923115882319
102.85835322050069,30.56930730246277
102.81244979198395,30.493424228008355
102.87299229414593,30.43008260812107
102.98967023726244,30.557497292564218
102.98857562846484,30.71201345327299
102.9465982395113,30.626704126258716
102.9666450484616,30.585297103220718
102.93888223136017,30.61205432062389
102.81886853035843,30.60350190716034
102.79773077606359,30.52789927641072
102.79183669768683,30.438968162893314
102.9499072164975,30.46094411081154
103.03512686005882,30.422223809690912
102.99516295231243,30.587555868655592
103.01840781641326,30.690702217601373
103.03888651594974,30.45833285714205
102.96045235399306,30.554530027570582
102.99445338023558,30.7452873413552
102.99789924027587,30.885538319595668
102.87273531405171,30.757706375192473
102.91216954916555,30.628157244695384
102.99973423901858,30.70343852686972
102.97020957836511,30.73820582248919
102.81878684477802,30.752947861361562
102.80107547373646,30.678005623511964
102.78863689800225,30.616867643793807
102.83697837412284,30.56033126903751
102.93689692201538,30.47739823009841
102.96159418497103,30.462703034138002
102.88305987796632,30.33179069423267
102.7785530228439,30.454101183030627
102.86126600727624,30.51966373089126
102.87365089522841,30.47812656486923
102.78722957051977,30.575474417962553
102.71836675548404,30.567011650486855
102.60800093262763,30.672911197508856
102.61215475772569,30.779320843556064
102.63649734240926,30.647664795561848
102.70332899971551,30.569198456684287
102.7304091244225,30.551229078990275
102.6768412200205,30.4080255103692
102.58899624127385,30.552717292483198
102.70988163589288,30.67882656048742
102.78382928172543,30.71482494046051
102.8879128988534,30.794938596330045
102.96184357755484,30.747811527092555
103.07426306716333,30.640145974630133
103.00814310025821,30.55573639027794
103.16589718479753,30.702015052811394
103.0479538085968,30.765880850309223
103.01375477061877,30.885272281675757
102.99088189358076,30.906502277487267
102.93657817734844,30.83860442555162
102.80993251364433,30.81986655522414
102.90887119499119,30.83256576765504
102.80247487288966,30.895081191698807
102.72416192520558,30.8583704056931
102.79329883891224,30.826163159554838
102.70165977303178,30.844391604802475
102.72330522654441,30.854977578493585
102.90514722037948,30.870654209921007
102.84646265363638,30.925820922938506
102.99808695047143,31.059496726269142
102.97938922560112,30.798096817493185
103.01760708947431,30.715874005638273
103.09772363327883,30.702603365562165
103.20756689130374,30.846051631243547
103.14127444467123,30.807576350763743
103.24445875772314,30.8352114214646
103.26767496699779,30.82600642945376
103.16721600124546,30.555727477259683
103.17724836108444,30.507645703469585
103.16703319089805,30.55274937341794
103.18917046418888,30.582353543414737
103.1886122387211,30.737063666913905
103.18430175179674,30.755459137235302
103.27443264290683,30.64407826577828
103.32262524983418,30.673627667261712
103.28707063719473,30.760942638972907
103.28390417183537,30.792303320807115
103.3774848557956,30.905464717342134
103.29237884844302,30.799382932094403
103.24760280450593,30.87801837747136
103.15641185220993,30.849755775367626
103.05466167654359,30.86657832698494
103.24565661944082,30.837749907059944
103.19395559929339,30.661273858753965
103.23530564903439,30.66787959212305
103.30024954046245,30.695911721546192
103.25022140380435,30.740014027226476
103.02750041266208,30.81626322827161
102.9209454412919,30.733000923464267
102.97606525421332,30.506208476667407
102.93509311454409,30.655391133222242
102.9557788659995,30.717516893563808
102.76246591232335,30.71237243563676
102.74952570237402,30.60678093293593
102.6911678409734,30.58067034917256
102.72663044379904,30.625127757785812
102.67738696186652,30.619563931933172
102.81378652289533,30.584180974586854
102.7496363856405,30.5819188443413
102.79465849809577,30.64860910071695
102.80019476642497,30.58998156322263
102.97849536405667,30.623093299620344
103.0283392518764,30.8254059320403
103.1181325480156,30.82630388727126
103.11570462335048,30.766795040773044
103.020981960711,30.92751311323795
102.92035689201482,30.884885440201426
102.92829770641107,30.993979649125873
102.96282158075732,30.9615202738784
103.00675165958586,30.770391262988632
103.01453131233232,30.81831102119436
102.98894490507965,30.939107936009435
103.02245108647745,30.75555345221538
102.94127296678862,30.700962338774573
102.94736718797051,30.69270114012072
103.9281658565639,32.184814308399496
103.95964305847227,31.930241202478292
103.9463849695575,31.897130901241248
103.91763613684508,31.941370092956
103.98880985023276,31.885367173535727
103.85843771909133,31.914630117744945
103.85273571925146,32.000965299421466
104.01188076460676,32.053401996452834
103.86468063199473,32.09503900949241
103.76538911067088,32.04651191493119
103.75535216032958,31.968564505621785
103.78423044600935,31.82114812634336
103.68622353789235,31.994035058847103
103.70219957147656,32.02828806874714
103.68675979857359,31.96661743708395
103.88145974059599,32.13182523543907
103.84675679946291,32.093629599086896
103.91235841230524,32.128495252576
104.05021011743479,32.10162873532374
103.96430357442597,32.08948499240706
104.06225634830004,31.848053116089176
103.91230029845146,31.87096124176756
103.91221599002064,32.05911443467282
104.07677172855968,31.99220806934351
104.07236474723975,32.11299142897597
103.88537100377185,32.23344295492632
103.9370750676292,32.353922700900874
103.82969547842403,32.330463294008744
103.85177868551169,32.22382542338358
103.83330426570537,32.36157379854148
103.99511960085266,32.34769091395687
103.9967366581682,32.31419431417005
103.81961361684058,32.30886409712681
103.81961361684058,32.30886409712681
103.93249213493972,32.302657554712745
103.9442664223562,32.487838225593094
103.99013246227858,32.495793929537044
104.10531305443985,32.348029938097106
104.20320015181191,32.22430119652636
104.15103259688651,32.2405629403266
104.09096955754985,32.21972162641536
103.9334243487232,32.16232200937036
103.95955064622775,32.25375666698054
104.10629055741781,32.300443516925114
104.0449433235007,32.42148833430342
103.97256879679999,32.57368777552914
103.90515947850614,32.44673884716791
103.87285974404585,32.59689162847383
103.87808954701515,32.6045894114957
103.84688723279031,32.54104099346496
103.98434634740502,32.50701973445494
104.08592954021334,32.51000755689077
103.91411900379465,32.405732236079125
103.8550883978498,32.36110119145663
103.94529128964646,32.21719934308619
103.9732574217152,32.27728512328392
104.14423716280328,32.14951819010234
104.18034246917931,32.27116937214903
104.20181785871229,32.20613390186154
104.37753815170576,32.31962050503626
104.40019585371702,32.27929565640515
104.37822021309242,32.29917942752498
104.20493028530122,32.12752792519125
104.28557221617233,32.21073455888991
104.29901816221223,32.228888814802445
104.20508376086367,32.24831567580538
104.23550544553396,32.115807985746756
104.24202527677868,32.14732970898069
104.15595226368751,32.28022296038805
104.20971209550015,32.33280482977578
104.16062204358474,32.210882558250326
104.16343024147092,32.34805881169859
104.09302968734184,32.451755249777754
104.1344192925794,32.532141655525905
104.14047527824076,32.589796542520006
104.10084954851807,32.630856096996695
104.0608738979962,32.62626812896758
103.99903711191676,32.73357968689082
103.90457561583075,32.71497350523581
104.0632699550271,32.74209661963111
104.0648581446206,32.8184102114808
103.94534797080496,32.739353496287514
104.09014087422281,32.653005838671994
104.30195764291547,32.63681626504061
104.4026552283668,32.65909580993907
104.36340143748312,32.77330231958964
104.42141620750414,32.78615589085653
104.49298260005476,32.753810393139084
104.45716359478843,32.72615410249385
104.39271147082589,32.544102471565424
104.31210851694178,32.61526879075526
104.2656698048573,32.59910511121254
104.33146140527454,32.54696429378832
104.25194116517739,32.53513900066542
104.24757548273399,32.61511799782357
104.47327890886078,32.5390508577109
104.58702415873746,32.651692025286906
104.78777706400935,32.625551174192644
104.70956780248765,32.622971946726786
104.60425945181153,32.516853779804116
104.47623628261287,32.56067524675684
104.42775880208556,32.5011864627675
104.35450952284431,32.551541746568404
104.33925258699198,32.53102972112157
104.36084121563148,32.53352445363565
104.28253357700842,32.51641433853659
104.40534702107865,32.497063405418835
104.3651693500171,32.51270265043381
104.32539524522282,32.71125422560615
104.44629827390868,32.805840770407016
104.33798431490112,32.9922211354611
104.51583006322404,32.827078281944964
104.49195886767072,32.8183173122064
104.48125676499755,32.679662604293895
104.57449077449554,32.47242047718759
104.5385684238417,32.47051879712703
104.54940880209752,32.4550058798162
104.6896744916158,32.520628177188
104.52446315821764,32.66438836476641
104.51045384165495,32.776926980449645
104.50183098621143,32.7034525201119
104.66250342901944,32.75166317777351
104.53283278243218,32.82945698146628
104.50886815616667,32.871486564216816
104.49505597635817,32.84104853659838
104.31925296082434,32.85990774589358
104.35202779295174,32.843613407910325
104.30009176858371,33.039552912256475
104.1877818538947,33.00442578960364
103.9776565096073,32.955199899327546
104.16279394905972,32.872344532614
104.25341755723657,32.99292983527133
104.15765959223864,33.00990233468181
104.1936029253727,33.04649766363744
104.08664873490297,33.13053918396712
103.97581760441922,33.00742249200936
104.01479134075402,33.091452589381646
104.01690366140791,33.04965380364773
104.01677952750212,33.142604586546064
104.04838638629482,33.11252546604015
104.07295643021561,32.97339559428588
104.1099551631946,33.10419402823587
104.05647836465472,33.18816687771558
104.01862612105256,33.07045148818519
104.11160199634055,33.13930147620012
104.13490956765516,32.95627501413537
104.16378618026197,32.892823548313544
104.10642701976539,32.9752109264372
104.04691285245787,32.999097384158986
103.98364074526059,33.09793900941067
104.07459581253858,33.19335856983668
104.06746276972069,33.151523879114215
104.03676945904631,33.137594718526756
104.06814030536391,33.101939349975474
104.06047584885818,33.037870442174736
104.00794414463415,32.95934124252615
104.03381512672588,32.93736656299756
104.07714095757326,32.84231025685815
104.22554002676193,32.987996556625
104.22845169506728,32.96101770112641
104.1248777508678,33.03879681318019
104.16680231046892,33.1045285552206
104.27929819072547,33.041465029807085
104.21908331313469,33.04829764795016
104.07056727027154,33.00313101974527
104.00249690904312,33.00386402369563
104.07913888611564,33.08965000255865
104.13765167298983,33.09666311000684
104.17459491497108,33.09510533310675
104.15914001498007,33.03942928552641
104.06260848203813,33.131799888510365
104.0816990793594,33.136438536878046
104.10192322504389,33.08440646960981
104.05054036120686,33.069359262773624
104.01021569539849,33.0274603404585
103.99360749486559,32.98261047786868
104.01765349563492,32.829914696214516
104.02285509645704,32.95760635693516
104.12936678835545,32.888322280310746
103.98229938369583,32.818919391939026
103.99297050326594,32.96409170502934
104.01302232245291,32.92592480307479
103.91103797353952,32.793358125621516
103.9905996624327,32.882136401354714
103.91766721964301,32.732396948736394
103.90947360668733,32.81710580951194
104.01649088978955,32.92027582821996
104.10605648796907,32.92657291882849
104.14317400571665,32.88803428990558
104.06496312174464,33.16521489630089
104.06666004028706,33.11259815477472
104.01527394222967,33.0220566428916
103.9552566386848,32.910955982767014
103.99431247312415,32.92135111089027
104.0547796370537,32.96858398363994
103.94525169763303,32.83351250286337
104.01510275622466,32.80871857942071
103.91471276518247,32.63671775134722
103.84433096073488,32.636462687494856
103.89938326633047,32.63445079320858
103.9089308464074,32.56592769165799
103.99633496394947,32.63952167363377
104.02898412125992,32.713012675495996
104.1803917394254,32.79658527165811
104.00841593556164,32.790259612097095
104.20950070558467,32.72127293309081
104.29073668604615,32.77421112955728
104.2141151427971,32.78068325964024
104.16614348749847,32.93537309055953
104.00322964082578,32.94456694826703
103.99264545132917,33.01657699727246
104.13019786270846,32.93707174293382
103.9418301376987,32.88866385212422
103.93753680094994,32.83461763923399
104.03607665413774,32.99916148412045
104.08879141878694,33.02792347390928
104.04064165052672,33.12907313729027
104.05158399938848,33.13267235260783
104.03914766084019,33.025864097076926
103.9921594633234,33.064746946368864
104.01007623557665,33.052765336104514
104.10124859989689,33.099362200376206
104.05529867867999,33.181287551774524
104.09195937695125,33.185521227208056
104.06098470545642,33.16282990489217
104.11195053758381,33.16016891662302
104.05056492765105,33.176153453578024
104.06300718078512,33.19785425691207
104.12570072263327,33.14185178012777
104.07719925944464,33.1660366457388
103.99484879858973,33.04583099504159
104.10218700905817,33.072026714776584
103.98551112612358,32.93303521922406
104.00826855218371,32.95687141122861
104.14494751603975,33.0517583493995
104.1092256194543,33.15502474700797
104.10102234829965,33.102231165793185
104.07400437101485,33.16688295886529
104.09245283810162,33.17497320642891
104.18173009858864,33.00801195783711
104.23242442619546,33.02508065162921
104.12101992881855,33.07317264342635
104.13834897731707,33.147440869371515
104.07336953505828,33.092761446013995
104.1786658224338,33.108955230326615
104.07959222514272,33.07431469265143
104.20130018064019,32.94667773520711
104.19916593557532,32.77246619332077
104.26169272320783,32.96497352606952
104.23134819360247,32.9830663545917
104.16762354746899,32.92571389433325
104.0562014952079,33.073985841550055
104.1235886445136,32.986727775449424
104.16359594280476,33.09993898502443
104.09452767055876,33.08603507145597
104.08277711546894,33.01336819273249
104.45032025904543,32.91462536277269
104.40772778313861,32.904586183030794
104.38091271716303,32.91193943895102
104.36753958817062,32.882069223576096
104.23105025202617,32.96980350137935
104.30651311232138,32.85361610309677
104.40387690655456,32.75697429800574
104.5428141636415,32.82570860187057
104.63594516448292,32.733911562543874
104.58868772112504,32.6905929639368
104.55203071186652,32.66344216771641
104.48686291711188,32.61501837550046
104.42257972183928,32.58590971711965
104.30200059662693,32.76732923311948
104.29529098451943,33.008985404829204
104.25803702608493,33.03728612366112
104.31647554141534,33.03285903930574
104.14168337194398,32.98619758541296
104.1425999189161,33.07444521631097
104.32409999395966,32.81505224948346
104.11589917199106,32.82178358287478
104.10951516822821,32.66258865145681
104.18940771915968,32.78781874858986
104.13102179515744,32.67207622768452
103.95376180925001,32.745315524872524
103.9463478974169,32.78779963870364
104.18704369942876,32.67803307886964
104.20996002257087,32.74581191264886
104.11789005225641,32.56392140516658
103.84994543797262,31.849819116844355
103.87975765284305,31.7982452563729
103.89050324613838,31.692020967373043
103.84409792523957,31.754974116869878
103.94381893099867,31.623233904020072
103.90301422255828,31.683566918828852
103.90519492635485,31.60549131303542
103.95208152543982,31.468497013646367
103.94776309267662,31.6260835594513
104.02268238176622,31.70655949306613
104.19233844327746,31.774380398075838
104.24000707758407,31.78878479531489
104.23170067415322,31.77753315034525
104.24207435465095,31.777032087182775
104.33217908740205,31.81244233013202
104.19177186679079,31.78127002019094
104.11761285133319,31.748292820990063
104.12519848327115,31.623402764414877
104.04221844028079,31.75148830763421
104.15778820865839,31.774581363655532
104.18188119686435,31.779010305775852
104.18111160053667,31.69993440952491
104.08951383910572,31.66203390646679
104.07397061823491,31.6574819083101
103.9899259800461,31.61678364608107
103.87260388114225,31.584651516346106
103.97176974118946,31.47542920805904
103.9583534664997,31.490066408867655
103.8739237781138,31.50622828947656
103.8185168314061,31.566519809343877
103.90323764392126,31.557408727836354
103.88064673519138,31.648986174641454
104.0597434291086,31.661964116412253
104.10752975735197,31.572511845597887
103.97895103222834,31.45414457331032
103.86227863375017,31.408840418668124
103.93593060738758,31.42440067686819
104.04029455735491,31.46917946131438
104.0717762500921,31.415838714038163
104.06542963516466,31.43682722970245
103.97175317109355,31.52335519994499
103.99374718630388,31.551650373045593
104.04508631401649,31.457265130019792
103.87677948908066,31.567050661771948
103.86577112079947,31.748148652280705
103.95511909817151,31.728995557224565
104.03949441208388,31.72277919373589
104.07662922313328,31.740032801357142
104.0878387922168,31.67795540398658
104.0091835672352,31.649666495451477
103.8962984579034,31.69274061774816
103.9803113733517,31.67827250600817
104.00399963949609,31.699543965525635
104.08181362502204,31.709092345467724
103.8926550296184,31.561067812740383
103.9000268748557,31.536270182719058
103.84972849195663,31.517648091430864
103.92940916038208,31.64732579708159
103.80998795732475,31.78326481157889
103.8811782752856,31.748216557866435
103.92575279937226,31.761691687760223
104.10332013732655,31.640431977406138
104.12452058161706,31.77938919499128
104.15536917465401,31.743851946324572
103.93507140334461,31.582152612279106
103.91698888852375,31.4593048710512
103.82137868593625,31.423497001130254
103.8066496185199,31.29473408226697
103.59561270040354,31.200048380802823
103.59638516082894,31.170067889595213
103.64555273068602,31.193953783899612
103.59461830233113,31.189175604565463
103.5803741828289,31.330231406681627
103.61488043745295,31.338824964464692
103.60827072856921,31.284641481698777
103.59577889519394,31.18509179902796
103.64955759022229,31.24509748219628
103.68353414330028,31.16070391680236
103.61461571632915,31.199078433113485
103.5773141957788,31.222790302731013
103.52968589577587,31.133175453373063
103.57147094605808,31.12494914373478
103.66085320565473,31.13588202066428
103.65965808199694,31.140424363336503
103.57497866930173,31.141118094387668
103.63370590345643,31.194382706068954
103.62238967364847,31.21490714535273
103.56804674721835,31.325084726043663
103.5682174978452,31.3373164348291
103.6425879502707,31.30532607986873
103.81073205034802,31.31271221711825
103.77294022912504,31.264663439983583
103.88303873386015,31.468289339179226
103.85783657441404,31.423538710117015
103.76008184551617,31.33337862036275
103.81713704232558,31.5798249070752
103.86176705728673,31.573182984462466
103.94215243208976,31.52627065170836
103.9926137966554,31.583617581127644
103.98853029162788,31.54069538961357
104.0192438956,31.549244332150458
103.9923980963046,31.644316567809792
103.89194203877206,31.78188211698346
103.76004505255096,31.797661053513874
103.88161511715458,31.688669419320384
103.86264803892381,31.78277199351141
103.67511359817678,31.91993568306599
103.81553581416281,31.826737304804706
103.95843818998382,31.79847610561072
103.8392116748274,31.955120763457895
103.7301993038146,31.818124969351842
103.74379873145028,31.868442556470153
103.7130127276017,31.860220248297566
103.85450124027592,31.813489206522178
103.96680477236885,31.825985445186348
104.07008476579205,32.00703303190977
104.03968621998085,32.049840662567355
103.9857202610535,32.01662851829034
103.96404761297593,31.93683507493813
104.04901868998792,32.148332599064126
103.90941991480311,32.17139963001528
103.97839314165286,32.12775842984033
103.72042621773684,32.07345997378119
103.71534073890922,32.04695528346485
103.68906502952449,32.037472638956224
103.84418487496447,31.896487438565032
103.83022668038893,32.07638049435895
103.99662373515814,32.09989060135563
104.02020136105197,32.30621159875964
104.01739056627291,32.37562611785214
103.93677679109756,32.25817183383519
103.9279069869732,32.25190290479994
103.93646366978518,32.12989630514195
103.82223121892477,32.074386366820775
103.7012896868735,31.971170184188775
103.689751835651,31.933500991044866
103.79570042834735,31.91629064736706
103.77821390180831,31.984951687065564
103.9207664174936,31.910823731509954
104.08308716386797,32.03047555111121
104.05887608282653,32.09526322174679
103.9792442830452,32.180250427047774
104.02728621558131,32.19559943829171
104.09045227727835,32.15445118316083
104.19486245921412,32.26983895019809
104.1670984733603,32.1786355933959
104.07263152468315,32.146667488381325
104.09147137596769,32.203212108332835
103.92951455057448,32.49446105899952
103.96793524415209,32.45635209953982
103.88994546972668,32.27195178980764
103.88175588336748,32.19672644368963
103.96059368046011,32.105256110214604
103.99038654408845,32.082254354458925
103.91875685543654,32.14327907562551
103.75463607884753,31.97918272823542
103.74505983046222,31.827714050509798
103.91665905756541,32.00422412045105
103.97851508174861,32.18203586044234
104.14246820963012,32.15904927148835
104.11451199905832,32.23193406333601
104.310415868342,32.08298899915269
104.41129816636011,32.11161965514327
104.40642504175408,32.10368069542336
104.3278580021097,32.1116329813972
104.32307928969979,32.2033280183648
104.36429573938231,32.256530344356776
104.34746382543837,32.31071757018423
104.25412810899306,32.16475953491252
104.24536862475365,32.06924368828048
104.18962468395293,32.16598475490417
104.08571802966789,32.043028904992305
104.086029849266,32.063916907710286
104.10935213014724,32.06350526874209
104.09378938233253,32.14310202200299
104.04011161205155,32.278142541943495
104.04538867777696,32.32131536007487
104.00763229180312,32.30884469391225
104.14090313031343,32.421945068037445
104.04660192959741,32.42530751848433
104.16451946461275,32.30142089540142
104.1185514837832,32.44812622122764
104.0733878228357,32.43188995006118
104.04747969134432,32.27067001263204
104.0157310814746,32.35036883551966
103.8691878687945,32.23794324361052
103.86092383748412,32.33478415294735
103.81320967052731,32.30818106422117
103.88220967666155,32.24971823530726
103.85560881119535,32.255260554910684
103.9137910596992,32.32756020014145
103.8808185484495,32.176643075623545
103.95384017967062,32.20192231674753
103.83780479801644,32.190551835355805
103.88333616472173,32.2572179745753
103.97325542494987,32.21009781255019
104.07715021753063,32.11692434578966
104.02307595272825,32.077995742231835
103.9499969484565,32.05461446849454
104.05185762971176,32.021432935889585
104.08510839939044,31.892232903570747
103.86962426066945,31.810539447601226
103.76711759921652,31.850273052247378
103.8547874318,31.863647268750363
103.85393949284827,31.915017087513327
104.03799784301391,32.029187509005276
103.82956169338405,31.93980695730369
103.79753087112167,32.04934363716788
103.85551116136826,32.069937506495734
103.97556666696408,32.18072593311425
104.0069051900295,32.21440461015289
103.8653634687931,32.19275436936135
103.88506564276425,32.262959132945575
103.82331144720118,32.286162629032994
103.88528725023957,32.32834742521971
103.98521158258511,32.30215028167435
103.948744757958,32.349225857024884
103.8460023888613,32.23383291837558
103.8985005226925,32.09192535558856
103.83890495513617,32.21828339002847
103.8766584128886,32.18464941962702
103.9237851210952,32.40853150083242
104.08013424584034,32.29059310524438
104.18604498979956,32.180976283316745
104.09058905228376,32.18706467171804
104.00328183385862,32.11865272756553
104.04216633923674,32.06380953307533
103.83571696728602,31.996877510747577
103.75844312154766,31.864018061408515
103.75872958191302,31.999750466892003
103.75028321707724,32.04490923878105
103.87132628486678,31.998881258275023
103.89146872771224,32.01786419188382
103.99572280517737,32.05199515834975
104.10790123356367,32.04351423997987
104.07508929492943,32.27197158751008
103.98910162880472,32.31343054505195
103.89758276883119,32.20915679470839
103.8826299982925,32.35566595007554
103.92846866260574,32.20765283841393
103.88525357750393,32.14259290836926
103.99855755020923,32.32221350995792
104.05039958322159,32.27326933709479
103.90482889576184,32.10564827175081
104.02580145738344,32.26827691932991
104.03768861704891,32.2363600875823
104.07874474222041,32.26548163945703
104.0642559956275,32.50943243604772
104.01121886450063,32.574569833283135
104.11765469240532,32.605127063629716
104.11561384673587,32.57071986007723
104.13936593646741,32.57189077740931
104.08685173671456,32.546554802047865
104.11303571019367,32.24828592472712
103.95781113531233,32.3596717285424
104.09590919533963,32.54137681934945
103.87311195347993,32.56210738286866
103.90918195515147,32.46427208279676
103.816729475403,32.28634299770587
103.88405997408846,32.29264352987906
103.82978220568052,32.389169136359456
103.88081164874677,32.4114471811937
104.05659636092933,32.4719951680352
103.86780392000837,32.38790019176413
104.02994747404779,32.37853762295475
103.92240696842681,32.40331543722113
103.80310189580554,32.317823028480134
103.81819040234345,32.31856401128115
103.83325365451331,32.254625263325906
103.91605207758731,32.28620807641265
103.97676874926256,32.386421680773935
103.97259226573934,32.28857065355875
103.94049995556554,32.322413463678366
103.94298778829838,32.29771205742008
103.91815462510475,32.20293308410907
103.92917200164418,32.10499973042235
103.92546242599052,32.15507508828699
103.85259667277936,32.219676850285424
103.89970869932422,32.131903473350214
103.74804453360146,32.07759365012303
103.9167451304568,32.161763291633754
104.01763355432816,31.972148128634583
103.96186721346174,31.9728147393509
103.9377304018806,32.158558613734854
103.89233960961798,32.19499333257097
102.93435246106131,30.43513343591803
102.8258334542106,30.533353369489664
102.78549879062795,30.478079105625664
102.78588706385692,30.550687211369134
102.67422527393406,30.57828071333723
102.67698699630307,30.5805585798039
102.80980039508759,30.61716282344257
102.7642062011472,30.662524353369502
102.76313018084736,30.70342317854364
102.6628432376973,30.783338920278382
102.59617557219471,30.722125888750828
102.62320195562489,30.602587289171858
102.65215451332476,30.48638926869825
102.58342591344339,30.5705422691364
102.60114656522263,30.570739245553497
102.63992722148755,30.64792957151563
102.58922129023594,30.57886582503613
102.44280080402412,30.436572316931404
102.44360634016428,30.440148483291612
102.45226621361314,30.392452409010353
102.47497725392121,30.546542643729
102.5025104608412,30.43866993866189
102.60786491591426,30.200259993408785
102.77461289919212,30.18971261784049
102.65295672468012,30.229039881969896
102.73707222428469,30.218874948498968
102.71496665247221,30.270902836873052
102.41225168364937,30.134294259633375
102.34550617627626,30.048360287021367
102.32959248214544,29.95766599862817
102.4662625084511,29.988607661517765
102.50058676304344,29.878990838150372
102.49470780501272,30.119062803889726
102.63623220928376,30.155153017624528
102.62712406189367,30.08359877642952
102.64159412471595,30.12024254491334
102.64439252614387,30.139634871034982
102.42106263976038,30.109635781438616
102.415536870243,30.191206761188887
102.5766161030579,30.194368045245888
102.49565288022555,30.20657574204076
102.36892993531228,30.193137870270526
102.30995406359024,30.134118453588187
102.3650444727623,30.042671400005958
102.42642450942901,29.935508221495223
102.5004490874363,29.91338335723058
102.63584916565799,30.006112013416345
102.68121654664894,29.92839196853898
102.5126775481345,29.93639314279835
102.56241900071097,29.77850874928106
102.34874707247869,29.823472992344673
102.32131656451152,29.90530468708514
102.34808394395856,29.88488985815776
102.42854885886716,29.81826732800481
102.477194363602,29.90708379624148
102.33773445694338,29.976134575752766
102.37542531897202,30.08869185479617
102.37065367882603,30.15744075878844
102.4474130210576,30.147917819568367
102.45487312469014,30.06943353715845
102.55040837962048,30.07942165700597
102.54952645555024,30.129838738859366
102.49799541035917,30.092013471453548
102.38353429918764,30.10791136823899
102.34175917247303,30.168483216314996
102.34171945643135,30.137475176004248
102.32813992423102,30.047500802932166
102.29653390940538,30.125034155978636
102.35054277207566,30.078868425249244
102.39344790476387,30.089347814577753
102.28786321121514,30.0627490583441
102.34762335757114,30.111620553326286
102.33793452516447,30.096774054539864
102.34026800257998,30.052310698931414
102.3125147005935,30.138956844942953
102.3808970451371,30.066085994061165
102.41687657704934,30.19066949801004
102.58410526686473,30.09761358256641
102.64782151480071,30.11231988665335
102.61908759086027,30.085857322642788
102.61633625615683,30.100792713119194
102.61218358362254,30.106676140469563
102.56748113784154,30.12527988349616
102.6570880348417,30.24494497363653
102.56033522625552,30.41008692795029
102.6596677527205,30.371740151597923
102.64326661179076,30.30015516617976
102.54586499669027,30.29430959200834
102.72253542529563,30.218422565485497
102.58473137243047,30.169232698722432
102.54980648939421,30.271857368420132
102.59454035313703,30.174745232440806
102.57599831147665,30.274952717588874
102.53791770769111,30.374903403799806
102.42804165702239,30.23285931774484
102.50976406103658,30.150985266527147
102.42205767349331,30.05276559892268
102.46722269897971,30.0553314300856
102.37523192007474,30.113039550578865
102.42589002920667,30.159808088786246
102.28099923426707,30.048575271123006
102.34539035709945,30.037290273171937
102.31688384861985,30.0862948394466
102.30558663969353,30.119368481496625
102.4308160826075,30.070505251291788
102.54032390344824,30.14666262623764
102.48029888305943,30.12360283584293
102.55429571797592,29.93852250967763
102.61832549075649,29.9559931440988
102.68656819658447,29.940954999869877
102.63701693052002,29.982934301574115
102.58236614427805,29.93035171738832
102.68372836828425,29.913324425606834
102.6647835873388,29.98293686496011
102.48263949361251,29.965042287054718
102.41534332008457,29.905552717023408
102.53046183310757,29.90952770504997
102.45277724348507,30.10986517321802
102.47016526385458,30.057661748772105
102.45721100447497,29.988002688182128
102.45160995011719,29.782675856587023
102.40705615544314,29.882592835817633
102.4201420919126,30.089872863882878
102.3903572969616,30.108733882550467
102.46665006416947,30.028703597872177
102.5917829858241,30.11735471934975
102.56806704905979,30.22182261278985
102.73989668370032,30.251559926880905
102.64888207428656,30.269562167292307
102.5652889461647,30.608177409595324
102.5027699367933,30.597751481921506
102.53925274108956,30.636652126178895
102.4854787676952,30.518084976934407
102.45867654501188,30.53496001831213
102.52045885288248,30.601098649993865
102.5151280565694,30.418522227327006
102.49772861596927,30.39206297223828
102.5683533578759,30.379463915783962
102.55511619571558,30.422555517653965
102.61522187852067,30.54307158531771
102.51779397062616,30.567366739396345
102.57603852916891,30.630714763048477
102.81602553711441,30.68472791241869
102.8279407942681,30.668928551764264
102.88678530383733,30.828248149574826
103.04000162790906,30.52699141060046
103.04026411387093,30.606022797693456
102.99845968999814,30.630573147349605
103.02698327892067,30.633698192057732
103.02547212990011,30.664738610944294
103.35667861280689,30.809715099706676
103.25456556178645,30.896935929779403
103.11777420243162,30.80014764280807
102.91643818986753,30.653001661242282
103.01496915842897,30.731435695451847
102.96978658816755,30.612828799781077
103.0123786149762,30.624103867141137
103.17796827765292,30.617236252196836
103.20921129064824,30.68170819604197
103.17613421299065,30.81666281705165
103.00612713858318,30.66570632813026
102.93650703281062,30.654368692086823
102.75800526809564,30.553879861951376
102.85476725068793,30.42818321686444
102.97069341277553,30.496948232875184
102.93830453758765,30.608404587160138
102.98288233882441,30.536024422727937
103.11147699056643,30.69596700249685
103.09170468589602,30.63614377595358
103.12936684943128,30.62789623946531
103.29901691210975,30.66261809646561
103.22310007874815,30.61920465012839
103.16990512258646,30.54577229618952
103.155874740193,30.610714985842026
103.19791822126605,30.622540341561578
103.07636192643706,30.706593352819983
103.18948825331331,30.580730446054023
103.33488654205246,30.804940972532354
103.25309733199713,30.85301780173269
103.24926295523248,30.875547035110117
103.18352033397785,30.913195532512574
103.0237201239456,30.877237958827962
102.8740317873346,30.91298696151387
102.93347498057257,30.63911891848302
103.05521913238454,30.718665732058803
103.08563262141965,30.7177130788901
103.28689566087881,30.9554695798642
103.26998860270245,30.82055998003843
103.26619430610928,31.02845466864745
103.19099503925978,30.80232383352435
103.0939028018471,30.696121733766553
103.21020700038017,30.63213823299028
103.05335921439075,30.63826720548404
102.90251032012192,30.719021643008602
102.93619290756955,30.84903810658467
103.11567721741092,30.865369868925775
103.23084466119136,30.90090888302374
103.1778356124742,30.761956495035665
103.22218886246611,30.845756846452645
103.15767464909324,30.816743826521044
103.0849408130538,30.85002803437488
103.06545037025501,30.81821804133353
103.12093424782655,30.826536542690008
103.1752346354833,30.98414926625266
103.03326125633171,31.010858373205153
102.95765698087195,30.983367019052604
102.95573398190781,31.031622860757064
102.91722569206695,30.895824368126465
102.95178240651356,30.84338307369732
103.01530655730927,30.878899030191157
103.00246905636126,30.756834348251445
103.01809094665242,30.686126332075947
102.99632469198278,30.753401801355785
102.83360615416109,30.828608324686915
102.73743009249756,30.72485841716437
102.73970036231636,30.643789416567767
102.6067337971269,30.598616504941024
102.54131625442417,30.639728401290615
102.48989639057491,30.78928386544365
102.51288035564244,30.64101600019003
102.59727217975536,30.4559708456683
102.462553971285,30.266502102225488
102.55662334762248,30.153080740918597
102.47210396128624,30.170600890953512
102.4335534462666,30.36701189880353
102.51874664604635,30.30440702577608
102.56402661951692,30.14846599654179
102.63027451201879,30.115532061295994
102.52327881685117,30.177644145562336
102.5464970882303,30.235122524364318
102.56504021411472,30.156862227015253
102.60426694683287,30.150480278989424
102.72414662135954,30.223182735099623
102.61142081093668,30.190922954575573
102.67221816426307,30.251567577866446
102.67187091685705,30.342479780054582
102.72776296400578,30.366400756609146
102.67952600039732,30.181045875220274
102.67090475024301,30.178032082908118
102.67272072126447,30.295306539004486
102.55851347178306,30.19014704006907
102.58042998379241,30.136317543291927
102.62174938463474,30.19130232147921
102.72591857617824,30.31945068950151
102.64013487127687,30.3921718032686
102.64863810864776,30.580239201901286
102.76713109792748,30.60734202405435
103.0075047453498,30.558573918706
102.9648222374443,30.640707323969757
102.97761144775083,30.632936050919053
103.06576784271462,30.54090082059119
102.97949571829334,30.5313563282329
102.80391649889802,30.55080818513457
102.72439693066418,30.715450471498947
102.85499683141138,30.870626764820503
102.87151950365778,30.859792892718353
102.756037040862,30.79516420380345
102.76781014593085,30.76268260385527
102.74889911465884,30.706569932443387
102.77347257803521,30.58139600623089
102.84662266577337,30.527227012502074
102.87347802114861,30.614981792761284
102.75812509904671,30.585734693047808
102.80936043259044,30.531531966683634
102.91634198356141,30.572708363555247
102.91679037805726,30.621078685463225
102.74106719845675,30.574768816104015
102.85430856119783,30.478036890810355
102.96246171612937,30.586556685024426
103.02383696355943,30.672742924332265
103.09796641742928,30.521471840675872
103.18561459928084,30.58148047865361
103.12900195745728,30.701399197575125
103.22795068203598,30.75770972309496
103.25758759049091,30.731279873618913
103.16265980702312,30.841398121459445
103.27674987122852,30.875494892225973
103.48801690817153,30.902666672806912
103.33108470915202,30.88612772332051
103.22616989704542,30.96715731315178
103.32980456569828,31.03328611007075
103.35174047550312,31.045612948864147
103.3730910458638,31.179343924733825
103.3498437689161,30.987817080709043
103.16871259440859,30.867956437574698
104.68313520786576,32.86545979002626
104.69786876156624,32.83646310621708
104.74559919343442,32.72657537645738
104.69893044571393,32.76774800013662
104.9156801159582,32.70397794496587
104.88015577329725,32.61556978210441
104.91120787971899,32.74893073547508
104.96519364055416,32.60704860472158
105.12970884736893,32.66255395006783
105.07802979346901,32.549273451810656
105.01183088406422,32.5618908007919
105.06059412442394,32.558285443937216
105.02292699421926,32.56862036638842
104.93673950539937,32.664348765012726
104.83858984272001,32.71728600517811
104.80554971956826,32.73132500917849
104.81571014054678,32.71266772507977
104.84330506024502,32.488154165937225
104.81267406953486,32.572775369670445
104.89015359821151,32.62819621786913
104.69063518373058,32.7433595735676
104.55195257817536,32.792330037458264
104.48367301521836,32.690155546091724
104.44311580051439,32.59134825983805
104.57924792478163,32.569421192381284
104.83005690099769,32.49356291834885
104.80627673099697,32.52149448606041
104.7111355762474,32.488433243437804
104.72846201958744,32.64963307287153
104.78173433849783,32.695441416659975
104.80840719866084,32.58200323114497
104.7785993922892,32.487738805776885
104.73701732884551,32.52833369085728
104.88381792023345,32.67155722917145
104.89389566640111,32.64555406807838
104.86247295032656,32.660226535952916
104.83411801788671,32.6055931482094
104.98607000728151,32.5933710763043
105.04014558616788,32.69304909448701
104.99470103357424,32.6953287250376
104.98155998615,32.664705875855255
105.0341191900902,32.704073947392445
105.06401152231656,32.58210215336649
105.14563017975331,32.70488588966311
105.08450891653908,32.65709558061316
104.99599144249736,32.624097891304224
104.99305065413427,32.727026059202785
105.09556583959471,32.717445090630896
105.06823485938642,32.59779902699399
105.00350652103964,32.62745531987491
104.84397220240186,32.513650980263485
105.04052242321224,32.61004863485598
105.03024836989324,32.58765561893516
105.00544422524386,32.69309289692214
104.94955388673951,32.621909750392334
104.75747135721727,32.506971346236476
104.76875708647151,32.494624716586095
104.74693702385505,32.54866817157852
104.75441265805303,32.53324765717106
104.671381629288,32.606820586555585
104.66614008481251,32.497814788351654
104.52504787115205,32.507549824168834
104.26044425891189,32.78400832209796
104.17327686724396,32.83460120913035
103.98773071614464,32.86359185833246
103.90049823035831,32.87786208941212
104.10099546665798,32.97773868526438
104.2576728359922,32.84685521851771
104.3861249932628,32.85279458587866
104.2532954170397,32.91577463624267
104.53719129435214,32.86956463555377
104.48331651245577,32.78130787707477
104.51324276574967,32.656312152658444
104.50985392011785,32.65980608698244
104.23632678742823,32.688886430544734
104.2704520424656,32.5822325621009
104.47035760049685,32.61764570836172
104.56311199574016,32.57485298821077
104.43074848781828,32.74562374549533
104.6553609995156,32.83200647696745
104.80071272267675,32.6728628465623
104.88639575625834,32.521851235885826
105.1476323634361,32.61672863608078
105.20355232283343,32.60232955170811
105.02377185703443,32.69301901283202
104.97023963641749,32.5345448202995
104.94351465729882,32.5650735317087
104.93893308181401,32.641237807899095
105.02349379708963,32.67150395074077
104.87001065541182,32.78013042477313
104.94597262270456,32.68205958534843
104.80095734863959,32.693529215157675
104.84373927418655,32.76812453758461
104.78484789351174,32.76499158765874
104.7775470119891,32.567125424360086
104.84226527425548,32.514651397457925
104.77852464557215,32.71018616583585
104.72551815678327,32.75440312177824
104.50791103071158,32.87079183168332
104.3767085707313,32.79217286092145
104.48403499696731,32.794120025747254
104.45827978524015,32.78327955280408
104.47044433580895,32.59457709684846
104.50619257648232,32.58200237699143
104.54690732264787,32.55195041169887
104.77792797325316,32.68583190332735
104.71437761110748,32.72259940080157
104.7262006612346,32.81227356285822
104.60122828472882,32.78271651615139
104.67371604348484,32.797764745424516
104.56425815411606,32.845696653927504
104.65683040121871,32.86615535287197
104.62669221198634,32.865461468038056
104.52220005161038,32.75570884706162
104.3582362098545,32.72035350244051
104.52993982351823,32.79039916568746
104.37654201626648,32.84544630487801
104.30364863997973,32.823896970315566
104.33816264994323,32.71123954949841
104.10588331082897,32.82340681109423
104.12317836704814,32.97754451046649
104.2822338670557,33.02790267986182
104.15480142352965,33.04323995799978
104.23933641573109,32.89642771182551
104.07143112908203,32.83087596877113
104.06852527273878,33.06734935040168
104.02195871565337,33.08379081926886
104.01646707289748,33.03670675269578
103.99628950571962,33.01837540017044
104.12864379932293,33.0763263283927
104.14371657903543,33.135563122073535
104.02295455452226,33.138815329834266
104.05286622984482,33.09226848371642
104.03728258498197,32.939902677250615
104.05407743245853,32.92866476883167
103.95890854383305,32.74319823432769
104.01975589072697,32.741893646266455
103.87839177559215,32.5094815535871
104.07349612520616,32.398494914020226
104.16513013942335,32.293380859681136
104.06271879681935,32.21156554124376
104.00209054636485,32.292717530834594
103.98858021970608,32.41187966765985
104.11722737175043,32.42732031833034
104.16168413123053,32.39116704602628
104.16802915313166,32.45379409965559
104.07477135953928,32.49661266446783
104.0580949068109,32.579510830447795
104.06556152428735,32.44293232017056
104.04324374026842,32.35586956708692
103.97459398534316,32.368625046918666
103.91080313045573,32.39705880429064
104.07552084368365,32.331792651080654
104.23641579730555,32.14352148923555
104.20075774028766,32.156778032379314
104.34195678656819,32.09508434795208
104.43337295284276,32.04321205314985
104.45509548908426,32.071977124479325
104.46841528000837,32.095760342366276
104.46586943385526,32.07496764546161
104.29249562265203,32.077273755277204
104.31093331864541,32.13878715563584
104.15535861531818,32.206659396891766
104.28097642319518,32.22679239438432
104.40217764653877,32.27862054656257
104.41460840595515,32.2982600906077
104.44470191085883,32.30318506637306
104.40010975370892,32.303649732101114
104.40815989616497,32.302280946477765
104.28515577271725,32.225014682054564
104.28496956731607,32.12416974012545
104.19564861960194,32.20812039607934
104.09190178765539,32.18026622728335
104.05626905332466,32.11674632749848
104.00674793660598,32.09827360784258
103.93556016468443,32.15859358599562
104.0089739636614,32.172057136703025
104.16596530571876,32.27494716858752
104.11432180354106,32.02963233811789
104.03100005195581,32.078741688645195
103.85096383495187,32.114830779587514
103.84003527007016,32.01793660914111
103.7220033781486,32.01733934479427
103.77932998597726,31.9724459348227
103.75548368039595,31.937229138464808
103.8229021037379,31.8950035535455
103.84963000557404,31.836597213276146
104.00010922777547,31.852178397554948
103.96910570841125,31.804775218949242
103.78036439994317,31.93027073272535
103.77673576187384,31.972543430637547
103.87011694028432,31.80456509043957
103.89762199785162,31.568717605781323
103.90546172589269,31.635012715728912
104.0345678219248,31.643091030622614
104.08054993996015,31.71909792274949
104.14215436445129,31.711127185563623
104.290314208907,31.78262895806864
104.22618663985054,31.769306966913714
104.2027972507341,31.7501234391538
104.15870051430892,31.711704837795807
104.07101851427976,31.75090802414046
104.00010908561937,31.708980588687357
103.92514049361681,31.85853697242588
103.89314047924857,31.688909574167415
103.9408124599134,31.79543330476381
103.91130557672166,31.725286658558097
103.87252507463232,31.54222085023891
103.81265324467313,31.516814196041185
103.85021388923683,31.4938882669709
103.78538332173305,31.436673031396932
103.79834775621468,31.458935390431705
103.87554396037741,31.554295636427582
104.00911246209081,31.63188277058145
104.04204009953645,31.58389424386164
103.93716179978858,31.61247423939911
103.90040349267163,31.61513476063842
103.9446208699328,31.72129954266631
104.13903306978686,31.634172021890855
104.13414662111194,31.62970933309396
104.10826519776951,31.647106461637875
104.0570131984722,31.755883137754168
103.93498137038297,31.675027482575416
103.96336455172448,31.6155585352527
104.18464859566473,31.782553253915165
104.28382723257772,31.740355582046803
104.27742626126653,31.808187241221404
104.10529856078654,31.638158220333
103.87371559620448,31.473330393933765
103.89604636988513,31.496106714228908
103.87733354420429,31.59227461100539
103.98872779720334,31.563053625806315
103.87106181442229,31.646254210075384
103.94325341501809,31.672127942946354
103.8559000771939,31.779950042092462
103.89769510794757,31.781943785903827
104.0919373643779,31.88376148249602
104.04549178500308,31.827087908743753
104.0131684535147,31.957101850214137
103.95274451666157,32.01654545708544
103.81171037222785,32.01809348134327
103.85570463779472,31.9440801414596
103.80525502171719,31.909089441570263
103.76081972681376,31.89439637295455
103.79059135407707,31.982523731524928
103.90867366984448,31.793488379078195
103.95547122364869,31.902094945973598
103.95053767201676,31.982621794355968
103.83215897969974,31.90103351333312
103.78422798558194,31.978502202407874
103.86147278040035,31.94900737913167
103.89218032667056,31.98981160831613
104.02848497291052,32.12580059760302
103.93665432959219,32.15762586138659
103.98641971480536,31.99917079929337
104.07033934116232,32.0436136983306
103.86630181042042,32.0947846650057
103.84892866470081,31.832487739445234
104.04618838539072,31.933110723270335
103.96241028394599,31.963486454141265
103.97080485732248,31.93462308943515
103.99176559792662,31.996082073734303
104.08340639295199,32.00327205179806
104.07533403823153,32.11875487814475
104.0845031556979,32.04656415772139
104.0055472919321,32.14724498772083
104.11337566877953,32.27254332037713
104.22452585048465,32.24034420320094
104.4198298910074,32.289476565456845
104.3657031443007,32.04773333213253
104.32984730264415,32.12589028030601
104.31248434921238,32.09673629268982
104.33272876326359,32.068762701744376
104.31631832584502,32.12697708496783
104.35862701789145,32.09647588840089
104.2482769651402,32.127918525209566
104.28389283479036,32.174504894212056
104.30700169078516,32.096235088752564
104.30862790090116,32.18121286443931
104.12749939787135,32.31293993805593
104.07479187447133,32.36242768383019
104.24346034965612,32.22837080588468
104.34699330224572,32.24221115516795
104.31505539769647,32.294275545742174
104.33148012029216,32.279153742462334
102.55829863623835,30.143409215467614
102.5289436475939,30.079890457830395
102.62475091815723,30.10750260764221
102.58384180326418,30.192537590788117
102.4632806502735,30.229889411212156
102.57905372651362,30.086464455980423
102.34868802649213,30.068620149971004
102.4789637230931,29.85746919888986
102.42944966757025,29.839695675266825
102.29361666036486,29.89355983157197
102.3744628684838,29.882288360057064
102.29283372826444,29.84628821010354
102.4309332124987,29.73502514172569
102.51217604765651,29.677960300666903
102.59237692619492,29.668192054850845
102.82436666498464,29.62222705522278
103.02855124265919,29.565627598645335
102.91643084129313,29.59473652367704
102.93894005460312,29.52184880553588
102.91926523398874,29.608352316823186
103.08436620310586,29.476155351471224
103.07901458344708,29.46296713536203
103.17663881026282,29.481390383948874
103.16633257216246,29.463314853780982
103.17837498632701,29.529261696220388
103.2037216456313,29.508518537585104
103.18097743108669,29.531379936534357
103.10825281510552,29.477559185083418
103.07386618788718,29.535749703375668
103.10948150235106,29.527435125802793
103.14673859439688,29.459488970371453
103.033713313948,29.491563903582175
102.90436298389271,29.637382108376983
102.93742590402984,29.409946739547536
102.91705074460673,29.48297920686769
102.93358669077578,29.45342596041016
102.99215962914279,29.465874619154622
102.92595870322052,29.51439129765242
102.83914764714004,29.499573411713893
102.92515529667031,29.59149108977533
102.96544261950174,29.516981678208985
102.91249988161739,29.42740815090584
102.81641318838277,29.5250661247497
102.79601664493792,29.515796002391205
102.62605446933921,29.69788681009811
102.68426254738482,29.723759933896986
102.71341875654255,29.56051228598248
102.79711940633564,29.49623461979949
102.95031023653563,29.54629465657332
102.96787620764013,29.659549349083964
103.04188011478833,29.500114210873924
103.1061760982091,29.497400251900725
103.11074071525364,29.43643043783288
103.13323138865499,29.511529583933676
103.15467266284698,29.530309825425412
103.138481997359,29.481625265403007
103.18671597695557,29.481486658771278
103.12470282157453,29.511708751458457
103.16229327811698,29.487128538855984
103.17375190815923,29.4426792498937
103.16922514202895,29.51499416637652
103.07329039368067,29.538242292069423
103.05613343982188,29.509947024114613
103.04618548928123,29.520660374140856
102.8575703389584,29.59950186351346
102.94693052844067,29.654670873266134
102.9612060197366,29.57230715711464
102.95077451634829,29.64011265232167
102.95025574291454,29.68235061510547
102.89501381500533,29.62881043790396
102.93909083372561,29.663894704410122
102.92552324580494,29.661149634989307
102.85758247245154,29.54910100124348
102.87830154467036,29.510192908851725
102.94914239140242,29.578364648147392
102.92137924189728,29.431218220426164
102.94431047862672,29.516394348592343
102.88281024692495,29.56167523157583
102.96247842482025,29.514209580193278
102.83789947075796,29.52406235289385
102.85147820201544,29.6234092917428
102.84696131646047,29.566600913086337
102.98064491904047,29.618256240624866
102.95301441390953,29.580030990069183
102.93203277611696,29.61449447596439
102.95974794146606,29.557404027903473
103.10559495363006,29.492669984338068
103.14907421823214,29.46097091557162
103.07159815755433,29.46599816367034
103.11570924079777,29.469053062401684
103.09660777435693,29.51993664339126
102.91441938739865,29.471692528596204
103.01523474602094,29.493044868013406
102.9591614632534,29.484700874650102
103.02650054281985,29.459824345842815
102.93890934714372,29.4773500222493
102.8908692125286,29.505179367058584
102.75657637596053,29.504478369913187
102.72874809207302,29.625773356060684
102.77043463642742,29.485322969550104
102.91568049995556,29.452068065468197
102.96938409101517,29.546473311956174
103.09908038664034,29.513054909117702
103.03360977236898,29.551774473311465
103.0127926677099,29.47476024617727
102.94197085573322,29.521428324705845
102.90522618176153,29.488297108474807
102.76840368261881,29.558965202414207
102.84766666996904,29.587247029242867
102.73941252239315,29.51335565055976
102.81563891419263,29.506150079851594
102.87340560636463,29.52376134351219
102.73631573473118,29.528810708820803
102.7303970924297,29.5311735689646
102.67964583073312,29.593130258411623
102.79335184902406,29.623332952812888
102.84026092694634,29.624196488423074
102.82478141407015,29.576997593448358
102.98042412284215,29.559170040054145
102.97466206746451,29.57285323413014
102.9810637510393,29.478136824035705
102.86253732335804,29.546555323925688
102.89159906392445,29.490384949472276
103.08122856520508,29.443240376575016
103.12442059903405,29.452087555770028
103.17805585021823,29.43913063245178
103.15784575053586,29.455722747065824
103.13453329483403,29.50470103279636
103.10504676433114,29.526756493349367
103.13086859739435,29.504927117353716
103.17617029837946,29.493566941064394
103.02482201157551,29.551957344554026
103.03904243639272,29.5248726793915
102.9574486818182,29.56615373308704
102.78950537624354,29.552662880541828
102.81963746634284,29.51143158850998
102.84247844445495,29.518664178146807
102.82552322938021,29.609157873927757
102.81971124591823,29.553893020012794
102.75597678419304,29.57338779626681
102.99355382920066,29.639501960450584
102.94575139925003,29.667396508981977
102.91546236118178,29.57375265338988
103.00560581572672,29.552714592704422
103.0614650341897,29.538890301121338
103.07031996128103,29.554783544556816
103.02490527107763,29.54014243844758
103.01752796872003,29.537320479504356
103.0472122694672,29.469431188870512
103.16055751955015,29.535161603826303
103.14507052882854,29.435094265368917
103.1723726446991,29.5568813784029
103.17241194600828,29.559301955568486
103.1637933470477,29.456256581803657
103.17908251631643,29.549483161219033
103.1279615625128,29.487880445152054
102.97564556625126,29.575608854118105
103.0060618017059,29.49997554458342
102.9440467036039,29.5812811210998
102.92495726358129,29.51568800978528
102.98802749621817,29.51035530326992
102.92107787479105,29.613608398754664
102.83088178442407,29.557516529223616
102.82101560510145,29.487662013747094
102.81258607928139,29.61532117506153
102.83660651439406,29.61705254676944
102.86668485509968,29.518005494971785
102.96638833123288,29.499939130687153
102.78184441545966,29.53336886546484
102.80983608465958,29.520813900888566
102.75314294853206,29.544751247243337
102.77251609347273,29.61061463561875
102.7190765159421,29.589903044384194
102.79896030492901,29.51588901808895
102.86360311653327,29.589562796362106
102.82067199389894,29.554207545371188
102.92403994113394,29.483283750928898
102.93444417923304,29.506517846564794
103.04610543702856,29.56057186977582
103.0676446429496,29.555627409535415
102.99405783232086,29.550552171739994
102.95127949901614,29.580693904949833
102.99616638112742,29.61834444751501
102.77859524795636,29.496521919041417
102.73135657470375,29.521356686840686
102.92302227160766,29.577136661279333
102.85506278891128,29.58485391864337
102.83210827160636,29.507929514505634
102.74037052515095,29.495810813834357
102.78512291464492,29.595996166853876
102.93915319625444,29.67298750440755
102.9733228592944,29.691844328629486
102.98181711176865,29.599007532724144
102.98470124283247,29.62037476950507
102.91162727066538,29.633828949023602
102.76292178386781,29.5838196654557
102.91436228907381,29.519582408406496
103.09513882259752,29.491867283915354
103.08685618426358,29.456892275152782
103.05162272428709,29.529362228194802
103.06933158525297,29.482408296824197
102.96817098656426,29.704952442650583
102.96378193036342,29.567284081495494
102.92693636779022,29.42272231980061
102.94768427399937,29.42468148311931
102.94933504544707,29.46262012555008
103.1198510987997,29.525228682579634
103.08617517698204,29.53380305147098
103.13964468152079,29.481119278923885
103.15162520992772,29.458062190811894
103.08562626380713,29.445772069571113
103.14864917783285,29.445041395304067
103.13931117693483,29.497517464890617
103.18723177595301,29.49838298462567
103.16921168683197,29.526684853215237
103.18639937798655,29.518896768458788
103.04417992881481,29.527606964436544
103.03308514996004,29.46702660814886
103.1576268895767,29.460895716412473
103.20116794170795,29.532722702858415
103.20372309361785,29.525367632798073
103.17907023615136,29.48764071731588
103.15038383096436,29.441262486047687
103.13725374652994,29.491038103195567
103.07218511485824,29.52880063015563
102.90376229136045,29.5567080364138
102.92287770440278,29.50132052922514
102.85521287510551,29.525700088198285
103.06175938559164,29.545066608289773
103.15088553975194,29.47150032961997
103.04763594689992,29.4855926014595
103.00819944736503,29.54108869109232
103.1389894853983,29.450014472069398
103.16451909040798,29.48020581051257
103.13558047835005,29.482228500485476
103.19074886686884,29.494168373312036
103.16813486277218,29.461904449089165
103.12020160618827,29.53231576898381
103.1207943822302,29.485197977663034
103.14375117712116,29.48414500050582
103.18483734378201,29.52321117052874
103.15178283384311,29.446235334233126
103.15947415453081,29.477988697078143
103.18531030940217,29.504497285341916
103.13037591849657,29.51000741715644
103.04440647924879,29.53401061476392
103.0065617188341,29.46846839800512
102.8856992123295,29.572967041681697
102.89351596135589,29.532336827256128
102.88996529670263,29.49112638816855
102.98222256299024,29.426539749694605
102.9801640614618,29.475116374922674
102.96621993346524,29.450855438006222
102.98767973298314,29.449437616919568
103.07637102611778,29.489824713220315
102.97589725397715,29.55233286545662
102.98911619120763,29.60226923928264
103.09526952837362,29.52209427319784
103.14275683660286,29.529047334373516
103.03201161247453,29.537250591315438
103.03640456010066,29.49941329282521
103.00817998901131,29.51718133169325
103.08239319697485,29.531906922547
103.07656365809166,29.54818525439274
103.0696697127969,29.48902815254682
103.16824741368733,29.529569874042643
103.16187118937968,29.526898142601915
103.20752021146863,29.4926496266668
103.17270739984403,29.444597669255373
103.13505911794142,29.45411211341728
103.18223610094678,29.472835576486855
103.18425680857386,29.54377952264659
103.16016529977351,29.469531293526263
103.13289252834933,29.488443564850066
103.14546596120557,29.46533537181688
103.1241859401441,29.46444983826018
103.12195541937147,29.47438847966653
102.99190819818723,29.516287970179345
103.07943114366984,29.51303110563768
103.16564243093129,29.453144754182517
103.16145500495341,29.464368564811895
103.14264956525231,29.466469298091212
103.13041017990527,29.516741159322656
103.1118000537178,29.439571353931274
103.07338586412368,29.434043870608075
103.9817986679868,32.9217913260377
103.9760150906442,32.963395538599414
104.02757289527219,32.84650391645309
104.19158753172805,32.846580997427274
104.35017608790352,32.77929226852245
104.48682606734758,32.80005632611107
104.37246828175181,32.91883389649166
104.3769274077973,32.987636908466996
104.40838931452949,32.94163953593275
104.43280953780653,32.92279885877817
104.45452005611756,32.92963290192661
104.40862175414203,32.88523231642993
104.15373108000314,32.81953263177212
104.00847626195264,32.943710233692
104.02369287461562,32.95927732355387
104.07739966038255,32.84224104953788
104.16159913289535,32.85230024552528
104.27002812430744,32.81080500443121
104.36760202137725,32.87492548915719
104.37376378587943,32.806351345877715
104.41986833885962,32.83693327940319
104.42371768655102,32.769370146808185
104.33749173459852,32.8253228894589
104.39424442420578,32.77196021832206
104.22990199711563,32.69400816245652
104.22938753233645,32.88425350227445
104.18038264679697,32.97542903149426
104.19293573532741,33.080148062583035
104.10731029118328,33.152842576875095
104.03317234671803,33.140577910178344
104.00033273466812,33.07699191823404
104.01013675761193,33.042773728886196
104.09030802605619,33.03885315117145
104.10065308786987,33.16226017446919
104.0733159994415,33.102058968031784
104.04604738325908,33.09433365219347
104.15706133526166,33.04641264143345
104.14622667308092,33.09911212842117
104.1312008776078,33.0256194016784
104.15765517632848,32.97875241451704
104.11191927414384,32.84732060349067
104.262060319021,33.01138799256579
104.11792160315676,33.0874687811628
104.14030425220496,33.14539343960569
104.07540434815171,33.19314170342546
104.10163096075645,33.17714775721627
104.05357439237874,33.15526267890443
104.04213244685562,33.12891469223625
104.00870514065717,33.01467745922273
104.05696489295867,32.97429880732643
103.99772968497987,33.00972131446206
104.10708646177206,32.935738620726546
104.1247137143644,32.93439161459927
104.08638847419499,32.828912403980084
104.0335153978706,32.70742236307049
104.0149137406879,32.831034117074836
103.86241885424847,32.62053924540023
103.96123645383835,32.46081533351075
104.01806873111327,32.478170953000415
104.01362932391382,32.369155126947575
104.03676685797534,32.349346696408006
104.05868786341142,32.40526803790571
104.02522824412509,32.43796008099285
104.06023678107418,32.33542473196706
104.00062485572232,31.939567124666308
103.92697220679563,32.14768409963942
104.00975087747919,32.148600282497945
104.09603136282847,32.101416432798
104.01202713299958,32.096432410752584
103.90201824723178,31.950737509350827
103.98064979322018,31.849221363681163
104.07564668840446,31.867671123530517
103.9470846137856,31.795924954002263
103.99584617623827,31.86472825836295
103.99215413207544,31.827643682587254
104.07823884679888,31.867969530751918
104.00737797992505,31.904115778531455
104.03564396035647,31.94449955971674
104.00730064918746,31.974839301876887
103.93312404721986,31.870735191412336
104.0252295940963,31.90625480769591
103.9414250174863,31.85673060090563
103.80728616563735,31.867805031054825
103.72950209216462,31.949441423811873
103.74497742273115,31.80657430624231
103.74857118847468,31.973619129125247
103.74121977294718,31.874125788019356
103.86915701991336,31.853842267125444
103.94917199690983,31.71617905420238
103.85890716669691,31.763308776892224
103.85552742258358,31.840631039451406
103.96455415251027,31.70288266074272
103.9414269883936,31.697569538851713
103.73512845179035,31.797382548345627
103.7197569756538,31.860107621264948
103.79058069152184,31.880826655443588
103.81275029320571,31.896214685317172
103.79967710162444,31.93349672612626
103.86494505839362,31.986560941470355
103.82213492178077,32.10579684374054
103.73954616831504,32.091571102842984
103.78823124893293,31.975499572307342
103.91837797852308,32.051813092262854
103.85852947308106,31.97565613761593
103.70139764480912,32.05699146545833
103.76147059789585,31.96746796552559
103.84856963658552,31.830320784266025
103.81221450829307,31.82374220476394
103.97513688695375,31.816939156639865
104.00689670417255,32.05379938021128
103.98720768208067,31.992770365148964
104.00628812485486,31.980791844628463
104.09254640841824,31.8718127562808
104.22654358594555,31.782981907442807
104.14858303115483,31.669791321763455
104.13070203283517,31.6612671412401
104.01219041717343,31.627422240653303
103.88096615643022,31.426279563269212
103.87163739995344,31.451118866435763
103.76767149792241,31.39566111910631
103.8171813543764,31.443281352368153
103.80156937858206,31.358130907889944
103.7515746351431,31.41603321373006
103.79288291755276,31.44661916145924
103.76217198339361,31.485660198943584
103.98663391709937,31.55621683879444
103.95105600210422,31.441459930731863
103.88945102962276,31.617028826439363
103.86887285509029,31.46677237059905
103.91477835436784,31.385704325665362
103.89092943780938,31.446989443649574
103.97056537413273,31.48016476599143
103.9628380511373,31.384594292232414
103.90678922384028,31.406799442227086
103.85594881366056,31.374315320876946
103.77952091744997,31.502090724933005
103.85619864149841,31.569900237629955
103.91598618225218,31.51743265730934
103.8672535304682,31.381405835512027
103.71531522316405,31.288895564433997
103.72269482792765,31.282339257346184
103.73207555656452,31.314100005999883
103.74437967342325,31.393012554056774
103.64255022547992,31.2313752867001
103.55092886141294,31.219766240233817
103.66596046823912,31.14286895598796
103.56865337983389,31.121733033455147
103.6311091835386,31.134170339241017
103.56173934462633,31.250651784338565
103.62806841626464,31.182284920502017
103.5808629758869,31.13104333056968
103.64101050288376,31.3483839137951
103.61886011877627,31.262019453160303
103.64973093312162,31.281374234161003
103.59815577695998,31.13826902937042
103.71672957993616,31.260228817155067
103.73619752572728,31.28879447515992
103.6793336052446,31.3544578799267
103.70752211325558,31.350110808397105
103.6989877148401,31.334738644064377
103.71768175411565,31.23430223037254
103.65406058516969,31.140981694954103
103.72234240187667,31.27909424291565
103.70983268185661,31.3154799730373
103.59098429047437,31.3145660233466
103.59681273411236,31.33857391256771
103.56647908669655,31.224860944313885
103.69259591741317,31.28754834569567
103.62302624644731,31.236385197472593
103.6010293774161,31.199458598873544
103.77847817743486,31.302000019788615
103.76309993528848,31.31137779137754
103.74904267745256,31.26161923195573
103.6936557977431,31.26554860175559
103.69573870326398,31.29790067087613
103.60514782424623,31.206200015818972
103.55414358184797,31.251181472348353
103.67697344581325,31.273921326550248
103.53034161074982,31.101021992720078
103.70078212636811,31.217774413119418
103.58177642222455,31.205412448435183
103.56765149110608,31.223831474935384
103.59935080806655,31.324250062694897
103.56673890255624,31.2996219528768
103.53721575925051,31.25965956587641
103.5777931011068,31.17725172879099
103.54328729322778,31.251684585855784
103.6473743410888,31.21834429156329
103.71217857762343,31.26659760205383
103.76754744154366,31.333000827580552
103.93881939245351,31.34464924456564
103.82097417398998,31.393173633191417
103.8222158053783,31.557473090769992
103.77336723780869,31.50254776169886
103.81841060451582,31.537920235432544
104.06591657859349,31.484078794127015
104.00609500214621,31.54949407785608
104.03572974585565,31.4817837553755
104.01144188750919,31.47402732004485
104.07758813868354,31.43151567923447
103.95395626349433,31.531506588879335
104.14769337945482,31.678325604166382
104.16058131899756,31.682727071086774
104.03971370129018,31.645861019655193
104.10864783643507,31.645666145686118
103.99757187302266,31.53080888922839
104.09482553161358,31.651846306578427
103.85570584617662,31.724239688426323
103.86916168000558,31.88881157556798
103.70348796698796,31.91939722612337
103.6740521501729,32.000587340807115
103.68130704566633,32.03661869643586
103.78066695977598,32.09257104088218
103.85133987564353,32.11011402137975
103.91084957861506,32.20060146630996
103.9617556318936,32.07790658459469
103.92216651405401,32.17409039474353
104.00045508773223,32.29361688241751
103.91309882344171,32.25726281852286
103.84681721211906,32.33198891747447
103.86646538568057,32.20199935813047
103.89531746729917,32.13903732395589
104.08203642672449,32.01893930771142
103.96701785165368,32.00019979385312
104.02909573903246,31.956555218479227
103.99110194890945,32.05921862560494
103.99178837080967,31.994943556586765
104.08827643895448,32.074123202325424
104.04440372074846,32.040393300582494
103.94847979098677,31.85771832632249
104.0250847381153,31.923131676046314
103.99248793935942,32.1162467650553
104.09084766537609,32.171306700590605
104.00336953434578,32.09252982966922
104.00445708588657,32.09904794304413
104.21456918548978,32.25290227138707
104.09163081760911,32.31084377337211
104.06041332196654,32.19296666411689
104.02451943068293,32.2521464519207
104.12193383946055,32.3016094342912
104.10356007101943,32.311590318116785
104.02379642984761,32.22586028851649
103.9768252257057,32.22721620527255
103.93843078553328,32.23847341794239
103.98199422672647,32.01476077335687
103.94531676727597,32.17969408605268
103.85399509824632,32.21286656112489
103.8489163741842,32.29069381872065
103.99519545749276,32.347265098735335
104.08493839922615,32.397305967483405
104.36754895338507,32.31874820577062
104.14091927572964,32.2277859305469
104.04582799629584,32.28344443216173
104.10333782878763,32.254649274628626
104.16780652097829,32.326078866930914
104.16612355543623,32.25484942996938
104.22824022143709,32.21291073386619
104.33416844467295,32.27685994746536
104.346135701788,32.18656085415022
104.23536738988207,32.0737385296029
104.33551929221085,32.07080087594306
104.33869210544042,32.08402616146433
104.35547406448126,32.15343052436722
104.22577605309436,32.24859404568423
104.394148382728,32.313686476814276
104.3538166170337,32.279916044607766
104.33223703368621,32.22673961169344
104.18547681503546,32.283578168050425
104.06050305701649,32.19667025281513
104.10502901455942,32.20100195080528
104.20119621162004,32.19887755369946
104.2434333972994,32.172259182530745
104.29994327947733,32.112121619774136
104.36186791721467,32.140271321532154
104.34292745962429,32.15308644883383
104.29722581361933,32.223023979345136
104.30526616653849,32.23683022505277
104.33266744707386,32.17840681168432
104.21431752714126,32.1363260532829
104.18114436375673,32.186934206501114
104.24297245398137,32.20936383806989
104.2562328908664,32.198022097176306
104.1467356159102,32.166346419834134
104.21440217163145,32.16730008096337
104.260848327731,32.20903189827089
102.3153998551162,29.838261950592727
102.30526095347582,30.000166570236736
102.3551261920431,30.088352096597355
102.33918911625545,30.203785680917196
102.43818419193967,30.120504507100616
102.37929527768274,30.181415685369263
102.38442697142986,29.97859765834737
102.5162039312226,29.924801993622847
102.59689412654053,29.949878487082486
102.55550583285319,29.852993591072437
102.58054089145794,29.97329503992858
102.52869582330737,29.96662066414865
102.65872309768557,30.131426081862593
102.62892346866767,30.150101967961522
102.64928308507018,30.09952664407103
102.49947247858651,30.16542338149263
102.5093468391134,30.290154744166276
102.56043094791525,30.440796757954228
102.54996755984409,30.533987245529303
102.62452105753293,30.758170105339726
102.56319453142576,30.681509029128385
102.57506527843316,30.777077753794035
102.59375535901998,30.700148193785036
102.50059830521255,30.69727393580029
102.55005609878351,30.715904030098685
102.55319516734556,30.81234356141981
102.59137228390782,30.789161205954766
102.68625232701282,30.85972604763817
102.8167327454886,30.672412840140847
102.75973854258177,30.680899710064207
102.68778741025801,30.648467892508798
102.7340238281741,30.627296714763425
102.48350978375854,30.603971467093224
102.51421822041549,30.525716971653967
102.47455947879962,30.58571862095287
102.61638421030055,30.555160726331987
102.64167997952407,30.514271601655388
102.6035528373186,30.30842749292012
102.54623528068723,30.22785044189029
102.58282145579537,30.22518004333205
102.51660009299265,30.28336101014327
102.43372131366195,30.33709512364878
102.41367933482364,30.20824337389172
102.35955463677593,30.135109881191344
102.49068426691798,30.178469891503802
102.46769780916753,30.204455543241465
102.50683441163568,30.228403161606668
102.67182377588169,30.198636163842284
102.76244100193745,30.254654648892394
102.54053704684347,30.133305046667804
102.50511710858468,30.10437258116318
102.5347360349591,29.955792490367156
102.60687881561891,29.94097655640421
102.51034603242493,29.94630225475783
102.60466820457273,29.993708518521856
102.63829756366948,29.971687888469933
102.6249654382321,29.950921723791893
102.65559640065456,29.953567787009543
102.65308880541882,29.968166677046046
102.66398096294422,29.948221322835558
102.64366271188418,29.9432867429269
102.28842648270538,29.89499844716055
102.55305083030039,30.0485056193623
102.4876779902305,30.116359221427093
102.54434432981755,30.182139052169045
102.58442043220175,30.099613580311775
102.48962438387096,29.979206906283586
102.66027143031576,29.98938338791623
102.57064681588339,29.907788680123062
102.52748282707385,29.911662424808682
102.51044500981769,29.92276965548122
102.61187420260042,29.929157832028995
102.43042635310941,29.95833770353756
102.46290205867686,29.843314644552912
102.43170378270243,29.8765769126281
102.30406746429392,29.9305131690311
102.29209709161383,30.03881871261335
102.27810576574919,30.03948012222529
102.39967537915962,29.95056291597192
102.30844950433045,29.915598014769976
102.32643980559841,29.992433715972137
102.39390428588375,30.022318511695897
102.62971807981526,30.002336840497225
102.57051427540732,29.909003095103927
102.5717328630474,29.932132846454266
102.58576227980008,29.861007350598406
102.65414728574913,29.944327109067682
102.48387774789629,29.900711783036883
102.30321711586375,30.095046551831743
102.40615785615171,29.933250014564376
102.45193711974339,29.882486955150895
102.54686433832488,29.79714740275048
102.56403400581561,29.895843695256975
102.42432124797823,29.979268636645056
102.36901996823408,30.04475267694706
102.66919425142066,30.204613896400314
102.67969710071847,30.355680450004705
102.68520288382794,30.400912647221553
102.67803817441352,30.508669404656793
102.48023612890934,30.435356222275352
102.4330095430623,30.52433148376889
102.46303486019373,30.49043275342855
102.47556691721167,30.557269738418988
102.5537164978104,30.70634672591158
102.59539817725714,30.686965975516706
102.56515637810331,30.793125067999366
102.54891096054361,30.749143084129106
102.63471220018982,30.733339133436065
102.61758043239571,30.73312849618347
102.525445747912,30.7256992132763
102.62981528685465,30.66203503072557
102.51523864754564,30.525477311379255
102.57813354958041,30.48349550175002
102.5033498954773,30.392777488504283
102.61693551420451,30.25219078069202
102.64726612506266,30.159914814158473
102.62758154128174,30.088063463200616
102.67493915959477,30.23295078094187
102.61205854671792,30.41259058230425
102.53660969793152,30.601445409643592
102.5988923842245,30.712652230458065
102.63836604499241,30.720549997951842
102.64966406547119,30.673271021488798
102.67283511691876,30.705619020531472
102.71726910106516,30.80769772798142
102.58908133801967,30.753313069042598
102.54597761478536,30.69178017922658
102.7134908501161,30.85650262884097
102.5654615864402,30.796842255806965
102.67733269911957,30.6665134477791
102.69569541018643,30.802271092044002
102.62842813299903,30.568392191085056
102.52248557160048,30.607715102541253
102.48840184913497,30.670023853563908
102.56750897524397,30.58518431153498
102.72151158475774,30.66459029554896
102.81053196296422,30.699795283834458
102.85860325667173,30.69367196980969
102.93622132169561,30.682519414726627
103.11640574771585,30.78420251149763
103.02710597990155,30.671300243776688
103.07450946858116,30.58323227829021
102.878855431599,30.421551715723144
102.81899640001751,30.739816238321424
102.90827611578996,30.73911654735605
102.85208766904204,30.57947760657893
103.07575526761791,30.683686825561637
103.03942650632011,30.736895000037276
103.11780491659225,30.558444876349807
103.1095573380011,30.585880469224975
103.19994480103911,30.694891020446395
103.2853929018684,30.69688448523638
103.214552071876,30.776823054227574
103.29532232580077,30.86075373643537
103.29347164853928,30.835358159110193
103.15191576969053,31.035784100326765
103.2773422397661,30.930799012555852
103.21154627855422,31.037349443454833
103.19418083542014,30.9812555676092
103.15282818972825,30.853428167230266
103.24812522880788,30.825474175628838
103.22189642124924,30.832553565536795
103.13408281697195,30.746575131915794
103.21806804321251,30.69588337455781
103.171760853275,30.63360325532805
103.13006820171194,30.59930296402171
102.83099525043956,30.60300545068517
102.85064720635101,30.479753780932334
102.86569916115288,30.418935969803723
102.87887120133267,30.458930684546598
102.87926221512348,30.49777935615026
102.83905470855343,30.520820989149374
102.92009467725819,30.567656933667763
102.99615630023129,30.66920026403478
102.92370100021267,30.778388612140564
102.82720593303637,30.649579800285178
102.76981174183828,30.626142690591003
102.8926547909384,30.61419412042566
102.96961202248897,30.812397973701483
102.85772437169615,30.788599627437257
102.87328924922555,30.84856542731574
102.93301368573638,30.887564114080508
102.91384878473109,30.947022989691625
103.01218611344402,30.928789075223122
102.9365396687805,30.778537860842317
102.95164139861988,30.792155809649127
103.06466002530945,30.738928767495597
103.09183956292841,30.735491182046307
103.25694137469686,30.69585890497622
103.46799418816525,30.851936384382068
103.36314338117063,30.837656431070144
103.2441831803576,30.84963237643883
103.12758055283513,30.744493035292994
103.34890567464242,30.779294976329222
103.26482314712584,30.791425120217543
103.25044781240001,30.73720611749138
103.09220785894391,30.67069457103541
102.93632365319257,30.72337987212085
102.92448438915225,30.71136598907639
103.01218360761204,30.779907782754947
102.9468943186915,30.686877859319054
102.90511602260973,30.642498898313374
102.94114145931745,30.719035242103327
103.30459742918082,30.635589737476568
103.3520205173114,30.709244217962812
103.27793166185491,30.650100760621914
103.22478422053257,30.771622429899686
103.25910832599955,30.822397650560834
103.21168272202738,30.76432074958097
103.20204948972747,30.86483244915558
102.98570250215533,30.86677171764566
102.93891718669711,30.90056230919971
103.04371725965058,30.900320070264303
103.08340776351879,30.87428465027136
103.16664053594008,30.9600955332026
103.0248900031296,31.005071992085302
103.02640512787848,30.793426828499694
102.9285987088406,30.797140128062065
102.82575559346209,30.73771207999393
102.80809527630161,30.795831692706816
102.99993857764457,30.826207578122236
102.9526023407176,30.933586193832582
102.93973279145744,30.868594264316464
103.02375413544782,30.944438520405676
103.02393358254031,30.988266310605656
103.08266278286499,31.01791603198306
103.26387911046822,30.946642948863577
103.3661594797032,31.004752305980702
103.31127480858393,31.075040143857326
103.31832377357317,30.981877078425995
103.21551910425607,30.80623892836829
103.07938054961983,30.735750130568523
102.98231536573422,30.659887996382256
103.18876204300112,30.5508812099763
103.11555667515141,30.711164284868502
102.9483817299779,30.6001576957732
102.98148925800908,30.64770315854433
103.23156651310322,30.70940568694532
103.29887565873969,30.81630164185246
103.10215864427752,30.815489415446983
103.07677604356022,30.750351558237334
103.05195125719733,30.75022219504036
102.97158031026171,30.69637197415726
103.06543761130057,30.582502892371554
103.05214696892392,30.458087698859796
102.8475073541778,30.357369540949918
102.89663325637098,30.376992191683268
102.79293153619577,30.4620356416972
102.67412541304111,30.581220069361432
102.82352219364316,30.446642601845507
102.80861394373157,30.604978179901792
102.60012526778638,30.44119866843561
102.60982395346676,30.614606163014408
102.45790440020164,30.455014886219
102.49339615429865,30.365235507172223
102.70518809065332,30.35230288815033
102.73057698250359,30.219571240640203
102.74275317649602,30.186356644184333
102.65963162850915,30.225884374869455
102.72966097316029,30.223631030194706
102.68656462000008,30.319017768638314
102.70304791095145,30.193699026431837
102.7297529419795,30.22534076993314
102.74440454070522,30.200235489992107
102.73931633169454,30.19440039456927
102.67314942675125,30.22327597690409
102.63991590549126,30.111733175874488
102.54732579507736,30.132830232769507
102.4986836351865,30.134544177669387
102.55447827457047,30.213380181473003
102.54780555759663,30.242637811222824
102.36198972930504,30.0300634753999
102.44635569368386,29.8602702821094
102.44668577375026,29.90185054789468
102.39859068888138,29.805940973826498
102.40224256329076,29.91890703637761
102.36626167756386,29.726666509729583
102.35220609906402,29.72641758390782
102.37441167798569,29.89028392930086
102.42794327737582,29.756073201094352
102.36721623606532,29.849634117084822
102.48508999159682,29.94496629859948
102.57083595618472,30.070839737624752
102.59066030613508,30.154101666053798
102.59148031791685,30.14359266808216
103.06137668792203,30.887237500711663
103.0044837002811,30.820576512451805
103.06825473059482,30.99439613824457
103.19824479759978,30.974176113331612
103.22653009416571,30.99617775909701
103.1454688642192,31.08727231531865
103.11256908215319,30.90415612618431
103.01862222147068,30.951657844463078
102.97108138979569,30.878134420989443
102.96563445915415,30.842061417771543
102.99113514426958,30.889233768926275
102.87598438003278,30.917892692169936
102.93650165566466,30.896258448992356
102.9690902869125,30.917758269573667
103.02515149871121,31.008772409726838
103.01034113893003,30.966410074011804
102.93587650783331,30.964211764825656
103.18651858730236,30.876921195564695
103.1657168360719,30.929683361639626
103.18920797227362,30.82144837458467
103.04402073965949,30.91885414225187
103.02636832320582,31.154755403404543
102.96263827069288,31.12712809671677
103.12376971956766,31.245616131575968
103.22136308488787,31.3389886165972
103.17736261198404,31.27735459057737
103.20326336639022,31.28072619917509
103.27855386018093,31.35725177722436
103.22618939318903,31.32476702081392
103.30041805745078,31.38322494042373
103.33769981067556,31.39486529863571
103.28062657649402,31.275646052076368
103.17415074952088,31.226301365676587
103.20279195740375,31.272910157371825
103.31882814332832,31.32907829623899
103.37831001452906,31.26693519341536
103.35487072111485,31.385640204641582
103.42349640813636,31.421692869261737
103.44293814916522,31.42092398689283
103.40805493148709,31.331358839213955
103.46359605496161,31.3887491860312
103.45829270878984,31.40183496403045
103.47948401720281,31.41635956636074
103.35739424767755,31.318302876094588
103.40372595304235,31.25968896324774
103.30238567789215,31.262886957945724
103.20276966827942,31.18675855236331
103.16238581187544,31.12726886200507
103.01447678274374,31.144436897658082
103.08479923896479,31.242415513089345
102.94194320979919,31.2012563181967
103.08590025469319,31.15414930602999
102.92159164327045,31.15699557216263
102.91294146973281,31.21902236538273
102.91939350823819,31.157339460243048
103.00764578030439,31.098102722949967
103.05123636527358,31.038196872599745
103.24897720725917,30.944467399658315
103.31565049630628,30.998563631463863
103.37511644583907,31.120916804605077
103.3390083385454,31.197134659628233
103.28470357783374,31.320111768708173
103.34955888233326,31.277837476936817
103.24619803126033,31.25523586555521
103.22648392834162,31.362830779725048
103.3064953619559,31.32093624933614
103.20044945756732,31.34772614939494
103.28782833079481,31.34376703961722
103.45044818289203,31.340283984736175
103.3568836251856,31.374974064936406
103.39230839849156,31.37978443031634
103.39584929253358,31.425010762640948
103.38530749739826,31.290197267341426
103.39363325505485,31.32467496365279
103.2556166901313,31.22615209761244
103.2825737469696,31.21127653945164
103.04241954158014,31.199032389906108
103.0217536501404,31.18692004904176
102.95840812509697,31.15003343162802
103.07081488391633,31.222241137838157
103.08353124279903,31.222986463231727
103.11663280247612,31.15556564044818
103.00831133883395,31.19786776196066
102.93851451142847,31.133764599945906
102.93241351846234,31.150604795924792
102.93905755963947,31.111410599485342
102.92419587141298,31.00407658954757
102.95314837939895,30.99984296294124
103.14284244280026,31.013113983870735
103.2160632751613,31.01722123441845
103.18995332780172,30.905361936670726
103.3009534614112,31.005457634310197
103.27152824080274,31.012058828792174
103.32999007655336,31.05364357039828
103.38736218007024,31.115891688913557
103.3910718676331,31.270896366281892
103.17891132979204,31.177615271537636
103.21121184373385,31.283604227973605
103.1952836979263,31.33503331530888
103.14890693382989,31.279018290565194
103.08489896462157,31.244201874299346
102.97033109912991,31.22616649389865
103.02641717955434,31.18130837287153
103.1362618852898,31.04692916893759
103.01515781180534,31.212187501646902
102.93234341222627,31.115427438705186
102.94441347332068,31.16613920482797
102.94420710418314,31.24147809539225
102.9633426255421,31.209035191095353
103.00748944366313,31.128624247970194
102.96468118360333,31.218350121076504
103.07472611350403,31.172218971085417
103.10005360415455,31.086531966298406
102.96800823552144,30.953710240376363
103.08070364877608,30.900391938603804
103.05526884191688,30.833382935593495
103.01520292028476,30.878031708799973
103.26281408759546,31.07437188722685
103.41322613257572,31.393393445313574
103.3388051239577,31.310553560803665
103.29011363025367,31.404863264076607
103.3764259776401,31.30012008176869
103.37240401022746,31.350711971617308
103.40110750344583,31.423906624266134
103.32394746033818,31.273502271413765
103.21909838920062,31.37610807912106
103.30333962985941,31.34774004034545
103.2207723288279,31.37565481793387
103.21130123306041,31.328685814046697
103.2045521403027,31.344136175483566
103.16146458397252,31.268322999022544
103.08662549358209,31.228449514703737
103.19904313667806,31.314436081566985
103.30832006702263,31.23150593972014
103.17185349650326,31.318483500770807
103.23042946369377,31.23377863517105
103.2445104433574,31.370641334199934
103.2933898913443,31.303513781673363
103.27456297773651,31.03708158051592
103.34102268480213,31.104269148286445
103.41759557556072,31.166508075547306
103.39685485357876,31.121065226966497
103.35735272153984,31.092135526182883
103.27251451359534,30.912346018695686
103.37609011563795,31.003735719360357
103.29257268840276,31.033186247696904
103.34044358617477,31.049446993505217
103.32963140528511,31.0631729848789
103.16995380720486,30.95550334590296
102.97002658980634,30.975598512812194
102.94523363712915,30.901810295132936
103.03076220788175,30.99468426687698
102.95695510495172,31.021317651876423
103.03989612105782,31.100020142863148
102.99309639661344,31.087293223494488
102.9373360766783,31.173575148699292
103.09968552608044,31.128555568656857
103.26026075424033,31.178762746943548
103.19427980925678,31.24189727958114
103.24514877123717,31.149826125641614
103.11637030874606,31.208495907621007
103.01073730282498,31.100070598190452
102.97413488522447,31.241122882361534
102.92043335272126,31.159122961238467
102.93541705880963,31.140479725901194
103.07533200924537,31.204233558799352
103.19955286679858,31.10041563284985
103.10157484712852,30.945808476565137
103.04650103814419,31.0566537802091
103.14402721948049,31.175151669014003
103.1877018440879,31.18682772736348
103.14855707519577,31.229159800409644
102.99789169401338,31.165209918905617
103.22090145953756,31.178613264357878
103.03545064954317,31.085837117583992
102.97332360004614,31.036404950192946
103.08166577430897,31.04709381548637
103.13821806946672,31.07782035432108
103.22254742978008,31.106863385290357
103.19582136763907,31.070861078300755
103.13652053025778,31.04796206742919
103.14235857827782,30.985224667307335
103.106929276263,30.907714160293626
103.20344900428212,30.871490234592915
103.1648088013711,30.90802974420584
103.26261649387479,30.988384702473727
103.33244905483767,31.083500750543944
103.31129804962107,31.023416730689995
103.3228440928432,30.9505723089856
103.14032742076071,30.882038024867484
102.98064782420457,30.790181529740956
102.99103325209002,30.741586326367443
103.12994658622333,30.884165437923688
103.22598036523532,30.811639995998718
103.28207563472166,30.844332669326896
103.17179679101407,30.64038333629712
102.98242072921096,30.547571713478803
103.00845142219714,30.57833005107109
102.94488516858513,30.545577150524913
102.98915561933926,30.57333230049669
103.08086588728712,30.53722002786178
103.08094231186452,30.410277018221716
103.05231670007691,30.444071775002758
103.05450094742368,30.461089589382876
103.11622184775389,30.4568341684832
102.97897603050627,30.401658331376733
102.87836920981792,30.436971685955424
102.82407973655044,30.542940001823844
102.79981070591678,30.626988259555667
102.82066797233166,30.67260779932562
102.92816382205486,30.456105741709404
102.99958889509806,30.431006191406
103.05550375145317,30.513706926476427
102.95906957889257,30.493092508168115
102.91830969366521,30.44063799061665
102.9894122486245,30.42838725979307
102.84904374216424,30.578933206679544
102.81076833426101,30.479828328324746
102.76256111823926,30.62589755783003
102.60347964152278,30.638569034851475
102.5239042578344,30.550810125718176
102.5101523102283,30.69902076945831
102.52028680268764,30.796534336164203
102.53435888406412,30.738535042748257
102.54810960651942,30.782270303168534
102.61476651760569,30.736741074744288
102.52923866110103,30.779794771833775
102.56649702366008,30.768742766003456
102.5075500812641,30.736092317539196
102.49462369904822,30.675690630419478
102.52868916717732,30.779854805517758
102.63510867390603,30.796580609988766
102.49063125852514,30.754276422332858
102.58158305076643,30.737661166102033
102.51769283788336,30.679223898418943
102.49689416636762,30.688654672703624
102.5411818133949,30.620845630123725
102.49077246312939,30.59707265678402
102.63676406041053,30.675818092740155
102.60050199387807,30.7475571651842
102.74445267217345,30.635984811766004
102.71151159025378,30.585770166168988
102.66840249058392,30.58823287775888
102.74002889989333,30.60247206244756
102.62295704010265,30.574544898378644
102.7187768765861,30.61426827425434
102.85515005725796,30.81207303514544
102.8420161019541,30.71903362768817
102.76282375389096,30.672570379284632
102.64041302213816,30.69255372519597
102.49555299040495,30.77869890401591
102.50847392125121,30.76308593844099
102.49272421297914,30.764695703206037
102.65314775452467,30.718399079629574
102.67398238432753,30.807143169112987
102.67000723165948,30.834704169974408
102.76531400260839,30.886343672113917
102.87419562213681,30.907849654478106
102.9890404901501,30.9164786302088
102.86276014664936,30.87285768767899
102.83276298419267,30.72908825679339
102.8576197260639,30.92849672471935
102.83738169861037,30.858798663365256
102.92289857995023,30.799023146070784
102.87594468219316,30.70544323772227
102.7340588026507,30.91611029221577
102.48395527834886,30.77792410077779
102.61923974475309,30.790570684250337
102.63637630328633,30.673423806624783
102.63310322696697,30.617985865374838
102.6213434608243,30.481559408633835
102.71939138030245,30.363427941028895
102.72016441449257,30.20777672844701
102.77069855825425,30.18343806391905
102.67730518906654,30.173553655023508
102.61362555707441,30.17289186821846
102.48925457813499,30.323778786330863
102.44046227012507,30.17855170570224
102.53889065970074,30.48394698780814
102.41844070196586,30.53562561837586
102.49786916516125,30.506217603864673
102.44573267287704,30.588953999865364
102.60291239111714,30.592350459533144
102.71868999169818,30.771322052588243
102.81497768480453,30.830922411037907
104.15922894667939,32.74531874212441
104.2104883880343,32.75150163325293
103.9355521176569,32.67856697436724
103.9634014106958,32.82173196002038
103.92190957788898,32.81311730674303
103.95353008035669,32.69989551142789
103.95726891017411,32.61171167281976
103.907695421045,32.56706377518436
103.88535541738456,32.66237332607487
103.87235625556053,32.50384187725752
103.91877689638999,32.469063070699505
103.88504911704352,32.61923473924306
103.89174514436147,32.54826455043504
104.00886506585358,32.355969738538334
104.05173406776662,32.50191517924419
104.10012565516978,32.406542117857015
104.03773703076727,32.441994076879745
104.1448646192597,32.41122288003504
104.3148962617099,32.27633164304123
104.26091562420082,32.09825865744374
104.3372953838251,32.17356421800501
104.32637156516152,32.220214674208
104.39527201512647,32.30954540255327
104.40230755903059,32.319744157003676
104.26921600195034,32.31474926110791
104.3513993205924,32.27521810846965
104.41321017739436,32.28675013857054
104.41047375299853,32.28433970321974
104.43290755778821,32.287334011863145
104.38340239671308,32.317164773621606
104.09142588987909,32.38191120606514
104.12204753838296,32.30933009286707
104.20105138547572,32.18393937698006
104.0904561318115,32.31478005670169
104.10771552389045,32.35845096870213
104.13582665806162,32.31110730239317
104.06160769903437,32.462786567756666
104.15390277041506,32.5425115095228
104.07916538345762,32.62319939280665
103.92070849523074,32.66618157406783
103.91253481766036,32.7970535975865
104.13414693454396,32.67950497093806
104.00396004995027,32.72381476131624
103.91767228939077,32.806675210626814
104.07035132389872,32.696334497085736
104.09331082906132,32.87185575228324
104.16479346467388,32.92615801988422
104.19658415820096,33.03797227460368
104.30036409731798,32.901205577647254
104.22373718164937,32.858220918792306
104.0958681001098,32.976806972014906
104.01948238407908,32.870297434406524
104.1310090532799,32.758232974872016
104.31278514195213,32.793488848616256
104.3070422850029,32.98503134692183
104.4099886758804,32.92749063447257
104.34866641257302,32.947535408696766
104.2975251164285,33.02795593631729
104.37618329094141,32.958621219833894
104.39991280391516,32.95429118194168
104.40627532831839,32.831951239368024
104.32579995475915,32.81117714769316
104.32667620313524,32.88159077152738
104.28987974577495,33.031895280623225
104.15248052815488,33.01936234564413
104.09335631224275,33.01698649650634
104.11231968418603,33.12315969031703
103.99734317508648,33.063398003057074
103.98763948046499,33.02965541935383
104.0391700436903,32.95391536055048
104.04284388384835,33.112515055833946
104.1540789929121,33.04958380457222
104.23977588299888,32.929794444580246
104.23011486860219,32.789316475868425
103.92530078429911,32.73471036113022
103.9501812524608,32.74312171349957
103.92108889551264,32.78974515507876
103.9314785148896,32.870616702374406
104.04329318428982,33.08699256905971
104.03164706759469,33.14317834278498
104.11407299297731,33.108939125886145
104.0666110153894,33.11443331539407
104.06297560761443,33.077418373301605
104.14507779589485,33.03329152436619
104.18517416319864,33.0560045826311
104.15893412597443,33.08661107630806
104.1640992698912,33.01066441978779
104.04691823335796,32.980500377440755
104.19251784540022,32.89408875758527
104.03191333349878,32.87804433570854
104.01851612361723,32.96351853633895
104.07567968084143,32.92564809745282
104.10417414425484,32.747983378863495
104.193622282218,32.68700755792185
104.14606627955054,32.47187838118569
104.124835993901,32.346034337123136
104.11630748766454,32.373513798592995
103.96941270972445,32.326416579644444
103.85755893509517,32.27288639198405
103.84104706087368,32.33827095039061
103.9620165010967,32.453430272749024
104.08287796506956,32.49129145526717
104.11678066433333,32.48535528481298
104.08454673775303,32.383122688855124
103.95831051854061,32.50753383744398
103.99840819473897,32.54060180911757
104.11726333250965,32.431224731903136
104.12312019408289,32.548027657935
104.15326639606995,32.42892885734281
104.23201706850647,32.29862712222271
104.34268544913577,32.199202160188875
104.39620171017421,32.118976456252774
104.43232526770132,32.09138715203566
104.36410153224287,32.077997730577394
104.38467755527205,32.124836724303584
104.10606208912687,32.19231927772043
104.13170553366288,32.267367295233015
104.26517809229001,32.224941272874155
104.1911530728187,32.287205986144926
104.23357453297983,32.32690971503744
104.25033636406523,32.348353763229554
104.23005294718001,32.320637657710144
104.01399011979997,32.289303750699354
104.03414058452623,32.11738294303132
104.04230977906853,32.24705990659177
104.14792445668567,32.2162476800798
104.07268743399496,32.18656919605413
103.96159087001065,32.2121517483612
103.98226211009224,32.22070821612611
103.85782551567749,32.2657812450188
103.99091473741186,32.15915804495575
103.97686595480731,32.190263290069346
103.76348270405613,31.93847805747764
103.89668310325462,31.809091833062496
103.83617883805466,31.884525884856966
103.82344722340709,31.94430301071187
103.83472080008146,32.00553568001395
104.05722060736805,32.05011019971758
103.89087698506727,32.01913334975926
103.92272084674875,31.926300243740688
103.82495947210634,32.019272631603336
103.73689989921112,32.14366047758719
103.8667602891786,32.07497595742541
104.02179167312514,32.10433464473662
103.92867449010645,32.08341354005552
103.96000286323024,32.06974610600611
103.90275379184887,32.04319908108932
103.90704316199351,32.09538734575903
103.94394306232124,32.15666565216717
104.16612566382,32.2300135250805
104.0859907519273,32.318391242264305
103.93993560049788,32.26122407163018
103.96731474086252,32.22280780141171
104.03320706471625,32.261232064279895
104.00594764565261,32.31735497100614
104.13813580082501,32.371326875555525
104.15738815892425,32.26791113520239
103.95046756962445,32.212839844662454
103.9034281428549,32.2085173845688
103.9506052829731,32.1359129592472
103.83599577312195,32.20431857290342
103.85919133142683,32.136926527671164
103.84807426598589,32.075643849126386
103.71581046742519,31.90244745340712
103.76942987970756,31.902222569472148
103.68732606756322,32.030392253368625
103.74319416302839,32.03274293006283
103.67547206689947,31.9292344056887
103.75769655068434,31.968075923994643
103.74296703045252,32.0095647944418
103.70037156137967,31.95222053453767
103.76301787189078,31.862428081371764
103.80572000829075,31.875265666758192
103.8950572637196,31.965928008175123
103.89799176680269,32.023087664122464
103.95988513668777,32.101478848871594
103.84611346047855,32.05124704029981
103.76771714836389,31.978045330821292
103.79757069110705,31.97344058475536
103.79498196744687,31.958400676927145
103.67119681719736,31.948117201426857
103.85287192059207,31.869261040697296
103.92538139421423,31.901030341270484
104.00726112035925,31.84404505360112
103.94046211779107,31.785191119582958
103.80929761806955,31.850581733420498
103.99055805227738,31.944033107803232
103.94837924499346,32.10009012843784
104.06939449727038,32.09788471080248
103.97321091453745,32.05040748917098
104.05489318547387,32.095921387971394
104.04217448320577,32.05242589429976
103.94676821501572,31.937568962460603
103.89147588467904,31.78608070022335
103.83903474531421,31.790997905731764
103.87618110785685,31.744457968520923
103.85795635569015,31.835134837943418
103.90554313442284,31.76521252122011
103.91278418961295,31.865369108827554
103.93369570466982,31.89167329438692
103.73347282205424,31.940683505760752
103.87878319299865,32.06301554331985
103.80914978855951,32.03966097209499
103.82699397118691,32.07975943115265
103.76332840316121,31.885669425702343
103.74099700287987,31.923182319647854
103.8480908978459,31.965132825476037
103.83986467738664,31.974915949672233
103.85691924989426,32.02402023076588
103.79673261420213,31.903701298912708
103.78245729964362,31.77991246680682
103.91130452405532,31.795757117234963
103.9288978027238,31.852746462616533
103.97594246218624,31.914483086813224
104.08550032588101,32.01891542982716
104.02760705055113,31.850945331745866
104.02273259104976,31.872537246425203
104.0756652741515,31.861563323391724
104.09160114545534,31.873742701568457
104.02681191233827,31.90235162912022
103.89521611461001,32.055116675651384
103.80895534919965,32.03140334453341
103.95748806714373,32.05725862077708
103.9187084007324,31.933508421447144
103.88432863165818,32.08709833513516
103.76414197723028,31.97471919977327
103.74197473346761,31.938774850768283
103.78625063875332,31.962267949910895
103.77028662513146,32.07701278971092
103.78226900752067,32.1008407608132
103.80044404538603,32.083603386699814
103.85388489838232,32.00846269266652
104.02609685989033,32.01051150033925
104.05417755366982,32.02746088146877
103.83231843256054,31.899897419156652
103.84590300792448,31.911938801748207
103.87233077378474,31.882114849578418
103.78182075145146,31.862136389738506
103.8268645801333,31.79586979394868
103.82424781198274,31.813786847772256
103.75468188808864,31.924800979799347
103.71648996875822,31.97346018637036
103.82562718599863,32.11133355237882
103.73142757113855,32.07909087373265
103.71421635940897,32.061542760843686
103.68210419329321,31.96698615192759
103.75606433037154,31.86598267164687
103.87422654080326,31.87785868464698
103.98556478664337,31.853585524873992
103.90089578002657,31.718173654371046
103.93951944399389,31.67703621990273
103.96254570545186,31.59675981753762
104.13940660122353,31.624581058490623
103.98238317152833,31.545004591854866
103.89452246882112,31.656478853769865
103.83194920830496,31.959393703991363
103.88567506814941,32.076810934479155
104.13006598963122,32.20138418688123
104.05173171194915,32.36014923846117
104.03651333758259,32.46978961281054
104.09595906868796,32.46237273818236
104.1924195071283,32.33610034394652
104.13861742420517,32.23651332339885
104.12825801071367,32.22337657320643
104.21371523379568,32.20230361009277
104.16780967413092,32.19225670233225
104.12082846500432,32.356614814350934
104.17064300192062,32.29120265208981
104.07241008909378,32.32213293200377
104.20650496757231,32.345428613930615
104.1207525508497,32.370791025765925
103.98272870432646,32.37174095809978
103.83663235099688,32.38877463016483
104.00185105840924,32.39628304531845
103.95683839178524,32.4482840505117
103.97348294791547,32.438629398313566
104.13387837385038,32.33616288678103
104.1392965102328,32.22426601373167
104.14458721324803,32.4764728448736
104.08781577025363,32.43550324187616
104.12873121772093,32.45260266560164
104.08335776794794,32.56638111619514
103.92208016011836,32.62835514578262
103.94672478905132,32.806736527674715
104.09091781053432,32.79544540144568
102.84665493975459,30.841423443081887
102.80387359034123,30.75351135636498
102.90493796402788,30.63120139050595
102.81550559618033,30.519789588116474
102.84245797676954,30.534348542105274
102.86655014147027,30.494276067168386
102.88880066014958,30.75526331353492
102.65993091028,30.78877843992956
102.5893351728788,30.73260920361604
102.43044603634904,30.545543460182927
102.42321913184402,30.489897948487997
102.43808898095772,30.56516360038231
102.49015782841032,30.504825456673956
102.61923968720896,30.541647714874465
102.5993662147889,30.752383280332655
102.72784180621362,30.661293090703516
102.78740158682207,30.614794950214353
102.74681581378154,30.57848231474096
102.81464460191138,30.72447989216732
102.7713568362635,30.748685344306175
102.78785717671397,30.83541288256902
102.83210299402343,30.843758007728894
102.73973603535079,30.726675634674223
102.65506238993387,30.60692517717842
102.66490816529999,30.66522059598676
102.71610727611932,30.60550572355511
102.6845481575364,30.87345825134252
102.68123197604943,30.81134842115993
102.60924727462186,30.74154410641879
102.62881406913824,30.71292525966588
102.60686525896821,30.693894001548813
102.48406607646619,30.774876954391146
102.57530643355214,30.696497886046796
102.54361850099353,30.634702901454126
102.60010761790407,30.751918170497667
102.55880694783806,30.78315481694695
102.50041073169534,30.77509677293045
102.5410803411332,30.68948896627762
102.57091310904839,30.45225991117326
102.57708534879525,30.468531555517846
102.57632183243167,30.514421592258607
102.46546687483904,30.466905854534044
102.63117582182102,30.540449218085783
102.86461794455548,30.466601603241003
102.92252574128074,30.517540007622795
102.95126548773412,30.57845726282001
102.92608725142466,30.608359489365824
102.94843436270116,30.574080807335434
102.9318975010839,30.632954101361477
102.72372284817388,30.78501840061985
102.83538226182436,30.883097668295832
102.85691815525222,30.924223182670435
102.9302177644019,30.904863375579428
102.94976237650384,30.798333392956017
102.92592486556704,30.895771486528115
103.07347558121272,31.02761686050624
103.06298289788295,30.966699562750243
103.02856353463365,30.903299698286588
103.18173795542252,30.843169212377937
103.2373993312352,30.99897919944263
103.25329671649484,30.84983840647612
103.14461838538482,30.895986361535343
103.24773027178412,31.015139478339165
103.26429114263833,31.295878628224855
103.14784969868131,31.05746220779352
103.01044055374733,31.11104697856577
102.9142966857233,31.183360697589148
102.95812584057742,31.254066609863127
102.91764054180888,31.18451443246507
102.91787873885521,31.22474087286159
102.98747362249344,31.257527770207794
103.02034526979706,31.24896131768505
103.05748742658106,31.226237589485425
103.00701261791342,31.27217338905924
103.04529334908369,31.282564338343334
103.03917464867804,31.265773602862122
103.0575282978636,31.137408451420722
103.20877914723216,30.978228422305847
103.16914869511362,31.052716522121067
103.11466115344363,31.176236814376864
103.11154544207149,31.240485931739475
103.22668264143273,31.073645732627263
103.11187295920149,31.092933078474243
103.14906292502486,31.103962757060152
103.22302723913297,31.07091682946115
103.2254268850295,31.00816585201756
103.1185573867697,30.993590731022383
103.00697457021272,31.038888599748624
102.99523274158008,31.07420112208984
102.98057389021726,31.16874282299889
102.91762790903282,31.16903123821623
103.00361155538367,31.175786415748156
102.98623142411226,31.210883698545437
103.01279350030183,31.237196177680254
103.01756822088633,31.259277144121107
103.0287401934586,31.254529560623418
103.11363341695657,31.270377325914264
103.03581360570898,31.261222503802976
102.91788461852025,31.18063762335733
102.99401976401548,31.240221883043137
103.06676990592723,31.22464156451817
103.28255902080558,31.084917194278884
103.35537622330963,31.089367079793472
103.31469601333846,31.229010566109977
103.32762357002798,31.41247606061778
103.45056615036802,31.387532850699344
103.36983225196533,31.413834277728654
103.29046000168874,31.365977080522814
103.34446257029332,31.39206499652769
103.42360806399276,31.35358278522141
103.3261025056701,31.340430098355252
103.4054507531436,31.433062123238212
103.45730686182051,31.376878844211515
103.35779354221235,31.375840634425145
103.36468015839183,31.382992794756657
103.38240633096967,31.389723459279118
103.332241173554,31.402124130611078
103.32041163609966,31.377086895957795
103.2959494476822,31.394946527940053
103.38800341031435,31.2590006166255
103.35999953047947,31.253969333028138
103.35315123199827,31.23335484714552
103.23184617981092,31.14423093875275
103.30587791469182,31.218855879095944
103.34274515212701,31.35149323990055
103.26023416906159,31.223469865701873
103.17450274499882,31.192237792177828
103.10329698473217,31.113688687527755
103.141088387251,31.05620602245838
103.06783683806566,31.14357398621404
103.14213430386692,31.132854509780387
103.10180071918477,31.123389163341564
103.0699417704375,31.129320791339193
103.13983300041538,31.172813085676925
103.20419986431551,31.199077126948787
103.39699821726333,31.08619582582811
103.31969156537541,31.139265076628618
103.27609436277537,31.327042913255834
103.27287498629622,31.21284442683512
103.2054429003822,31.23116135987442
103.25934039328067,31.15045563904997
103.32131654645121,31.258405004441073
103.34949950876103,31.10446962272939
103.22389689619831,31.30939310098544
103.23731548368812,31.32401314239959
103.15411291783825,31.28044048327662
103.0924956657494,31.20751122046137
103.10081150697604,31.114302220337336
103.19670770911101,31.211277469786463
103.31052310375414,31.2363773557625
103.40469167030537,31.184438051275137
103.38504856389464,31.211117545387875
103.33248120082976,31.269651440872405
103.29563224172718,31.371799217721414
103.32418362330426,31.239137645664147
103.2166130088006,31.28106228530484
103.26541538883617,31.322212198318983
103.29637694795011,31.39811366486265
103.27973191604268,31.348141708088043
103.30681408829294,31.265290732504013
103.33831922472905,31.21709752117176
103.39099670316459,31.29990499037436
103.39243372649952,31.17445561821009
103.38222400052832,31.04515898460943
103.28963107616444,31.12138184429574
103.14478770379588,31.112194562210593
103.11425023133161,31.167584411088637
103.16947990208843,31.258419811127993
103.07403897482337,31.241000523935682
103.09532907544354,31.20613461403484
103.07218665193332,31.194260118114222
103.07251955347559,31.168371257307328
102.9609451632566,30.992888833152154
102.93753482848022,30.981479365739474
103.037991975825,30.922145507853326
102.93643711320883,31.221761279504104
102.99593166907692,31.229494230748344
103.22822235576153,30.938695659799453
103.34780892069539,30.80306050147423
103.3530335552171,30.894433473251638
103.27594549879207,30.845438559112516
103.16598880517472,30.991323637769817
103.15884046262741,31.02540183129612
103.15216021811283,30.930579049719825
103.16632332791075,30.961135029762776
103.0964957109093,30.861736566304316
103.1291104482064,30.86981317455797
103.0686822502412,30.810791351645694
103.08254037952956,30.882273148402696
103.18470849208164,30.69465258884206
103.20941235568324,30.683449971229134
103.29818488642978,30.725741555211094
103.30608445687224,30.699129591146235
103.3418959375736,30.721559582738546
103.25488960304746,30.66403346476282
103.19293922935445,30.85554988273315
103.02870197392888,30.913861686398945
103.03434220575224,31.025365269259154
103.18011515796378,31.15781202857276
103.3902778792234,31.09780722743969
103.24248354622394,31.044739978148243
103.17565901367978,31.079037542369278
103.30449704923987,31.07793852691865
103.25710101872914,30.957289109495562
103.24703578445752,31.08947858377303
103.2228463699586,31.35824010349573
103.37759905123329,31.405752504911437
103.40448382326024,31.351597716972595
103.44724481922623,31.378536657398328
103.39870192939935,31.431916281273946
103.44597166527869,31.420824779295746
103.46051359431544,31.420037991606748
103.44131164871813,31.367192253346023
103.10704188038018,31.27041451087528
103.17161960692667,31.162929242355844
102.994663803202,31.04133751906763
102.92874867922325,31.150998069262467
102.97639255540078,31.26290811651837
103.02801480971713,31.17187675041719
102.9190199638214,31.154779060821724
102.95388760663799,31.144167880758644
102.9771418630565,31.211458936684966
103.05358171427125,31.170428127840353
103.09148128076605,31.16408089963329
103.19195026677431,30.96803082823958
102.96036158492036,30.965799876429116
102.87777196124985,30.858032253407863
102.71510877337282,30.82821217764215
102.63166223672599,30.757233428146325
102.4777849124475,30.768415450342907
102.6228512000173,30.68615023228592
102.60269772150077,30.73989690431351
102.55710696666475,30.794056696067617
102.57251773683777,30.816673769796115
102.65547480265737,30.828896565382966
102.75126362380757,30.88726492125787
102.7374984690334,30.886457878276087
102.68926304624362,30.84760220293208
102.82264437621954,30.838483904730786
102.85963092662314,30.91907564568107
102.72632431158111,30.922548477587277
102.82331436710255,30.92619200963219
102.70781377360161,30.61690118335571
102.61008465760914,30.736750555750806
102.50123377700596,30.661435889861714
102.65246246963314,30.644435557461765
102.65771539658677,30.76203044777654
102.67878385698378,30.81694856296465
102.79335554510733,30.92952987562388
102.83877505161657,30.859055055401097
102.8671291779084,30.823477335402902
102.81480310348384,30.83273246467401
102.73213398267465,30.749247830478794
102.74267862175972,30.720236743142394
102.7809934108844,30.775100067473183
102.92413389772891,30.637176603428347
102.93265799791703,30.66354439501532
103.01972729063868,30.633165545877986
102.7901294525588,30.9140727713293
102.85305165366746,30.761530744185443
102.8491725571601,30.780862345609513
102.89138348623852,30.72628439528201
102.97415296686395,30.581410358855287
103.16360251474129,30.552408437267754
103.15063665157864,30.652420878420756
103.11434007120825,30.52736446648751
103.24282499035608,30.66654945623739
103.31140261631408,30.62566533570827
103.43868947835243,30.81804913321206
103.06784032064449,30.91775324746407
103.19440283396736,30.873228311100263
103.06265865559608,30.83067456774644
103.0234744620171,30.890204538903607
103.0490664771267,30.7794320583397
103.14691405909703,30.838580005063207
103.29855488039672,30.74676133748039
103.17100915833011,30.85030265777122
103.06967539247773,30.874468451808404
103.09138729161558,30.680466361552643
103.14722941792317,30.60572210440815
103.01442700741055,30.756782844207276
102.99067138053405,30.71875207400909
102.94804439647892,30.705790868800822
103.08064613338622,30.709905378216074
103.06793354318408,30.602986102092043
104.58908494450654,32.7113890526921
104.57888525012946,32.85504240596411
104.57002658827291,32.734343896095794
104.67599876202748,32.79165873568142
104.68136304175516,32.70989975971939
104.65065763769742,32.72703893809749
104.57708150374991,32.656012084245965
104.4936974307261,32.5996103692051
104.40001885292625,32.60774141855637
104.3703019731621,32.506177058163146
104.38110025682329,32.531422374156364
104.48824107874964,32.522180672852116
104.54139299102145,32.57661559565086
104.37023793432222,32.602367351047405
104.45408926728284,32.565352076550596
104.47210264991591,32.48596137971443
104.43435072678146,32.64807466360631
104.56606708458388,32.66381404192209
104.52575193038986,32.68722340771909
104.4037994562107,32.63818628932375
104.43737107409812,32.75166851320619
104.37786210137006,32.7588682214332
104.3491863827681,32.803827403112685
104.35874455000625,32.70846928535109
104.44304952468819,32.843788184559344
104.4476026968538,32.827018864808394
104.21961488751127,32.81735634277726
104.31485498627443,32.81121641548609
104.27048521012463,32.88311199045509
104.29316035289922,32.74003462842398
104.32287910650996,32.79745834140151
104.28935525365007,32.55731036479152
104.28814103252853,32.51740698167442
104.33962045015636,32.58881845053977
103.95758467903578,32.56744379210166
103.83657882408804,32.55406202824621
103.9965498036387,32.63847856715723
103.93923594285519,32.72175037004015
104.12689103830189,32.82687145337318
104.16401421904952,32.70919306810095
104.1358522731199,32.724538403287184
104.12189469747672,32.812102422979294
103.99760646754888,32.97794776320885
103.91049260149563,32.874158075098435
104.09930935326445,32.69856569169927
104.0747213086136,32.7294731764637
104.18336309579095,32.83273351119633
104.16342045270788,32.82145848821869
104.11084482494988,32.872256826832576
104.06787807704532,32.752053347012996
104.25713362572839,32.68209767386421
104.08324487541053,32.57989060875956
103.98821543650213,32.699097325472614
103.89957397909376,32.707115311635484
103.86024095905302,32.62182355523651
103.86338762219025,32.48943432929159
103.86694128008511,32.50910651468911
103.92231059406242,32.38857295811576
103.9629481449983,32.517030369516554
104.12155467568189,32.42701400015224
104.01442536030389,32.52522717423014
103.95816465055819,32.411622347331075
104.2036209262235,32.59647376609198
104.28207312488273,32.662657741230795
104.32814410854192,32.77186406788972
104.41044089717423,32.8070883659235
104.39298593941999,32.72118222159759
104.29535104319955,32.652059743554794
104.08045399684895,32.60281026691833
104.04087411872398,32.74938690210458
104.13422147701291,32.89743912888086
103.99586518943839,32.93244290620538
103.95328597765607,32.76941467510661
103.96553711260415,32.863875966575606
103.9249679295246,32.90361379008541
104.0264787924084,33.00909615131378
104.10304799332923,32.76115729398909
104.15024902737618,32.70634132086815
104.05825417749514,32.62218653971828
104.12360003788736,32.74067075915054
104.15818496119722,32.6682069072073
104.03244141212389,32.70669049001413
103.89127554205204,32.716713011957104
103.98673600152905,32.77751755821897
103.92544895075304,32.906334190115324
103.97658814164447,32.90357385315606
104.02497955617734,33.04618517823345
104.10475276031924,33.0610189004086
104.01245804384192,33.058197966801124
104.00982320651374,32.96265221792828
104.09689325642532,33.135654295525775
104.08350194545477,32.78365503712619
104.08652080277189,32.820214570444776
104.13627513679262,32.9868862294682
104.2251193626092,33.009308575665614
104.30012458350662,32.94093902770205
104.37934982912192,32.877032432372694
104.32445069337177,32.80826796717788
104.24186908945786,32.69797518568693
104.35485833481316,32.75194682834084
104.26293181319116,32.71845526698219
104.21014450085464,32.60635756249699
104.28847924181483,32.676282453991156
104.38301294540453,32.730376850291954
104.39104135198059,32.85695899435625
104.33172141863723,32.840550740936756
104.32190384433397,32.61782834288824
104.25158307071008,32.528519880290226
104.33078444797499,32.71841726888299
104.2902931492828,32.7119770704823
104.42822268213274,32.69238272285033
104.4513314292716,32.8459336433532
104.44623808725547,32.64904610186516
104.65733866941062,32.61154690606405
104.7461133074011,32.53065352087932
104.8584319940926,32.63065205817323
104.9381113005519,32.64663212111803
104.99014540173685,32.68498269276169
105.11447014180165,32.69447726810364
105.10727874554463,32.67203545968903
105.01946802412807,32.723983918110605
105.0831663293787,32.584042816716945
104.8891874424702,32.543929439910244
105.03695955192529,32.71977371658524
104.89277107930944,32.67787951837823
104.74472479252832,32.68834010345654
104.92845124622644,32.70525641387646
104.7498336152519,32.773343564750185
104.77270007178795,32.65852390173393
104.7232545970771,32.741584120618704
104.69546961332988,32.66397999696362
104.89621687823745,32.742337739852566
104.73734637278997,32.746420788313074
104.52602729131875,32.73682315385414
104.67633021082622,32.63040023687697
104.552991138235,32.58299114711858
104.67290305057355,32.61490989866401
104.60804091703955,32.483883667963966
104.655677623921,32.52585664653704
104.55240588203353,32.5005953818528
104.68128699723697,32.45149477481187
104.67266100572228,32.58501772692431
104.79985455974352,32.62128877729761
104.72218528741448,32.70763977496618
104.71029906379275,32.61014806667244
104.5882634606562,32.56856167183111
104.456004304284,32.53678250749322
104.57148566499157,32.49592276607462
104.6826871353816,32.55463248729635
104.8239303214854,32.64332472211319
104.97978431558977,32.552105906788746
105.14914288235379,32.70001099553601
105.27915723224773,32.623163968556945
105.2448890609187,32.678621567039386
105.18293359727835,32.711044596613235
105.01899672364604,32.64543911954661
105.06605079055733,32.69757745223864
105.01116858886982,32.71825657631932
105.19695522975876,32.66799178728387
105.08404840958052,32.58847513301408
104.84281213149563,32.71938124272909
104.80934849007096,32.55231545474651
104.78039872049108,32.70781837645038
104.71836647094203,32.61614806077873
104.78913645717303,32.72639607881472
104.79349082082638,32.65147572988359
104.78669441729475,32.6565402954055
104.65426367041663,32.51170878532807
104.68043672950373,32.45568231014932
104.68040888929058,32.548229536581026
104.64486519055934,32.692813330801094
104.68627434911129,32.74888075481582
104.65393677865279,32.835378158343815
104.56829921585344,32.85578549064759
104.57604796326105,32.88312721520977
104.60954240501447,32.73535387326824
104.43202698787944,32.72654052466891
104.54707410894132,32.76864767646554
104.4139523686864,32.79821382563129
104.43368252886178,32.80320163178147
104.42334315819926,32.956253506769755
104.43128851355422,32.95690484954116
104.49183714999118,32.9440031306457
104.35985678306295,32.80700631827076
104.40622583086595,32.9375901427609
104.37906721548653,32.791722823041084
104.31560143105345,32.94918424898134
104.39623408739796,32.91229604171617
104.23360931315264,32.85560696388098
104.33444178307728,32.905361675350115
104.35788574321681,32.847570452805805
104.48828709094823,32.83834244553989
104.52094599890597,32.61876976157626
104.71981929468053,32.679902979087565
104.90962316547918,32.60469657919904
104.78172390664768,32.544946926652216
104.85938326477542,32.59907121618628
105.06793449281645,32.70662412499635
105.05434755546833,32.68196014876441
105.10521451316075,32.60186112052791
105.10319407194862,32.57887640146746
105.27237852567777,32.658095413944075
105.29041670049564,32.65633607684789
105.31378353528963,32.668221369363806
105.2555513481269,32.60610929033845
105.14023433194181,32.61991060838755
105.0837688572818,32.65435844447881
105.15287329049359,32.62582519645303
105.08083437398537,32.67183094096551
105.03378431414698,32.58787517616058
104.88683266811783,32.546537745553465
104.76663557491565,32.60640017391266
104.72135301070868,32.55403843628212
104.78880289103007,32.50729874086724
104.70781196832777,32.68471337244857
104.67553789895662,32.76230157873365
104.67604221361101,32.72362319974255
104.69783712101481,32.84160773565064
104.80717561199567,32.78102231773586
104.84877970472115,32.75203421230758
104.78613868242466,32.77402515223956
104.8003476228694,32.77957969755486
104.70133453651106,32.751671124095246
104.60809563506903,32.71490287197241
104.64790394287779,32.598067627975965
104.61824804189351,32.58317156546416
104.56548789170883,32.58988384905512
104.60513200202912,32.66166996506302
104.532401299321,32.64783528249735
104.48354641553938,32.57615114018625
104.46182219199534,32.605182798971164
104.58058418093687,32.47727157507495
104.42371406624386,32.53646615882362
104.48517628597648,32.49538584775534
104.57053782139326,32.6367194630649
104.58860994089764,32.50436265244413
104.61206406336608,32.56693830331887
104.67525493678681,32.6792855351287
104.71942928933186,32.489742018186575
104.86247727210609,32.51143928972144
104.86369414106198,32.565270067087496
104.85945644042728,32.57152202351718
104.813036497243,32.72612718288827
104.66420486393758,32.863411685302616
104.57791529221291,32.87904507212179
104.62006131836024,32.860250276408316
104.71420150293896,32.83283187349992
104.59283636703634,32.8408993119282
104.69018931510314,32.66969255024935
104.62341034619217,32.80964046061631
104.72461764843878,32.71727589988543
104.63768697128074,32.66458967126619
104.54986413642165,32.84617444879729
104.63990763751963,32.836706776758035
104.6143502168151,32.71798311333213
104.63723982193859,32.65619476823667
104.51323335441569,32.69599483339256
104.44553272856153,32.60461694644332
104.27470755510701,32.79864141977591
104.48937811587268,32.81037262618843
104.532954041057,32.67984728728353
104.42041479360438,32.762550809742216
104.29756060748775,32.75264716909347
104.31544457458214,32.59593597944489
104.29103125712587,32.63638732632877
104.34399339716076,32.653197146740325
104.51468264754679,32.51657247299245
104.62001348109138,32.441604731818266
104.55200321639708,32.46366706388474
104.5681417794276,32.56700560876031
104.47379003877123,32.64392296021553
104.34116999360596,32.597465611455824
104.27000953412178,32.511449608942044
104.28022887916376,32.594802951808695
104.52145346052569,32.56601443176774
104.60404783076059,32.53429928449236
104.49186754357632,32.73119229052111
104.41182742666646,32.88395434360937
104.47881488674392,32.95335331237694
104.3442645986603,32.9334712670931
104.14709622516168,32.88898024015581
104.17774426915766,32.78249601466339
104.12757075580954,32.677128899942666
104.18817963524187,32.686958987714
104.22853893515907,32.72171309957709
102.52683680126252,30.325382244782745
102.46728733576974,30.113976097964837
102.42341013252555,30.05588395501312
102.49339017671731,30.146491730717802
102.5793245774657,30.089623227228973
102.567676008827,30.131872169631468
102.5399175518692,30.149838937944338
102.49011261252441,30.06254393849374
102.3327963023876,29.984790328508076
102.41345850226155,29.901747029872265
102.44193337882915,29.944747803727214
102.35888218016575,29.95514757449993
102.44335748057064,30.186445389809435
102.4931455776419,30.100562803287332
102.3697140625842,30.20325394327565
102.43400211676561,30.271099192586124
102.45539041204415,30.215823746567473
102.41098136241024,30.18079392153181
102.399737038962,30.053833170010833
102.64367360233483,29.986616340523952
102.54188356561556,29.894228265137254
102.48447620695615,29.74944576638846
102.42386140613091,29.7294969436292
102.38956650995338,29.77191603200475
102.34177778806381,29.89431827333474
102.37251186559608,29.980971246885918
102.34083242045902,29.923006554814982
102.29233905994336,30.03593249574802
102.29987680847304,30.10007558060154
102.45882458533023,30.246613564133764
102.44944863376429,30.289773644808133
102.54622711790103,30.27765881565407
102.66375556869865,30.16620775395255
102.75111618541484,30.251594369874635
102.7774192169444,30.171061754317627
102.7774192169444,30.171061754317627
102.64760241182718,30.318775156386586
102.57286185296594,30.26740558635307
102.48958036643256,30.49616159458259
102.45505354606945,30.527842486992846
102.59445102675404,30.474787467400922
102.4361860190771,30.407016608068734
102.53015034225872,30.385559727826443
102.54565354241403,30.34630895378037
102.6553298440443,30.40345947961684
102.67322992118066,30.508221195129913
102.5732548244959,30.487532558552974
102.73345034848818,30.37532021924364
102.67822601758097,30.325529777910226
102.72018584964216,30.245756282444127
102.68201909268201,30.244937805900445
102.71117478118671,30.276963274559098
102.60918316828197,30.261134468999046
102.5925984642058,30.354251706043158
102.514544067739,30.318205212108452
102.55217271249528,30.40966645990657
102.51980036578905,30.35636019930636
102.54202472267767,30.360763668504493
102.46904306005193,30.3928054462766
102.57755028634472,30.488577233744234
102.47807087003544,30.475048680143843
102.43148656877233,30.517947134118828
102.42756124651984,30.46200303238925
102.45725193758554,30.44469718827999
102.52382178554451,30.512071429551593
102.5474150310242,30.48409942843685
102.61423021194128,30.56990126372124
102.91375035596673,30.69025431570329
103.02191137526988,30.697244646822174
103.27966974838371,30.62288705722588
103.2437659507925,30.623148089110177
103.0447244300855,30.615651594457418
102.982899546869,30.51200497624314
102.99942145658814,30.503787375631553
103.06203043275242,30.639038389234365
103.07881987241018,30.66433893966913
103.29039159392798,30.652957288954767
103.23480814687115,30.60766217099094
103.17626952265302,30.642122778350895
103.0627934530467,30.549075792191502
103.194456930046,30.634610478555633
103.09833713088103,30.60002458070218
103.06309032387965,30.65025728086372
102.93054249277229,30.645150074811934
102.7679197807517,30.85602377525795
102.87087165563267,30.817216868169556
102.78846625443384,30.93121514456448
102.70446979662347,30.83091962378961
102.62847568106444,30.80553422261909
102.52051809123782,30.727615869826405
102.6736481250932,30.77855919436318
102.69007310743771,30.775132934630495
102.67786428476221,30.817663523754277
102.79830868074217,30.833816955844036
102.82583099682299,30.887153985116843
102.65720579331344,30.73190359571625
102.78246538641137,30.84195281201475
102.92601012813877,30.885970405719565
102.88330658139144,30.76685604347412
102.94866156265432,30.741513978105157
102.87660158816874,30.818641048088384
102.86362180280025,30.821760851046573
103.0922564700096,30.706263591023763
103.20671026680506,30.73642277188206
103.04957494698554,30.75841022418344
103.18892828518291,30.658149197370253
103.17022880520037,30.754697854192308
103.20201148063389,30.765231213577742
103.17471244439118,30.644793622518232
103.32623010915174,30.773298998743762
103.29160103800248,30.68399329448416
103.29083343882427,30.763600593375195
103.16407782067924,30.669106715953358
103.03349425508249,30.79975799188978
102.96595463639338,30.817293763220412
102.99995594664327,30.858613773218558
103.0775041446008,30.72045981566607
103.08400292875136,30.624007911733177
103.18200909602876,30.510437103928894
103.26839984861844,30.626326302489794
103.1478573018679,30.843453582771232
103.19627624692389,30.75445654933255
103.27919064427685,30.876981277642138
103.13981705492883,30.956444958660356
103.08290696242331,31.05407281561164
103.08322497858794,31.07030269194077
102.99985945567224,31.115268741147535
102.98149257355459,31.245506741862563
103.02698623541211,31.252704251280285
103.01899825043414,31.301839178360662
102.95577227937848,31.17528691173405
102.93289499389887,31.204498526244567
103.07699219556307,31.128078557084162
103.05979269679743,31.172410478470887
103.0815701272784,31.202303769603695
103.18216282958767,31.084416767173696
103.21008952128646,30.830452415002945
103.16622581038251,30.810092184794247
103.19306982842926,30.725753101798702
102.9668825042616,30.762763565145953
103.01730292479684,30.59835270654069
103.12271250824945,30.58017069085061
103.08355610320623,30.698891915012773
103.10381526221441,30.73544234921701
102.94303146151437,30.738178900209768
102.83015192178168,30.67650182266019
102.86828711668542,30.687867275757966
102.9550756859556,30.605144907822684
102.90492947713989,30.49124978810207
102.66683907269604,30.49302396543894
102.64828639754762,30.47433296948817
102.64552342516133,30.404837221650165
102.52547024921765,30.40590751896432
102.63527851694401,30.28398156991276
102.66177571808004,30.27450275806833
102.70907081260486,30.208853320212448
102.75683804228376,30.217113583737035
102.7591198355564,30.24329912372473
102.64622678548157,30.178105953433057
102.51996306035257,30.0779266095999
102.5037363588301,30.074295859199935
102.45359639054975,30.06166822079048
102.46003763733538,30.142156289427508
102.47823550231395,30.202519111100628
102.46804935424976,30.47981765439492
102.43236337800649,30.34267073246267
102.50143702914212,30.331282194260556
102.5375453367636,30.41951248707924
102.5659249669567,30.371486525980583
102.60559265763176,30.35782240831672
102.62658085162994,30.11535145973733
102.5831848240525,30.246018224449216
102.5240853763517,30.18592812316262
102.56301724142575,30.224776141138555
102.6224108108162,30.223093511961466
102.65107863229343,30.19325745882806
102.61807749650055,30.14524089155519
102.47715373405714,30.158168371134956
102.39639634995008,30.1879808798802
102.48538619417347,30.27003434908656
102.45089860012862,30.213175798286347
102.61097530037951,30.125523192080234
102.60619716465162,30.163930704575744
102.45711399755983,30.185014206025492
102.51877217723911,30.127816000226137
102.46751532270822,30.024941316332246
102.49525827845028,29.924271726398807
102.53100476447916,29.866571540145216
102.51935243668007,29.768501406396012
102.63690968746626,29.668265871404824
102.63498771298698,29.66389036500312
102.70416622795392,29.60302994838235
102.79987437079382,29.52354909872592
103.00530460525968,29.469450548407227
102.80990107065776,29.567610834953275
102.92544036679253,29.56398242665827
103.00295374362348,29.439164602932248
102.99149868868665,29.471484207082508
102.92227584079494,29.51155252719814
102.90407218166646,29.47244254488735
102.7414560149006,29.57680413318167
102.64875187901005,29.729363632613797
102.62000458854251,29.72514506353529
102.66508314094051,29.686704526658808
102.7172540732567,29.573215496294356
102.79801217625091,29.621428214029283
102.7770692838271,29.59654347976426
102.71507288748859,29.568558333693943
102.66537830067593,29.630403980894922
102.61046848891802,29.67331022452619
102.56960594868411,29.714047747704072
102.56704236555156,29.68532533687604
102.7121195914039,29.608036207966638
102.8301144586985,29.62354441616476
102.74500748351583,29.64435717275562
102.69005649541242,29.654649682181116
102.55408754583195,29.719078664133008
102.55079612662153,29.728419422619993
102.55375703626983,29.68213746503252
102.51416108973764,29.70344562751997
102.52792858437729,29.744916326279544
102.52570620973475,29.694475853432735
102.60106956714914,29.662824452456206
102.54374831502142,29.683359513224932
102.51343193554189,29.864849706394498
102.57968532159913,29.839442936674658
102.4428950162957,29.896890990235335
102.55054904960863,29.969588721874597
102.48997953120247,29.859672250403385
102.5016059320103,29.89662485987264
102.56491480386838,29.89827151844895
102.56659466840321,29.96632354602389
102.47994265765574,29.94102397913031
102.3891599737201,29.7309582492036
102.48835744213528,29.865396628509504
102.38313725866526,29.715582153889233
102.37813037255967,29.723031492801557
102.42351657429883,29.88900573210881
102.30891534533082,29.833764373468732
102.35027136711243,29.917412487535636
102.35310669556674,29.94876432351867
102.48194980743258,30.082456304741473
102.75403917091046,30.183083285537133
102.74378904780347,30.18252299947489
102.64528565614309,30.28440210229648
102.68577727635409,30.250728529318973
102.61510369900098,30.22065517406212
102.59572489159976,30.115301267316507
102.61817530108124,30.090715912054954
102.61699007709866,30.07522942201972
102.53293056292968,30.206991831250075
102.43926847192124,30.38580099558451
102.53648432087793,30.421570088573528
102.60293313218816,30.307785995847773
102.65151078743546,30.43586486378326
102.5127388925267,30.562784712141916
102.4976892474608,30.50703509914473
102.56323930664563,30.45683976239126
102.53003863648054,30.573305284386123
102.45468882846701,30.629424972081868
102.5945933400352,30.590854163029622
102.47634102604601,30.558663909892037
102.5690848493107,30.682574395972456
102.53049308409314,30.77375728014104
102.48759207588253,30.70902725009896
102.49667468304202,30.619467098984348
102.63708940774526,30.69074545078238
102.56758308260864,30.69927861865871
102.53102477685738,30.66674829687647
102.51713110672347,30.765355581772532
102.56219223026272,30.72698390961393
102.6479881338055,30.851057215217544
102.60740809521624,30.80484996144412
102.48595148736104,30.699463148255408
102.5238075719034,30.701864510649045
102.5053076014276,30.645421508735097
102.47504527686982,30.62271101359481
102.48116457815122,30.626829612453886
102.63490043395454,30.7918890392321
102.64043405092022,30.70743890683321
102.65046093597306,30.69763047106912
102.56402015613307,30.676219590549746
102.82656305088614,30.7268500149918
102.86526803841583,30.6931251101457
102.84005686027095,30.770675953626082
103.47209713071419,31.419757647049348
103.33768864093405,31.312128622566522
103.38496375799295,31.340600824985543
103.43410556011005,31.364410256610622
103.42894649544628,31.36189607270415
103.39962634206285,31.42417274816612
103.36984958782804,31.4163830018016
103.39435848140165,31.334586719762363
103.3227214352847,31.31020402166221
103.23875794411887,31.36713226252839
103.22362404183504,31.307821956883153
103.15600120948011,31.21966316037246
103.11848815884865,31.12099419920019
103.0614277743717,31.04267032835308
103.08257566234164,31.058540166475705
103.2330956654487,31.090753137309193
103.16183844057636,31.111036220771297
103.2251566594583,31.218755320444792
103.08992063357528,31.153031578949605
103.19608463793948,31.09610167832404
103.36097201761254,31.17739377258164
103.33924106130769,31.255875977814753
103.37651173554447,31.275034526953775
103.35423930979405,31.128751581161964
103.41678383629166,31.166714248585333
103.31132215545041,31.115978696007435
103.29396137542246,31.34338165875254
103.31596300537478,31.300512632578943
103.39590873408818,31.33165626040482
103.37718377694439,31.40836082211464
103.34449619998568,31.41590155692343
103.46311614501083,31.38988405429397
103.43570050035807,31.341371102038334
103.3917406219762,31.342143686463466
103.29701499014477,31.284453551818615
103.22084544607942,31.315089781720268
103.21795881384388,31.220941399150643
103.17818541636694,31.315153512345315
103.13050958538415,31.242223961408115
103.30063800359592,31.22893863977083
103.20826089684373,31.25655926108719
103.19164730112895,31.196863887361552
103.21412816258,31.18965798656103
103.07687079039978,31.15006677185311
103.10884822120123,31.07750254755063
103.16970898407658,30.964313312060707
103.18367719093655,30.934824206214195
103.06502637315678,30.638083187160134
102.9387117832498,30.593916557728114
102.95255892104954,30.667956024217265
102.97906403468198,30.6321378698293
103.10418015106589,30.729418675779
103.20128109691969,30.67044484700945
103.13706861489037,30.69478418954165
103.05486161409486,30.699217224042407
102.96682324232219,30.624298967089345
102.97722956378801,30.664330779551754
103.04605366733797,30.6398852826823
103.07437946909955,30.754101723282133
103.02030166341275,30.83538376838041
102.98339417561228,30.73744762869545
102.82778751047725,30.735140848307907
102.87080811337444,30.709739210632154
102.79906754343087,30.772004137647762
102.78435062675767,30.745856796327693
102.88925228599633,30.74458834109346
102.9497193031014,30.7033216742313
103.17995098770201,30.510822664324387
103.12510103269967,30.64567029571227
103.31254637244793,30.635981020195082
103.37037811905184,30.84246609843192
103.18722587709884,30.77730866710666
103.09452030228645,30.819927346040753
103.19241065285232,30.6039025897862
103.22829491985601,30.687992285920966
103.25332734065745,30.735051356416502
103.09906148834028,30.68262309506871
103.12643971458003,30.774022470639128
102.96098836031823,30.94973030064948
102.93189170006055,30.992820517523803
102.97997468384511,30.843045302336463
102.9521444432583,30.936520748208803
102.84579970479956,30.787138433876503
102.91365249884745,30.790403382269826
103.00590213153477,30.671284911541687
103.26469649421202,30.801891402440557
103.1875021450503,30.766261963759085
103.09493741555995,30.797854624071615
103.19492567845566,30.732360683475967
103.17291599362723,30.815912210049838
103.27363540190632,30.86311438519534
103.37116712525936,30.85572290866439
103.22893363170577,30.90942881754518
103.06274858178752,30.912503071695053
102.96847748137854,30.79309755013823
103.22883515581012,30.645502879136394
103.17131664684823,30.649609298876467
103.27834443997105,30.711387703857906
103.31023820354658,30.619033422757347
103.17940869859964,30.549851665931282
103.15256887618344,30.521556301329007
103.08985164856693,30.621316230910683
103.21413254056175,30.664550919279193
103.21225979513888,30.669350954310936
103.27321557437746,30.743663881270162
103.17436539565655,30.76456314045134
103.0172346350642,30.807749711247276
103.10700392774955,30.896818249928515
103.04823188266606,30.903301044491137
103.02538937669364,31.014738055211183
102.99318870280102,30.990796078273
103.02177941502426,30.943015167912456
103.01196751028985,30.820610988422246
103.05291231235658,30.87846769843219
102.91183766086064,30.801561550423816
103.13280302444599,30.90426439517386
103.18133683918347,30.884956709095828
103.29524628429198,30.78773707446169
103.12815679433321,30.71586935546475
103.05188538807593,30.746534433612922
103.08254020992537,30.831751566717426
102.99461986331953,30.914054054150718
102.96562393574018,30.93486351891182
102.97432217869971,30.849137704712778
102.80346020017173,30.765420650120937
102.72971656213696,30.818696840335342
102.764157908399,30.772607430359134
102.67716028573524,30.798488966801788
102.67110471567926,30.836142712441774
102.75181495973453,30.908221196388343
102.69082786876466,30.899736754106733
102.70041812229512,30.82775054756294
102.78829038034415,30.826339580968682
102.64240236564783,30.716357242610794
102.70833387562138,30.60232888837367
102.82521695770753,30.636646312387224
102.78513171487917,30.530350938275614
102.82765802868113,30.50706282120055
102.79901706647891,30.5166822373131
102.80220774637645,30.557277139050765
103.03463189453,30.616173097781758
103.07734519934648,30.71087078572303
102.98785047495794,30.71063943857015
102.89738228418855,30.715389834998604
102.88140941155008,30.745663257309175
102.72336778827116,30.726521360127308
102.65536181849004,30.756094088687924
102.59237893503759,30.711461134940045
102.54705438760921,30.756243159156714
102.64142030620611,30.64214229766096
102.58728770084625,30.71718959511113
102.55983905731496,30.78145004181154
102.53422705365645,30.649591616698082
102.56600730845432,30.737690489386058
102.61682461168428,30.825950751336425
102.7365502801121,30.797083718873363
102.73926695997302,30.868975401974062
102.72448564741785,30.85003157333168
102.70324629258721,30.886527809519187
102.6659727047689,30.849772504725337
102.68798174475248,30.879750268567943
102.79604211179141,30.900068251278316
102.74090505343028,30.81204984511325
102.66901484343023,30.797683218750155
102.55942493137003,30.759626467774112
102.6139310925915,30.773709292872322
102.51795321610919,30.57365019797204
102.56493229631674,30.592823653313086
102.43883366218792,30.53217047942857
102.39126651743575,30.224147573383853
102.4320226305874,30.032579947145177
102.43173349925712,29.92414484163424
102.37893993155352,29.91236135330917
102.49705892592281,29.899394863603895
102.52468418057641,29.979108520041788
102.54391043566693,29.917613916977434
102.56830199538459,29.83400155922485
102.60862875384898,29.873506686565065
102.61241014319616,29.87066301450228
102.55721882383136,29.95861887437499
102.60103046084053,29.95490253419845
102.6453764086179,29.979780382729764
102.68174458390344,29.944659964159257
102.68578475611237,29.923344446369363
102.68253638618897,29.936450792541375
102.62516313514736,29.948367555098475
102.50550653666009,29.905783472249894
102.43085931230813,29.92299333153434
102.5385148066552,29.893517689365467
102.61395548623888,29.93445568295669
102.66768145399692,29.942978506543774
102.56422636044361,29.961576522020447
102.39090835237766,29.723583772599653
102.4514555629613,29.786962521234933
102.41347738712253,29.978982197925113
102.30189425008683,29.969437959449145
102.3614404384668,29.896137566289784
102.43489900217443,29.91066894026998
102.40507220627445,29.792993134331812
102.55545236699874,29.68493562488678
102.69697069643765,29.677347255890133
102.71769313207766,29.630599919787993
102.53875418668856,29.702128718725938
102.32215276610052,29.825952931630432
102.33287905276589,29.88505841829547
102.40171361815554,30.007591014696313
102.33996227796536,29.931540544054755
102.42083895992842,30.00126660947005
102.33020144520927,29.989973899317203
102.3430463391948,30.001331184085867
102.40344680372013,30.033708303669215
102.33461016924507,29.835751853596435
102.49862924225613,29.968293703777487
102.4332049476566,29.968684091336687
102.32521879765326,30.069400841886345
102.33359081111814,29.971058772617695
102.29822992001377,29.91788930857413
102.4070148977333,29.925435667051456
102.35840828824658,29.8351561683825
102.34206053726739,29.86287761271543
102.35199117522478,29.953059545158233
102.34924512785945,29.94877715502033
102.29793252319422,29.994207276142173
102.37237593918957,29.998636163370172
102.36970057680213,30.012623599227926
102.31938266247796,29.95659204287578
102.39515455406486,30.101685211613713
102.50132503589852,30.250425606749626
102.46046425488338,30.240488525973593
102.48369934846819,30.283160633831347
102.65137841631818,30.295505261314894
102.63072711399478,30.18112095891501
102.53354732785357,30.16783597666956
102.65258525125006,30.194976456736804
102.67686671958745,30.286111379212176
102.69944916750514,30.306012535928947
102.46261821457401,30.25418874742371
102.3402771072809,30.192854175175782
102.36428563422915,30.125698909405298
102.3295219191332,29.949731057325316
102.3975595357926,30.10593301364891
102.2966605369327,29.98749512482716
102.40899867786457,29.95323927074803
102.29006447192104,29.903991285041133
102.28725775432481,29.895374544907938
102.3892981197865,30.13783757384579
102.41857640875095,30.157544128831386
102.4784905134069,30.199698071355417
102.43932317707002,30.22976461178876
102.54839678707835,30.26221755264784
102.50648035378622,30.13724121899048
102.3938156164894,30.157446588311334
102.46163728048775,30.148162833255547
102.45751778543722,30.20560138108699
102.48486678536263,30.309969609462975
102.51415767334065,30.29238723163804
102.43044133580653,30.390083455511814
102.44905455028005,30.0910910243881
102.50602567255373,30.148775775393375
102.69179440781754,30.241411775231022
102.50747508300587,30.102609144189625
102.60812157597948,29.99823247078658
102.40327595975795,29.96578596412757
102.42212980889008,30.068863239156883
102.65090296314929,30.103786664513514
102.62694989993642,30.168849518370166
102.55255151329588,30.235204826590948
102.49120478188617,30.20390723811957
102.68988025622498,30.22809057534458
102.34621511486284,30.09929140802186
102.34663467766086,30.17308439755698
102.30462967062871,30.122275056998426
102.31951403389525,30.12544289334063
102.3496841644711,30.171385673354823
102.44951216537397,30.067057195333017
102.3766171841094,29.963660756078543
102.34287100588774,30.08921124148667
102.46024072288795,30.161199866795744
102.51770133028454,30.086357162573023
102.58676666114599,29.967814210771095
102.51161335590137,30.17317054636836
102.52471913194063,30.149804957470906
102.68452985689882,30.296792135820095
102.72881548220154,30.380202253735927
102.65809865198796,30.442509281746176
104.30745410706565,32.59174531834703
104.21050189095702,32.58702322983764
104.21130738656541,32.737535123573295
104.2420680232498,32.65306534567882
104.35907548443127,32.7080293663247
104.40232159245923,32.533124945124754
104.41420290408331,32.56169111999905
104.36339167599174,32.64918895518764
104.34746304983514,32.740677490018165
104.47916022838201,32.95463302585689
104.44300843858738,32.95673189061778
104.44574318391993,32.94604934256448
104.51849935982821,32.85209101098547
104.37055965502122,32.85666725220794
104.6047520147051,32.826693428966216
104.62943497522569,32.85992944196897
104.32805206556087,32.81818368780483
104.34782338998662,32.82936552638734
104.34164863506516,32.970327669160355
104.38135207984683,32.94596651219242
104.2735011313165,33.0308646668103
104.2203937531381,32.91639958684886
104.32283012957852,32.833823294350516
104.29963620463441,32.89439558296965
104.38537870721326,32.9509106713655
104.36498339337437,32.97677779851477
104.4484362896257,32.95680400879278
104.37782825578519,32.89062499781679
104.38888849372961,32.94864681485587
104.42208025035937,32.87592339318421
104.32212778490806,32.86499699363779
104.25388514938255,32.66340565694376
104.33574313636383,32.52653789783654
104.32435859488636,32.553198174349
104.27085296128985,32.6019909625414
104.19120774058933,32.57670772882282
104.19868573072866,32.70906670391676
104.08641221488816,32.58189109895236
104.02714328919106,32.58256967700428
104.02621460197486,32.76205336639474
104.16670668697232,32.744642447101526
104.15122338185513,32.89953050973274
104.06994237622611,32.86038408579078
104.00587305940509,32.817765585583516
104.00495324476161,32.72944986177791
103.91898250957888,32.70966593021461
104.01380689626336,32.83567724255966
103.97046567976706,32.96708115222479
103.98935740164598,32.997236292172275
104.10172260451913,32.89253065876832
104.0010928818802,32.82556117920494
104.15922788973768,32.77065476073697
104.1430919391471,32.774148234396996
104.00026912759283,32.74783716759082
104.0612441779536,32.82830503217861
104.06614330224323,32.76756528467626
104.12706448912769,32.724360319583575
104.24413506934094,32.64096892826641
104.31085747475733,32.795107327341356
104.32480461391738,32.86794964737334
104.42095063462418,32.84050674325034
104.23099315117207,32.69671706168714
104.25934616473776,32.75663941661165
104.28932988669192,32.79292334616664
104.12152192966477,32.853251829722836
104.27580165328806,32.77021599695012
104.35471681039864,32.769793897662254
104.50775203800669,32.76798289517749
104.49551141551163,32.854012897265925
104.40776079201333,32.78478113472477
104.2402774206419,32.76078113082652
104.20212955393141,32.8990369263666
104.18872102703254,32.7103120443516
103.97015118068046,32.62129897480568
103.891507275123,32.4470291825552
104.1239472611295,32.56103360552237
104.05741919480778,32.270936453805035
104.08390000691891,32.233010747746626
104.12097856301462,32.25833570312919
104.04576156500343,32.396293311363884
103.93013991128689,32.45487007176018
103.86483323868836,32.37986787310804
103.94507205199717,32.309371315845006
103.83532242728839,32.198798697331036
103.9639537159044,32.29423022036765
104.01552817344182,32.38229963207449
104.19856363159226,32.343506028127386
104.17056393887337,32.29112842612981
104.13504471387019,32.26875497601389
104.18665532215704,32.264761080469825
104.1429197450422,32.40300734341538
104.1391173777616,32.60045396987273
104.23075865960433,32.59028639507477
104.07914570504677,32.597630063755574
104.03963496020829,32.75861213477909
103.98536078717005,32.774437411996516
103.94798533583342,32.80262309788794
103.92712738110731,32.75628889379025
103.89916806320407,32.61085594388964
104.05372496851017,32.74338664976633
104.09643579745071,32.8183691100548
104.04206015732575,32.720433464525456
104.10333690435746,32.67560854949951
103.99980403056739,32.67618305399452
103.99764848480362,32.65598146984201
104.0016646724246,32.69443422258299
104.09493269940545,32.606172603946035
104.32092380616616,32.59336042008017
104.42690633921033,32.745240197108146
104.32260540983945,32.72706642466089
104.33365293268042,32.765254394067604
104.23510853039251,32.76257978524803
104.40874970214405,32.62238820137161
104.43233072980622,32.69290742520689
104.3158596792137,32.65930445489473
104.28352478481438,32.74528405883089
104.33694567739936,32.69813482371969
104.49547311060411,32.62046382164587
104.5920040254064,32.645542770372096
104.56120282988789,32.46585426801169
104.54628364098518,32.55550958812385
104.37144935355221,32.58319935439394
104.42898392221808,32.57358162590404
104.41227212816636,32.63470864685795
104.45512819357141,32.62554100252355
104.4160167358846,32.61606161922801
104.48217311418794,32.52381312858935
104.49101665276828,32.495400646042135
104.43886325753276,32.640738002276095
104.4770894459423,32.62929528626405
104.49262422387457,32.583453918059725
104.29480281689065,32.66289041511289
104.19554164918097,32.80167265330753
104.25093316312581,32.66473241208439
104.31394588986855,32.55073899371832
104.16017325733281,32.62848318489868
104.25947839984991,32.538631975003256
104.21554945651178,32.63310518356066
104.23989871423093,32.73620230086336
104.06720972722646,32.910468291104145
104.11165423783139,32.80294488821788
104.04131336729517,32.824238455655205
103.94165147647465,32.82788874837762
103.92083875453193,32.87411383093765
104.0395629312446,32.75312899787524
104.14371544867305,32.73343109314032
104.16401278426295,32.892809487996864
104.25627307438397,32.82762155757735
104.32346926230275,32.61986437914774
104.26442745330628,32.59903910141909
104.14513546629952,32.635679546943905
103.97773078935074,32.67186579584173
103.88789881460362,32.6748467130508
103.97111899940207,32.382036073398694
103.94947968728218,32.25582145710516
103.97400086611836,32.25103883464325
103.92212887463108,32.29293364258758
103.91180831541823,32.336334287967645
103.94424028124024,32.26654820671719
104.02609817788165,32.25755666064483
103.85109663784708,32.228146240668515
103.85345122704238,32.23293596351584
103.9002207936566,32.12506345260817
103.85956739782931,32.05005643280777
104.03789095932923,32.08625417979021
104.0462385862974,32.018179861171596
103.8712138314612,32.03729246522689
103.78501526779894,32.03440514081427
103.8293527781319,32.12851399030371
104.0093294929426,32.077873415340314
103.90276487250985,32.16727504111905
103.92585699918786,32.1988240121415
103.82602318894904,32.273166600684625
103.86060500506235,32.2718488695927
103.88291198859456,32.375815189911414
104.01898161005239,32.4127995518894
104.01703242502249,32.40245470565462
104.08084605107904,32.31602201612807
103.96612175707914,32.13781332519314
104.01136378027854,32.33766500768735
103.95030033168764,32.338226361309864
104.03259517027969,32.24026533512611
103.9788148992302,32.230072122752254
104.04887662901739,32.251688277933766
104.18024151392684,32.20094727613995
104.25283435327533,32.22049015730411
104.3462704717668,32.309470648777044
104.33445541706945,32.21237614666169
104.39538417838702,32.27905519180655
104.2155539683117,32.30596326722909
104.22170082635114,32.27317211115329
104.23867404124542,32.22259170152874
104.27703130366109,32.232676610327175
104.34473021335695,32.30443319235987
104.43030046383161,32.30351276833375
104.36545848829323,32.28495119486752
104.29340429986267,32.2559181113727
104.3145019220739,32.30921538607821
104.23563644013879,32.34172914329369
104.29050749612323,32.32476372184435
104.22283883441723,32.244542456280286
104.37273420051149,32.279358459483376
104.3574085424114,32.303166472036224
104.18821080515617,32.21825313756261
104.16493301453504,32.225227984791346
104.16241252249489,32.22072675782597
104.01550409157257,32.18067530589412
104.11563733041312,32.2021264795726
104.08715224613977,32.20506851469679
104.24515031437204,32.178748857456405
104.25036025790261,32.13017110875636
104.08713777065081,32.224919279978444
104.10425317413818,32.20581956740955
104.19434323220835,32.13607426336162
104.2553615431305,32.099074050721036
104.2695846112535,32.17034293987382
104.15176169416843,32.15822809551991
104.05632673611566,31.968404419944665
104.1023133684948,32.015919643363844
104.06960272794913,32.11012474423519
104.15200273955023,32.187608815925884
104.00549820335203,32.19628597451022
103.95837314461698,32.195878888973965
103.88809880760608,32.390072193980345
103.86109736224677,32.310632205773764
103.9654886454349,32.32557475871211
103.90209726040945,32.41108649588829
103.89959193649979,32.295338834664804
103.88600436576613,32.242875088720446
103.83978749091021,32.13197236691521
103.82918443218973,32.09278814121315
103.92964513594174,32.24635962978568
103.96704083590888,32.12956109065857
103.97602096982762,32.150167701677375
103.92825371849763,32.03137184101168
103.93466409327046,32.128094540205
103.88322656028346,31.849251497034732
103.91401211499951,31.780525359984008
104.0295011099017,31.844802149073924
103.90374155499696,31.853188838751045
103.8283966139291,31.986503954910354
103.82269307519371,31.94959472204605
103.8295013597955,31.94579833985434
103.8434324776034,32.05291950610647
103.97800734341341,31.954726102213463
103.95991472219539,31.908873681424296
103.8085449240227,32.090740804109124
103.72109620090063,32.08430394320951
103.78452537541058,31.976578221235894
103.89328300125152,31.865738209990067
103.93703060960519,31.787623297846103
103.88411635920794,31.622243826898227
103.96359925795724,31.58506080709913
104.04500894658483,31.67372205561297
104.19049093813288,31.759947397105336
104.22243706572384,31.655667058610124
104.2229094499118,31.649322253901154
103.98607500289164,31.719382608684867
103.96269933890454,31.56042318044834
104.06440154619263,31.585136893162026
103.97346572021753,31.662723823097416
104.0355217719157,31.61051873828609
103.97414427736167,31.612714748332984
103.96497868279691,31.696240928057243
103.94759432382696,31.62050541374535
104.00544610726419,31.523993248743494
103.94943429505737,31.43445553116685
103.83565970526743,31.36468368931504
103.80658646913487,31.427866899140177
103.90426244285796,31.37035887845233
103.9768927568707,31.474856432869707
104.04529518272805,31.644328636237752
104.16560869597237,31.72152756467973
104.15778835737243,31.685630030196233
104.0871100530206,31.62133249536051
104.10411405481373,31.762919062473383
104.0205390534125,31.72507131023628
104.04968323474802,31.59683822257236
104.02678482803037,31.567684576177903
103.97963804327944,31.684961845771
103.97315550806998,31.678609091627326
104.0927867755685,31.655412934754214
104.13345960749035,31.639148302554823
104.08193959182537,31.71334006969723
104.0715822756843,31.676692689626496
