Longitude,Latitude
104.65798948899868,32.45903131899597
104.69078257450391,32.57620458584572
104.6182161275614,32.61188499791896
104.68897389948604,32.56422809328562
104.71763157273993,32.58797190561196
104.7811765054775,32.58087639273643
104.71792023715344,32.62265767707197
104.74758424943272,32.65147750422241
104.76875068218777,32.734009150035824
104.78995035046871,32.765048183536585
104.88862364158824,32.67260463065298
104.7923021436652,32.687485970211355
104.86015238021962,32.5764018019335
104.96944167060519,32.54792628649615
104.92312449979207,32.5674162819326
104.83460452354689,32.59954488980513
104.7643203734711,32.54994912171165
104.79644728798533,32.56844776146174
104.75940891199375,32.64075948397546
104.65800759833843,32.593840504186716
104.56247184174899,32.56725332423384
104.53390461476287,32.62553794084906
104.59377881992172,32.52925876995406
104.69202483357058,32.514847984129446
104.70867035942649,32.49611702064093
104.72304973494744,32.4731723100877
104.71940890305437,32.60871953600229
104.70484602910642,32.64355270752764
104.60246984663608,32.55360470349213
104.55908221201275,32.560472196689744
104.54878122976157,32.523967314742606
104.54708584740156,32.549287170905565
104.61177030694837,32.44074484681757
104.62014778994265,32.43166931509085
104.59262347392712,32.49491455568757
104.4230886539256,32.48708545280519
104.47049854588388,32.498259462676714
104.5066620703098,32.52126420447124
104.45109165817473,32.478343102530864
104.43961682606675,32.47836040732133
104.52502611491268,32.52791525459894
104.48449132478628,32.58201709029736
104.40712592829279,32.527304329232884
104.48019473377322,32.48300462907178
104.51520551692408,32.49853424554764
104.40022959384899,32.54788589910162
104.47903132897993,32.52442146932702
104.42500318561758,32.5364312568501
104.46155560254061,32.58446984217548
104.47458785903915,32.68991263793123
104.49247296590123,32.61147857110913
104.48283590263713,32.702937032860866
104.52217127912586,32.71782054798974
104.58408101925193,32.701605143707965
104.62949852786927,32.65877283498219
104.61234649253011,32.692191799240454
104.59994572062232,32.62381161262291
104.56995375166821,32.62134740141177
104.6072818842413,32.57820739419145
104.52217237261056,32.63347055188874
104.56149636344345,32.54797870466567
104.59395428484696,32.569869604043745
104.67046821105122,32.575447514481226
104.59153352843411,32.686055623209555
104.52111934554648,32.742299480457525
104.63049410996385,32.81858637567244
104.68763180891894,32.67564237582247
104.65028455394075,32.65842023576851
104.70527365081512,32.58754507844637
104.66313459681741,32.58145867428866
104.65264763940495,32.52525515398956
104.72993599784068,32.51708130271099
104.75121517582876,32.50060106476346
104.72122017685236,32.520004866236945
104.91118361542955,32.53212384534061
104.91071554412326,32.63191512101954
104.89762281229031,32.63329215893811
104.86307467608363,32.52343907490128
104.68740560394433,32.47570382882709
104.51779549317747,32.508154759741814
104.48256925784669,32.52171098070595
104.59564198185474,32.57881438746017
104.61312339886597,32.670407069163254
104.47310196164055,32.52849445476525
104.45756583760563,32.507524557304635
104.43900380331884,32.56597888346948
104.4778187447329,32.55088157821867
104.59775140782246,32.55303216099235
104.6380660484604,32.481991516507435
104.63048891872376,32.42359729062345
104.63716135399302,32.51394675213098
104.4741079371748,32.551852580257076
104.50919849175413,32.59759554268753
104.65341882811524,32.59462472645049
104.67669844837758,32.478406055047635
104.71678551034321,32.469343205924304
104.86235314835488,32.56828218218264
104.84345523392274,32.64681387182484
104.79274403997113,32.59695678161327
104.80752599550071,32.58874151993082
104.8027879291529,32.5680763072362
104.78789444357206,32.57415640359483
104.89242319572848,32.55517437603879
104.9415302200072,32.53722484661503
104.95459537103072,32.64310051299277
104.92087802617664,32.543965748759405
104.91671376867464,32.65391162471803
105.02144766447704,32.6639423363655
104.98041445556771,32.56286236166875
105.04755499227528,32.566968919449025
105.17905054969955,32.67895026073004
105.14567442956428,32.653209827115106
105.13001135833916,32.58536676430265
105.06113712124193,32.5702100800445
104.97763139174268,32.61648274115137
104.91984921530835,32.627722701848064
104.86073292153952,32.6245297812833
104.97802986035319,32.699813334596115
105.00493570350619,32.675454282195375
104.94190123609975,32.539597667549295
104.99825102578592,32.541256439549194
104.90773102445988,32.54022061781931
104.75838057960041,32.53321715637939
104.71246915657333,32.55588832610712
104.62610524910365,32.55420677777632
104.48549797761544,32.60939142232422
104.43785716157322,32.53289686938335
104.38286101378031,32.54795162456269
104.26099971235674,32.57257996649354
104.31725537637999,32.547072589311256
104.31492166637484,32.512177891712895
104.27401445727776,32.66402043260435
104.2167478081279,32.63648395955704
104.27260709970625,32.507602152170044
104.33102843011409,32.51231985783322
104.35658195193332,32.597122288120204
104.34097966698133,32.58455793284826
104.27298884993516,32.62755361148081
104.26994546377303,32.628385752866116
104.17575499472461,32.580203617132504
104.15725103530465,32.54491851013365
104.08084151085613,32.47844135723982
104.13321008714247,32.425785320737056
104.17195433943311,32.35759293556745
104.11171595875611,32.42605701052773
104.12558474021812,32.45391097524212
104.09622017803096,32.42048416571362
104.17643341427993,32.4479355754776
104.11601261114583,32.46434850759162
103.99600498027357,32.48400293281925
103.97022990739019,32.442435526350245
104.11350582559979,32.50748585468491
104.06232889292627,32.595478465283506
104.03018470961891,32.649751706219895
103.97617729210371,32.679500016175226
104.05474177417518,32.79370817165486
104.10881154281815,32.8215094791087
104.01538612034184,32.84051067948451
104.05970160558766,32.859254182380106
104.0830003045534,32.99507406058784
104.03898582711987,32.99353023951716
104.1355164556701,32.92818075637719
104.09680152422229,32.91711775830041
104.18617692809752,33.007472814003656
104.18604927143014,33.02213652395089
104.22213287880427,32.93077230465058
104.2205445589181,32.89292836459455
104.21131373747455,32.859160511334785
104.25318748579342,32.890851073374655
104.27312458538675,32.87820373416875
104.3336107409241,32.925046461353105
104.36273185607325,32.95701464928199
104.2874155060766,32.922656803963115
104.30373441354799,32.86321569203663
104.26324717635158,32.758092206936865
104.20535285245185,32.85839130426298
104.24904013567534,32.750762218694376
104.2334137728971,32.659488011300176
104.07392402565985,32.703863159454194
104.00536737194011,32.72753694936152
103.93271004535661,32.74406558096013
103.94556240297788,32.60343131350309
103.95657719448072,32.63088375995808
104.11307979402106,32.71499805182649
104.13069049686055,32.75656139080123
104.11661398017834,32.644136542213694
104.11513049057913,32.716652258203105
104.16688328106473,32.74847390999043
104.23933867192041,32.6784282840912
104.17278453262766,32.68707314688871
104.16282570608493,32.701741507504025
104.13549316754045,32.75024517799124
104.11225027197985,32.77936976716569
104.1002288166359,32.702596754561846
104.12114458109156,32.71142627613059
104.08426641926721,32.70795536302185
104.19520228756502,32.72761071425515
104.18830829067066,32.78981468858326
104.22724205615829,32.90431281014438
104.21677594415254,32.880980746312844
104.34986222457349,32.86319236383562
104.4754971392364,32.96057033969725
104.46981053384947,32.957988537622114
104.44837749200383,32.94554277544794
104.40446869598736,32.9667241997191
104.33729338207165,33.00381789027301
104.21002872330595,33.04793953523284
104.16554719714189,33.056451797324605
104.14137477283126,32.972592081422924
104.11530097179762,33.02500327348728
104.13236836412655,32.9985208800949
104.16039046927575,33.08435188692228
104.15743847132406,33.12190179314566
104.14898006709596,33.1222265036271
104.18319833743772,33.08711312304466
104.21365893849097,33.025708232355285
104.12256437349996,32.94234692643405
104.15699089484923,32.84560254624896
104.17741566627852,32.87368063628958
104.17741566627852,32.87368063628958
104.14639021787436,32.94100396735024
104.18021652508064,32.84430183040743
104.16724515234979,32.8316908168961
104.18387629826215,32.85485158100023
104.13544627658905,32.89609334109282
104.14797379781479,32.91397375161199
104.06645571474164,32.81281092263883
103.92019663277404,32.85820628113073
103.94015495036027,32.8481016902157
104.06099848341269,32.834535292568255
103.9877865928819,32.96856196448575
104.00128221603897,32.81148954096921
103.9093234147832,32.80586425507252
103.97200097853359,32.77693778591894
103.9807255011646,32.78612107728763
103.97942504523134,32.80646231306422
103.92643714786423,32.780045292727756
103.92314418530232,32.78205859253085
103.91198780569289,32.86493245982873
103.96741723795621,32.90280488276561
103.98515706712361,32.9307527213166
103.96337019622838,32.95781841607177
104.01005296155535,32.89668843923748
104.12895606472127,32.84473565137403
104.04043730698048,32.78194369054428
103.98546036164456,32.81785326427806
103.92428942379235,32.7122167468037
103.85872760114455,32.66937469096161
103.89405557114488,32.68610591152277
103.91808527183952,32.702261661817275
103.83277600055547,32.46532559756215
103.8631626244366,32.54802050821541
103.81165896068434,32.58464811777977
103.79675468919642,32.54267999546961
103.88841466755929,32.46936036419411
103.87205365939668,32.38748115533924
103.95068254021494,32.42224601565371
103.90938658688361,32.335940276793046
103.9517373956585,32.24167512338128
104.04497139326975,32.039016635491755
103.91179421837239,32.114007779357166
103.83003932658805,32.13201120389198
103.84012784044691,32.131691098783485
103.92358417725534,32.12296509086301
104.18015662745526,32.24313015441842
104.08586443971024,32.15843392645596
103.97894113816317,32.22280792808975
103.89745245904442,32.21483364706564
103.91552767299804,32.16034765490313
103.92250958735634,32.24714805722604
103.99874502562987,32.1400716687481
104.04708454884813,32.14015533448847
104.06667933000743,32.2294242623736
104.0550195888355,32.15858270868749
104.0720398518803,32.11293875977594
104.20398427185543,32.22476195812383
104.19879323759953,32.191110503614695
104.31515099369311,32.2025663916745
104.31485965972682,32.26278342553445
104.33543661146828,32.312473878197686
104.31394640716245,32.30301980802417
104.2646359783755,32.261174119667245
104.32895957449657,32.3004306617393
104.33198440420841,32.286041027108794
104.43850262462595,32.284171627732
104.43086840395193,32.30530895331753
104.40993514788886,32.3014561658976
104.40370161818419,32.32759239895378
104.29344917971639,32.30417362694359
104.33492762912276,32.187165105902665
104.23853378328347,32.17583931643839
104.10112878401418,32.30816862045557
103.97434397793917,32.1414360499415
103.95052701407815,32.13662283323985
103.97930013600084,32.06938161769655
103.87898045020991,32.014907551365475
103.78425483025512,32.06772111611668
103.86025519843726,32.098003148334456
103.82969270750584,32.10689180699942
103.81293305691013,32.10939621020382
103.8682943326168,32.027971692739314
103.79563735647768,32.052573455274924
103.77185382014454,32.04978649628329
103.80538804454129,32.063503134432516
103.76586822112895,31.913661102288085
103.71075301635966,31.8574008773623
103.75895071661019,31.86495026717157
103.86751947564998,31.966323679703812
103.83452281139644,31.958427404334362
103.81273702003705,31.999016461439513
103.8491053225346,31.92238789498733
103.8961652913725,32.00252054371385
103.98489262931581,32.02195021779432
103.94329873416251,32.072068158562544
103.99961067729622,32.02994473794793
103.99333248999753,32.02011262364907
104.02235573011845,32.0529118931143
104.02891723067687,31.974370465585967
104.00767095216018,31.965937388041393
103.79526510206148,32.06792896099076
103.77436119591998,32.08861354762782
103.81744767810386,31.986990255745916
103.76767245032,32.01183271421548
103.72961506412611,32.010681686690624
103.69693634333605,31.97353158962695
103.70690731804316,31.96829560237616
103.68266197904363,31.9959350988249
103.68282730179574,31.994460859432714
103.82637660694526,31.96892745895151
103.83207710072642,31.91337985737478
103.86778448088509,31.98697194212516
103.96217827458203,31.95550000551112
103.84498492427801,31.941890647006765
103.87486433298307,31.94385253237616
103.9003639970396,31.89837620166137
104.05738237638113,31.962326661055858
104.02523377739824,32.15969280005528
104.0649768705275,32.192902063286986
104.09516917626848,32.12046148227892
104.09560329140322,32.175792337473354
104.1561142601452,32.284546988282656
104.25133521311596,32.335543593117535
104.23026797493728,32.343661725922956
104.17601042479248,32.16762286115115
104.07807037795277,32.34272367211149
104.24892104327093,32.263221165595034
104.21550714794509,32.23751587050941
103.9876314910177,32.09002159620414
104.09650214257262,32.114688591918245
103.99636930384423,32.198630391977495
103.98951489825043,32.12574381720247
104.01642977855997,32.14972794069503
103.90841363615303,32.03856902721587
103.9494535362098,32.14151447863355
103.81268262176123,32.27069311172925
103.82917478560115,32.28073383794421
103.90041563598409,32.3693727146628
103.9735100395522,32.42589833489301
104.1531361927908,32.452642508482235
104.10760650062622,32.404690540986785
104.11071851068775,32.332111450945746
104.01588350874066,32.308595805125364
104.01220244048534,32.262311758904595
104.05066080799345,32.28528442614529
103.8997322278849,32.26724093485783
104.04089967879334,32.21117196433447
104.01318224975928,32.19532808980358
104.06354561701018,32.20779604188742
104.108807983261,32.17303180990956
104.1828901993481,32.27265265538605
104.24595880911922,32.15233725975404
104.19800818790719,32.1712180132854
104.20586233311785,32.18630956545136
104.19445486091368,32.191329419637576
104.22990650534432,32.16383268199955
104.35632162371672,32.05621531655682
104.34629499338178,32.08735763513141
104.35914528415651,32.10447080568448
104.39857703167401,32.11610102307322
104.41736735193527,32.12258326853455
104.38179575923658,32.05715346876037
104.32207383864018,32.10535094765234
104.21771578935908,32.11732678951546
104.26363043597961,32.114412650409385
104.28450740548085,32.11707439559419
104.3690256305115,32.124008169563496
104.33021836818811,32.16347773450614
104.24511603944741,32.226932385411104
104.31275348817098,32.238430586286945
104.26607324854373,32.21819407244215
104.33955741972375,32.29907186542274
104.25272518797333,32.220122252156095
104.22886451836158,32.21543640850821
104.38541696338972,32.097790955872064
104.29638921471155,32.113389990057286
104.27756593390515,32.137097390389556
104.21802095796248,32.20432853268386
104.29754050706283,32.19471847902078
104.27747012817389,32.30104457939684
104.08909034915222,32.33122952474487
103.9804942919471,32.39854820141477
104.03234369963423,32.45161968930345
104.0617543652762,32.49495605338658
104.0544403534099,32.361316253320894
104.05387942758688,32.33449285669598
104.08233186490092,32.43982052085365
104.12303493006522,32.49885383573506
104.13786471790011,32.49070251573791
104.1074281282943,32.47283992847984
104.06548048359838,32.49708659106537
103.92360048323182,32.57053043409549
104.01085069274846,32.57423535686874
104.06016661869846,32.592115613778816
103.93115402705557,32.59650619719617
103.9579003891001,32.62920202187264
104.04414509368702,32.64440844012649
104.04129194408402,32.57237315477378
104.16423968675761,32.53550953571285
104.12683292553585,32.56337613386913
104.0995329267129,32.68683959354503
104.04912455854998,32.66169692497289
104.123612502226,32.5961188563801
104.15018589272202,32.590435723755384
104.29273670770026,32.61910196867556
104.32817277431224,32.586123075290885
104.25317936390243,32.52177558324373
104.29691090423191,32.555942548500184
104.19786439453239,32.573855658940815
104.16309406623597,32.621936491227004
104.25016863908688,32.67034070261022
104.22085185440233,32.6272200518293
104.41218137000531,32.614730568503646
104.3926923621328,32.50481919553353
104.4971142024992,32.566185322391675
104.47425169546274,32.47708565369984
104.61594163020973,32.4473829918782
104.66692993384463,32.44081765254265
104.71843764399927,32.514450346120015
104.68564275970355,32.45331271352249
104.66878743986243,32.46054587777606
104.64685666013897,32.48478723187749
104.64150073263872,32.54663208467886
104.71181672820919,32.53817131432206
104.62778687889805,32.63418710903909
104.63916091878053,32.72794667109447
104.6447134136847,32.7265955286418
104.76868132291712,32.65302534743689
104.73252992609343,32.53671411615271
104.7213040819102,32.511542717589336
104.59237205580143,32.44636057633636
104.57016787701615,32.46442562523536
104.58971065598297,32.559401237381195
104.58509541375885,32.49880425249996
104.54986205264122,32.5145858642271
104.55417436577753,32.54364558458308
104.51515417128053,32.6167720093698
104.53742748826079,32.62540761122168
104.53039417918724,32.617049060049936
104.52854571423588,32.636184350197965
104.57312979537052,32.635501038114114
104.52518543627268,32.77358662130559
104.44661108599372,32.827966223733924
104.39139563348932,32.820480559018385
104.45931890274268,32.77718202911199
104.3667097761182,32.841537052879175
104.39954038824568,32.87662899957565
104.4175989280442,32.90270286908395
104.36961045037835,32.85872076037893
104.43230248552317,32.91182367141764
104.26623879432188,32.8218758734479
104.31629007797811,32.7911952757714
104.23030995148443,32.815920379150974
104.19291085015587,32.80211399986496
104.01984570229969,32.79503126343718
104.01802521720334,32.86263360637161
103.92147334932373,32.73903238016234
104.00068721418033,32.85542154413942
103.9894263541962,32.799738734259186
103.97795713521455,32.79861928722213
103.92715287015555,32.798779719191685
103.9353250774022,32.9106080073587
103.95267791887403,32.89697147074064
103.9762336589999,32.86421397350497
103.95970941008525,32.87737755251452
103.9731392875473,32.85515682844251
104.10600250157418,32.8931002857446
104.16772492974685,32.846345648728715
104.25522767187245,32.80487282901676
104.37184468331364,32.693899692166084
104.44744593532235,32.72016327672168
104.30044650184259,32.51085179357367
104.3367633060182,32.52392317529938
104.30110054916605,32.58068503978429
104.3134271821758,32.603115036871266
104.41329939950565,32.74850924937423
104.49381819517707,32.742657733597895
104.41572570076428,32.72980268165871
104.3677284698813,32.56594747403176
104.20136278365068,32.5750350484635
104.2757633647832,32.64508085589699
104.26911830140334,32.547580561267466
104.28609525740971,32.54284707272436
104.28268319492142,32.5816788821724
104.35646620105908,32.532512489599874
104.38187037990386,32.52387586851783
104.3333433556964,32.54797771899291
104.29083577143112,32.54339985780873
104.2852692409042,32.60418795198774
104.33654786517545,32.560016647391336
104.29777178225449,32.54794135001845
104.21469592293055,32.57356991367344
104.24409381254858,32.630842068954294
104.31941644201146,32.56073539578062
104.32649681650055,32.54259209417663
104.37671372249048,32.525492503239974
104.37967318256848,32.6208066114602
104.43071769377357,32.69423983645499
104.37907808142144,32.63824790804269
104.33759953728914,32.65788610521253
104.29649793067452,32.641261111931534
104.32082317693603,32.750466943553526
104.38476449376562,32.79664376645355
104.39146828000419,32.80306110244314
104.39792942465506,32.95309941154045
104.33053593652774,32.936761601570495
104.28844018446031,32.96141875331052
104.23715390614427,32.864481371625324
104.20074525526302,32.871231571653986
104.16475678080789,32.87352263032566
104.1450524707046,32.85233301833378
104.1450524707046,32.85233301833378
104.07194842384406,32.88487019786396
104.08643428774685,32.89921929856241
104.09859414659638,32.9461666450282
104.04621717871436,32.981902637502046
104.11228619388409,33.00360057522761
104.15202362853121,32.91444819894214
104.16742444883981,32.914039201197745
104.15768341583258,32.92214421795147
103.95843684736337,32.782042503356166
103.92929396847626,32.79781447665444
103.99306644965787,32.80286177989944
104.00283101657874,32.65799619809346
103.88401056511024,32.62011331551093
103.91205129573495,32.54192226128241
103.87666578087142,32.491755496596205
103.925766531617,32.48809005954628
103.84481677701669,32.561681616396704
103.87379388757101,32.47063352105957
103.93691489219245,32.61040224415223
103.95514430492567,32.59458047015835
103.96284672544245,32.613137003451435
103.93921373737408,32.64581201629658
103.93814227200833,32.77627169798057
103.93033853642808,32.84076277957818
103.92095151581826,32.863239263959194
103.9855117680061,32.75100080419237
103.96382195332308,32.69150723282625
104.02203150554863,32.730053018980556
103.98684573153908,32.71299647909398
103.91671090195254,32.74651329096039
103.99609256785199,32.65790607282314
104.00699295624098,32.77017497743043
104.01607272582122,32.761135829639166
104.12072167580708,32.85122334433993
104.08273910060585,32.99259021506006
104.0970905658259,32.947011136904294
104.08063792864009,33.04538832517557
104.02982415180695,33.02034665520051
103.9972814719537,32.94869251821984
104.01899532318114,32.950061663581316
104.01127147373629,32.24877198689475
103.8961082932181,32.171618731347245
103.89269292598051,32.269612215322745
103.88167251758458,32.38366020397924
103.8363692530538,32.18662311485491
103.84815291160669,32.10811361883902
103.8791445927734,32.158911082646895
103.90847630072551,32.20590251471433
103.88712412286618,32.30623219967624
103.96210612208644,32.383153222612314
103.98602828022099,32.44388638029835
103.96821264035545,32.41110543905705
104.0220696398832,32.38515076994305
104.01006680228663,32.33302587063874
104.04532253080036,32.31138053500057
103.9513599973098,32.40868871617326
103.99008104788058,32.33396792038232
103.994583310053,32.33988368581692
103.98342761206386,32.49075065823157
103.97901179943982,32.537884044860576
103.92314429387805,32.62312847953062
103.87380730077912,32.618533137365596
103.84204250786574,32.6485455943875
103.86093402661713,32.62655746646961
103.86782201677772,32.563661697620574
103.87470065657436,32.53994364379632
103.94566660723383,32.606218171120695
103.97721033789917,32.58825462730662
103.94952172909285,32.57577608167187
103.96084876613008,32.61772302459421
103.98107528378549,32.68359988962125
103.91491286957636,32.722771118953865
104.03006538998739,32.79995251486555
104.12425433673887,32.77093496069422
104.01864226466817,32.621364952883425
103.89243540543703,32.718076474320384
103.85712846685163,32.57566762115848
103.8879107828251,32.62768740875719
103.90949108822892,32.56795084488428
103.86153457824878,32.55941025499921
103.89631892243122,32.65375059645722
103.9173930397414,32.5453138067846
103.8757062090808,32.52997496955807
103.83237811627839,32.52007445925728
103.85490170832254,32.45264253485024
103.82655645420883,32.42891647225246
103.85986061540397,32.32913534802383
103.84772552233214,32.31029565653188
103.81960909723675,32.28244061076092
103.85923179647223,32.23011514907282
103.85282780578169,32.23682383674805
103.87973059924605,32.31210006645155
103.86364437997383,32.298707615550725
103.87159442602123,32.30255439115955
103.90573374643087,32.26373457261604
104.03963888999388,32.425103932284316
104.13631437723748,32.4846879004905
104.10789541581836,32.429550720518996
104.16117657700397,32.45242514850169
104.11953032818776,32.35790911806163
104.20246349795303,32.34818849495916
104.21966968811613,32.33765393915652
104.18954540017239,32.353795834961396
104.17898848971409,32.33216241788282
104.07782420442457,32.17334193297729
104.01634894434514,32.066587639791834
104.10982438397869,32.05875087005788
104.09615576819044,32.13431225536243
104.1491415820221,32.223236263609564
104.0522682636072,32.168843283455416
103.9968849605651,32.1421830420692
104.03075154750174,32.257875600153206
104.04549904432484,32.24025564183044
104.0216393265841,32.29595165875959
103.93093852970567,32.444761371016575
104.02502077105737,32.41653946928913
104.08611737280734,32.33896266858026
103.98057098854,32.27641119775422
104.05137598409885,32.32123226610902
104.01666404043664,32.32796521195609
103.9780327329216,32.30445851325742
103.9210110906595,32.406843362740354
103.84739131009903,32.50525429584305
103.83188094922339,32.54987911762415
103.80125958035171,32.558045155982995
103.80991138166564,32.57709676871425
103.910705074157,32.513929376599854
103.93751828352453,32.558921793056314
103.91737779535893,32.50126418065848
103.90564912138029,32.49793826306146
103.9562145467703,32.48238687396202
103.8205390355906,32.53405449668855
103.88084866766275,32.509511950961425
103.91189806033121,32.45244681351381
103.90091793348282,32.51378671795269
104.04789784302878,32.485716903554554
104.16237024113914,32.59404629471795
104.14195911082085,32.63203156459865
104.18945737394868,32.638754168624104
104.16023148683679,32.664218543993734
104.17189556148115,32.665120349420604
104.21017260106815,32.61235593088579
104.04678056559054,32.58473402704084
104.11643206264183,32.63213408617856
104.16814563313409,32.61036832620504
104.21848124701685,32.64709681260118
104.2485292252544,32.605515632903135
104.21296910643686,32.64815685867031
104.22873425151676,32.733650388989616
104.2356382114068,32.77978583859111
104.21979775369853,32.802927718937006
104.17941118330337,32.82064518581406
104.21428660386619,32.75441318177977
104.1805189625386,32.61685046675093
104.25820510172822,32.60287911812512
104.33469124387274,32.57463649569603
104.28525366145534,32.54282450153846
104.26534719355938,32.53935766394142
104.32953554084953,32.6945489353782
104.3246076386968,32.87364870475392
104.31737007376815,32.88254758140032
104.33149730422276,32.96793694998505
104.37345141894899,32.91073960916306
104.30663703451677,32.92050213616369
104.22270453895727,32.95644655554808
104.21251044076318,32.800251653433364
104.21646561569722,32.767833431624126
104.1887336427457,32.82396797205394
104.17688130865899,32.84217433377699
104.21760620960119,32.90485449855126
104.32706802511377,32.84315743549487
104.32474514079557,32.9337857313736
104.29867670188344,33.01892220795261
104.31814984088436,33.02842287849196
104.354477717633,32.96925734928347
104.37973718419074,32.895806766783984
104.34566755707452,32.906204387014355
104.46240221820067,32.94923595788208
104.49376559020084,32.76886625928085
104.5029424781619,32.81802319086276
104.58658973979453,32.708093448577166
104.5154973362775,32.79391119036596
104.43194326103999,32.721244476960166
104.45453651578651,32.685781357624585
104.43636064050271,32.79479231374571
104.34310672591607,32.791551373796565
104.37724302926921,32.73820222524288
104.28681638531994,32.820030661052705
104.36485168430234,32.89087405546558
104.31851792905998,32.908103918905496
104.2685473513611,32.99445949519205
104.17008496416278,32.9350369169504
104.19171139704974,33.08962057667433
104.24070117590553,33.04655341025693
104.31032142598212,33.02498907372117
104.30143751441972,32.98063745439819
104.20347473420958,33.007475483251476
104.26142518895423,33.02609795923041
104.25982483717215,33.05486073364959
104.28996337934157,32.984989082000915
104.34386169991944,32.93003357891827
104.43055023223606,32.95014452181926
104.60685219802365,32.854381976954336
104.60713061100768,32.76233750450715
104.60771578406367,32.59124847965836
104.63358773146189,32.57351180610489
104.62688890586514,32.42545055746523
104.56765270073778,32.465191034789484
104.65533410773537,32.46853794946113
104.56134901355426,32.43554392242232
104.55128259946687,32.477643146745415
104.53432886780298,32.54455501216361
104.48309413789231,32.518123118946946
104.52822627109055,32.57643467539468
104.38453448250776,32.610497470841835
104.33599795274439,32.70339788985461
104.4413616342247,32.73124345919
104.24969763466788,32.7556905563763
104.24329690011092,32.81245796584947
104.26595015132769,32.724363572440055
104.25007080462903,32.85820173849638
104.18281404239184,32.90164339000141
104.29594991637468,32.840441857877686
104.36108929701547,32.7781956638533
104.33687201395207,32.6267206864909
104.3365026138632,32.56573546310394
104.40444404118468,32.634587993171834
104.39852832782722,32.5196015219076
104.43807514583116,32.62887786114025
104.42951520978919,32.65866851113692
104.21208144865928,32.671088941659825
104.08345013543241,32.63980277243938
104.0856444591172,32.687415508491604
103.94169680799983,32.6729666205861
103.94521807347155,32.702304000279
103.90855067813452,32.70522664877023
103.96555114096745,32.7555757161041
103.91340790645,32.801356844528605
103.95931134407289,32.873269959953426
104.00341464252851,32.81610161466193
104.02684625863945,32.725863973213784
103.91624050143078,32.70043742656875
103.9177089283976,32.74662875304143
103.91726567070171,32.82231913268764
103.91492083035189,32.82879213701627
103.96137122382758,32.85654851387073
104.05432867500318,32.81222894042288
104.05231511318784,32.72440181124123
104.05381697112405,32.615947771709095
104.08046962708089,32.59558171566143
104.04463135468835,32.581019330296584
103.94057575254259,32.6275736922209
104.09613918704295,32.716283956325086
104.08026703257674,32.63706670914805
104.05215032335168,32.70693596566148
104.07579788174768,32.63708649607212
104.11619511963343,32.59886399380914
104.13655653392472,32.7114849779029
104.17035858455237,32.72907581573288
104.1006437705816,32.81791588173073
104.15876775390943,32.61081985991293
104.15697467258913,32.618754553391234
104.05065660947614,32.60228578704329
104.04290100437305,32.65326719923031
104.12544043850757,32.65237362150249
104.11572453772604,32.687016949792195
104.13055932668972,32.6117471786626
104.0259379507029,32.569485139645536
104.01881723878444,32.590478120994206
103.93429523531105,32.514747559707004
103.8723883653833,32.54837532080064
103.90386689633057,32.61894654473142
103.89614946333042,32.56334391126086
103.92312267800754,32.583738010714164
103.86685680514621,32.58780118365823
103.8366949205134,32.577640191675506
103.90146733130472,32.48218599983643
103.9215275572228,32.53576745945755
103.8236811953053,32.54259810939913
103.82941501810068,32.55248134872556
103.87046032881106,32.541176756705106
103.85770379074674,32.607241010373755
103.87807002720916,32.622262384651386
103.83612447447462,32.60956425284631
103.79222213126032,32.5482199333479
103.81756340225886,32.575270375350456
103.88716388414974,32.56528218628734
103.94984239066908,32.67193896379157
103.94386521477045,32.75607416572498
103.88917263151954,32.69942919965338
103.82957854751375,32.561377459147884
103.81513950923805,32.503692689046886
103.8106963938107,32.48455184876032
103.8578064120345,32.468716545134065
103.87198824317386,32.48080100623075
103.9458062582228,32.47404782086693
103.87703410167697,32.40741320773507
104.09727566519545,32.50640703463174
103.97555798089378,32.549767652703416
103.93700914695852,32.63690866885208
103.93700914695852,32.63690866885208
103.8257034542633,32.65266281865594
103.85492826254311,32.63226774500747
103.86664817884214,32.60695137023616
103.82642920716152,32.53472788886325
103.81831972720437,32.592141606207264
103.82226938537225,32.626729200741984
103.86784184478284,32.585044362564204
103.89944913644683,32.60192866960196
103.94906430125486,32.64151593093341
103.98852179739089,32.52290002672384
104.0348690411484,32.5209842582871
104.12261937109966,32.72114051842084
103.99795628054167,32.65460333595217
103.95757519020057,32.61903051154553
104.01994444659331,32.57313615693965
103.98239384597585,32.64178792776901
104.0796954030939,32.5035452942908
104.12953937582364,32.52733942330807
103.92517818052622,32.509430353189394
103.91466020201271,32.47127590310801
103.94233650416975,32.44761551078505
103.89311175052218,32.31700382201151
103.87252580984843,32.38669409605399
103.8536656620022,32.4650240831022
104.00378876638266,32.52820478746078
104.1612358707704,32.437590410744434
104.15243810696799,32.454596063821484
104.18173095007987,32.362254733884086
104.05497914699404,32.318500621845615
104.10412614522423,32.30232643547262
104.12305081612296,32.300741016395
104.08328536412215,32.32984858909221
104.14252417167857,32.38697687171622
104.21247872364255,32.32030891704533
104.22810958160436,32.35181036677728
104.22810958160436,32.35181036677728
104.25620387308983,32.33048936474114
104.24206637979063,32.3264459359021
104.2937058773672,32.240070333393795
104.34812638665518,32.2975483679957
104.21387744369245,32.31253915794969
104.21524824421364,32.22506885047861
104.22390316712762,32.16814846790804
104.27141696899244,32.178072643409536
104.25301913513869,32.117684186770774
104.22720212463204,32.07586105494672
104.26720954666314,32.140017801722074
104.2161989374653,32.11338698146103
104.27647024211817,32.091321837409055
104.32827050376467,32.0749278656747
104.30931550688192,32.133380026244566
104.30049072073403,32.164605045204965
104.33114694448618,32.1053331319759
104.32449737144805,32.10288089939411
104.33345039302068,32.10649328670497
104.357018710421,32.11646961763494
104.2980492682263,32.069124428271124
104.24506970932728,32.074652651799454
104.26597927782196,32.07346540937939
104.18467019693382,32.21926446661961
104.04584211619144,32.211441834884
104.07561637463411,32.305103492357766
104.13465041798042,32.412609349787346
104.15395796090273,32.39370697932073
104.13692617243903,32.46674012832154
104.13157742257987,32.39456581684718
104.12464274559544,32.23728868976245
104.15232748743205,32.352375167732355
104.20340048518091,32.229831384524815
104.24680831811281,32.24595378373335
104.25532994699883,32.15641349955137
104.2310327288854,32.21594806276517
104.17550518396128,32.25365342376427
104.10296307715288,32.368435046728884
104.1339708104956,32.31008668344932
104.14436014965294,32.20858200555037
104.01975833896924,32.24068322268041
104.14339524841435,32.20290778800219
104.17994174854667,32.22596089890073
104.24800015687252,32.30980572191208
104.19548938317166,32.32374953970211
104.28870765691768,32.30914185479438
104.33511067599265,32.28512249367953
104.25929782055,32.23612177655371
104.23374440630903,32.27128805391224
104.15283735417079,32.17139364194964
103.99789671545108,32.21372693093795
104.01778655491442,32.19350183335205
103.9342677649508,31.980385002982917
103.87619641369149,31.953291356823602
103.79649507428245,31.947905445846082
103.69642402398304,31.990376731982156
103.87944993583774,31.86560760679274
103.91540091107792,31.853266187351327
103.87967699617685,31.864592397142065
103.84030774038976,31.743126252015635
103.95344929403394,31.84104945809132
103.98718758315461,31.90830218560439
103.98024518636498,31.94660702972098
104.05310069197336,32.01976190974705
104.09754988021635,32.06530352375976
104.0459967580146,32.05622509881204
104.07003468897773,32.045159768105776
104.08554569485989,32.080520137851344
104.10432345442604,32.04816610814211
104.03745584390475,32.08668114049566
104.0911848485459,32.001615835285314
104.07399614006239,32.06792913240836
103.895585878646,32.11313234491378
103.92443855975067,32.04696506883077
103.90349653679915,31.926795177463326
103.84886486022356,31.847682374233873
103.78178370818269,31.83169927104473
103.86347531257957,31.822925478211502
103.89362212418816,31.790083297846294
103.86462211223648,31.788751363128412
103.8684437664663,31.819071709471128
103.93718981431043,31.704114271548843
103.96907378383322,31.635305859736068
104.00371804506985,31.603295225861725
104.10406563628311,31.6700190853434
104.10498490013936,31.596044201359746
104.1363520825814,31.629190046003863
103.99498279933384,31.585397553373713
103.9646645677432,31.588366568020472
103.97633667489099,31.677274793924774
103.91085625230727,31.76107817599472
103.98497068948936,31.639144575989285
104.01615669995853,31.56284605477514
104.05546999890119,31.473869378528125
104.06467940285174,31.442471897275023
103.96625712510965,31.49376600594751
103.82061369439644,31.490247578115873
103.89097744512975,31.48267857637455
103.84217596922376,31.43339099569506
103.67903230856528,31.352365260801545
103.71746990336621,31.344062891329635
103.75451932837642,31.378941209634966
103.7885261895468,31.295125572446686
103.66787402101714,31.33082820951812
103.62947701633048,31.274988076085542
103.60778995669183,31.291232906350672
103.54858913554223,31.25146494007178
103.55666351246008,31.227748399173603
103.62152794915814,31.165690902928347
103.70489131018121,31.22658774730426
103.76635621196266,31.349089748304518
103.85298845631574,31.355810184543508
103.85439607588563,31.395620472303534
103.84982071178304,31.405129406211515
103.89141505483708,31.479677593195014
103.92488088089615,31.428847825588377
103.79100882447467,31.341361900202358
103.84578057310603,31.347138916145827
103.8082400859917,31.485759157216393
103.78709591513365,31.53613936971
103.85793558495853,31.621988646666033
103.87104282182023,31.63004940917553
103.94520774088858,31.57558285605188
104.02929551755966,31.574117486371115
104.00128423209735,31.561561994540742
103.8959503740298,31.611014003804307
103.982047368543,31.604680911058047
104.05115485980096,31.53505368153179
103.98888401722841,31.54153734052591
103.90488300792936,31.538897889154807
103.99368592006064,31.62646184839988
103.9880550316186,31.566749706349416
103.96528466437462,31.54964673621146
103.8844266838184,31.534630790740238
103.89313406735957,31.481194407145267
103.81943952747447,31.543024568156753
103.89284894356746,31.55187164835011
103.9028311966032,31.608109531186795
103.95939989556261,31.650026060827813
104.05826033125335,31.681630111904116
104.03335121861429,31.705611768203926
103.97677474867527,31.659971659954607
104.0400036289278,31.60637831266972
103.872258889937,31.669303885425396
103.83490866668771,31.545644644461845
103.88842865682204,31.51488287505821
103.87203717571336,31.470138570251716
103.85312503834817,31.45759776345714
103.95176869793066,31.488954453619627
103.98067454853273,31.538723288027565
104.03951941097067,31.59326203730191
104.03767800467828,31.649141017196587
103.99034628023458,31.564907388182917
103.88322033310986,31.630999007373543
103.83109371943152,31.613501182037425
103.81971696794268,31.585666011160622
103.84659699585349,31.53974654613102
103.79379876004735,31.549993970235427
103.8765737298469,31.45382232915679
103.8921645535145,31.399509363587228
103.894622932619,31.351366069588313
103.86974146205775,31.383666299329416
103.81820791821352,31.32263932087792
103.80644598813132,31.411883447515397
103.80246198954431,31.41208354578594
103.88712799211511,31.37192616481264
103.9097051657721,31.448891868101573
103.88674875535769,31.543209770230227
103.97680586238755,31.517000465527765
103.90820702363024,31.525463163081938
103.96056172987525,31.600267987153313
103.95415964032847,31.549933917017313
103.96011371002842,31.57986543045705
103.96709895486303,31.499456504412912
103.88461094045621,31.510906024928968
103.89103328498292,31.52530429527801
103.86444570180626,31.624527653566698
103.84752649966936,31.580156102015152
103.7931404256083,31.576370486879046
103.84818608325621,31.367149467224568
103.85111327476383,31.37667345490656
103.84093440290032,31.333238257948597
103.87336791629046,31.358236267551412
103.80833003221544,31.36918697426968
103.86522918833855,31.335488302831575
103.93021720549415,31.362569866218287
103.94122690234468,31.34178840256799
103.92523760380948,31.351203690792836
103.9746543346671,31.372475431826572
104.05050938183162,31.4507452249473
104.08592504841812,31.455606953164143
104.0886708444041,31.464106112711086
104.04401990795722,31.44063909883156
104.04073873610082,31.483088331237283
104.02962160117828,31.43989200271611
104.07060985490962,31.426936069887333
104.03033298271697,31.493624636226347
104.06920204417335,31.53977651618491
104.0665552374334,31.479494417826015
104.03837398326903,31.5178428970773
104.02779243746832,31.48888880747527
103.88061819937917,31.583409800118076
103.8264838101732,31.59560661951976
103.8264838101732,31.59560661951976
103.79690504720365,31.562459356915028
104.00902345694315,31.577444826990373
103.92497453370295,31.662571134798814
103.92807523125363,31.676081857362668
103.87284531851593,31.616075710492186
103.85294980691057,31.554801341395088
103.85417633717073,31.579746123294314
103.84489147860117,31.56724821682259
103.87206314952492,31.564834791401704
104.01606630078534,31.674271562983062
103.95024929558052,31.574775651743348
103.94872578428685,31.612697589491006
103.90994727477893,31.75048980336451
103.89875158634553,31.78695501864212
103.91272274158258,31.84870862228037
103.8304064004743,31.808707875784137
103.94852618340468,31.80354737892339
103.85993117402437,31.725725739390764
103.80308703261659,31.929520800234506
103.78517129796316,31.846099111051007
103.87192244213199,31.914929539173592
103.81159834281219,31.987991074478447
103.86069831605839,31.891856385521894
103.97616090018946,31.81656955194854
103.93229770770478,31.82721217297256
103.8164850274362,31.81268964691924
103.88846365420223,31.6827823424105
103.85511337772623,31.598043424639094
103.83828285839105,31.55219623238242
103.82137709808602,31.53396853922365
103.8004423029342,31.41898112449445
103.77392598824775,31.42232976707153
103.75869547515661,31.447467019528723
103.7639091933256,31.358888723162885
103.77082411577406,31.420846316863454
103.80057089686662,31.554889154854454
103.80734693947419,31.41684335092686
103.82814823819508,31.402390138802776
103.90243473678478,31.455374746905587
103.92888963686929,31.461388010286484
103.95340262009383,31.55787735900387
104.03493435514491,31.472918915995642
104.04864505173498,31.462214308488267
104.04983385442513,31.4445052716016
103.94692061763338,31.454471183448216
103.87540836803528,31.36619605172442
103.771970602693,31.43333362951232
103.8862833670134,31.452390611468584
103.95112655247127,31.437824535011156
104.0388619054773,31.541291698676826
103.91041565107093,31.605755409124477
103.90272200818235,31.65007979200474
103.91834227653372,31.632405414182493
103.86032474379728,31.559030221146116
103.79664387217632,31.53000767488924
103.79301529247242,31.518799872514602
103.79190555056451,31.307645127861903
103.7496386162043,31.307439778931805
103.71937962334601,31.251772517090174
103.69585873542597,31.349539208797026
103.60460360520784,31.343417334001302
103.61198320241611,31.322838961805353
103.6758251885195,31.351425389603843
103.81060161380613,31.296386894001166
103.77698349388005,31.32156366060546
103.87004585862461,31.348402363497375
103.84250970188747,31.306158707288585
103.80997062529575,31.366752246060546
103.76363104511519,31.358138404887935
103.81660431962932,31.294666290027926
102.97375571239171,29.612103025263373
102.99103675414013,29.605275680452625
102.99395691260814,29.61146543419791
102.98207533942292,29.587713714977887
102.94792808931304,29.581665226691914
103.00398440170946,29.45280765124814
103.01860314896304,29.464257989800362
103.11851078581805,29.497694958799926
103.09409975358851,29.494889713139788
103.13642106971186,29.458073472075096
103.17756684121892,29.53106284249871
103.1803931145211,29.55368745227757
103.16704784049519,29.549524241810726
103.18143228903274,29.490586875733225
103.17822673903233,29.49529390159454
103.17430059942055,29.495483092726005
103.18469027986342,29.543299689030384
103.17719240478726,29.452200154135106
103.06791816865491,29.486738014780478
103.08805439720938,29.490860233472592
103.00275877802694,29.554749640207874
103.08915699010505,29.465495413751764
103.04542940776014,29.528076086880645
102.98012965261955,29.52907157733847
103.02778917542398,29.460390728367123
103.14601651139945,29.522229457662792
103.18685038605074,29.51194098618093
103.19078548954397,29.49452388951154
103.1044647754505,29.531469853291835
103.08399297316143,29.521174136684625
103.09613146905176,29.512537806819783
103.18294681656174,29.554402562299927
103.17739816340067,29.53590626893568
103.15756618514816,29.465933345855202
103.18448147399303,29.451908356736695
103.17677163877134,29.47810536384208
103.06250358580415,29.50288444700851
102.96835956476477,29.55093675067668
102.82419332733089,29.575286729136113
102.90121103169172,29.556142278163144
102.86439750976548,29.51331506388812
102.86614468187135,29.54586059907845
102.83034128782347,29.590186101240786
102.71389228909632,29.559533936266554
102.68624154009281,29.64479728508238
102.67208739122495,29.62637687685732
102.69701863060071,29.658599409761198
102.72296481651344,29.630541519896152
102.70788146477277,29.603120048093732
102.77801957513614,29.57676360647074
102.78691152365913,29.60316751833299
102.73644699621067,29.602459623291416
102.67499220233728,29.612241285361357
102.76814364402493,29.610277530737562
102.75102244593616,29.58028276672127
102.73470594740562,29.572663553545773
102.79367671676474,29.54048667015249
102.83567229397511,29.54516179105648
102.72590599133628,29.5287310712796
102.8129783427138,29.493032864051
102.78564899866032,29.50345569159752
102.76566330807039,29.590591822354945
102.75449955293705,29.535602469516036
102.80443332108554,29.504177211301702
102.93412152143891,29.495092045360767
102.81507288409739,29.55678839045081
102.83169098830516,29.519280971421676
102.74244449232816,29.560868683957395
102.74244449232816,29.560868683957395
102.77274679426102,29.614107019675934
102.7691865915977,29.619784688301934
102.78533121490184,29.636829856101222
102.74465677206284,29.572214059183132
102.80091380318726,29.631282455096116
102.75269706943698,29.582969446921776
102.65578963182679,29.66343638266332
102.59872387263255,29.716126223439158
102.66084681422413,29.713751262739436
102.67791080556503,29.605448928453676
102.72363348310901,29.629915504822286
102.63542982208162,29.717377814836
102.57380949807452,29.65461199439459
102.54283502448602,29.680729344540055
102.53117558148344,29.65707269828709
102.55866064819553,29.703728587460063
102.5602761197224,29.69752256096993
102.57686209631476,29.644246146941075
102.53491576966958,29.652650302115855
102.56859548864612,29.69020018092977
102.59240520791043,29.657769047406575
102.6065885528661,29.6808553465017
102.60001935991146,29.714159626639773
102.59854128511034,29.720542497873982
102.62229454793243,29.705752061707848
102.59383881950362,29.69048023549751
102.57977197977019,29.711757886490904
102.5461599351259,29.703226874993707
102.5094238105257,29.77000954524062
102.54792189664778,29.79966530156647
102.4839859257487,29.69999856138598
102.46934101758006,29.738937125958348
102.64902194437624,29.63376978986876
102.72172504328653,29.53662063720503
102.75673570298686,29.52088754243953
102.82956665443008,29.493799694773273
102.82134140123755,29.54299738122634
102.84599056552996,29.51208094317117
102.86007454416263,29.582461838274714
102.85484534919112,29.568100918275437
102.90195224188133,29.574770855078544
102.9651398830772,29.679956912015108
102.94766484478704,29.644430501079256
102.89833678245186,29.589764553792858
102.9135847521732,29.598543188895512
102.86270981424202,29.602277638976133
102.808240340458,29.622495908754228
102.78515330435677,29.618693565103328
102.68948928388146,29.66052181145945
102.55760798392222,29.65314662185692
102.559332044434,29.670177436184805
102.46786693257843,29.759139366222193
102.52833013050895,29.74084078402782
102.50347388964084,29.736533443907266
102.5263446646676,29.741778996522758
102.5307707228922,29.744639608468646
102.43300375449091,29.73619390539459
102.40140487473792,29.757454753712906
102.40287306572505,29.816438202503154
102.38121454082763,29.833624188198947
102.45769801227928,29.862577960547377
102.32147220911185,30.016902332403784
102.3140550841887,29.985832948586168
102.3952754285563,30.048668542597635
102.2836660094679,30.0185698556527
102.31118266000344,30.027345580423905
102.31977682860357,30.05214116957243
102.3182831459259,30.075714679694492
102.31477569518938,30.035066122171305
102.29466412722101,30.0743527624578
102.38721162186066,29.95315333409034
102.45311903620708,30.135408449660897
102.3918248604972,30.15157428218299
102.35696019433857,30.06229504372711
102.35221555763273,30.07970719618962
102.42924540039708,30.192894524011113
102.44870949043712,30.13024010592912
102.41738467643461,30.173092474651074
102.40213381033439,30.174795884957284
102.35174809163662,30.05427751603079
102.2774027235685,30.042588765486343
102.35247685483719,30.126895071946965
102.36325015349672,30.125235937908652
102.36260080865799,30.119022380917972
102.3252544106108,30.17430767217127
102.3019114854368,30.118874309110943
102.33501938416278,30.10973222453592
102.29226333044808,30.099282144966512
102.3309299897256,30.199044128296443
102.41368481715212,30.18623768014454
102.4331746863926,30.176154827684957
102.33194534989458,30.140369118015467
102.38476010271009,30.15328190977348
102.37929167221075,30.212969146685097
102.43613592638945,30.23978504914382
102.488305749016,30.178178496942113
102.54082038308675,30.0827283130667
102.66433907003155,30.128406562260253
102.6815698948176,30.103644852658388
102.64827042254998,30.140788752679537
102.66898761049669,30.14123291429046
102.62794770293503,30.089598325263303
102.57072134733423,30.218642624265964
102.56918327776522,30.18391620830442
102.57196308760354,30.157957097358484
102.64304732448862,30.19910179574565
102.72621258246849,30.267626830491366
102.66848089494566,30.243158198623256
102.7616858297932,30.203431932030593
102.72849666750633,30.205115118353014
102.71209439122812,30.243883725277787
102.59737676290348,30.290222492524688
102.63972938016622,30.286893783009592
102.71445619817264,30.31907248118999
102.65970393175145,30.354284719200162
102.66535774633428,30.26005470576322
102.65707465162501,30.35019373296629
102.6423265904988,30.341120917831432
102.61199589048192,30.39671197328773
102.68044857684629,30.411266820562528
102.70748203016974,30.292438754831515
102.60992282301001,30.19795423871078
102.62879443751929,30.16987434898
102.66597516899375,30.108550892520398
102.63901698910354,30.113051792606747
102.61745486577175,30.131223824360468
102.50938208078018,30.23153373975087
102.42693772056813,30.221138176419277
102.41613234594891,30.299760987205055
102.40689075626189,30.22131248112308
102.3860453371886,30.16635643807226
102.50134703503637,30.134231823745413
102.47892500695824,30.054052714553357
102.46601842253129,30.21702740963911
102.40463403455628,30.19301255927317
102.40052739953703,30.216702877319733
102.39577120714388,30.205960228902274
102.39547721169279,30.188861621248073
102.41136474414233,30.28786998794012
102.45643297138335,30.276552980519345
102.52987311783954,30.302508703011117
102.52272422518398,30.164114788423092
102.41889599016099,30.054976635706396
102.38977921861763,30.030515592052293
102.44046557494134,30.10108614450916
102.41107767927397,30.19203694456689
102.43666045864288,30.173271571469197
102.5020317574305,30.243429380027273
102.4486967994133,30.298503538292678
102.4782674112774,30.25396385688885
102.46186207062266,30.235530638844835
102.44572092661845,30.274610004999182
102.45743801881072,30.335819940328115
102.4461828043773,30.345233307871794
102.47083019168228,30.33481432312643
102.42472068070546,30.391224294994885
102.62114111120745,30.479535746501096
102.55757665238306,30.542403931695294
102.54769380304842,30.59194183190387
102.48858759738782,30.571406909358238
102.47202753575411,30.596920030086853
102.4346815814766,30.567922655281873
102.46426910566404,30.603003333817206
102.4987283883437,30.600493901821014
102.57001415130611,30.690306782450875
102.5906216457304,30.62671420899249
102.46088797370655,30.603180540427093
102.42019489820376,30.493254823598676
102.49875762801761,30.592966922092856
102.50429608796418,30.475200763555172
102.53719047117903,30.479750218408466
102.55007039141782,30.50670077795895
102.5517852970188,30.545514102460995
102.47258660923211,30.54507429456758
102.61334508754061,30.48215791557424
102.4998431310187,30.515620116069776
102.45069691495003,30.458594728773743
102.4527766474194,30.432244118596024
102.4376035656507,30.515316249450084
102.50993535815098,30.593502953035163
102.73334222905386,30.604873839259266
102.66880387958705,30.526576131333318
102.63150446693372,30.499739172925192
102.60092564468624,30.442770469912244
102.61738558678111,30.395812077656633
102.58439091536818,30.283120599873516
102.52594081531188,30.291625560100556
102.4718191689932,30.31680168171257
102.43122115540308,30.448870234146366
102.50141003485761,30.49552284614422
102.48419781720041,30.504721686934573
102.54019294074325,30.60146830090402
102.53656889418166,30.5476801490124
102.62231566293833,30.56229119982296
102.55782990433495,30.529763961196156
102.4700122522705,30.47921338513238
102.44972445618544,30.487536752571916
102.52554310800905,30.611398775049786
102.62829369627394,30.608898694785214
102.5376012847169,30.67418945197547
102.53563308145951,30.694477414758055
102.56752798455263,30.756974899691176
102.58190750291,30.81815613227299
102.54202038250439,30.73293544521647
102.5385234743093,30.807967818268434
102.55270867297749,30.819034363978805
102.56270623627786,30.714035670007917
102.61790843489423,30.7562118157795
102.63034215536831,30.810172116057554
102.59576584424798,30.696474528924895
102.63285277002673,30.63191776089347
102.59406322258137,30.61803182283625
102.67886032650065,30.562502296753355
102.60341047039873,30.466559280406674
102.50641161577687,30.47929885989359
102.55706696902449,30.539158850834486
102.50429668776998,30.4788114969915
102.47216561838401,30.523782995006847
102.42086896236319,30.468571782937026
102.42502391635485,30.458828163073086
102.51778476389957,30.47501020603812
102.53677667591077,30.645736478683013
102.43802585423421,30.526881479356465
102.43687008390879,30.543033892204804
102.47777606486014,30.510715949554655
102.58130134722339,30.526007228102625
102.63948921882061,30.419906376582848
102.62714755685745,30.532924257217896
102.6341183051901,30.60699664787963
102.73026300407733,30.57651963895958
102.67930911868804,30.62240396919053
102.62969173622268,30.729492038466994
102.5564233556691,30.772677526187625
102.71469825695823,30.698841221611804
102.65710068659784,30.699880953766247
102.7604195542534,30.65442882061462
102.70379082612277,30.711201375188136
102.71462676158069,30.734655718891915
102.73066910324435,30.850614748072594
102.73710921199365,30.827113865732596
102.57276073118608,30.792742552707075
102.60722956740535,30.825396173782373
102.70581532904082,30.74845373938737
102.72428610531028,30.82649973425568
102.70325162006343,30.810513869985964
102.69099507263668,30.830556550191766
102.6672514525212,30.77018897413306
102.69282857884494,30.790717896000384
102.7713691552939,30.79392704959121
102.74281107215658,30.80313068088631
102.71494129174214,30.767097539763395
102.74476570675084,30.737410114381852
102.83280093465623,30.77237092423912
102.96130474863894,30.87483513883448
103.01301748085729,30.873630351550208
102.9265237460361,30.963562980222278
103.08706194750039,31.050101276560373
103.05521343832913,31.128373904806008
103.1906790778603,31.269904012672363
103.18901369745078,31.2809838944289
103.22407010054866,31.31421480308627
103.38166465661863,31.304628247238863
103.22918702501585,31.253418510592798
103.26828208288528,31.190580396267375
103.27463015058787,31.182470964851206
103.28663448893049,31.189996608586696
103.33973004479637,31.100701707871213
103.29218759007566,31.129941484421792
103.3585780148136,31.09438309499735
103.34420842230772,31.10705502768987
103.40932000917304,31.108002573980077
103.40366062301055,31.187921002217454
103.31304611672374,31.229295438767906
103.285926535859,31.241967374894866
103.24260235505052,31.14734962236244
103.14525746335315,31.135511292066766
103.0448227745819,31.10128567990861
103.09313370337863,31.221033530377994
103.00661223675932,31.126974742042677
102.99300331456277,30.97799942340656
103.00916405336791,30.908896506995298
102.87434190598772,30.867284196430354
102.93274851881377,30.88949008556734
102.93615660379602,30.83599557933257
102.94062258509616,30.8422305906033
102.86404971315855,30.802827212569827
102.87226548177821,30.83522105604559
102.8588543791626,30.740195689161666
102.79526536716583,30.673904811992593
102.67225659882511,30.828280708529597
102.7681900098944,30.871114248505723
102.78796014785219,30.80423370195311
102.88650715267372,30.69948049196788
102.91970221876748,30.77530971892947
102.9055257717766,30.862781054765772
102.98551198514888,30.827925085445152
102.97063216626667,30.83299605306892
102.99381197383171,30.731648375234727
102.98871579522374,30.704928322341186
102.961132193782,30.70217604051006
102.94257959768247,30.706340396237092
103.0405343733101,30.77216094017771
103.12946485051772,30.820321599582247
103.13100026763168,30.772539453876867
103.16440566410469,30.743334323581433
103.21554666143076,30.899381509405867
103.19196497626498,30.940850605381428
103.26127803278,30.982448062142524
103.23327722132586,30.982605897071664
103.22207742273385,31.034671414927736
103.24053498549898,31.06490237906246
103.18240049850534,30.959665794083723
103.13066542141256,30.998539606110093
103.20011616564281,30.86552457855964
103.25016356664402,30.89927128628318
103.14730784749669,30.84628832907009
103.21659175097871,30.811284152035544
103.43683419091715,30.8417222590437
103.35414834829612,30.882113439010293
103.34787312277787,30.776209160402168
103.2060159976702,30.864119795889906
103.31020590148815,30.83968849185572
103.28763273002593,30.742569022418817
103.25500078242759,30.808556849339105
103.10737656084663,30.932552309058014
103.110935587975,30.93438513018539
103.18962221199932,30.85914142129462
103.08049079923978,30.832197248244498
103.04969396238705,30.813017383425482
103.13382934721527,30.905542645737192
103.04984333798045,30.93536759799788
103.14066506841831,31.057696271122015
103.08990988571273,31.130490406468063
103.05207120953577,31.0093812960615
103.02356787657133,31.03464049116586
102.99302179511973,31.009997221677533
102.99553031664095,31.0832992289616
102.94897376715215,31.224999357062526
102.97686783112619,31.235100119664462
102.9859204374671,31.289823697545806
103.04859708594223,31.26981790250847
103.16321943026946,31.25056430597646
103.18992285062589,31.20487652714507
103.23059168868926,31.13502837057993
103.19780417392589,31.18380706147107
103.21248883500922,31.219789209567214
103.16661229735236,31.166185651648185
103.18920732035349,31.18335999015248
103.26371249996978,31.165694997851674
103.34394731720502,31.209332312816784
103.31405965387064,31.160834087950175
103.31429813782921,31.20328457142485
103.23859335040929,31.195141465096608
103.24929441693665,31.246197674435663
103.34257265067478,31.337318522173426
103.31952970002482,31.335602924788244
103.31604265647904,31.400582612911506
103.2606908624049,31.272516874914164
103.28080850794989,31.34035731778761
103.32669130246882,31.368967408353075
103.36220239501796,31.40046189928407
103.43413759384437,31.351276513111937
103.39001199493619,31.246270083661074
103.39692667122877,31.244643709543375
103.37907343333802,31.398187711580032
103.4779379832525,31.41803469335804
103.46122189805654,31.375631032727934
103.38581154130436,31.371684799583733
103.35870285941378,31.3089286733933
103.40625997573343,31.261265610021805
103.2223679708428,31.170836287993144
103.2107878121884,31.179580546855714
103.19932097115928,31.23598038098534
103.27267135074304,31.206101810403243
103.22830805947605,31.271024444051193
103.31450371284515,31.22826929788837
103.38761378288399,31.254654578596487
103.4167208203972,31.20195046743368
103.38498563871808,31.04415472114742
103.36573264627421,31.049388754798475
103.34560523924195,31.01712050880325
103.34640176007034,30.996572360955458
103.35454149787694,30.968006923913634
103.32416657344756,30.95901413142102
103.35699935381294,30.9803901067894
103.25947399039003,30.952516572536897
103.31479488106015,30.88336231527904
103.17038657807858,30.864185704075297
103.13938134589678,30.843945187226737
103.08021659210081,30.841915954696805
103.07939214558333,30.91837671753453
103.26457492786089,30.947917944028
103.29372538782738,31.025784516752754
103.26892678916573,31.010203698471514
103.27986935366808,31.124091445674065
103.12976215594102,31.127328092037438
103.16068148197407,31.292979424506406
103.15428868180658,31.256038369809744
103.21509635699655,31.239952345243953
103.23214144053696,31.34579400719881
103.19522765567075,31.29728586749595
103.28628227591561,31.26655959570136
103.32314954993944,31.31944510342939
103.34260205926658,31.315554749963567
103.37736160587258,31.171314881490176
103.34869365635612,31.15950119075894
103.25827105352411,31.068654655669306
103.31017861362771,31.086604977036348
103.36915414410964,31.14726046077122
103.23113193865477,31.215841708193757
103.23279501379092,31.274299037304953
103.1577376313498,31.210319266075334
103.12031948460721,31.197216579208746
103.08682154376704,31.195270512442235
103.10731429237737,31.141640489059743
103.08069305997412,31.073522848439158
103.07480289261083,31.11293257316398
103.15384401538138,31.0857346540418
103.04591845329934,31.21454779932523
102.99276077544121,31.23362136027638
103.01489969080355,31.157648535820417
103.03218173540321,31.08943160906967
103.11732197819467,31.100498156013707
103.10396070468109,31.256665836195374
103.12291709545522,31.287801953906108
103.23981351788012,31.366333321454857
103.2191186311595,31.33716339955636
103.17312142309424,31.30333272843263
103.15715604726637,31.179814054685924
103.156543693306,31.19160511989255
103.02203926814178,31.08944251654277
102.98435540501639,31.192657660807054
102.91533750482704,31.177453418128337
102.94906547463498,31.235692051698287
102.96262557774976,31.179804735917358
103.0570383370986,31.162710828905315
103.2056774925598,31.21067444680717
103.36390744910011,31.151580700921027
103.39260425027523,31.17615178380707
103.3578569262037,31.23866421594635
103.34254388066651,31.20831143116122
103.31306758084568,31.224515564212286
103.30282846618394,31.261910652837415
103.25377776970991,31.30570919730759
103.22419607573323,31.210766283292365
103.21079620744526,31.155222735018352
103.11556754557266,31.160935769977407
102.99017799215814,31.091755077804095
102.92201505455309,31.115891050767004
102.96587323967499,31.210291059485613
103.1094027945196,31.122607021397616
103.11088302699719,31.067782000869567
103.08330178287957,30.99307319997112
103.19027214315388,31.102807154179935
103.23674149326186,31.133049250054135
103.34566408338117,31.146266095331818
103.42414472247856,31.183366627271138
103.3650666277675,31.209146095454955
103.40715638754119,31.242468804439866
103.38859658810073,31.2184881370252
103.4028451823447,31.229167420780076
103.40660581136515,31.27721783857376
103.27281819879984,31.179926365257717
103.19729404287732,31.142261152316607
103.25981821100454,31.144743153546322
103.38864000582468,31.18301606509337
103.37566504318434,31.16293435162845
103.38629820588794,31.11128147080114
103.36635094714882,31.195123887233326
103.29557183598749,31.24518615689784
103.28009072466183,31.217657865067213
103.26885808478619,31.215621790598544
103.24546042499261,31.14207752480664
103.3117184531879,31.185206153500403
103.31688616285882,31.195663665339577
103.3026441623527,31.153150353596814
103.3293197230828,31.135717240899577
103.40380501604407,31.212121434118558
103.40229170669448,31.267157269938586
103.35026044340943,31.279743914406584
103.37541152279195,31.199681525015095
103.40409079412198,31.262339511654417
103.41858003084677,31.195189613004054
103.43745504551089,31.18674226084781
103.43745504551089,31.18674226084781
103.39489399331104,31.136436134193595
103.39055298188603,31.049906801105408
103.35699302234676,31.129425905017953
103.40707477060528,31.215841406279026
103.30916055281982,31.135985147390752
103.32107493395053,31.104137660596926
103.3564434921716,31.14636159627374
103.38764512688023,31.035764011421982
103.37070171432967,31.040932310436492
103.28614729942915,30.92735397017482
103.21602555509611,31.02748883921848
103.11548047857197,30.943505355567044
103.30192612473043,30.824555168872408
103.28762278678688,30.875498305380543
103.25925157055273,30.768841043488386
103.2147762945094,30.752986078605584
103.18680471244048,30.633559369647525
102.63502939783447,30.384460525072743
102.65080880926006,30.440676132182237
102.71788434589125,30.60656548665132
102.6244441949498,30.64538295921766
102.61787989437106,30.60761403231661
102.70257943079301,30.610500292015978
102.60103755188608,30.67374331261114
102.6530588380438,30.633778328929584
102.62585249366661,30.686508401370123
102.65602128251557,30.745684268738227
102.61291237463443,30.75613438024007
102.71623990194371,30.75037744352154
102.67325837572847,30.725001299892966
102.76482399863032,30.829316942999927
102.8195824736283,30.761324191498836
102.85258164427071,30.76461858409827
102.89642492397964,30.771952715757266
102.88006557944928,30.70155153061053
102.87591893930897,30.688731417148674
102.91396141042586,30.780589543425286
103.1033106423925,30.808450440291743
103.1224064550646,30.919097827762588
103.17072105161525,30.989915920583506
103.19816253037324,30.947904521944626
103.1320673139926,31.001131617897368
103.12354438963845,30.982816211743717
103.09561944792993,30.988185053314023
103.04923710401599,30.94155012316438
103.00139948191215,30.80953239575708
102.96610397036922,30.75183593317312
102.94922940188495,30.71393905555457
103.00326744627644,30.83340426464447
102.89808344264739,30.730997897660682
103.12874153291015,30.71255645617781
103.2448375058454,30.658815534539514
103.15037927951592,30.636211826347918
103.16960061797664,30.67465805027424
103.11474251065961,30.66507031126419
103.03242531383148,30.64051858727009
103.09049029919053,30.55950718236414
103.0615028138583,30.609204747544972
103.03819572402094,30.69650416193107
103.01214532283707,30.703096798983204
102.8984285502532,30.648027404861228
102.93668246282375,30.591255208695475
102.95594451011635,30.617777612731878
103.03329452244033,30.598642060984194
103.07783015093341,30.470340904666003
103.02623790813138,30.501472092257174
103.05228787446114,30.456595952143925
103.02808024185725,30.419784434484775
103.00825592379246,30.40824800852876
103.00899613666601,30.493714269575175
102.95005529269807,30.47675849292117
102.85874517445556,30.359057372653027
102.85175790676644,30.40239665706982
102.9379568946698,30.481708201995676
102.8712354500738,30.36652740437101
102.94702209142909,30.439641596420568
102.94344302068468,30.51939683144012
103.07362050555015,30.462262740842117
102.98561748786831,30.568749336111246
102.97764921504795,30.56433951564899
102.97786340661828,30.41710435720703
102.905737873031,30.417174930560602
102.8752598842711,30.36592339613157
102.8667705698395,30.406703533681
102.92714271617245,30.363622284739794
102.79809340324178,30.450303178827937
102.85980089765692,30.41693053057486
102.89162430119461,30.38935338558689
102.95547360768455,30.430887846604104
102.92400442271737,30.357439365506075
102.9225715310113,30.392909014704877
103.03959237582474,30.51706786308098
102.92476488593327,30.56377166995071
102.91074085607674,30.6046864739054
102.86452917178744,30.580636216172397
102.87703067929272,30.52811321347593
102.85040442162092,30.558335341087734
102.82298443751534,30.476924907656258
102.81307426435106,30.42655837186515
102.88498951791726,30.463606048496313
102.86637830198958,30.447709859168643
102.94695414172352,30.488062441487337
102.85172611319102,30.432273125086294
102.8907242095103,30.358284305870427
102.92136434716268,30.379814306707942
102.89867589760175,30.34956736409886
102.91770220215419,30.352846785680818
102.93992653570437,30.371560455982518
102.88627261368917,30.370974548511548
102.82737153895773,30.37143939690393
102.86610798579629,30.42924780488875
102.80505771259037,30.473584794254393
102.79794414225306,30.467926773344715
102.83452197523269,30.487752947186205
102.90535033282389,30.611891207236024
102.86667415191584,30.567085973315844
102.84429407937766,30.540744297442792
102.81628100235616,30.485913273858053
102.68216257405581,30.507180918840323
102.71047183289184,30.595963216071006
102.73476479695381,30.653731323001537
102.81923612409605,30.54217571240525
102.79898943599912,30.541667571942575
102.89042122442865,30.54603724833572
102.8505952079305,30.571476006541513
102.9331537078418,30.584134673881344
102.93588302371802,30.608010884479768
103.02435199570955,30.63280557852693
102.9526945654482,30.665466805420472
103.03962778939538,30.644616030948313
103.01638153696024,30.698032559475063
103.02702115654111,30.69322638945771
103.0450790497071,30.758766544917407
103.03355716680248,30.795812097818523
103.03093203742877,30.7892486240948
102.93624922259818,30.872410026367717
102.89603192145218,30.773413741700224
102.9571757328001,30.8032942246196
102.85113284115184,30.785917681247707
102.64482011759179,30.79183060580551
102.71902619317453,30.889023259859222
102.68792514262914,30.82166117262928
102.72332253782169,30.838359826145425
102.66676798778003,30.831621920467136
102.62006201476164,30.794847953560005
102.5493219036182,30.80522043886106
102.56225821185794,30.803342496744005
102.50780594711946,30.749038581462496
102.5118330613273,30.79204905632985
102.54961231946241,30.779761246996117
102.54961231946241,30.779761246996117
102.57059055202527,30.832409662263217
102.57264083201865,30.829142066474365
102.8168056494877,30.809357577598057
102.77061618867727,30.75333995268055
102.75087278180773,30.674669612648675
102.90141541201344,30.51409518826013
102.90317006750317,30.512239733259918
102.85955484956958,30.47870381049597
102.9374606873781,30.445048957624575
102.90312966349512,30.50914383221301
102.93662114684112,30.511853029486513
102.87140089611037,30.546580635758165
102.94518714778158,30.652136301758766
102.88639392849137,30.712730190326468
102.95270208661294,30.656514751839982
103.00569087303141,30.607741591247976
102.96597945784679,30.565927451614375
102.99309027110117,30.568106816027807
103.06099725818302,30.564551109940002
102.98936910349052,30.535517170394165
103.022214703053,30.49219365674941
102.9789996519751,30.421387139550763
102.99447474991491,30.446414376355317
102.91292048752504,30.46974833808149
102.81135245800434,30.434951269788996
102.85534315727024,30.418734638946617
102.97848792986264,30.446613019076793
102.98247477827684,30.435512950350933
102.84037750098356,30.359471258520674
102.85605049110053,30.393675215887857
103.00428864922516,30.40117621246778
102.91502383959572,30.350046826468432
102.88467162876138,30.517672248236885
102.87796404015836,30.46181134160662
102.76446511325307,30.46655126071825
102.84717204817804,30.46558321007099
102.82636701389683,30.43321455273838
102.78311773724084,30.45565541011759
102.98346289516077,30.631478808265467
103.00111029741849,30.642727231228488
102.96735400389761,30.696394306090056
102.91618504261254,30.66219238226157
102.85797912699682,30.586365257422408
102.86001605861478,30.529075931524414
103.05121977808187,30.534777349730998
103.05275156213524,30.49911052965918
103.0194012941601,30.43128874559496
103.03333043185806,30.431180057429685
102.9835388217211,30.455345764830355
102.87800703177719,30.496683143073213
102.87340778896156,30.518737060587604
102.95684385520802,30.569114007168732
102.91205173466248,30.46014605341945
102.90071824970497,30.437976840990178
102.93724690936557,30.413107082056477
102.89585893318836,30.43021198562494
102.89705164555087,30.371699900559506
102.89746132760145,30.347622524869248
102.94411747537761,30.442662984939997
102.81711632576197,30.506733559985186
102.82550594318566,30.54805726463165
102.84385820958214,30.548850187317186
102.8333569086415,30.572325606004547
102.8308090435999,30.572753801285337
102.81208757047386,30.549168699328582
102.82263627410833,30.57040153969694
102.84113720410502,30.672121972015066
102.82502716596329,30.6508053359038
102.78864650407499,30.67455239145269
102.78956035990107,30.6137986840277
102.81504877501511,30.660778403886596
102.73855662846547,30.69397931412474
102.75655767777195,30.679972554007882
102.54013443974613,30.755625169881164
102.56969313634848,30.79904242968046
102.63178641670468,30.77981268321277
102.5989164136558,30.686869689879174
102.60315505520349,30.64346598129049
102.5897056224822,30.681159779214337
102.58450188166219,30.79450344070047
102.59355346681329,30.737754802789837
102.50225229314549,30.73148952949418
102.55399591910323,30.792676277587713
102.56709935512076,30.73979931821364
102.5426092426138,30.765546097795152
102.5695495626463,30.79499243321791
102.5396703504596,30.72307073469042
102.52403941063758,30.709673554307127
102.51527833423222,30.754675082355448
102.48704412837307,30.750565951662278
102.52307529399629,30.697460960937587
102.51105976140482,30.69971734424598
102.52207649497447,30.611271585499658
102.44555083732023,30.570845032136994
102.53781791271933,30.517703844802085
102.4594625573034,30.558864735182713
102.42261063179801,30.462690055724483
102.49807814996471,30.504834428329193
102.48016969875957,30.51658286615925
102.53994344888235,30.60963556321698
102.49406341027306,30.77037625158131
102.63823109544936,30.791029371196284
102.75586524364228,30.759476860248302
102.69051547008162,30.72897897652526
102.68812548330664,30.72717823402636
102.75901392175663,30.69410071284981
102.87628708784209,30.753697232758316
102.91182079097857,30.767780834842657
102.94847862477963,30.846225253995428
103.01296444384982,30.825484204985838
103.02692183713053,30.97660766231675
103.07260623880093,30.97823145077581
102.98623939652562,30.94556425299749
103.02237187693547,30.943898868788512
103.02831940600414,30.859676527816806
102.94597198916264,30.789523200183382
102.86781108970085,30.863328350452864
102.99437715953484,30.801685093014406
102.89349937489006,30.85515306768396
102.89352810194329,30.70339509392105
102.88658318347072,30.550180332823643
102.84789732218323,30.58327321168878
102.79325623219714,30.612885023851952
102.81422916228323,30.61743378756506
102.73944613245823,30.645935331704276
102.81167040986526,30.53993392769445
102.81555952035428,30.620490015335406
102.78865538575691,30.619264957321043
102.82265436707198,30.57963774976887
103.03263662609235,30.59643907880589
103.08735747060176,30.61759238363647
103.08395890970336,30.540494265275203
103.01444166689564,30.571039491707594
103.01036202927983,30.60321907456988
102.90141358613458,30.71454313153751
102.87899055855549,30.680200478371813
102.83526813204524,30.847106498664974
102.78434698802032,30.765299037523594
102.77562166535371,30.80131792018099
102.76083150067053,30.878395835156656
102.75112391227059,30.901584196402634
102.75192945934668,30.9155690816895
102.85980249317875,30.765527257693048
103.02750806746705,30.76364425126974
103.16346224901278,30.70190130120293
103.16586000619903,30.733250530417187
103.09604687562675,30.902756589599925
103.04108467844645,30.863365874502104
103.01577521946919,30.981985325848555
103.1024334902752,31.015505811134126
103.16078262114503,31.066801441661454
103.03358369681696,31.06666675890723
103.03041581325817,31.086868097946237
103.07804870230959,31.044177466053164
103.05503616599177,31.05309505524536
103.06403325816594,31.122616026494033
103.08917974334183,31.218341104618975
103.07058315700111,31.166824874568068
103.20721643670517,31.121890809657316
103.17563109315064,31.09279554965645
103.24960738631533,31.07624461768542
103.27659255530767,31.048487594821967
103.23741450417143,31.074841092073935
103.17990806161316,31.108166115534424
103.26693544878417,31.06949466629689
103.37390334956082,31.106860825682034
103.2882848616704,31.107229091084168
103.34598199767527,31.115093987511315
103.34629594323259,31.213938826632337
103.34006191318065,31.194220294253203
103.30724238614488,31.33889433354082
103.31822793157073,31.30699158113812
103.4428542289373,31.34297734788782
103.39757319426042,31.31182552059814
103.27207877724942,31.206751310003064
103.23240182139844,31.100185621891917
103.31626735240984,31.095603032858858
103.25347186905626,31.194103970482374
103.30182657640036,31.202190489062513
103.19348235756094,31.296979777151062
103.26104549041999,31.369235704212013
103.23413866143517,31.271998795892472
103.26620201533649,31.382196522805685
103.22083721540127,31.349426785447296
103.17889254321454,31.243823801304735
103.19310364934243,31.20498254506084
103.23801286657165,31.178265372294494
103.28437703787364,31.19330710255763
103.37154739837092,31.237170210610998
103.36700813845222,31.21405750005054
103.30900345402931,31.2270083388135
103.32563956841878,31.200893769776567
103.29082624024804,31.165550865936254
103.38208074698872,31.12452216460306
103.39381140094252,31.08584783471942
103.34722236218283,30.99427411773925
103.19045713226957,30.919821261655947
103.22868345673376,30.994656294494373
103.31901816470358,30.974015816078
103.25785410930158,30.972954166468345
103.25451642899723,30.964006519211917
103.24094301482893,31.028406435248804
103.2500142571986,30.98022968716761
103.21675600434884,30.898440038886285
103.22252793482427,30.81316055349841
103.19737998009299,30.73837120128815
103.13465080111057,30.733028518478335
103.17708276313074,30.699720745883603
103.18500265514481,30.629489547417332
103.23918567137565,30.632497890059835
103.33502185439595,30.67416643501204
103.29386464870402,30.756288699685797
103.14680384966229,30.7407777135811
103.02345880522121,30.647990632003506
102.94847162286166,30.672434956458613
102.98119151632908,30.634880713103342
102.972188979103,30.646078666759752
102.89778582954516,30.68752028572937
102.9181652568771,30.65735409293686
103.01104006597689,30.612206063645935
102.9823886496092,30.69976911961827
103.00371179130009,30.65609563787924
102.93613151232779,30.707775039619612
103.00853241160861,30.78791204696589
103.02721952951505,30.777484992615527
102.9758827424728,30.758033599988508
102.95269607288665,30.79630397938052
102.96139529028125,30.799354736259662
102.93142794078094,30.76943410166245
102.9140808425164,30.701502647777126
102.99316365355801,30.5991745646195
102.94319666040121,30.64598791022734
102.90422632153407,30.650567108229524
102.94139336614444,30.699455584395256
102.9739613890308,30.71580797810659
102.99173980836184,30.753987867368263
103.027522192283,30.807720076136654
103.11178245310776,30.867615253703786
103.09915123111787,30.899911650591577
102.97715275602623,30.921950496191773
102.95687061598326,30.976974200208403
102.96225078143104,31.004129238099736
102.99082162964476,30.92285277623322
102.93898262409353,30.944326408803462
102.96590888305656,31.01307197710632
102.97447328429999,31.049628450043134
103.02630005136733,31.04661013100057
103.04426983362474,31.026512056273535
103.21002692109447,31.024995127777693
103.21948218132073,31.086460372614308
103.22077427710344,31.04987708393807
103.28096450125764,31.197995031739786
103.26896709033305,31.14290271660718
103.39426206425064,31.173167260378214
103.3977838445868,31.191794787186584
103.38554265677143,31.15417244643871
103.3721979511309,31.131747109182033
103.36620089385038,31.21338898948405
103.29793190216006,31.162626705417097
103.26477276912713,31.098365927439467
103.25823522264407,31.183252162172327
103.28561182644417,31.179684448640494
103.40143030886931,31.118400157529116
103.42709764333878,31.17647761661349
103.42314075980151,31.171989546327225
103.26785920356106,31.144136550017414
103.2543919025704,31.097188529168246
103.27718997194742,31.08469962138177
103.32883384168329,31.184857822344263
103.26759277734465,31.127489726731536
103.14524190071067,31.08189696275786
103.17296868427395,31.037538457881492
103.20926748386208,31.065755942881115
103.26892150828073,30.97949435659803
103.22068326581369,30.887549169855063
103.28707390319403,30.784096647809125
103.35100797164311,30.868648589655546
103.39484361391571,30.818645076230297
103.39341880544735,30.820337803360996
103.33269110370668,30.86954583248899
103.19298064797466,30.834808023124044
103.2568938644401,30.909452643111848
103.33133997834526,30.9465281876871
103.37045969175541,30.995045165657416
103.29911281679675,30.959062554965097
103.30721023494608,31.0026892956484
103.31090734763858,30.991160823366418
103.25646082646529,31.02864445213268
103.14349129723698,31.016797212355872
103.22958316758266,31.099498270202293
103.14241567185726,30.94806443271828
103.07776015431244,30.876753770798896
103.0633916142982,30.91339672803494
103.00557644004046,30.949965392751373
102.9459996288794,30.898200981921363
103.06829722905668,30.843867403798995
103.10946039665275,30.906458170950646
103.11733464667047,30.97557031477826
103.09372156025897,30.984740157259143
103.08238789174428,31.035821773580388
103.04793786341648,30.955409180986752
102.9797866938236,31.06982808295643
102.9499056099324,31.01372773635299
103.00853357804858,30.9704575044042
103.02277399392894,30.937808586879896
102.9132331689758,30.916858971379977
102.9868466267081,30.9616433721211
103.04255917099009,30.94810705866087
103.01481868170401,30.991760014482015
103.17540996911437,31.155019202737563
103.1469573984309,31.201252081912045
103.12525758150693,31.287006933067058
103.20327518334287,31.364417631356392
103.21716269266835,31.36093141841697
103.24912691955652,31.296714527379567
103.2826842651229,31.21168622075537
103.3377602711662,31.27643938356299
103.31675311344773,31.385187978726517
103.29121000767297,31.36746410780878
103.29350041805839,31.387694751316744
103.32879380419645,31.392994669688875
103.35620588934249,31.396692015095553
103.3560649012554,31.357080725617703
103.27423717182009,31.311340579683993
103.2380909308848,31.370014837032915
103.2150125654128,31.31859958903322
103.21201255373114,31.286193340532233
103.21107194538958,31.268027305772296
103.25245348481785,31.254517299253287
103.29713574778,31.22655301549943
103.37573010088579,31.1351584393238
103.29892495366498,31.180155520675527
103.22861166842907,31.09887734371316
103.16462199532462,31.25161469715348
103.170889377436,31.27829600824829
103.18084173780593,31.302537292521997
103.11517764152822,31.2574433007664
103.01462959099187,31.200574888568898
103.00895584411828,31.230936646445265
102.95209694924296,31.22367915275418
102.97080199271672,31.178922418733553
103.02587610940418,31.153674755219633
103.10880807779402,31.227979125724687
103.0173070442398,31.178832194685782
102.91580073733938,31.183749538752274
102.99830111026446,31.2383260191349
102.9950257333019,31.16432576159573
102.96755104940142,31.150402436706006
103.03688402783777,31.145864885366812
103.02182953369454,31.036976930346903
103.05276832940005,30.919155624665436
103.1072389536084,31.01781105153115
103.15813445290375,31.038617889013956
103.16528508673751,31.116236500822982
103.2264394424272,31.12522763093607
103.19070257951326,31.292614356278605
103.19241505634177,31.313629677155397
103.23598070380683,31.217435241321287
103.20549571587743,31.160845478351682
103.26336833852938,31.14127981204874
103.34995265447036,31.204310298688277
103.39844259159754,31.156298793321344
103.40689704608754,31.103072197090842
103.29985322788312,31.146454232506066
103.27969629392389,31.115311348838052
103.2687988561945,31.15654154220545
103.15851121423722,31.117173957504356
103.22537100985802,31.085264008292913
103.247068112773,31.055930461399708
103.34950639188688,31.036854522646614
103.2972809718964,31.08937921932876
103.33324344616003,31.213304973773575
103.3051695068141,31.263895363459334
103.26766480659508,31.282174106177973
103.3105245620131,31.26722600957295
103.159117447406,31.18450174122403
103.17074041949621,31.18177056680288
103.17127094281732,31.304274451802492
103.18631377990167,31.297522536559857
103.18479410476787,31.264482982508383
103.20050424059359,31.23420102309044
103.20066083236523,31.204455323671503
103.2039215469858,31.201977456410578
103.23475309699587,31.35742069466124
103.31970245475641,31.351128926995187
103.42052331946654,31.34487507156096
103.41527406446528,31.33914617597987
103.42076057791198,31.37609505482636
103.38468379000462,31.238532774152596
103.30464511885936,31.177083327307813
103.3638854858497,31.132412019694158
103.3402097884645,31.133514044451843
103.3569186195874,31.092129517388944
103.35138000384312,31.083529383999835
103.36258726691106,31.007390316836084
103.32223449144198,31.118455889956667
103.32334621612618,31.069388242181365
103.3229909915064,31.24846949166957
103.39017464858908,31.327469391578134
103.27186695285397,31.31619601451058
103.26969293543874,31.28300480110889
103.33672318450343,31.35427628063885
103.3154868068616,31.248222582670955
103.3684843136849,31.252884148678927
103.35998975403582,31.261121531928623
103.36415830413475,31.327198808259904
103.37783415556781,31.35840071874211
103.47026750386837,31.423562458532867
103.36847327479754,31.411045890615746
103.37188288617662,31.352797569187526
103.32542976974358,31.325660643806785
103.29657836011239,31.393913188415265
103.32289409351637,31.361401947419363
103.40088618472701,31.34542194904361
103.26044365689665,31.329876750960338
103.29631574485788,31.265545922845725
103.2048582693951,31.323475253902142
103.20086915146209,31.331338601953963
103.26653877000847,31.227630140400105
103.29188383956445,31.056665249077312
103.33461925409311,31.038628395294797
103.37003159211449,31.025140740568276
103.40688195225125,31.14355401430389
103.3379115605856,31.22222420540381
103.30756841529762,31.241310267302055
103.1789223305607,31.232728370134858
103.03250993857567,31.217684889394032
103.03391692683849,31.257222728732483
102.99193110542117,31.29349401787928
102.98239948935948,31.208631139276722
102.92062265530438,31.13892333083921
102.92062265530438,31.13892333083921
102.97023078486185,31.05390851872595
103.01519610924588,30.946033245443456
102.99844123021917,30.936156560630355
103.055932189937,30.911154364021755
103.1093046494905,30.893092666761735
103.72010665489977,31.93281704442121
103.70052301777235,31.884544390181194
103.73611800349737,31.90198160106512
103.78294704286215,32.031452654079104
103.77408368789997,31.98749699892098
103.76624525019506,31.97096671528669
103.72835216331706,32.00733357008182
103.70187205143742,31.9853966129771
103.76834998323754,32.00586209526742
103.6880664913236,31.901293971261207
103.73714200827256,31.808555468749073
103.78144796388918,31.847248807847638
103.75553130507194,31.85180237801232
103.73377783158405,31.869279465104725
103.74095631844462,31.87507940918106
103.7726377362927,31.91199738508818
103.78436556183644,31.94492107954519
103.81588612813432,32.02816245938128
103.82863910895999,31.97333884166708
103.71554545214462,31.95951442649152
103.68343791889004,31.915157109063564
103.68343791889004,31.915157109063564
103.81140476008768,31.832018327033126
103.82572690209443,31.808951912716083
103.80164982134478,31.85817072804115
103.73389028030607,31.839671835559066
103.76383571613327,31.819340168996863
103.73895300991225,31.826324961665797
103.82287862046189,31.778847545996495
103.78116392446645,31.838672474588638
103.89589307036546,31.884091436212156
103.76206817025566,31.891450715030278
103.82929006892026,31.94743466421125
103.85652676371018,31.866109026940475
103.8763764893283,31.807056075702704
103.8553567157486,31.711120612508136
103.91489172862754,31.596755562553078
103.98974430661481,31.63610332736615
103.92333244932998,31.693248230194058
103.98332145931013,31.693447292886024
104.21672977716737,31.762947659151113
104.11570033651468,31.65880165263484
104.09650473679854,31.7054199882193
104.14525098969268,31.668318646750567
104.11033508697399,31.66719220260669
104.09397774650596,31.677971075935893
104.14276429498035,31.635200867640826
104.09542738843449,31.700170427672912
104.06305891941376,31.59349975590771
104.05284140495584,31.555495504076674
104.06641765392153,31.563089045460117
104.09535079912013,31.564896991446414
104.06991856539061,31.55080397753238
104.06991856539061,31.55080397753238
104.05261372013365,31.591761181515746
103.95037601671997,31.635957667347345
104.03366216345756,31.626592628059186
104.12882693937706,31.65855575420512
104.08578503788341,31.6230095351756
104.07816201055626,31.565939806899035
104.02645157972599,31.5187921172824
103.98003934429104,31.51819477917321
103.94957575013078,31.502558814374666
104.04289709972723,31.45834966927601
103.91435393019815,31.472977050840555
103.88024232952873,31.45048684655693
103.9351496146604,31.47167684247022
103.88538564254726,31.465581281478972
103.79405681615857,31.56375858217912
103.93743663156754,31.673505873972974
104.03763947386341,31.733693567273782
104.0598051454534,31.723965441703957
104.17595975791787,31.672792381964843
104.16582419093317,31.686253123942457
104.05544816599097,31.686981272043823
104.06500235285185,31.707237864444963
104.14064741976604,31.71808017148993
104.09138820925361,31.723148759737867
104.06708812330226,31.734858239932155
103.9727340850042,31.71511888003838
104.02581568601889,31.62326595506456
104.04550247633368,31.615556562874268
104.01126153095005,31.652497639850182
104.1781487439716,31.70429794726305
104.10738878620187,31.74244032135905
104.23730885233617,31.742946426704588
104.19529093510859,31.670245321550695
104.21349592710804,31.655625920217553
104.1624796447198,31.656254142447544
104.14718575825255,31.67756186257088
104.05843900155675,31.729197819164266
103.9888408294582,31.7227166726737
104.01656658450179,31.71719208333537
104.09767544424888,31.747220370475347
104.09966391666296,31.676338467738592
103.98064166594409,31.638093971238934
103.98847525644204,31.645214958197457
103.94636782959066,31.71543976692175
103.95782415972754,31.699708590313314
103.90166212041217,31.662523624541226
103.92517310695139,31.757284700366434
103.92564624987384,31.765838407950667
103.87630703385499,31.771847227966568
103.87747198263531,31.802179974722502
103.96214396292812,31.860106412522725
104.02093432440651,31.82933902485615
104.06818056752684,31.857536615568684
104.07805246885637,31.892930544582132
104.0110687144775,31.921969283589586
103.9784266160329,32.1128518500216
104.02727066282849,32.15009380653601
104.08758215888096,32.182332794029904
104.10537050003897,32.160698283639945
104.09840671366219,32.16757326862807
104.15164764648712,32.17010710676482
104.11979917276268,32.40786187297398
104.06887613637312,32.37342490584562
104.10286517097644,32.34454744861686
104.1150355070872,32.38104144586443
104.16082827688712,32.38892720199259
104.11314831153211,32.453935988948025
104.14896303003388,32.409339964092084
104.12394794632267,32.37841723450157
104.14756317539663,32.318779464065386
104.08881229700458,32.36148148769495
104.00106404387532,32.39591578328701
103.98581399223795,32.35954244478952
103.95583707857533,32.466398720587854
103.88364984652767,32.693042197256865
103.99701967655392,32.734461805440134
104.13992987496086,32.78160457467155
104.1620097204761,32.71625124724561
104.12685896248216,32.77168789050531
104.25489487201801,32.931290080678515
104.37368272609635,32.884646789183606
104.37320670545213,32.9827058791653
104.39916281946897,32.95931050623582
104.42242370660776,32.92538214443356
104.45574591314613,32.940097256406915
104.48941348146418,32.943577458330175
104.43355218110122,32.93833706609696
104.40833720180413,32.88568072203121
104.3564459630157,32.936642956687045
104.33567300977577,32.863562666285134
104.44196370429047,32.808866633594306
104.58975657474576,32.84572548280891
104.67760219759208,32.844139577008164
104.63752072597966,32.81134152752061
104.62932947927297,32.83820462802601
104.5942180877588,32.76738569821422
104.51883179171192,32.69120783715631
104.5887911805589,32.62812147562843
104.61115353424724,32.624095900777
104.73588144494406,32.60184596290457
104.6983366593273,32.500459115406436
104.67979339110686,32.62155074799072
104.70394582557489,32.59285580080247
104.55586294030871,32.50095928195475
104.4332038320464,32.53396891335059
104.39365053551228,32.60004805578972
104.39262248243655,32.61371635232596
104.38998953880817,32.516426364691796
104.42533036486753,32.61683119330289
104.35215488203762,32.586628399910076
104.28736684115559,32.620775772913355
104.29223465756934,32.52174311473039
104.37590891159098,32.54143418188454
104.36007357647303,32.6439331694279
104.42221717977873,32.74984462399588
104.46834815308853,32.83441012786239
104.48185234648646,32.92876674498241
104.48229157048819,32.95329588244557
104.452583869118,32.928517698678974
104.44964252404029,32.94258949264491
104.37968197512245,32.973880243359396
104.31097882826886,33.018703876203816
104.27924104299461,32.99117858555543
104.20985313348913,33.02741876616796
104.19908193576521,33.01916783250105
104.26635581103038,32.98074375345502
104.27888361161574,33.04011988458412
104.2002331137775,33.07892392046776
104.15703278227811,33.09482766801576
104.15638788992719,33.03859600657499
104.1998264621409,33.045562067153746
104.09031260371562,33.108157499485394
104.08946741680214,33.17703061065807
104.13022871577658,33.147640550497975
104.13783285993675,33.14480597872587
104.00002099607758,33.100011928086396
104.05129396192903,33.03968117579594
104.07573403521272,32.97750472755318
104.21292306000427,32.86235374805883
104.24347912720684,32.92069362169129
104.24880838541661,32.83516447542402
104.3467856991423,32.84463781349867
104.33752087885908,32.878333037082534
104.31627108604975,32.70787787898513
104.42682484337588,32.757322624127454
104.44073848084578,32.72222710807409
104.48678100017831,32.7574760871047
104.76766410328541,32.78528745485587
104.87195749955104,32.68508633310464
104.86921679816024,32.719178154461254
104.96827709300638,32.73348238494791
104.98097454009354,32.67988354843423
104.94634957760374,32.68472078705538
104.84194532320004,32.745115389436
104.77410361056458,32.80771623284337
104.7869511995466,32.78790893837237
104.71878887295885,32.79538853530891
104.66351895232864,32.8359645075652
104.67803585613866,32.75326536087273
104.79376524769718,32.773550601798505
104.77133364034935,32.797494337174776
104.77323109006454,32.76844304719987
104.86458047577874,32.79963406766667
104.79526431146985,32.68443863777159
104.80713676462439,32.77930493337321
104.80693084281694,32.78240172139078
104.7882452425988,32.806972331080445
104.80849494395677,32.74845056999952
104.93650413790627,32.610418073302476
105.0017731267035,32.73252476288819
104.94044135160003,32.677454167631716
104.9770356920298,32.682983764583966
104.7928463925139,32.622723024380306
104.69190277597772,32.67223104900592
104.8031394013233,32.71481216196903
104.86846567906854,32.75736054137116
104.81182479130725,32.77376487048805
104.86925377104043,32.730824949112126
104.81279861169739,32.80941483867642
104.7905721670793,32.67801178875053
104.70142015140269,32.68639011101532
104.75713136849288,32.7016102709617
104.68116783724403,32.775494846626984
104.66003974506212,32.75715824357946
104.77200772787909,32.68650789441556
104.85562958647664,32.693217707803974
104.83954482713166,32.767260060919206
104.77854929167007,32.80061714195608
104.77518401011241,32.76916857709351
104.66472276085656,32.72536923863762
104.63202052234428,32.76183024319799
104.66430959257356,32.74622772966456
104.56098816159795,32.78786913022699
104.60041657292446,32.72406073351773
104.46716102634089,32.72945367527751
104.5157458505857,32.73396128190541
104.62070925332714,32.68783391936751
104.74452573138862,32.718955391445334
104.91879658751786,32.64486112721341
104.9633048063155,32.70376497191374
104.98693645896086,32.64594002572402
104.97846103772653,32.679539475241505
105.01194163721118,32.71941053876482
104.98599344313816,32.65432109134324
104.82915293115234,32.74456447009987
104.83753805776446,32.753989344442374
104.919167723252,32.70079483227214
104.82855494662314,32.712228357153734
104.82536634748605,32.66197896242776
104.71610071331527,32.57935294412506
104.66679149544903,32.52206281236187
104.69479341227758,32.54784028272935
104.71777736834885,32.714635294751744
104.86425755485979,32.7030785829966
104.83863093084683,32.783172123998355
104.87958836742783,32.7159050766104
104.95044343743788,32.566458961824665
104.95469311914908,32.58670048211757
104.87297119228744,32.565445722484924
104.8880800721818,32.551489186204265
104.93337105100579,32.57280995705738
104.91544982664779,32.528281272704014
105.00897373016996,32.604938599833595
105.04079688905917,32.59735934997767
105.14527545693416,32.6586667490156
105.20724182326545,32.65820015632647
105.13890247790664,32.70014540156532
105.05150170133017,32.691006219300796
105.17360930433702,32.70276008675891
105.07611303433401,32.67956682463819
105.07968646661533,32.6409393079089
105.11405297451901,32.70392637412214
105.10641911490522,32.680229956406684
105.13569657652141,32.70093512381711
105.12119584195348,32.683805246297055
105.13245247718163,32.676965805794175
105.11578765826316,32.662690184753835
105.14723130040517,32.706607985455534
105.15720810147847,32.70132440109324
105.12800514997642,32.62688962129998
105.16142713621808,32.62615551535516
105.30626101406556,32.689704002112045
105.28979725846641,32.71064967564945
105.23336856865383,32.63484262376648
105.3132403558351,32.6488660783904
105.34240584520482,32.671111655785566
105.2899909033597,32.65993164458987
105.40150140953968,32.7241068850401
105.4341061738304,32.77266660713554
105.3796109883181,32.81781203711811
105.35405415724807,32.833186280535244
105.43057630115442,32.81834507499772
105.48130897911304,32.76912756896004
105.50219998980364,32.77096820903635
105.51518830396276,32.768548129076386
105.48325711672773,32.77069291518584
105.50929188793383,32.75550758960066
105.54046391549728,32.83952670906425
105.55469766577569,32.96552852141174
105.44800524472788,32.94991335374033
105.36070168946854,33.017334781505404
105.40048252126107,33.04876959328566
105.38568783864197,33.038968595829445
105.53895630837016,33.0486879670467
105.46606349490122,33.02249309251768
105.47528152714297,33.04558334352047
105.43467079555231,32.94487672612702
105.4738740405886,32.90851442976786
105.47634224219856,32.949813051936985
105.40650197015452,33.009016662221015
105.37359965868703,32.874066955931276
105.26536561700632,32.766034811276405
105.23677430158641,32.78598853309734
105.36595859184308,32.932600376034834
105.35853340753579,32.98590304331785
105.30656375274171,32.88885999255265
105.29905330626399,32.84431647747736
105.41454699848867,32.930762649071355
105.40873354309623,32.82973906410841
105.33736847690905,32.806629503439176
105.28819580661774,32.665700245836994
105.31246380445184,32.776706048479284
105.20637229761044,32.81031867109982
105.34359100535204,32.91640894033984
105.34426405236152,32.827840205617015
105.35677632321664,32.79811917202683
105.4856340960222,32.77509645222436
105.46528094331792,32.852856041347074
105.32075166658274,32.79844288158962
105.29499287950145,32.86406483344263
105.25500679500968,32.88152688919902
105.17355425428305,32.93348503728758
105.28556770251501,32.76130749770013
105.4039816414983,32.881286385180765
105.41282760497351,32.781007416669304
105.46755996859282,32.863489999583635
105.47463784545131,32.90420978353601
105.52138577217987,33.024648953441876
105.44099931190917,32.99513591488288
105.4126641439673,33.09539330775069
105.41615599880338,33.11979145945064
105.4534449124262,33.101310358957974
105.46401735658779,33.11704466492707
105.41816162563067,33.127580290740994
105.43990246407598,33.046611291293715
105.41278859013106,33.072540156975826
105.42930605328104,33.11718898454722
105.42230208433838,33.15032872262163
105.39646749367033,33.12638459621833
105.44570570818632,33.065184325245376
105.4009246752721,32.97422261604948
105.26495552928796,32.9467081424671
105.36018946300966,32.825041802392164
105.40935070380257,32.80510275094714
105.44287891317464,32.82694137299251
105.39340767687654,32.892801672649085
105.32227149698886,32.90087496610697
105.33555233592334,32.95140507487861
105.29170384639855,32.97521525193554
105.2409117649965,32.849487128381895
105.29238223514245,32.70637557892806
105.3031979562527,32.65172067516335
105.34898582746207,32.72824489652871
105.36427061957649,32.65942568280098
105.32915436580626,32.679327328640376
105.35505295915893,32.7113678067869
105.25041470726255,32.78702730243984
105.19630863090597,32.83562235455437
105.18754728488709,32.795526024658145
105.25211674189295,32.83634476440825
105.2833262396236,32.895827047857345
105.36019344017659,32.9916712510252
105.40697635444343,32.950216160865736
105.5593458571182,33.00400649958201
105.51497518667657,33.05948695301038
105.51614982734544,33.019323444879014
105.47430088713982,33.05833680659791
105.31724860190266,33.03144527392613
105.20722630093645,32.86838961511307
105.14689160323951,32.869454399247005
105.10328761201599,32.92266167941439
105.08845701842999,32.87198738831253
105.3099258605427,32.807371383198095
105.24367464489895,32.77755741159972
105.26476789685492,32.83068249116617
105.19079918963108,32.85326047889616
105.0976412486642,32.91844441379268
105.09241857153387,32.93569334275616
105.10464085126519,32.91741095105291
105.15747746535006,32.92646430756638
105.31613787034918,32.99141733616529
105.4193638259101,33.016203384596956
105.39671421679442,32.99782055457638
105.28324833218025,32.983787333103926
105.34275377865696,32.992004061669306
105.34050964457175,32.910939207290454
105.37718896287642,32.85386808993149
105.36328340620871,32.851005417189
105.36800205730813,32.94293453049454
105.37332872139294,32.88218328082853
105.39867388638558,32.926080530538655
105.49687905770989,32.96084325452193
105.4956346728915,32.98179475721179
105.42619350957509,33.0600400687811
105.44433380861078,33.03981699625186
105.48000565590984,33.071581099212445
105.5155557570385,33.05985781450371
105.48024736155281,33.015203009817654
105.57034003894161,32.986648890789986
105.56804913546227,32.97750493091212
105.5440984848893,32.924060837215826
105.55723896944713,32.918901450640114
105.61043841305076,32.98431011187823
105.64314714687157,32.89526327078745
105.45542642593648,32.856305311335035
105.35337708271733,32.90989533011375
105.23441646644625,32.860347076281194
105.32055853059406,32.87710999564665
105.12752457376777,32.86417288146302
105.1656252334511,32.80603424105586
105.1619214861765,32.83294209074543
105.27437447798988,32.80281142449525
105.31782269096676,32.808448525635455
105.29561368411609,32.693500593077616
105.35345984135336,32.658177859708005
105.31663594173449,32.649716933429254
105.18109897043682,32.634686279054584
105.23251802806496,32.67270560927215
105.09410400858742,32.5690183631456
105.12768197759661,32.58068636972214
105.21125927737255,32.59355746072427
105.09521006558326,32.644344741494244
105.16807422088402,32.68495453146248
105.15507400187049,32.59653625366003
105.18989948806657,32.69734463963589
105.00499488021813,32.73903222005655
105.00219567838643,32.67476182205185
104.97952666725116,32.72195261381755
104.87835227199653,32.64342972060089
104.82053484171708,32.67632548046084
104.9351603466236,32.591381300747635
104.94325889816929,32.55915924748008
104.90658587603062,32.54276901568709
105.03336200677462,32.55243413871759
104.90610226980517,32.55482168960021
104.8956321432793,32.57129486903522
104.8408560318622,32.57194026667982
104.9313078868801,32.64282163088852
105.04928295993213,32.674154544155066
105.03093062750801,32.645136809767635
105.0134226908321,32.64148648051657
105.00820848210655,32.58604182155164
104.82331276387998,32.60873736259353
104.86792810693939,32.60537349849878
104.78716775208837,32.54295070223123
104.93016242110183,32.58271109817664
104.93016242110183,32.58271109817664
104.8609252074324,32.649403123068
104.88128032710333,32.61320901292228
104.8044200085706,32.596442380777965
104.75038991342024,32.49882446345433
104.75255873342756,32.53828668025495
104.72419394995492,32.48872408127015
104.80032245352962,32.484689629470125
104.8071217651651,32.56257697903938
104.86341773755034,32.605295979731444
104.92624650617866,32.634030312416876
104.9951868582351,32.603824572884974
104.9954206837951,32.65586344286199
104.9634938627366,32.60806272816207
104.87507139822148,32.56569260758089
105.07968055437206,32.55738900688114
105.05826338244947,32.667751786151705
105.05286384181679,32.57128796836396
105.00536449065996,32.571912875954595
105.03994619939161,32.54490637593636
105.07381382776101,32.611507746093544
104.97439242811731,32.60550167418364
104.92120418067283,32.59122108387908
104.85459142445629,32.55642482409295
104.74279772198155,32.55418855278439
104.74930852942609,32.49819704716217
104.64781462649286,32.51139437066535
104.62615188731995,32.52764249250093
104.66996759972777,32.57144890302138
104.70684552740396,32.47023398524342
104.7677989392093,32.62846190906262
104.73550220205553,32.54330125674672
104.6606838442774,32.54799153566526
104.59242079923337,32.431169205645006
104.60061634650484,32.47874043379127
104.68692509747203,32.484828673499365
104.76427943147988,32.54583281606601
104.70880676368424,32.53763060539917
104.79613948193813,32.49297779182398
104.83781760306923,32.49368892615505
104.8870247711176,32.593089550769655
104.903076089673,32.73524216417812
104.90481064859902,32.69576135105307
104.82237477822548,32.57346692906427
104.80803232697176,32.5158173594079
104.81803128777013,32.560981047298895
104.86335589372914,32.70070996973076
104.7675352536637,32.52549651592372
104.80068380526015,32.4827401610365
104.78049729170982,32.543305251838724
104.79715274244639,32.52731030913929
104.85365875914765,32.498304777917326
104.8135348504465,32.49473828246804
104.74424636218001,32.62466780511829
104.75629116275584,32.58893155311473
104.7445814471678,32.70601358795558
104.68562277295939,32.603459387529576
104.72288165225775,32.613020759170986
104.77166157276228,32.63437800886918
104.79693365038358,32.6267854155118
104.7983587812595,32.63396423735696
104.88686207797075,32.52096716772738
104.86616586622858,32.67902203117279
104.83908468130238,32.581772892159734
104.90115080978548,32.5648093679724
104.82165010007901,32.53656392677462
104.84614449354612,32.58372519587846
104.97321490204858,32.58266694343909
105.01752080857977,32.64482849527004
105.03722488105937,32.63197710210513
105.08308610916576,32.608921730978004
105.12179984377426,32.653699443891696
105.156082352187,32.608794477415834
105.16476900166883,32.639288929878695
105.22119728889177,32.61495303994025
105.15735117971778,32.63034162404882
105.21165764443501,32.61127371320713
105.32619106567938,32.67667096559581
105.3064065845658,32.70149458971598
105.28050184260235,32.68652387469993
105.24960303547859,32.654279951456424
105.25819089141153,32.609514539109874
105.29917529456333,32.62134310199071
105.32307397144379,32.6889948561252
105.29662655845003,32.73062189445831
105.33482069445814,32.660418369072026
105.3155363667708,32.65345788258353
105.27309585876284,32.652619758171966
105.28962197862089,32.73092941603473
105.07638226737394,32.88621418057098
105.09514072095047,32.869902899917385
105.11776930772785,32.93413392243097
105.2265780316935,32.87354875421513
105.14271351423004,32.98199230442638
105.29120211601516,32.93790291366763
105.26608944491417,32.9416009406599
105.13819251037161,32.8826976155401
105.14260031504675,32.95587724353631
105.2222320693413,32.86272279611573
105.24235865585005,32.89283342633757
105.2237231278038,32.87336736163832
103.81904686756349,32.27949702656198
103.93062055799003,32.23791361297212
104.04798919014794,32.22806943544728
103.87871081137278,32.16580896299884
103.88145648404105,32.258706577971765
103.84679293209696,32.26214898802867
103.8723039972728,32.246282392347005
103.97111458330716,32.19609248848065
104.08071711345711,32.30123804155572
104.1203099054271,32.22824215426212
104.24755257431758,32.07578427100611
104.25076161829375,32.1044646623152
104.32479669929086,32.17694408771929
104.34206431405737,32.163219206145115
104.29473429759136,32.100704798857066
104.29597168637302,32.122412059344256
104.23993205410929,32.143016709714445
104.26823020263305,32.1468969440623
104.09160363883825,32.221028044507165
104.03386141263927,32.28218157802715
104.11374374561512,32.30522423698973
103.8970062346466,32.31650573127827
103.81336240192756,32.31036440845568
103.9206214507745,32.25777194143117
103.86370118120404,32.19036623946017
103.85432455380354,32.213510979317995
103.83746671085994,32.20681112012341
103.83923957753991,32.22188245009427
103.84195929376773,32.19328653856143
103.91165263748042,32.23379211618615
103.99346045141958,32.32918613068798
103.926241020363,32.242306589706864
103.93731339074931,32.32185450291543
104.06966950383526,32.39167637119862
104.13513142591306,32.3318247568262
104.1950000784972,32.35674935431791
104.15273529524784,32.45565558345512
104.15400677659717,32.4477907028901
104.0601351320757,32.425153728401284
104.05985467896406,32.38357096692
104.0161565225553,32.228049578584404
104.10328386981436,32.05596147362009
104.09484251202697,32.106887254730104
104.14250726000239,32.19178354105667
104.12058975510816,32.288218597453486
104.18281766895252,32.273925337966205
104.24474372708076,32.17746795172146
104.09409801130168,32.35759007628851
104.1813336399815,32.321322426084656
104.22023232647733,32.34889381672073
104.1708106922467,32.24714882905615
104.17086085346126,32.33523257528367
104.01016726382215,32.32190666514075
103.91196009182441,32.45314794647639
104.00667023685888,32.4692598379793
103.96765564991554,32.53270466289572
104.01664570978316,32.5156021033176
103.97065506604736,32.49757032763925
103.94142541273914,32.55127239869478
103.95310056849749,32.592006555972716
103.90755379081303,32.616364882890394
103.9032453629006,32.754764311325985
103.96600189910843,32.796918222729204
103.95763936329637,32.81573253375247
103.99422475269103,32.88070009743961
104.01820013048521,32.90599956244406
104.05584563940747,32.97306611108646
103.99102767135652,32.98433583687029
103.97872140176938,32.97845308774344
103.98373527941337,33.04454815226947
103.98092933905676,32.983587485093416
104.03621617589042,32.885367725787965
104.11630358385017,32.95042396868879
104.16236136042187,32.89867899768895
104.21503497560582,32.942770474750056
104.27174128654117,32.869214514926846
104.37178310477834,32.81899504280883
104.46848538955854,32.76926381742475
104.44261794686378,32.80196884333697
104.42115730171334,32.95062923329974
104.41295402285697,32.9124217040972
104.3806141206723,32.86032490938633
104.36280004480312,32.8497459040387
104.382284028986,32.857105351418014
104.2869010373615,32.83015885537805
104.20092249653177,32.870833039203916
104.18323592782376,32.929370564749235
104.24275095523029,32.824790012736216
104.2796684448992,32.703754376405456
104.17806410927884,32.69601824270338
104.01477828727296,32.69512050389756
104.13820577859403,32.7995126745528
104.0521650907656,32.68175385765362
104.10963555786304,32.68053229129619
104.15085336125061,32.558736039674784
104.32133935342827,32.60413574558944
104.32658379144571,32.591365502812046
104.27461490624013,32.6211810422032
104.23241433428659,32.598898332037805
104.14208575329907,32.52921932421166
104.12540005928867,32.55056662381614
104.1305340706975,32.65245801238908
104.13078423354177,32.61708324344669
104.10442362236383,32.62935326445453
104.10575661730127,32.560497456790806
104.05784842773642,32.39167105882493
104.10854836700985,32.41090137462508
104.10816607736919,32.437388644811
104.0878490512798,32.54725191839203
104.0535599164045,32.642008200682284
104.1889310217543,32.646942457105645
104.12475268667802,32.55958065076154
104.25937421999868,32.721110102291156
104.36402101651025,32.76908574636946
104.40045723984618,32.712590113116725
104.45428764512938,32.70889760564794
104.43604964724462,32.63947915303519
104.5274165608563,32.66465002401792
104.42310937394,32.678932598535226
104.33054058572425,32.65767588969536
104.29410200715574,32.669110698205714
104.33662895399758,32.54578622053012
104.37860867587496,32.520626209280415
104.41363275517821,32.54624778103102
104.38237829447772,32.60145679609076
104.40894051543815,32.567072312718885
104.49931835728002,32.488600590776315
104.5370925101858,32.53647776793536
104.53144758123898,32.6038665298229
104.72979667445797,32.58004074029249
104.81954481376611,32.73625174751532
104.80633305044502,32.79082132615222
104.85229831292288,32.658208228885215
104.96978999853046,32.671245814371915
104.88381279935922,32.79211310634289
104.86239267461654,32.733787648654356
104.89667864148817,32.69709024648485
104.81671211729379,32.71721461365833
104.81390132547452,32.6607799852137
104.75538350426045,32.61791348597584
104.77534644251391,32.72768483401612
104.81948519441164,32.81511795621729
104.87737379873644,32.74626907876183
104.80103914103863,32.73378597486482
104.90144223274291,32.7411118451509
104.91565409915,32.75430704699944
104.82503171318643,32.667284684208745
104.8805316948647,32.62837564351231
104.81152307055505,32.76785095624988
104.96171219878876,32.68414848414461
104.83683806268883,32.80683254591539
104.85483972642466,32.75404216659885
104.84345524459329,32.783851462770976
104.78078255706926,32.75005660898963
104.74913586298929,32.72338855339658
104.69071905308753,32.738502731255714
104.77510073514458,32.77908205542253
104.70351124598633,32.72322030554563
104.74117943143347,32.73489804503195
104.70794122659164,32.69304221180955
104.67077185973214,32.66081543134117
104.66070605089888,32.71373434304645
104.6265662234243,32.78349999061817
104.68274662752576,32.843252233337665
104.60937844376383,32.85775806507002
104.48937117574863,32.93717584690161
104.72361465961012,32.83498993482976
104.71391786363507,32.73715357479388
104.66460746648357,32.70429367907376
104.65223546330148,32.74524047414244
104.525614711629,32.77702576519935
104.4742734680624,32.86367698056324
104.45373092208251,32.81450934708499
104.55643329596636,32.82713513394603
104.63047731961063,32.864532286884796
104.59903795721446,32.87794225500317
104.59909164632326,32.86478861090932
104.57828736813643,32.8884430649719
104.54346035895759,32.83727703891908
104.5662987979919,32.89345029946638
104.47329886467118,32.815469900945885
104.47725759909072,32.86061385206524
104.38831621699084,32.89040868039332
104.39441531053455,32.94661268096403
104.3354509819541,32.91673337890569
104.3914100342667,32.935276664795815
104.33466530202607,32.81256466363016
104.44255419889167,32.69317282856468
104.54132441154766,32.57676698646129
104.41504271117857,32.502692558448935
104.44068586704444,32.500206115214326
104.50137675800765,32.54574391686997
104.41272167305942,32.515724209248646
104.42286601337021,32.677497900885555
104.46712059887388,32.664549857781
104.49761361539841,32.667073201103825
104.57684128791131,32.66777583922849
104.67747911328264,32.622405145125036
104.61557868697979,32.611084886864546
104.63031496518343,32.57920005225551
104.60617295172223,32.56294660352169
104.48484275851169,32.48497953427292
104.60145542230148,32.483636049605536
104.5849279368091,32.473031396964416
104.60994560187743,32.43826582293702
104.7030431299502,32.53223072226198
104.63287311690179,32.44455459680311
104.68947007951462,32.44804774354286
104.59097345405793,32.497406629887266
104.60192229916703,32.42227241965323
104.61640517301002,32.42875399307526
104.54410802744489,32.443022800466885
104.59119370701356,32.45951469826568
104.64926072570097,32.55099418155583
104.7398038305684,32.57059997376511
104.58259330125946,32.47382364416187
104.58709003531965,32.578610847038334
104.66197329790737,32.52933310091003
104.68894646711892,32.44198932983824
104.68810595568566,32.44781603302773
104.64504299406069,32.523082464439156
104.6591692362149,32.47609661928462
104.56552410079674,32.51190663595793
104.54256709704099,32.55903281690478
104.5381760732485,32.66634515909794
104.52249003065856,32.590936019847774
104.63664840568556,32.45898781539159
104.6473177673615,32.58322091276958
104.64104943887858,32.57949145855797
104.5977374725105,32.49668550224864
104.648812376419,32.45964030706223
104.57676738697913,32.53873213449706
104.50056533317299,32.59283404423585
104.63713771728946,32.60065306265421
104.4846110168801,32.65877994742276
104.48728229158954,32.718746990378655
104.42130687776668,32.70877035253827
104.4353442022589,32.685907111027966
104.40011849556168,32.714185478065886
104.40162239795094,32.65983765774001
104.60552645305526,32.663292952191426
104.66554195685855,32.6105292157173
104.57196694766792,32.64987330514107
104.47055158599535,32.5384150664029
104.44468805629143,32.59819744560073
104.46849078441868,32.6313182030286
104.50171199935657,32.56530137328181
104.51688935956291,32.53792768055556
104.43307188016531,32.47716457382942
104.34815380216921,32.56626394128905
104.33608321207998,32.58684707698019
104.31482676268689,32.51538695933895
104.39879301611876,32.578200076799995
104.30912638545244,32.654438173849925
104.2708245978452,32.69332739547052
104.25009781211003,32.74349119242705
104.33307353948553,32.67766842406901
104.40652807981026,32.74051062363809
104.37688625408222,32.71714067493693
104.4455067154812,32.78332937566282
104.49077981512247,32.82772578082646
104.55238645895652,32.85890283159469
104.64517393869775,32.753861700431244
104.59747955395083,32.748133583060714
104.62769701190426,32.764002899414486
104.68384295951238,32.76850728725409
104.66127202300592,32.7548659761205
104.73006003657704,32.79177842080004
104.87694166044918,32.77551424393002
104.8870114055173,32.76569323119756
104.90442240697487,32.702470438734736
104.96275305651858,32.61450840940622
105.06037504238522,32.69292527032962
105.06831006001354,32.678234422748496
105.00025461761858,32.61296451924572
104.80092948975188,32.688959393179736
104.862391204231,32.65829478589241
104.85171466028584,32.747459428018786
104.74295339667148,32.798271460189376
104.79575691542505,32.77237772844751
104.8308671315439,32.80581933189761
104.84365827101324,32.725958668151776
104.67299668949984,32.786782293311674
104.69344817964067,32.74865479824077
104.63960514034187,32.6609520643587
104.8292937580201,32.7883992963887
104.79562885809757,32.73683872816555
104.66424083969275,32.731429456882545
104.61152740529513,32.694376188601794
104.60603303635897,32.59755250741433
104.608439311206,32.63535548109992
104.79733217911895,32.57306058449913
104.90014078607665,32.63558628090627
104.81506221423591,32.50300416313751
104.75837291568347,32.50360880387451
104.86626541250573,32.50810061794195
104.89641082987941,32.57934567067998
104.79982973620166,32.55220815023276
104.88026915756112,32.640236020594635
104.85840435017406,32.560331068592994
104.90440906446622,32.61274508425395
104.90743123207119,32.58021583808924
104.83783950437804,32.687919328429324
104.89841883310937,32.68655086859023
104.97570786558217,32.70643901053253
105.08984329389206,32.69567229491881
105.16557070607793,32.670710299390805
105.14459031611348,32.59427516361034
105.08268532258155,32.59641405858862
105.05950536793917,32.60245991749882
105.05639414067574,32.6496690220691
105.10638909765105,32.70081179985342
105.09022738911344,32.686647261362616
105.10462438331966,32.62444652699664
105.16716945887457,32.65598526561806
105.17647370732111,32.70621063374418
105.1628365187294,32.66646768013314
105.19602130974938,32.614156704772235
105.29326359662929,32.65423974332837
105.33925858838337,32.679207131863635
105.26795528590311,32.71710642243543
105.2422584551984,32.649118329271985
105.17825075872176,32.58186668057644
105.24932510807778,32.68489674215445
105.2617649078093,32.64573600444597
105.2560361796822,32.717612024733775
105.30573089767655,32.74079068117952
105.34482168438284,32.676878243135356
105.28589659348641,32.696076405484966
105.26854172911375,32.7143969710769
105.26936416011267,32.63871098551653
105.21721742542847,32.60544168725012
105.23783567383309,32.65231775792784
105.28915005875128,32.6079469930687
105.30052032765745,32.75809306137012
105.30262403759595,32.742494466703135
105.20496223580213,32.686572015944094
105.1575874279766,32.82087591378805
105.16833550224547,32.845827519675716
105.21581848152195,32.79036326111984
105.1721096211952,32.80993515630409
105.21909086979817,32.79417280523824
105.24339317912077,32.84320716955875
105.26780316012632,32.822929691536864
105.28397949972394,32.76325792570382
105.34423294561236,32.70943337175144
105.52335936410063,32.79856257505498
105.4579993270109,32.79881492945642
105.42918194572938,32.834283582173654
105.27405079569088,32.83010985375398
105.26594977257878,32.93302832671023
105.31629272273939,32.89356653640973
105.3605050943841,32.93574101816338
105.2795737279627,32.986666449754026
105.20664797106409,32.92533385894078
105.14629105994109,32.86442977572944
105.22536944866715,32.81982678170483
105.25006800596269,32.84902979745154
105.32074164539938,32.81250257993565
105.30907010083202,32.81920040981866
105.28579962695726,32.80673661932744
105.35301605591228,32.86912363706393
105.43324870410554,32.974885518473904
105.43137839065822,32.8953997788613
105.44499223692836,32.797145290793964
105.49927629260546,32.92767066297036
105.57023036641421,32.91983159872229
105.58633880552136,32.894971791316635
105.54906127675942,33.02337462299748
105.54771786806171,33.03691341183957
105.44281210363805,32.99566934621868
105.40334449266506,32.97429528416253
105.35771777160119,32.981336773713906
105.29083603075152,32.94952123282488
105.29131853470217,32.932437288271444
105.18473019033564,32.82621197044391
105.20423231669147,32.871764252085995
105.21376758165584,32.86555061469783
105.17564745071941,32.8934737351107
105.08699170301726,32.870185535708394
105.10684944458279,32.92259242708302
105.10897339448198,32.8573976465713
105.2060404631423,32.813610539097944
105.28000014242184,32.69704962576551
105.36422606566053,32.683842181648224
105.32673077922205,32.68375484026854
105.22818476755529,32.640783907631
105.17172584448267,32.59137538418696
105.20952404267604,32.65700308768265
105.3011270993395,32.62996785348627
105.26718447729989,32.72312097309788
105.2932595294666,32.78500529228121
105.26905003931783,32.822627659852344
105.39050450517551,32.75021681068192
105.30495579340634,32.676590491492405
105.21752972146847,32.70690020628576
105.21786954319323,32.78409264559069
105.20502648802568,32.8073625655021
105.19867127455528,32.853525949290116
105.14953948471508,32.807555357013264
105.10196078548236,32.888491289809025
105.13043317245206,32.89042696014967
105.12225880901853,32.86983408315497
105.16342959867664,32.85682570498159
105.1285520236943,32.94078372125658
105.09156629738901,32.90345592818271
105.14648249696315,32.93751004020078
105.12539662808219,32.879534340755825
105.21266671670277,32.7879235811915
105.217370773566,32.79233418861279
105.19906032596712,32.822430874244176
105.19145505733592,32.79617409112746
105.25526929908673,32.84645174911259
105.25559472579052,32.81530249162014
105.2354550026487,32.84891741610033
105.20002608725834,32.92962366468917
105.13483541964726,32.94035205465115
105.14321804787846,32.97408061721351
105.14956631336732,32.96945248267594
105.18190338802248,32.95612629119552
105.20114915414281,32.84749171678634
105.29229906997836,32.80906644088458
105.28690819457307,32.829919507792766
105.30006482615791,32.89846675036342
105.31183513157929,32.953605746513944
105.2949150547661,32.947857470158795
105.35827292430561,33.04347594593284
105.37280515195864,33.04431914432526
105.35245610094793,32.984737805361846
105.33832784750052,32.99423965528888
105.2249914164425,32.94879573159543
105.27761255400127,32.95293821203167
105.23906560610726,32.94791514227485
105.33410141211426,33.01868678040562
105.30030174642174,33.00768150639015
105.25857426382352,32.99728963931469
105.37375049689204,33.02603689503132
105.43328029651175,33.12045616649769
105.53269165064867,33.000518241620185
105.5605064945079,33.00515702881379
105.59348305662478,32.98176020726821
105.60242375898353,32.953469662968416
105.53127197301504,32.871673880149295
105.5402446596293,32.79446873534377
105.51051009197913,32.865636819468754
105.51245934080994,32.74906304146114
105.49765884385195,32.8059120153
105.45891984530851,32.84056402080658
105.51239471803292,32.77938270406411
105.52762469154625,32.77747754487192
105.60110565068064,32.870013266021246
105.59055757791613,32.912708449309044
105.59727254066961,33.00231994588722
105.55812613457587,32.89724484303083
105.51599600634856,32.90752446677589
105.61055088574734,32.87449301970155
105.60565334811896,32.863129801673
105.62480765000397,32.88547724485575
105.55537553790765,33.03260630658804
105.50702362260007,33.09093837362921
105.54126253800243,33.057679301316796
105.51662047767643,33.05323687149306
105.52570515742063,33.01508945187172
105.41814797134825,33.08143005979112
105.50460126187538,33.065942742758544
105.49651104546179,32.98386800320854
105.4664808039304,32.95649018095952
105.50804172636697,32.88201515144322
105.50347273569923,32.88751207655955
105.61294977476523,32.9149271458103
105.5628139968037,32.9496283645014
105.56736610884325,32.90176909052246
105.51917294721069,32.938118020814194
105.37148918415251,32.95026100232727
105.35996348885118,32.92793100919942
105.26296850441936,32.9957850793875
105.17822609609773,32.97308791461431
105.13721538193697,32.869135087040185
105.23876513205045,32.800512916600944
105.43129457711974,32.88579541684997
105.35813378806911,32.91653704425363
105.46049288144282,33.0231918595679
105.54032964084493,32.97364482821353
105.56640385301807,32.93793883070596
105.45810319294323,32.96483144251128
105.47125955183422,32.95432578313837
105.46728448751715,33.018880684260814
105.51877718061878,33.0145242522375
105.44673259044112,33.06509566399207
105.43587091351912,33.08005751569059
105.40226702657031,33.05389178485461
105.46876268636531,32.92829654517778
105.4677665958148,32.93273985478018
105.39289025112177,32.79915174706418
105.4147226003873,32.832392625316416
105.40510928226317,32.72941407446495
105.30774506519748,32.69781558590344
105.2841597280136,32.653302678279495
105.31142807404076,32.62909867268782
105.21602198914802,32.638022836289046
105.16416641212776,32.62038529246396
105.06753302608892,32.63624560317967
105.05626772460269,32.702234826492194
105.00795401591222,32.690123957214865
105.09282017800311,32.70233370254611
104.97052722051676,32.67614857230089
105.01484754530101,32.72664678250843
105.05001506673261,32.678375227272845
105.05259416052237,32.684297608470615
105.04939057383665,32.71632361996223
105.0224938637342,32.69712138904239
104.96654621561377,32.67574150027403
104.97849432813469,32.67283356546322
104.94926896916635,32.69180765969413
105.00920117224332,32.75110419899993
105.14100794186668,32.72084962950127
105.21579458692962,32.60451560023498
105.19343381415838,32.61809111308553
105.22953964085431,32.60654362083244
105.15407049393997,32.647200124173814
105.06739274983215,32.692784722451485
105.09861503173173,32.66111928764742
104.98937329862457,32.57651662299309
104.94589250760403,32.63379702937119
104.77076619675759,32.53631929019615
104.9873223347154,32.570803114432245
104.94634243336382,32.613207728454036
104.9406945498005,32.65698289044123
104.96098717334402,32.564618536515844
104.92675257928238,32.659625744836816
104.95662288944327,32.64726973830764
104.96212899317179,32.6415853043404
105.02874759790116,32.69879282566818
104.99481796803968,32.71551498312806
105.00243139609618,32.7108984844723
105.05834908096836,32.69931571900542
105.1145601348017,32.68462831559731
105.08860723204666,32.68982127050542
105.14766345674938,32.57442034716485
105.13211515534273,32.667513362605725
105.13801122237582,32.63190629274138
105.15502618434206,32.572654622720854
105.11010299328886,32.572404616039854
105.13082024369992,32.60754216407059
105.13918862207795,32.5970849853291
105.13544695349847,32.574357427535936
105.16722943197776,32.607144171681085
105.14029658698124,32.62404323991405
105.02876626046908,32.744830139289604
104.97797085633282,32.73395588185023
104.99061719843078,32.678513634460145
104.88873552436995,32.788075155739065
104.83117003626569,32.76241476767599
104.68770408222161,32.64779019183059
104.70197719158422,32.71604356349565
104.7650366181579,32.682837721555046
104.80056516278782,32.687820259222356
104.77423732818583,32.71347336786164
104.71789679238692,32.684458636319754
104.81326546061574,32.78358849740204
104.82863783958085,32.77675276705427
104.67803260693167,32.803702458717126
104.65379857932973,32.766090014435505
104.67812519306257,32.81691040048564
104.67082738787927,32.739507068105176
104.68731939281679,32.78696551522482
104.61849660353732,32.796090119706555
104.58603382694686,32.8037062243977
104.61782294181934,32.78131372075647
104.51592726520101,32.7304872657978
104.50331543501444,32.71484469524409
103.13154209556221,30.850497595611458
103.12644941249992,30.87576287231925
103.15394701290212,30.880869350878847
103.0087695987992,30.73479532536363
103.07745983285388,30.79594780620324
103.05161753904557,30.928834254430797
102.9957785094684,30.8751547372021
102.96939633713382,30.80770778014897
103.00037464786728,30.758110055061195
102.98403850965502,30.65713174458876
103.10629192487039,30.65079233277262
103.08709485659871,30.649160961044082
103.03904181115753,30.683276901743007
103.06546260696933,30.701139860629528
103.01735473619733,30.733109854867656
102.89288348463094,30.69284031064314
102.8932762226844,30.643167256040964
102.90965132844633,30.656989361949886
102.95155809747101,30.671552647438464
102.95821122423631,30.5557793456938
102.95144483026907,30.471160170964552
102.98770361295134,30.602420308280603
102.96937298696736,30.68949195934743
103.09348178815964,30.69832960018671
103.14280060544316,30.578151326415462
103.03482074533994,30.499733301607527
103.06700742514538,30.54546405682726
102.9499965873352,30.393458652207254
102.90628896636163,30.389319543897187
102.84859724062169,30.361787169802565
102.92397914909353,30.391489198115746
102.91661409893275,30.380785196056863
102.98132062486204,30.50423917725745
102.89338795662296,30.469163932171142
102.96863703781537,30.516976795396147
102.97226005181628,30.559223818149867
102.88348892308017,30.463391748344012
102.83704664351696,30.528823873031023
102.80619285873604,30.584501887165096
102.81704171330026,30.584454444869024
102.84269875347928,30.55925510389475
102.89306085000295,30.58697593133182
102.82447399550568,30.57001353032822
102.81840101697878,30.518886572139984
102.73829000850888,30.590089219362937
102.66483442268542,30.574764831122362
102.66540515831124,30.502976407405807
102.60143718703058,30.497161218050497
102.65471445096111,30.470945658294067
102.65623351541309,30.50996757064049
102.57408539765063,30.491550029081917
102.50618559976782,30.702440598338576
102.61719639761664,30.696473551157094
102.61743035526425,30.6926776398533
102.72276951494327,30.7344075753272
102.67081873075588,30.601339377188093
102.64995882438028,30.527929046178848
102.60772679303699,30.457924389782598
102.46263903660454,30.4933150198337
102.5074362373904,30.58752373599133
102.46935801905335,30.63378552382084
102.43571542200242,30.507007974023818
102.52753313829824,30.577798021498044
102.54030004586131,30.587854768205013
102.47972350793142,30.678136706266056
102.59605414422245,30.70524556827778
102.6879210383905,30.735288654268352
102.76851868653165,30.783013472267992
102.73322885304059,30.798694953109372
102.69671475541524,30.82461342948816
102.83338471470687,30.862376881160642
102.94222955403811,30.792934081954584
102.92390385887089,30.804162129276857
103.01571688595432,30.80513181675791
103.0024311493714,30.73830356073648
103.04800075634199,30.690998393983275
102.96040702624875,30.652044693658507
102.8933902042301,30.752842662655773
102.8906394709298,30.764106483713682
102.79990556931989,30.80920473153975
102.75324435326151,30.84661824762974
102.73694383654433,30.884878307770585
102.78668922060585,30.8878069826412
102.8091818187756,30.801721380852847
102.85042618454565,30.819129230309542
102.7823079869463,30.764232377903763
102.7444162008668,30.794809576042276
102.71968794881491,30.898381219709666
102.79688478923919,30.788235261776563
102.84822159103852,30.853165654661325
102.84327024017439,30.812673451871465
102.78621537694694,30.656353968688705
102.86904951777976,30.55737444978425
102.86235387822497,30.48414983728501
102.93957430915565,30.554404363357833
102.9286518610021,30.441951393377337
102.86469217949646,30.432102658885537
102.92595299395761,30.494029063986513
102.94797605685764,30.526480532697754
102.988332295237,30.502976543377347
102.78591413199909,30.476987477210386
102.80575610995942,30.56205907431493
102.71914296612515,30.587504171504193
102.81498804072076,30.47847640317946
102.8454134463375,30.592681651600365
102.87862838517754,30.73480702281293
103.06685499058939,30.711093639794047
103.03435446096341,30.747231485538798
103.06069458948222,30.75987899728512
102.9719847680331,30.703599877599146
102.86298469480772,30.780221318957807
102.94689043439057,30.820110842533207
102.95373852000988,30.786603994310035
102.98147881236206,30.871920872837542
103.01157193885729,30.86202896104262
102.98436338998613,30.84580007882249
103.15699044103928,30.516115712809736
103.16450100700924,30.547860003849905
103.19907630651822,30.56839010934717
103.1685185891665,30.513322316128956
103.22085413029895,30.602575840565045
103.0453329759397,30.603808775561053
103.1994596271677,30.587931746515675
103.16645600549293,30.649687475420592
103.1897471130092,30.619428709261726
103.15678829296458,30.544119457012805
103.1558130262435,30.679888470834207
103.06910237361922,30.699314121759908
103.13970992913318,30.66575946412094
103.11590110482155,30.65684455551794
103.18235884365045,30.631838943303546
103.18867455488083,30.73559745866933
103.14006230696381,30.683229704769623
103.1723465314652,30.708641670956005
103.13751520463101,30.729165265572423
103.13326976763912,30.72625362662513
103.04508474671725,30.725800068246645
103.15153448340511,30.69865964355932
103.05551841826227,30.664681263010166
103.16218520215936,30.720718596714995
103.15473880690601,30.66165212315864
103.11752532560078,30.694534996906068
103.2043079907858,30.64121994457115
103.19615322270826,30.62529122013921
103.17594468282233,30.644321154657874
103.15857048194485,30.54777930237048
103.15386574260762,30.571624372687307
103.19273472971865,30.594404601980074
103.23342893198561,30.608975771356185
103.2395045448296,30.776266489575526
103.38642954555125,30.845092548570936
103.44620966128235,30.83142954920454
103.46520793330996,30.844710837053476
103.49783740071945,30.89125544896147
103.50065000342379,30.89323381125497
103.30816468538399,30.72136803169236
103.34582432895736,30.728695555968898
103.32196216571077,30.78244929950773
103.2851744313314,30.75315166522057
103.3300091803228,30.819647922420295
103.30327654285342,30.77751847360164
103.28613300294566,30.805618472675405
103.23064319623029,30.786211101034688
103.13182664251094,30.78587884315924
103.25886807625271,30.795032719489676
103.17854854318809,30.872216042495886
103.25501391934979,30.998739246990297
103.12223645989839,30.84984047184117
102.94964121865696,30.83336795866659
103.03661377932445,30.852752788027228
103.12655919480686,30.88102885250112
103.22157022606024,30.70813064214255
103.32648397169211,30.85812812309679
103.36587393208349,30.868182986990554
103.31328715119945,30.9360639468938
103.11567830716338,30.93055639837357
103.10857777529895,30.943728085752042
103.0263369846192,31.104870796439922
103.07905976214991,31.031319561068845
103.16067753426859,31.09613533458675
103.15587786158942,31.132983199892912
103.11072618405699,31.16054470925881
103.06912259796007,31.232000270519546
103.09539617544186,31.119533836463518
103.23223878584757,31.244268331625015
103.2873125351159,31.338038835111657
103.31560777154054,31.2085993226594
103.42198633156879,31.352191243524555
103.4366492997281,31.41456275444241
103.42199947142561,31.347658047221035
103.38664422338007,31.428255508410007
103.24660729346954,31.35180841655142
103.25597774690168,31.37781356477544
103.29402483033535,31.31636112337845
103.19017175890477,31.29642762260589
103.20148865217739,31.30478622983152
103.24051643961248,31.267492310518666
103.26155684822135,31.206467231359277
103.34718727758865,31.191163870762967
103.36040240711688,31.148355343544107
103.20367452620832,31.193773029846845
103.15925778765316,31.2243309110562
103.25732896593313,31.00495343733485
103.3432760164497,30.98354729226431
103.02014364273464,30.83798473529877
103.03383966795423,30.891606534776233
102.90439151988002,30.87064238615434
102.87026402745661,30.903454371225845
102.78026308471856,30.883982503733357
102.80839682034028,30.93353185160236
102.88588847906456,30.903669450994155
102.88016417582412,30.90675571034577
102.94235544480652,30.911337894303767
103.02266189623668,30.932660343479544
102.98778847139047,31.111453110269494
103.03767199789104,30.95846999421481
103.0653457585568,30.89532686496119
102.86333711883454,30.846385337644453
102.94404672491056,30.85146252885404
102.93397511915,30.881977357732367
102.84374736726349,30.867572437935966
102.83963108099884,30.888421198532154
102.9472556901156,30.840137748630553
102.88934916168613,30.84194353793583
102.8831533069463,30.74730435810976
102.92707082893527,30.838094697771112
103.02436798873414,30.774043356061053
103.0298154613765,30.63530386750148
103.0512780291749,30.626747306269376
103.10963060883195,30.810032073187703
103.07067860381602,30.820970230861686
103.03420347182222,30.819049988335752
103.10517244774977,30.891086558548608
103.04143472043563,30.93079801608429
103.055090167032,30.836237158741117
103.09959371229978,30.865585038991405
103.10018466320794,30.938225362149527
103.08155745105013,30.921469504993702
103.1088057087763,30.926562806054637
103.18617977937075,31.10270137610934
103.17067610320024,31.073908201636332
103.20880088800727,30.97024898677031
103.26765740284327,30.881820981958743
103.33516960194326,30.877448953281277
103.3472298863569,30.89520783572409
103.36357008221535,30.868414878525716
103.29560218670863,31.001724324384316
103.33070984822679,30.890618724580296
103.35858802323703,30.83416147234136
103.29725601360349,30.69607779351602
103.24679440294044,30.71287636674256
103.25054447839811,30.702698034397812
103.22045459863816,30.649507119027234
103.23278151604093,30.70908154999742
103.24055633595106,30.68320131583699
103.23072625082591,30.80481178789578
103.2872675305334,30.698783175197647
103.18498568459161,30.632792046642596
103.12469475341116,30.61079899304279
103.04114965475881,30.54881619420814
102.97372105036784,30.69041923134102
102.81871011267799,30.598233922471668
102.79856764825506,30.57262101283429
102.6800681458542,30.49379864286565
102.62611937514549,30.45666326564708
102.59775903547306,30.580661640246035
102.69707997213743,30.61334403459403
102.73333508502992,30.65093636875494
102.63137364774327,30.58802896332405
102.76808217252997,30.569690384339495
102.7488061083365,30.647548173482125
102.81918229562007,30.65200808100796
102.81918229562007,30.65200808100796
102.95497071595094,30.710839494748946
103.06502371690951,30.813886278024345
103.05447156788209,30.8850341043937
102.97294114954788,30.979341999446085
103.05287486799382,31.009874706562204
102.98688837648892,31.118630148124737
103.07980596916869,31.1985190821183
103.01179098279577,31.257646632987328
102.94719070724805,31.184574565377613
102.95290283232752,31.24722565450501
102.96449580218959,31.265343457687585
102.94475246751496,31.250776538634163
102.9675730879817,31.127970546544837
102.95450169013814,31.118109088848293
102.96572197565645,31.155821671251875
102.96298171177682,31.174771662227506
103.04072243116833,31.258109493643715
103.00629060000307,31.322720196651172
103.00629060000307,31.322720196651172
102.99277453202988,31.27711563736217
103.00797498083583,31.13746391111629
103.12183490416655,31.111317860454797
103.16777433989337,31.13109617512992
103.18795296623414,31.03117901230194
103.21999934868848,31.051578217001623
103.22026341237985,31.084429950317062
103.25865367006101,31.019527127737042
103.28258161665022,31.111020507800724
103.2531304008783,31.135748794798456
103.19148224455185,31.252329785436455
103.31375413977828,31.162427675674515
103.2886103397684,31.13915031377196
103.32014123300294,31.116435245547905
103.2564710582978,31.17248552661737
103.3379703356949,31.216739800100218
103.39698944390759,31.23058938811731
103.34214230560897,31.231569781921266
103.38398460877617,31.167518165892446
103.43538288739424,31.191941581041924
103.37316831209067,31.21252737668541
103.2274913019875,31.35871240122835
103.23627736599872,31.34226898644609
103.28182653395264,31.301864977234946
103.37715817446718,31.29811728909792
103.41837195299829,31.371051080501978
103.42369484771281,31.387365160741393
103.46353580238218,31.402550881521513
103.4033921133679,31.39177540797559
103.31197067137204,31.371882985933603
103.37199157908283,31.386116396249946
103.4148458122334,31.340708591494227
103.4349703915467,31.34942929027568
103.36634548216246,31.338700328890233
103.37733397200006,31.367993501528098
103.43055227610238,31.40688405655653
103.26129637685585,31.38241374361831
103.23782941354052,31.347827715396416
103.30791911822269,31.371917976892163
103.30084448445888,31.381387126783824
103.24354386596467,31.36368596314041
103.28196895820594,31.35988645441878
103.31424762933341,31.332519394877583
103.461457021504,31.37714712857193
103.41909427939838,31.31057962202508
103.40401604907437,31.27728244288035
103.2867989531085,31.2867585659143
103.2060169071623,31.22722634386118
103.16357300658335,31.082205832175546
103.13308097117068,31.07678629216668
102.97013025302557,31.125533087953002
103.0576782207875,31.17198712655919
103.06151373679614,31.211378333187074
103.101134445771,31.20480006687027
103.05318519405571,31.171128692026315
103.08338863683258,31.122041909087464
103.20383852927539,31.264947787493444
103.21769311857396,31.3115635987895
103.19140132379641,31.249082166361262
103.19481242337288,31.2703658753089
103.17315657214982,31.285243242622204
103.17121471919425,31.266061231452085
103.23635423014439,31.27777013327404
103.24821787132078,31.257301887688236
103.28803339112828,31.37919753489572
103.35980850225569,31.27716497473242
103.37587788985344,31.27831140860351
103.40152326002541,31.22732163323533
103.40935736633814,31.30294437925413
103.36433169157208,31.30010095196251
103.33020042575015,31.361148851116486
103.26951017229179,31.31552241496947
103.28446459353594,31.3115400905831
103.28917067486063,31.241721083722684
103.2232927083942,31.196043001372875
103.24080626894843,31.275607353789724
103.23159037077723,31.24487487973351
103.24308966306417,31.333835210848825
103.34184441577584,31.33724744372204
103.1905355816757,31.253890794652584
103.0639321504093,31.24650937058357
102.98370093247401,31.242012476325797
102.92519738936912,31.23066065933967
102.93653000837152,31.221109423462366
102.9136888233693,31.2207144008767
102.96908094862658,31.21370587767818
102.94135196062189,31.102660966484784
103.00792874240406,31.17373622434791
103.09810718933151,31.189726394284715
103.06221380997233,31.16507562628931
103.04721560616304,31.23651255414412
103.12546128649579,31.228754227412512
103.14606012934175,31.2411828735145
103.1617954377588,31.1096956992121
103.23494452081125,31.192399583388358
103.17823550010439,31.28797475205642
103.21286369269062,31.345412563912465
103.2210126104389,31.325518690233572
103.23166892310408,31.359364315390433
103.17153995438777,31.281958119497432
103.23519754694935,31.301142646774807
103.3722807401771,31.275530924664164
103.40806541671706,31.270740845160972
103.41133938115786,31.273683843904273
103.3911640792701,31.262344804827205
103.28594289645595,31.349891700335533
103.2891267104693,31.21122507106995
103.21793111277583,31.204569675256206
103.27692034885548,31.194434194447865
103.22802592127495,31.142036980828593
103.2525080176576,31.070008614285
103.20040793773146,31.159497036949464
103.11855383723801,31.19003608111386
103.05627809850883,31.189714829856985
103.0460344418402,31.144900961659076
103.00713274869138,31.14450028431997
103.00502735087456,31.179346676858074
103.07280281565066,31.14255590716678
103.062553161266,31.217923518785422
103.05008235336473,31.192593838353176
103.09917203690345,31.223051108998092
103.1474479250691,31.12734527786337
103.1687111952712,31.212961034756237
103.2326285585285,31.17688269545768
103.2733421496577,31.204104276737947
103.24072515354263,31.13486198783633
103.3760130648885,31.076068982889314
103.3878829416791,31.07482762121172
103.29282315371643,30.98223865750468
103.2547780780212,30.998387318683704
103.2918634276495,31.007197291546596
103.30375560218144,30.98199796000265
103.30669106747878,31.044271388151753
103.26768291394242,31.070972490703074
103.35081693116693,31.107880809815697
103.32623366711341,31.091198473721605
103.39553505064175,31.084019726480985
103.33493098961266,31.028262829611666
103.29820092596498,31.116953729114996
103.20631389445376,31.025976081634813
103.22478590094615,31.038717179649804
103.13726922477477,31.08875978063534
103.16292764612227,31.052709476135814
103.12583938432978,31.03490962060776
103.25262324908329,30.967975280043472
103.27037715114692,31.09809642557011
103.17165148883764,31.011794113064827
103.21265211566582,31.07443589975425
103.13749161588095,31.01260149090308
103.19802752166332,31.075216419922405
103.07297190825365,31.233891791099175
103.01834074006415,31.206652807157756
103.14962502350616,31.126437887611054
103.12496534023605,31.054757277132033
103.11679585925707,31.068148947813512
103.0936168206545,30.99519580232968
103.1931684937677,31.075871951794856
103.22151408033012,30.934461157713347
103.16653202412974,30.91594539332354
103.12806712589392,30.933092749945228
103.19290980730429,30.80500793385867
103.18651494413928,30.677926846209314
103.15601977371959,30.7426122320618
102.99882602583993,30.783241687127735
103.07265093718252,30.876230001428297
103.0497072841415,30.81424476889127
102.98477884247568,30.88304525196154
102.98369415990234,30.98294580980512
102.92162981973863,30.94435074893213
102.95246661961512,30.931255709441867
102.94983729075963,30.877783255323635
102.94983729075963,30.877783255323635
103.00537539212993,30.80180769850289
103.13311714122636,30.742113248483356
103.15687392045525,30.789030148813023
103.03234609007055,30.807143059053764
103.03384338589031,30.83329521361096
102.99917895483651,30.855481061849105
103.01808286665216,31.051662069675306
103.00515978730998,31.075587379772248
102.99355048422588,31.152536691027553
103.01002719529588,30.949072643048122
102.99973131334596,30.981060594767946
102.96085721669971,31.005737460405467
103.06201919744723,30.946883989218634
102.97310461407308,30.927992642746005
102.98391229548254,30.974430914484014
102.86095025779353,30.922925380516936
102.80759494219815,30.904466189979278
102.75930031989571,30.91433163907016
102.78627953095096,30.92247079266842
102.77070535689901,30.80922884655629
102.74838513345424,30.806484894383875
102.72789686525965,30.702403323929456
102.75453337311356,30.67538959987989
102.75201674380368,30.671893120525798
102.61978535586827,30.844233506846116
102.62220028715483,30.790549533504993
102.59798671140584,30.672871153074496
102.5791986246321,30.79664096451442
102.59297555464526,30.844140998032692
102.56572152086358,30.76753225431708
102.64143667834932,30.72541495389318
102.71007629931732,30.685774616135653
102.72286884714535,30.723754443242704
102.75521146167405,30.629318425494425
102.77150198833024,30.579878096079167
102.77288146541439,30.703508089578392
102.74559639628208,30.712200525236398
102.69109755756143,30.680207750140518
102.67174423910653,30.735455781703234
102.81339101636159,30.660975506723563
102.84502492186441,30.736217408632164
102.78686462559514,30.769207420206516
102.91765241029579,30.869936776748535
102.91764173162963,30.894252666893077
103.0198526163569,30.73981072053399
103.01937771741574,30.685270673595877
103.05972662503929,30.626139449846203
103.01650650242188,30.608871292721464
102.96835278122691,30.594097000853182
102.89131426038998,30.715211470801353
102.81039285586763,30.755438388861688
102.79886956912142,30.53918040249999
102.6729391026244,30.52877349813166
102.4870644835768,30.553797011442146
102.46793536334431,30.59292700683612
102.62455862521686,30.525274502544086
102.62964164905314,30.57289895369185
102.60241071581916,30.605344857683903
102.51436280206815,30.763283138457265
102.5839951602479,30.78908165236052
102.58294431167273,30.839679729119588
102.57958406072925,30.752240088645788
102.55334183884345,30.6475690915586
102.49236469242655,30.515480795224164
102.50575333658269,30.454339838593313
102.60999020915433,30.442908838992835
102.47318855643444,30.35099180521188
102.54007639017973,30.391161903680118
102.60688955478862,30.27061330344007
102.64758440576672,30.206760324873798
102.59049721684312,30.303514564141732
102.55858278710589,30.27484186802871
102.52113874686435,30.28291020965972
102.43775509401281,30.227133833961606
102.43061920004074,30.15480486963112
102.49259324059429,30.12498460532783
102.50932746632012,30.067083341867782
102.42183068858968,29.891936968381533
102.3811808757836,29.83160397007363
102.44327791564582,29.839848224033027
102.51624590539856,29.751621528117866
102.50984473744101,29.735626643702098
102.5047982249824,29.690347245440353
102.56922883570819,29.686502399591703
102.55636065665124,29.665085974740887
102.62423228008633,29.666199690973777
102.58356799919062,29.68028681147522
102.65009984981789,29.698045779877873
102.70480859635083,29.665658255642935
102.68178068417649,29.634763220833186
102.73176287069039,29.59753073840962
102.73299129823577,29.513469847063696
102.83109276151835,29.61781203435735
102.72472642264687,29.538992530526688
102.72472642264687,29.538992530526688
102.6680686515151,29.662608751684044
102.61934886242167,29.67736504958216
102.60911612687904,29.664983720326603
102.60457454531766,29.722230328329058
102.64698972544392,29.712401469611464
102.65617423491872,29.737715401063603
102.61571711837567,29.699054233913724
102.52996628704294,29.753509732325835
102.3956434231841,29.74364167079303
102.49633743046465,29.725193067684856
102.58956448434442,29.72107476194468
102.60291061091303,29.655648014849728
104.9092504865743,32.65282047244123
104.73427387333155,32.58779365911592
104.73507103672982,32.637526722611995
104.8741921252404,32.538481991771015
104.94890132606984,32.57646005392121
105.07138137069558,32.56897325581004
105.03181855296927,32.552842024328505
104.95022074689246,32.64290507729349
104.98682619528347,32.60506578908104
104.95901960198364,32.55841805632714
104.82656783328665,32.52410318831951
104.6403207322051,32.594573322551405
104.67450560414645,32.58815978417259
104.72275319256578,32.51779797575484
104.66238980715951,32.48548126013801
104.69403150090112,32.48938468879522
104.82641822210255,32.58768332819136
104.75888263312622,32.62677875370337
104.79201574459044,32.715564531899936
104.80642877410641,32.74649534757926
104.83222498302558,32.79900477098028
104.79871645385796,32.7861895006585
104.8139371810478,32.804646396183735
104.81876298176172,32.7965830185638
104.82713670285573,32.71352771391876
104.83379915626534,32.71380299817231
104.81953619850911,32.80008864637717
104.74361719113772,32.70981841018706
104.8092778010221,32.79283481918922
104.73036487555005,32.77598311267544
104.75037471055812,32.76555313852455
104.72184758578206,32.730702982322256
104.55196603413751,32.798819788943746
104.55228246636048,32.70630416356466
104.46059172969969,32.659961342356546
104.53846108368428,32.506408801072084
104.50866174779155,32.568241877790406
104.44191002765895,32.63710581266114
104.40339811205402,32.7126676496782
104.41838442263656,32.78470084776627
104.46514980066904,32.80267634496548
104.48496098942955,32.94323795425606
104.44079075076556,32.93500452267276
104.48726039146841,32.9431097564242
104.43195405745132,32.9081861784871
104.3774102921345,32.98691735199384
104.40153878348022,32.926707968165566
104.49559588811668,32.95639230082765
104.2779395692801,32.86407803148267
104.31618404372333,32.88331860795998
104.28692765942657,33.020838731939875
104.2698522952841,32.97869911857881
104.3267367563246,32.972368003070436
104.27754294915454,32.947110774439444
104.10930429361756,33.034584302146776
104.17766516948083,33.10069096793822
104.20493632378962,33.050549745695136
104.15186411043085,33.068258906215476
104.10414468719854,33.00104101017147
104.07739344739271,33.02456786273019
103.9815235313352,32.960130769394816
103.99959578091322,32.96098259623233
104.01094889989926,33.01109340749074
104.00698555499737,32.92003087654944
104.07687236295426,32.94724525144642
104.12411600588513,32.890822449318115
104.03269176493222,32.865460429944164
104.0978704192108,32.8621096392087
104.2408079699925,32.90380375357915
104.23249863443749,33.032375764405096
104.20031217293685,33.04398603626631
104.31135882233126,33.02402965108908
104.34296829892499,33.00180736847846
104.39768379757955,32.91549171662907
104.41828518588918,32.93287153329765
104.28235529625587,32.81764609428824
104.30504297737387,32.80365300767837
104.3474506944057,32.85815800606081
104.26713361960358,32.8120327083208
104.24282402871548,32.83491542975621
104.23880401134339,32.702015360504
104.25555075500522,32.67881369861913
104.3217382607932,32.74112418814145
104.39851651041913,32.77610801239806
104.40932332203501,32.820776435153384
104.33684477559044,32.84817492797491
104.33217439653424,32.77521881119823
104.36236229239462,32.86377743432247
104.39153755689588,32.877795891182295
104.40881434090436,32.8910333377568
104.3975956238638,32.88095721339989
104.35951408834771,32.89069917087606
104.38377489262197,32.94719085039969
104.36823011505007,32.97593705193245
104.30954205092083,32.81884674779366
104.35493195373674,32.927533147318826
104.31070135928961,32.802495201849396
104.42302387058723,32.82771319677625
104.41558034428252,32.787866751897056
104.36034965489866,32.82659097459201
104.36322841174105,32.80020870195235
104.4539047547419,32.858899017520734
104.47700008850806,32.937611092997834
104.65758651341349,32.767979275528916
104.53172047739358,32.88682618936612
104.5967357131549,32.80220845860405
104.64542189893686,32.8227590467117
104.64977770086277,32.871594274748574
104.59680421056436,32.74248576547177
104.5814062977832,32.70642594154387
104.47330677200625,32.82529421800718
104.66922617094252,32.79751785264361
104.68310165678047,32.82347836879769
104.66422123844949,32.853292330371204
104.5733522992916,32.86027207446467
104.55970543648034,32.69253429186543
104.6533399558817,32.76258991751707
104.67399826017031,32.7570295127773
104.76027038661863,32.772824053731256
104.82780304108144,32.77526285323095
104.83757753980666,32.77101491406801
104.7944536100635,32.79647072082338
104.75844806282326,32.6848141471731
104.84414905311314,32.65109993484167
104.80743146316851,32.749113888532115
104.79168901558964,32.8052653205909
104.8669385999286,32.79956115938883
104.85178590957292,32.78226529057072
104.85778795066244,32.80623491610669
104.80919278896398,32.80596777740972
104.86946747248736,32.65879381402699
104.96053333502876,32.55160091609788
105.04391990346582,32.57118833994548
104.97419852500002,32.57904051390954
104.87909739434673,32.57159403488145
104.8212962583859,32.535326918321736
104.82240990787142,32.56835697332528
104.63183237719683,32.59449148157286
104.65301016916342,32.585663758161665
104.5672086684351,32.56728170613507
104.55848187420334,32.525005170187804
104.55597459134833,32.52770888807557
104.57152103280575,32.453240682799496
104.55145949442566,32.47297333043535
104.60827573662222,32.49494107717888
104.60790112791688,32.61695231443893
104.56681723207367,32.728992273230745
104.62811234648377,32.831622280747084
104.67949353505719,32.71166631985287
104.65254404828485,32.69418192376944
104.63356821996811,32.63141958284348
104.72489599130297,32.56210127464555
104.71176670307696,32.45186253168497
104.64679152909626,32.574028354282916
104.7085342970785,32.627122726907565
104.7189926778321,32.637549749991834
104.81330096519072,32.5505491667213
104.8065837912145,32.71271691609738
104.7363164312124,32.63194407120675
104.69379238247592,32.65977849383313
104.64034150063932,32.67647866732495
104.59825916637823,32.597214630594316
104.4414912052885,32.674823663937524
104.3848661263576,32.53409343886951
104.37240145776977,32.54667309776956
104.40902973308721,32.58163089771177
104.34417297243695,32.58382219927114
104.31148629733411,32.605830955247605
104.26306714702852,32.60676168340671
104.21410661925903,32.66779607910575
104.33441568044464,32.573055417782115
104.50688161891594,32.589277959544674
104.56086491516425,32.70249737400371
104.48876137122717,32.74560128513005
104.4906368031764,32.6594887477239
104.5606163035779,32.60820187268903
104.63061341738432,32.519502964537885
104.66798558747332,32.52634419544171
104.62514352346912,32.42274810592875
104.6145935933237,32.5189297558107
104.57762286897668,32.51493936830838
104.60134839739693,32.47350690552036
104.54408695105464,32.438565589215074
104.66506875801956,32.52080844151661
104.7240959557085,32.49437871113811
104.72800585370808,32.56917734209685
104.74480750106343,32.65235726207273
104.708316017931,32.72664041339366
104.68803250186232,32.69988796543317
104.66531324490225,32.785983972830095
104.54348474408802,32.850582757693836
104.63554886842212,32.79859607811409
104.69668322090654,32.68275592057627
104.79654347326056,32.668081758267746
104.7231208084147,32.68403979218891
104.64090657311193,32.69753011410073
104.65878615067008,32.681202851894376
104.70703431027086,32.661928618714704
104.720688301551,32.725022275443266
104.75510436945991,32.730943926368894
104.80892417958931,32.753012822935936
104.87469275810183,32.7540291309585
104.83856295848452,32.70265670315888
104.97216111378285,32.65526183283651
105.0309497924436,32.60511502599198
105.04141054356397,32.64436436942842
105.07315842516333,32.7008440678971
105.04973985636641,32.6633264456427
105.13236257147423,32.650845297479215
105.21407364108941,32.667004794259526
105.24177270025868,32.643986656171286
105.23477520462005,32.63129615638422
105.17980713144291,32.615627218684025
105.10170582331202,32.607907720991776
105.17940914932254,32.59580661298587
105.29356627498464,32.62586180787758
105.32628982498227,32.66393844825321
105.30937305454347,32.714592306026304
105.36073865518294,32.67892571540828
105.33713783342321,32.692929447350686
105.30276687583695,32.61968570855948
105.0930853603275,32.717016371395324
105.12094611283408,32.58464757396993
105.17403960711275,32.60817561119456
105.09025414901812,32.608229888779505
105.02882653805695,32.56949848024223
105.05826469056831,32.60356566186527
104.93769136845195,32.641661361576986
104.96184203640561,32.645963955057674
104.88180692986538,32.595816176792965
104.93061291029711,32.55322112220309
104.97805084608498,32.57218715961445
104.9788053795789,32.562590840832925
104.96472820396095,32.54123690487653
104.9313187848488,32.55701940638371
105.00957880618039,32.56259255493195
104.96458283880825,32.571369316710154
105.03684816747223,32.56691827562172
104.93855751281806,32.52903424593148
104.83435651998836,32.571249612645246
104.83555324732436,32.66807221373745
104.8926690686566,32.64761515633471
104.81537599452967,32.615485259134395
104.98863357678093,32.65578841870796
104.9410244941672,32.68944867085768
104.9299619414475,32.68013162393113
104.96673401802383,32.70900482247861
105.03557135939405,32.62530515581909
104.97756277869767,32.669373848244234
105.00377934478028,32.67213665447593
105.04754954527478,32.66859716421293
104.8503198041046,32.662715010767684
104.95512124562748,32.70614000299473
105.01239406625288,32.62151001492562
104.98974476293897,32.58835299987065
105.04879930356043,32.60067838915422
105.01983832988623,32.58251090972021
104.91087021375283,32.65659360340343
104.92632042178771,32.59405163490412
104.8620134368023,32.514468396952395
104.75617767985489,32.5811127047403
104.9981666471682,32.56681149942259
105.04447141663017,32.60346949059748
105.19492582197347,32.60341396842065
105.2119839961836,32.60503442136103
105.20696919992946,32.71204818119654
105.07945678045348,32.628874011264074
105.15420502956857,32.643650096787596
105.14809961601404,32.57090043288805
105.14838688709001,32.592286394192584
105.1308107242305,32.618648628901276
105.2438172058866,32.603625061959406
105.28993269403342,32.73298531850324
105.3883236590289,32.7368846095543
105.42663037943245,32.787188074654885
105.44403295147433,32.83374944742362
105.33830667917962,32.68398497935866
105.32351315195903,32.6946675540576
105.3002991447396,32.755937063947286
105.24495452097806,32.817641537271236
105.25838380204542,32.71021895850335
105.23628531216386,32.66693467948908
105.38655778615372,32.74988260236795
105.302399129816,32.63281355739304
105.25660243962693,32.61997323514346
105.33056461489467,32.67568064172198
105.36726192978651,32.7271294546857
105.37267649143634,32.67537657331454
105.38540554445795,32.80397422244347
105.3609615970107,32.90421786069475
105.26975169979595,32.87707180805879
105.21543052935857,32.81937581758514
105.14044376877348,32.84548452746565
105.11653396186789,32.89818276628366
105.16163277684164,32.858843610764055
105.118559251299,32.88669702692319
105.17955557982343,32.84198314250125
105.27717233693674,32.932144062350574
105.3842539054524,32.85080165375086
105.37975467861042,32.82225180457008
105.4097302828588,32.74999779268697
105.43529660773697,32.78748939947544
105.43926776218048,32.84953330173082
105.40398478305329,32.90570391870217
105.3542271454504,32.92272729454835
105.24667668285541,32.79671088838553
105.17106001119843,32.79453545686987
105.3177021111485,32.70908516212653
105.334298651078,32.69112364822788
105.28191835903223,32.65743436135016
105.1979154384816,32.599264507970204
105.15868949394988,32.64061638433974
105.15360148642723,32.6628146780198
105.13315205009962,32.72000186257457
105.30434899497503,32.61879237925033
105.31412178645698,32.70192989223836
105.25673863238843,32.710065198380455
105.2055247309058,32.6908400774757
105.23153021813829,32.6369424140518
105.08721134432096,32.688910235465066
105.0307985277876,32.66492146562006
104.9853400050027,32.73453690552963
105.04327328809413,32.68512523976835
105.02341765104953,32.663152528365025
105.03933999564514,32.65601916680084
105.05054880478966,32.672542319492756
104.97832214905982,32.62258906079809
104.90615529011966,32.67857568154802
104.80161938497284,32.63920520794015
104.86780622816585,32.55100312771711
104.90761347230007,32.54535107304223
105.00768318272998,32.57542298305442
105.06905720235733,32.55736070186012
105.09352046508002,32.615618318342186
105.05856620834932,32.55542141548089
105.02628338552,32.681840985390075
105.09364310408422,32.59322248761454
105.07097969430751,32.68820514759509
104.97052593553543,32.71644157524889
104.9439692596625,32.7045984554442
104.90625684304582,32.776607714424046
104.85961639790764,32.70424324013427
104.97185596546097,32.734066271339714
105.00466337674447,32.701293407838996
105.09341218544462,32.665095402700956
105.08356442292335,32.62479146040098
105.03246623307635,32.562024967543095
105.13353924018966,32.6826038233727
105.21271130981103,32.63031152738052
105.24527513669479,32.698542583506914
105.23039902757098,32.64029801874142
105.20940438977493,32.68206758609188
105.20491866415361,32.6410716181687
105.1307878858404,32.58909957591684
105.06622119350203,32.587391041943675
105.02367007429974,32.66387968494086
104.9680405761581,32.720127700526156
104.89699123775287,32.68499860960464
104.83215776484406,32.74285689828654
104.70689897864823,32.767508443804864
104.4728103509253,32.73189767784626
104.65214552263791,32.715258195863846
104.68788878929149,32.71870342162288
104.67389017027308,32.79623815648546
104.65153700664443,32.823235938093674
104.63409721553717,32.8338866002542
104.54085615378476,32.887429359281676
104.49161488120407,32.769200518049686
104.57589297290035,32.81811929207351
104.64642745496421,32.832805417062126
104.62653760204488,32.85438666498753
104.59702698563477,32.846144476970856
104.5398592466897,32.749717547506215
104.69420150738961,32.783467490269715
104.90964960838268,32.72827571779266
104.88817291490298,32.77399209325466
104.88025189084628,32.74713870124615
104.88004998611386,32.71703478809632
104.8494070749934,32.74847000084202
104.90804675397106,32.74529935893298
104.95171217156543,32.71662802558953
104.92982589823515,32.657771418411166
104.93640846779942,32.71137923812986
104.93475850332851,32.65080505393126
104.95479971507396,32.69714677458648
104.99342027233284,32.70618890537146
104.9291547233708,32.65075439503613
104.96115026229988,32.65041985987824
104.8939322111232,32.658046120247185
104.85597302319793,32.65107353322545
104.78823127101109,32.66333101189822
104.77506031261781,32.7813623398656
104.81397880589958,32.65980678360608
104.82096399028647,32.69732248988515
104.78936725077656,32.72479957876836
104.80351475203115,32.728521237892224
104.77621943494499,32.68226130630756
104.87284136355,32.73905487280181
104.83773973964908,32.66365370585372
104.88235817218573,32.64013535559501
104.91557284222678,32.597228074745544
104.98145324746787,32.57278560900807
105.00897638488934,32.603815396108054
105.05873229385034,32.71564487243738
104.97643556390683,32.71497107693105
104.99440446946006,32.74015324593186
104.93391837607044,32.68745335974598
104.85894463500074,32.60833967553017
104.80348238285579,32.59721128952262
104.75533683003388,32.55955544252595
104.96583274021245,32.57428811491063
105.18227832876681,32.66584441815136
105.27977165863771,32.76464487263068
105.30001124964319,32.96971129229696
105.29640992815071,32.96900074705997
105.17055370899486,32.91071762135259
105.1623029803573,32.932569597391144
105.1670062061346,32.86249479260019
105.16044148322977,32.914914882978
105.1400356393008,32.919677845876826
105.11901128018367,32.90751779236772
105.16304192609797,32.8912767224445
105.15164784199519,32.83297076701409
105.13918405989199,32.84009386241234
105.17279079802177,32.97979130541407
105.21441031740946,32.9530241394176
105.15647281762645,32.86455960546517
105.25057828943855,32.99073866887783
105.25598688834732,32.99409132758865
105.26150769133508,32.97362506727859
105.19426076341806,32.91354109439631
105.40050147337509,33.00355304622993
105.33495567240986,33.02666711388763
105.30856049324031,32.99949570514764
105.37566659671104,32.95072390014047
105.49059469924542,33.08084445011256
105.39856305524837,33.152730772280655
105.40295656357254,33.14391006456048
105.4205896365678,33.086788296258824
105.43566357649647,33.114768574722646
105.35670197819843,33.031110859940604
105.38116258104245,33.020847028830076
105.50759828104957,32.98606796555396
105.51212174799007,33.01686273654473
105.50622102847305,33.04765164689689
105.40451361875498,32.969080222623454
105.40544840330719,33.03862524701355
105.28692098950101,33.00889506966974
105.30659673090292,32.94480591289951
105.2976107668838,32.900724496211936
105.27100254768105,32.90346543045893
105.3435606939272,32.972121423981385
105.32910832924064,33.02538792177668
105.28491804615554,32.9414148824392
105.27307564762576,32.97792693020828
105.26216011712644,32.96077984919948
105.24367955335322,32.91093935631391
105.30503468162202,32.838659566149936
105.36485914890203,32.89024575053987
105.40302378970175,33.08406620676531
105.36451146399278,33.00054756139943
105.43008640533465,33.021600497252585
105.48666298734507,33.01734072345068
105.55423141116201,32.94890402043669
105.4835401081542,32.93559687965332
105.49383505680049,33.11579506005656
105.42740697496261,33.136554602780855
105.39335562976538,33.14532561106909
105.37731597224254,33.15729440573994
105.47121447003727,33.092959530328024
105.3726207781572,33.038212263818316
105.41814910926398,33.07712920743963
105.40484760383295,33.12323170883205
105.41324174859207,33.089267686159154
105.44567057425871,33.01712909205506
105.42031896831004,33.11473528388113
105.37893499135937,33.13897859716042
105.46149305972243,33.112783890772505
105.44238188191056,33.147920101104816
105.45270899612787,33.13472297885629
105.49728269282022,33.048662504298264
105.49926407490824,33.00485501309454
105.52192291868157,33.05105425917564
105.41803139993166,33.14303781758831
105.42078525065213,33.130937016258144
105.39144908004705,33.14226989641467
105.44300452137223,33.1359788922974
105.47744357106805,32.986626484773744
105.4672642424265,33.04648711825124
105.45758162516013,33.00996490178395
105.45054501572972,32.967164238590634
105.48296457687067,32.935081374384545
105.4942258110195,32.94539313560279
105.60340332599029,32.95698084940589
105.5457445681391,33.01348993957549
105.5165415577316,33.02156054518945
105.53849468918132,33.03012858426044
105.58980863860961,33.01037940113087
105.50016521388645,32.87885224537306
105.43680639983519,32.79563097356481
105.39420875997892,32.8739682908317
105.41530485624291,32.8896277733931
105.46198548308674,32.778859757179575
105.529808766983,32.77493571701004
105.52556959402226,32.74706050033373
105.54516725798264,32.745454949134164
105.49857072288631,32.847911489770624
105.44448730967785,32.85183197959812
105.4374110524163,32.90639488262005
105.37458160198264,32.8843632107569
105.52337588574922,32.84102577132207
105.61483924827621,32.86034174553101
105.51323737371672,32.86844808301504
105.57106900651394,32.842335185644735
105.53283078875373,32.79010617488007
105.51464458168317,32.83307352895539
105.54842221384739,32.83660236153111
105.46195794893767,32.87279574884624
105.47700101863092,33.009309247942774
105.44472402790014,33.10776121589099
105.39335610579909,33.11552445575975
105.41224688207545,33.10995259945967
105.42038988847017,33.100164958195286
105.46321469121487,33.07481481139277
105.44543160981367,33.061286205892785
105.42898873578419,33.096069778210165
105.42898873578419,33.096069778210165
105.44523995627374,33.135476113095855
105.39928501211733,33.115752680429146
105.43209729662337,33.15048645499766
105.38151233751529,33.15655439849964
105.39992030608293,33.12378267526796
105.43372380493471,33.12882061477101
105.43984058584248,33.09649564996109
105.44156039002631,32.99385644317935
105.27193708831037,32.995903056256
105.23571342481941,32.94595724439799
105.2189074303781,32.947464355387744
105.2028929709408,32.894555813724516
105.27864493209441,32.820007702200215
105.21639991468328,32.888449301284204
105.1837302551057,32.86873994626466
105.2603693828845,32.8532829526992
105.24807501434226,32.876153197011234
105.23012966487296,32.9496838264258
105.18908123382535,32.81568805532904
105.17604369824936,32.82080775351081
105.16544750303659,32.92682602392665
105.20925369132068,32.93656061373722
105.25933968211599,32.830634795954
105.10839822541121,32.90108827707448
105.11887243537531,32.87848246872444
105.18286935179617,32.9018082282626
105.21661145715596,32.88413093171941
105.21208939923928,32.78036753309258
105.41909352180132,32.76783117199243
105.40544136139597,32.90048837982878
105.4315955778179,32.98408237005283
105.44330802823247,32.989974738597134
105.45654876355553,32.91303577118794
105.61979582801433,32.861344103331774
105.60463685298906,32.992349593696154
105.51232576289725,32.91880176774783
105.41363385421806,32.97956013581987
105.37580817302317,32.974372256532625
105.37733544168141,32.89180040896674
105.28315312109679,32.83200795471826
105.24537401514154,32.65090118014874
105.10054695436028,32.60406149209674
105.06844096537023,32.68851039859455
105.05598564641596,32.643683569342556
102.59587067099766,30.81001700914811
102.69471995184897,30.78080928427074
102.70072990215145,30.842739361334612
102.76402600699126,30.823154522323172
102.75542740830356,30.80281472299982
102.88209735792309,30.86479631827902
102.75665683009517,30.845087775278817
102.76635510040049,30.827917424094235
102.74275579214222,30.871460570773092
102.78400282184208,30.88448726410136
102.89499093475919,30.82687545805655
102.91195359327793,30.817259035492715
102.876296498195,30.9030707695936
102.90386137799017,30.910029796947793
102.90387789228127,30.760848961458805
102.82189183898484,30.706909661540248
102.82575731597751,30.694819972321206
102.89429352491335,30.6456923671182
102.97118193459708,30.75513831549415
103.03051965042559,30.71743858066778
103.20721875764265,30.765290697622962
103.1710624338868,30.733339979837407
103.14377492266813,30.593821057109114
103.27764109400376,30.64917627321474
103.2770891081889,30.65349215136299
103.23077018066148,30.688594916059795
103.20060757360748,30.57742338183901
103.0843244434827,30.580032375412515
103.13999146538063,30.5993139077077
103.10345202245922,30.584545864955896
102.98783129177676,30.540403165330677
103.03086525876297,30.52972264809407
103.09881652261173,30.440634219369315
103.07965279818045,30.431340710655743
103.10407067875111,30.414919511395592
103.06613492061037,30.45670268167477
103.05951609022821,30.46245911991807
103.05294612605732,30.448603038852035
102.97615244345364,30.48556316816088
102.84878434772412,30.54245649742828
102.81575428835292,30.503728076274893
102.83779744181099,30.5065245965989
102.8146610004033,30.588269087587143
102.75251471122154,30.69797340480357
102.78266319596624,30.747195074039936
102.68079081429879,30.817783615969464
102.85772292259523,30.742838770918684
102.76697887027514,30.88233700971276
102.69400875220585,30.833433229699516
102.71208835352519,30.82479170982415
102.71664867869023,30.85288476350224
102.71032665393147,30.889626461456462
102.7138377353395,30.88964576949644
102.72205400801847,30.762156281252143
102.75440514769336,30.734576894479762
102.76401103625442,30.794632854880827
102.62638832681466,30.643163409890516
102.62536839322544,30.735251041385993
102.74361005316385,30.66854873193468
102.67746041610641,30.67280003281963
102.6579597549676,30.592766862287718
102.57203167444472,30.56843028130247
102.51855038967878,30.775725117604097
102.54124253676446,30.65000489946966
102.49614157188422,30.657858862292176
102.53536243862459,30.639628181355928
102.67205753054162,30.623927953342065
102.64497615997196,30.72173219890446
102.62114584815696,30.784591438744183
102.6087014747318,30.825756610103294
102.5899959185728,30.834309291574378
102.58791870936068,30.778007833765827
102.63107302699206,30.768885762720753
102.69184652297236,30.718477502837345
102.56337853758555,30.705788247908927
102.55366165689983,30.7348765199526
102.54059957900148,30.753697481498804
102.46664552572516,30.578926968032
102.54132906487293,30.719423290761075
102.51740232269418,30.63848784114108
102.47058946071178,30.556301041983552
102.43748410286746,30.45402729811061
102.5004444430088,30.383230385461097
102.43799860163418,30.38800483078566
102.5841735877133,30.365409377423628
102.57767563954282,30.443947380135363
102.54676742556077,30.594353395952005
102.56857513752449,30.54057948587751
102.63516654710953,30.57257773052728
102.7468241896131,30.65187791272555
102.73339622558144,30.643438140200857
102.66695447235901,30.69489406302251
102.67266649660483,30.742070884487717
102.68493490574302,30.840713474182774
102.71383848286352,30.861454423507073
102.75950804471016,30.874011648021465
102.82661571399777,30.84493762031079
102.7914121650172,30.883708222618306
102.80867799570011,30.868577359692676
102.81369099476449,30.878996241013972
102.77850994547131,30.849191874541233
102.78856312818117,30.84914431752731
102.84935300011682,30.892440488030264
102.85275246522048,30.933583782066215
102.92356101550475,30.969011916337834
102.92347449018098,30.858428190481618
102.9851589678952,30.859097248711
102.91492884676744,30.925507342115843
102.92813636917685,30.932796352152526
103.09114910039273,31.17935880330263
103.20875585174747,31.119728868175784
103.22786059097487,31.12328135110535
103.28994554058164,31.069659392223667
103.24816520109997,31.072977074266078
103.21999343948114,31.026553476671932
103.301880512687,31.040684887284257
103.25966278323975,31.056517668496696
103.15747892270385,31.001484835992553
103.09353861827087,30.993753348285868
102.99889650993521,30.969538572560865
103.04373544843031,30.83704407058591
102.95264278917348,30.807575210951594
102.87094028409705,30.884153220383563
102.84837597984156,30.848560743212214
102.84837597984156,30.848560743212214
102.81780559762666,30.92496409454992
102.81780559762666,30.92496409454992
102.8346253864515,30.92865340052006
102.73120601794703,30.89827293809542
102.80054992220943,30.828857300145724
102.80277466040364,30.81416285627463
102.78910243471317,30.792179773401845
102.7233926119562,30.794950996775867
102.78728581451004,30.73239476610689
102.79553093210765,30.74385446903651
102.80747540417026,30.765906318082212
102.92767269715912,30.76838617175628
102.92111103042333,30.725255041281457
102.97589365465664,30.730133421842364
103.0626841682655,30.636277487074047
103.08692053821818,30.619178612115384
103.07090076001856,30.67779807053479
103.05416207184665,30.62322288839991
103.12859940711306,30.590328239867816
103.21694059813399,30.650899142065647
103.12419558574102,30.569849692702228
103.02547655948395,30.443001149629442
102.95052044327649,30.532772239022133
103.03240079284123,30.6192121342309
102.76700685090846,30.592115930423905
102.83614445818986,30.601224965306425
102.83242146933371,30.67725427119398
102.83175228539746,30.70127854250701
103.09840421469816,30.646851437676453
103.1267962275214,30.68100056482693
103.11577131406995,30.65904041024331
103.15113907759861,30.601257172914046
103.16494154803809,30.550049897848655
103.13981756328506,30.611452636566842
103.16483392623196,30.524942786227854
103.18788797306127,30.61012688420115
103.24126709637481,30.714763565920386
103.10374993928731,30.61319646449955
103.20720834037888,30.670864436529236
103.26497787191664,30.6437133544967
103.18580596553086,30.65067458791452
103.29862464601844,30.70040719346756
103.34470970733648,30.689508282837714
103.30189348068353,30.620721051471484
103.20565366670422,30.67178990256078
103.23372433885974,30.754097647888187
103.27362258251448,30.6916028211231
103.3087832219543,30.693142747422893
103.31265947451863,30.671878267882782
103.3142541688988,30.63757014849204
103.34750831776395,30.708491073666043
103.334456009425,30.760167912173834
103.32080531231087,30.800501705093755
103.22901622151346,30.878305995861346
103.4573152314632,30.86424483257336
103.48373718717585,30.845039771918454
103.45371913229597,30.92591988862467
103.48587968226872,30.86267470286514
103.48049218932282,30.8585046041569
103.44615800420007,30.86181938552449
103.45433830575094,30.906435312622374
103.46229749780473,30.895465700492043
103.41404772270262,30.824798641131505
103.42927599092641,30.833531489932376
103.38020905216574,30.849938950073923
103.34069212462806,30.865881676979612
103.3145347852835,30.87454841416568
103.25279734686643,30.84557548714355
103.2566866426237,30.833779609363532
103.15086787533855,30.71068478273339
103.13820579546305,30.867946810873374
103.15176248859822,30.79313574014718
103.24687090502958,30.779030394896395
103.23253629987086,30.69460951755984
103.203716280006,30.751262213605674
103.08967211726895,30.796886805434394
103.13617989304937,30.800311976998767
103.12748976672077,30.679501546901324
103.13637646302331,30.82833262718591
103.0495684546169,30.711815975375618
102.96579541946433,30.897235698489236
102.96694476949274,30.83966015776537
103.00364680208143,30.794367529268545
102.93823763510557,30.803899142706214
103.00368980770895,30.878094990747613
103.1414472817318,30.833976151687654
103.06266312489039,30.81074163685688
103.01598410359098,30.682219434814563
103.0567032870989,30.782925286554885
103.02636996023182,30.828561487046567
102.87994895123587,30.817146220825997
102.80925575382307,30.771733102744765
102.75115333328644,30.703136735489476
102.82278533799034,30.776949840394902
102.66750562941907,30.781311690135055
102.63802886019364,30.82068776863914
102.62089916005486,30.797631722087704
102.58715670661901,30.84777603073863
102.58783128074043,30.819841558621327
102.54661649011726,30.799128382756287
102.59736602650307,30.83095990299308
102.62137559965213,30.7239468740594
102.65172845903048,30.787943315849738
102.65085495793153,30.77275305411601
102.71698170483307,30.583582288772263
102.74573211665658,30.625507061675187
102.81797883637509,30.711985712485696
102.83186935018043,30.712692416072557
102.91423201905646,30.705002850819366
102.99062436785549,30.863690742630162
103.03561333188223,30.895073495977165
103.11054689162991,30.997806558905225
103.10993358072677,31.056361853713803
103.05222577914796,31.046097762393067
103.14530602261813,30.98891300001469
103.20956594156104,31.16962750231666
103.12820882851024,31.119350940963468
103.08718897420393,31.174019250559887
103.09883649524815,31.25139201536118
103.12238907238901,31.27952136813862
103.10119963939538,31.27035146575995
103.10119963939538,31.27035146575995
103.11721489767984,31.120195799857445
103.199917261958,31.1480345136817
103.27416045103814,31.028484734678713
103.23751403341672,31.068819182838126
103.14024085348514,31.05175792508355
103.18280698484203,30.99893628316491
103.21164421984608,30.953749340263837
103.26699146513552,30.946779316816308
103.19987223357559,30.871321164379598
103.10645550582318,30.894550715249533
103.12911169728731,30.83293334142788
103.31255729664552,30.739288504040648
103.29028924003113,30.670498725011
103.25232388761967,30.726664284818224
103.30724063806962,30.65704070922418
103.1942839823316,30.694657330797494
103.24044681727403,30.82232393196295
103.20996582116403,30.921737573001945
103.16656646049965,30.936388577399022
103.09024500594793,30.813974578585324
103.02130753747637,30.869466578515947
102.94356192625162,30.89172788806962
103.0413873959206,30.89911335181599
103.08884747376356,30.93783850020532
103.12431652872124,31.005032292631313
102.99325836935422,30.923852884680777
102.97714398110824,30.91822756670418
102.86695726641838,30.85253494728175
102.88125274377691,30.90636040326279
102.91127197536896,30.891634011584845
102.92280439975791,30.80517526360923
102.84832457351938,30.72542767438476
102.90245966283032,30.79343253765536
102.8999769554079,30.86331985497112
102.93032797098074,30.959764524486356
102.921751643031,30.88386626467025
102.97693916797752,30.910701664796335
103.10189340216633,30.792360833629505
103.13515101562716,30.904650250413543
103.10301681833353,30.844986370502127
103.08640941090026,30.898839808441625
103.00040911022009,30.872056203939735
102.99603208052267,30.907773711659242
102.99976579049488,30.768475444378584
103.01774868342744,30.526597398523013
103.10544773370876,30.529659910302932
103.069276702453,30.465538838082693
102.99934452584965,30.4435810869268
102.88945850863956,30.50021007504572
102.94363477567792,30.370668651426367
102.9417460346005,30.437018187082014
102.93933849945306,30.48720762522434
102.96771469835247,30.41153195118301
102.99520220496305,30.447383073582373
102.9284276032416,30.354605108012155
102.88140586273634,30.34721232533784
102.92633673315758,30.34203704205449
102.93430123671556,30.368489737418574
102.89379386063146,30.346986447750297
102.92053375225235,30.404728159407963
102.94695118811161,30.41101061311557
103.12833780632826,30.45898283279344
103.05033120536842,30.56188919443419
103.03018773513419,30.63710088277454
103.00467554234761,30.722842499862757
103.1200537063669,30.73142604996157
103.00813537525437,30.676431362820797
102.9734475509552,30.75075085412115
102.93050915359505,30.784407642638456
102.80454678347417,30.820633297888637
102.7364798842501,30.786825661633685
102.82307244163032,30.836417095843952
102.91226363945714,30.710738720864345
102.84517949536361,30.709996862778794
102.88916255305558,30.719842803235448
102.90363168366433,30.768730535772693
102.9023134640693,30.8212458832611
102.93597881904428,30.869489348155227
102.89928594024602,30.867228696175307
102.84574089897535,30.80439864859217
102.78729725273702,30.691282114541522
102.90378515661607,30.603189040079297
102.97092309239694,30.67869476235809
102.97505693551975,30.668603742132046
103.1088013852797,30.731851858623205
103.07613301874117,30.688637284635373
103.15246915296429,30.529337681469766
103.10013939706633,30.53646954109813
103.02774912742902,30.526232436211185
103.00212707812315,30.629156299788956
102.94841331643688,30.68091446900595
102.98310167396593,30.64323065453279
103.0671898015974,30.59454713511946
103.08340130841374,30.62210808415383
103.06490820606157,30.654749493804108
103.01309587089051,30.42922264797608
103.04477424371053,30.63118545324796
102.96849078960615,30.681668103835882
102.95560425879722,30.758384188967476
103.00402942805253,30.881140237850936
103.01427971158662,30.844658640730234
103.0794557185257,30.838885296538432
103.07013751288414,30.859411259780973
103.11448642925541,30.827888390713294
103.1368894463401,30.835451860905597
103.13853805553525,30.800932962203824
103.08590950463926,30.765428946608477
103.18004734654919,30.771495819098885
103.19254022,30.683796903041618
103.12944364737876,30.77236416878193
103.16932204505001,30.615266047239
103.24625081466932,30.6511811715881
103.16351867363889,30.668796583599025
103.27736701648722,30.717707145950776
103.26220433068612,30.86588834577365
103.1845960553811,30.847752268262433
103.161192732312,30.873271395454072
103.1262575433399,30.85375851310699
103.08517698329098,30.823608932644955
103.09304309457964,30.821269532836034
103.05046913573922,30.755161927724743
103.04561859570777,30.820599471463392
103.07618323184334,30.774355437548984
103.13338645666792,30.665265600554594
103.06730912325463,30.567452933185375
103.06598991168163,30.461208204106846
102.95547280844045,30.616855170293874
102.90217660221666,30.517740575674612
102.8846516497685,30.54696898825072
102.87519504150133,30.505746685479007
102.82710849031164,30.505071513952604
102.86480036535531,30.43942255527258
102.886676394103,30.4376167946568
102.80337571746202,30.490026768993477
102.85690160875461,30.51347193112452
103.00013373904832,30.47170005204669
102.85745561390782,30.340137977945062
102.9544242680073,30.406190557775105
102.96843179546495,30.389703970450917
103.04144009101131,30.45652090537169
103.03421465842281,30.495077169348402
103.06897401230724,30.432624872112328
102.99410295234172,30.418820176674064
103.01161560999145,30.479022360419858
103.08655023888367,30.470593291827388
102.92814949373661,30.591223052099313
102.92473785248526,30.520543890033156
102.92383316499851,30.51328649097791
102.92611507182637,30.486983321270436
102.90672030357467,30.416868721826965
102.98928356942075,30.57349520600223
102.9681048226778,30.58353148701076
102.99015267353238,30.514727564918118
103.07682212627697,30.66805683358876
102.95479004523472,30.625934441033383
102.9092952462216,30.631665727546558
102.88157841560984,30.504864752883172
102.86487833935185,30.518178028491455
102.84489458783602,30.50679629793123
102.95194398162705,30.54090518556438
102.90721601036861,30.618294934163803
102.91583108108942,30.629816562212536
102.76833230006322,30.64555766126561
102.70434953109061,30.594727648152123
102.63934482012716,30.582265456664754
102.61933942893401,30.5637467643914
102.62531638855626,30.481269957840833
102.67129617122781,30.353252723169597
102.65391415558688,30.279330407442274
102.71071475723173,30.22950232101792
102.65571029493945,30.275411335374745
102.73920567550758,30.23055861916767
102.7715522024212,30.26098393732075
102.63251359058208,30.283126777146027
102.5656099649675,30.279142465917044
102.53364740389738,30.30079290863081
102.55634466249957,30.37416201484605
102.58525171837356,30.420834835182024
102.64897018062086,30.35190725729678
102.75465371837981,30.350006929337404
102.74846529480233,30.356307861294056
102.69793065542184,30.335422631363738
102.6693896084153,30.32034808407532
102.70662728588788,30.32484446094372
102.72793539206182,30.285173750922155
102.65279718782277,30.17928362025058
102.5493528874416,30.188632778130778
102.53389469619384,30.20895394117778
102.56916874048609,30.23666783533914
102.5014707442041,30.243860917439747
102.5243620505431,30.25181916534576
102.61059180240095,30.182996995240035
102.58265697118787,30.121130844825128
102.57181054552434,30.14984635520798
102.56035477424494,30.121051607947933
102.42503524627439,30.079449746743855
102.43295743205907,30.09260157270304
102.38374325192561,29.94554350269752
102.35470659250306,29.950343349582027
102.38605373787165,30.03834397202202
102.34231553195494,30.06202071804515
102.30399279297549,30.104255444294953
102.3255907728576,30.09590372225745
102.33544128207701,30.115425651881093
102.36502564305975,30.205950682490183
102.36279932267168,30.17082208598677
102.4154755053267,30.096051270493337
102.43359758083949,30.115732860745684
102.4041281142292,30.180155440173973
102.44713888697174,30.19539177826091
102.36187696663173,30.17922100127091
102.43658099200563,30.124441024357658
102.43754819332368,30.1275227532751
102.49084753997943,30.0823100510081
102.5603897589115,30.071897566121077
102.62139431337349,30.129807538365284
102.63155200994922,30.09812848585659
102.57577318083474,30.081324587338024
102.62353098171077,30.077883487949837
102.59473497769827,30.20307402409207
102.48778336173893,30.252036739532244
102.50547085375275,30.328652410445777
102.46355839703935,30.249323450984495
102.55871727708089,30.07892566721714
102.62436822132369,30.11768418445155
102.64839285161156,30.110754019593653
102.66102783355606,30.165470667454336
102.62419077738093,30.195698201370636
102.63665036759937,30.094481931560402
102.62107585874125,30.08925562090292
102.71291805818214,30.230684311672235
102.65217469399416,30.123853955194267
102.65217469399416,30.123853955194267
102.71610101639645,30.2276409602811
102.74516572746757,30.252741247327055
102.73529633721412,30.349421820422062
102.75032754582932,30.35567345477498
102.68630511750365,30.23594666480035
102.63947128543226,30.21011667305714
102.56864980352282,30.2186057168631
102.51976997217189,30.226339070926166
102.53598782701243,30.115842148803672
102.52657032845117,30.107326276369054
102.47687672305463,30.24574068265537
102.51360558713486,30.296746951847982
102.51296256155723,30.285887857697197
102.44036677544926,30.19735365706935
102.50270547241074,30.202395023616624
102.42808341362635,30.191894544007777
102.4763331262259,30.169800421584963
102.34200048285777,30.116757473512713
102.34611625163731,30.186869338966243
102.4265007163954,30.198255947508493
102.37873269085163,30.150201357402803
102.28537347650523,30.077203582258328
102.29744252570276,30.037972422532462
102.31515461922429,30.122857196168944
102.33376942876211,30.13146491120792
102.34408211508338,30.164197957648224
102.39089397488111,30.14154923945639
102.37636827155055,30.200213004241878
102.36495242262,30.148636597579753
102.48427214256925,30.067873262357672
102.40059355561303,30.212376489637574
102.37404517127052,30.08721909950571
102.49602557165154,30.125132997674935
102.53620101506131,30.0974809829858
102.52160519499569,30.21006919614877
102.4707129603778,30.140968602503
102.41942399559476,30.055667466283413
102.41457107273901,29.992821018101612
102.42980978350163,29.86702217255373
102.44982267772727,29.953944203718596
102.3846367113946,29.878088617744595
102.50851157691645,29.925356155215624
102.46908428016462,29.915992041378637
102.50064530043424,29.948699533878884
102.55290589811797,29.979943531810793
102.45876056147243,29.98087845903648
102.58187422040587,29.929438374469356
102.58125702039025,29.981848351778382
102.66668558562172,30.004569046358725
102.58140703384672,30.077424532643953
102.55716512210938,30.049068617773774
102.51753815054916,30.13759259598038
102.48084609996985,30.153932736748413
102.49020444537597,29.982398674893155
102.36484481039909,30.082082284100053
102.44374562718146,30.114397368058683
102.34613711690392,30.072496453088764
102.35921297947286,30.10368681208192
102.38015045550435,30.12666243868422
102.3524677910382,30.08682376218405
102.30823365434922,30.007995187454004
102.28601954937675,30.065528493475753
102.34733584044909,30.154279431852036
102.46421877545924,30.053707708106202
102.39805740118386,29.98772757570746
102.35898157730632,29.986688681256915
102.45819182223765,29.961668883122115
102.54856138661604,29.92936926294729
102.52230400427327,29.913775013008934
102.54852705521004,29.92683912122153
102.5057273216878,29.964296565988864
102.38607953590744,29.965738086669493
102.32083916348009,29.952127913800904
102.3551451214807,30.021308164394025
102.34265623721429,30.001293319241455
102.31949100990896,29.941512300746634
102.36863160837846,29.966463239268755
102.31102464544611,30.018448261965567
102.32272537061344,29.99812034217857
102.32191437337156,30.03938341560546
102.30852136974627,30.085762073888702
102.29981697520105,30.12099118923378
102.38143642356131,30.142113715043255
102.41491794065445,30.246382452339734
102.49751747776949,30.28879817100272
102.65795199693574,30.175813294379164
102.59478425044078,30.2180957771215
102.48836167891699,30.322164029737667
102.49230582780795,30.351921093118737
102.49590886301776,30.441241749626943
102.60362476447752,30.447856063332043
102.24932302257672,29.013605930546383
102.1898252881836,29.04531882499019
102.22486567410732,29.05624297451905
102.23275393462801,29.00565075348085
102.19160159494561,29.063600764025306
102.2091451008583,29.002924290990286
102.26103566370583,28.94088613489177
102.26903143262051,28.95315797088634
102.25585101387256,28.912157532486148
102.22284667716944,28.979235896155792
102.32099486054486,28.97125595494615
102.35499010331628,29.00515980631195
102.3988960224832,29.10312796870528
102.35780205500157,29.098818977221246
102.3804460806422,29.127858389218883
102.40431134051012,29.074513715703134
102.40431134051012,29.074513715703134
102.44360159900114,29.037675701590857
102.38940413189839,29.079157144607617
102.41327101207878,29.114050111863186
102.3882825615802,29.070921215173776
102.41545110948326,29.079030011543246
102.41111823399669,29.100580177259342
102.39991253806265,29.044605043616336
102.38889842236891,29.131328212892416
102.38240139817793,29.131428020137292
102.35294876747493,29.105148040619046
102.42168545924662,29.09079429036944
102.44815474546196,29.068940720486808
102.4115733290411,29.063097881330037
102.36910468460107,29.098232483774776
102.4261985081498,29.025250305217984
102.47868301635387,29.04049788244842
102.45897367422322,29.044162425774907
102.3946712805171,28.964151170395553
102.39370324630048,28.982945617150566
102.44470817479292,28.95302222981403
102.47040773387839,28.929922455861707
102.42471519623057,28.95289736815369
102.39834938765046,28.957654360192773
102.45120301832944,28.872682963624907
102.39627574844864,28.914387353057805
102.41846236259734,28.949781825398023
102.35384726889728,29.02514391561467
102.37017129419664,28.929255064999833
102.38583032098775,28.87519394543625
102.39120828035979,28.987815333615618
102.45600878532731,29.038340881540236
102.46432060543526,29.04145614386351
102.40414651438309,29.063486065672702
102.42200506313114,29.074065581114745
102.38902339152787,29.112611111795452
102.42019012430295,29.094582759386977
102.41173325136904,29.049566727484038
102.35539912715709,29.08849853325932
102.3763480085841,29.093344422661595
102.31567141749238,28.96100648055861
102.24687849447025,28.991695442531004
102.27357011597208,28.96068340515947
102.27833036907427,28.927479694700985
102.254937409483,28.977954202246124
102.23192220996363,28.981122119002773
102.23619709743502,29.07000247424352
102.25275761579145,28.980257073089017
102.26975692446572,29.044745936529
102.28323665485587,28.976439375064437
102.22254686808128,29.008474191428586
102.25265509707405,29.08008514130566
102.19096921529848,29.027076522163874
102.20627779495072,29.091959309045006
102.20684878444605,29.0585454410458
102.24933130281433,29.062541813892146
102.23616313439159,29.03551087420786
102.23184677405092,29.034765704197405
102.18518670666133,29.0210973314849
102.25013576492947,29.043436842116485
102.25136187604947,29.03045563463113
102.20408843536109,29.0421443185628
102.18956505703747,29.02981038025978
102.21447131284654,29.03090550464067
102.24453004719815,29.009357126743954
102.23618468924248,29.02953513138995
102.23074594621633,29.11371708616784
102.26789162554653,29.071343868227594
102.2642414716125,29.04891709230964
102.2642414716125,29.04891709230964
102.234575606407,28.956595627703393
102.26149515600757,28.981366832695496
102.25200661383938,28.957284151593754
102.2130135613002,28.9941126737426
102.23929864358031,28.97871307690907
102.3642574529416,28.93106300580667
102.45900512998995,29.011008366972824
102.43218977766978,29.009535078376306
102.36045674668618,29.010294286094314
102.37267794299596,28.937695658534057
102.42184253897801,28.90974644080167
102.28950534597857,28.97643364692949
102.21047140865,28.980624068265772
102.2864645466166,28.95764335948435
102.26519485636234,28.96862403690274
102.19762930190065,29.007661724211495
102.20742040528727,29.058899264004104
102.21503646453077,29.06606264465886
102.25230219061454,28.975359804218908
102.24606555009576,28.949232989657173
102.36394286413207,28.995081641217453
102.31715039022636,28.893650579924902
102.40665354139912,28.90213859714215
102.3449641700416,28.864381775125768
102.4025452317695,28.92096081703238
102.32757262703605,28.942968263889224
102.37067054624437,28.940454202654806
102.42080829941465,28.92019255149743
102.48272071293268,28.926076679233212
102.46662208500693,28.95815636495721
102.4580356221286,28.917001034296177
102.38346327991218,28.96584539080468
102.29092615861539,28.96854297931906
102.36789842966226,29.00908544433211
102.4343539899953,29.00204549574081
102.39595922912154,28.983550870546896
102.4595568749922,29.01311011827396
102.38877433743718,29.102533144616782
102.47903941442777,29.00621351661297
102.4675659750205,28.965712727689088
102.43253687171364,29.016677400433732
102.39713706841569,28.999006065585686
102.37382646433387,28.99929158877136
102.36553624792947,28.95265702845802
102.37951199061321,28.95291788376539
102.35639796852429,29.00702911700263
102.43149289022973,29.016019017167636
102.37226596277732,29.01278393414232
102.32912250690606,28.97581075295534
102.30151889478212,28.980969016365577
102.30805719812113,28.97711364955598
102.37030277807675,28.96574937748769
102.36414338298592,28.880724679131855
102.36414338298592,28.880724679131855
102.25300647020337,28.92706210128508
102.18359265262956,29.017803079904066
102.21736716091779,29.019007940165423
102.22743912443786,29.01509614528866
102.23986784229187,29.0530850122447
102.23476182801583,28.97311551304532
102.20132983362224,28.995397092900834
102.25500160165838,28.99108028038305
102.23768178852018,29.044271437149636
102.19037486198914,29.04243003839227
102.22652529151415,29.08028879061225
102.24792887530928,29.063911290155556
102.22729089657396,29.073737793585654
102.21723967303645,29.077324402552257
102.23235353124248,29.071159348425148
102.23147764827279,28.999764191340876
102.22470776447763,28.985074769548433
102.19740015884166,29.032815372352268
102.24247305601097,29.070268443011667
102.20926105914968,28.994133897263065
102.22441345059941,29.023659990985443
102.30971252641926,28.94511155272886
102.31492048630616,28.888954236671093
102.32833105629246,28.89506827153418
102.32867078183028,28.896720417429965
102.418352305215,28.93112430539643
102.39019283916714,28.954621383829224
102.40549559179281,28.88721303471643
102.38392603531611,28.919090644710572
102.3834433470345,28.880181969240542
102.4328651968854,28.889121850455776
102.32548270178883,28.958351006307666
102.20669749587063,28.996731817324275
102.20430525837207,29.036503511106087
102.25979824411698,28.977955264336977
102.28855245574334,28.94406665724636
102.25432243338877,28.93511826075698
102.3167011358826,28.98726887660459
102.46173396953175,28.979766478818103
102.44716991693771,29.0040001284195
102.43105286419288,29.00796256788674
102.4289976557024,29.036764647188352
102.368587862267,28.998247844616003
102.44457144553498,29.034039702944167
102.40571944257574,29.018968946574464
102.32943320697561,28.975411144339848
102.23554959213224,28.9605971797646
102.24211672750015,28.995839480671755
102.24654698923477,29.07297564009482
102.27658002405475,28.936054083640343
102.28788021894322,28.979498580215424
102.33907373457185,28.966130106422426
102.28177872613568,28.969079791281647
102.3196805750726,28.954389837422788
102.40222736666318,29.04807885868532
102.44608610198863,28.973499976997424
102.4736652473304,29.044745723567665
102.39686369526103,28.98631424607957
102.36564494971884,28.986640857713653
102.43760536796432,28.966876758401618
102.47575331093178,28.995197864134738
102.3870094730537,29.056966571986855
102.37558989145354,29.017434452199005
102.4029701372059,29.02222758899524
102.39028338846788,29.02634577739085
102.47446723275918,28.92599588729079
102.39736885382409,29.009983475548335
102.39736885382409,29.009983475548335
102.35671394228488,29.009582615356695
102.27012752323998,28.961953283671352
102.21301174961789,29.03098961889956
102.24574767027909,29.0671666856654
102.22010063779842,29.088478236572893
102.2208759676566,29.026317506042602
102.30008543436224,28.9722677995618
102.33375611256278,28.95787087476138
102.34960660205915,28.981585823853994
102.35898070085074,28.87569451741644
102.29612513234612,28.969043334271817
102.19784524779813,29.03883255456801
102.21544172028146,29.09380528934307
102.21920451425278,29.069897199095724
102.19748150932942,29.05477914934113
102.25681092894179,28.98997563171077
102.30341168863508,28.9458952668401
102.37703713491221,29.031938647325685
102.42663031904169,29.015286200456675
102.45234514539314,29.058432827435222
102.41285487514634,29.059403223259977
102.37567772482312,29.126810251094188
102.3609189388565,29.118587161370023
102.38260058343586,29.11270905700685
102.3711641425046,29.10050377990694
102.42954578917937,29.04373531178482
102.45269713039782,29.006918177691432
102.45577029384147,28.965568363397278
102.43730861026235,28.880689704684652
102.44715089276545,29.031598818998223
102.49123028054055,29.032964040807183
102.44611685759922,29.04304175350508
102.42272615623233,28.99022975215615
102.44164608456438,28.92110274848735
102.40119746517279,28.955082709106208
102.38348687685325,28.967642990905148
102.3431881147814,28.87934299191624
102.37358077665641,28.887348082057592
102.34380110729815,28.898556239178873
102.33238997753378,28.94625286140457
102.24809180808583,28.96040689544143
102.30329131886083,28.9604183629573
102.2778609008792,28.95861278479917
102.29871217815237,28.968098055563896
102.30656711215357,28.977312652354133
102.3703027082648,28.90946440175185
102.42226504024327,28.97725590767131
102.42511605635991,28.92021359036796
102.42793854792492,28.985421121803334
102.40464581823721,28.965419394642556
102.4294102831178,29.039694678556014
102.41204522620995,29.048500417356887
102.33055908809676,28.94941237034347
102.3327263258007,28.973346382645172
102.31482260999528,28.89965211850258
102.32278019606153,28.947238236593954
102.34412108365004,28.88648345417662
102.37698932292807,28.863766080706547
102.3564668359144,28.85694727322561
102.34257611726088,28.887511305568662
102.40857419244557,28.861004358533844
102.3931688111676,28.86937760898143
102.36300721590517,28.885101362790245
102.35481387554063,28.85980789920988
102.39557299991945,28.888543124476524
102.35750457557562,28.90318727537595
102.34613967919142,28.89211922069416
102.38960891999615,28.863553047935014
102.38216666667941,28.85842919900131
102.37571370660125,28.928751996513864
102.36982848286812,28.898362965884893
102.36070901661121,28.933598849571485
102.40555585993128,29.043410578323822
102.38336479556459,28.946398637300764
102.24872418682371,28.915775432081965
102.22874296158523,28.967580850113837
102.30998264079159,28.97985033649969
102.25912243574359,28.986899405488476
102.25065604791217,29.06916947428937
102.23126097263491,29.1081129903638
102.22873508742528,29.105043257876915
102.1953228844044,29.05866421506154
102.23352034925581,29.001476846927233
102.21855157567639,29.029015695086922
102.21493781950092,29.011676131221325
102.24114624214374,28.958342288023523
102.23210422627862,28.997563674382267
102.21114790387227,28.983302126196225
102.21458901342766,28.993907985367954
102.19807083784337,29.04238353832216
102.23801944576209,28.998917379477426
102.32641732530108,28.975761384189166
102.40245996866163,29.030084531047436
102.39833108852886,29.01642763014338
102.42023567814293,28.960401237729567
102.41237309217408,28.957880542737733
102.42372995854934,29.01525072804163
102.38592315043985,28.958727230426312
102.44679353406472,28.963759890459418
102.44899234819947,29.014781240793006
102.44410349704657,29.044029296850415
102.43488620872527,29.025878260086067
102.4681220806699,28.916363436649558
102.46226607214345,28.91872675858056
102.42179857460256,28.931968018416658
102.47674224010765,28.921853091199146
102.4412568111681,28.922106323509187
102.42159594036666,28.953810698745688
102.4424004955824,28.88322198888302
102.44869770192612,28.908246237828145
102.3920660069244,29.051023296822304
102.41231597333565,29.080080905342065
102.40888169459762,29.133475278764966
102.42335365516927,29.052406903524833
102.38145281907016,29.03219165488371
102.3700125188497,28.98708477721487
102.3600920093172,29.00720052060371
102.39147951308661,29.074085661901382
102.44198188196229,28.948648958231768
102.48424937981056,29.000031163501355
102.43631530157658,28.972972945884962
102.4346603826851,28.983155302890736
102.41397556740878,28.965815486190017
102.46783661168115,28.98785029674714
102.49864908997603,29.020447721119154
102.41649915774536,28.90658149889923
102.45007473635681,28.87425600731291
102.44886185141175,28.885745376324298
102.41883607519493,28.855247857489413
102.36786807604085,28.879951811928983
102.36377026272436,28.871191069676634
102.37336008148581,28.888508658105717
102.38266172392017,28.977782817330198
102.40822854779783,28.96754837701223
102.33975142552521,29.010928262973707
102.34636006940787,28.93674921663285
102.3622966813883,29.020506763713946
102.48359689997648,29.031030765641045
102.43357699412888,29.043170203562816
102.36394009459983,29.118907408478364
102.38749686602588,29.1069418457733
102.39416471604406,29.10885589136672
102.38407340480677,29.145255908373056
102.39801275728834,29.107815167204187
102.41767126531578,29.094788278308428
102.42107636499681,29.049206118399816
102.38518706941804,28.97147616438493
102.34869422351768,28.96808561441862
102.40478891374258,28.905223190123415
102.45279778476771,28.956191942934
102.41288583961409,28.923060471710603
102.3957420589353,28.863971197864966
102.37024573215484,28.944193975317045
102.37449804709678,28.93575838196512
102.33385415606806,28.8886336057292
102.34777380091656,28.899498892490424
102.34724305987544,28.9404547946874
102.47696005856852,28.923312694097813
102.46392767899056,29.000036418594956
102.40363925184091,28.976246048100375
102.44187916363587,28.92930712327897
102.44909754896685,29.046728415401372
102.44909153152167,28.9885421267191
102.4784194566676,29.04659731062972
102.40618660691653,28.984368936168867
102.37849072645903,28.97555575998348
102.27305126070154,28.96318664344379
102.34718396706096,28.97453284373237
102.25292070427751,28.97078562078268
102.26269939763583,28.91678256317081
102.34994739104094,28.860223547091277
102.3086512072636,28.947657065875667
102.37954494835665,28.95216447338559
102.40349356560505,28.95952790561292
102.43733333739591,28.974561780384395
102.40354550650696,28.962503785620072
102.37040811761986,29.00496673734187
102.40773591502843,28.939802530032935
102.47747677209517,28.91932691382987
102.43621820641683,28.898694531114955
102.37009148388631,28.889688813237893
102.37035028874685,28.89425929147747
102.40486040575408,28.931065942694065
102.43765336465698,28.983028394782913
102.46126385169644,28.954981526205515
102.44825661502259,28.9602850411099
102.4060119680153,28.96887824459773
102.3291457182089,28.898650908526434
102.32202309148069,28.898599841719857
102.30721861196992,28.947344493218342
102.27062875901245,28.908786762336916
102.26535335994623,28.92891516563598
102.28099963743477,28.979441329889728
102.37829550475998,28.98080622162083
102.37893492395868,29.001061241892003
102.36871627748472,28.98288669045986
102.38998847608418,28.94916545331214
102.39547098102715,28.93811235711478
102.42941792279818,28.89887273234633
102.34767090253926,28.894402738707758
102.32816057472728,28.897972594467515
102.38054500397402,28.969049240945253
102.36489877261005,28.9774492931113
102.36847312458488,28.97047684112411
102.39161443459514,28.973438009087072
102.35685442269431,28.945050594068075
102.39028093072446,28.97997040476652
102.44314439361099,28.88956660365764
102.43517271518265,28.878908852814988
102.42706989123931,28.926577256923807
102.38588877323599,28.886709887084912
102.4382208676583,28.899290494753917
102.32944346398101,28.88806955827907
102.2594698249101,28.931184615197335
102.27202191434684,28.928582306459678
102.2842473387787,28.952627058775025
102.39777890669,28.9417593113249
102.3833106095406,28.857124299565562
102.44497310836417,28.896106654834306
102.45713014605302,28.899080787752705
102.42034293665567,28.864195509808855
102.41699829542482,28.89523292340665
102.44207083801041,28.90446215428593
102.43419617995717,28.913099821130615
102.34274460872565,28.898259377697567
102.35370295030756,28.864781898282434
102.41262001729854,28.859510761548414
102.38978451672007,28.876294284669463
102.39589901393151,28.928668132072183
102.47366556718622,28.987391173720432
102.44795763918543,28.9353422686185
102.39992536137792,28.92966537280662
102.37211034388766,28.890822549358184
102.36500491192977,28.893850059475035
102.3482465934269,28.904685368457883
102.3971833073316,28.8754681222119
102.38549577398669,28.910224430372633
102.35195137148153,28.870117871556896
102.39825402066249,28.893523925010086
102.35914443955325,28.943941443041716
102.40653545974989,28.9330628154421
102.39955086374357,28.961707463749054
102.43641139593942,29.02144746943431
102.42527090666698,29.001141717089812
102.35075092072304,28.96774143152626
102.35760073851068,28.95449803302574
102.35206351225406,29.033925486378863
102.39030614897968,29.059327890943212
102.3839652661517,29.040659207278217
102.37204863991585,29.00822041786155
102.37069219144132,28.972420737142873
102.38064252670183,28.912603059514584
102.41153692980858,28.889625018303132
102.44911512362674,28.889230367564682
102.43691149084168,28.90245875207763
102.39645996176125,28.884566564594415
102.44225193757008,28.928291663066414
102.47024217092616,29.004648762018
102.38055755776155,28.99647435303454
102.344565252022,29.019094887095438
102.43872729260512,29.01884831833178
102.47712532130723,29.036669062620224
102.46556280276315,29.00051098886369
102.50040100414185,29.009105481020317
102.44774573877113,28.970128248142636
102.47151825722305,29.021766105029226
102.44278137756586,28.995174555270083
102.42067601317562,29.04320571176856
102.34995508627563,29.0906895879153
102.34995508627563,29.0906895879153
102.35576075771776,29.11563935827552
102.33787148333947,29.10102989940922
102.35551342408722,29.101477363521685
102.40008886478213,29.08780593050983
102.36374759105288,29.109793253698257
102.37893383547843,29.121539649387024
102.38971733583368,29.13398474928155
102.43889228384671,29.042470973555695
102.34359741043919,29.07887362830555
102.44504747523779,29.046772706542704
102.39668246358158,29.021394191312602
102.47530837724963,28.995759160136267
102.47586652931187,28.923794082043162
102.42337682847153,28.92788561428146
102.4766588980678,28.919357290481084
102.39311329978942,28.884119459316373
102.39311329978942,28.884119459316373
102.294465875703,28.96340213825843
102.24258977582076,29.038077732825197
102.3123284453821,28.962422224380663
102.28592835478594,28.97417473287392
102.26589713777483,28.939523703270282
102.24442046970921,28.940087312675953
102.21826631641463,28.97883581773911
102.28630401193263,28.957319692271177
102.35654946693428,28.961680799538062
102.4165710373484,28.971847259276725
102.42678658747846,29.08304801446709
102.38219696848962,29.1511594849056
102.39054188759955,29.12692784714374
102.40014546177295,29.048829846341533
102.3547926346009,29.03080983464017
102.3547926346009,29.03080983464017
102.34931742493474,29.010324965567424
102.34816542449556,29.03039203831525
102.31577234614498,28.88745649861184
102.3480859879031,28.8594721368008
102.38506136538518,28.896509153321357
102.37966478220652,28.904996825563856
102.41765842484861,28.873286392057327
102.45593441192062,28.97351834552704
102.46327587436305,29.028426923555436
102.43057615656942,28.97669943128378
102.41186862425295,28.94123310027991
102.36664900836873,28.90598884488574
102.36664900836873,28.90598884488574
102.30078953592879,28.94976785899902
102.29949707394968,28.959350261619452
102.25990819979276,28.924026418724385
102.22780621038451,28.987933612994237
102.20063942825593,29.069503147838372
102.20063942825593,29.069503147838372
102.23681047560893,29.031988854643927
102.19235412488612,29.039707984500033
102.26647795858553,28.964484166532216
102.27677044714729,28.929916592355053
102.27511127380622,28.922924601912722
102.27333314027982,28.94793027094779
102.27000086875363,28.980779959752674
102.23700281331566,28.96822706597799
102.18527376454522,29.01704693807835
102.24512915383107,29.023616341359805
102.25190010999106,28.95093850624538
102.24503308226313,28.951457408395733
102.24503308226313,28.951457408395733
102.2495090689728,29.036808847234983
102.22656159187741,29.06154841340125
102.2111890493096,29.06824698088917
102.19092279616169,29.060368049598228
102.21364139945433,29.10935622214958
102.24141802384833,28.9631105664117
102.25801606720573,28.917399558457983
102.25801606720573,28.917399558457983
102.27177391428455,28.983949273499427
102.22505717306727,29.005537198792876
102.24870129232788,29.03409702960718
102.23285808732601,29.01591602718144
102.26966768423468,29.069191781551485
102.19758305891665,29.032766475599036
102.22204019889587,29.000791179637776
102.24744469617211,28.944555854222482
102.25867749908298,28.906791892978166
102.32390287276178,28.95344042643296
102.28628252625099,28.95772384395176
102.27215305166169,28.981960523559444
102.21847226939154,29.005807188274577
102.21847226939154,29.005807188274577
102.21051606052673,29.049369853668747
102.24345043430685,28.99162949176001
102.24075781387504,28.988503913897617
102.23643875833912,29.028649365324217
102.21537527277113,29.106662759801587
102.26257825181612,28.94118169793913
102.77089090964283,30.709998881177114
102.74317934799073,30.666663339069117
102.87053038381036,30.677679674366765
102.92019578941719,30.768818812505234
102.92432517125222,30.69257576621122
102.92024236532703,30.71577422885426
102.8008173147431,30.79760202948536
102.6994782898461,30.850852523130705
102.53120497133958,30.79626288711888
102.55150690533283,30.79600907998861
102.70304630946725,30.89026397501269
102.71161755532806,30.882234078110024
102.71970232398206,30.75076406083958
102.70526257167685,30.734204274131777
102.67969329981172,30.83138385264527
102.72645316156064,30.81751213318248
102.81601550322654,30.780338567462678
102.79810291257662,30.719674774946306
102.74854108430733,30.66327733720467
102.75037801689272,30.68555216486684
102.61711468361445,30.7006864112656
102.503722469479,30.491455822673725
102.57536368255404,30.340894856883352
102.47309171958835,30.267189103827324
102.6219371695743,30.23242824516456
102.64327305869477,30.212761248579373
102.61627916856321,30.20910474793551
102.58682056843338,30.12875857178386
102.59949942348916,30.113864957492122
102.54672744058841,30.084776120501456
102.4881361625482,30.150118801327512
102.44257300410885,29.98117380397669
102.45776543691947,29.94885467129978
102.46342233554181,29.882057740334275
102.44824956488848,29.932436633724382
102.51621752626329,29.785279668538664
102.51621752626329,29.785279668538664
102.46454534212079,29.843186145561766
102.45586001700214,29.83357412439351
102.51594159503367,29.856407739459918
102.53537337696163,29.905054587571865
102.5212614567488,29.919014661898377
102.52080941833975,29.893611312320928
102.40605493051447,29.940145048439085
102.33720284145991,29.86950984694812
102.28720067295424,29.861929172383494
102.4386193756753,29.817448175366465
102.3669787899282,29.745814076878798
102.35176517352313,29.815136624026813
102.31883709818693,29.869553643371255
102.32379520408384,29.87474961991133
102.30936059485639,29.840255685033146
102.35339966145567,29.857511784563155
102.3940147288803,29.871332944170067
102.39245201056261,29.867965657159676
102.36981546205439,29.823613959507195
102.37531337544512,29.827446659186144
102.31049230970217,29.853262750884713
102.41067226807564,29.842389322172377
102.36111662044976,29.736210809579493
102.4208151142851,29.76348912371132
102.37540959814912,29.86473328142264
102.2764424235798,29.87548216081479
102.43219890184399,29.79589028792128
102.45055140231166,29.77071663481834
102.42523980827632,29.93032123056632
102.38812880651534,29.9215377658613
102.35163849224732,29.93062416637193
102.34281453960327,29.903385627174593
102.37483563360671,29.762386682049307
102.53051906189509,29.72927088908435
102.65666927604043,29.72750618796907
102.61836966687038,29.698106701990458
102.65798020174148,29.671261944301598
102.8255569883966,29.631559336926244
102.76412482563073,29.632193250028386
102.74219817454988,29.534678638662047
102.73369290765268,29.519466720868895
102.69843691581472,29.57790770919166
102.7626813829936,29.584144221303944
102.61167489818159,29.71659912402779
102.61117551902979,29.718949580543097
102.70081350608996,29.709463455178454
102.65995874075006,29.70842022951476
102.5313899266029,29.707749466917214
102.50797497335697,29.695206466066143
102.35345236281759,29.721467363988342
102.39196298817811,29.71356752057565
102.34145043133523,29.72083929885868
102.40006714454339,29.797626187575123
102.42351532608093,29.70688217060135
102.35839109669176,29.754089826744934
102.3315776810362,29.73354667862098
102.42071871864796,29.799648646055196
102.3667871557293,29.914142132846393
102.38212565613861,29.821084906558646
102.38212565613861,29.821084906558646
102.42174542881502,29.883395437246577
102.46292774636082,29.95993238195794
102.4704335508466,30.028741024025297
102.50902907905993,30.034247360702295
102.44184117882912,30.01284671905668
102.43087686252647,30.101385605754484
102.44750493241378,30.09632771745422
102.6286958252302,30.14220388299088
102.65085739276098,30.23600467549007
102.72550207824212,30.369631745749157
102.74971818310631,30.26219023690428
102.76147658711444,30.241424901927807
102.74768901097147,30.228112659498304
102.69860497472426,30.317404580026647
102.75323835290759,30.340906592960334
102.73341527584472,30.373554735982573
102.55588382702722,30.50590266919999
102.62853844166722,30.415724991231258
102.59264757140716,30.336681740664247
102.60400979102509,30.39906270702371
102.58947077751526,30.34685582487891
102.61695542623403,30.233955291770656
102.56547715414223,30.208517755036738
102.45874491682767,30.18855203637766
102.46617080657927,30.263168255589015
102.51724069621206,30.229784912064854
102.5811632514202,30.177392730717266
102.54782003627709,30.18682874424669
102.5467528958769,30.172277589790795
102.62406844998173,30.19513966480053
102.74231921890569,30.21230847865654
102.67238854756218,30.279756660414034
102.7066021716235,30.37041310639714
102.71473382968277,30.365642169259726
102.64859747158754,30.434834276719442
102.57831207357093,30.485095959820967
102.51859388754528,30.339073857917008
102.4683290587701,30.339927112589137
102.43218686132808,30.274990748408108
102.4341027277614,30.23394099192224
102.39220849489394,30.219401157890108
102.42951464066303,30.210555730530547
102.42410725968656,30.162710361488696
102.51057966921249,30.164124944846165
102.61340021357402,30.11521494430236
102.57118172117768,30.108009469121612
102.5006166874672,30.11240457794889
102.43460474860554,30.0994372465654
102.38061514101409,30.11385903858687
102.40771081245468,30.118124698454487
102.45800305201644,30.099660857070656
102.3449557021913,30.077609791301725
102.41186057457575,30.07906364889424
102.36029641608249,30.17256489867381
102.41770330668457,30.154839246182046
102.34305101713247,30.190796986192066
102.42224995945818,30.16402270402597
102.59292091568221,30.261745965665096
102.59823094877437,30.24656547831472
102.54844686984646,30.26837160360033
102.52761665054997,30.253128950318413
102.44417161285622,30.213749596610924
102.43123529683534,30.194090213156027
102.40200101985792,30.15625527610991
102.38678485795894,30.064087503015166
102.49824485762014,30.116670434994948
102.56178908311989,30.129822481257815
102.54760009761908,30.220086508512257
102.57330951501353,30.199244141454134
102.50565763133869,30.19585696516664
102.4911800857413,30.172273025928
102.42122496500342,30.224986869217197
102.54539766156265,30.315410004437844
102.50418340476747,30.256800882256194
102.52079289119436,30.237670121059274
102.53736772883914,30.2196080879355
102.51359086849239,30.286584221356655
102.56599138128774,30.31815056617997
102.67922849431902,30.41544120484668
102.61165414341002,30.348192598094943
102.58746139284298,30.25153712545405
102.65092485421759,30.37190869207596
102.59630553951902,30.309972431992858
102.57292267027148,30.409559985039767
102.64280589518353,30.429599163698867
102.63565633277898,30.469627352039648
102.57589796387826,30.527307668043058
102.58234016880431,30.507589686822442
102.6001222185849,30.366978325861137
102.67300580816834,30.29218777897813
102.66111003210757,30.143743681537135
102.58192136450462,30.111746562026678
102.61716219247637,30.155690749275173
102.53599034030321,30.058903922826495
102.50113920629941,30.0399606450696
102.55549293945502,29.979626683551608
102.54330867944738,29.98455431186863
102.51512070442023,29.998207039603393
102.51673855108014,30.068387891915012
102.52637241569963,30.181100349984245
102.54121301485127,30.18817489881761
102.41113440532868,30.178866792968964
102.37391754169396,30.200738528755796
102.35753512618732,30.14226502996975
102.30689371873879,30.12410002147536
102.35548023451015,30.035476616794735
102.3662715807356,30.016813767590342
102.30623236638563,29.836455244401666
102.35999227324784,29.796379074251732
102.44237847693604,29.718222797176608
102.53867211208976,29.698433298435045
102.57018977649244,29.7330688475229
102.57475199994497,29.65984057435323
102.54719734975733,29.678131096134432
102.57391733504535,29.70871060263004
102.56142044209294,29.722411005990054
102.59169613194216,29.678876119134337
102.57960285705053,29.68142473019082
102.63456980366448,29.69627494321128
102.71264526030555,29.640216313109665
102.66681302076434,29.61391103353626
102.73305885544112,29.62488838711287
102.81590583685063,29.613940420580764
102.84236522385964,29.620343891953233
102.86501916857289,29.61414732464011
102.84486143991707,29.599742320128748
102.78472942357489,29.498396753160396
102.85278216233506,29.502939490170988
102.82566573412599,29.574064551165424
102.85747265468267,29.562413611826056
102.81891830689545,29.52220575950281
102.79256696370594,29.520311765835885
102.95696642077219,29.550017431236448
102.92878899116731,29.549210073748533
102.94563655094801,29.620138653534642
102.99345311062271,29.670350768724912
102.90015726846899,29.617580456933293
102.93537213466462,29.502956081648176
102.97253306154506,29.575879372913022
103.0019423201972,29.521008476099347
103.0892592489482,29.50316425760784
103.02902021718972,29.508691653901643
103.05610577999227,29.51222999159613
103.10927794843101,29.521854133024817
103.16883194675577,29.45647773577812
103.11836828002966,29.51823410954848
103.15107741522952,29.44551940185668
103.1326660745311,29.5055282052537
103.08939691287772,29.462174529900086
103.09631065554692,29.457749270751396
103.15747900371686,29.480635705326875
103.15779119530286,29.540197848205022
103.19026750317607,29.517737030365957
103.16431426885232,29.526691423671494
103.10736565701242,29.526821938228778
103.08348155080839,29.533682234813657
103.0369144118603,29.50619122663304
103.07093658703597,29.51062573184327
103.16088874550474,29.473435306213585
103.1372953041687,29.46026604360078
103.12166542146953,29.44595156198197
103.17474120586863,29.52435391885964
103.17195996151466,29.49625852686599
103.18076519863189,29.48252297867162
103.19224320549408,29.50421925246186
103.12073068163146,29.532712310427293
103.19944111586558,29.50478310477202
103.07099661546285,29.492633056008078
103.03276807537118,29.454028707611076
103.05843533398523,29.462015437011598
103.04061319725687,29.45289998117021
103.03371458034484,29.508756367522086
102.90208781752601,29.579876691815315
102.95478905232467,29.58159817173868
102.96735398346044,29.484871920051116
103.00026348412219,29.466544876371607
102.99405833590635,29.476980108303874
102.94930894995971,29.466259949329665
102.94808630219225,29.42927744859589
102.9466219926641,29.41890383860107
102.99640418127554,29.434918538865904
102.95884632418382,29.559286624496586
103.00204261006488,29.625946744009198
102.93718192120865,29.670126536775513
102.99308793700881,29.640607319965266
103.00012177344077,29.591271088790425
102.96263908854279,29.544804764520922
102.96083806880179,29.51175147557574
103.0439916247465,29.470252175493766
103.1075637768618,29.49488032081936
103.0943181974357,29.445754857130225
103.07840047816794,29.440467291187748
103.09426576036239,29.460367248527437
103.02555215770235,29.518616791672407
103.05390643909354,29.542023919351514
102.92508087617641,29.50664317285666
102.95021488621585,29.473045958491102
102.94233496908905,29.448827649792438
102.97649771786703,29.483862462612556
103.04566673701406,29.500100748315564
103.18110428217149,29.517193714904618
103.15926893266752,29.48385931234621
103.08701675506079,29.533010470650247
103.12263116536013,29.493129576791723
103.08915341002428,29.517779019419347
103.07917319998002,29.45157484003677
103.10740063562395,29.498218364267295
103.06014383865318,29.472801126305857
103.06388480294349,29.471284118284235
103.13792444587348,29.49046766766538
103.05305918756548,29.516743242834448
103.0507103776377,29.501265469155417
103.08231850667731,29.471206250734856
103.06763770801682,29.533104958201406
103.00504816928732,29.531693443255836
103.0357044005177,29.53496676620325
102.97917121069852,29.513403791474442
103.04012550397593,29.533905999837685
103.01826065933972,29.550808966706654
102.92996380253406,29.484945892633174
103.01292055978885,29.4629170432904
102.9767788965949,29.571051655287505
102.89834672263338,29.612009479249302
102.9386008420945,29.555877791065424
102.92002309359322,29.612181762525598
102.91780776089486,29.555233614810138
102.91685206944162,29.541990968449962
103.0236891686927,29.468303488233587
103.04387807440088,29.471318346692883
102.91870747823315,29.433644408750986
102.94211293488982,29.53373846550457
102.90125491933202,29.57602317153019
102.83295234176262,29.614787225177665
102.89812394532908,29.550218830723264
102.98079478301132,29.48272752668619
102.98875124376946,29.44191643759519
102.92238456638843,29.4609635128465
102.93959485933848,29.40824304078436
102.91460880960618,29.429467362807667
102.9770880491418,29.517695821970406
102.92146549893279,29.635208980142277
102.93773600831696,29.67346943694329
102.93417803573564,29.694718394409534
102.95917559921514,29.720325472776445
102.97957410783536,29.621557378232726
102.95811404669325,29.68377579051885
102.96029157052885,29.675053595853697
102.96584193253675,29.618621891463995
102.95819490337067,29.703058905214935
102.95838241268883,29.660752891950857
102.89402875315847,29.601648306188626
102.83062959532627,29.63551988307654
102.83062959532627,29.63551988307654
102.77644085920467,29.558060428393883
102.74305585516178,29.542411411529145
102.71054002472705,29.594395937697985
102.6794533554848,29.66733721813202
102.68116141561364,29.675084594298657
102.67554271670464,29.72050007330931
102.75497463920202,29.63229049292694
102.75027377301848,29.53665910461832
102.70355859909382,29.570663040665607
102.74207869728544,29.573782369897824
102.79868040636772,29.628186994316426
102.74160692770046,29.631354501430913
102.71142786446168,29.531963704137176
102.72391801019842,29.537416647374666
102.75813059034708,29.48951018743273
102.743764385825,29.5032405680267
102.77468210367347,29.50995413185125
102.78019668307782,29.562876154369732
102.81141772450077,29.524653107673217
102.92038246940334,29.60365800117121
102.94135740308721,29.656981802822077
102.93184029264502,29.671695069261755
102.94697151479515,29.680681348793836
102.9876004446929,29.682242814153216
102.94225970978135,29.589325777820306
102.9302526170159,29.585381237553538
102.96666644732571,29.669525633251332
102.94764997344832,29.60098181478726
102.93601054314307,29.628157379199234
102.97194986395687,29.64575580740407
102.95484340553507,29.627597887116174
102.93933352612649,29.635866110272225
102.90778345429268,29.635038098062108
102.95975803068191,29.62886059414427
102.93057921453929,29.666338278028775
102.95027348182383,29.657110549339322
102.97177967165374,29.654452842354818
102.94433685736267,29.628706103526692
102.80432551893443,29.55361532085511
102.75603720164028,29.527665441091706
102.7992287658561,29.49640097499155
102.8662615461488,29.50993637304277
102.78573046938216,29.544531480425558
102.73187649309095,29.54354403303655
102.73944596807148,29.570481965793192
102.75150123372205,29.617090362113338
102.7756062405045,29.592492643884984
102.78835136449436,29.612547605808903
102.78529405929186,29.585992217273716
102.82929581144023,29.625410551109475
102.7093437373384,29.58340662640708
102.68888524821361,29.591916438702516
102.73274566953016,29.65226573799594
102.73246830462114,29.556427584922133
102.86064047641413,29.537126480106632
102.82719504704957,29.552178902725892
102.80429703103611,29.627519633737254
102.86698721919804,29.59423691201641
102.8296789873561,29.627325272041055
102.80506815011978,29.59553430845677
102.7280667556689,29.61750439017173
102.68472272413509,29.625305931943494
102.7562804794969,29.587039453673977
102.66391151171045,29.62732831864763
102.6869231342623,29.610089278724143
102.8325433566456,29.571017320007044
102.7941555656572,29.525153206486255
102.79242982829436,29.62533351200298
102.78576427128063,29.53740192069476
102.8710874805732,29.561990777807374
102.73727053797228,29.50233722093701
102.77069228857083,29.49139667349655
102.79350077676482,29.497930173384336
102.78958077145711,29.516407324932377
102.78211494769022,29.485126745536363
102.84550115890433,29.573419524194687
102.90815401926669,29.574760041553304
102.90152357654125,29.54373689724698
102.949849900786,29.70551038580815
102.96249437896952,29.6018481956604
102.96389553607922,29.60115416114342
102.92433775628095,29.6320484163348
102.95013947579002,29.551954157424127
103.04328730586168,29.48860070437906
103.01400961355785,29.473428465190175
103.0261260205605,29.480404217704145
103.05335461922166,29.539798381127305
102.97775093512601,29.534951333928984
102.97383901041594,29.52051170588849
102.98771159811406,29.594292817701472
102.9673895756405,29.656916628912068
102.95224771639802,29.65877413811695
102.97412458514015,29.555579494592024
102.98543549600514,29.53323229681915
102.96948649526082,29.438824955894795
103.04423871255453,29.477164889693384
103.07576227296381,29.48027272853387
103.07306252711243,29.513861186737387
103.0674016363209,29.515188387105315
103.04566628787464,29.52008073982018
103.028104273533,29.557048475270786
102.95653890994215,29.523724957117352
102.9695427048159,29.475738847629916
102.88522312215741,29.525949301509872
102.89467092198541,29.568354879463985
102.98574890116411,29.558557364629067
102.96597954654955,29.53852465752912
102.93579947034135,29.60050084492312
102.89538745836529,29.48773939438292
102.86832597459261,29.54307106129935
102.85664304431593,29.546533834375996
102.82290627381711,29.58069139010657
102.82665220745531,29.486237896928227
102.87115911419752,29.55450581208961
102.82567992341193,29.60040665123303
102.86384431067272,29.573130092955275
102.8393965311736,29.593872015151437
102.90747634563381,29.602408106606912
102.8220937890085,29.56868345190665
102.74279764596892,29.57113580341549
102.71652689837187,29.540779693973697
102.81110637954696,29.606044188652255
102.78897510524764,29.612483005534102
102.7820193002083,29.618264543591554
102.7977802018234,29.595614013474492
102.83994938841707,29.624223879977052
102.86320382469975,29.6132731076171
102.80936357037996,29.486788556623303
102.95134828919882,29.485145203255488
102.9788561887774,29.497476177085883
103.08229836156147,29.50477138881112
103.02653248671892,29.507612936676306
102.969296466817,29.52337678177894
102.96427753940185,29.433668157522863
102.99373651456946,29.528019132652133
102.91966645281443,29.427940575738326
102.91966645281443,29.427940575738326
102.89659378934297,29.461014066181402
102.93260122212268,29.535179614106365
102.9103583691973,29.505765452670673
102.95215614621326,29.492298989776405
102.90290943368967,29.53670127333305
102.91764674868868,29.59653944281179
102.90803568199745,29.59647600602236
102.87241475412408,29.611876817172284
102.90989291471686,29.59493010645132
102.94995260195084,29.517441571915757
102.90503897365637,29.49331070948947
102.87227535064402,29.495402756556413
102.91685898495692,29.442833979596752
102.91809041512634,29.456694557100647
102.98437306012812,29.440705365132114
102.99928504210455,29.471709348403458
102.90897193494487,29.423098515898623
102.91354715684025,29.456815256397853
102.92502103466612,29.493347222863044
102.9420739482309,29.542885635890023
103.02984657579832,29.52050812065078
103.02984657579832,29.52050812065078
103.00192365870332,29.451502100418487
102.94031037347972,29.454344848325686
102.9491170177022,29.425570704668793
102.9750368577401,29.442845907164134
102.91128417773555,29.51897329981689
102.89611404069613,29.50767265635665
102.98782921679638,29.508207724123398
102.99093608782375,29.457392091896324
102.99756959411376,29.432312003149086
102.87997169985073,29.486370216708682
102.91658529355759,29.471824035959553
102.91826560840104,29.486192531410694
102.90589193283918,29.42206871219461
102.8744908812634,29.497637668311288
102.88874402372396,29.489752088935187
102.95362228957163,29.50191515874654
102.94828624721833,29.465233388838797
103.01732122858296,29.45529274672122
102.96696478359242,29.540208137572428
102.91829271273177,29.549873454386635
103.00319912458689,29.527453486149923
102.99587559758021,29.557389736372944
102.94009207768,29.538247984450503
102.95367729928203,29.622525027268573
102.94571053805575,29.623132471038815
102.93186704433892,29.534142594173055
102.86668615616459,29.522351615204173
102.83484399450393,29.507197003111468
102.88795550319166,29.600137392146642
102.89859032682111,29.5756987067367
102.8425441929797,29.542050424124493
102.90328515354734,29.606166648041015
102.85320954662932,29.527717709828945
102.89370364919284,29.515517919782358
102.80043818315069,29.504559931457777
102.72653153167273,29.53454100586227
102.75757990878857,29.548769030460765
102.76623311690483,29.62327213639232
102.85580742403403,29.580045977406673
102.82625153711999,29.550151508399637
102.83824526009003,29.517030766223158
102.88264359152087,29.499298720543596
103.00287831497442,29.502491507201103
102.95042409124541,29.503667926821823
102.99065443272985,29.62848305159755
102.95130061464603,29.511491315223022
102.95130061464603,29.511491315223022
102.94628917614767,29.440250483481304
102.92666670219971,29.428028543248228
102.9339597519177,29.449310422267878
102.92976461227977,29.41211898896692
102.90745139080681,29.453100026506608
102.90745139080681,29.453100026506608
102.91251792266183,29.46005292345079
102.97328167272038,29.429052874568697
103.03262331501455,29.46724118140355
103.05709542524353,29.460827868612782
103.13558150184467,29.457266829011786
103.08191918319119,29.458031626621224
103.0359967427932,29.493099080402846
103.16020910124053,29.534870191954038
103.18554103428504,29.514055382596624
103.38886593767087,31.111842100867875
103.30406149190225,30.97459804166445
103.3008296462376,31.00453296114649
103.2329099743589,31.008476453070124
103.23321740560777,31.02476327334544
103.09737879415995,31.071117256456787
103.19709932177176,31.09765429408414
103.15461461908535,31.124974162210204
103.15461461908535,31.124974162210204
103.16397262214754,31.053451195222472
103.18996301094646,30.967462143198834
103.15720433952126,30.915747241742984
103.26179548700782,30.752539781880458
103.2609420857827,30.836051520018845
103.23567641197599,30.960035221340064
103.27999701533952,30.953710925577123
103.20462024013722,30.963778368998245
103.23946300116296,30.952167372011733
103.28244412449277,31.01212385418086
103.23356018718346,31.041854453800205
103.2839719664,31.105180266276314
103.33349479162165,31.09131938162454
103.36998678587804,31.115378101968453
103.37720711166325,31.305368024567233
103.3775588380987,31.347208101271992
103.40212824277035,31.304647608784325
103.3337046076291,31.31967503071497
103.35955841583821,31.32793437866921
103.3475134753397,31.387287737930823
103.3542555948494,31.322983033620975
103.38370379404827,31.312629976377448
103.38643788488947,31.351275558920985
103.41944307186412,31.31626268684143
103.4389470114289,31.366827252850815
103.40297687283919,31.419719462871917
103.35445401769041,31.37742496722144
103.25563450967843,31.36715476093514
103.18092703098732,31.320501780606072
103.11367120725437,31.27233817984212
103.1463869219614,31.269238597270512
103.12423598199886,31.29531248535149
103.0041193444942,31.288615985886487
102.98506042966127,31.15671134945973
103.05736647796438,31.04704795551563
103.09731235007348,31.059666879365942
103.08352862228361,30.98817027544656
103.16271310159578,31.064355556316716
103.16076368778133,31.130049421817034
103.11629958021604,31.057291967230093
103.17189006972258,31.07354364285889
103.11319389839089,31.140113492585968
103.02053151396396,31.080093913727964
103.06116169755991,31.07975374320754
102.97151883229786,31.114347331256507
102.95397861048863,31.12948629066781
103.0705787297755,31.136418587295438
102.99531377463062,31.071995558639006
103.11128195147475,31.02494079688746
103.21087233901356,30.989038887528654
103.33846823510169,31.059155776739594
103.32835500864431,31.08039927299751
103.33665042307308,31.083045617641073
103.27659315983588,31.155563644029485
103.26131705679586,31.196537616602303
103.30989228804481,31.269114733741972
103.27202192945634,31.228499159650486
103.23643776088105,31.162964387358958
103.26377622728295,31.083341230036304
103.25511346892492,31.06897513997279
103.32583029371594,31.021222763077635
103.25119671430268,30.99978599425427
103.13728694142769,31.118158358963083
103.16032313639165,31.161934612775855
103.15851594274747,31.197796577862263
103.15609112263473,31.18259326522975
103.28888887217337,31.060334078249294
103.28563297124153,30.961374178178755
103.15645226983801,30.904918573745224
103.11148755437311,30.905043151175775
103.06172182166259,30.73832268270321
103.04317027180115,30.64084985628308
103.02067550277854,30.664314818950775
102.96966399718818,30.69898152649879
103.01623860503283,30.629062572873874
103.0619272408459,30.55803211455261
103.0521164488061,30.60043343171101
103.12729225712923,30.67122108593251
103.00794252743218,30.60017018811155
103.02317218286034,30.59283145255698
102.9930677123307,30.590734734766556
102.83944342044516,30.557415425519565
102.83748890124711,30.536752553518173
102.88077671064931,30.528097661511207
102.83482243350296,30.581776127864405
102.70336760708943,30.562218855329895
102.7093129260954,30.549447272326933
102.71855670735961,30.58941190259792
102.694137426938,30.576258731459838
102.75559539825323,30.58703268866778
102.79690331443634,30.63334511384073
102.6636867186495,30.537267884375492
102.77111701917276,30.604591724215176
102.80167318877227,30.687467313765513
102.85029871661001,30.72704974780455
102.75295817218809,30.75040660624222
102.72437409642193,30.711873202118046
102.71051675442982,30.701489645535307
102.72110156537849,30.81810953690811
102.76532563341036,30.915365027337664
102.80541676635816,30.891363518790115
102.82032738730756,30.917876639862033
102.91337891727031,30.844251992301253
102.9795888236828,30.91100052440429
103.02590871902241,30.89973972260265
102.94834980036742,30.980391381860738
102.92371024119478,30.951472721895072
102.94256433669058,30.930182414222166
103.01848379802966,30.945161938034037
103.10578616125991,31.02065834788179
102.97899919796366,31.00266580056702
102.87785506230159,30.877780648150647
102.83788273106903,30.930106699119996
102.71603517542391,30.901334705250072
102.76622957902977,30.919489124717828
102.72229123133955,30.90900539907758
102.81056260112722,30.89593552435871
102.85792189162312,30.8297068761189
102.91619280407082,30.863900922623557
102.81395990771082,30.755833779203133
102.8343251432379,30.82188586445414
102.76653943437488,30.840386155853913
102.91795636988006,30.69188676115684
102.97604808751153,30.783349825940352
102.98262119786936,30.755871985184385
102.98781843588512,30.733778281558635
103.12145257216302,30.70637934649722
103.11808858272627,30.840037085144502
103.02241955437378,30.800133501937747
103.1031529907174,30.86641412568084
103.08083091331035,30.830584264427824
103.16141466047858,30.914611355599266
103.22158810097375,30.902385447373575
103.1761497730411,30.852101793093063
103.26187189313089,30.942809735098766
103.36868879954856,30.84194684416172
103.32184580376374,30.887049838640216
103.30555440827963,30.883320072335074
103.1973293598569,30.844902847525677
103.29549732659818,30.929800491871895
103.19668191219407,30.857358629150397
103.21384619850353,30.871847421386413
103.23108739620398,30.929387938694404
103.1547770680366,30.965236287754717
103.0865842115724,31.148821962683126
103.13442607986974,31.220747521528022
103.08672478137919,31.243548090062788
103.05182415590835,31.21276747255866
103.0821467870021,31.13059459173428
103.00053765140831,31.208444543756226
102.92042642136154,31.23418419691945
102.97526175560456,31.03174127387352
102.93394830968816,31.011735316126117
102.94286950206819,30.971756571390287
103.13057813005813,30.992747683718537
103.15018694682507,31.082768071876675
103.10226121723196,31.182255764890236
103.11011997790186,31.103821601695575
103.12341976890562,31.091565601751725
103.1680195321974,31.021599616195413
103.22101534849894,31.027518220687803
103.25399042298636,31.070825484386532
103.25384775491216,31.009690651206547
103.28867592239706,30.988117103714806
103.33195930436243,30.947801885034092
103.2961980491992,30.98376317384851
103.31278645601763,31.078661518031012
103.4070851174526,31.115351479458347
103.35502196351004,31.030585717069734
103.3656101197191,31.030082936214633
103.32270442598173,31.038973714358
103.23639453879993,31.00617038227071
103.25533805214262,31.02602122390711
103.23837471251824,31.137778153950524
103.15253397846436,31.23371233348107
103.05408678328584,31.184903303972174
102.9979688711965,31.115955503745404
102.96370207953039,31.20533162972816
102.93838929294704,31.200804931215238
102.94954466509625,31.193513468361765
102.98298696741034,31.149902890745
102.94463751022738,31.104940675862466
102.93818192246975,31.185347627932558
103.02114677394694,31.21240545674173
102.93161275670542,31.12948867983791
102.98263978008929,31.110439247083058
103.07019205402082,31.097628443714434
103.11787660022011,31.0305514790105
103.16650887986206,31.000199983371278
103.1431015901102,30.904760607674543
103.1919282464216,30.85443672928774
103.28952399733554,30.819210287715684
103.29043499866302,30.699738926056543
103.30268366089591,30.6742160407437
103.26480899207074,30.800330151351865
103.26950565909445,30.772452265838425
103.33728583917419,30.784221764551198
103.33750369006171,30.690643257077244
103.23910302769019,30.65294355987677
103.15765348235904,30.59802802397386
103.0703706387603,30.62055517717859
103.01763123037286,30.62908121507648
103.03350217265998,30.637167512541954
103.06315363925924,30.74010635262022
103.07284624919613,30.8018440005721
103.05493367249014,30.850107569009886
103.07670851668858,30.738634624661742
103.09186265437205,30.736911409429325
103.13257186210083,30.656474532529533
103.11711530815225,30.774912125978325
103.15205505498731,30.653930261838056
103.20563344211081,30.75413743804765
103.18208084003389,30.73514929349252
103.16484952052014,30.776369130075267
103.15121138474142,30.757669039549846
102.99969934846686,30.727941102738722
102.99191016695542,30.839209943959492
102.97559296518256,30.89335334330162
102.9866302847402,31.00629835500042
103.08155668960707,31.013534716628886
103.08832447340819,31.08893285426199
103.08313870257317,31.110301710136756
102.96753667783257,31.05001668378337
103.01662919681335,31.001369302448225
103.0573284601627,31.135741965039443
103.05771892978142,31.143873280358523
103.09881409949963,31.14882945428805
103.03666911234316,31.161691739184825
103.00432647940647,31.144527702349606
102.99575970509059,31.28845700251718
102.98174433462138,31.175389050518433
102.99756274738253,31.12749007822681
102.99623855648017,31.10066230379942
102.92990895041335,31.143947546799694
102.9387635165009,31.18980886931863
102.93304879623132,31.230864850987732
102.93304879623132,31.230864850987732
102.98285427586316,31.23397438513949
102.96938034123443,31.240811555228106
103.03923772878636,31.193751484932974
103.08287921247896,31.178052706585
103.07606040936416,31.235021816444526
103.0956061597829,31.038745445380624
103.08592217050496,30.999777140038585
103.12654291022187,30.987175219788227
103.03447112260243,30.94742815372567
103.05662793416124,30.988500149790518
103.09404478463983,30.888033461837775
102.95999953282784,30.784500416543175
102.91878229672767,30.78075058230354
103.1159048518714,30.860297945589938
103.11682248752594,30.925896802517013
103.1932402432056,31.052085099770085
103.27452233315579,30.94565164434762
103.32290326177475,30.98300167370862
103.35788830561589,31.088575858609374
103.37664224069051,31.131494715795803
103.29116369896718,31.129826059747646
103.23436289240823,31.095173303209744
103.24651460293983,31.001161971726525
103.27015490560939,31.034828169372766
103.2447111358489,31.061347050418995
103.2970777352232,30.923940025985114
103.28866595035865,30.94245575994728
103.33509616871258,30.818067962059683
103.28388601222119,30.76506761055677
103.23497339128626,30.768636534640795
103.2491988354351,30.813195821191606
103.24482851831445,30.90064259584
103.31539239601095,30.892671328249882
103.32703654359786,30.812264007297987
103.20015396055346,30.729043386260457
103.21458943575757,30.796593043127146
103.21488797500969,30.66268111466743
103.2925593588935,30.622217037885406
103.29639084003176,30.69394878524236
103.31485599246808,30.75201311865822
103.32305517499178,30.77473059493365
103.24515221373193,30.747282866844447
103.16355074663926,30.72401198102428
103.09560807099996,30.63955832413134
102.98448238206676,30.537541775806226
102.99353675727063,30.476406121340997
103.00537941106717,30.47614373315181
103.19912170504128,30.602227757664355
103.06981598288903,30.568996918540357
103.03532831988515,30.57168775475255
102.99624898520538,30.666870655141476
102.93988078987972,30.707446313109834
102.91221395817293,30.74084558258687
102.89204561940127,30.761221155652414
102.7822412257682,30.77953732279345
102.71865807459234,30.743165875832787
102.70082350173459,30.73965531021965
102.70212123010141,30.693451766674748
102.7003675472986,30.620976469890234
102.6642407505706,30.668865066113852
102.62812223836896,30.654217599748865
102.81694194675362,30.740754198759838
102.8228547630446,30.82479423866425
102.75542733527763,30.787137368965034
102.77254593957198,30.80239058102296
102.75204902630722,30.82404394302908
102.82997717417729,30.852437606471415
102.93349818636437,30.791737069702002
102.94153356712862,30.836726566218964
102.94153356712862,30.836726566218964
102.95968210982313,30.80753511473924
102.9059529911705,30.75879543617833
102.97239796972255,30.76858235170748
103.09275078727424,30.76069291579225
103.12117780202261,30.791310779878117
103.16050549919645,30.86059894830789
103.1844692456992,30.795661419050493
103.15351813963221,30.80961288307372
103.1579178196045,30.812817397547946
103.12529800109901,30.758786514193137
103.06857760830495,30.715231251766394
103.29887247873505,30.829579492824006
103.28288841311941,30.921726668563764
103.28288841311941,30.921726668563764
103.2868217943878,30.91763803392565
103.26758746878036,30.940363840865643
103.22292197315211,30.87030427384001
103.21764042008647,30.732669211828203
103.31290244607678,30.86742324034352
103.35729707858745,30.87687673513985
103.3402975652495,30.968899180791365
103.28305619397067,31.017628878736787
103.25095633958985,31.01245366623611
103.33081209540727,31.086822618301543
103.39135576952447,31.140431407092496
103.3551825537296,31.151269693587896
103.27372454913957,31.08216007460289
103.29944058315252,31.047377181563114
103.37118435230809,31.094710995326103
103.36489560118198,30.968428075917977
103.34853561834157,30.979509984481467
103.33587024305065,30.963199976534405
103.35279179337684,31.00824031331072
103.34537028077166,30.97216812335727
103.33212047742383,30.905926538051514
103.18825410385337,30.941645001863755
103.13822308774778,31.040380289254625
103.16550298285868,31.06342934970117
103.15579899899757,30.96853572189512
103.08820283468121,31.06498126734902
103.09263789977156,31.07961354727045
103.13619772368368,31.09840556342614
103.18888552116898,31.07498486913865
103.29495225716182,31.050961046218102
103.2616856307725,30.971066153718496
103.36244404740178,30.96393204315026
103.26751464413361,31.013656099462004
103.23758800402997,30.982600376005873
103.24512996313435,30.960905786147922
103.30279922518372,31.056066181723597
103.35256537937377,30.991693919037992
103.31888746132357,31.05027332002054
103.39495673387852,31.068246893763654
103.38347741027248,31.089643300520613
103.33655388474587,31.055478858222134
103.36062819942757,31.062295638608095
103.33320706901883,31.037910043377895
103.27285393173855,31.159133346756573
103.29914298783984,31.148605115107664
103.2799288930311,31.11132551258008
103.25516050183214,31.06056663791951
103.19060896443565,31.07430729544655
102.96563459827645,31.000551791994326
103.01597546452791,31.0990932235788
103.07540308894511,31.045048272298928
103.17947674877327,31.080556338865115
103.19338863193744,31.11796585360132
103.13385442975178,31.067301207712088
103.11139643206322,31.015901161380253
103.14484766810328,30.907655383875785
103.10759368523247,30.92146444048241
103.17895339373895,30.87617281816417
103.03370048642742,30.860248714571696
103.05576319208807,30.947557607277062
102.91408805029886,30.87831312390642
102.8127934722945,30.93493887768007
102.85939097017169,30.900267228157738
102.91863870635774,30.824097521315096
102.91940022176831,30.816001957072412
102.8737384364966,30.737176454890953
102.98015876357366,30.667262398507916
102.9478881872684,30.79585823745737
102.92476526546331,30.83532712841752
102.87839819869909,30.847040275994235
102.94926480120988,30.871869337462467
102.86383681123323,30.91238739472799
102.87191219086546,30.867899598915347
102.98707614316508,30.9230830217747
102.89163556197441,30.803495024645414
102.9386631843006,30.766932167975312
102.96943709145755,30.709868603457405
102.98542037160762,30.66456305648414
103.07845202915638,30.685767088779613
103.05078433582487,30.76609952743782
103.06774668073017,30.75975873093092
103.13331597361291,30.766292287000404
103.16742092255082,30.65126375366827
103.13144455167942,30.600650672168253
103.1465958672979,30.5791561573192
103.17238945153942,30.585786728453577
103.20137463933496,30.56650803808626
103.17483880961171,30.64141780693551
103.21005580590526,30.644376828280635
103.19298937841995,30.64643971906064
103.17365227427739,30.627734266349684
102.99649898514035,30.467895507969992
102.97558650732101,30.488323950346636
103.0209705872329,30.465853675966752
103.10847395016673,30.408815759068247
103.12041128233345,30.44735549898781
103.10105599697873,30.455187093169098
103.06058255186029,30.479678220085997
103.05160158337726,30.46768027125256
102.92305363761777,30.4202488096845
102.90756874076895,30.38522817258304
102.91270005050285,30.569252854592786
102.67285959660525,30.51974366653756
102.7358169178304,30.53435953920316
102.63312822077638,30.6238841576859
102.69831678770123,30.66671735145947
102.6407377439577,30.72988135764275
102.61146432432285,30.68570942285327
102.6582142269633,30.65469997221876
102.7625306625262,30.666114460500733
102.81170003554458,30.75377152956233
102.81829600861678,30.725686941834006
102.71943872458355,30.744446785303182
102.77479319666635,30.70113307603411
102.77043123523502,30.712896799458033
102.82079615909599,30.851735125418873
102.89221330649772,30.88535652453105
102.79549929576531,30.765946053258666
102.77922215925862,30.619093736508802
102.80488993725562,30.71346577095246
102.78843529751785,30.779009956273764
102.84529779896786,30.782533327595484
102.76886165678177,30.637214095488428
102.67709792889912,30.704994479851468
102.57234576470381,30.678532283142882
102.48915353882427,30.543029966663095
102.4520334244199,30.531292365883683
102.4422076123486,30.543637967849833
102.51763165910278,30.481000346081874
102.59684738160556,30.483603257897784
102.56867649679057,30.490244010135314
102.64103278250136,30.521219089194997
102.67658188093074,30.5962620909804
102.5678952894263,30.668739988592876
102.65796285792209,30.701180311795827
102.67186835751315,30.689409679016507
102.57654542594341,30.643480112108076
102.59200659610073,30.735722206008273
102.56930789404187,30.73078131102469
102.59635262337369,30.762363827010695
102.62936526372086,30.810267702090165
102.64078487743787,30.822224673394363
102.58037430526542,30.781194094204984
102.55592191537623,30.760771832830496
102.61409247808835,30.841222010873743
102.57654488714732,30.827327783159404
102.68232452346957,30.82308038386521
102.75015183766077,30.88893064716326
102.8230091769116,30.836885959646594
102.74992095231435,30.8567618815642
102.76854683775765,30.883575290741234
102.66992235300162,30.84915951005869
102.67529629503815,30.85370747164609
102.64544074404277,30.850957825368834
102.56200493650528,30.75183439258
102.6940626296929,30.770455900849658
102.67187540912289,30.654999034413063
102.61375225966874,30.588000075386212
102.55859835626917,30.63994417600175
102.56576850423843,30.6397487599426
102.55453332881103,30.62020988283429
102.5063298429626,30.607492876003903
102.4558768594611,30.56940640022267
102.46514178552624,30.400957899352214
102.42167564581308,30.462690544710124
102.42590829773754,30.49578055685184
102.47949660603892,30.449617220286598
102.47650503059467,30.45282090089319
102.61511667820345,30.55664622841401
102.67168840903506,30.59455870043161
102.73113428253849,30.554320100124414
102.74501305343172,30.642973633471534
102.82145406487867,30.561850203134856
102.79911386785011,30.65723559617718
102.76948255590149,30.618870548575273
102.80979350259557,30.608996431930652
102.87152634764003,30.552279298605324
102.84437860229369,30.678531836765963
102.93422789385953,30.72778273401959
102.98623226783802,30.683078275353697
103.03360633550626,30.738417092014252
102.96007226330751,30.70167475426011
102.79498274918225,30.812293433381498
102.80862279248295,30.782744051718844
102.86565780457384,30.87430417534266
102.75659485649702,30.765477183657083
102.77460633683107,30.76438407691715
102.78242010517795,30.777293692104195
102.78251285961865,30.810118468602962
102.99874386536145,30.80415952086121
102.87516217268721,30.842027042543343
102.80700777426222,30.811074507817885
102.78796694104577,30.747576659316866
102.83220582396031,30.801928438616798
102.80958719900251,30.778189770263335
102.82846743215053,30.777472892541027
102.95020733777388,30.862847345656153
102.9437084811202,30.834345302456118
102.98242660649794,30.896009281319557
102.92581749631279,30.920934967439468
102.97712020835128,30.896104147604486
102.92030159132018,30.8420225217125
103.00366726902449,30.73806038454688
103.01485493839508,30.698763483843987
102.95181165867723,30.723589115688902
102.84850266682892,30.768371388701382
102.98049757018367,30.685560466383173
102.96661347222756,30.76719079600773
102.90005253996927,30.71968191171545
102.85102804386474,30.73512205727266
102.79511927749357,30.736157881921017
102.66430649004093,30.619012470472462
102.73955366401434,30.602721842911944
102.6227020297151,30.534502177956924
102.63379400185511,30.390848598228892
102.59896997822602,30.44748810041115
102.66547639856394,30.40481963021463
102.66746761540762,30.467803181086058
102.7814075988595,30.609241762385032
102.76713418750694,30.57971925327899
102.83076277994999,30.658831871793655
102.87774031232003,30.738805956163272
102.99578129962609,30.802460259056957
103.0142737264424,30.710378720796434
103.04063484425666,30.77183560041444
102.99149002091688,30.849568076255547
102.9905834117947,30.853320479750572
102.97174856583042,30.95907817990379
102.96359800164038,30.974768519094553
102.9235357306251,30.997136848739302
102.98256371055066,31.02500412849149
103.03618685305685,31.003901288448574
103.05974905212034,30.95983087572837
103.01646118286634,31.004161087365585
103.03076182163119,30.94320174206423
102.94844350390441,31.014665837752315
102.92675779386971,30.97641520715187
103.04350318843142,30.990056035254632
103.01893391205036,30.98674752159444
103.04213931711577,30.924295575338306
103.10839356896237,30.86276698975244
103.90774212365903,32.309655233449575
103.90957516752994,32.257843523943485
103.94447922556878,32.279241140684476
103.82356775388143,32.340493467011456
103.95128214894909,32.323546626988545
103.85095526069479,32.17489809898062
103.86257266409433,32.17136593196412
104.00008690640183,32.14921486493724
104.04923519103419,32.13143425967766
104.05307517965615,32.188904317298885
103.97078940631171,32.19244620566684
103.93477159322474,32.192792689315844
103.92044565407853,32.14147826363859
103.96194106298766,32.109059806276065
103.84694282244237,32.07319106599076
103.86362022411207,31.998847540016257
103.92708852014944,32.164095013193794
104.00152093779431,32.20105286416501
104.01697906437214,32.09335466652675
103.86227473492006,32.083328240887795
103.79893635391096,31.958804747474264
103.84458852953455,32.003857179155716
103.82998115261364,32.06505095008585
103.83257296570189,32.05108462905506
103.80789438911565,31.992055893274486
103.85957864625163,31.94336485409595
103.92906434167652,31.987210932148024
103.87068723096792,31.915548750880955
103.90571417890088,31.771773941414317
103.83103978096705,31.824850328617718
103.87312467603793,31.834670292695503
103.9346551140827,31.863266792602936
103.91608857016581,32.00272978688386
103.90932271577216,32.08738069723241
103.92488702474759,32.199926670368455
103.85031431845127,32.34375168664004
103.88679611095633,32.31638596920386
103.8286675595209,32.38729783569053
103.8656607057006,32.38559710656109
103.8525433865708,32.32876659249376
103.83379124351218,32.379595628950355
103.83379124351218,32.379595628950355
103.82926977979615,32.33408422270936
103.90755832347892,32.325638311938064
103.9709123188886,32.36562392566025
104.07954023083806,32.36486883089584
104.03004224320509,32.26235445149798
104.03430656499259,32.25050687471573
104.03243260410399,32.319658429669275
103.87917510069863,32.31482000308545
103.85053139549738,32.31294181580747
103.85628588588571,32.35136898195534
103.93600845699034,32.28958459418376
103.94703217300301,32.20956281007614
103.92659885079698,32.18211604336081
103.914485755525,32.19342154209721
103.81591524747019,32.30666251441549
103.84642595327364,32.30246702395164
103.99453112532859,32.186952773107116
104.05254026383928,32.245399247748466
104.062780743835,32.22708177709643
103.95456577887282,32.19725552056196
103.90569892686601,32.234110259035155
103.88009740842053,32.27444911606693
103.83066307360467,32.306748486727614
103.81808749299286,32.2936661562872
103.93042144761067,32.23263785368993
103.90047621548231,32.28028943666973
103.96984438057244,32.2191154064188
104.06184761389623,32.309125536849955
104.1705465917479,32.290548433056735
104.06684123754513,32.314407946272645
104.13241580819557,32.2202363825572
104.0405353688035,32.1248953868218
104.07058833712777,32.08363497990402
104.076742152881,32.05300473349352
104.02413338780327,31.975035263468218
104.03560144797324,31.978980218715144
104.0510914368586,32.008780156472525
103.97898552038001,32.09795465000393
104.0289521796463,32.10862280747908
104.08649077702538,32.072231480673764
104.05336973447316,31.952845921348853
104.00408838954236,31.85496240503847
104.03478440708467,31.87445392033249
103.99766494491097,31.879330537898657
103.96945208761684,31.916505448034545
103.98205240840586,31.888905133303226
104.00908051069956,31.884927215151915
103.93073489274292,31.78891018579108
103.8050579720175,31.91110186020764
103.83778560540961,31.804758993279233
103.79545154057544,31.900847522658704
103.68344209272414,31.945296980850546
103.82573107543071,31.873809631995385
103.83578388557571,31.8028602104709
103.88496998268921,31.804212001078707
103.85858739596195,31.874268226570486
103.80119762279651,31.94806055049764
103.78246955347026,32.03507674437693
103.72771807056823,32.007815586582645
103.72995939189641,31.894031858962187
103.73670328957694,31.946299813607162
103.74113021586957,31.954400720084223
103.77654485314972,31.927289228426275
103.77462221566284,31.901986310183936
103.84511162622452,31.840609668760113
103.93828406944901,31.78815518423307
103.9163364454865,31.70016399217185
103.880537540406,31.790355104887965
103.83444007073928,31.759063365550652
103.95265618424507,31.697864914268273
103.98898444855911,31.666870866734133
104.0744970736938,31.640178722343308
104.05577602723402,31.745354531297338
104.09359102135049,31.73378191160204
104.17098617999837,31.64992932733639
104.12128366484653,31.615482556670138
104.11220666664313,31.738004579217886
104.12041933381632,31.629955846680424
104.13908040305257,31.662450890858505
104.12973220768309,31.648867139332424
104.15471309845668,31.710043701215273
104.13531282811547,31.75305894187898
104.18169713106971,31.754767944151414
104.2981523921008,31.778447836445103
104.12962167653987,31.71520040838865
104.16615290935485,31.7391903024435
104.27239880699679,31.729548963705128
104.29103090117715,31.778622374961852
104.277965091151,31.75474574201877
104.31961700019741,31.754720998246956
104.31140320794182,31.770230214961728
104.24265077551647,31.786765497380035
104.26089743208054,31.798967077389445
104.32147117274756,31.810048681401895
104.29500721375744,31.80520523997143
104.27017449126502,31.786335722992213
104.32253765742729,31.810534709088525
104.32516625779851,31.81997619561449
104.305398848541,31.775460505425926
104.3075766340603,31.811417055088686
104.327384462001,31.804990442725746
104.31035467452593,31.761984144427725
104.28481068762791,31.807553589614475
104.32186731437714,31.77389295852009
104.30464201770651,31.760750274611876
104.31968381326418,31.78656974755905
104.31894689011179,31.77747577239509
104.31615899907108,31.785909311478836
104.34344593770116,31.820187661359885
104.20913204907508,31.76424956973343
104.16213324807711,31.77509405245394
104.1738702025749,31.736565475503784
104.21571166998419,31.789460721065957
104.30764908569923,31.792787757614008
104.23658323203246,31.74971146174539
104.17707687542361,31.748623424767736
104.10437982680274,31.748851743884025
104.09849008838641,31.65128954482596
104.13543376286647,31.661819255366378
104.12557950998269,31.738745891247515
104.14168859611385,31.71688020043343
104.0540136446587,31.72514882215153
103.87661795810102,31.865960812922044
104.01871571670507,31.83305795769404
103.97802705815666,31.819076438915108
104.01412511593763,31.880098459984218
104.02132249151323,31.861305958668314
104.03044996251221,31.84164263044402
104.01706954320261,31.84492414126071
104.0579774369913,31.86979523235445
103.99919155874258,31.945598131691618
103.99740896632855,31.84975066310662
104.07710808456166,31.75998327319603
104.0071687305769,31.730143958891848
104.02333509950368,31.733916899879116
104.05190633544511,31.66157115153853
104.07733689104015,31.722038667875413
103.94503275963773,31.66600945511324
103.96035745658541,31.50364771265008
103.9281972024001,31.428017157384033
103.9220507297152,31.45955285030564
103.9435471012619,31.343711319529753
103.8041909353246,31.388344002962533
103.84124041847514,31.454274030370037
103.82901714883253,31.474987863386193
103.92141689970656,31.436770262766256
103.98488982121351,31.37824325768171
103.93431898750123,31.43173705269881
103.90643545926467,31.37862952523833
103.90643545926467,31.37862952523833
103.96603900177212,31.375875921607346
103.8785089113673,31.431682670891472
103.91183846232585,31.456847324195046
104.00493091608351,31.46916192292228
103.95804185043355,31.5363595480999
103.9210606102378,31.49322124879118
103.96401821155615,31.520740893190958
103.97770237351143,31.508701992288653
103.90436357782377,31.533724460424516
103.89317304257712,31.55846271960687
103.91624154531395,31.618385407146228
103.92413426164899,31.54545380777859
103.94131402011926,31.473337432649636
104.04699493759455,31.423681999973297
104.02346426447377,31.479087253399314
103.97679931899381,31.55562333795048
103.9387972419906,31.482866135544082
103.96347176240292,31.585101397758677
103.98066059436394,31.579029717104994
104.04095985955547,31.555432280019755
104.03689086512937,31.558547119260457
103.97568682795544,31.51179824791348
104.02574888471611,31.65037200906907
104.04285456080719,31.738527050006862
103.95576404402438,31.69343463305669
103.87344753954552,31.569162593664394
103.84361891926552,31.492399795947446
103.83533649914365,31.425334310987353
103.78867484390328,31.358878714442955
103.7058222941605,31.33647116840813
103.82202174009406,31.37052230921495
103.83394421944058,31.393733468959745
103.95611080285117,31.355002773395455
103.89937370351659,31.46047257063637
103.90643466746181,31.399532161096605
103.89920291196965,31.41260348843592
103.91854012895651,31.401311847860704
103.84698141935911,31.39521910438912
103.80690554368141,31.57852616866323
103.88479590001214,31.670836005205206
103.92487807614198,31.649472687436397
103.98869303432699,31.64689645436923
104.0147261301543,31.55762847741162
104.03783313409471,31.469464864216405
103.99233623539659,31.486427221694644
104.01185919829427,31.50880397629244
103.9781391785912,31.51272127401552
104.01433052234138,31.57296665459731
104.03269905274652,31.62648110221663
104.13127293577192,31.76756708482127
104.10243730319979,31.761049290391618
104.03963578953339,31.74749037082447
104.04517629883651,31.702776537292024
104.06833407762923,31.761171418911534
104.12055354678694,31.75015725713193
104.09704417003844,31.72966615445385
104.10244501386116,31.708721005493462
104.19412215215931,31.76829807393668
104.25408278619786,31.759611255987274
104.22764103390577,31.764944162064346
104.21320070976535,31.746110421406705
104.1995846196273,31.677526654023772
104.218976939878,31.648437552345502
104.218976939878,31.648437552345502
104.12689248962414,31.757869785063676
104.14858048023264,31.723549251808723
104.1367039631624,31.744783904739638
104.04675742586633,31.642213438271618
104.08539607634322,31.687389014644904
104.096250805355,31.722119779137685
104.07568838969375,31.72580797310884
104.0286770061837,31.67817809603086
104.02006781978609,31.716855554006806
104.05850943516688,31.596955217440094
104.14669187979025,31.68410235064479
104.19870781444398,31.759120865451212
104.16373513054238,31.726144593564083
104.1578471402797,31.763743875603808
104.03168375505744,31.730216436162156
103.94324543230012,31.7977468367063
103.85187457996153,31.829625149731783
104.00363064971205,31.928747619917424
104.01555666733744,31.94795568497397
103.85628472908915,32.021224805784186
103.88781750237764,32.04071962510428
103.92612700999693,32.00743518737639
103.906130235998,32.025772695492975
103.83892188862166,31.95160884323655
103.76717650679636,31.971262813114382
103.76662548446458,31.895594315712668
103.71054944513861,31.90819814365975
103.73314915715476,31.859710351255416
103.70899415648003,31.851302080866724
103.7328568810198,31.842750744462542
103.75516717128359,31.807132661049334
103.72881668786634,31.853636443053396
103.77957179466743,31.79866951825887
103.83362000508801,31.813928754992407
103.71610409111788,32.05537794058688
103.72552860061482,31.957570839729474
103.70860521634995,31.92263255799094
103.78678174754793,31.90536148946586
103.8648012778627,31.881456898867963
103.8149771198395,31.789504612573158
103.87058445876968,31.712841895585548
103.93562136626807,31.71954405384193
104.03273177471246,31.669581767624805
104.0377006395965,31.691293734006738
103.98055175767021,31.726622184014033
103.90537578940264,31.78402449862622
103.94191883368323,31.80491680913443
103.93652714705637,31.854268213439997
103.91506595600096,31.786726920599357
103.88711136878466,31.76500328279312
103.89538606609923,31.87809747853609
103.95075296955221,31.728558595992535
103.98773704113873,31.675503463183954
104.04670724808543,31.698369874952068
104.0880771749398,31.645087791622867
104.0506946419808,31.73050187414141
104.07359617619575,31.75957155985476
104.07112721013539,31.57428787808516
104.01443806381718,31.585413224572864
103.98121021268993,31.568390236587675
104.0172919861357,31.531902691723882
104.03989457596039,31.444425705157986
104.04955886718044,31.431409684580316
104.06232724572106,31.442237113275777
104.05472822604875,31.44715646915498
104.09392221557215,31.471029305553266
104.06645175555482,31.424584546007644
104.01681590367924,31.49710193052569
103.94894647549086,31.562701165999663
103.93787706887481,31.571675243602268
103.95048949655198,31.572332187394576
103.9043211507316,31.597511107645904
103.76772662995816,31.515424498414955
103.76389065224765,31.49981526593741
103.83546337925884,31.48730616383356
103.75810072490957,31.486948802929557
103.75893145616563,31.415143821267307
103.75588739312792,31.35209359753526
103.77140953813313,31.365071144561277
103.7811009848329,31.4431928182635
103.81154228269482,31.554836093910023
103.87714817203928,31.562522955923143
103.84294378015136,31.56798180504923
103.8580819877544,31.540983725407315
103.83386798826085,31.54120176787219
103.83518149616336,31.562627563116713
103.79663519082756,31.57423451002356
103.79021440560898,31.479127770932386
103.81066308463355,31.44568939044372
103.8754505527583,31.52843824613332
103.80212541466278,31.56098565264005
103.77934222574821,31.5513537157558
103.78988201040805,31.539139822347096
103.81081113950576,31.52531175777552
103.78792046605514,31.441840468969268
103.74015529884831,31.369149838867983
103.7527887992983,31.395234599417638
103.75581267617605,31.47087869860219
103.84523128673612,31.477224829282143
103.87617637930869,31.438462968934097
103.80861596247456,31.4076438791364
103.82957286267279,31.356360432280887
103.72717968952203,31.394713825076053
103.774374286519,31.40164485435413
103.80716934343604,31.43412263238165
103.78749022769392,31.422633029970466
103.74648127048594,31.411303063739084
103.76868545169896,31.359345980892726
103.88019436355232,31.435224569502125
103.9714027425742,31.457223868393132
104.03166500510898,31.538372942509593
103.99131968484323,31.528941496772305
103.98163508139831,31.58401159273415
104.0806028504222,31.455306206099177
104.07687020948511,31.465766405492296
104.02886942566032,31.464996208608888
104.03009493596696,31.522930499116402
104.04598094446831,31.474467011377936
104.06312867137524,31.44006521112073
104.01923880237857,31.457387534766404
103.92512042248396,31.505060251322508
103.93723710787663,31.503271445092516
104.03905827213136,31.53326355135805
104.01758853588976,31.546283213045275
104.09206200130193,31.633302678408413
104.17195075271822,31.65043244154562
104.12935024159854,31.7440043307565
104.06266079090825,31.750390782463068
104.1153332006207,31.729259413686567
104.09140572980229,31.653248791149764
104.0972193238388,31.636158278472607
104.07676804011471,31.627045434383188
104.14374831444495,31.66414656797344
104.14125780332876,31.69759061270485
104.05655117592623,31.691281020636378
103.98705573925938,31.71976662360339
104.01900435814821,31.61585866199479
104.05173496426426,31.480049644057225
104.09347298545075,31.554938862548312
104.08464108607318,31.550950414463607
104.13645218684609,31.626126273156
104.05844705119914,31.580791108726046
103.93796972029931,31.53759199002338
103.84690962765254,31.476165369399837
103.86876124342761,31.49721636685155
103.8038340122473,31.552536481777707
103.80337041675877,31.583914149988704
103.79361505733357,31.530596532352583
103.76481505206671,31.45350070728495
103.76728969745525,31.41981276866737
103.74452897120487,31.350274148122566
103.72012137268364,31.355863027365277
103.82425653276847,31.34652582763635
103.80213774243838,31.299291263019203
103.72472699370618,31.240370015481687
103.59430084208842,31.303213284953085
103.59430084208842,31.303213284953085
103.70236147754316,31.237703304411166
103.60166375108022,31.226538747310347
103.54444339128601,31.24325091639409
103.53678241918544,31.237957501426035
103.54418515617058,31.250136435272566
103.707213403256,31.391395512622406
103.71533400785204,31.374597805313073
103.75421152670226,31.365385684652434
103.75421152670226,31.365385684652434
103.65789873496338,31.291415876650582
103.71751331284919,31.317517233127035
103.84141593177307,31.31220821317002
103.72107626193477,31.287707465447244
103.77939374049896,31.289655815268148
103.61400007420552,31.272773776272096
103.70375919639223,31.200367691986965
103.79427033070787,31.293065336025805
103.81247432960613,31.308458247303953
103.78712460678119,31.32149926342127
103.75850970101031,31.32180310529604
103.74686589255765,31.272205266957403
103.69706489718631,31.26720323725515
103.64053451265443,31.2433998638799
103.69760103697408,31.230982908190704
103.75238600885409,31.305054108844484
103.71674928989812,31.168450943729727
103.69687414482496,31.224804894019194
103.60925690181325,31.255308543012507
103.62562457355374,31.2835699424474
103.65766552194884,31.278928082350173
103.65028184787145,31.22893688578824
103.7228720157731,31.288312149331315
103.77162507079392,31.338293771420872
103.76903640217603,31.27911872421913
103.83361783111249,31.29268201429734
103.71829987473004,31.220596024449314
103.68680252632008,31.20864611796236
103.68279666056685,31.281557046144293
103.69579947610909,31.348471702404726
103.66073660729873,31.289850157575877
103.75035654286609,31.412037305504224
103.85143393901878,31.318798367359587
103.8360753214907,31.298675806576483
103.78174217307317,31.26799645618475
103.7806568593199,31.304569101658906
103.91870109900096,31.35208766979471
103.85166887902477,31.42391559007224
103.83154031854212,31.44179267286009
103.90618623497555,31.40838957574318
103.9144032564064,31.4475422293596
103.88461545236328,31.468263650465424
103.82883394532017,31.463883341888337
103.78097931863181,31.497509033544823
103.86247700512342,31.4967112950623
103.76384703886299,31.42223942010294
103.81008831128234,31.32806534340149
103.69238208292397,31.360762680376812
103.7058442150284,31.290125268961862
103.69004559911401,31.298428265509486
103.65302311230435,31.253669435731656
103.63510673853833,31.288039743247538
103.59049124842662,31.32508468631887
103.63439775380944,31.33359733083002
103.55534675824444,31.234853012581933
103.60334726737943,31.235928439139645
103.65412575851433,31.141711344093892
103.56200175809406,31.150124828836322
103.5355509567733,31.18511642188131
103.54904388012422,31.179777019150716
103.55420854124425,31.26989515138887
103.59678977854477,31.188700719848317
103.55817683964794,31.13721073846576
103.68655941088834,31.179248169347776
103.6531560739111,31.213949317725003
103.73903899532998,31.25604181300408
103.76462511415696,31.290294476493646
103.78386251563212,31.31158131823837
103.75871214319116,31.325671832346693
103.86549190118342,31.338030514052903
103.85150930107048,31.361491685799606
103.91499624407913,31.400037822767704
103.91909317672246,31.387950056077166
103.8770918514701,31.43143825877573
103.8949982886495,31.45377288276518
103.96117427658638,31.44742900891596
103.887788723411,31.43440869244592
103.7797229339592,31.3300181524404
103.81837745069208,31.28970829549254
103.82145910869879,31.325483932024273
103.76931353354898,31.293894572299926
103.77191847393195,31.336224374001983
103.85152977450429,31.43989757558286
103.76739555065355,31.520897020246395
103.74374202498569,31.40696393487108
103.82420381205046,31.53132655441961
103.84859407101091,31.505785989591615
103.85549918895752,31.408217697664984
103.85549918895752,31.408217697664984
103.75222737068489,31.37135130414699
103.71074704108625,31.316500139389667
103.72570186455991,31.365753245070202
103.72570186455991,31.365753245070202
103.76474722268378,31.37723619350103
103.69082659294776,31.365143975656025
103.75062051709389,31.321660200133955
103.74634440872771,31.266547041371375
103.75302203039199,31.323748750226304
103.74012671341653,31.329278480101443
103.67112892141847,31.348861436367727
103.83138833943559,31.362119591899468
103.92737248308107,31.36643914772602
103.86390733096927,31.369369590586718
103.93350934941809,31.422339386865925
103.92791663662653,31.650864237241297
103.99173405648082,31.620386077911487
104.00268850573757,31.670094037335545
104.02394303850765,31.659210263095147
103.90304339148251,31.779844627325726
103.86914292435249,31.795614446422828
103.93497562593414,31.715462266423877
103.91603031878687,31.674499511129646
104.00262037732693,31.667391060169432
103.99736168780181,31.69570070231607
103.9007110469303,31.624225458041966
103.7856437620968,31.561342371437068
103.8489113098914,31.526006370754065
103.86808096732285,31.525365041926268
103.91677799725655,31.519338484019016
103.83765740924987,31.531609198734387
103.85991491868215,31.476801177394176
103.92756878409217,31.45851754042958
103.91366230412338,31.47367168225433
103.96014017374891,31.58987524836106
104.01846413273658,31.49727430131663
104.13578723961274,31.62217247126393
104.12411586663139,31.636464291158397
104.15531933519873,31.70498026625014
104.15751223788217,31.761553917332343
104.23163604658326,31.725546445979983
104.28687290061451,31.77802319453073
104.28378274690125,31.798448631787032
104.29689557599897,31.80119358633473
104.29646401885776,31.77095988541068
104.28282051614057,31.76832100975883
104.26190364631259,31.752734136951123
104.24180172386748,31.740921783428885
104.24700830723324,31.774821945430247
104.19686546757579,31.763890462347536
104.28930574215065,31.768568030758384
104.28253956047907,31.794692131694166
104.26961057046869,31.772840783282774
104.2970397415752,31.77346831300095
104.24678657668228,31.790185243582844
104.33347888879734,31.81471226173982
104.31883125276131,31.783761972446648
104.30347109293066,31.791815968526766
104.34288156244581,31.814521694914887
104.34288156244581,31.814521694914887
102.44001541638995,29.833656381676573
102.47003133938675,29.758774720577772
102.4162616114166,29.82479189186128
102.40067296809549,29.762118909907826
102.39482452719328,29.764899655319557
102.41121550727486,29.827052271914226
102.39736131762798,29.852127981720923
102.45836626325827,29.86759002193851
102.4671397777588,29.84848350769191
102.46572253475563,29.826750653880143
102.55823847465845,29.96450164295659
102.56620645444264,29.904273298134214
102.57711806550616,29.96083298553742
102.68367218196605,29.9412319318894
102.62524333016901,29.93872346388494
102.61317759386247,29.976108421060943
102.57039359305166,29.943273366303345
102.58675031193572,29.866204720501212
102.60108517201984,29.863360526408673
102.5242763567499,29.884173374355935
102.45259193850701,29.83328875793985
102.45362804249288,29.860495271724453
102.44880626135182,29.844097989691925
102.56798370273167,29.884811332522006
102.52748773200315,29.855126824918923
102.52866507099841,29.876105638380746
102.43835357539231,29.868181246569076
102.52464908684193,29.912248015711246
102.55902430287757,29.923959484814084
102.57085716347011,29.958605540221402
102.53784331950726,29.903713410600112
102.54809621766691,29.79971058802152
102.57034162875253,29.785700239049874
102.5710789743247,29.78560731201281
102.59925767523315,29.724290642677364
102.67747069269177,29.661413564927727
102.76894908728181,29.5914605332545
102.80072108877101,29.53411359452326
102.78182171474593,29.626894282207257
102.747078553042,29.622145813430837
102.78939810006,29.546555450470738
102.77127116582949,29.506129952044287
102.73417436315495,29.54838232606702
102.76286728722167,29.567038627218313
102.80623899363319,29.502631849229715
102.84093318510415,29.61613326904118
102.77231575376877,29.588222537176208
102.76852572432176,29.554903324086318
102.82353738251183,29.482672352068075
102.93696523852095,29.615204818181
102.90033546454283,29.585490746610215
102.99507841122502,29.506233149502318
102.9113792121259,29.483460540014818
102.99993796814087,29.54822882338233
103.16673160736175,29.533217556344667
103.13406286122738,29.46196809277023
103.06612143034165,29.51666199866498
103.03238481828328,29.48034318338953
102.9771595684765,29.461480223383337
102.96254349786821,29.462474136390835
102.9479237058583,29.4293953336296
102.97283058253103,29.410701398792977
102.92645531204063,29.42698089912117
102.94157070693309,29.44250603953913
102.94440394631393,29.423585744522324
102.9288821162063,29.44627343386794
102.96823988032769,29.43857763465007
102.95121919878126,29.430585703817943
102.92615132103745,29.41936451969936
102.91584030261713,29.43611544902613
102.93336137819686,29.498322843176705
102.88972449293398,29.524679589493637
102.92889641421269,29.531175538203776
102.95562676153254,29.544489198068383
102.96232883898726,29.63428636175782
102.93516663151834,29.659209323435377
102.95572657806048,29.699770217588977
102.89204764662912,29.58365610052602
102.95088489387415,29.570618397550096
102.93457480463583,29.613225674300296
102.94111730358115,29.658219741311093
102.90482591951609,29.594342945135256
102.87869989105191,29.57149271161456
102.93787777636736,29.60202911062134
102.75515407968369,29.620384787159004
102.85306267317,29.529740827010773
102.83550719162777,29.510202934963697
102.77118549910315,29.518354231798693
102.8102295724113,29.50822061905266
102.74914010563944,29.49461785311215
102.77753976578678,29.499035478305313
102.77753976578678,29.499035478305313
102.80960814614036,29.61234883543763
102.77073812216284,29.602689785178832
102.85558895602142,29.604724922972526
102.7813252134562,29.62886673216979
102.83331648792924,29.51965251681843
102.86870841497979,29.49868659826313
102.94093496607356,29.50821481752018
102.95694333033775,29.51081426178002
102.87401994230895,29.55774652088158
102.83787628780203,29.58845493301565
102.8277160473201,29.486453496435264
102.78076768867051,29.54811851971848
102.90563833059721,29.613529028252113
102.85782300981037,29.5569666740813
102.89584451372768,29.58472092608627
102.99592657678699,29.55578767999403
102.94643704602237,29.56417927548493
103.01649721162292,29.546998989749273
102.94384673522472,29.563477206488287
102.96323469061039,29.68181723082644
102.9015411473947,29.6154656140734
102.90382673011388,29.588867146655865
102.80819581016031,29.49507992951633
102.75206597255244,29.53018030489729
102.81138263645256,29.59213799381247
102.8443246906699,29.572992377787187
102.8624828265485,29.607241670195258
102.77811843095706,29.6249993250835
102.78270055278344,29.580742101979993
102.85611889570721,29.595119625514474
102.86303222675667,29.615962146123604
102.99302482268888,29.590820383681244
103.11702672016462,29.501233319517254
103.05670163789794,29.55790137793173
103.06238629667601,29.47243995282885
103.0482488624597,29.567204702075056
103.02997878001611,29.524243912608558
103.06067167576643,29.447093450882072
103.08121977815499,29.48229127176416
103.0548100329177,29.4659823286385
103.10800559731874,29.453246564337487
103.13006758991982,29.478355677129766
103.09080927609087,29.48831659799936
103.01716491254338,29.512513943342277
102.9103196388769,29.427358132581148
102.92651794175913,29.444877810102707
102.93536865202076,29.411644735718806
102.9107462179134,29.43705828285651
102.90826699999673,29.430455160250435
102.93895464600669,29.47876561687836
102.97715852213206,29.519067864530093
102.94434755665831,29.42786565690504
103.00010439946965,29.466917183359453
103.03585198420433,29.481875226508812
102.96665024393789,29.490104900089932
102.93234373858176,29.548653565127932
102.94296398568746,29.618729124300685
102.94310504736941,29.68218439057821
102.94670837518268,29.70474907348874
102.94670837518268,29.70474907348874
102.93932512920381,29.696007062246277
102.93932512920381,29.696007062246277
102.93932512920381,29.696007062246277
102.9590201329783,29.708837953402192
102.96585114984359,29.648868113152528
102.9005185335805,29.631936642211702
102.92288577128991,29.589533180247006
102.97635995934172,29.57892802817195
102.91997160126152,29.58865153384548
102.94773041562371,29.54375941101009
102.96292766978523,29.59400079685672
103.13378747481676,29.534438223704115
103.16071641451278,29.49900341255353
103.16494499518815,29.440186785182497
103.12700620886228,29.467231134440762
103.1258998712351,29.485166534218447
103.0536793162859,29.500036333506824
103.11397985640484,29.533269103260366
103.06966444268339,29.51974738713392
103.15184506106095,29.43489263384048
103.11074221475558,29.50567204097632
103.05689271965925,29.475097451751104
102.96314264466979,29.4923451773403
103.01297422143853,29.45214978761327
103.01108300467891,29.52651417952861
102.9477329300996,29.57111736976427
102.92614493222548,29.669230577610115
102.98116583615526,29.601278502654324
103.0816177103483,29.467801884278956
103.17058528256874,29.55183116387918
103.1397862083044,29.480634792216247
103.1514906966776,29.45540553724011
103.13806710858037,29.520428158248592
103.21418281192688,29.502196552019512
103.1838437831567,29.510641957034544
103.1838437831567,29.510641957034544
103.18265789179793,29.4416606469986
103.12115641114423,29.503031939028748
103.14442891025692,29.489971785892678
103.06075440876344,29.517172169268342
103.05774984639119,29.523604997714536
103.06337699884837,29.44995280787093
103.04110664591444,29.45129046507228
103.03907290426885,29.458738175692496
102.97306979230676,29.50332489835245
102.94346758494628,29.440443858248628
103.012876926298,29.47885220180714
103.03452650203987,29.551130985624066
102.97315809482406,29.54932750733349
102.9804125214262,29.50741331549504
102.94344244722998,29.53463664732745
103.04871746853836,29.5466991494158
103.04778736846791,29.546355665125812
103.0516014159648,29.51187532073109
103.02910334009455,29.49495871585774
102.99306113147841,29.428907722884247
102.93006625951766,29.41339907475685
102.96383993312685,29.442365839669403
103.00026478053634,29.443241286142914
103.06102771448366,29.472672080442436
103.17451415838865,29.454672482935628
103.12119526485591,29.535303578400892
103.17033311541,29.4710458873797
103.20482437077514,29.499735754728977
103.20849040169246,29.498362202133485
103.18585727024934,29.511527725971053
103.21125807104988,29.501207819957493
103.08515313409531,29.44218701214375
103.09909998830072,29.512580529199514
103.16454384396394,29.506234674293594
103.08900740982659,29.43789628544562
103.0649343917877,29.456417720414855
103.14058633512627,29.44229643410871
103.1598402532894,29.4488239943356
103.11942777780794,29.487255951687455
103.14063609068283,29.438081442787144
103.08552738270069,29.490887395825055
103.11851007730255,29.496019846585448
103.0470920296198,29.53598592447107
102.95438190483708,29.525110237027945
103.04216809302058,29.44971415846413
102.97712816727484,29.415698478602227
103.00752758429691,29.455165578951092
102.93664467821748,29.47159069615309
102.97765550438868,29.619296247584106
102.9490594301521,29.589060060788462
102.75900730458602,29.621454737527337
102.81117717331664,29.58308452492971
102.65137003842551,29.68880471406065
102.63448358967933,29.66649987051944
102.59807505162406,29.663974403111105
102.53074182854054,29.744231887387976
102.5389940503235,29.69106557701152
102.50092614233162,29.68555757929256
102.55617794805895,29.670781231089432
102.6477452182844,29.703875533726308
102.6831827355222,29.591032361384816
102.48814092704188,29.71996552115197
102.50071387573566,29.708683858830714
102.54002751801602,29.888586467813095
102.52006138478163,29.850075207822726
102.60558796008222,29.8631120701165
102.58368483069601,29.92675258124607
102.64453839475154,29.971414883783744
102.66289950174169,30.00238752962637
102.66211626172831,29.9442359737235
102.53637991256979,29.93381709282717
102.35337333628908,29.949778649492586
102.34681165638005,30.06128739664354
102.43890200888323,30.177777956086096
102.55024515718107,30.14548370127267
102.49388473022292,30.100238131941612
102.46002018169293,30.07299569397781
102.45843119114933,29.977575113253675
102.42313953440531,30.038088673470412
102.46750572337068,30.036376223244208
102.44535745617578,30.142584693164896
102.42303050774628,30.17637309585338
102.4264975589328,30.260309501649278
102.42031998360653,30.267764709476605
102.45833916410811,30.186475596549105
102.40061960484675,30.120814491655825
102.54799108929484,30.21932539278338
102.54919161704176,30.207426141205662
102.56532226438863,30.200832013512308
102.53554381481892,30.173702193429495
102.4715616473222,30.13458479223613
102.58923868037114,30.083589126818786
102.52581695560055,30.106089138667155
102.58543599655223,30.13790475408683
102.6016542150613,30.16060831877217
102.61664136700122,30.18070076641974
102.67948269944706,30.258991927632675
102.60433119556532,30.17541575439099
102.57813304112693,30.223834172639176
102.5514000347128,30.293753978059062
102.5881239061175,30.323006239558072
102.5163254051372,30.279533318148584
102.57593670529727,30.303492966660997
102.52951859837559,30.38263901555096
102.47181139615085,30.328179327345058
102.46120069858192,30.315322455197638
102.47609309869634,30.336807732466337
102.46864670766809,30.365718782251534
102.4282905458404,30.386688596067316
102.52200281211512,30.411681165329476
102.52408786715364,30.36514138876309
102.50191162189192,30.496727743005803
102.48701266566013,30.486249624722376
102.52189089505262,30.553280776737623
102.46282412556279,30.513975980255125
102.61431722603906,30.523577585717476
102.62641708709067,30.497891490608065
102.6224202979063,30.521867544537265
102.55659280149156,30.56141474408774
102.5016135638775,30.64224550418447
102.57815764570971,30.702190025972758
102.50019071679309,30.758288989354934
102.52829917880078,30.648219229179457
102.66656398525508,30.7780073940963
102.73268487509294,30.747796492226694
102.69980153000542,30.779994644433764
102.7714911291997,30.82397432002961
102.73965795293829,30.836014047109224
102.76244986651464,30.755557868112337
102.7597461672464,30.71194689013868
102.85932069545083,30.71221673391124
102.8399565253459,30.769752060326415
102.83018964147605,30.685479975367922
102.73500208909536,30.645705207248998
102.71911653201283,30.664925406554293
102.77806118504472,30.62190194498209
102.83656801197036,30.67295395755308
102.80499950289594,30.68900612104586
102.67883637282728,30.630551421653365
102.58237877259175,30.656185674530324
102.59838018035089,30.67294223866703
102.65451486292041,30.75906643398699
102.66021070613678,30.765368719451384
102.68992109228842,30.880541509898993
102.71183550441977,30.88931059931449
102.70580746742634,30.86011218258299
102.64824494159116,30.773559172995384
102.69262714931517,30.775172136055964
102.6249736261043,30.818608989941126
102.69644077360361,30.881170291457632
102.76480731399236,30.882210471201645
102.80986481157213,30.84813124087883
102.88731248339197,30.822222241685353
102.92677552179752,30.860320289423495
102.94519384751231,30.80941759413697
102.9865437264327,30.87700104609352
102.98547879010799,30.824782834676228
103.049238632415,30.78542063493619
103.0828920796427,30.792086222457836
102.93121596223007,30.819380520481065
102.9119480581936,30.83850820483459
102.86010421907145,30.888038779883686
102.93587982766857,30.99729721207665
102.90878417767816,30.954646637943373
103.0001376408845,30.870744465342444
103.05600617356417,30.859903367718914
102.99490287423666,31.006664311697715
102.9812060027145,30.96742404826643
102.9791840778039,31.091877077311334
103.08550395677409,31.017410360583124
103.03726589810088,31.033321043169508
103.0713178028463,31.158868888053885
103.00445724959329,31.29903638795242
102.99839871613902,31.176578005826297
102.98638766755298,31.095484348027856
102.95550461711368,31.11219176164751
103.16253031393695,31.11536203241684
103.09280144155294,31.14527389961421
103.11741242255796,31.182823160018586
103.08860507043727,31.197862700061112
103.29356977665392,31.178750708431803
103.34931933994389,31.228864009848124
103.38742836266698,31.222148722681784
103.2977492493177,31.22477071252769
103.39415892252045,31.354252826618854
103.45548271193115,31.363513760504727
103.4649414538076,31.37423468481711
103.45852549281143,31.39129870821909
103.46357651459209,31.396098334488986
103.3936070627195,31.41780885088802
103.46259309574504,31.419953362650805
103.45917530460532,31.41862301836082
103.4342297522805,31.352615084158025
103.41678491863033,31.408526652419372
103.41956373625416,31.397538429676864
103.37546089848529,31.391792275511715
103.43999445759637,31.3358154256858
103.41074685229884,31.263047180484875
103.41279059392534,31.34134017824921
103.41742108821957,31.3483677792487
103.41163580714424,31.268683038409463
103.37894007928466,31.272481647346474
103.36095885150979,31.202419464771562
103.35310735257725,31.135716781090167
103.39340545978013,31.13491208139893
103.3580386550869,31.108961291363944
103.28259134754508,31.096653581265024
103.27580961980499,31.018158685931162
103.37029151491622,31.04079077680551
103.27046186387356,30.866250594019753
103.22898877840353,30.69396995616717
103.14131783403424,30.64602539431281
103.08521135403514,30.721998583263225
103.15414495992766,30.699890398825083
103.11159886411998,30.644317253244548
103.11492291268695,30.532946553596513
103.04319043694953,30.591887197465404
103.065845631509,30.593288334177718
103.02434241945733,30.718199791645105
103.23418563299157,30.70541556858628
103.26321658525112,30.627607320142037
103.1896308415192,30.6995220440535
103.12810731250292,30.639345536740205
103.11130972052813,30.677451774783563
103.04665417902731,30.711460632717706
103.03413752523775,30.63427663243041
103.04608731025556,30.674159288536604
103.19117967078182,30.62156780023785
103.16386379952665,30.643780649880995
103.09911008450688,30.550194556425033
103.03960015913931,30.523039002433062
103.02130228060847,30.43253505144288
102.98309041278172,30.404698041812342
102.98194824254263,30.40728073944787
102.94646330150267,30.463696038779688
102.87369627929051,30.378322414851006
102.8598685881677,30.34043377103227
102.87397641633889,30.355957647265864
102.86517547255426,30.33456344607101
102.92985414779521,30.358859036690976
103.02865262478969,30.512314094898827
102.93410723225035,30.480641010869544
103.0093020064391,30.534839060923932
102.94360641464799,30.52667173758622
103.0041197142303,30.54881094542305
102.92266445617732,30.47363277234432
102.85362863999532,30.405970594425106
102.9093713059037,30.386811768224383
102.85137984676454,30.375601499728365
102.8000901281493,30.459449488143637
102.7654472873704,30.53760931536973
102.76728093599526,30.551150689859487
102.64235956740406,30.51444974148572
102.71725536715554,30.534015854833974
102.83108542072804,30.590150387653683
102.87241634005544,30.56098414282229
102.81574855461032,30.545693863795954
102.81669920587339,30.567712484593383
102.82105383766218,30.530642446384146
102.80159552869603,30.443938727804575
102.79886642744897,30.52451569471743
102.797099336067,30.455760484551256
102.82769315000616,30.49024471064863
102.8536202243128,30.437593668636765
102.85148841740931,30.514269961812694
102.90837511961261,30.396726492260257
102.912329158659,30.403046697740542
102.8792328367982,30.435859224063606
103.06684755641582,30.439029311164475
103.022788255167,30.46324849403688
102.91930818557076,30.460463609553443
102.96937214476422,30.55479609695383
103.0814825440464,30.42258139165897
103.05921727110507,30.435507799584645
102.99906596093969,30.412877659817656
103.04492334836503,30.440995666996088
102.89628836715507,30.505717422323087
102.83767394217844,30.49511415761356
102.8304032318462,30.526566040313483
102.87446265022056,30.52403920072655
102.96151798935597,30.546072978117216
103.01560781272731,30.538349243340473
103.01842151961255,30.50167540616938
103.0508058738739,30.493438164504163
102.9794961832055,30.402129222003754
102.98798747588839,30.49984603813852
103.00782785627123,30.431944568657755
102.87444169969882,30.413937446782352
102.91600800445173,30.480573427766423
102.9664816774841,30.489700023711887
102.9274107641584,30.441956296904962
102.93422977405571,30.40288030911945
103.03087334616858,30.48125129002051
103.02545766302508,30.54023248059091
103.23045525320278,30.719622906712793
103.31240079276586,30.619271487503983
103.3598518813815,30.721017326371474
103.3153164701725,30.764281141270764
103.20914175187029,30.73617091804869
103.21816061999102,30.710411469530758
103.22119281421472,30.614871198183472
103.20700372681682,30.650806570601937
103.09202576864034,30.71863766801933
103.03602809470071,30.804163507756204
103.12880483018326,30.845175105837193
103.20180078302396,30.86528863738503
103.14922113444771,30.898029466481198
103.18040813620662,30.87526945028539
103.1107320782045,30.846892464899373
102.95573337421592,31.003711130905057
102.847086169655,30.859092199916628
102.8909407979414,30.757026056118917
102.78735149532532,30.791520926535867
102.78374761989318,30.756715221925987
102.75195337146847,30.772495577989144
102.80315234465817,30.76729597133199
102.85336381752933,30.76758737666766
102.78249550054134,30.795458758565406
102.79645349179462,30.83419063316138
102.79138994682553,30.846269498772152
102.82353300427377,30.795666943173728
102.89566471501755,30.7952412302147
102.87980181578988,30.866399148411734
102.94846904353717,30.871980457162238
102.94100263729317,30.845093017540435
103.00074640364686,30.87110360408225
103.0787715674715,30.84958084062885
103.14567294650251,30.834816005295
103.23617597601904,30.82961614738884
103.17398656914119,30.74264955491821
103.26302581995375,30.785569123742714
103.29244165854432,30.72706216809743
103.23591439467629,30.74032363720211
103.25754619280754,30.923723671242197
103.21762729219543,30.83308923791482
103.18314191073107,30.820084638689316
103.15173701544508,30.815831688837864
103.2875746510609,30.809444487899512
103.29666148203336,30.817970939680897
103.36660270254198,30.736134441386042
103.30343411233562,30.741471326062126
103.34756100667397,30.72341175961455
103.28601090811648,30.66776268812148
103.18520896657797,30.65819417593732
103.20875131348647,30.699021329904312
103.2404147226954,30.772220990805952
103.1284170377996,30.759191928867267
103.04801316193446,30.77013135816183
103.00795041702442,30.724810410746
103.0861895267669,30.684296806266115
103.0788058130613,30.652151346820514
103.07883860024421,30.700083149351915
103.07484911362172,30.81457292551146
102.94143611007806,30.79213410566275
102.90878648344035,30.828969056919323
103.02729409836326,30.80152658896352
103.15203101445442,30.888659025675597
103.08638935527433,30.884685284750994
103.09654763782663,30.93303966886553
103.11887707755756,31.029888377303052
103.1474755884625,31.082483639621092
103.19936588191764,31.104669499772893
103.19610363436644,30.975054024522727
103.06281457830306,30.907119138584235
103.03049111103996,30.853116758335982
103.11079918686373,30.841958372816
103.03291106313935,30.77593251070682
103.07078436510677,30.763545114547952
102.99618347335945,30.77806397439659
102.97637099875332,30.811155144204136
102.968451839768,30.89916548299927
102.95397703666711,30.850718454810185
102.9060125483984,30.883045341327016
102.88896284408555,30.904752536987576
102.75504498147009,30.89344902850735
102.71040829881795,30.834276571361006
102.77899503820356,30.828190830537345
102.79456229373706,30.846459664771107
102.8158639408293,30.856257999727035
102.64128490326732,30.81404303685166
102.71930881088547,30.780826815941648
102.73483428528864,30.895865424591577
102.69991418774515,30.76204445674497
102.74492053778464,30.23130628320238
102.7152367568708,30.22516920537418
102.71968047431582,30.19026595989063
102.73166385106403,30.262546232610248
102.59597588874966,30.241470800155533
102.74284193517084,30.32695081140604
102.69929651946067,30.349145361586373
102.66527788034178,30.396254082486685
102.64496899013524,30.357074353024302
102.5984462982721,30.273197538360794
102.66206008858117,30.164226052973575
102.63936022553672,30.25864174041833
102.66593757040839,30.11389065183059
102.72776256352405,30.189947772894946
102.72052050212928,30.19206502836719
102.67105714278415,30.27214532123986
102.65520117547871,30.26558442069727
102.5033122735588,30.301868692103692
102.63233613077024,30.232517733133392
102.70609598488332,30.342978200755468
102.63287155227356,30.429804296903058
102.6562703174339,30.435807755749266
102.59893469575623,30.371533739852172
102.533956570596,30.301984581261532
102.58883447671376,30.24256235235944
102.65506963307998,30.30299693233949
102.67395391912939,30.251900650446238
102.57542155775174,30.37327183020084
102.62967672868949,30.34698726147648
102.62885044484331,30.379629555461744
102.62436427855533,30.418318228106756
102.66486666366009,30.40782454335708
102.72878825693398,30.349139833849833
102.7140416692142,30.3717598552637
102.67967371074852,30.335880217320398
102.68874917724314,30.32242185670597
102.6905740411809,30.260379610152057
102.67311382736798,30.242921928306316
102.65600014492576,30.273182666261867
102.56610961643517,30.15428214712316
102.64835801591883,30.163498848348137
102.55151633352973,30.183232156734483
102.57088012227945,30.224725393089503
102.50285927128503,30.05367092555726
102.54364695593638,29.984828668706438
102.55753252688707,29.977341679178714
102.48496519741445,30.01859931192596
102.48204085930597,29.85433879534837
102.43933446392617,29.84637703176172
102.39642448475529,29.89711261416566
102.3790091599809,29.837556008986592
102.39711571558793,29.757235737043036
102.37783891175812,29.891195674924397
102.40727266723594,29.829433241522317
102.3389118027741,29.747393900819183
102.35686084993186,29.72368295889642
102.35744974258154,29.718035396787585
102.3542272867678,29.799637101483718
102.29662458831255,29.847413482395353
102.42922467607944,29.82544268257022
102.47715535339903,29.89286109050914
102.5222348501191,29.90323882645025
102.51689162050829,29.977714788320476
102.35807436435917,30.03952406777979
102.34666109003045,30.019996008343917
102.45850661736061,30.126311756377312
102.45357248522647,30.14327690320985
102.44847531601945,30.09068978971668
102.48333234744527,29.923916068200008
102.42027204006574,29.959748758610644
102.32938120025062,29.93545403198696
102.40004100719374,29.932308563342943
102.35553315456235,29.9556706502472
102.33814841463703,30.007548859018563
102.35079977421978,29.899501687830007
102.30373810454067,29.915894194001332
102.41543825896443,29.95317847260863
102.42448093203352,30.06505409799203
102.4843826463037,29.954179732305033
102.41268278839995,29.89587485668978
102.38284017545381,29.915382689660504
102.37763222588914,29.899143766281075
102.35486779356899,29.88333763831049
102.40486187865706,29.79274790037825
102.46257273640894,29.856016868202516
102.43139093584959,29.82225048661147
102.36211708981638,29.754595064691525
102.34190869962637,29.750391121519275
102.361465023277,29.734212091835282
102.43775568625541,29.87063891310051
102.49044644368165,30.025577957401712
102.47166591702745,30.09956414852964
102.51415456942422,30.13372618761176
102.46921602362825,30.108532489821602
102.49535027652557,30.156158690560574
102.52965972452724,30.14205492783655
102.64126922313625,30.210588875447733
102.57932851885691,30.18038557640593
102.50681139325013,30.233304765511853
102.50150188630506,30.212977367654922
102.37970797660832,30.210383767717534
102.35859430268631,30.104953447176737
102.34739545963095,30.10043251414688
102.3634964557782,30.18267288657867
102.34491555902898,30.195788709159768
102.41343520456122,30.155875421552434
102.40772367953296,30.110931696768468
102.44675776962004,30.198958715248835
102.44919472454106,30.140706589972208
102.43408651224713,30.11436433868071
102.45645175713764,29.988353707113205
102.3461327115435,29.95578133898446
102.50635520291485,29.868982348033285
102.4667680240446,29.885055678517165
102.454376316228,29.83234822847807
102.41158006110224,29.85346267381116
102.39981848603657,29.976876768180436
102.40740668340855,30.11551107257665
102.30780745965338,30.15036083036117
102.36192679309406,30.14744374719573
102.42559330687584,30.16092111031706
102.6589346246642,30.10787082930671
102.63496635211402,30.10177970508811
102.67424494874534,30.108116521738122
102.59482936557346,30.11758058178412
102.60981579155546,30.183715432208864
102.70842867114665,30.207265287142604
102.63315691056458,30.17911543911918
102.69159082298539,30.277746165498275
102.74782673401799,30.30663006944597
102.66296093290947,30.37262379842015
102.57467692998752,30.34151571886769
102.53369557765606,30.343339340859437
102.50231195640465,30.317617352705675
102.56501468326903,30.216741814883868
102.4772461655997,30.07886806440424
102.47356141310965,30.088182145253562
102.41263148710763,30.048162425191897
102.3266150916988,29.995096904166825
102.3263834048959,30.029165834149836
102.42032486680375,30.227927315558503
102.30500361629889,30.092622855798083
102.27234978341954,30.06413895766211
102.295762885108,30.139146782623968
102.28957236984154,30.00522750795771
102.31714808634882,30.00655616101931
102.41666816189677,30.0420676413479
102.39327141782142,30.092063369390612
102.4172169316245,30.011946488085655
102.41454190213322,29.967716124165673
102.62667201490147,29.932293943997394
102.68048126547447,29.918409383216083
102.70526990678623,29.92489326654261
102.66747298777922,30.015305253048464
102.67163889808569,29.991229865485355
102.60723183022657,29.94577082557804
102.65929959218185,29.94287152040617
102.68044751204097,29.94157430467574
102.59915294003925,29.962887677764197
102.68016395720936,29.9341158713977
102.6735360118747,29.919153663418154
102.63333452950414,29.955607717184478
102.6368113273926,30.017523511623047
102.50513723887815,30.08666641111675
102.52904926424705,30.112190457312025
102.57577090175539,30.069576290111087
102.56511800013662,30.057834863689532
102.623000535849,30.09086249123338
102.6069783770869,30.109416656130318
102.53582896398142,30.10759520897383
102.4602405756591,30.155064198178046
102.41453882840106,30.224274163842257
102.47706057343787,30.183659473569126
102.41596133061165,30.23585255213387
102.44191823422571,30.23123395460969
102.53182723160694,30.22369582242547
102.47182741182425,30.08547437869146
102.46238962859837,30.14602796017145
102.48396590314648,30.106105279109457
102.45371164819318,30.138443628018006
102.32391214254318,30.12776902052783
102.32265470112094,30.125216452193527
102.30087375905619,30.126269251888
102.30087375905619,30.126269251888
102.30695828646571,30.116892852861067
102.36297383124288,30.100830718511155
102.37489946222603,30.050150057445276
102.42734765240034,30.05152341860053
102.40813362429785,30.00570841835184
102.4634668867191,29.99040996348595
102.58164427872244,30.06976496650056
102.50606264099007,30.092439348173567
102.49410875816871,30.245297011161796
102.36714029781247,30.148884116773193
102.45690619931196,30.226095392833994
102.47637421606508,30.048613487880072
102.58937159823135,30.153057733540464
102.62661132267517,30.252749143782903
102.63421519328605,30.330427213977977
102.73470632107718,30.209247150718898
102.76185893365567,30.211577172863425
102.7305841191158,30.206511330538056
102.66830746785045,30.17300204653428
102.5730849033068,30.316175735419026
102.62345819577325,30.381007917403853
102.75295161582969,30.35435356756775
102.70319871020902,30.2986542650132
102.70203987007132,30.258841458959143
102.64902245513984,30.37461166187502
102.60525284448097,30.365979041806803
102.6221599958077,30.32344235979077
102.72086653182465,30.1870321143202
102.72282525024916,30.18254226783175
102.6858593941715,30.203744691978475
102.64247937314182,30.248214498540865
102.64499772527232,30.141224592168413
102.66992906712004,30.193895422128435
102.63137496107167,30.225286315380693
102.67898949574533,30.261201929238357
102.71699305111095,30.30386643777798
102.73119723000771,30.226746446404345
102.65941477457969,30.219129410378972
102.67184002427385,30.18866126725616
102.6705941161382,30.189258619532094
102.63692350566345,30.12438955964291
102.69071790289014,30.245069705953195
102.64146350020182,30.228350263201666
102.51539797971263,30.258436304945196
102.40323712491033,30.240111379519846
102.46410516864553,30.318189512123322
102.43463558667445,30.30290078573269
102.48500785423985,30.242143331463904
102.491774406961,30.292083752343437
102.46670713705458,30.22427827767631
102.42574044543802,30.112535712431583
102.39150263683533,30.054125966819036
102.36902372570759,30.175601627959658
102.4694213052427,30.19427660694701
102.43626531214926,30.124864221509622
102.43801863628788,30.12470976054695
102.41152696742569,30.122742088593352
102.41346403271471,30.105913597295416
102.32378009300896,30.04123270337901
102.38038150668712,30.084407265386346
102.42356125481821,30.05721749306982
102.37001309513505,29.978363127267517
102.41003531691089,29.93758531293659
102.3992457571396,29.952417493137933
102.47228456491669,30.055828977916775
102.45494938372023,30.044735688490572
102.59434567535456,29.96989724491948
102.65091467098406,30.00745479690114
102.64304977611853,29.963247914238867
102.61918161174658,29.957982516873777
102.61825088977055,29.967529787316685
102.63844923777418,30.004323446129877
102.59566977330007,29.95862788593197
102.57772754202483,29.953613414811233
102.4938898891802,29.903670460616556
102.30251334775885,29.834040216054497
102.33400744023069,29.74560539808046
102.35207061098245,29.715641733468356
102.36054753627774,29.762129234813695
102.40561847393268,29.761069577938514
102.34816366268218,29.758658214149932
102.33687356159005,29.73832988486765
102.37010577010514,29.798836575100484
102.34663884049901,29.81165427940247
102.36198701673284,29.916978176553993
102.44023491000372,29.894682197032722
102.39708009495465,29.910738061246686
102.51354856835418,29.95615748540438
102.41003074254735,30.0188427009645
102.44072246924527,29.941976285503646
102.4017118482803,29.934885711633388
102.415285322117,29.837389094742836
102.48453363226514,29.7020036080771
102.49809963639157,29.68074287732435
102.51696152028511,29.7280232044424
102.49476194736368,29.747255247500885
102.42197877922524,29.788897965972772
102.40276270441449,29.868256368349762
102.37040656091965,29.830493336546294
102.3238749137001,29.954679206137516
102.40907885740394,30.029585554509637
102.28174158996046,30.066695558989167
102.36347535688036,30.06960206409584
102.29438378368822,30.01691663220863
102.39333680963333,29.984197957881126
102.48969686143418,29.965770991348023
102.44856335906647,29.88080611253962
102.3562723013114,29.97964065831127
102.38113666723612,29.88111452890323
102.41734332623331,29.83108281076913
102.47320217799154,29.845630284179617
102.3696683561416,29.82329263878338
102.35952739818936,29.860236562866
102.32742838953831,29.86413554754865
102.2995126384698,30.00041747499926
102.31903165092898,30.074694974851152
102.33018918065332,30.034989889714733
102.3262027821924,29.980253566491463
102.41292181906832,29.94777314372816
102.38445781985374,29.945781299344773
102.3561918748941,29.837217046885286
102.39860512985483,29.776690771760478
102.35860655736002,29.755738703862374
102.37329945948674,29.830353748299316
102.35525074259252,29.76046023839189
102.41162888385121,29.81942581344792
102.32348754120179,29.86961739371147
102.44232958932437,29.826335135412286
102.3281687866744,29.876144917469777
102.3326729740967,29.955286722456258
102.31929758116897,29.884682944357987
102.39096260224399,30.036971042784224
102.40411825430267,30.094521099651455
102.39599101750477,30.178943810949647
102.39373310361468,30.10552481527701
102.41490790515148,30.061733116738758
102.34482160251507,30.061428055488452
102.33629706821486,30.006729073556187
102.2911518784294,30.05948946918166
102.310402297453,30.001031184369086
102.31448178872631,30.05139743029335
102.34439600399747,30.12609950449146
102.3366421723558,30.07556260492937
102.37054966481723,30.055210880514853
102.46085597368861,30.060981498248758
102.37596326253534,30.012221759714183
102.46942598676074,29.950944437273066
102.43304540379529,30.01641987790902
102.37677599733183,30.091712478533697
102.30733968882097,30.137979131000503
102.3594223159218,30.207008184172555
102.35170066892333,30.191348750557847
102.37385461926849,30.198474851978943
102.39591883009564,30.126442209442292
102.44434361186427,30.201917109019124
102.46804841551229,30.300438912779953
102.43189808317202,30.37437789850455
102.50215810325497,30.330244616168702
102.5237936677227,30.211691134050465
102.57653392768886,30.17957394185189
102.6478963401557,30.183489609678016
102.55749993660037,30.121194082355554
102.64400834266306,30.105001142505436
102.64603708904994,30.015059063557523
102.60892316627222,29.96229088426876
102.56739701047157,29.89383535256026
102.56946728588343,29.86695155270985
102.56549774351947,29.787046583172955
102.51577464952746,29.853992690437394
102.53450494463318,29.932065630754522
102.43983639023824,29.90600983963208
102.31091626944863,29.92215101940407
102.33542014942576,29.882311313411588
102.3099566575795,29.969215698581767
102.34591866390502,29.968366872428813
102.34803360883998,29.992275259796653
102.33235520295862,30.000150901156903
102.31387895601024,29.98801502317017
102.37732176422845,30.009176390495544
102.31798835595785,30.011821501330363
102.28183527949584,30.027692770499254
102.31201416660689,29.998073865985187
102.3606927058209,29.932490995985646
102.41312035715794,29.861742750729583
102.2995536307841,29.896286142028806
102.34666620171008,29.906972997254467
102.30167561080121,29.932124409941434
102.297036021638,29.923307548296517
102.34422102817265,29.81408079033628
102.41971097590888,29.790225662721586
102.37855700405687,29.853432995359483
102.37071242724376,29.79297393644551
102.30979218364497,29.869940444781154
102.37723317039936,29.87430712462276
102.40356823650977,29.953213045591273
102.4377025174908,29.939657636136253
102.41287648240062,30.01607714074547
102.38695466848056,29.964118775636802
102.36029691060759,29.949411233140697
102.30534854707493,29.84548503260318
102.35755891236573,29.79738603604588
102.35790757616313,29.719659393274807
102.43913516149793,29.771111229300246
102.50203429808626,29.734223075076944
102.47345831999712,29.72831527926001
102.52262022768157,29.782168967805426
102.49608198495393,29.741058045194045
102.39944331747114,29.78368089607763
102.50034216397583,29.868896676260096
102.61020457299921,29.86483221678642
102.5234946654921,29.931770834794843
102.54585292647074,29.846458370582233
102.4794084985126,29.898992237047004
102.42274770223214,29.73128979382411
102.49823122387916,29.69351448489657
102.59574554254787,29.679532911084465
102.68609784166298,29.641066926832174
102.64219924714222,29.713477462812385
102.66464300390801,29.690449018636805
102.61235036126601,29.650529551701357
102.65821536180302,29.620744589335576
102.66819357292366,29.677491339980698
102.57501421754965,29.65123732582535
102.65636540191939,29.73403441721848
102.43673607986945,29.758275162033108
102.45253494395327,29.755728652930166
102.5719559598436,29.677615810385486
102.49616865073331,29.75274184459712
102.5284838302192,29.740626351746677
102.51173143888627,29.760852916702987
102.52705022637544,29.68237759028153
102.48258494519548,29.75150193819289
102.56207088034698,29.707271201348604
102.51760615631814,29.66230904209283
102.52451140924157,29.771895784182057
102.62536204695832,29.71512168570184
102.62007806935749,29.65367537744465
102.59078542131137,29.67629886010736
102.60964465656895,29.6628359320949
102.70191995161133,29.63439721426934
102.73043180347763,29.58113438930999
102.7210681464712,29.57589421786278
102.75127635431079,29.535622198306147
102.75631893939538,29.596081324324192
102.78661546943457,29.572779441545926
102.68607028438318,29.584304407063662
102.84300895824767,29.53796503074719
102.98825976184376,29.476780759518363
102.92100702052997,29.484063831002526
102.83917014025207,29.587256187705425
102.84096519423325,29.573960654462653
102.86644385884082,29.565743969227963
102.9692617273039,29.5493165036438
103.06187514662747,29.53145614515314
103.0388671944074,29.49362067800044
103.02682218036064,29.51360530996613
103.03696951108844,29.50555747794644
103.13570844577822,29.532888649113872
102.97808162872238,29.548117704800692
102.97549289224001,29.638580598334872
102.97494162375426,29.639785608583068
102.97634973639018,29.663314431263167
102.98183096639474,29.59561754965988
102.90091110716848,29.597820463986746
102.93916929723915,29.67693805876211
102.96493945007738,29.64459101779704
102.90656741086669,29.615869805579013
102.95136347845032,29.55431795634098
102.81806947685311,29.627358686045852
102.82378978948266,29.560556636935733
102.79795870394146,29.529107041720593
102.91549218475136,29.547562188503658
102.84033280687277,29.5768226294026
102.87443372086433,29.592105283543486
102.86496489166673,29.597965630714047
102.80906961793609,29.511077736177313
102.831132883362,29.49729034829538
102.86482243568112,29.516851635330646
102.84901402148174,29.511706751841896
102.95779720648557,29.533447305868567
102.91312005864563,29.493557633313927
102.91406981876978,29.505247101077547
102.92353622340023,29.523381715172775
102.9019157092925,29.492352881435348
102.90874370725247,29.54231152492529
102.97365000236553,29.571177747683578
103.0273262823555,29.522534613779083
102.94375378170778,29.474959546389996
102.89895152098866,29.461618974196327
102.89468317720626,29.543985793009735
103.03003002660061,29.555202476288073
102.98631203519777,29.50635692321602
103.04910573604721,29.490168392204637
102.93629328419117,29.500901452210268
102.93751950212142,29.50246036004387
102.9970228576415,29.472361854650387
102.97071062355595,29.506060833705426
103.00933836043978,29.471222669545682
103.05932710405685,29.512804545663485
103.06368177662405,29.547741069911385
103.08361955099707,29.467819664665388
103.16853085754131,29.44532814166448
103.01986850254673,29.45446828832751
102.95980856036364,29.46872094134598
103.02990556607192,29.48278524849059
103.00077655236723,29.544017638549512
102.96731921396717,29.581036244961332
102.92300510959984,29.555708034686553
102.90710895056701,29.553689260440816
102.99122838208139,29.54431281909974
103.05817243478738,29.552783203514238
103.0370718215124,29.528929604883327
103.09923423398664,29.46087947566202
103.09854000602277,29.461462739625446
103.10231602256853,29.50246333399895
103.1723912113282,29.509632666590996
103.10864428022626,29.5186864416697
103.00199458787768,29.600095848894373
102.95874216685927,29.711704584127055
102.95970279185428,29.701274383955287
102.98456060990935,29.669272473155885
102.95161893166261,29.711868730329204
102.97789688381475,29.683800328226162
102.94259122807107,29.5321613151002
102.97465399230592,29.50559577566221
102.99439962717616,29.60268849352265
103.00503738844125,29.540747715908605
103.0793110717234,29.517065307388865
103.14431105700504,29.466017800931336
103.17926333829811,29.466379424832553
103.04067904158532,29.457708965176206
103.07962408601206,29.55467105314768
103.13568857143922,29.499389939984837
103.09228689342011,29.474329024112393
103.09149937418405,29.430035920500483
103.01655407902052,29.464175348376617
102.99193317143234,29.426041073857803
102.93475159168801,29.509219300861165
102.92488469839988,29.41152749176687
102.93441765786248,29.470283040919373
103.0346522729109,29.485821222058213
103.04107507452854,29.549400154690197
102.98078480992676,29.56293156354954
102.935903818437,29.594905431337306
103.00120160753077,29.502023800545842
103.00120160753077,29.502023800545842
103.08597358388992,29.48123980754358
103.04724096204353,29.49775565011606
102.93127992632019,29.626086654630004
102.96525575694153,29.620489286910935
102.97196232830302,29.653676211153332
102.98260437129534,29.687428059145862
102.95560920245828,29.64629901413555
102.95233647195492,29.665345577760622
102.90837791128702,29.60864175121572
102.93289927672502,29.481458876251242
102.89153082502877,29.495455399221466
102.9244718495651,29.485235076611872
103.0038411554474,29.46760013366002
103.06705221839104,29.500594400744212
103.12362260140729,29.51025456845085
103.15703622927691,29.473889531508036
103.04137034883026,29.46159114066928
103.08329668260984,29.478851880453913
103.13449238438972,29.53644423365004
103.05357512231417,29.477559070376962
102.92485684329722,29.623699102553257
102.9079826354028,29.598169759696454
102.82307312905151,29.560154802809194
102.82312404679844,29.509273595985217
102.76732839306686,29.544787122726177
102.77736802869197,29.490829059182303
102.79207184403569,29.537888862114382
102.80829163663081,29.594920163342238
102.84332175619237,29.598828241742943
103.02475356062857,29.538889215446165
103.04874016642928,29.55636574291698
102.97624807605808,29.632378872456698
102.96728396363855,29.619794271015373
103.02996287142115,29.56703364400891
103.07061189667233,29.553603528917897
103.02231793770086,29.516315515486735
103.02231793770086,29.516315515486735
103.02231793770086,29.516315515486735
103.04043149036897,29.45342515695903
103.06853645072214,29.44450714598764
103.01248955189493,29.51390326528867
102.65894616225393,30.76470570168434
102.58083579971333,30.779862315994116
102.52149643620307,30.634080761170786
102.50767425318337,30.59253183345626
102.48918721440248,30.556980081709263
102.59418159947954,30.52511491760827
102.63175976588356,30.453930102705947
102.61920947368804,30.49699460433084
102.64202188730437,30.60732937196409
102.65682808812085,30.75085007551269
102.77591159673612,30.653557797250752
102.8681234539821,30.69546125790832
102.87048765801046,30.72325823629638
102.91979067533268,30.50392171240043
102.92506927159211,30.59644148636094
102.91779620683604,30.63258273583562
102.78938634418667,30.64331845689411
102.7966020810139,30.717455443409605
102.64140406647115,30.632826017566273
102.57631209399844,30.690669905304937
102.50980132289575,30.549432599794496
102.41573496317957,30.521509428100504
102.4441690501779,30.432837370745837
102.50866947671948,30.47822137324061
102.49305943580951,30.39268716620997
102.50687863060247,30.424972040029093
102.53453305557386,30.33458093622467
102.64465831764574,30.165879105486088
102.47115553615495,30.241163259072138
102.43980851871667,30.34442948691122
102.47008549926603,30.315655596830304
102.41251562940181,30.276635101896403
102.46112876469486,30.18328660250405
102.50486905859891,30.092886539715447
102.50593323928595,30.04556997860708
102.61162657961368,30.001079941367035
102.67723369108876,29.978404492663095
102.64374540831194,30.018323933711507
102.67552182495174,29.95882169388841
102.64140918718401,29.955957662092644
102.53075010481227,29.85583041662943
102.57434577267587,29.845849446978743
102.58588772577085,29.832217696975736
102.58588772577085,29.832217696975736
102.58559096954896,29.938111233383385
102.65776847853597,30.0133499177439
102.5913598496172,29.91438818821935
102.55366058863088,29.837617323867086
102.5531315511202,29.7961749859668
102.60544622719021,29.952237116691897
102.63189492178385,29.964186023841407
102.63526912497002,30.01633410622784
102.60839111699097,29.865221206121962
102.48541441531022,29.916185695309206
102.5112229746671,29.892237958568195
102.3824389799786,29.894937393740545
102.3824389799786,29.894937393740545
102.33947496165902,30.019228851983584
102.30319817973638,30.03203375641463
102.2953087339483,30.06647382109543
102.3646878406244,30.17408879267792
102.30514610797837,30.014407363716426
102.39740194459638,30.012683776024605
102.4470751177,29.992690510152993
102.5095941683693,30.069444530741748
102.39765949853127,30.08710981025964
102.43470599384122,29.99441097086241
102.41519004938974,29.985031575142177
102.3791639739761,30.068980800709355
102.38161060270247,30.085557749068265
102.37905632901996,30.018438419135837
102.39196557813145,30.02648657055156
102.36934727224067,30.00260137077045
102.2958850234483,29.971872748116002
102.34057460411933,29.972229344044116
102.36962926441277,30.012057478220697
102.32086324230195,30.00024688151292
102.34688946399679,29.940040488079692
102.38857014290342,29.919845735119612
102.44847729135047,29.9066808396386
102.463732963183,29.953047355425053
102.55724099775708,29.928106921994832
102.54000471456844,29.972290025233296
102.51320619312284,29.95667684550014
102.51062419277103,29.94096440032122
102.38819703062909,29.930793401929982
102.28962370232153,30.117657991555966
102.30578642070503,30.139121526383654
102.33305546047708,30.199544826770094
102.33305546047708,30.199544826770094
102.35272566839944,30.16979430781464
102.33048582453337,30.177664388387633
102.3446623864812,30.127743536663463
102.38770979964895,30.198061136574186
102.3334679304276,30.090357162798764
102.37067981579382,30.045522079786746
102.44192089766406,30.08046175688452
102.46854873169283,30.170595254347493
102.37816183056306,30.149992599203294
102.42575333730377,30.190468625332667
102.45371692206504,30.211949122867022
102.40054389914785,30.070735426764067
102.36453585415667,30.08039450687913
102.41612817675549,30.135437195399987
102.47701707289423,30.273780505411533
102.4198788011246,30.19406373755893
102.47691403016803,30.103798916112524
102.53124245765326,30.14409521304646
102.46292347442328,30.17236328823662
102.50070365907966,30.11229174604656
102.44357841967282,30.11507407002248
102.4953339464789,29.987925672680532
102.5141262536796,29.887810625887266
102.49644580410907,29.95548949563974
102.5937967815707,29.93344157240885
102.6048166819274,29.946905426484257
102.59004005694574,29.9572992231329
102.61231253119469,29.969671410208818
102.58663107139527,29.857805951532143
102.58106901899731,29.84242779638858
102.58456759663024,29.8462553854543
102.56549756075871,29.827821362196737
102.45931428784282,29.729592037259465
102.55692282363133,29.723387406262336
102.49902704279118,29.756776210781688
102.49757083206917,29.752600742126514
102.6663309775548,29.652018796976545
102.70431189890687,29.689065594126333
102.59587438611226,29.6543587630924
102.69587393686633,29.711670026816716
102.67319257041795,29.681687912741683
102.57643672604486,29.676940074574635
102.57369623873525,29.65366105310531
102.54238914797759,29.657356121748403
102.60313488144199,29.65778622727571
102.81647834947645,29.613191268033326
102.7642194276625,29.61639418497678
102.86133912550949,29.49999308768509
102.7624851443254,29.56476203006952
102.79552373525544,29.54080275440326
102.78176028423668,29.50617324855674
102.79562642578973,29.51380493012034
102.76340686141624,29.601928021731794
102.81272081755235,29.602255322868757
102.77887964480308,29.533907385136352
102.70691647637945,29.656570835468614
102.6942907137027,29.597150229125354
102.68308564658533,29.604714960105465
102.78832376969781,29.614940317525676
102.86890565083716,29.58852450383129
102.85258682922239,29.554089961498814
102.77106911086938,29.624189343585048
102.73818688305869,29.644506929130504
102.68705849232475,29.663457464994018
102.64930517887,29.736649331837
102.59788298706982,29.693424778147737
102.52708409009853,29.727360884397715
102.50469943736118,29.715898069800897
102.57407196871368,29.6766307552916
102.53818985381233,29.679450380638528
102.49554461063744,29.751107917263507
102.54289431817155,29.692177255930645
102.5487110713984,29.674887787426165
102.53751670571374,29.652029979989333
102.6387151912677,29.720895193987868
102.56251279064115,29.78106975375939
102.55480744235139,29.803563423059476
102.55480744235139,29.803563423059476
102.56527633422947,29.91014092758039
102.43181608597055,29.875628853662292
102.42613092060832,29.921072842580983
102.41419657352891,29.888923432870943
102.42891183266447,30.028599609620812
102.44372159309093,29.946620972642258
102.45513974013382,29.93078872502256
102.4417479690156,29.862274033242517
102.4794681409889,29.870601764625444
102.43386058060217,29.967800391447145
102.43572347136427,29.977813668081982
102.4942207670048,30.057884550903026
102.47207404998754,30.030040007973753
102.44644765824368,30.016738599865622
102.53029497471086,30.043677785119378
102.46105827395296,30.080554942754404
102.48109757160398,30.087475809645994
102.43888400606329,29.912176662683937
102.49150965668076,29.89814339761003
102.50141758333177,29.8506682888427
102.50584645351753,29.865344182953102
102.56670866491734,29.859431414956493
102.53080129419843,29.837761804897205
102.57478949937193,29.876169061007065
102.55512838025031,29.928850412882095
102.52467660663629,29.952501557501567
102.67070360461872,29.971081448111963
102.61076445619612,29.955803718557057
102.6033560189673,29.994225383851116
102.64217090690556,29.98601797983511
102.59645411419422,30.09424851658332
102.6149475354624,30.123837249054574
102.7175276277092,30.198418713950684
102.706802808796,30.243260482656567
102.66148514912864,30.13549152252644
102.65221160504225,30.105205949546143
102.71147125154287,30.320563302669733
102.70025356294147,30.27782001888633
102.63109118448057,30.25989168532299
102.55482345366102,30.214280641763658
102.57740624768314,30.21715879255849
102.5544274730411,30.158361821451955
102.47507884796,30.040305681716934
102.52877776063886,30.053771925370533
102.58389294486996,30.069169269366505
102.58389294486996,30.069169269366505
102.57725713702533,30.096053091647143
102.66619284950517,30.14544965440106
102.59085860049545,30.15493819841114
102.6266030713817,30.166005305681395
102.60786017560834,30.271606849680534
102.75261481774345,30.180759795334335
102.67500988781714,30.207993933432263
102.73885573963882,30.177190457523153
102.72168967565793,30.225792045124297
102.57203944019588,30.33016627997267
102.66947954582247,30.366932734943695
102.72457499121494,30.36012898497389
102.71918984903128,30.346365423534962
102.71803099321903,30.341457020512976
102.70305671945714,30.344692674555706
102.63070047548075,30.353936630502425
102.58516812913477,30.313029211204313
102.63885379892895,30.20531157952231
102.65723581123552,30.186918671596235
102.7691105974183,30.196208700833534
102.72567571106985,30.296107508066815
102.6890279742784,30.32160323063754
102.65560604679422,30.36118404830386
102.50575859915018,30.29068656878798
102.47483155806432,30.32123258509873
102.49114285514713,30.30830289391109
102.61056128312453,30.294643493403978
102.6173112435338,30.38560508487229
102.63227492094937,30.416089785576524
102.59163252322843,30.474594293570767
102.42486264025153,30.450313206684765
102.44032902275494,30.446175705889083
102.54973510018179,30.478575662580965
102.55825948550782,30.428569760168436
102.5012715607237,30.34578365480189
102.5844646306053,30.39765120951965
102.60830744810882,30.33598646025247
102.57592782951463,30.397450146946046
102.55976873048908,30.374222988024492
102.53058645015426,30.380973380526875
102.53905516593109,30.403402639709604
102.57359271353023,30.2366631740689
102.5352320674164,30.21174058837596
102.48364730162233,30.187057130472017
102.49482045124543,30.12740757497844
102.48658710008834,30.090673798521433
102.35569457236367,29.97962706520497
102.39817340672667,29.98909003300995
102.37213829075326,30.008699256386475
102.42838430644491,29.907203465045455
102.43066836900748,29.928650092983926
102.3890410837298,29.971788053451363
102.36799210025072,29.98284712085114
102.41993465384088,29.83690648363781
102.5090827484682,29.871089346067905
102.52651203726498,29.882484136391717
102.47227614727821,29.885803896774984
102.33203147029609,29.72811804479891
102.3507833852921,29.728294105126608
102.39034698571848,29.83869516145661
102.38052509422585,29.93157866301083
102.43594004630033,30.08445812509881
102.43522036718475,30.13388324892091
102.36362664161778,30.090053933958725
102.39064658329465,30.134392455379814
102.43610599618381,30.147685547116478
102.49028120973156,30.197931437547737
102.45603024702767,30.041055747124368
102.45168036712916,29.99188660150611
102.49482193042155,30.016450741401012
102.47803734588277,29.93723791245077
102.41901309829986,29.90706606046528
102.50620789129694,29.937514407902455
102.49993997211102,29.94456224297059
102.51341558433148,29.980915630850742
102.55969379368052,29.928909023770267
102.63092989098732,29.970288668257833
102.56222365624127,29.934814264982897
102.56983908026585,29.901894482603787
102.5156455191343,29.889848563954455
102.53120690807675,29.879202839819737
102.3989011800707,29.803579043340452
102.48059744690205,29.832280769605827
102.4709995170598,29.92804585883963
102.45096103421497,29.939588093824604
102.55136718962372,29.99131434197668
102.51833079053353,29.97800046617354
102.42297503343725,29.91422947334298
102.46912764991087,29.870147027131534
102.39829236593002,29.872335598540477
102.4358347993573,29.733611411574024
102.45850527139619,29.75951416884343
102.56004805268076,29.78100943712477
102.5544490967758,29.866069067036346
102.59327668496583,29.876967999936046
102.50665006145984,29.862303559368907
102.48438639921727,30.071872518722415
102.53560814828704,30.05566298000833
102.45198811090765,30.087385220553628
102.52842365758075,30.055965360043654
102.53510482987971,30.0385050628421
102.51965209290093,29.99754144488786
102.4285544802764,29.989815572036154
102.4546561554282,29.942451338562172
102.32700589957952,29.876505220196833
102.28217912169596,29.873612954357895
102.28994337457296,29.859744901046998
102.3517026275814,29.853893675028512
102.29046694996286,29.855831541674988
102.35788467344753,29.881569402150145
102.39094906513506,30.00789497113727
102.41454597458548,29.99582426534869
102.38728305558269,29.885264988799282
102.35488404696046,29.88098812705635
102.39756138224627,29.826149821688098
102.39760594585692,29.920076596178017
102.2789356169918,30.0516361577606
102.34460819791249,30.12652983712287
102.39927720576388,30.20781483495808
102.43481628865098,30.178689070512167
102.44809205504163,30.161228243519957
102.67124093746104,30.154687382533726
102.68085402865925,30.106947363408093
102.62553855286647,30.121936355713125
102.54743450046024,30.188118947104496
102.53383017341756,30.038937976992624
102.57624840609971,30.09704178927549
102.49169263742587,30.073101069476166
102.51119984531208,30.05150454085579
102.47005263944658,30.12666932680995
102.51775802239912,30.096141842506515
102.5453893318386,30.158539842057426
102.53793483884274,30.23325014769529
102.639244653897,30.27311291493509
102.65093485707135,30.277919600762946
102.69363782029406,30.24763375924383
102.77090732892054,30.200006764118843
102.73354695915774,30.23114795030224
102.67603065038212,30.207842052131205
102.67672034584479,30.174075616346716
102.52008604334583,30.04870840802378
102.42728446591252,30.11037893028725
102.4685919183202,30.059466524327235
102.46322904419667,29.962034254351988
102.55897042035959,29.95921637503903
102.61161165785992,29.966752175131266
102.53974133291025,29.958951316513616
102.63328754895345,29.9842408261899
102.5609168509597,30.059220194137804
102.62052177868588,29.990171484307538
102.55270264899539,29.990586398342096
102.61472630624993,29.862474567411837
102.57217717652307,29.835764251693135
102.50480659522043,29.923716000450526
102.33812205462183,29.739157104437517
102.35171594940994,29.75989557582719
102.34025738705765,29.726065721923888
102.36392437302632,29.73799176100546
102.35667046893536,29.768135749430932
102.39689591116111,29.742813646838528
102.40671635207781,29.73786689266376
102.41893291286095,29.74624994224478
102.4697319258046,29.75917475314279
102.43633832798393,29.798314067682856
102.427166184036,29.78021475138918
102.40551816626072,29.71513247871666
102.40209796535058,29.7290996183888
102.42520835723609,29.754186969609094
102.44920139083028,29.747703924826162
102.43510229306091,29.892426649207465
102.3263414892663,29.83229547222123
102.34805615943046,29.860614521199526
102.30995761492906,29.895439087413596
102.32143892709473,29.920230774710376
102.3076206569355,29.885571858480628
102.36826502021087,29.914631098937708
102.35001581504618,29.939873711977047
102.36760542976432,29.923994522705843
102.38722800207987,29.95724976927937
102.43858339702926,29.987071159319342
102.44546880734922,29.975106408657506
102.4216879925822,29.921252341308524
102.32225195564367,29.847478916205542
102.40690594876445,29.822096869254437
102.36279230457207,29.87648575497418
102.28997998914956,30.002453091356013
102.31747178170839,29.97246651845484
102.48451121231007,30.139499691119934
102.41475489800115,30.077722242793925
102.46516508022955,30.09757931269715
102.53169189580652,30.129069949055037
102.48872586272256,30.0354487162816
102.45840543142839,29.998248150198737
102.41307218768857,29.752189394554648
102.42470047527723,29.76833855125707
102.49211890817026,29.7232172051437
102.48545657975153,29.711124775012024
102.44247449165302,29.721091040722108
102.46281835527442,29.754814678631224
102.40453490729145,29.734618242504556
102.38410793329324,29.731193293333057
102.3683720398077,29.83231457770349
102.43084851784005,29.807929177522965
102.40837098811033,29.868258849224922
102.4658430802601,29.98881379816288
102.38148462164988,30.122863465246464
102.51603370051535,30.139435551565146
102.51184319169306,30.113609284762948
102.59348506916514,30.24582734468145
102.55228658072672,30.294034954116192
102.5435985065219,30.370539232987028
102.48059939463232,30.349320582294496
102.47837653401675,30.42305322277938
102.74515892352434,30.539053782328118
102.77932986696749,30.534609535108025
102.73864328423448,30.593863305889283
102.75950327424724,30.599367351876854
102.77419555907296,30.540460989843165
102.81721444281732,30.616816042274692
102.75911042500256,30.730545601668
102.82055629439849,30.64948318163408
102.79805514075812,30.667426242378397
102.81540185497194,30.65760537596158
102.81654552860859,30.704818236126265
102.73793766447379,30.712708771120138
102.67834786183921,30.682340577155067
102.70165955538411,30.723438048778707
102.67478036192762,30.790592545105355
102.54320495173499,30.758576121658347
102.51120508536626,30.754522298933793
102.58661809302075,30.752639638949784
102.61206030084209,30.707381840436415
102.68534196298829,30.691883271206006
102.72200051700824,30.680664698340365
102.70361091111184,30.585945521113242
102.62161354127643,30.613442043079537
102.62937694450828,30.62393549656272
102.58305164383013,30.596134337102733
102.53322023029362,30.676452833117715
102.61126375592885,30.51200942381319
102.51637064829671,30.43795682855272
102.47558986652311,30.3708086981512
102.42884145392722,30.275919944536255
102.45269573850189,30.27759703672767
102.42679417742062,30.324877482864288
102.47914817473219,30.341261646514393
102.45849131628326,30.360939614294228
102.468707339798,30.38712086960345
102.45024791260198,30.416765127610322
102.42129143259655,30.46048016777053
102.52017830072288,30.4807095906108
102.49123955223612,30.52357025863829
102.52008553298612,30.490773187392175
102.4681372382565,30.517202495961808
102.51459969998876,30.530384557461925
102.51269133183705,30.523099762392814
102.53459772691481,30.63258656423547
102.48874697934909,30.694542741380108
102.49007667556954,30.610483765823286
102.55427771899775,30.61888632417314
102.57412746024033,30.636966957904775
102.60432327847823,30.717530362089
102.52540865557455,30.70555134271722
102.58175739723119,30.66787913843287
102.62666357946551,30.721034990301234
102.65424206004892,30.72256522940374
102.62356278712045,30.717021383253122
102.55072311362466,30.659318408819434
102.49943371703954,30.75491013058029
102.49150707246332,30.72827333615247
102.52704610582113,30.74619185074257
102.50726708510199,30.716542553508603
102.51110396759685,30.758468019408944
102.53139529524086,30.670163070059587
102.54344959043817,30.544735950509544
102.60373936406238,30.552430759858176
102.61156587794224,30.533919541411993
102.5674358874221,30.526014349237713
102.51435155207483,30.416017290934874
102.49865295352606,30.40381912660741
102.58553275955977,30.43132636928844
102.62691100777432,30.430866062042817
102.67880533129858,30.515080052662935
102.67310953622602,30.58595971624058
102.71788666919761,30.53467875211942
102.67188742222258,30.613835219252476
102.62012017695027,30.63753255485783
102.76671529947474,30.699565389818247
102.75980034389431,30.676080530830113
102.77488473786042,30.76163076784359
102.87850871073394,30.897929078134702
102.95112132384077,30.954775214932617
103.04205911699599,30.93281221455317
103.04260278239748,30.857768850362106
103.23115336572675,30.92200062352624
103.21716927415984,30.859591963511427
103.23842690189237,30.78383729971635
103.27064049112941,30.775109060314264
103.2759476064526,30.700135185668007
103.31205676897811,30.725825250387988
103.28868752539857,30.648601081523072
103.32653443585725,30.686867749897548
103.34892661958824,30.728332071235243
103.34892661958824,30.728332071235243
103.28612945098439,30.801088184545073
103.22025809383226,30.78213934036897
103.26494076092092,30.80239226566422
103.29428525050453,30.79984462300778
103.27587948140123,30.79338398804823
103.34446910582592,30.7840450696053
103.2474428931504,30.747234216534892
103.27364687873538,30.671602499768305
103.19502439688084,30.625889214085852
103.20622590289813,30.72388552447695
103.14064661768988,30.718219595278523
103.14808516965431,30.63757145091926
103.08624953292528,30.737883427762075
103.12005841932498,30.726824263937775
103.01991284262017,30.699363746492303
102.98614487256546,30.72141988233295
102.9260478089432,30.804502003995395
102.89698746802465,30.80954887348554
102.83636972566994,30.782966172373932
102.76655065072715,30.77058380177994
102.60946662499721,30.80451039966208
102.656816714046,30.79590536323077
102.59537010274668,30.84628446089523
102.63005012655296,30.81062442771219
102.63671200850777,30.843706807361304
102.53809261838579,30.80181987892353
102.56958622531955,30.75524379652173
102.59917799319574,30.82140090899408
102.54712044132638,30.622951426837936
102.52238285947,30.61011166324443
102.5924290392467,30.64448884820034
102.61631112613223,30.584129717177568
102.73493793177558,30.603288402743118
102.8021509086633,30.562092563337824
102.84415010227868,30.540641896095305
102.8844910025606,30.394993749119557
102.89792619738941,30.410924776054475
102.8487496672961,30.362374710020134
102.94536551845502,30.50087213310431
103.01146837956277,30.48510908826035
103.04350880543906,30.583772860323766
103.13209605526838,30.575629378950932
103.0629897507208,30.564631737237193
103.04864983841492,30.57917557049496
102.94736972966255,30.67726709306042
102.92069306185041,30.711922772117443
102.96784538463396,30.768297832826235
102.95878157579463,30.927353324802315
103.03977366044712,30.980464548388884
103.00941513132486,31.00249554311736
102.96842323127306,30.95063235430453
103.01040361193236,30.99762722890218
102.92935531299007,31.114455242413843
103.90154045208861,32.43763649309539
103.90154045208861,32.43763649309539
103.83115417483523,32.45018970024272
103.8143364257195,32.60362836820904
103.85940394773979,32.53658199519784
103.8762501372949,32.52692713405228
103.87171756354677,32.659575883174426
103.82835049416045,32.57402361555649
103.85914660408284,32.433700638322634
104.00577065787014,32.50036976521618
104.02621736958616,32.67736245634835
104.09189711447549,32.6543856647009
104.16873744404678,32.578171805581064
104.1535344947648,32.66448941971602
104.34452572533722,32.756203367917
104.36299744879383,32.6990150380801
104.40774275258744,32.791671931177504
104.38830087419359,32.81474469804013
104.38540749075464,32.8787117117353
104.32393512424879,32.932075680006676
104.26541737667742,32.84074613978208
104.21344205380356,32.66485258509694
104.09643391979587,32.60862619240346
104.17104013208927,32.60244963995585
104.18649641014129,32.6232416820103
104.19973268486623,32.74956209890758
104.08350523400307,32.78138914663426
104.24310342527487,32.8472459253441
104.32265021216516,32.88275189997408
104.35402787402215,32.905416383008365
104.181428171727,32.80945787606044
104.10818071772981,32.99888859047791
104.23677270840264,33.063204202114306
104.14212073337927,33.037409030541504
104.08614257742198,32.98745846985608
104.07719432746656,33.0619455167452
104.10446017185129,33.031654864414264
103.99646575624627,33.10408445054195
104.03132998360635,33.03560970725847
104.0357039787961,33.11331096624217
104.02414474728347,32.907402520788146
104.05663218536243,32.9352094054082
104.22199137038763,32.917751825642426
104.32334707698456,32.85776064362676
104.21974822565481,32.79216734704052
104.33835517499455,32.90326555894231
104.29738025948092,32.941827176317354
104.35913904578229,32.99903963518452
104.30917016746105,32.972284918438696
104.29009963551066,32.91540595238356
104.36027399196325,32.913237886444904
104.40475017641829,32.96568330311583
104.39282499430529,32.913217328256984
104.28155676622077,32.925948711586635
104.25969958979276,33.0112263129819
104.21810790348898,32.956625946227526
104.17385717323725,32.96416610859515
104.07071792510283,32.931557868628005
104.0732552337689,32.86386387348118
103.97776168547742,32.93684615598272
104.11463892384448,32.94584446615882
104.03705742931437,33.03859308228137
104.08580123017337,33.10461111492661
104.09042651836883,33.11605130123015
104.14539286199765,32.96060575055843
103.97182055220198,32.8642791647868
103.93716577366692,32.80121729039163
103.94521235360988,32.83972547449555
103.96557209683478,32.8339493874161
103.97968490123938,32.93844939580792
104.05158031819785,32.95608227774659
103.95485754274749,32.8938633849853
103.92508983361182,32.85389079991035
103.91249250454905,32.765741483701476
103.92115630583129,32.76171515915854
103.89994666459089,32.895896022435714
103.93380116894627,32.82663111718422
103.92113074871888,32.83550160005436
103.98364095345103,32.953142717707514
103.94240295528061,32.80830018043369
104.01641913218124,32.86683797919246
103.98232763138198,32.96461047182243
104.10266706793116,32.991682221990565
104.18782310271746,33.029506360739106
104.177212763572,33.024837035117294
104.09031742340139,32.96382428858912
104.08063332243019,32.96023089512789
104.00482959224932,32.971871727812044
103.97643586260295,32.89926705970248
104.03216847843524,32.88343207801929
104.01888208069425,33.03976505953361
104.00497410638037,32.981180255168546
104.00860235565256,32.973813931651634
104.09951285895028,32.96191927326402
104.15811046498622,33.040153612466845
104.24572105897064,33.052265145892115
104.02616200541226,32.92023163317318
103.93160216828429,32.878221624588626
103.96509595486637,32.87207415362723
103.96717081464853,32.93110553880955
103.96603733969633,32.88416480096707
103.90684156688584,32.89920024296825
104.00857835920955,32.99027319249066
104.10340903997626,32.92519094227757
103.98094933775153,32.98528555111447
104.02815055762309,33.00362832607864
104.01942308355748,32.981979495003735
103.88578632678202,32.87954614018204
103.96946917496331,32.91166801429294
103.92638089227799,32.90548030779228
103.89724672584761,32.884430226737905
103.91473968119806,32.886721021160646
104.00801565240097,32.91182258492077
103.92982286770113,32.86833263599525
103.96445460152898,32.89963053603229
104.03503346063711,32.980147219075384
104.00791782420663,32.93560595666005
103.98444444570148,32.92858606942628
104.04813261267994,33.09859170371216
104.0411651209997,33.1209393614005
104.1141703382431,33.10261330381074
104.07729819910453,33.107871323771725
104.1009497652476,33.06182984821702
104.05512951458263,33.152847013544815
104.04391268217238,33.149470461607095
104.03872888809478,33.1356500503905
104.10352671284328,33.15987996352729
104.02558330050823,33.05045170250596
104.0215328626364,33.06094538435022
104.10874781090448,32.994285119549076
104.07441869780348,32.96204409764146
103.98429379838404,32.9635231824791
104.07954791719756,32.90957530479451
104.11975099943335,33.01652586776762
104.16013819560726,33.119164527774885
104.1158141723436,33.04194377704622
104.15759286408023,33.10554497497936
104.27342959546851,33.025310136263776
104.22445689777189,33.00181647271575
104.2402010897402,33.05408343265099
104.14527396790328,32.92396958028189
104.10718153682029,32.908513825222215
104.14976109676682,32.758904357934526
104.22240980671397,32.75881029165432
104.29160207736476,32.72835929211979
104.3256414795515,32.70673911945827
104.22635306518036,32.72295696269288
104.28026564026408,32.724349787203394
104.30780548702775,32.68618887840946
104.280063136603,32.615361566484545
104.22693591670736,32.66195126851684
104.14028586665754,32.56924188822948
104.14376315743293,32.72915421284616
104.07922530242236,32.744452465914286
104.02856115216828,32.69842202559986
103.9561820163435,32.677353903759055
103.90035729467189,32.73917075927508
103.96693850722454,32.652917620039645
103.95306240227164,32.65120330830844
103.94238017106346,32.651850979359246
103.93017270371195,32.507469501500346
104.05435340608112,32.465477992784585
104.14671615067256,32.47513738943187
104.16080467397303,32.64672958558974
104.3586348321487,32.528809834168364
104.31351539340996,32.52728855634568
104.36125141375541,32.52301296018223
104.3864780763886,32.50903209512012
104.50396515931858,32.514186180978015
104.48470085988995,32.55143379241849
104.40163739476304,32.55270288015862
104.42563271723894,32.4966929302957
104.46975110550189,32.577200748254825
104.50384717161765,32.7231759205219
104.60800188560889,32.654602469536535
104.64027941350776,32.65839220833605
104.57776536794437,32.52472119554202
104.60953805986546,32.45959092628509
104.67472574462946,32.5580490518957
104.74628167624,32.50576570424977
104.70632766978035,32.45040830957637
104.75053588938437,32.4990509447926
104.76294546769198,32.53170951808078
104.82669896248058,32.5039226794027
104.83070544414228,32.48401027486519
104.75427892097079,32.58386337491063
104.83887734481794,32.52125658515102
104.8499208386879,32.56453423312834
104.87909935381461,32.543059473393754
104.81211675611796,32.513929347016415
104.83641278089371,32.59093436863059
104.92068244705969,32.61659867776367
104.92389373981212,32.71574808072147
104.86433225911026,32.70581001913905
104.88230897379586,32.64839553849347
104.87076790547287,32.61464448398687
104.97706884479261,32.592839780387955
105.0708969107443,32.568543385743325
104.99246725002533,32.545460693307355
104.94376432676893,32.54404826780547
104.92036154145575,32.57261837145502
104.90012365848625,32.55195859248853
104.76907894118297,32.565789964000146
104.7534487984569,32.53960967805987
104.73343375459379,32.558679232973596
104.78321361597708,32.55210409387589
104.7947811551042,32.56875043557618
104.67995902596256,32.65869328318129
104.71855175123245,32.6796252121718
104.75227418219303,32.64159675270183
104.63446676909118,32.55488247680379
104.66431105138274,32.60770377673257
104.60796881011488,32.696630456837674
104.52643976125117,32.58555110831021
104.45964059019629,32.49008910866611
104.62906276468294,32.581393464838406
104.69547479278197,32.592108129539824
104.59141429535377,32.73573780449355
104.6299061439152,32.721191797148684
104.72859718605905,32.72167801189859
104.7350401214586,32.7301863626107
104.7005693397085,32.6980109390454
104.71792456201327,32.60387152186546
104.73330038003856,32.67818562152029
104.64237041709887,32.75608331867756
104.67171317148764,32.8658538060359
104.66012704454792,32.81449704883427
104.66937156378994,32.802000724215794
104.73081708680927,32.798606463304544
104.57729889244064,32.70741150044417
104.6199100220223,32.67294386305912
104.43311360212786,32.71683374262281
104.45549345220027,32.68530507568459
104.47312592682185,32.717452457872824
104.46891246513368,32.698545596490355
104.39603037345492,32.69331204227023
104.4483935357474,32.58842694346944
104.36023236404998,32.573721305534214
104.40392302098368,32.57920964385797
104.41850806787323,32.560258420759546
104.54899644910117,32.47960695750276
104.66235390491613,32.471742159156115
104.91022907817928,32.56471019675177
104.91251200037408,32.61792754460391
104.9013489857653,32.61986530724009
104.8896620038784,32.60435956882053
104.90332419444772,32.58654459115878
104.81191857927195,32.58852728603648
104.7614658951024,32.53547865610914
104.76535146553621,32.622584832229954
104.71976338422091,32.52447719104382
104.6591910086098,32.51340582989953
104.69281055817191,32.46138086538028
104.704692864341,32.463065295405826
104.65400515469786,32.449249765592604
104.6025370068949,32.44488473005633
104.42677883835431,32.504410248100534
104.46543579640145,32.55426725198728
104.55109942056268,32.5332622570733
104.59154156241127,32.545546145108474
104.59065531416839,32.45010843316264
104.62533116921847,32.43106233515238
104.62584654304409,32.44745339474137
104.7364171021459,32.49191483892444
104.74823381945188,32.485233503262656
104.76448835788385,32.51640818014409
104.84794586599499,32.60093904274015
104.95788447345495,32.578690477951504
104.92705722602878,32.56949027097023
104.96733336928067,32.59993263941066
104.85764307926802,32.75723801559762
104.88442082686365,32.78390663518133
104.85533663293373,32.626910993310396
104.88408566300886,32.59243636361082
104.89235169192042,32.63295295627042
104.84496078511343,32.76875977443812
104.77888551224501,32.806827539458205
104.69379302733178,32.78589913754312
104.72888316534444,32.798819096434535
104.66590754148018,32.83910244444481
104.64197930652581,32.84825826580044
104.71295301349525,32.72653210955919
104.73322502994515,32.67274461545168
104.80472028765202,32.63788501538956
104.88453114010699,32.65289279263131
104.8194549461967,32.64849925311808
104.88076089732031,32.643639412725946
104.89881680596997,32.687825085346766
104.84037051943966,32.681589633999074
104.97388844605476,32.645503917162706
105.01651997512234,32.57122314974248
104.9592483000007,32.549785330903795
104.94584663302635,32.65300204606167
104.91676939604528,32.582009800166794
104.88208026632378,32.51427573767459
104.94887030501509,32.548847332837404
104.94735945511898,32.614979645607555
105.01995817856617,32.60017355366263
105.12537933865663,32.6969047298965
104.98627971941538,32.716142574403115
104.98279358456733,32.72033830238313
105.04925233015133,32.69494206296242
105.02794227395258,32.61725379206154
105.05786208782945,32.71971169235093
105.04723805703094,32.72434529220215
105.09154780448699,32.63668745374492
105.15397595424567,32.710514330810454
105.22497161484581,32.69517413774838
105.15525378195106,32.66346505938614
105.20871340086826,32.67863519714328
105.28987428505008,32.717481277957035
105.31680396103397,32.63910493002529
105.29707334339528,32.672466009657555
105.23110830103722,32.675321887175414
105.26037600805998,32.675203328491875
105.26882715602635,32.62073966152675
105.31549213950422,32.634144137015134
105.27566559879547,32.60917763669463
105.2543103255797,32.68999237658468
105.21398603534857,32.703354963788996
105.24549626261752,32.679627599151225
105.33003408427321,32.730561978535924
105.43450123095145,32.83171070774191
105.20264942580474,32.80117327173027
105.2268571590608,32.88805676396255
105.26503748642918,32.91445965763891
105.27544277691423,32.818185281957916
105.34641554454645,32.86748777040292
105.39591222283356,32.83128293616868
105.58738033796027,32.86064368394474
105.5840232287452,32.87473202397446
105.57054600483067,32.95501988126501
105.51991321440993,32.97844127004558
105.59039187249263,32.940486839556485
105.52628049481773,32.905796171361864
105.63674907263012,32.968819276943755
105.62390693327481,32.8936275714665
105.6386951420201,32.87267465573979
105.62139804409739,32.882177689086
105.53364926484993,32.91139194368063
105.53853403585506,32.84482753933061
105.5154344330759,32.91564637605532
105.52185521277151,32.952878788223074
105.46293356191146,32.967516906106454
105.48486793157872,32.932844144644896
105.3659334661145,32.96123219184625
105.33005825468547,32.9101723187585
105.27206500284076,32.77520648052475
105.27119398590281,32.730156833043644
105.26585112728968,32.76156881360624
105.31068956071002,32.806316987982186
105.39043236615834,32.86523012314983
105.36557703571934,32.92423629784178
105.33731384184371,32.86497537394175
105.38975398088239,32.821609492524836
105.34202688491077,32.69463465030566
105.17324413005659,32.58854170931512
105.11550641107834,32.64938247118303
105.06392574802807,32.701688840026264
105.18409153903717,32.63625175659039
105.19517215301069,32.6543379696585
105.23075818825271,32.66260973184369
105.2980307347531,32.76681134641498
105.37513671948076,32.82322480196716
105.40042834826625,32.748220945748784
105.39167320295269,32.771786339693755
105.38374051978587,32.81252656630376
105.47231695163798,32.75924753689069
105.54890207317122,32.787127375415295
105.42042995185457,32.979658069536235
105.49055832021156,32.97479688362653
105.56211942896486,32.961406957242694
105.45395937848929,32.96246469377073
105.34135180018266,32.986056213385474
105.56105410002232,32.89466978422776
105.5369053965138,32.92231045771025
105.62663964052712,32.88913927976923
105.5570442695069,32.88022586317275
105.5406156336027,32.861715066826
105.52084365420593,32.86977989295878
105.47489805064053,32.84684013524605
105.5278029291076,32.72723439513219
105.43636961284014,32.74946185420689
105.36398970712388,32.79426463393845
105.35378163845523,32.8086396684324
105.46726883558912,32.77286089208863
105.48051832683412,32.873229322556064
105.55462515122883,32.83171799453987
105.52562295089214,32.85727929865394
105.52045862087805,32.801012338925986
105.45882914833562,32.89858732880895
105.4630243965858,32.941354964392026
105.50913201995776,32.85700468301104
105.46906930179405,32.85874521856221
105.36623852928669,32.88256595551213
105.38199491302298,32.869827396736554
105.36467293190954,32.876531076881406
105.3697400668839,32.90406857278664
105.38181341592158,33.01377501120507
105.39597371991069,33.13131061441176
105.45758286231029,33.084272401009045
105.4083570268618,33.14924563519869
105.4207073532819,33.07388367975318
105.31230421766821,33.0203721834917
105.32474239919931,32.92715022379495
105.415479416665,32.853634802775254
105.38999273001535,32.89762092853477
105.34351770322219,32.96286807347754
105.38659198956037,32.9491267837611
105.26277024619895,32.994306668756
105.32064320673234,32.93290552568814
105.34010810078036,32.805113274389335
105.51570757463743,32.96733079892022
105.56570452058087,32.95185229452797
105.4391673614924,32.927637805976225
105.32852811138905,32.97752023329851
105.37769847433799,33.008803886764255
105.47730779450622,33.010193776884876
105.45980244832197,33.12768263213509
105.47019091733075,33.04263322668977
105.63545622489788,32.9734821587226
105.62830064482306,32.98751174883111
105.5267959194632,33.02517915425056
105.47455589105357,33.11134609775988
105.44924096899736,33.071390297792405
105.50716403248059,33.03099914794049
105.46689337729661,33.02121023978218
105.40115809442074,33.14208504529305
105.39598174965211,33.11881988072109
105.46018904880872,33.135518998469905
105.39000299184666,33.15348546519136
105.41479933391842,33.02723786619335
105.45213135557648,32.94989798815352
105.45914071889024,32.956190320560665
105.48698932960859,33.006109676498276
105.4086577952617,33.043867329810205
105.39922921560594,33.05512928469352
105.47646178614168,32.98845953566232
105.54215242505879,33.02601773085638
105.50404303820848,33.080025144258414
105.53201899554251,32.94589897811986
105.44344394765989,32.83050354716569
105.42633556256696,32.858308824449615
105.52024249014066,32.90100203879093
105.37556114971446,32.944229127899995
105.26393872048206,32.98742546777123
105.32564937291716,32.97886039199417
105.4204988223149,32.95010913163959
105.38575752135131,32.955339010076884
105.36129498790278,33.025761191542344
105.44318794530504,32.997916405269386
105.52014397251904,32.9995315715189
105.40700669159412,33.097647950245396
105.43024919696309,33.06789097428076
105.462739669833,33.0641118887099
105.35674067665846,32.98929776802988
105.42772803262038,33.03606285913494
105.44334226467971,33.05161728025095
105.52341871775918,33.04766123664381
105.49500123989999,33.08878778836536
105.58268600212693,32.937821620577004
105.42122154852181,33.12017173851319
105.41472933729112,33.1331624686001
105.50597529936329,32.97728715228803
105.48752205080106,33.100997440471126
105.40356230030382,33.07723991975292
105.48538705392653,33.024892434977644
105.50933499941578,33.104040080552934
105.46555539973501,33.11641093081657
105.46555539973501,33.11641093081657
105.39984075685008,33.15551827959704
105.42725738552403,33.13645199396164
105.39468729923817,33.142748734640726
105.51315703086942,33.08234855444881
105.45737575865907,33.10528913441313
105.46658143555355,32.9952206214892
105.522111952933,33.058381398309876
105.45958724681896,32.9721516768973
105.41992681875844,32.90123472608581
105.37897558271553,32.854185699195874
105.33191888646552,32.85285137659003
105.20468355891859,32.833858193946156
105.17503992899924,32.80862409195724
105.31491653444172,32.81312752274852
105.34492372125823,32.8169674113126
105.32331579501229,32.82289710716237
105.31013991587952,32.70659564510314
105.35183553873405,32.69973181791101
105.3443827353795,32.694363646643886
105.26395154194994,32.77169758527088
105.23405880190951,32.84579435668554
105.28800541686739,32.78470503328032
105.16903596122519,32.80592147802658
105.31581982623575,32.86972538220416
105.22694520132879,32.90960017243843
105.2140245629554,32.80019102588764
105.20846081357278,32.709847187902454
105.27487940326904,32.63282152198448
105.28400740871548,32.64602699275255
105.26715590779872,32.62248739608117
105.05847165527324,32.62318403924461
105.02622371777777,32.59794035182735
105.00324978351412,32.56374372856801
105.10887025307598,32.604045271535675
105.016194992376,32.66618949944462
105.03728101693311,32.731337959177864
105.00843633937603,32.749397027055956
105.03970080131138,32.68448103667792
105.07303573751736,32.68585417634417
105.0484928813919,32.56492944198017
104.99791809259544,32.58999183074274
104.86400348966794,32.52357558628961
104.84667620574005,32.52476744995334
104.82271923796598,32.512618138374634
104.81743863950246,32.585549300147726
104.79450681530932,32.70255261699233
104.87611306053071,32.682715736610156
104.89131246177186,32.720585878979364
104.87729470368213,32.7713264151481
104.91742974530557,32.692501020756254
104.91213533675493,32.73615627149903
104.9558365084053,32.64341722468797
105.08148257413923,32.71725588812236
105.00579314294922,32.60091756209598
104.97337548086252,32.71719852385204
104.98138961002856,32.745192569101874
105.04708930339935,32.58331968645231
105.03732122964442,32.6071545939719
105.11807072442521,32.57816443570709
105.06423266151187,32.59905891540862
105.09275328147254,32.681033349784
105.05279317413375,32.553890171419
105.0125927304456,32.65920373739531
104.97433170793876,32.541191235760074
105.01941468549958,32.54062385581341
104.99735040113413,32.54989309885336
104.91572825190265,32.57425517403993
104.79538860567189,32.60647864042065
104.85083684508737,32.6491064084081
104.93355237152164,32.58290097663244
104.93355237152164,32.58290097663244
104.84832430216163,32.51336410904856
104.8283912997359,32.56063983162977
104.76996985792199,32.588917169531705
104.94052419091953,32.607566751952554
104.867227264906,32.50409970183079
104.8417733390734,32.671774048347714
104.92800435732055,32.66719972557275
104.90211539956069,32.78568722828812
104.89764737390263,32.79231406523447
104.87640636352499,32.72668042471074
104.90019430536809,32.685273816074755
104.99958500529421,32.568892147433026
105.0218626264007,32.55516313413303
105.07227313874613,32.638711756694576
105.06775518017574,32.64315044551655
105.18091257276089,32.69644221215396
105.19378199665927,32.65218522134456
105.15538939823553,32.594131577940956
105.21624306438146,32.603956047320146
105.2728111724513,32.6205424074147
105.30389937434633,32.695438914167106
105.29978380061269,32.68402875706865
105.1664199220398,32.83706843961703
105.27289605244174,32.86009107786086
105.15932141756898,32.867995041467424
105.31524813057044,32.959698364940536
105.33351200851952,32.99444308841616
105.26788241875376,32.96698433156232
105.33697145289993,33.03645342343639
105.33954635292064,33.007045891215206
103.84651577664289,31.848891260185084
103.86567097873625,31.90776481290166
103.75986318093136,31.895274601220592
103.73808014950592,31.996339416119323
103.68816529868172,31.986944509565927
103.69410366769793,31.925877286252703
103.75665437011497,31.82036666659812
103.74107210990334,31.856467117999284
103.8141756255371,31.796290842397653
103.7939108086216,31.770089577836124
103.84257871090739,31.944917678757264
103.89308494003762,31.989872758418347
104.00236037340491,31.87413228284695
104.06904282266866,31.88343957711653
104.10064590602818,31.87328116952812
104.09903532192509,31.86190659329493
104.10800330794763,32.04206382837426
104.1079620723387,32.05772895833525
104.0591399700989,32.0142929096029
103.95995226545875,31.94926322222014
103.9178158408141,31.94243297338287
103.96976075469654,31.98392703018399
103.95772397164383,31.974898550998155
104.03582291451158,31.965163645863385
104.03241182208292,32.04006130244663
104.08012972052492,32.0275744906106
104.10295471907283,32.00941105311
104.09954649889801,32.04295199886975
104.04209292756164,32.02825081811356
104.01337719445196,32.05135088460453
103.9203012816944,32.11317518363796
103.92359849080904,32.16441230464122
103.96190004933882,32.09681577220108
104.09307314218654,31.99621729163447
104.00783436476694,32.004420915145076
104.00828717977774,31.912151274193032
103.96921098238113,31.856962393399993
104.04008073626996,31.88425062891833
104.05539657052907,31.954965324575888
104.03547674663488,31.844370670283563
103.95608637161448,31.84118462950092
103.97600054330121,31.83665991537045
103.89114272049925,31.80255688078897
103.83721782810088,31.75608767262252
103.98420183838309,31.85300534616779
103.96513826276144,31.814989926875022
103.95417013505019,31.802282919164412
103.88500007275995,31.866593323564622
103.87368837652414,31.967431658179056
103.95812033139345,31.993189936721006
103.91742788495947,31.981203933218655
103.9359327881389,31.96851273450988
103.97088443543603,31.876828962317326
103.9149861039305,31.887330958113033
103.88161693084321,31.914828797888095
103.94109400288215,31.88920919814886
104.0043499821667,31.977816235956833
104.00432445573169,31.8929205275433
104.052409916191,31.839496576015396
103.9908158646426,31.84267202115938
104.07670872024404,31.85071352200768
104.04168207798256,31.890191145356933
104.02611086801498,31.92756365464993
104.10343721998225,31.87615833517025
104.09748169164573,31.865055942206112
103.96625648333587,31.82845993321336
103.94331746794553,31.804074382583035
103.74504049563588,31.816639132706136
103.76093745619653,31.977471478587873
103.80316857717126,31.980886718369057
103.8214258337311,31.909508699611276
103.80322914267147,31.859864391601636
103.78480241499742,31.820725861951704
103.87385361191257,31.855413071594494
103.81991445487685,31.94936904390792
103.73833661507568,32.03233663685075
103.87361104102227,32.00528740358434
103.80898015345106,32.0391225892492
103.83703516941617,32.08811129959206
103.75747716958608,32.100980745637116
103.72501081528165,32.08668518952414
103.70546685470156,32.05377814369632
103.7333006203591,32.07949381599658
103.73462697525127,32.12169961365414
103.74528755599339,32.12133670335156
103.75178783939623,32.121376336869595
103.91193712675107,32.04987316079052
103.80189275706192,32.010651635438194
103.7766867869511,31.98307163212931
103.77344326595467,31.91596451077695
103.78084955936728,31.84182353321529
103.88837297741324,31.858836665303123
103.96616780873767,31.81087732431928
103.98960233505757,31.883058271189665
103.9248699385542,31.906589541226413
103.89263246871162,31.94189951861634
103.92183727882778,31.96196527410379
103.89595307799189,31.97926375232811
103.84878991938372,31.955454323202304
103.81535140611314,31.829354530056346
103.86687175017305,31.813917071389334
103.81548601880058,31.8401058747059
103.83533402882962,31.75546905768481
103.89214431915383,31.739766121804692
103.95220409125993,31.728059933031783
103.89059013714186,31.6990592573619
103.9444530101422,31.67527499413378
104.05127021416754,31.725892948307898
104.00400930452179,31.541741525877818
104.02247649585107,31.56628655751104
103.98509778647028,31.570540078226923
104.0305331910318,31.644312040100264
103.97029899481622,31.639535273437474
104.00843648279474,31.679911182572237
104.01112980618224,31.67024683830356
104.00806116058646,31.664996073539534
104.12763487190365,31.661249309687694
104.13340024991338,31.695161478012878
104.16651646149991,31.669701085134776
104.03960142172592,31.643181380341908
104.05898096709096,31.685161726261644
104.17089294732514,31.789223063137438
104.05887684666703,31.718237177433302
104.00593505361893,31.668104676271035
103.85104800568094,31.603924491300827
103.83315935570027,31.543374091760416
103.79138327662928,31.536985464727735
103.89639497386091,31.587462727387077
103.86221294005675,31.61574825198616
103.84363464283312,31.57808605608963
103.94516891127203,31.502406293457444
103.81965663113313,31.57274475168144
103.81965663113313,31.57274475168144
103.85017649564239,31.50985700906954
103.85336819822814,31.531921888938335
103.9018215981314,31.60559775723892
103.86780080131439,31.61897903505841
103.89203693252587,31.669446187009946
103.95841267450817,31.677252936766344
103.89233308110704,31.551551403597546
103.96766339131675,31.534520844535834
104.00132772882307,31.491688469650917
103.99520500394138,31.54092145019782
104.05069219919639,31.557215363098297
104.03842905719745,31.487182943372154
104.09306568310363,31.59257490330101
104.08343759987162,31.579962518223287
104.00706347607894,31.668728911675622
103.9789732399521,31.702618791927648
103.96229612796355,31.567693348013457
104.02909982473523,31.62442495909773
104.08830318086957,31.569548328367905
104.10900117722863,31.6064130672579
104.07587660782133,31.59428151489586
104.02951429930316,31.54648593034063
104.020777364491,31.476284441993375
103.95492507145578,31.608076206270788
104.06622352321114,31.5462341881228
104.00361120553774,31.510997980331577
104.02241166201001,31.523498929102033
103.935723273593,31.597067804474637
103.95412623260535,31.618772678489282
103.90995230308965,31.696479726815003
103.86665279383453,31.735218473032067
103.8750666462269,31.724299122444503
103.98123525025223,31.699835353445234
103.87541195531912,31.66674609440064
103.98993608024182,31.662876839584023
104.19429583908173,31.74153346773326
104.21332604152146,31.78295334813242
104.23076414478003,31.745373207617284
104.15286013352892,31.67814169439612
104.2029670056465,31.755380274539352
104.1106443269929,31.649447963998302
104.0348399401559,31.717112874101513
104.14794356972673,31.763277648620722
104.16210063169163,31.777024464912632
104.05624193206883,31.581902495933292
104.07759469783828,31.551261935634265
103.93839353387568,31.519242235966505
103.91640541768025,31.5124551655052
103.91585926436086,31.526365147205844
103.82045612988712,31.580407611876822
103.854645624539,31.433596842102794
103.95662438346284,31.48246154083854
103.93031753709057,31.35831113499319
103.88290492042006,31.448875284163492
103.90597265222333,31.388003962120532
103.95556890945063,31.437463328058424
103.96908160389964,31.4666544098303
104.04989170756235,31.42906677884279
104.02019340557902,31.532082487236632
103.90822779477375,31.454502725245653
103.92792442652917,31.424776795059795
103.96736621341465,31.497136471935164
103.9657689925649,31.565048771533014
104.01644830612214,31.54266875597875
104.03259345475082,31.54154639039652
104.00292138645044,31.573063891679656
103.94958787637283,31.473900986807553
103.90154316267811,31.488837390900134
103.93331593800353,31.449660718448833
103.91610007205335,31.43817219193812
104.05136375667071,31.476926970519912
104.00508825687177,31.48879762926192
103.98353387131431,31.539771431599586
103.89962866724778,31.627468602263768
103.94232096551902,31.709973498288377
104.03327733688197,31.682401086628055
104.07165630878853,31.719141987250083
104.09871495520818,31.764030947212763
104.08094211350749,31.63613920675066
104.05053838598687,31.58615656190783
104.02612318473335,31.602377181131736
103.9739269553987,31.551011940218444
104.02343050802646,31.654557016388157
104.07883732309529,31.641981160858762
104.10333593718178,31.765171960855348
103.94693026269248,31.66789126603773
103.88794960835605,31.608986725185915
103.9056211316001,31.529147942715763
103.9056211316001,31.529147942715763
103.88995652572304,31.539327218108284
103.80100496203413,31.5451044020286
103.7833936824925,31.528457792354594
103.81636909122363,31.503035018458363
103.80181669442001,31.523897447736132
103.80728679940762,31.520888093078806
103.83372797908757,31.43888740646473
103.89790475533981,31.391172479730777
103.84465820849708,31.334744951452546
103.84222652289156,31.320973428884646
103.9119980374272,31.36199857781539
103.85966250744362,31.372042925764195
103.92169936158535,31.447796672538654
103.95020908382394,31.49994363917083
103.96690043019764,31.45893930118559
104.06520304897981,31.48631441089905
104.06124211326221,31.42474779799738
104.06419756578485,31.442167671810196
103.96404287248922,31.518478360358962
104.0443172431303,31.569748008637596
104.01615558948014,31.567550869283593
104.0445876953111,31.42237298971898
104.0290600188771,31.470334311459283
103.89590024124979,31.42294724517313
103.8376325784598,31.40507292059753
103.85196848166053,31.489880878914505
103.86933228818248,31.634427607302907
103.91781358329916,31.66799006767926
103.90792144362904,31.755009697689736
103.95170434444248,31.680202112933163
103.84951873438598,31.605045229970052
103.862224421042,31.60834745477258
103.88754811756166,31.583885793449614
103.83361498492219,31.53400994809175
103.79154220532058,31.566399684348095
103.84521699951193,31.47818256298148
103.76188073234182,31.47488383823481
103.7687902950059,31.445779243415384
103.83931666155328,31.366377132097217
103.78461457570188,31.501529087565327
103.78399360978851,31.48534492282659
103.79486627351181,31.46642758973056
103.79233515594265,31.416279152545645
103.79908001361721,31.452590907172034
103.81390516652765,31.4647376542835
103.86811719075246,31.514216145136988
103.83933926787107,31.579209201901378
103.82697891124549,31.612587181562176
103.87338679584987,31.532188049796222
103.91909591565938,31.571889001845914
103.8528579230513,31.568716203356477
103.91080863589477,31.683104395566044
103.88016547112773,31.66278237149943
103.97292433923144,31.66182819393975
103.9732746956524,31.70292593943044
104.1350280464446,31.784012308297
104.1389498515153,31.712399486492984
104.18282217123128,31.75052490322674
104.16645945686622,31.755548590153225
104.15668567455889,31.670638120442458
104.15848365585093,31.77804318589603
104.17892782067607,31.788736657901357
104.24245432469155,31.758974825184048
104.22939854756721,31.726893342224198
104.29062987236593,31.757119502305418
104.24281728547543,31.7645212256571
104.20080881157374,31.778288397574126
104.11031956338489,31.66862939275437
104.06147109004216,31.825542660079037
103.99679477783067,31.829012018358437
103.94968082538828,31.89532452667803
103.98595177326713,31.944418534623985
103.91700319693317,31.964313638129155
103.79833806510558,31.964324874532235
103.76633042724505,31.939108950936376
103.76124387354004,31.923579796093218
103.76261408300181,31.945748907973258
103.79024934194058,32.00386873102252
103.75506425426833,32.00933133983129
103.75687048023698,32.10136185725451
103.82918929693882,32.06597559904396
103.79364745277515,32.0268150434575
103.87417978064458,31.93553229764466
103.9894221841475,32.07789682016455
103.91280598965913,32.02145770393737
103.95210471548268,31.946616721126027
103.91851653523572,31.982080317578156
103.89221138555935,32.03262297761937
103.91689830263668,31.982682264112047
103.95055258239064,31.98188559620371
104.02466549100643,31.96717402618426
103.93680337107551,32.056566953030405
103.92651353089875,32.00878878458653
103.95355913587748,32.10618565308508
104.00312421368479,32.12152367221423
104.04942150697295,32.11598781747971
104.02712093755082,32.123049627567895
104.01782614282122,32.12822192071737
103.9841042869821,32.20449145577459
103.98290196256849,32.27824252890326
104.0594413119805,32.36775347992773
104.07690024152735,32.390863912251845
104.02168031874264,32.35639132941621
104.01500925300367,32.19708246830128
103.98311850626321,32.349027800779396
104.00667110386327,32.220487565602994
104.13328861218005,32.237298847574664
104.09408293252582,32.20126933056014
104.12927046873527,32.17162265022072
104.19375837386161,32.17223172130237
104.2164531494918,32.20965575194509
104.31382969858686,32.165099841266034
104.2068444682791,32.23835320645089
104.22583212135065,32.22871310426069
104.27102316970482,32.24052360251782
104.155024061622,32.303682566060914
104.14284680526839,32.29849021896642
104.19645473822725,32.33410053856876
104.14972013690945,32.273410583066294
104.0773040664808,32.168512121560774
103.95840356304379,32.22002844534649
104.04033486163105,32.21861196310284
103.9910541819077,32.165557034166135
104.03112172470418,32.16540186907359
104.01439880588865,32.26004760035823
104.0281824801535,32.27437704587614
103.9580975865828,32.36106085331528
103.9126143647931,32.5173638803408
103.94464410090059,32.482520395266
103.96080427257859,32.54704119581417
103.85484165792181,32.45450409717079
103.8258496528629,32.471429677165844
103.90505666639342,32.47078851758918
103.8649446596045,32.43302618239861
103.98128478784948,32.473489501735486
104.22077593561099,32.6295491765526
104.24682774012447,32.569907195808874
104.31193342636566,32.54107874998421
104.20592284012051,32.755095107354464
104.17837702260445,32.792933872178644
104.13800524343945,32.76888205549733
104.15841218388655,32.71624743990308
104.21740647502925,32.60632720755582
104.15101379996015,32.537773404613255
104.15500681473416,32.46149387059178
104.12063802914808,32.57843167203024
104.07994144093959,32.66133478640388
104.11343937094883,32.71436679300752
104.02811175279018,32.845549153687905
104.05789660764479,32.879943750220896
104.17265784567262,32.84805528718599
104.19842893740216,32.7563020375505
104.19918832854383,32.746463371851654
104.23742020887958,32.67706958615835
104.26838921684039,32.628310590941574
104.24336727604233,32.617611618054276
104.24311080692777,32.57541051444986
104.2991837290682,32.672593542344345
104.23778827763489,32.57542107818626
104.30360584069699,32.54376012488877
104.29908280337145,32.55843740174774
104.36086115966188,32.51990914654877
104.35767313240419,32.56575749309028
104.33083228490717,32.57548529755591
104.33475688229778,32.57828923021984
104.28669259908,32.60973261512922
104.40207889897259,32.628301149144384
104.45067376509446,32.63024666155101
104.54616377659032,32.76295703685383
104.58589760810221,32.89375851076311
104.6596692198432,32.86413885886551
104.64551696847442,32.851719961467225
104.60603962138471,32.86028471958351
104.66465496061214,32.85976115825651
104.67267668584739,32.819243082283386
104.79390286314617,32.80232359432435
104.76184605397219,32.80099771805426
104.82183903715045,32.79203608738089
104.88565066460741,32.637147871648125
104.8998510870509,32.55988926014632
104.90088393012229,32.76795474602327
104.89244668558146,32.776359474343074
104.82301714236911,32.72891308545379
104.74179086414867,32.67268978253946
104.60769289552516,32.65734391592884
104.59232429987672,32.65540662936023
104.68777504789063,32.60565677791412
104.66573749119644,32.632928070626804
104.55779023586305,32.622444390527015
104.65895559761846,32.608234362990395
104.53223486130287,32.77774180539616
104.51767458994091,32.85717827677336
104.40261666680979,32.8691984964213
104.29822882132366,32.896028355758204
104.32671349451755,32.94339926511559
104.25187865958239,32.968386173443754
104.1869709016854,32.955245663708
104.06990818516675,32.97236582529015
104.04778721343425,32.92819452244018
104.09979987689826,33.02085203506837
104.15690011987316,32.93644470620507
104.15323660004468,32.94211265504755
104.16688337896636,33.05897008051798
104.18988933793385,33.05238122972428
104.10569455531126,32.970369144993505
104.15400543837956,32.85822388746313
104.19294848080615,32.76113251192195
104.21634529330419,32.72174694563022
104.13632799159974,32.70575164197016
104.12274070978063,32.688378833701044
104.20891523020471,32.759764128755904
104.15329666721684,32.78741386242335
104.20668211496555,32.78080138435504
104.16292351149775,32.77708678878486
104.23269350729167,32.7931430227289
104.21643026774922,32.79165242529643
104.23763254028084,32.87500548845595
104.34410958071153,32.8580864453704
104.32878095477511,32.88145021042015
104.33335054808812,32.853718424921965
104.40793425132236,32.73464202387273
104.37054699661984,32.733278587691174
104.38698529235717,32.65450977398332
104.50100381071866,32.694902322001354
104.58215080412613,32.71631888912083
104.59975117584148,32.80925157916882
104.60713244546596,32.80673453905378
104.53731492487466,32.739955752368154
104.56345274921523,32.82990516778056
104.58695140759151,32.853869053872806
104.62067894095043,32.849552948590244
104.64074635376427,32.75561411270131
104.69804535103782,32.686134144247305
104.63373599269805,32.69155747568457
104.68118872127573,32.74588226936247
104.7034221504671,32.74893641119532
104.84379980115254,32.73636424449326
104.79934826644339,32.72558730027638
104.78859863035272,32.65898915382791
104.81037333113186,32.710234372573495
104.66292470544106,32.787270551317
104.72243987789835,32.793779548601705
104.72214702772382,32.70196633153443
104.52627735713565,32.78784293507219
104.57418139688956,32.760249081234996
104.6010456083444,32.710322038442904
104.64779792645905,32.72027519333445
104.70066414492175,32.80531359809093
104.64157711043691,32.79731134973523
104.56808007501144,32.77742103417696
104.5848555270276,32.7909911299233
104.58011506983617,32.70192010269769
104.61107256906453,32.76358525888703
104.63904305197379,32.77675454964518
104.73123770777076,32.755085970894804
104.8338649048696,32.7280240788837
104.7429150031067,32.73191517762201
104.79723173224387,32.708081290088124
104.86527400020206,32.72486387981124
104.88927570856247,32.706531731336604
104.88785088911315,32.77428907121638
104.94250727916291,32.717731337252246
105.00834967512341,32.67395645878696
104.97001339471595,32.716090639379935
104.9732432540685,32.67524616467257
105.03124745632445,32.650555413335695
105.15432057402748,32.62689945801066
105.1935271212162,32.67334186259216
105.32248143264489,32.66137498290561
105.36457749799747,32.6632658843126
105.21517005250516,32.642903461431146
105.17396640254883,32.71324419010201
105.07901118885837,32.55951297277399
105.10355958609163,32.60864240354817
105.00794839355767,32.64543471392915
105.09203233082172,32.653082397183894
104.94791451499138,32.62278563572861
105.0387130276437,32.61822976660673
105.12008529874603,32.57014391714362
105.13584534476131,32.58273405398592
105.03747697096625,32.695498630027025
104.97930165223559,32.74490949093947
104.9523831552511,32.7126502047098
104.86733655819693,32.64175981637084
104.9680350119857,32.73617668915664
104.94209793179495,32.69916199743034
104.88542092939332,32.658803867965084
104.92764914046653,32.71358384879292
105.03578711887403,32.705939595249305
104.94723866008226,32.586444157181454
104.93183639535111,32.6056848114227
104.92584363219876,32.65127676998562
104.82472020722808,32.59484693197275
104.77820380528529,32.51705954531822
104.7925531664379,32.48882151817434
104.92396985896028,32.568229450997976
104.9337742091485,32.5448213418175
104.97262762340941,32.6045542333435
104.97262762340941,32.6045542333435
104.99189001531501,32.55758495200979
104.95902687151728,32.54994453923675
104.93173537244904,32.55305457483152
104.81699923998498,32.558383223808015
104.8523312355924,32.61297106620777
104.85077714286398,32.709912709920644
104.87895719968178,32.74358234065831
104.91516023115838,32.69809127079219
104.90605902408471,32.65764163893982
104.89918233377101,32.76957701662819
105.0389289288095,32.69975564815092
105.07576553946981,32.64013554423763
105.06556371089924,32.66429259019502
104.9627614192416,32.67697594192771
104.874116407157,32.679338704740694
104.85555032778063,32.6005877558867
104.84042674136622,32.59979667644608
104.77560043407556,32.64762813437069
104.80933114095562,32.62889151558249
104.82183304463823,32.672071762566055
104.88243988818364,32.78882416979611
104.86574150236737,32.80308527421373
104.85295609193786,32.769468226780944
104.86636856215186,32.79909785231868
104.90132291660045,32.71969732453094
104.8888290991231,32.78681720055576
104.88170675061833,32.78089025499096
104.80972897608609,32.78289437440178
104.8464735059658,32.713290460601876
104.81319655604572,32.69445736715664
104.7818293224963,32.71680086931409
104.88213192355938,32.75488154617636
104.89488027434254,32.76092215355506
105.00350211674596,32.660576578209024
104.96302740320108,32.66285951475625
104.9672715405935,32.65620796742615
104.94107661365099,32.561001800138115
104.90955984609218,32.68172449667842
104.94413102525168,32.641931098029616
104.89638013950906,32.54300063693211
104.9064649497029,32.535788964673166
104.93693025728842,32.58569290791636
104.9151218300331,32.588526347761274
104.93057364953707,32.64680336832014
104.87106680832098,32.59967280630318
104.81919767409859,32.59969094254688
104.92455602798933,32.64036185391195
104.97896192277145,32.54412654409837
105.04934509755857,32.567701447842886
104.92234041785166,32.60314273156175
103.04378269139809,30.513710088751566
103.02296905560172,30.419281362965094
103.04000062750227,30.429701915508037
102.99807401277076,30.45717685682286
102.99327868535222,30.520486906632332
103.00045651496322,30.418759931808747
103.03412847224,30.44328776252671
103.08942600303384,30.44704997255231
103.11298464662016,30.467595569945015
103.09911385087808,30.452805455009756
103.09578345428255,30.45356965391936
103.01876518884626,30.403798576247986
103.0343263321131,30.42051376995119
102.93630309262582,30.4898573350216
102.99142726940912,30.525798083785766
102.94744220570615,30.569480529144325
102.97784382189877,30.699433209184296
102.9960525241195,30.679066838346714
103.0243560679581,30.626686510815702
102.99523905699377,30.7442503772616
103.04550825005256,30.806425275280994
103.07334122968929,31.008884431175698
103.06758965846348,31.058407095012036
103.01276718267643,30.98717942246951
103.12845765686997,31.10587937719255
103.10768388024925,31.207888454374974
103.15442358596718,31.236171122881434
103.26562094237433,31.228681163116452
103.24079758708483,31.209775999829358
103.25159541571456,31.23787644269087
103.1960426504024,31.280981075011848
103.1924451654427,31.25741930365363
103.03647770383438,31.204981207071604
103.0303143974138,31.143962876671385
103.12432693114185,31.258376802808634
103.04835012963827,31.233186742076295
102.94781486734979,31.191260712003498
102.94708890028869,31.227617223825348
102.90889699524567,31.194089707074003
102.96473908751334,31.15416765402296
102.97359504871872,31.10408080136189
102.92899914187356,31.22983717769273
103.04374201227623,31.225443916086125
103.01989895704001,31.285696905885818
102.96816696128172,31.237828536987802
103.05464301396296,31.242812412877807
103.0011120401409,31.165792158697933
103.05079110473697,31.210070884924253
103.05079813713452,31.143605469992867
103.16565004245496,31.025560515315565
103.2442035028157,31.08110415205268
103.21129112010135,30.987335391762464
103.15007684870272,31.00957564493154
103.03664163667821,31.168229097012706
103.04975984945519,31.20679310539408
103.09297502966562,31.142846591665982
103.02210236435275,31.04731181838705
103.06893077256659,31.002297056223256
103.03603342095244,30.910598317536746
102.99731490477795,30.84217711961196
103.1107926619479,31.01619880380239
103.12881060286702,30.899247097675264
103.23382598927269,30.92111300108671
103.33058799701455,30.881937394569817
103.47465882683115,30.907045395072824
103.40284712198353,30.82230957517851
103.42889908415523,30.823452759377588
103.48771239950628,30.85939264801397
103.42098312669495,30.877428415711826
103.42749599263227,30.869006787761514
103.47739373383175,30.860852854748256
103.40883594858101,30.835502552958285
103.4239969400474,30.879587987383683
103.3465680177245,30.850208023950195
103.36977250400028,30.887115422704152
103.26334371999494,31.010893211813432
103.305621242276,30.81666792271075
103.41877030790941,30.8617940003119
103.41988824711035,30.84064162526411
103.30457709134254,30.950942949976593
103.34665597360348,30.966170278695536
103.38198719045684,31.03176439057919
103.32929809377244,31.02478770026184
103.17859591374872,31.03540488563339
103.04393219347998,31.025203157474085
103.08690496503309,31.019448089885987
103.17211570267594,31.03163303287705
103.13284787909063,31.01725638753388
103.09657195692633,30.90594667426895
103.1004384576019,30.844832622788193
103.01392200945632,30.93999993174808
103.01431510720765,30.85515947461909
103.04429974897175,30.81744792517195
103.07211486034312,30.749359064863558
102.98109253918972,30.78128428810319
102.97590420325815,30.76933275592129
103.04861076667673,30.753976506841962
103.09506852830069,30.78552779563734
103.14668320766171,30.74332637050493
103.14546049643752,30.748320345801915
103.04044413047251,30.790047192993935
103.04760882155986,30.84711552516088
103.15234072601127,30.811364091890095
103.13910334744261,30.798652432938724
103.06679494168534,30.833152170811555
103.17999745382753,30.818401501665374
103.13024586806692,30.74643964564884
103.1408026402341,30.823158112887985
103.13532406969007,30.791855015902797
102.89701775783188,30.710639803157925
102.87029609258002,30.75174686032354
102.85115868252936,30.71548518578632
102.93338261087875,30.717890312982064
102.94225460728151,30.61011979919076
102.94810919270348,30.706275676924786
102.98218950135676,30.726951529156857
103.01467464232242,30.768752146250705
102.97343667064173,30.805114605080743
102.89912087198843,30.81908177486893
102.9620638265856,30.839746839524818
102.98484887215233,30.84692607211436
102.97977223098064,30.97177297381486
102.95571646177802,30.97038946173668
102.9636056182489,31.002806398914878
102.96995345624265,31.021050157661154
102.92236520163098,30.95995801828512
102.88639405769106,30.887193947720977
102.78721424692888,30.89073992065896
102.77318904711285,30.839119685595
102.78556906615535,30.77765064126172
102.71091670397794,30.682315988872173
102.76724574309229,30.647099628791082
102.77666718520557,30.767943659826887
102.79156946727863,30.823930210778332
102.72366209138414,30.75981618605625
102.6880153067044,30.795430770601367
102.71873317013865,30.83144592143414
102.70181587293877,30.888843123243692
102.73641191517827,30.825852042068053
102.62693127255544,30.781346713613562
102.69556450401306,30.744797714473364
102.73439304376618,30.652215442109515
102.68544584572668,30.59299047218402
102.81171870552915,30.50374499407695
102.84040345777404,30.58909770689232
102.91874407442072,30.452848119103
102.89173419603078,30.329475095154223
102.9005388717665,30.350201869574324
102.93928695288061,30.414453406313513
102.88590171142079,30.40591109720923
102.91273502872,30.42069201974495
102.92259567618628,30.455872962004918
103.01588629982703,30.517249257958394
102.89735617843861,30.538878505896406
102.96376324894516,30.722722148491503
102.97928241626896,30.59863072568417
102.97535716035443,30.614181396952077
102.93892150633965,30.546286872061703
102.9979974954621,30.540281361842734
103.10256204336184,30.53881592955915
103.09005687900793,30.44585331003365
102.99603670748677,30.40135118445771
103.0096179427484,30.45144532996898
102.92615377525533,30.4611819665393
102.88068140635214,30.339087136189274
102.85758351031988,30.36443844662087
102.90571690185851,30.398730085775284
102.97207910722453,30.460733777355948
103.02026452223457,30.418146101346522
102.97288447781257,30.399013882094074
102.90992064846272,30.43077220892849
102.96804653840955,30.46540363692978
102.87213537880342,30.448394671300857
102.85915054369576,30.41895851359682
102.85046531763966,30.392566161690716
102.91556831152167,30.492616811557312
102.91988401661214,30.43574320902378
102.9411478101816,30.44796803288453
102.87754357028524,30.526962090734425
102.80481560229838,30.565821604904464
102.78493759082227,30.69258251038388
102.9171803100263,30.58061001609
102.96767197475555,30.50510701970198
102.95354014617999,30.521064033291374
103.02806611040654,30.490513237703258
103.0545133166396,30.46310310864747
102.98634730659548,30.405602333954075
102.95170081236438,30.479405653881017
103.03233200592614,30.567097196555977
103.10601716616843,30.55775551103303
103.1569166452105,30.520522663259374
103.17791022680409,30.649984404241664
103.09256898938746,30.584888016061345
103.20139987905844,30.582625132050598
103.20274443602877,30.57659304206476
103.29445526185182,30.675261061305793
103.21074308198925,30.679084090400607
103.15544147135367,30.627775228322143
103.26313633923195,30.715451739260796
103.27980398924967,30.709113101425938
103.31671018931026,30.701358056158274
103.27378561898085,30.67728010041284
103.24441547936426,30.625575947558747
103.1959506678336,30.640271732831497
103.17500702544879,30.677623891935006
103.1382530424428,30.719954066821828
103.13477771882283,30.80303178764973
103.0907555749306,30.918881539962644
103.13257374553642,30.831734888181902
103.1299407309554,31.112205973978625
103.17756886003862,31.167362626437384
103.27702076123309,31.194718241218816
103.2470066271666,31.211284797094834
103.27373543700138,31.274501379853362
103.28947242338391,31.275490861755507
103.21701892095115,31.320245219877773
103.27712035665375,31.298850003134792
103.22992694212842,31.290752196983686
103.21031151248458,31.33217712473422
103.20502228335265,31.27635666924142
103.24371588076352,31.1652755415296
103.13027061038788,31.177860045829252
103.20821567486442,31.292441617800446
103.1854930483746,31.299223774914527
103.23980514188847,31.24754394614788
103.2712282194469,31.23894501501278
103.37879968460979,31.311367059209324
103.36712250963777,31.340302703574004
103.31242441295983,31.29789871979802
103.21219335224349,31.354729270769546
103.21711055083868,31.371071049656074
103.29576882843637,31.38289083571755
103.37574559366566,31.422486102164367
103.41976527563436,31.37552836354723
103.37808516168063,31.32866287604863
103.32457744572518,31.39573095832889
103.29926037138503,31.385265916496472
103.31924542632667,31.398096574659984
103.30734422742931,31.356053344881126
103.44083582369632,31.381328532363124
103.44501880888909,31.415074819486964
103.44259243588985,31.330506297597907
103.3097983150652,31.307245811052315
103.27038803398379,31.253923443153425
103.17998073928891,31.260774493977145
103.23986498398075,31.23541096681483
103.30557068966493,31.103809041656888
103.34664242484553,31.060125806924546
103.23447667932315,30.919945247263804
103.23427337377387,30.89924479023503
103.30664668319791,30.833927095077588
103.32147251970713,30.894153994236852
103.26945564545308,30.822636173575027
103.25096853493986,30.793265385351408
103.21598578453191,30.818862709693324
103.18039445110685,30.717020091591078
103.18306706056322,30.8065804025115
103.12078692718306,30.911516298764667
103.06767253384362,30.84849955037827
103.19279193414263,30.733390778586916
103.33457570307917,30.768165968065414
103.34484200453353,30.77440290534614
103.30850482959848,30.645342723793508
103.23428474443956,30.766623844938245
103.1734380106485,30.761452539085337
103.18998752792494,30.78480098970828
103.14219571777761,30.751818804100278
103.27638859388357,30.696626499566133
103.21546668753777,30.744354380875933
103.30226196888957,30.793635928060418
103.37421642976035,30.851226752222466
103.34778021484398,30.80843626470921
103.29539493072652,30.77426878270611
103.29463829516958,30.71690413498859
103.26175954509597,30.66261085531936
103.1774457907844,30.667202678443857
103.19876954910673,30.729351390593045
103.1845203330269,30.70951617291074
103.20930449806637,30.647657108569618
103.2630062373284,30.678565633172955
103.20091187447755,30.61706384835844
103.08582464406139,30.674242623370993
103.13113112028178,30.675783269885684
103.020428964281,30.71625059434572
103.10617403950697,30.70404360929682
103.12415170185444,30.5799774826619
103.19669563764906,30.560539114068085
103.26436232036134,30.635140583163498
103.15251199226189,30.541025208420862
103.1384723067446,30.66209760697904
103.13512237708387,30.60676967547112
103.18991340360499,30.70100131992759
103.20295127345304,30.73188174495307
103.13991378820229,30.83981738123857
103.09880801903574,30.916073144085075
103.15111741206358,30.959441193378336
103.14605372170531,31.174833201017933
103.17791771801143,31.181981490176142
103.09121154088156,31.182825735677554
103.1314026724372,31.238850348448587
103.12841227842075,31.290593950705787
103.155878903063,31.278966993434565
103.26627613819744,31.268782125685064
103.14513044821464,31.133407354267895
102.94416131279145,31.13681625175742
103.03988998985938,31.21568771556006
103.04416584238355,31.273891423003466
103.03950774291604,31.28567768574577
103.02356016442805,31.263400825166382
103.01636345466278,31.28788769287046
103.00665988605623,31.29022131548682
103.00665988605623,31.29022131548682
103.1235309595206,31.210913084376156
103.11065132348722,31.042750185062722
103.07712021747989,31.162994759163958
103.0006874476204,31.176157454796673
103.01830838146184,31.25450241205278
103.0208581901039,31.28040497169001
103.01162649409473,31.28531986590099
103.04568935351523,31.26997740549002
103.06995259907008,31.26007764473708
103.01141890821519,31.255963642219736
102.96571837437067,31.239253615930785
102.92357221631643,31.218238453086336
103.03489704424749,31.09916793390645
102.98481236883333,31.04377963764783
103.01360094006091,30.96355958788535
103.04795289201786,30.95290899708263
103.19320734916387,30.98273761058305
103.18210982046374,30.96775770993505
103.14169316512051,30.915147330650004
103.12851562615303,30.964553250976994
103.28897710501941,30.988784154534496
103.18955513076496,30.948267117361283
103.14747962348613,30.92122875508856
103.1264772151856,30.866623303476754
103.18011006492645,30.73941675895487
103.1524122608213,30.708305018093807
103.00191876361038,30.73650466454897
102.99228748341149,30.739862789154223
102.90032394358417,30.818806222671853
103.01164462262214,30.706557034797797
102.96878226111613,30.669412393010212
102.94444259214035,30.759961945159386
102.88924060161996,30.768083349226888
102.80727955012496,30.920088218615827
102.90792361615344,30.89843799815118
102.97064516848974,30.90069880680916
102.92675492675255,30.947814701639672
102.93909630059747,30.98446343667579
103.01155690561488,31.000255975041092
103.03169869723887,31.061400314084523
103.06814652308333,30.929878622063775
102.92190352864526,30.98770716938638
102.89772782143385,30.853876046972697
102.87826720309869,30.88136341077229
102.82094784710208,30.811840843632417
102.78914575113599,30.8302254465833
102.92993591110255,30.899112281472362
103.00953701253651,30.88317562143094
102.97157615143585,30.710652482543775
102.90885063308811,30.77825212452716
102.76351955912183,30.884192062562978
102.74206079439294,30.88443434969418
102.83942383100919,30.90521134197604
102.80307203261926,30.879058943646243
102.88273048019771,30.89172100020143
102.81424898826982,30.91442331449831
102.93319971361458,30.924763105334286
102.91921055642959,30.888523724584115
102.919359911663,30.95545373783324
102.90902927708127,30.89166597683058
102.9254303629854,30.918073749164215
102.96038719532638,30.92128579490192
103.04201520855868,30.979759792586073
103.00639996611437,30.901960589596733
102.98414336480799,30.99485905446125
103.09018976754042,31.161752945746173
103.01808454876252,31.08322108582484
102.98730719975043,31.06520957678269
103.0089120803252,30.95628938089149
103.05884809998248,30.898802405578223
103.11262951092003,30.818435072085197
102.95160668720172,30.802778030396055
102.91473948460307,30.790381844028165
102.87182383733239,30.72518284785068
102.92203072086973,30.746050163567205
102.85065115895796,30.783339985618454
102.83952618803382,30.806592408992955
102.87456966649394,30.756337283762363
102.86886030317018,30.74343397296616
102.92308445502248,30.68987212323023
103.01826111841066,30.702185190654536
102.97297785700663,30.703950531473662
102.8555695130158,30.573870783585114
102.8198227011528,30.658731420588712
102.80777556989008,30.66070873199519
102.70261288241355,30.748567899678736
102.74833847058818,30.821323784138677
102.72963557454632,30.75894731024058
102.75488849449385,30.80084143184167
102.93203975908911,30.650583579546236
102.95949455807578,30.60241099264716
102.92042983215273,30.720370205039085
102.97878724131952,30.68210309153956
102.91231833606591,30.793518633691885
102.84388980445611,30.769636502573714
102.86925905758474,30.880493574789273
102.93233915563228,30.933536694044967
102.95352188506187,30.936438642783724
103.04768011126703,30.949615651715728
103.11162270165835,30.842997354593507
103.0636400994785,30.819338043139233
103.06726928815523,30.871090901489797
103.03066073096379,30.848630853529002
103.00495878214016,30.875385152378442
102.90635440230979,30.890789056448064
102.99259403049128,30.878502934648175
102.97304128109023,30.75532557970658
103.0134583032938,30.61696137074187
103.02261061712497,30.690035179302512
103.07273136411675,30.72359588121677
103.18306217223888,30.76643069465506
103.11588450700411,30.727733561698557
103.00685227390127,30.68754931143711
102.98748969538022,30.784434952084364
102.86527698182707,30.745564882490275
102.85464472949236,30.86154221492584
102.78535536288011,30.84699295617959
102.82929384652131,30.83475994786184
102.81086658515117,30.934237944882618
102.824232409318,30.835694960388576
102.84560866454243,30.893244858520674
102.83868863677648,30.890721457496262
102.81358867476371,30.88685982127859
102.7904861253093,30.839143612238054
102.78995153508453,30.905735385851543
102.78683785297426,30.87900791754011
102.8420498039309,30.82010130221713
102.91971618498245,30.865148158879787
102.95827427651813,30.86465396709391
102.94068956770326,30.945841874519022
102.9930808459672,30.926612304476375
103.01579470287487,30.912980570235273
102.97291765118449,30.938309205155555
102.99654283803638,31.021343745496615
103.06738740516808,30.97807320073776
103.1840192839433,30.94178307936362
103.12235515431261,30.798987511191225
103.03564040562277,30.77189673103927
103.09904722700647,30.760721881553508
103.08487954165446,30.70149355621631
103.05089697191947,30.70144458686006
103.06676204466493,30.76050100133694
103.0522975932037,30.795783903141093
103.10743576295191,30.787219774718622
103.14410868123251,30.836483787782136
103.15235408728371,30.821380458024564
103.18746723278834,30.778932232579944
103.21203418051356,30.700694906983337
103.20163013160814,30.729710293567468
103.3191083050625,30.69323563942946
103.28237843472438,30.652521719097976
103.24033878372298,30.71990393220706
103.2322480935673,30.694281985112422
103.33459623455414,30.713439978255572
103.26337927407045,30.722415443691673
103.19111953443416,30.855251231056194
103.17652732039149,30.86841143687823
103.16516288265862,30.80330160068793
103.22003796981829,30.82539983375594
103.16097184992034,30.725801017304967
103.30143774625574,30.62251480270253
103.27947666511997,30.64254284631791
103.27309953995562,30.70211636138169
103.23397969002092,30.725313464907483
103.2570741324099,30.70388758256501
103.25051015250376,30.75866402058636
103.2394956963799,30.788551843415235
103.36430418780789,30.803152483137346
103.28862324750838,30.8230291548551
103.17617468947746,30.758984429302394
103.07685022544801,30.72757907792057
103.06691455432558,30.690882144659465
102.76052136974322,30.680913895369926
102.65377110240685,30.647312981361132
102.71559135302671,30.791724461751247
102.78848719534932,30.86003139571052
102.87038099899614,30.91118683358368
102.90253918189245,30.837497325138326
103.01271686709511,30.819210939522808
103.06841331053766,30.80397726681246
103.14394151174673,31.024839109101826
103.19487371691764,31.11906466295445
103.31178309956854,31.141843209804875
103.36104933922154,31.126138533248817
103.36041027607219,31.091028718105044
103.38858978617702,31.108232153821987
103.34365666396982,31.202042991648135
103.26440779040729,31.212581342938243
103.31832243980627,31.176577991455773
103.20857425998705,31.113138506375392
103.17649087685619,31.096659136645325
103.0384579632566,31.075770731280855
103.0120334518944,31.039890704875393
102.98112317524875,31.014528373582834
103.08573334650782,30.83926065332228
103.00013359581153,30.747361669308642
102.9460010449634,30.6884882596321
103.08748132053412,30.603852269743623
103.1297592874574,30.663571936298524
103.0894547336088,30.681665582204563
103.11210772608693,30.626238682920864
103.11565089204882,30.625844000126268
103.02840170651855,30.639638930630095
103.10215881841162,30.58730475269231
103.1348433931346,30.629969875709556
103.24764269449733,30.65274080613934
103.21965014069748,30.66644752384676
103.17316935529799,30.61636851549948
103.19037592395283,30.625519259285895
103.22375644638741,30.621022348238533
103.26430597966142,30.71195277118316
103.30712655385105,30.658675959804263
103.29500843662893,30.651829260298552
103.26042021416242,30.668204731848526
103.248293920844,30.62375154447266
103.14140481545476,30.64682628921506
103.32799439824996,30.78934970717668
103.35607554509978,30.860649771479995
103.3778110644106,30.840796598205856
103.2933673654381,30.957037753283405
103.31785110458526,30.978103897986816
103.20466607818717,30.985988589068636
103.25611412070708,30.924722184287727
103.2282549714211,31.07690363676285
103.25113242543591,31.07156469274444
103.36300890597516,31.166048766354997
103.39892323340446,31.110251004511827
103.39818423652356,31.1116617213229
103.40877403129056,31.112724718907053
103.34715892769843,31.12951168202794
103.42259231713442,31.168903247003435
103.3723271162054,31.30292759921506
103.33025278627333,31.365374766450554
103.36037055425444,31.311302670902425
103.41183396159965,31.276675026240046
103.44310214057357,31.413458196555176
103.47936748301984,31.41320508193786
103.41670941345185,31.403899443532744
103.38877611000883,31.37828921786148
103.35771528309449,31.399025164987876
103.3075660575517,31.30155261122648
103.26227045346506,31.285182608892836
103.27970322249693,31.319426921306263
103.25118062818902,31.321495415449828
103.22852929763447,31.256426407701507
103.19323697292738,31.24128389969957
103.1814238109636,31.189681404616582
103.14532846279441,31.271749886318144
103.21637678599795,31.265072381459866
103.28286053092391,31.18602652851975
103.26095093147767,31.187728647609983
103.22846490910439,31.205404597467556
103.22084343937667,31.319773727704572
103.23132554154985,31.3617593991971
103.27977992973446,31.353367244137615
103.25204011479005,31.3577844191647
103.27434170167406,31.23929665117681
103.2745255215357,31.307968534929536
103.34865136695466,31.338756990939807
104.12308445175286,31.773679427314285
104.1658066721403,31.764692124383465
104.25398910185592,31.732274590128537
104.21937824055229,31.729541290902674
104.2272473037367,31.776531984251243
104.20420675228073,31.774269357816404
104.03347260687056,31.690890007873037
104.02452254141741,31.651861858160032
104.04108507456151,31.717649410385206
103.9242675163493,31.58010451922223
103.90525373870032,31.584373273667428
104.07939765512864,31.76085787325525
104.18978429565979,31.697753424423592
104.1554899423218,31.67939982098759
104.11494498401018,31.628421147398978
104.11425889462708,31.670899481986577
104.11813841338731,31.655694492340523
104.0736915612161,31.68380339618372
104.0899043863714,31.738114845623453
104.02326007055079,31.64526234197696
103.9287781844075,31.577208472024626
103.96587687887408,31.62750499197316
103.93127317650597,31.619737092450663
103.90108649202064,31.53718596355972
103.8646486638408,31.454321665797497
103.87896321593031,31.469896273170676
103.75359104029899,31.456390976788406
103.88108424232173,31.443474579038615
103.85603640313448,31.400429591804937
103.79759338832633,31.410170619377205
103.74091041903398,31.453031057167763
103.80113625263571,31.458344016790353
103.81214038761478,31.47079425924331
103.81549613342358,31.43017224614946
103.86491696648747,31.510321685352498
104.00696842749382,31.470014144821953
103.96563904734552,31.492786318423573
103.92023231696639,31.483045830370187
104.02578695967787,31.54396414238628
104.00684795188336,31.548330144957
103.93881258414049,31.636136112653528
103.9609026803508,31.58673247517246
104.04099044374259,31.665983882232034
104.05100404828683,31.646096605349925
104.03925281264836,31.69932353665378
104.00797210386443,31.736433923163666
103.90217396807462,31.660256559541594
103.95361747384473,31.83521172912958
103.92839471014598,31.79873405666283
103.85001182195461,31.72933592514433
103.93892769257887,31.6226569194033
103.97983952574963,31.49669993169034
104.0760297884255,31.539013131905076
104.08330509553225,31.6503687514412
104.19555372528832,31.669839467606955
104.19223443038149,31.687653638564996
104.10547087146185,31.696642144002634
104.11405840575084,31.665320189946247
104.06480954631986,31.67765750799127
104.109202511922,31.612876006295494
104.18928674971502,31.679988840040348
104.14684506221057,31.726960600993948
104.06034563760382,31.69820375371761
104.01355418587774,31.71480681178696
104.00394804360643,31.661240977514638
104.03553259406719,31.55638161031765
104.04657977677296,31.55005815622787
103.99942541305873,31.522927029421467
103.92421049416915,31.55032098843661
103.88900699061007,31.622687006091205
103.81874780289375,31.55389056876005
103.84269942289197,31.520263540607136
103.91614630634018,31.584916195153557
103.97596127596296,31.519732077137448
104.08182275571825,31.601979858490342
104.00514629404586,31.582553217637404
104.10154335254202,31.64997061923171
103.96182729439845,31.658277355232098
103.93517529158478,31.8575954175376
103.93661901971085,31.916484136536663
103.88899193005889,31.847992306281178
103.91630734162986,31.80279996681387
103.91616496310665,31.693920970859434
103.96807312876531,31.691483590994014
103.90562289448089,31.69729860779128
103.88001241153263,31.649777182741
103.936597957582,31.59248483005771
104.04833454705766,31.58659799338461
104.03939014193504,31.715637630887535
103.94673742052332,31.719076819606396
103.9408649169434,31.818070659054406
103.92108935704516,31.969032678908047
103.85913287022515,31.936015435722357
103.90545188240144,31.963707693280174
103.8642599880233,32.01369344122316
103.92312504300574,32.004108648598475
103.91378377305426,31.96265828833727
103.86798692917222,31.97735319733108
103.91322377831798,31.917301418188625
103.90580044264128,31.848443621458138
103.8633653454453,31.846101258407767
103.8829274985388,31.75487808154429
103.94984377602759,31.819997910804705
103.9538809275476,31.87311228017665
104.00675316016535,31.88552320658115
104.05421254720369,31.86249585158846
103.98840569385766,31.904326606131328
103.88072653338345,31.92582114783944
103.83347403780644,31.97693762866804
103.71779071057969,31.908361317942376
103.69924109326142,31.859682824110163
103.73024127590907,31.91184146682684
103.77050601001706,31.820711889419982
103.726326848826,31.843449064248446
103.77875903616328,31.872587603129666
103.8365014089479,31.81268084112347
103.76871687720292,31.93025395128774
103.78607464145095,31.90753152548054
103.77900854178104,31.819245163029716
103.7667046831069,31.857159072793575
103.69873045272416,31.847864098108314
103.74183354947263,31.806371134269614
103.70460045279373,31.854476610599637
103.79992593499905,31.874492860034877
103.77503910446472,31.88905696389037
103.7592906398243,31.836933567505074
103.72355236018602,31.912195667103592
103.7257081458672,31.886948349420592
103.87057496984669,31.89813254774215
103.90619544067481,31.791016613432703
103.75103436274911,31.825542328003053
103.80328224749196,31.883838061135094
103.81933557661753,31.87270241643186
103.85892776268194,31.91508175867256
103.89188709167242,31.83295928603122
103.92818409480576,31.973886360485
103.98082399037362,31.881420040181396
103.98220330783832,31.98619850786297
103.96672266790344,31.929949173915713
103.99127701165703,31.949881106995623
103.99982265064527,31.931752403762342
103.97227353912928,31.851550151253804
103.98468722359827,31.86741457357291
103.93828890604695,32.09868304007689
104.0129807410814,32.04966784562778
103.91800668397822,32.049270734124505
103.85011575338795,32.00248543459791
103.8387458043008,31.984587213029855
103.94900398691124,31.941017279205003
103.94900398691124,31.941017279205003
103.95347376935197,31.859154739592103
104.00117063146057,31.86975018433641
103.93444997483685,31.830652178245494
103.9147385577081,31.923237222505776
103.98454252655189,31.98767176152823
104.05268025960224,32.116307037678
104.06851667127117,32.298059847729775
104.07568138712847,32.25985723232235
104.01531301166028,32.259367829358546
104.03464474030896,32.252866365113086
103.84932159363149,32.25648567426987
103.8285321307685,32.30343781032724
103.90342740144101,32.17422977749543
103.88473374687753,32.23751619638585
103.97386126736257,32.199964768953514
103.96627154800926,32.208121409513886
103.94011191624114,32.281033790666385
103.9427057027527,32.26703961160976
103.92328193138447,32.16384007831275
103.88305379822695,32.20107344874677
103.90798275308846,32.22313654243185
103.95516698330195,32.263293348016816
103.9628135821798,32.21093515996691
103.88213341488574,32.10534861056578
104.06617401341727,32.24093779010895
104.04690706610839,32.234200906449594
103.97106501771339,32.235168017603264
104.02279628249786,32.18654191138526
104.00153729832124,32.146138261377544
104.01200361121226,32.153929864543464
103.97160373538291,32.183991150565554
103.92510886769249,32.166627378848744
104.01256909690326,32.166581234460935
104.08609232201653,32.2540230478684
103.9365995118142,32.30540751838513
103.89436825347207,32.33206096938873
104.00068681971322,32.29910467538398
103.98850774556648,32.33351136629619
104.23953511737568,32.34412874242153
104.24029844496562,32.32358564077028
104.26715626614796,32.33349970587416
104.26519274934107,32.31561007663087
104.24410909461541,32.29066890507947
104.27861761636537,32.206370370817794
104.25756185538332,32.24956554583525
104.26121712699333,32.33002739790486
104.0870872021229,32.22332683266266
104.06080128526514,32.1672025431993
104.07671739607066,32.29699750924823
103.9457480232697,32.244128687938264
103.94822080826488,32.28651067423305
103.98932462377002,32.27409770156341
104.1124474668035,32.21574068457681
104.05308456441966,32.27321267598035
104.04057582190848,32.25349671357723
104.05687648450328,32.227782579828094
104.01845831219863,32.1752745955923
103.98297260924446,32.12066127853685
104.07416350502125,32.1466702756986
104.02152341628934,32.17980429068693
104.09190279811278,32.091405585404054
104.08241713157506,32.11610374327919
104.03744458991764,32.140641497057274
104.09734756087235,32.19503258180867
104.17656370105689,32.17942657892949
104.13635044125684,32.156843130515256
104.18105502534617,32.196197916137805
104.2267265421779,32.19511159749133
104.31190938793274,32.04659043739506
104.34936211802447,32.12148461662357
104.42214121144949,32.103677015254966
104.45129376436402,32.05578670802025
104.45803788075142,32.068086370131645
104.45238908159844,32.06796579957338
104.4302099800368,32.10369244640689
104.43968559682381,32.06250450761591
104.449518453659,32.08919207586314
104.42519527039369,32.07951885266056
104.3571802420085,32.04744409807552
104.43382378828228,32.06582721655315
104.45309808707209,32.09487051471555
104.36217153013654,32.081656109161266
104.45259697040102,32.12774830874001
104.45922610443824,32.07705594796052
104.45748275355112,32.08772200013954
104.45254183917365,32.13175447633257
104.38549227744532,32.12951647581078
104.37470322655464,32.09528677426855
104.43237139475984,32.070381290198945
104.40432856953935,32.067784537939964
104.4057492048348,32.08763997529956
104.45965312124952,32.10303735955806
104.44927706599732,32.09265175605501
104.34304244648241,32.14976222998027
104.28298489678437,32.11552350782658
104.21517817769778,32.07904132629359
104.22777082796362,32.08105945439708
104.29559848687131,32.07608679919609
104.35754181835588,32.15995668650662
104.41131515591906,32.079507230306184
104.41837755994155,32.128642416694724
104.43411840225437,32.07736257860555
104.34935453007765,32.09988383184453
104.3579652689915,32.15550054930907
104.35681233724974,32.165651271312946
104.27304616531852,32.10691198570743
104.24670974192048,32.10251650747361
104.20941731028951,32.0955551413201
104.30369671720703,32.03938391171311
104.20264696278154,32.15720656564501
104.23463354912415,32.158286258612925
104.25053678233623,32.264645696820764
104.0737438554629,32.44393788798341
104.04460829507971,32.44334157469325
104.04420737260544,32.386565930642305
103.9909423789271,32.33251028045514
104.04030777587553,32.292562410512836
103.94348255365638,32.331854965426125
103.98433604854412,32.35761357470926
103.9350375477879,32.38638133509813
103.9151329336854,32.36091352072258
103.81920627285166,32.29499740007539
103.87999761155874,32.332078186312955
103.83239794490203,32.3990304464329
103.83862319055737,32.41175417580571
103.8932505796115,32.585769233886055
103.94534977122572,32.56963165641121
103.87692289913389,32.68467966639964
103.85413111488953,32.62522116776394
103.86947104811118,32.583122892442184
103.83909676679102,32.61679818014457
103.81278315544428,32.54262198200289
103.8115350559493,32.53917381096465
103.91791141393092,32.62677852181725
103.95514692954653,32.641752914244414
103.89758596413117,32.57069860728468
103.88506708332976,32.619734835064605
103.94779335372111,32.4213758385099
103.9375808673165,32.34446205233063
104.00021270637926,32.38290598351333
104.0242231711828,32.39427528751849
103.94421731357507,32.41726128426727
103.96838309731392,32.40681679391755
104.03255953864098,32.34983437225862
104.17410055195319,32.312274087101315
104.0852935881615,32.359826795927255
104.11610337229207,32.38283854325351
104.0318125126617,32.41676503574776
104.02060823486073,32.45520373841909
103.92322722556239,32.4373147126912
104.03503583756167,32.40925655333676
103.89833689463764,32.41098547134205
103.89833689463764,32.41098547134205
103.84535464059684,32.44214981852098
103.85625036075666,32.52577019193036
103.9336096748343,32.619285674888154
103.85325590892316,32.64779645653272
103.87643509597964,32.63612722818731
104.06653874759158,32.58394569769666
104.15871011827083,32.5887639457429
104.15026338921908,32.62043105308802
104.15732205081501,32.56610003033641
104.0191682899062,32.463293860540624
104.02090679320644,32.37139170004797
104.07732933460738,32.37613733378591
104.17238079202693,32.34013592200739
104.22649534621867,32.30876389170413
104.19213235990861,32.30693307233822
103.99300891372967,32.27637208765253
103.98935743779168,32.26697168172246
103.94782913707482,32.20810363940675
103.88036033873377,32.14288852735086
103.76371274138579,32.07316617868577
103.75235221856146,32.121042326409686
103.740933868421,32.00922165174983
103.75671020871069,32.03690922358998
103.72385662249889,32.017357225029656
103.72556918553384,31.975740134487634
103.73003743428572,31.94495193913156
103.68196908566281,31.926677842619707
103.85484844013445,31.979105604538244
103.95486612462767,32.020711396398916
103.96819345933275,32.06028233398047
103.92542753480659,32.10354372825084
103.93425453871826,32.18200652305333
103.88250245908982,32.08978534928432
103.9162640148091,32.17537715822448
103.93040853679999,32.337620948791496
104.00525979163953,32.32677665702802
104.03072619282868,32.36706940958047
103.94012655132838,32.30496154335094
103.92529900999178,32.25283058772887
103.8742653280837,32.30853725628997
103.82760311847136,32.495373800330746
103.87996558201218,32.514203565269206
104.00426839701623,32.515331852393324
103.96192318582591,32.51169407651082
103.95544655615855,32.61775714550255
103.91936979949703,32.57227464155668
103.96660216310967,32.565676536592974
103.96336025781342,32.5117950943928
104.02121570012149,32.52973366555105
104.08612544410752,32.49046926203718
104.14091764068965,32.46263632450322
104.02956937723972,32.290882602025476
103.98031492248974,32.19931164065364
103.81161070344811,32.25594279314901
103.96505343953375,32.27759620126159
103.88714515812967,32.22609681556638
103.83910783509567,32.19469388443362
103.91967746890028,32.20164680895149
103.93355679967483,32.17787747446984
104.05135041456478,32.2136290039534
104.03690815739445,32.20152437193168
103.86638249430256,32.19188609662596
103.83762429692321,32.22703730218081
103.88152646250361,32.28061161090588
103.86651308063153,32.41029180047031
103.85269716901624,32.41706272828921
103.84191213891121,32.43482719017412
103.89448390125708,32.46162922714644
103.9684008793955,32.46928456305999
103.86437249796354,32.47755334046875
103.84393873668084,32.427234625308
103.85249473158672,32.39672354592176
103.86624664522421,32.3982900997413
103.89228301005905,32.44986012314825
103.93591981520221,32.52037730047112
103.94730113447785,32.52914039304534
103.86532622592426,32.5777667553901
103.82447646180499,32.652382380815574
103.83705406179051,32.6505467592759
103.95113077497942,32.637454472695474
104.00560257033385,32.58409086961687
104.06836341814106,32.59958211584514
104.07986166365308,32.58994792108906
104.0416388700461,32.59562448835404
104.18081481829202,32.729707908335286
104.20475174446351,32.74260090751634
104.1506752792672,32.775071567502806
104.21028993642021,32.76072639094098
104.30261497509068,32.71716759455715
104.32897233441726,32.82356298253682
104.34002704239187,32.75403021603493
104.44244992567295,32.694997817430064
104.4940890215904,32.66991059202925
104.46631710101312,32.73203705430698
104.3215943150776,32.66555135995806
104.26779760223495,32.60026363462258
104.35962599814788,32.55572621120797
104.23363258199255,32.5717418084515
104.23901144002289,32.575383176211155
104.19966880482886,32.687433786467224
104.1964618360816,32.72045527649992
104.2561910972111,32.71002314794708
104.18407856022966,32.7268310460823
104.2184664560019,32.59096631603976
104.26628654993026,32.59373995651436
104.2319474226121,32.59477846086388
104.26845334836017,32.5594211212221
104.32696537961107,32.512461490548745
104.3243318689382,32.537685863815724
104.34722923177713,32.662453869958
104.31131326258935,32.77203304756788
104.23387357958732,32.79062888477342
104.1565132401956,32.759417849182086
104.06363142283392,32.65328727610936
103.96418292435112,32.647341688391215
103.95088518098386,32.46424734455152
103.85868978299884,32.51019159806309
103.79465087112628,32.58853953288396
103.82397641709446,32.576555651528494
103.80484447661587,32.562055800199715
103.85412184292521,32.54793798386822
103.84276478408869,32.56201869529016
103.86483988309394,32.44388702799408
103.82902614405856,32.46354880845216
103.92280111495153,32.47138707953859
104.03593862244934,32.49119062723651
104.05939137530945,32.51142867207545
104.08289032159244,32.43847869398902
104.05375852883478,32.456509998906746
104.07539275984072,32.48706475400831
104.0277589416136,32.48760475301793
103.94926687047298,32.47801623135278
104.04657004091186,32.44499775278044
104.07752418712238,32.277924049134185
104.00503458564732,32.26601636249757
104.1388804142061,32.25720676378004
104.13932386821939,32.2998901431573
104.33015002213855,32.26850131592757
104.33944560496218,32.23604429098769
104.38631249857974,32.279029223745574
104.39812415340877,32.329389833400526
104.40909314882838,32.275175279311114
104.36590131738568,32.285146111692434
104.30887441624652,32.27624559635618
104.14530893477563,32.29509532624551
104.10188533264423,32.25104414292394
104.13931370184058,32.15455601593829
104.02760007514686,32.288807438210654
104.03828458505997,32.33159068531004
104.00674269699302,32.404498507673445
104.08547344534763,32.429652515121035
104.14621709629118,32.38388460011491
104.11297784667399,32.40150561052466
104.15000025094615,32.46660995451052
104.01939955529495,32.586824293766526
104.01964499244508,32.710895892061416
103.9532389762386,32.75130832629253
103.94508574795421,32.71371843665708
104.02105283108571,32.64722525597399
104.00689691073478,32.62470231545185
104.14184302637737,32.526190172926555
104.12362520087996,32.552703880925364
104.01864767663787,32.42164952215427
104.00639863313384,32.41651772893957
103.97198357840404,32.491307478459014
104.07572313135852,32.54015701616076
104.04011752284926,32.495992435155074
104.18245512128951,32.348114336133584
104.1449007207452,32.435601269152755
104.10707741864867,32.50259801065958
103.96046761592174,32.384054729255176
103.98742752780117,32.50367350228661
104.03340778943907,32.4145725956442
103.96502417286453,32.444591454576894
104.06384747211386,32.40588902219865
104.03287526719032,32.437704682480714
104.02969214593632,32.40676601904645
103.98987331932088,32.30748056491739
104.06864817616862,32.35187420503454
104.0866879593211,32.28637739981642
104.03213320127504,32.187767821167505
104.07644079178998,32.20384894946189
104.03872552550385,32.127286487133645
104.00594690523042,32.157015347836115
103.9795658506658,32.3140674219451
103.94531075809498,32.26019798275281
103.83139624579161,32.245731814792066
103.95838711064066,32.281805770966976
104.0103058004607,32.207414373375705
104.00207895088018,32.1666760536716
104.00574846101482,32.15349338599024
103.9323561156682,32.20772073248677
103.85540651460909,32.22503650761601
103.93298843255148,32.234372593578954
103.93298843255148,32.234372593578954
103.89605406978826,32.12917216551768
103.92666740882726,32.108406912879836
104.00054660063529,32.0332437008705
104.02813521744665,31.98750760894919
104.03706744729165,31.947611024703775
104.02976459701897,31.926373403305384
104.04935571729158,31.975352999746278
104.0613729984052,32.03737111791739
104.03232020870496,32.1313713858844
103.94545278554429,32.05105209884557
103.92313505088192,31.9729159426106
103.84857585850108,32.07005532678213
103.804968515012,32.00732224598161
103.86248565111444,31.83580253453032
103.91903145980902,31.805443013920634
103.84022357951847,31.769170653147285
103.85476050540306,31.86270029714021
103.89153072065986,31.887007515091643
103.80877071428856,32.00322289204069
103.82138605936177,32.00773209480444
103.77951960098105,32.06018605191942
103.81742927658917,32.10357087848969
103.91242723540454,31.999060748019915
103.84712467770517,32.1077092614273
103.82408209273365,32.11325608527405
103.92746283248161,32.1125852338654
103.89544382601176,32.17055123314592
103.8299972726298,32.07080346751635
103.87530874767168,32.134180740928635
103.8234607597256,32.02808228876094
103.91683232883831,31.9034122645753
103.71154223697107,31.969081341806614
103.67720594461282,31.958361468282128
103.68469978516084,31.92951172963052
103.8545869314194,31.917573683466603
103.93113154084197,32.07481143834067
103.96975234302715,32.10348373551835
104.02989458761373,32.15679763247751
104.0591067770967,32.153680304331246
104.09263372557491,32.02997872608702
104.07862597459572,32.03059257933399
104.07156212167537,32.096201319263066
104.08782426305739,32.06215637187251
104.0945084339915,32.04350678661235
104.06737870811781,32.114973992987395
104.06737870811781,32.114973992987395
104.1035020286038,32.20371414607394
104.1025625422049,32.255501567306446
104.03536627710989,32.42924265953746
104.08745789124394,32.46182418980644
104.115260384675,32.46570040135821
104.14374077229819,32.45153516568793
104.1163083068733,32.392971852724195
104.15729329525041,32.394561327541425
104.12586144959484,32.42347213956375
103.9966814290548,32.34238963540504
104.02884149714765,32.271700799725565
104.0058295841531,32.16777152075646
103.99308146121267,32.18669753060687
104.06343223614509,32.170398630848716
104.17417624860471,32.187246626254385
104.27527435301839,32.28321831327635
104.27435469226816,32.22660590129892
104.1894662210599,32.13558010278505
104.22450789674889,32.19889397838029
104.17855614972143,32.34185350726937
104.16530789531384,32.4416856478228
104.16236707523255,32.37504701367688
104.12671952250406,32.45018170053051
104.14997773825198,32.53044782350911
104.11515099474737,32.450671928459286
104.11713630526846,32.35670115120167
104.11695724865177,32.17516371329785
102.55051108837067,30.521919769464848
102.48800943935946,30.417774024721105
102.47614345057782,30.29315518116755
102.43768992977635,30.29922035021915
102.45018627655834,30.267215846041857
102.47322546637902,30.259982876693794
102.50696128714735,30.33105568411673
102.47006544504895,30.307992311330068
102.62932778035437,30.430883020532455
102.68528324951104,30.500747960372212
102.55121522863,30.503297904403528
102.53161252374082,30.44458207271526
102.53675823394448,30.45251381976664
102.57856168978624,30.554112670704733
102.54701752723781,30.484125967800278
102.43200426821068,30.50703756463868
102.43747245522073,30.45509840191899
102.42469325910544,30.337651177705805
102.45065751230042,30.31708203025303
102.43069933641775,30.34779734237307
102.46406794928754,30.226368661312964
102.44846155674557,30.129986416983318
102.50136932553826,30.149297818880875
102.47784532915115,30.143181047244042
102.47147340590875,30.12687553126391
102.47975072573603,30.066624015878418
102.55756469722266,30.063750809448315
102.5154203988495,30.02622032070568
102.58744505035699,30.074697157624662
102.49215680893708,30.21832749437221
102.50883544500518,30.051422287663645
102.28063418362467,30.088692487450015
102.33783133059818,30.097075272834996
102.32397791477305,30.18155248364451
102.32922655511106,30.16927465874918
102.39241745311955,30.17207995505321
102.34124719203973,30.123530131376818
102.32939901970056,30.111804979426946
102.30548362002492,30.093100092347395
102.3059571740708,30.115175111758795
102.34990351985236,30.201788878204972
102.37623901663426,30.138041732447046
102.3688147126628,30.113421000923047
102.32827375582818,30.135308403389942
102.29227775141916,30.11718663964368
102.28078420090604,30.05645200859991
102.3148400279606,29.86178703927741
102.32214280331428,29.862905057316777
102.35016046965646,29.81087372793181
102.45784701856198,29.839850611092245
102.52707032755103,29.994404802996073
102.46360889968032,29.968088799734897
102.48158427007395,29.905868176150655
102.45190080418665,29.981494045492298
102.442436967928,30.088975008040162
102.36817338681504,30.182482777835023
102.33255604869048,30.120229819566564
102.3161419613199,30.163324196687174
102.49808081128111,30.235932230874152
102.5726822025971,30.214991474000858
102.60567076643298,30.12488795526839
102.48835773039474,30.13344715746851
102.3750789082227,30.20408567589818
102.4320434372802,30.164026621258355
102.47536573495574,30.1545456252862
102.44965979986337,30.14091161103708
102.33531824386577,30.17901963543423
102.34198169573307,30.074221896670505
102.30108045745214,30.088155670301855
102.306929883501,30.037683917685865
102.37142448821109,30.025374005690033
102.40667964951017,29.912522668852663
102.33764769116418,29.876258023717774
102.34638152439015,29.833540541267567
102.46319450784469,29.73193011450519
102.40748373798857,29.731035980356328
102.43049509088377,29.76936381020343
102.52648356250417,29.692880521553462
102.67006394857485,29.724396560231682
102.65692961006684,29.65039269635752
102.68154799783842,29.607267580752584
102.69694266390357,29.63266387225453
102.61272169378191,29.68542277418729
102.62380137261998,29.72129292076037
102.54725399284182,29.676934813574306
102.6119302555009,29.705483062673416
102.56280946309728,29.657002881010918
102.57417145304629,29.662875711647143
102.62018852691274,29.742831761184767
102.53009019753938,29.722656066155178
102.53305283787869,29.698830709030243
102.43618904362205,29.717449654164497
102.44473877607466,29.790827304303892
102.44510210113745,29.770599418588716
102.3955647247377,29.768070902763885
102.39746098368853,29.767965782277813
102.4273609305635,29.70538098340199
102.46989813464303,29.74422181231168
102.51027451669864,29.67442201333496
102.50480968568213,29.679367861283485
102.58219658566237,29.69306414556287
102.65964865501607,29.726668663323377
102.59669378337095,29.7039859791524
102.53023658073101,29.73687052584247
102.58985089708477,29.712440737447864
102.49809132141007,29.69701252803695
102.5249322516177,29.698257668578353
102.5751700942768,29.65968712565065
102.6023224655156,29.665794683493306
102.56543187926754,29.699140988334364
102.59366521387153,29.7187992090203
102.57199856005758,29.701745893634037
102.57489270677742,29.843452450049302
102.54631836725244,29.805816528098596
102.54209425368404,29.733764210923354
102.502095285126,29.696785132363065
102.54873847443832,29.737597953862117
102.50140737203596,29.785288507831407
102.39704962730636,29.76809574126074
102.41639078067637,29.783242685737566
102.48858001028424,29.732051316311768
102.54025850155809,29.690749646306827
102.49029756694637,29.70461853181746
102.56808883454786,29.732424878282952
102.52249554631156,29.75528028480537
102.51806284686897,29.85441709117136
102.33242802806372,29.8113996673167
102.39794413321785,29.859899599653264
102.53045096985674,29.893678521607338
102.56316122720575,29.84732432232298
102.47324377345363,29.868584070881653
102.5445969018828,29.832700892656167
102.5443485210619,29.890002804885004
102.47488475439042,29.944433564597123
102.51678384176464,29.995512553516978
102.42919461986737,30.04542488478465
102.47185757971869,30.08443923406414
102.4798724559352,29.944058742007964
102.56095970240865,29.860484915463307
102.44141062847244,29.86030930657415
102.44841121947132,29.775722039837998
102.38579973986153,29.737924313255732
102.33418902353895,29.735952349565938
102.4053109966406,29.718839320478466
102.48209111183834,29.741195368919815
102.51171852631266,29.7763654021548
102.34050903335186,29.816340588600433
102.41223921004614,29.846624359300712
102.41106624908876,29.74548262354415
102.37714943082256,29.751439591782137
102.3887964907647,29.715982078604522
102.3940672961867,29.774359747825113
102.36724970531412,29.855422961154222
102.33582775642692,29.860672446678112
102.41047793739371,29.792155896803752
102.40538112236935,29.820058704914434
102.41686861847256,29.739758108379668
102.4334441250496,29.750795460587632
102.43601504995007,29.74192218576837
102.47906884774028,29.86377528304184
102.54882935403973,29.84218084805097
102.49613335199115,29.93583469141117
102.6572264731627,29.974954551379337
102.67195376392765,29.99529259024795
102.58097894010027,29.97199073438738
102.59401264607145,29.990626511356105
102.66986647491655,29.931963514557484
102.59557394214112,29.95890182758243
102.57296671591106,29.987027013335616
102.54452081303869,30.088022557398816
102.54862945769108,30.189582177433092
102.65670619673816,30.28540307073144
102.71166153444942,30.300001931237524
102.66697896587873,30.265330680476527
102.62039334417035,30.27431813418433
102.7507257856733,30.34892338769616
102.73892593886505,30.318556372578755
102.71534887247931,30.333242795378
102.72776944773568,30.18225418511445
102.74653633880985,30.261481643100616
102.73690678119284,30.278180749585736
102.70328521246415,30.321696757150526
102.66087505757775,30.218445721919704
102.66666626469562,30.19349098440028
102.60399844667313,30.22597431393847
102.50295285531979,30.212502615879384
102.42165648061298,30.028909712413476
102.43953716217422,29.967251728876814
102.55890483352857,30.14920832990227
102.53672539920204,30.137876862804994
102.53792707311752,30.056724825421767
102.40544108217905,29.984795639796886
102.42914004695558,30.09634611357826
102.60694631968775,30.360637013569175
102.56357993409084,30.363537122179835
102.56248949435262,30.42105377053609
102.549416673827,30.418316783032214
102.52647738299312,30.29317959153767
102.48030174936744,30.395339434797403
102.48536757225159,30.359847423132965
102.50245255959453,30.416428212345775
102.51559958990298,30.368319161743504
102.5455853861296,30.40840721274758
102.46737866541623,30.388275365067564
102.49860691755788,30.29903635643189
102.4975351678226,30.299312999413388
102.63289885119185,30.18152876125083
102.55322561345719,30.1070821013349
102.52397559578509,30.193785160420674
102.56083594182319,30.121472373361545
102.60323248412817,30.21802874220139
102.50385403580468,30.21344919523727
102.47735177010627,30.181861577199857
102.49640460411311,30.278920055285877
102.5082557205585,30.22949893586089
102.59150692832492,30.143282858355654
102.60000963813364,30.09684336349235
102.63199461840742,30.215908154955486
102.63333487965072,30.158881345976074
102.54139232895999,30.23696126438689
102.53135607012729,30.34086143458289
102.57160287055629,30.354400101889222
102.45446602290941,30.324963774316654
102.57346379106242,30.35187006723355
102.60860044827702,30.371306681973724
102.55018998455506,30.330690414300108
102.58604931579596,30.392654250499433
102.4703630918755,30.519020693781794
102.45407747533204,30.50918792585946
102.45596625918253,30.51821249181971
102.43204919652045,30.467810730434348
102.49817957036237,30.405943458655702
102.47411769597282,30.354815695462502
102.5399199520144,30.35604780228671
102.63745888609039,30.40850874972003
102.63632297217296,30.369258825330938
102.63964690995067,30.344220171939803
102.6457980131845,30.366526353937473
102.71619302491048,30.276400915201883
102.60875860846448,30.319151404350254
102.6527889058559,30.292302354112906
102.65316886787336,30.34653304419469
102.74041589277671,30.331211194327064
102.67651353528962,30.296278509759244
102.69047399555286,30.237146842090063
102.63169949909201,30.308854450310267
102.6508741322232,30.259598150258093
102.54252144899367,30.294353734696326
102.58160590603768,30.23193717412308
102.71671526002434,30.260721435404836
102.68999983899812,30.273937632632695
102.66794754994702,30.1843129003598
102.64539911747538,30.23300338691733
102.64197026627765,30.205774793625768
102.58656105065766,30.239831726944924
102.72787718248803,30.211178421413397
102.65534535058907,30.232780171267134
102.6025889245656,30.288303735557367
102.59914732849776,30.217304208228402
102.67325591529057,30.2693478015387
102.71032755335075,30.19474788105167
102.77226582798698,30.20924234470607
102.72585135136752,30.295278146734226
102.7404978226127,30.3093594081052
102.77755744368386,30.20694358991583
102.69309091824135,30.195382542393023
102.64256497438286,30.35035332620028
102.57007642017119,30.281217550155755
102.53382779105267,30.25092492876138
102.64614333617395,30.161392759246425
102.62577114700079,30.138900361615573
102.56308432270288,30.19468742283872
102.61674205780335,30.21061382000125
102.56288307714858,30.192542275006215
102.60626949610514,30.21651283613088
102.71573226695232,30.235553016013377
102.7374107757046,30.176764479829693
102.73903718861281,30.18078008429912
102.77255249752426,30.19111675684556
102.72551997393268,30.208578072996186
102.72258076771817,30.182658516909306
102.55157219565534,30.220768450396648
102.52988551800078,30.111328134222827
102.5188220278816,30.063081506513974
102.5050620118053,30.017925845588074
102.44388760402704,29.87216811695242
102.44879059059429,29.877834726125624
102.50823984124348,29.978896709312806
102.50765053934535,29.943044229637806
102.46522516064684,29.9847102895895
102.53636966443139,29.980365192928293
102.49340443229066,29.96837875550594
102.41460715425457,29.95096437987883
102.41890766381698,29.92446596892066
102.44543475737623,29.919542478638157
102.4349358255716,29.977716082219168
102.44570581296674,30.023407339521615
102.43455007431064,30.116931007675674
102.46170098470586,30.199190375829335
102.48864243924352,30.0878489343874
102.550120406212,30.10023239125276
102.51062862025918,30.122527370461544
102.4926978179224,30.146420405092517
102.50697882505978,30.028280698425174
102.39322494525206,29.937248719489908
102.36186759342456,29.89096027929876
102.36656422926515,29.891392531229503
102.52739359488548,29.735453109213402
102.50528724737981,29.742686226327752
102.44713185016283,29.763282187535097
102.52576699608296,29.702174114867738
102.57850751351152,29.670349428254195
102.52930856527352,29.691458595871385
102.59155820320959,29.68474549845933
102.66939042927409,29.72742820544885
102.66003579823774,29.62159654161454
102.67921002586927,29.65250306541456
102.53718127587452,29.733617266442018
102.56519973489537,29.67092523749568
102.56081684884516,29.683340539628592
102.50990362256594,29.726064081663882
102.40303233325018,29.738990009216565
102.42958581970053,29.78035740382585
102.43209267521415,29.85530017418797
102.4511868147491,29.81737094746038
102.36837901134842,29.828574583846397
102.47519810460223,29.956011207860833
102.3819054187112,29.973406684113822
102.34446299389519,30.027960868904565
102.40744797086127,30.043601080287964
102.41551480731049,30.037309371072077
102.36730770899284,30.02215320282574
102.41279110476141,30.080599241543982
102.44117622094632,30.221096954883365
102.43589809391418,30.370951397927435
102.43511048021149,30.179592865022396
102.5043357528672,30.278181136997713
102.62699576058294,30.257593619501392
102.66934861123438,30.32327384836632
102.55417603742778,30.26309241728874
102.54205569048867,30.225230510333898
102.49656813593653,30.176080850566404
102.51626378387793,30.204582216815368
102.44371973119097,30.287941496351472
102.4216306500386,30.25058155802149
102.41176557177626,30.233312527776917
102.38743644718889,30.226074084895227
102.34201727883463,30.133609798738554
102.36827729876255,30.151940690017305
102.39526438193717,30.16997112151455
102.31668027710782,30.078900841288462
102.28171731013433,30.082698746619027
102.29352371946132,30.10841144204891
102.32918060846028,30.08520945329418
102.33958337493405,29.987300189657642
102.35180885815433,29.93522588821368
102.30390736164692,29.926126440207284
102.37044654263805,29.930651178876182
102.42478681609589,29.99457502433299
102.330138756816,29.99453360251393
102.3319569513373,29.956391731537668
102.32954057754233,30.02027473849169
102.36190611960737,30.03301544004643
102.2914138101399,30.05962080851011
102.28751769016705,30.015240025936144
102.28887015126244,30.035370305436302
102.32345330137211,30.049230831128785
102.32887183035626,30.11393565480996
102.51508474425185,30.116705323310946
102.38618574768884,30.024647894740003
102.41852241672737,30.078164595685735
102.41306833566762,29.77716240511371
102.36100474748724,29.784560552323615
102.40385053752276,29.903244775635727
102.38339036721429,29.858315657290113
102.43509351215856,29.810668195976373
102.42869348314049,29.743365437955237
102.36365653078282,29.756326550342262
102.39923873943803,29.782805333674062
102.34256583299853,29.809826070834735
102.48512657558658,29.74316311242844
102.58272425545988,29.72190741338098
102.63724428590204,29.65785854359397
102.60180499262289,29.684430137936303
102.59153789902838,29.678923008598254
102.6044093304954,29.688823996229186
102.6116243470699,29.689646726482888
102.64838898234535,29.673580114040696
102.5340046454535,29.72240963414254
102.54544881479727,29.736511084004587
102.56691508563237,29.727117712007647
102.51770141535435,29.71779711489557
102.52420108346597,29.750708295599015
102.51312606206409,29.767148474618462
102.56833598857817,29.830443363959915
102.56240368626214,29.80349917183264
102.58879485048195,29.826239690743567
102.59677881079973,29.846715771516216
102.51131918576093,29.88691472293025
102.60441962075011,29.86055057258214
102.53965783043148,29.804159008768263
102.54765926248686,29.832665770086628
102.58794438444012,29.831452299540373
102.56945216148208,29.898792458218693
102.54292800815745,29.927941592173248
102.49000376677454,29.962087718777294
102.34601217431887,29.94363636515206
102.35292863137285,29.976781319274497
102.31430164864385,29.94205136882037
102.29870274304956,29.922072610801052
102.29160220583995,29.904376958442587
102.45783689189913,29.88725598679878
102.43261614541925,29.83458753126614
102.44958124482312,29.822126715701085
102.45986901182724,29.8256984144257
102.34732123032035,29.792528774201084
102.31836541709707,29.931005508937883
102.29842377852664,29.860867910427885
102.35204004735184,29.921444935821672
102.36783742335265,30.01048809735673
102.39487739339306,30.130251243989253
102.47238705188033,30.03173927379497
102.39264746196291,30.08267810033569
102.38794101792618,30.039915678927127
102.34907978113165,30.08790302059913
102.39557852107836,30.076177598217082
102.39585362343597,30.093931280436912
102.51208868385402,30.0526965951339
102.56962349335127,30.092831093390448
102.52475023751943,30.092278152484496
102.49678728589575,30.063244369629306
102.49973205546137,30.021372951913172
102.54313926629239,30.095918178491658
102.62336131479218,30.174599273940874
102.57366979330341,30.16526169024497
102.45692856079532,30.109176491743924
102.43505539883685,30.042660198299885
102.43387650088088,30.02899182514852
102.41318959382484,30.01936097061966
102.44148826410252,29.95883742475039
102.67972820247573,29.966716324518803
102.67816540784871,29.945954741923444
102.62997351968973,29.9859680076927
102.60703913317806,29.93771987567505
102.56781250807907,29.975906739341863
102.55052726933602,29.94458224322681
102.63037128750003,29.983526429755617
102.57127010775918,29.943559880026285
102.58522650178983,29.952078008229357
102.59471002983412,29.88343388600031
102.54450463103603,29.853779585351944
102.5910079473838,29.831426219851284
102.48066605147417,29.97402970878673
102.44612509226567,29.955180699579415
102.39063115440459,29.940310521407124
102.44860770373332,29.9700176958344
102.42284657313945,30.06426129525386
102.31346243798887,30.01743398022311
102.37409679644335,29.9888212243334
102.45670125990526,29.985561830519806
102.40632648607352,29.96986686898174
102.47204850143835,29.993047241105785
102.56885926011932,30.07998388598954
102.58981270837938,30.07241696013307
102.60115286169157,30.14076813292748
102.5229584237006,30.149533640698817
102.53584847014594,30.2160661130588
102.55992614209465,30.239098007776793
102.59295485709696,30.307938894970956
102.61051529381449,30.391847202336212
102.58996254653539,30.3698530999456
102.7472509408753,30.351954519757786
102.75331078712792,30.213004457325695
102.71298216948172,30.25802947439204
102.74666376385478,30.319456382447115
102.73628023229715,30.25457657687783
102.72791717440329,30.3139614358321
102.75698508993771,30.273541657604728
102.74735774840953,30.258714243011134
102.74906364450608,30.2923788184984
102.74581318362836,30.31462123126436
102.71068787727803,30.302393706132012
102.61341475639384,30.289225844449156
102.60471170787565,30.242845280887966
102.71993430043642,30.24359489575169
102.67942496092128,30.230609502439062
102.61234203380377,30.343088750421224
102.66806922687795,30.308327373075343
102.64521824298585,30.331000097850424
102.63471029866685,30.34716748726014
102.57896503322743,30.242369292883783
102.61276766089854,30.184467848789858
102.52687348494325,30.283110744714975
102.60058309550902,30.230954619264452
102.62839871205887,30.26780565781008
102.54626545002283,30.388565492750214
102.56055699844973,30.45152470800214
102.63670913453433,30.368702618949552
102.54845870218362,30.334470676981244
102.47269815851894,30.342828835678752
102.51053464254535,30.36391927237706
102.4406439457784,30.395975265492023
102.52205118109774,30.43576250189151
102.47835758767013,30.488699013873482
102.44626480668903,30.50411713348521
102.46429511986686,30.456477212200138
102.5930928081224,30.581872733505154
102.641887742875,30.442308180065915
102.49977971768233,30.329628472007858
102.47156577324012,30.322968705080836
102.52273285557352,30.360186858518524
102.5211827977065,30.35247708168624
102.53342220446734,30.3317429438417
102.51626746596527,30.279393757281866
102.5575024223942,30.332012942694327
102.6921186444562,30.298812253593766
102.73502925702837,30.29377139028147
102.72778164571804,30.342952701535445
102.64420250723443,30.414458010140883
102.71205397431129,30.333079539278376
102.71730073582494,30.34965054755146
102.52793985258943,30.258734765213152
102.47392671642646,30.231938351310177
102.4651215624723,30.395575737127025
102.41908789057344,30.30537019673251
102.42321521655215,30.3054644927819
102.45184537486877,30.316400109775852
102.42711096996631,30.26599933653746
102.50914732996831,30.24907996336068
102.3701392137654,30.210265175642725
102.36982733976791,30.226063482613075
102.36786243792932,30.200011529502063
102.54106059885605,30.307766839787526
102.47650838217965,30.3244063361744
102.47962351280913,30.35282933983355
102.43002053189473,30.32673836176342
102.48416209357137,30.319041164441714
102.4296197290354,30.281842529448152
102.44498461087896,30.22965525945878
102.48057292089027,30.103526410295306
102.53814346370655,30.046785937495734
102.52126130133409,30.11692684153702
102.54486930403263,30.05868442041246
102.5689714707106,29.990583659996204
102.60263915747146,29.96645934799635
102.48296939237238,29.93259306253642
102.50997606556118,29.90329936494728
102.56643335232482,29.911126887157494
102.54042320975518,29.89806351468048
102.58486947270862,29.859367138266855
102.61082276892242,29.864006978822207
102.56824418283172,29.96184172902595
102.66495251387995,30.009137894289932
102.57266969964216,29.96638567063549
102.60769309857072,29.98147137685329
102.64026823510319,29.977192765844514
102.49541760590567,29.96100556033909
102.53137882440285,29.913980256747514
102.491059611054,29.943233607860446
102.4557733317467,29.918566696991725
102.45181423698315,29.861705235661564
102.35720055263562,29.864017307478285
102.38773849797042,29.803538601031725
102.41325568697542,29.903775959947474
102.38097809923194,29.98917658608265
102.27380208552556,30.037273477330363
102.33005915370632,30.017505475841745
102.30269025605358,29.966020302549257
102.42252785071071,30.057851099365056
102.30758457224,30.118100145689773
102.35359058008696,30.109406066248845
103.93464673826473,32.1786863768348
103.9267763467937,32.15418877577342
103.82465259097503,32.246253420707454
103.92610726629486,32.193072085321894
104.07818121201795,32.31624004083127
104.05151797614941,32.448544448123826
104.09618966792382,32.35302184208799
104.06742473120785,32.41451877383107
103.90267264029939,32.26400207522684
103.94220554726121,32.219924546063346
103.89204385077733,32.2412115517018
103.88790985867935,32.21307785962412
103.90855637145518,32.17441632510245
103.9927596433298,32.11352919007263
103.96635994189583,32.15918075691889
104.05190779958365,32.178566600124036
104.20607315176173,32.217564160559775
104.18802015222772,32.2741875501277
104.13429946154933,32.20064743851169
104.12403774452007,32.1702723918412
104.03196661267435,32.24282865248135
104.03994209714442,32.2230010338466
104.01002641786988,32.085800695172175
104.01049339775032,32.20388063099
104.00803968602975,32.184396901568675
104.02268798941637,32.24460841011097
103.95134137065178,32.22273412443372
103.83994482791161,32.20385951137992
103.86781099821927,32.2549930518977
103.82996117712113,32.31354651341611
103.81162812585221,32.3388786400628
103.84606647292338,32.34857652177648
103.84112179193626,32.39189120050304
103.97116269617021,32.433820206531735
103.92664079398462,32.39369061140028
104.02581834628535,32.433458732452905
103.94412725636835,32.34684628655005
103.97482544406384,32.326911491280285
103.96686989775453,32.31372283072341
103.96047234340372,32.375725041357526
103.99553183726545,32.40388517412633
103.99533224460053,32.48677190889637
104.08669621953399,32.4778612614286
104.02670123528527,32.559508067230695
103.95661458539868,32.51265194584098
103.93016558017166,32.57011514264648
103.89518526780108,32.58717682078003
103.97940558468699,32.60288743104599
104.04797357055018,32.57456406689967
104.05058541949488,32.47685192695774
103.94371475990577,32.64874523059414
103.94078773743341,32.69972514734074
104.06573223129193,32.626365707844634
104.06986583946757,32.64316437543046
103.98090032653423,32.65378096848668
104.02664146128231,32.69397845188117
103.95761301540118,32.60478791267542
104.01660009734168,32.574705185229625
104.09387290880453,32.49113488601933
104.12110897179022,32.41604019428213
104.16378828008746,32.3870018491909
104.16416248058204,32.29061598856115
104.17224767166745,32.2671678044753
104.0945582315965,32.257102218470436
104.06344448219983,32.4528147433287
104.07741336132221,32.3900370767569
104.18280953450572,32.30955255958772
104.20056024913755,32.35134329224154
104.27049275964602,32.33642934880619
104.20509650541905,32.33597886554498
104.20206702070736,32.258136506947075
104.14500591342747,32.28302289874125
104.21232035767542,32.33859233036681
104.11683465832205,32.26771147946661
103.95051043712336,32.2787436198571
103.94694793918194,32.26085022551851
103.96187583018178,32.35428599635744
103.98358853919812,32.32500295724316
103.94434121831621,32.24400940523918
103.9544118862989,32.136057604031436
104.06893875256462,32.029240027422475
104.08632912839397,32.093307829506465
104.03911344326404,32.111046541755854
103.96603935522154,32.09594851476551
103.96603935522154,32.09594851476551
104.06709218113122,32.064998681034204
104.09599223747662,32.03556691075634
104.08363068922493,32.19473910923825
104.14213334450638,32.22281756256519
104.28461304325309,32.21499835891323
104.29827629906464,32.22139941119535
104.29018913987595,32.16786411933385
104.23327414520696,32.18590341398131
104.2407419946692,32.12900060479816
104.21627500847157,32.09775197020628
104.26621650007769,32.104507846515375
104.27655704093772,32.24612843517645
104.33765949242915,32.262664090782636
104.33268287482157,32.21220441251627
104.30044514935624,32.186115834457524
104.29988759890772,32.18452731757845
104.33897311810574,32.18597804195879
104.32921562853028,32.0725145706055
104.30771204605755,32.08665491491885
104.30538085981252,32.114768633355986
104.34965063578632,32.06391002439289
104.29747838383756,32.162149029553014
104.34687913156193,32.148956801792394
104.30524423396221,32.07621639104578
104.27489045384847,32.11696760889006
104.32523330816547,32.11241596714078
104.28869038539516,32.07615437895761
104.34224746872924,32.233387769897796
104.27057320001867,32.109599926956385
104.19865336343497,32.14120454732402
104.21359448028483,32.13051717136546
104.2390887331714,32.192499359245105
104.22892572605947,32.083857111827655
104.31098976064345,32.07578565248197
104.24670354542376,32.13301228548918
104.25309074151583,32.20195739949488
104.0887036476812,32.16180214931647
104.11263530239115,32.20810886084587
104.03672550530284,32.395730694859594
104.03757049240285,32.34459152962866
104.04954149832868,32.335637888662795
103.96576072544309,32.352558686732706
103.94229367440686,32.34031253727049
103.99368228348202,32.34839322175001
103.87838137844987,32.347593063651885
103.98494626641201,32.28676968540312
104.04836475458377,32.227859406976854
104.04414097955802,32.22198855303577
104.03037395611523,32.17326873471014
104.10139827856777,32.180384211154106
104.11371697711782,32.26250162377295
104.15331268379308,32.357541480785244
104.17472784254983,32.37755752154863
104.06494647686264,32.37960509482636
104.09730127751554,32.36987855167119
104.04160052329864,32.27524854340306
104.0405028526441,32.36530718661782
104.07134869496888,32.40323628942505
104.0685831600267,32.553743134664856
104.1571975044134,32.55051392833198
104.20963782866676,32.668134596073216
104.10548961430273,32.582692931865516
104.2128032972079,32.644947119149066
104.19141423752413,32.60428647777582
104.2749484538655,32.63915488560454
104.4237180879975,32.52227049192388
104.41700043957515,32.49679126919087
104.43328789442216,32.53826465144416
104.414708918321,32.48981222705975
104.4695629533045,32.57182945482919
104.48410109186734,32.62008611629555
104.36662900949547,32.70005201971559
104.4409225775029,32.74159592390134
104.41238376486794,32.78413550463163
104.3150349571371,32.75812074470337
104.29964832535858,32.847671787684504
104.39601151200806,32.73468874479098
104.43889970515181,32.6661300653053
104.38521120667197,32.72448817699039
104.43376941767127,32.6542028299146
104.48550610831289,32.67981605802075
104.48954085542772,32.63147100738918
104.4334433807618,32.597914863780524
104.66651136430258,32.558864505590876
104.66826086822991,32.49022456869912
104.72837047989526,32.49412260705658
104.74637909998211,32.484812829931556
104.72436834104963,32.516172157261835
104.66154261005389,32.44507432105112
104.64128786702051,32.53944538296565
104.68788730076737,32.50885809217849
104.68265627371176,32.49419097606968
104.54806026471337,32.48633259121078
104.45980939607645,32.47581762001238
104.45353641502278,32.55435211582044
104.51663589569932,32.61809340292595
104.3917482553602,32.62440739436525
104.25097238875458,32.69407809555157
104.22576987574165,32.705273688012674
104.29087194221694,32.72430698206773
104.36874505637061,32.728958495152824
104.3065305326056,32.91055689727974
104.24379132092585,32.872351696664516
104.34086738520799,32.70811615313445
104.44501561699408,32.780642473857874
104.36353036892174,32.68098933263014
104.4008269374356,32.710226046645666
104.36132588065443,32.68739742745986
104.34176543665109,32.67236035464834
104.4210800945415,32.64057720500896
104.43408462673143,32.52343351593897
104.37399063788273,32.516546427242844
104.57409839528168,32.536906739747344
104.61744994499959,32.5634342896534
104.58247563295517,32.71001889405628
104.56563686443504,32.704797952191434
104.61336642123314,32.717421108802895
104.76179490770478,32.749625103881996
104.78580915844587,32.76639548213567
104.7891762317481,32.703051528667196
104.62306307905452,32.7228733902512
104.49524509930092,32.82657854747864
104.49851729531947,32.830305282002676
104.51051181564833,32.80336007026877
104.49530436815544,32.777346024384684
104.491987306649,32.81385846898849
104.46836037927223,32.85831893710167
104.47018695608156,32.638382814227384
104.45074099320014,32.62557998532236
104.37804042174436,32.673522712392874
104.40618065646365,32.60155610283716
104.37834939742892,32.58775998398275
104.35092697356667,32.699068384756714
104.47638358782733,32.7568515067439
104.43560569008848,32.70467553345509
104.42550243061962,32.772556018516035
104.33479090836339,32.67916155962308
104.30658073129426,32.66520226323438
104.27689341635903,32.66667384584959
104.25164454208458,32.746214140731
104.2788232710443,32.795133706522826
104.35456722792753,32.823101023800795
104.33745300880628,32.74692766340467
104.3759335023464,32.85483893963741
104.33768610444974,32.82197630373379
104.264226994033,32.8527183205236
104.28121568542562,32.818496499428996
104.34047005564639,32.776470118892526
104.42218669099967,32.75637015492938
104.49431284696914,32.75790983359206
104.42750798922728,32.72105571737703
104.3804208026584,32.76756374419337
104.31654418310278,32.82519467740966
104.3154393567125,32.86784984523898
104.41210132269721,32.90355195050864
104.43405769756941,32.92616924042742
104.46975634828468,32.86377459096562
104.38700860270669,32.7855735422229
104.36206958405641,32.6988453035606
104.3039782101679,32.71107648448711
104.33971833446358,32.612356265139184
104.21349396846888,32.64538477423259
104.19330410906709,32.61503947544615
104.29183121215776,32.62237457039576
104.19100566553736,32.75701184934889
104.21687930344943,32.77573558295475
104.1411799129692,32.90819226985127
104.04439070493699,32.98884857663265
104.05499551122286,32.90520695413793
103.97911226180716,32.93132880094813
103.97379447327359,32.9473940120892
104.08073737162579,33.04351378684544
104.07099054277018,33.055636964658845
104.06058404171752,33.01714288619227
104.09796376672907,33.107346055900535
104.04079827837346,33.060978521020836
104.02462995157344,33.08276756750046
104.02152831549404,33.06950118305488
104.02315953533264,33.12189312141469
104.04683181690993,33.15890545036908
104.09272158844415,33.13706717502821
104.03558852479748,33.083582988423544
104.02274323298084,33.14524195715237
103.98718893942818,33.103670561528915
103.98780303674742,33.0897509051879
104.00999276624965,33.0582630322413
103.99698064166165,32.923789783196156
104.06466669264782,32.94556378530099
104.06584709353454,32.933476788770726
104.02553315655474,32.96771704576716
104.0763982791106,32.96052493311797
104.08039852243704,32.98014949578755
104.16533743128281,33.0015725672069
104.31489859728914,32.993600393596715
104.3148448065599,33.028517406254274
104.25193363106777,32.95231762728039
104.33051916469684,32.99671601595921
104.14200591465907,32.9767479665766
104.20391445513205,32.93077148916748
104.17463698209694,32.90781235170775
104.26298711509676,33.045680055083864
104.27461343766653,32.978953886933056
104.26013760389047,32.97089398077516
104.10666773751672,33.007044006529334
104.06475652427811,33.17525439755986
104.07501171297643,33.200209538723556
104.12817363826535,33.16046402961285
104.07006242724053,33.082016975042066
104.10358227254335,33.061697329139136
104.14708989917702,33.03405846190143
104.1181670270459,33.01270761569522
104.17243291401489,32.98424501870498
104.1918127858211,32.9883788137202
104.1397395154112,32.94737626322513
104.04967398047236,32.861430767166624
103.95510965719245,32.860233538908254
104.01989492273637,32.84708034744343
104.07433024914125,32.91164894624752
104.02582529683409,32.991011423050324
104.13915708758843,32.95759671352282
104.18691881083275,32.911408819851445
104.20941475411306,32.91361359845372
104.25675006892504,32.839205878299246
104.18439056172123,32.76985728896061
104.18527096593111,32.89678194227717
104.14984320354094,32.871665542139525
104.10015692845757,32.96709349562046
104.04295349476017,33.031457153609395
104.16465042107893,33.060168159625086
104.09614489369676,33.117353786383546
104.18992512850456,33.09190482463486
104.13176171821684,33.02168103147383
104.01545650122274,33.07608432515286
104.09459270629647,33.13468524738993
104.14100036529364,33.126754284209895
104.15491629645804,33.11615002345803
104.11341139828862,33.05088181037912
104.00964436487715,33.00436157432089
104.00416771792916,32.989046309499884
104.0406122538787,33.08180537398802
104.00718818341305,33.09640283509123
104.00634370751662,33.114462174520405
104.02369530807381,33.10559374849004
104.16529322402249,33.07428767112027
104.08571726976012,33.08379164467674
104.1075137808868,33.14749519748687
104.0611376696559,33.18696010085715
104.12915946101282,33.056121324923694
104.15852073447834,32.95695588527372
104.24550639979999,33.03989051515025
104.1902472559059,33.06394938081339
104.16446980772528,33.08736819690385
104.07837820255824,33.15856493640973
104.08681730621215,33.13757289095232
104.08806030029533,33.07461040240279
104.04658907283098,33.02461072691271
104.00383352957198,32.99480386844841
103.96345153772863,32.85565839579202
103.92987864700723,32.843307961474004
103.93691687787285,32.775105039364796
103.99396238820503,32.82979189340007
103.9233311387751,32.8316293893727
103.99250823661724,32.8592317452462
103.96498607806082,32.907712231669
104.03196450666759,32.902190070825384
103.96123938691427,32.89413304935596
103.99276089642531,32.95818793941647
103.94837558071632,32.86197376603517
104.060044891467,32.85768652407606
104.11774067968773,33.012929706294685
104.03344882140328,32.97910795244942
104.20682291805348,33.051614054856124
104.22951208159434,32.97772028063241
104.12363356719639,33.03437551127953
104.10363239026256,33.055335561428244
104.03554136233652,33.06383708218198
103.97776825347752,32.988166121449446
103.92227544058782,32.844252206965585
103.930464139296,32.757760942157425
103.84333080375262,32.68533512453695
103.8650312777614,32.661135687127306
103.85514291298877,32.59457528604794
103.85297369631465,32.63652211166678
103.88290393036826,32.66641020312441
103.87126236784309,32.55323863330333
103.98039880512324,32.51004199482509
103.9271984725887,32.53645682507665
103.86797014036405,32.455064795007345
103.90013085682939,32.57767408520916
103.87200177710996,32.49602023286335
104.00011307255234,32.4941252104359
103.95071442856269,32.4801068795582
103.89654726056078,32.552758816402594
103.82638368542855,32.66745912751595
103.85099511865991,32.67932894585979
103.84264547422895,32.64614129612507
103.87517306476902,32.683327342323054
103.85222080234335,32.625865878005335
103.88017602201165,32.65866878582332
103.93803321113394,32.668120230566394
103.93255523931705,32.7595492764193
103.90402578899365,32.69483033627745
103.88671452619066,32.67891482587739
104.0344038059654,32.64172697799191
104.11797048563318,32.725339082833656
104.2918726998788,32.70983701930776
104.4460105100032,32.74737369349857
104.59571297271115,32.79688336286734
104.53715833812082,32.78512589513594
104.54992580958319,32.77701106976195
104.48691672963618,32.71471497195293
104.43717242073494,32.780333975097065
104.53402545432856,32.754102206501365
104.64935051712733,32.85211805705863
104.72995332872884,32.71676242221543
104.63442218648068,32.82690346330752
104.64471507494592,32.84799910144463
104.60427479668358,32.88695201279754
104.52086416000023,32.87169158671756
104.6099274770442,32.8388749188473
104.51525438020313,32.7277816917093
104.42194276464387,32.61895563752619
104.45183954676244,32.64213302324529
104.35299724317075,32.77316538945832
104.38957037303454,32.943505641989255
104.43835213314793,32.94081782261825
104.35829780518688,32.897710195953294
104.33485984912973,32.953349002194535
104.33178146244357,32.889389870777755
104.37209399046824,32.9022157830122
104.37492600284232,32.906056438897245
104.316424526052,32.80971227841294
104.4005167546235,32.7372516086941
104.44578851945656,32.75269242889558
104.42548575499369,32.7752021968067
104.42520292637971,32.71243889718257
104.46729226733011,32.654717353244
104.49801853158225,32.66087546974137
104.35572494190627,32.605451595631536
104.33922977619095,32.58652001074439
104.32717069334697,32.55476504520128
104.42760907976383,32.58592983789928
104.37212856543081,32.61966768060467
104.36529760688893,32.606266521753376
104.45760314159145,32.625962983353915
104.51603991259306,32.571611670551555
104.48662524651141,32.60726891695857
104.45983103742026,32.58860656605705
104.39395964822388,32.598280391726206
104.30649259042366,32.59246127052346
104.29549822588717,32.69940559553764
104.25724292811664,32.68745572243552
104.09964975600775,32.62923042279331
104.12220256381293,32.71117131541107
104.06693200291895,32.758590659270304
104.01692659393964,32.72017281301015
104.00157355243364,32.73011811207536
104.04795816057664,32.82276065529553
104.04494714063135,32.90987539770836
104.04425786453747,32.85199033502781
104.04875117128331,32.83214150304316
104.11374412696527,32.83766615407384
104.04849053488363,32.86672421256105
103.97854778725447,32.91286187495258
104.0019636469962,32.95482365249384
104.01220868326912,33.030142694467074
104.12326099974936,33.07508967520733
104.12413353809717,33.12104665631605
104.07132338237128,33.04429644694041
104.13184445608886,33.134931463913574
104.12626291530295,33.05123860471164
104.20195664878858,33.04647195415989
104.2391985516452,32.97497597691426
104.14628295077063,32.99399617548221
104.13400230884888,33.01179209832906
104.12794913132765,32.98021420526678
104.05153439106223,32.839723110463865
104.0350827214491,32.72191203176315
104.02004536418556,32.75063818964088
103.97177679186795,32.675477504432514
104.127567552966,32.53500046447168
103.98310478524921,32.447701299678165
103.86559560372956,32.35992263883168
103.96814503304302,32.51899955575243
103.96537732336627,32.44734749894731
103.89618695835695,32.54110790669734
103.87569320270737,32.52498198188801
103.91271209336298,32.42195977867491
104.01696630937153,32.511229838927086
103.94801076847908,32.55531874793003
103.82462155469466,32.581399437255754
103.92093077031512,32.575663220783845
104.05570300726495,32.67694462195607
104.17342973179855,32.766215026050105
104.07174681090466,32.7981146133909
104.0900669971579,32.811475555051345
104.12621426677856,32.928337226440505
104.01714541466697,32.90126379197336
103.94629325827768,32.90766845304358
103.98131287180203,32.88981080094512
104.01332169101072,32.98608321642997
103.98418503310953,32.96340733103105
104.13069924888481,32.998720095395306
104.10499250264995,32.9616933597175
104.03890462202455,32.91386722926548
104.04274320909981,32.913132705879384
104.02884960481535,32.97956437186727
103.9878499812242,33.034580787915196
103.9821610474491,33.04203452860253
104.03087783875728,33.02093755381839
103.9778993773153,32.99895152097053
104.12315492203408,33.061076475914405
104.29784150927843,32.936723239737645
104.29826265525087,32.97261418413514
104.32161259230796,32.9726399667969
104.3728717766962,32.868484248738476
104.42722092045378,32.74620411825616
104.39940792919299,32.75072357295241
104.46086248866011,32.797201047683075
104.53814542360358,32.79899504058882
104.65021092126022,32.77449213986667
104.66337666145485,32.86746977649369
104.67023714279449,32.86931195965686
104.6114476151967,32.82929412307618
104.67591693077563,32.86226313691971
104.72003733899246,32.840121524630824
104.82495669612979,32.75791178650782
104.87814091589824,32.721489287508604
104.86792456185613,32.692592107250825
104.88906974083238,32.70372337034894
104.89673632981989,32.71792084319975
104.83158331267873,32.664121438090774
104.85923221065782,32.79166056655278
104.80571455368187,32.72026962897729
104.84217857820693,32.726224059219646
104.84463797310953,32.757780332375596
104.8078594223171,32.666247299161775
104.71496517218564,32.60236064631695
104.82999864188402,32.51471788880069
104.95355398548274,32.54338973581289
104.86823481891732,32.575984178781596
104.9172803560549,32.59977145132761
104.913296224387,32.608528693144144
104.9015468108786,32.70036430611429
105.07792103081924,32.69892127682103
104.96428794577781,32.65932566116001
104.92410182282154,32.706915408705235
104.8596262602824,32.63214166600609
104.80677003749314,32.66291045391164
104.80872149055506,32.697106749416854
104.77344593481925,32.625713423238096
104.75280036610378,32.634319095663734
104.70890381198019,32.49278987798105
104.76210542928487,32.51024401372224
104.72320649490997,32.54769583871617
104.64944522092988,32.59672671420857
104.63307434492536,32.529655628418496
104.7035928017317,32.649240037672634
104.80098031050801,32.590809557272074
104.88958087272968,32.64786076930914
105.07364619443558,32.70936829369533
105.10639328348157,32.559916682696425
105.07569763551373,32.70539804437627
105.05350170818403,32.65396513939578
105.18506468223342,32.66481819189362
105.22769060375602,32.60732265811485
105.29147209425805,32.69905196468967
105.12495510269794,32.67906910034814
105.15549245771557,32.713292971609675
105.11714541588528,32.57208126320705
105.06745255350981,32.60408868844964
105.18291660226467,32.64057751002448
105.24827910218936,32.63047601876736
105.28432575096572,32.61243300039531
105.10774489875476,32.5700808061782
105.0253755246773,32.72231836544449
104.87470724719867,32.71501362853083
104.86169870373296,32.67106506353669
104.82873827171574,32.63340721325966
104.92791989340667,32.562788845147466
104.9253399258189,32.600657074504134
104.90299971523899,32.65706174630995
104.83413725133131,32.554985017826034
104.73290035638723,32.65924707691999
104.7036333931339,32.56334698009906
104.69897270904464,32.537663252517255
103.23491927107226,31.32364242925734
103.23055231988309,31.30157254654677
103.28339460221878,31.235970125608898
103.34555064486916,31.196146780964334
103.38738880107604,31.2329989548146
103.31991136727484,31.28049562983453
103.40772046025573,31.15064911488651
103.35859448268864,31.20467293523886
103.41966053820596,31.194369592290172
103.30174820006303,31.013579014882886
103.33457522249024,30.9781161570646
103.26022478999931,30.946104875065387
103.25513143457681,30.85534196280499
103.19386495797669,30.870763855318412
103.2110043833529,30.87550121447448
103.24138714161633,30.78923469140344
103.12790386078271,30.751052513291192
103.18997236626902,30.693333970677177
103.22868473751484,30.656531730030665
103.18481519678514,30.75365538481939
103.1948055963268,30.696940492366693
103.19623940975072,30.795189500176637
103.15430336029742,30.968418766259106
103.23288743771965,30.915600475688628
103.09810420496171,30.893303006685947
103.071775734131,30.96707263234596
103.0665690389663,31.08512308852939
103.23010530691178,31.131037105909456
103.20129610430048,31.21172361552844
103.12590913439871,31.23084836516222
103.02081634551465,31.23510916278915
103.14672295624348,31.20864112122582
103.12879853687846,31.148487052764587
103.03994534772518,31.00836441067519
103.12207487212906,31.091516527921197
103.0838797312936,31.078931573803196
102.93680384007071,30.975775396186904
102.97609352966883,31.016655519963912
102.99622441478246,31.00430773614882
102.92528704258966,30.974607840087785
103.00407980491988,30.98610613035377
102.96848480919938,30.93521408231367
102.93346629576281,30.931600739334257
102.96219433001903,30.926841233593404
103.09663141466986,30.96339453094409
103.11679984263449,30.94720988153533
103.08493766233596,31.023221143685234
103.11770946150286,30.989965457882136
103.16231904280819,30.985871042520415
103.20334743707085,31.04427839144285
103.21204691462586,30.99118459018089
103.25456383465017,31.070409459698702
103.14332327899395,31.11356320284084
103.0700665897614,31.250225338515715
103.01249790127024,31.252988587069662
102.97977522354867,31.111188512998446
103.0348167135416,31.10175939103691
103.01640460019682,31.10876486457712
102.96904152519579,31.044704735580414
103.0218706499254,30.994752906224228
102.98095286011662,31.035957754968802
102.92635211871989,30.96932062568168
102.99158692343391,30.916561314914198
103.03533371640344,30.956360640946915
103.02821252948112,31.041771279230268
103.0691615876499,31.150327903780777
103.10516321209711,31.121385948358853
103.12124297544308,31.193810813321104
103.18358173164752,31.092978721250997
103.20285392452388,31.123368829023786
103.25899923865369,31.08798055930326
103.27312003131539,30.987762475832216
103.3612843184886,30.963129297437725
103.34835755473321,31.071803426284454
103.33581389477979,31.088870367828424
103.31084782131319,31.095260759556826
103.36708256389933,31.08931161711271
103.38229497387668,31.01578247376141
103.27892354768912,30.928807270306596
103.16731359604564,31.074994608776198
103.19427202729578,31.099997111351716
103.09961549466843,31.107907138940213
103.0860869714449,31.08454067789742
103.15159203725388,30.945417216720195
103.17976499619076,30.981080153732567
103.17404240833059,30.997659308404085
103.12850085045501,31.13060173137769
103.09289000503456,31.064990122274015
103.08489634005575,30.946806046489762
103.02410408821977,30.96449039481418
103.0452573320084,31.030912227290703
103.02024120509473,31.05623550280183
103.0673290771298,31.113879835098917
102.93935400058784,31.105619734336603
102.95923063250247,31.11773167771415
103.06425865089875,31.038547565452845
103.08108059871863,31.136611249415285
102.98600377485498,31.14644825093012
102.96676594427073,31.26127720484171
103.0133669990496,31.268166653777946
103.00207673704075,31.29441571627842
103.01754181077311,31.27089280832383
103.01611952912555,31.277828500889722
103.0937949425845,31.187578987728543
103.00800576989435,31.088241266939974
102.94460746160372,31.21885812988637
102.92599248266214,31.19717209389158
102.95105540866979,31.218500438231196
103.02024496789265,31.179310087834093
102.93384240101854,31.16978766880799
102.92401907801883,31.144916449904006
103.02641692985075,31.16595644993197
103.09266524228741,31.05575253449773
103.15327275937696,31.02186620475227
103.19446701084868,31.035839095602267
103.16475048091144,30.92851494418137
103.15016521748886,30.90807671755984
103.2200555321653,30.859487567195
103.27962582130493,30.868160724010572
103.36728764636729,30.85123370236204
103.34802022426055,30.89645365932151
103.34312105090113,30.841206186048964
103.33306892718359,30.89539661422817
103.24755425319363,30.817830543255923
103.21129659503438,30.798029481114025
103.19550383139766,30.923640997363577
103.16510964587343,30.889148535774225
103.08968580856182,30.943446419955105
103.06410058904392,30.885412133628904
103.08818871677543,30.817856380587045
103.13256857880529,30.876292143468365
103.07319497599458,30.98312351885315
102.92656852746713,30.89086731362875
102.83255799972177,30.90776018961168
102.88270326835686,30.853263533279854
103.0003588591687,30.759784988082462
102.9726119009922,30.69928130594089
102.92643103799871,30.62585827571216
102.833510694042,30.523919497407785
102.81711587388294,30.423934060563493
102.98435679313128,30.491757470353708
103.16703256957719,30.64628639783216
103.17004938207754,30.721102874785856
103.12075275166335,30.850305742079986
103.15740213704208,30.81053252319392
103.0759027382722,30.797241507229344
103.08719748877485,30.82987521662957
103.15618550967388,30.838948330311272
103.0866490982784,30.882030920845533
103.0881439393582,31.0120450951861
103.1068849552757,30.99800035634582
103.12868272088319,30.962103264497557
103.13394732270724,30.93237667099167
103.17725441478485,31.017853952896534
103.17560551194265,31.069154020797825
103.12933118103298,31.08363490247971
103.0346992254297,31.085324179934776
102.97386250515761,31.06476498212527
102.94374293384129,31.00841891825361
102.98869746518211,30.93476842069942
102.92233076304412,30.903806048517325
102.95055209582424,30.91321683514856
102.91942200967522,30.813486805266432
102.92374243811024,30.838537485432994
102.92055823849202,30.54527334130264
103.06930554302276,30.43145451837856
103.04695456527986,30.41937879882938
103.00171291633995,30.469764728661797
102.96161150332723,30.393872424128237
103.0200116952181,30.41609317003883
103.01543053358535,30.507533200244865
103.00414965665074,30.526751525337755
103.01277886446353,30.57604887245966
102.97233510458807,30.474018008736497
102.96141896752887,30.4424069901919
103.06983798383465,30.47133130871424
103.05989392176737,30.458324896580052
103.09799015028307,30.42427042088819
103.01154320469595,30.482856954192517
103.01415912620547,30.45285430996634
103.02078209322652,30.42918441788552
102.97745258662042,30.440234124926103
102.93212597094346,30.473771519399264
102.98041454439392,30.51489357042355
102.96517338792015,30.51865720192661
103.0271845566549,30.442114813001396
102.96476474333642,30.365520919763267
102.89720542216693,30.442525075579166
102.91256874787575,30.392133904851715
102.88568456832526,30.35525274816314
102.90563471455,30.352634754392636
102.83628895307294,30.37698300403463
102.9303049631166,30.421462351973798
102.8799741887123,30.402900336372316
102.83418059563976,30.467910314175825
102.85201055971854,30.543571636744897
102.81681290807661,30.54023441235757
102.85830567333416,30.602489326800246
102.73836455457712,30.569657184585257
102.79979012411292,30.638796912154387
102.8659439049768,30.498146578218922
102.85853735592066,30.533323419771612
102.96582382405047,30.572600645910985
102.92714370846674,30.51214056388646
102.99523577358697,30.552126848138737
103.01721407759032,30.494818508331974
102.96688575008645,30.453723351985087
102.95365130013973,30.481099456783234
103.03472480529253,30.552315507319005
103.03634152274417,30.529329149701166
103.10054118189868,30.588492583306998
103.16053014383668,30.66218296084486
103.26237850078216,30.68759685122691
103.23120591319476,30.6497011674603
103.26332768278229,30.664331678793385
103.27768493354392,30.664308150298734
103.25906025405786,30.73008527119435
103.2177351306917,30.807235271987757
103.27096981330324,30.769177389204707
103.32620156602437,30.87247751880155
103.29324095054959,30.82444362537094
103.38374013094207,30.860766503425708
103.51018895522101,30.8686145600543
103.47576997085434,30.879755994985747
103.43164908704263,30.865781386157334
103.35659434903725,30.88555644293423
103.26730830698473,30.901050547457974
103.25544614469821,30.82158302099558
103.25862606134059,30.921341276496484
103.17333829730477,30.889973900938227
103.21648362561496,30.73505669542244
103.18023316308394,30.60776430856817
103.13132031727062,30.58697534272157
103.10446127815777,30.55214203507051
103.1425759366455,30.59351775377138
103.09748876620678,30.70054235223493
103.2114425915943,30.75311138289136
103.25859741398185,30.668789716369705
103.25441102793863,30.65633613160557
103.26742291227157,30.72752929199217
103.2617367631615,30.64399519433166
103.18876966987648,30.675733812621583
103.21266445960646,30.686161471736796
103.15899208338413,30.801911802483605
103.08869205988836,30.729290180410903
103.16795817906643,30.77942741892339
103.11642594517166,30.794035582411805
103.13631824620045,30.686335732197154
103.12925607335121,30.70740638507039
103.10634794290571,30.58421645639669
103.11911282799062,30.608013296188073
102.98112178874119,30.51704449934698
102.95604701931727,30.63608697109834
103.14962136169294,30.61032374808387
103.13551724967337,30.642150879360564
103.09982701089457,30.675688698796797
103.07485397432872,30.649509803439766
103.16416883200313,30.62140618429037
103.12396886560421,30.628880767850788
103.0612910528516,30.570453059161643
102.94434716816934,30.54074053306068
102.97523881291912,30.64135973743409
102.95623493694009,30.590975210896104
102.90923911240459,30.616976311059837
102.99306466565757,30.71128657929481
102.97428821449618,30.73792408726253
102.9633386792013,30.69486881713948
103.05278383226171,30.824061729430987
103.22455874672013,30.741372901038364
103.14440330239296,30.69538365906186
103.2336876138104,30.74152078634262
103.20844518471634,30.765111845553566
103.12883029564281,30.6824365125326
103.09924293268826,30.645145868767067
103.08161092453163,30.670696385379433
103.02330558460626,30.833741376946804
103.12619105590186,30.810563157961237
103.10250247983164,30.911058962994247
103.03729417359848,30.94892146050244
103.07339112937193,31.006497312489465
103.01350428047482,31.058990031283887
103.01350428047482,31.058990031283887
102.9712338799178,30.984807926884162
102.92376922213856,30.991471303415256
103.09538082476661,30.9946292311432
103.0745969379363,31.030457364251117
103.19967478182716,30.98888452746561
103.18778301011389,31.039672782158686
103.22894089873338,31.05459137909203
103.24551939366896,31.025713392522608
103.20194829425913,31.15184912955206
103.2777587872355,31.332909074283357
103.30644583498281,31.26697696130336
103.21566102413277,31.322371899226752
103.22376471936883,31.338914473559406
103.23709780457341,31.2584732744814
103.12698505835866,31.284791544194704
103.17757589188135,31.13839296702906
103.21372242954112,31.142103524076052
103.23695546455644,31.21199761545072
103.24938882719489,31.202866502251695
103.24652072702872,31.20118557228543
103.18653356418481,31.263890568442854
103.13817293032594,31.21469309087622
102.98079192759556,31.216690918674626
103.01600259593829,31.140385841601333
102.96071525193544,31.231631289265135
102.92515745141195,31.202337597490125
102.93379567091218,31.198657186277643
102.94507564396704,31.24659376620575
102.923331814974,31.158893610013067
102.99679090468445,31.190607742690684
103.02322502397988,31.245589709799187
103.129978150888,31.158320597717108
103.05594172330638,31.02480210767412
103.07746472252154,30.984066714124747
103.02114274621867,30.985971669600136
103.06566279463871,30.93173170780294
103.02402309837643,30.89634144307663
103.11293176420484,30.93460185059941
103.04338768507901,30.981121744699692
103.11853073302768,30.968518448009334
103.0970217734525,31.040601876739014
103.10688700641667,30.954590520744553
103.2450262399772,30.944616057361355
103.30298664511335,31.005424391606784
103.224585773578,31.058765090285487
103.19210189770772,31.01263759148966
103.34798706586372,31.004153250300277
103.35023245484027,31.23095998315832
103.33644553607573,31.159252212917103
103.13430719021751,31.285545022620603
103.17621225236145,31.18565192815645
103.2130879707332,31.191987520262675
103.30234014893057,31.29211608352924
103.19700170340225,31.346904777990343
103.21644745211368,31.374732952013836
103.21644745211368,31.374732952013836
103.33341680643906,31.33146372633103
103.3484684915036,31.31872434483125
103.28346719448682,31.328721548753215
103.22103037670138,31.31196727954325
103.16579368373287,31.242047977095545
103.24750598119594,31.10043040912977
103.17398115035985,30.997410974006712
103.19313990507004,31.04473948921299
103.14601967031834,31.04621004964294
103.19818390871158,31.013436862630368
103.28120070849897,31.08374942843375
103.2463122848628,30.984400924614476
103.17566273886511,31.038529025994553
103.26061447873369,30.969593092321798
103.2154199740949,30.95753871604578
103.05649836641238,30.974853522428102
103.08945035673003,31.074231795972253
103.03751037343027,31.0878890479889
103.0522294530517,31.145414433996496
103.1093120777074,31.112279767286545
103.14984520178406,31.189913857167863
103.07173226773232,31.196861190394902
103.04215755716133,31.17558134003168
103.01726102528895,31.215798683686078
103.09105376837606,31.251742743834683
103.01647089809632,31.299117353135923
103.01647089809632,31.299117353135923
103.01018685704247,31.30922354694819
102.99076332519309,31.247675454964202
102.98483063265178,31.152428576008692
102.99548661699386,31.238438755925557
102.95632892109026,31.24522538861262
103.00083575203568,31.231423697873485
103.00083575203568,31.231423697873485
103.0099250634703,31.3236242297068
103.0274051464267,31.233450485243882
103.11354161486872,31.282537203794337
103.0447649650641,31.25642150096268
103.05512680790434,31.20744152003073
102.99272353676716,31.207277505382425
102.9731874401853,31.12997572428244
102.98284715903243,31.090403318277804
102.95956004561307,31.11048281848753
102.92095269377094,31.103197875753597
102.91718612708769,31.128580900455823
102.96709004408193,31.133289048813324
102.97132794586923,31.18183444934739
102.94107147461065,31.214372867740348
102.93535313912044,31.20912353695339
102.96296850773562,31.172771709449243
102.98650921180113,31.230398615900288
102.99253292665053,31.179537774709704
103.0122419851111,31.11459598037919
103.02153275744132,31.189870859664275
102.99017759735375,31.229998444618655
103.09043004214332,31.212820280120784
103.07546262620411,31.131798829992032
103.06198304355405,31.160728616076902
103.1367441969272,31.115034302431496
103.12314095316475,31.10739821606485
103.05604639906616,31.129218098479047
103.03792214773372,31.174127206705943
103.04612432529021,31.190591395589024
103.0120170696601,31.070599813856575
103.02018366384095,31.014735787919534
102.97392290957332,31.12299077119971
103.03521686857614,31.050869317733287
103.00226404530798,31.02436906770364
102.96176344279611,31.046843291727367
102.99054175517378,30.941625747772
103.0066150337694,30.959908117753567
102.97960735886281,30.946160018327355
103.02721945381299,30.907477462807222
102.9715497997366,30.909516225328982
102.99992178248225,30.9052901683811
102.92487404258499,30.940795925007865
102.92487404258499,30.940795925007865
102.96082828102519,30.955210822094475
103.03648448915052,30.837709245228414
102.99327139738715,30.927830287005914
103.10281667771483,30.976609305095703
103.08161895849048,30.936410157650773
103.12150651483036,30.883319205043183
103.138944156339,30.987361176878256
102.94010572824523,30.92739524680762
102.81281070433022,30.915252176768817
102.80828538397023,30.92206586254792
102.90177183480378,30.886717985313872
102.78489148074262,30.921641005209477
102.75711152762047,30.87861815050742
102.79359866358301,30.863141590689153
102.82842186068547,30.898920003815935
102.9025708809138,30.862026214297607
102.72422217038388,30.804078051374457
102.80436065823248,30.904898345906634
102.8590389588463,30.878942759840346
102.86974243316119,30.863079083978484
102.90099733147201,30.770142766854825
102.95242597491116,30.789334428452598
102.9155920475557,30.8408512048748
102.90844504762215,30.924296474570077
102.91506826858516,30.954903375097153
103.00779349784109,30.986449271900472
103.07596665518808,30.998717185412495
103.10004741540835,31.068043362637777
103.1193147635888,31.06010879313585
103.13932289084815,31.092440570530805
103.18714434739996,31.081203595162588
103.14457672423542,31.064426946706043
103.15487361807966,31.026919034719135
103.19193200653952,31.016607601749513
103.17496366552926,31.029332098833933
103.05975325887319,31.072468783046475
103.05998972803276,31.124085572234602
103.15083200286712,31.144066923205855
103.10517305672083,31.14061493695868
103.0899218403679,31.15748045524712
103.08742583168076,31.140531332274694
103.07189530622976,31.085599625396124
103.0987812300834,31.031681591650827
103.01915248819358,31.035370778567458
103.01680330812088,30.985953260507642
103.01931185982913,30.872917820178973
103.010544661114,30.915225706188323
102.99065595927256,30.80611939344691
103.0527448235771,30.857469919570146
103.07273197686648,30.9123415978958
103.18207549671956,30.92869123141536
103.14405447599597,31.073355259973045
103.11739515182582,31.07410393536863
103.13197025941717,31.134794995093515
103.17623616660825,31.14279886872026
103.2527658985807,31.104828861155454
103.28981004482881,31.155798684522495
103.27119793933893,31.224183172321247
103.163458932083,31.286073766409547
103.239160718304,31.177825339472268
103.22509484623423,31.0106137456226
103.27903958175524,30.960855129376867
103.23073152569897,30.973193676102564
103.20844702024661,30.909944658362065
103.14012215992415,30.872655216132095
103.06287202208748,30.813448280101916
103.0411632157655,30.7531186744462
102.97319239048751,30.610608067790395
102.94527613160668,30.63086145005451
102.89089603265437,30.70090331373991
102.72898254035358,30.6945110485682
102.76757565719288,30.74591197736972
102.87413435275437,30.810245868183912
102.91531801706576,30.733240811590985
102.82829547158423,30.756722773218055
102.97893140934661,30.77266808024232
103.02046822283303,30.81269759266068
103.1035048107266,30.85495287842559
103.1883503056439,30.799818750443894
103.16469444053008,30.869775019233913
103.18707969172489,30.999953821195252
103.21853941418277,30.96338572107439
103.29325492015582,31.026064876464908
103.33607935355788,31.10494165204604
103.2765888994816,31.025976537465894
103.1383670670787,31.16280739638918
102.98704823055873,31.1802818562984
103.04972506636086,31.250181053847456
103.06073837908761,31.245654456286804
103.04263655270904,31.2329426047033
103.00551235893833,31.285375002515067
102.99693174723052,31.2375725441242
103.02962925536544,31.231695685366837
103.05685775777248,31.271947507819164
102.94986226309383,31.22870298128528
103.17787668609215,31.21382709750019
103.17099190646944,31.178047989285336
103.39544280589573,31.21535909364792
103.42868456681003,31.193969026062952
103.28526731284565,31.273284133461996
103.26996303543034,31.321043133790763
103.43580300911722,31.349407308648154
103.4748741538052,31.410356160920134
103.40019896084988,31.394099546580918
103.36085592204863,31.35719474810159
103.44440035765334,31.328487891349003
103.41163359738876,31.367365049562203
103.4028913224488,31.31957933003323
103.33992027244791,31.37933405455006
103.4055771553493,31.423539240003187
103.4055771553493,31.423539240003187
103.43057934516635,31.418800203036035
103.40754632779407,31.42841219896071
103.38018766961491,31.36198369523795
103.42399821209064,31.399911886588526
103.46219113051275,31.41211346958924
103.44923755568533,31.37582426069612
103.4602879450745,31.374857377541826
103.43350672563899,31.412143916941737
103.44916751669494,31.420282153438023
103.37717060488835,31.34733106644244
103.4260469480378,31.33529462304206
103.40092923082064,31.338849736103153
103.39053948942511,31.30234230103709
103.31918394533412,31.157730976150226
103.33696118915948,31.141516948759104
103.23252963494471,31.200137161868426
103.19517140944923,31.182600971512898
103.23192743889511,31.22363681304352
103.31612429776757,31.33332260978151
103.3859326267347,31.261187026392037
103.35287826196954,31.27374855668869
103.36147133176715,31.404427540592334
103.31559039086333,31.39302408433035
103.39400438455945,31.364484553138986
103.38455862561774,31.30053086208247
103.29468972220535,31.288439723198888
103.3121981257911,31.3912204624765
103.46208201038102,31.39015948433784
103.41378986008944,31.36222945105722
103.4518763410467,31.400304141443034
103.44145000952425,31.412038750797482
103.43959791526932,31.428905781452144
103.44841277127966,31.422969428694934
103.47591618685571,31.42143078667591
103.4531900508504,31.39000501042383
103.41939656880868,31.418890967691084
103.33459415790507,31.401584546625394
103.32600429123474,31.28211636010974
103.30079951259849,31.273730199040525
103.28213264203235,31.304414224598066
103.28596204799555,31.39559669272387
103.29061936968033,31.40333014378976
103.32419157603482,31.372272076011352
103.40055612114328,31.414074648668716
103.43352871142048,31.43035075004058
102.67536841454675,30.26373373684178
102.6340137532737,30.28469525228559
102.65471879346032,30.250774938403996
102.61537557346604,30.214378148093253
102.62467030142145,30.18982212038477
102.6627064843464,30.19880901228979
102.67709974269044,30.12980725897387
102.65642921952497,30.15306624874789
102.66397908037615,30.118522787292854
102.6371344982078,30.199553670790813
102.7411727896359,30.200589714768004
102.77169183410216,30.193863325840145
102.71024113601807,30.19630236417227
102.7337933903694,30.203002577735855
102.76240969299651,30.22693418517402
102.76247404758409,30.190780166612317
102.70534484218454,30.215814797612133
102.76535504647869,30.24493390522895
102.70149886380014,30.1919065589105
102.7161681135384,30.35769222077713
102.75263317800652,30.27538167096416
102.69442606565816,30.304526259827263
102.63302342836609,30.30649537756556
102.59357493857537,30.274581760413593
102.57862311769067,30.355509898226902
102.5917638436875,30.405694600581416
102.54695516943622,30.35968507877556
102.55663152150294,30.45084888150001
102.59253254731689,30.565626274798102
102.56476380378167,30.430628056818396
102.53200967927997,30.414935635021713
102.48857290978684,30.32406026357425
102.4314788067708,30.316484172971066
102.4559611798293,30.27700484528221
102.40675903986184,30.247254676423513
102.41882856088634,30.290728499231644
102.51881067147934,30.376661749376613
102.6457861004536,30.24806154743665
102.5810313610039,30.159430200094096
102.52414733653244,30.182977090897385
102.44119574155503,30.09136941712706
102.48256522944517,30.0359074889512
102.52293370713656,29.919090334605617
102.58869233851858,29.886551130776553
102.60928488750916,29.86585951121303
102.59158497780096,29.965080274585695
102.66640704207362,29.972068944127386
102.68072977152035,29.919120469689812
102.6736543354285,29.95509430388788
102.60569850289471,29.99898919476854
102.67140685591515,29.97303746195953
102.65775392148824,29.933385335971472
102.63059077896455,29.95461183313674
102.57954927801062,29.881494424944098
102.58809026226542,29.8381318358126
102.530532055795,29.898980468771292
102.55448007369915,29.87620545446776
102.49036849522581,29.95146852479257
102.5373783830713,29.94208778637733
102.58759355031914,29.842761901148
102.57418679169905,29.925139977663477
102.55031695978921,29.961149162490536
102.64993559843077,29.975598862687242
102.621407381227,29.963238923286053
102.58286102205017,29.965856941469525
102.7117608475223,29.928774590354962
102.71479365960334,29.929311282073222
102.69405770772033,29.919287941596362
102.63733465488663,29.94942104513401
102.58692589657097,29.94914236945175
102.69752345544845,29.925708425730132
102.64448030733381,29.93975475110936
102.57254163148647,29.950931705219
102.49194890811032,29.95318873024328
102.46925459945845,29.874347063848557
102.43728771271118,29.798710324577748
102.33620533788032,29.722673003498077
102.33620533788032,29.722673003498077
102.36526487243044,29.835225236718603
102.47971228278755,29.871749399302264
102.38852325573293,29.895050404154883
102.43512961690186,29.853263604310573
102.39485879372047,29.775043996847188
102.3884489252024,29.711284295288845
102.40623466517103,29.731326153011757
102.46352378475505,29.742545169724192
102.51471824756062,29.711998260209754
102.65381643381318,29.719606034162577
102.6608362184612,29.691739427111237
102.68705173982654,29.632464580716352
102.7853829754505,29.529446099520534
102.77119008191258,29.501363255248798
102.73346253356252,29.51944150652026
102.7042236149045,29.589238421409018
102.68754705484398,29.641745865277024
102.722330217146,29.534059642551078
102.71296312278568,29.601128540261012
102.75243562708597,29.60072890373048
102.77094030877029,29.580613134896925
102.75304167030035,29.542520617464934
102.81501229451344,29.50941653541417
102.79947548188117,29.539402376752754
102.93202919091867,29.635707326705514
102.94936315249804,29.608210981718035
102.95639236929,29.61467444226721
103.02435913814966,29.55596879912112
102.92929257845297,29.487353641399157
102.92145750088278,29.44602575201664
102.9213265216314,29.501960955884762
102.92262647060485,29.45999471896941
102.96367235215655,29.4425302784421
103.04409160111938,29.509928115617967
103.05978065012177,29.527755117271795
103.09359108300202,29.51161075093891
103.07883523899363,29.458737287926013
103.08959208300904,29.442968113802646
103.05197052982238,29.525568332163704
103.05027922770776,29.531006909770813
103.13895634912339,29.540812996194894
103.14756259731324,29.433826720465497
103.1422663842053,29.432648207030653
103.08207601291528,29.54206302508962
102.98212247251772,29.533003286961087
102.95469541579057,29.60188787759575
102.88659379830816,29.56418907444014
102.89437579698769,29.53961141672801
102.8762643954489,29.565018773462402
102.91420913724215,29.437034312576394
103.02229844061351,29.458512198235905
103.04230971869835,29.51582816162322
103.007109890732,29.480488893338148
103.08208010405899,29.434145354015193
103.07309602038862,29.447165397271913
102.94205255487182,29.53946999972104
102.97018929400078,29.527340172499308
102.94166362024123,29.510718877597455
102.94518294625969,29.440713870981657
102.9724460912254,29.42663723456516
102.88416736111827,29.516071484616795
102.90639307732522,29.47012905741063
103.04621322175703,29.567036296923792
103.17045091445634,29.522297359575315
103.15471019890717,29.512833333730583
103.12690574517423,29.53317034093438
103.05803364903443,29.50222377179479
102.96221405335514,29.47071398141946
103.12034437502298,29.492359920213428
103.15216157428947,29.5200231287336
103.19663545623818,29.524683899074546
103.19163733145717,29.53894866446386
103.10596845751503,29.496578078595643
103.11086138527962,29.45763945326626
103.04342834308687,29.46087784506432
102.96807116803932,29.436738871646455
102.93164916727065,29.40621539436242
102.93105573432099,29.50252290281803
102.87245399701874,29.53114577802629
102.96408346368374,29.501574996865074
103.02942275232557,29.552245233402584
103.06638524876688,29.554842701682933
103.08548847322842,29.50776612087014
103.14574232279384,29.437493889063695
103.16289820053747,29.49703481538272
103.1725216892481,29.479980041159145
103.08946151066513,29.50675144225587
102.94654226715335,29.46844727859737
102.92377374813515,29.433832792002622
102.93109532466093,29.415789590688274
102.93109532466093,29.415789590688274
102.91753551447724,29.43052551465921
102.9092929583485,29.423344869958466
103.11552585607913,29.53509036297217
103.16621908178377,29.52599827532935
103.16700964434736,29.449551450898575
103.126572968632,29.504408687748068
103.17222101852272,29.505218573430124
103.16297404946637,29.52447300161284
103.1936620806865,29.500088416463573
103.2164768136737,29.49685412628651
103.17113887173245,29.519473157325443
103.14480900541176,29.516390882535667
103.0924581697258,29.49728898092494
103.17018763992044,29.489826466624802
103.13947365638342,29.521310246834055
103.19841359491349,29.499786047827914
103.15687817078076,29.513016181810197
103.20780186184955,29.51390065063687
103.12813645956564,29.503181058124344
103.08547757347742,29.486647873410984
103.06243838035599,29.54256384021506
103.06054876232746,29.5558913571433
103.07019437974768,29.55825812524647
103.02003995985683,29.47223433970234
102.98166418465053,29.474187503122216
102.994906885651,29.477006876155887
103.00745607095328,29.44913932937251
103.00264889692237,29.460865001463556
102.95755353980697,29.42250468674106
103.0231904594826,29.475502047328646
103.03715789307472,29.458501458961706
103.05296670998152,29.47359919566713
102.9457227965229,29.511595441337896
102.96614953983581,29.663638764048557
102.935738052287,29.671149203145152
102.91379556120906,29.582596532950042
102.9479617303014,29.493320388080182
102.88304206019912,29.519239353205986
102.81182083335455,29.557510025817997
102.76766560603855,29.51759182514606
102.85926202299162,29.562608595011067
102.83022283384982,29.50129002707224
102.71220960776323,29.549780884799112
102.73931638736602,29.60414617404484
102.93310260248252,29.614846540860743
102.90450616711328,29.57969049137123
102.92048051755916,29.526437118400484
102.91452609352136,29.553101215930173
102.71720293759668,29.626846781898617
102.70488542312083,29.601010913151796
102.7244436013865,29.63362697052752
102.72054653106922,29.628552468813513
102.67127758945836,29.614860940599982
102.57861190748399,29.713777860776702
102.4941273676607,29.718814631272643
102.5699232401168,29.6404163979818
102.5737134698549,29.71608008380286
102.49231448656164,29.7326774980461
102.42807282362415,29.786135281163602
102.39190236592312,29.731337124293077
102.40616372022788,29.77204341810251
102.4527168711577,29.750546840258096
102.50105691849335,29.742689311367414
102.42359393146123,29.781626030046073
102.36417845512072,29.72137836220792
102.37799195062875,29.730468836359197
102.34880322976063,29.74347434887061
102.34561247259202,29.877113692232403
102.33803113120142,29.975701753949245
102.40509552160958,30.097926833043136
102.37591166870955,30.026841924036944
102.35190613315865,29.898513363800518
102.30369879019808,29.881886418330904
102.37155797786822,29.99445663347896
102.398827331744,29.87285692459308
102.4736748676396,29.865632021040273
102.31899585435356,29.861296086805773
102.31052004141344,29.89302133997272
102.43478287259009,29.902724096780354
102.30632393013326,29.91392798338411
102.38072498348512,29.876902211087852
102.39457362968089,29.87655944129158
102.43665305140769,29.874781777744573
102.4692456707871,29.934703750072565
102.44763979899056,30.019774548455445
102.44644836472325,29.921363490899985
102.53376559141688,29.84026998751838
102.49377326757006,29.853625632397108
102.54437681780415,29.932488872352042
102.66345548629735,29.948716817387208
102.66540140952796,29.991956005987966
102.61543269070862,29.990011925309783
102.64321084659989,30.019753893421026
102.59824175734849,29.992014830076457
102.53134683156391,29.964438319399704
102.52633434538717,29.953175032711876
102.47601867532185,29.982900805601048
102.45008954936246,29.986744207046705
102.40779267706161,30.007106300252367
102.38718914426514,30.074981473864984
102.4129636768284,30.115118612760597
102.36963112643025,30.137060528699827
102.35570938117853,30.202477713936094
102.40939396793657,30.26278022025291
102.34613234396409,30.177420874932317
102.34613234396409,30.177420874932317
102.44020268603026,30.224437018018513
102.50795453394488,30.29684946202998
102.52853830698935,30.194389150697564
102.66454028366506,30.16417604382833
102.56043693516975,30.17867380241235
102.60218646712768,30.206585475910117
102.61242521889598,30.3497891094996
102.62946046633137,30.467463831642366
102.61512954270026,30.45470257678668
102.55471497491547,30.39706591713314
102.6109977492554,30.330219083533446
102.56562761964291,30.322540320994747
102.52695736973723,30.41388590360845
102.49585217233117,30.503973091654164
102.47275110256969,30.518255477631
102.49654394715098,30.51015299663801
102.47536301458851,30.504158997586842
102.44350489849226,30.48356490173228
102.4504618880926,30.457532703713674
102.58904752444022,30.50323390751517
102.61395340024794,30.41089394126969
102.55879441331528,30.468046897201365
102.65425162447256,30.467992680769246
102.67752388717416,30.473387098600824
102.65991039774481,30.44291993082051
102.65681604359435,30.410305220855584
102.58537151010002,30.250795553104112
102.4473262278016,30.2997354338839
102.43126949192269,30.297667163881822
102.49956384484045,30.399118857118655
102.53356206787811,30.386067322512368
102.56842683397605,30.442435217837005
102.4786453941901,30.55133027609272
102.43725991823689,30.516801436558843
102.42294908730001,30.54115382184189
102.45443193115204,30.507740693755974
102.48566499250988,30.511470550599807
102.51338118967674,30.658062958479846
102.60006073416268,30.50996839789419
102.6105189249645,30.67279927829119
102.56107531884344,30.627039875976095
102.53327302208925,30.669817352820086
102.6086751662317,30.694073429532708
102.76960596073651,30.689017619903456
102.71946127413095,30.708564488587204
102.67497688812713,30.640526442358386
102.68224064186683,30.57775436335462
102.57048043349091,30.615878569213898
102.55057369459405,30.645936236631044
102.67102015629057,30.76514085105087
102.64072322869727,30.84299229728528
102.57586375782545,30.72789055114783
102.63613056003643,30.73637006399792
102.76107626362193,30.778071531649022
102.69817873621504,30.751043588286883
102.56377518779061,30.682579610049693
102.67329123342844,30.75215061065598
102.58673118541049,30.85004612996068
102.7390648502711,30.76482892972816
102.73151898366491,30.765789854199944
102.74183518157919,30.773146150960486
102.79406103896689,30.75545343704013
102.81355136020133,30.883702599712667
102.92243799729594,30.9437959389939
102.95216734170099,30.993166469843718
102.99782106166296,30.977740882300896
103.03493281204418,31.033359048047185
103.04679434885838,31.04763565511796
103.1353184797324,31.0725211037646
103.11881411037639,30.97716005069642
103.1569814300807,30.997664707196677
103.14075516400348,30.904747603719436
103.08645600831501,30.929952898618033
103.15849071172289,30.964798536869097
103.09001795602754,30.912042318587147
103.0970582305866,30.95473532481945
103.11413665051842,30.911480355640247
103.13987345276674,30.931538317007124
103.21491931085144,30.986322296234498
103.25453035701653,30.95776022969081
103.2631909093558,30.96713140422581
103.27038660066388,30.93830549936021
103.27185002965504,30.969520311153165
103.28059127631624,30.938064424646036
103.2603331952337,30.929202792293005
103.25015316804894,30.846812267300134
103.24400461891942,30.841504309963568
103.18791930782339,30.709751977932267
103.20051431578275,30.646977150648006
103.00430930937128,30.61133364427327
102.93359698755765,30.57822589259908
102.87754658460378,30.610684836503033
102.9822808912368,30.686331792976222
103.02657194849091,30.62327076639466
102.94866210994194,30.611292616636568
102.98777101571416,30.589822966953257
102.89064031473487,30.585684049023985
102.81478109646244,30.56122775490472
103.00153752886608,30.60194574515772
102.90891705075202,30.575900568751365
102.84574954094971,30.3796539594095
102.89258641723164,30.331912862239594
102.9120567366124,30.389318671750214
102.85126460117745,30.38118752977732
102.85060656991963,30.396787463276453
102.85482137247278,30.408368496541552
102.85039726535652,30.369217399615188
102.96508155291586,30.401131198519877
103.0344513474904,30.478301689595984
102.79019946000169,30.554496746439664
102.79313785743456,30.53266712973295
102.84436488761538,30.535038091409106
103.00693930574599,30.59053404362804
103.10445418168742,30.67513156246023
103.06537906572882,30.763185543412014
103.08371089896154,30.70052533555415
103.10131415700448,30.628706142836982
103.04356418035016,30.680840272972617
103.06558715975483,30.628014911063296
103.16252871041472,30.597329110730104
103.0248003901899,30.579346897975867
103.10646926615934,30.606100685198268
102.99986849153791,30.642646714239863
102.93370749305767,30.589153416602493
102.7618450436101,30.555583052271583
102.81041787969902,30.58485433943877
102.79561671874471,30.59576995179921
102.84274186337538,30.56475725399149
102.87340247807155,30.537550428408657
102.89382114979804,30.45535865875158
102.92323096098285,30.5297416905587
103.05767210280248,30.614221339232213
103.16860257620088,30.60765168200893
103.0654156007783,30.594717609055273
103.06541065341786,30.576259277521093
102.97683576721938,30.382771739183237
102.93748743339162,30.36228586582996
102.86303932030431,30.436284433161482
102.87618375798588,30.39695639200741
102.78511535367909,30.54843261859619
102.81020367326272,30.612848392703494
102.81529049916219,30.682236475629143
102.74052819296023,30.539198033931505
102.77385139899776,30.582276435715432
102.78113704181109,30.625186296144
102.78680706887306,30.549596316987532
102.79567526210124,30.603639620645005
102.80766020653071,30.614388835755143
102.74503194530904,30.53993020399843
102.72007105918162,30.59362973727345
102.68897473237243,30.57954351234786
102.69421028936783,30.720858226127845
102.68136356171422,30.624824234703507
102.74545504803781,30.696248131094187
102.6909598033138,30.64224965561162
102.74362224503902,30.652526493387867
102.74857869185257,30.632837705654275
102.71015267228127,30.5583325685383
102.80072275152081,30.643563308398186
102.84364034621545,30.545202895822076
102.81883671291939,30.564575266315302
102.94331358746139,30.530669538545233
102.86097468098583,30.539645393972542
102.84510060130667,30.51230193614753
102.84596224711699,30.583807691901878
102.86273484425959,30.485007265643702
102.86634159244649,30.547937594685674
102.82604852316724,30.558075575460936
102.81848878957155,30.57393572272374
102.79258914608441,30.633652471766602
102.8383631709074,30.676395150985243
102.99323372551848,30.79852815599762
103.03027099165884,30.73865485161152
103.1291233650192,30.627438370505594
103.22856250826419,30.6582042084619
103.32424207867801,30.8055219193919
103.25169692198439,30.82074558024656
103.34443110634102,30.80889536179575
103.27144577894508,30.75898145349317
103.2769458502653,30.794839086924554
103.34160546431836,30.848819426823763
103.46230271032107,30.857754363651605
103.49573338694437,30.86180302291698
103.48727705643962,30.870696523633864
103.47613233283985,30.892572921206828
103.46753482527343,30.9039778630549
103.4583323424461,30.834468602118083
103.42310690007292,30.84651439573382
103.35229658227448,30.888528230816995
103.37376724106629,30.887739959243902
103.33194804213446,30.889514240308706
103.25863438930283,30.89513676973874
103.34059993938679,31.027401121918547
103.36932080507063,31.056501365989185
103.31478936000666,30.952880214633
103.25704983746007,30.907391931237807
103.3012931416263,30.78281680821439
103.37472442055748,30.838846708110758
103.35465913444084,30.86754492699584
103.35913217372705,30.900409175736968
103.3751195602829,30.883662084138795
103.35655894969648,30.845474468285907
103.18576461943789,30.87907620781795
103.2285738776476,30.82633296676505
103.30722152360195,30.76924422925569
103.31528533819089,30.674698015317695
103.28344834682245,30.646185291546253
103.33708046920498,30.69490726324449
103.35136156908833,30.731390951149102
103.23613437046787,30.770036401517856
103.27009018170027,30.796520216913425
103.2275910637145,30.85744820821576
103.21247078137937,30.8835378849664
103.24126904381626,31.12737544380139
103.2899748456592,31.06964734185602
103.21380253527289,31.033107107244497
103.18848057043316,30.999871055989807
103.22749812621723,30.923219548241217
103.2754729205836,30.92170388781858
103.2874278068722,30.827432700667035
103.1575438061995,30.79830393694425
103.11367691602786,30.779329389166477
103.30569430918523,30.821581227103064
103.43785868038044,30.88596463311022
103.4716068659474,30.946282107158844
103.50343861861553,30.946608139226143
103.4953705004748,30.961211484353004
103.47101061687182,30.876547747472078
103.52039835089704,30.95124250002007
103.51089567043024,30.953223300506696
103.46883797600503,30.91173942160939
103.460820138025,30.859596669884844
103.42769129166332,30.833409113111628
103.31557375197264,30.8257481428278
103.33538901921627,30.906339294309404
103.366201121378,30.905239460185904
103.38008266230653,30.91177250299962
103.46539970054788,30.866308960210805
103.44236116644885,30.878908805656195
103.29997963282769,30.787622739933703
103.22259137855835,30.683455823059155
103.17725991380242,30.649002101978393
103.17586209914359,30.53701123925001
103.19197265082603,30.56504840790697
103.18907829361584,30.611383481199418
103.13441925083085,30.629752230430118
103.16306943471925,30.7467231756979
103.19188143141734,30.821113316918016
103.21386191470314,30.838672950382062
103.17180779323519,30.738254191518216
103.26564816117089,30.63940008119427
103.1898565179042,30.743844508998464
103.32303896098028,30.77736842603526
103.31251610934085,30.73429808913061
103.27141450185171,30.66819457000633
103.25671554824179,30.708257494600815
103.27709764408706,30.72429842808365
103.20049600787698,30.638333035025653
103.15000388142428,30.665567307909978
103.17226391526137,30.68122772408527
103.17232550713642,30.68459126702388
103.15931464329694,30.806598069975617
103.18346853672418,30.93728381872995
103.23805357267804,30.9742959657301
103.20724144430251,31.109998800525556
103.21940720506397,31.04040525625761
103.15205192016931,31.149995053424504
103.20240955239437,31.166375426091044
103.16040862669281,31.160091925738143
102.96488577100963,31.21224641657254
103.02265167092764,31.276026415682413
103.05120897193405,31.237344369592055
103.17440583014303,31.163597853304854
103.17451801564829,31.113537489722965
103.01671411031965,31.11378695419495
102.91749964580193,31.131154208908615
102.94536884843201,31.183105827899524
102.96239426750613,31.1988373440931
102.9850062083547,31.104752031749676
103.06109472778739,31.157437784968636
103.12225887134645,31.088069634385747
103.07657139716578,31.13023062297125
103.10540819647004,31.088260386177506
102.92455043440673,31.10483708070235
102.9220007631126,31.097447477286842
102.9220007631126,31.097447477286842
102.9107135381935,31.11848867017158
102.9370875465943,31.22129097814694
102.97263695251215,31.11251113937399
102.92428246260839,31.112576299190923
102.92428246260839,31.112576299190923
102.97649734071155,31.080626444246747
102.97410056535945,31.133663316983828
103.03305905215835,31.135043040804288
102.91264299879292,31.214852360887864
103.01635767728928,31.239156084996022
103.9922380905109,32.24607947602128
104.12762115607018,32.178973250556986
104.167922416828,32.19281201323959
104.03676025474898,32.265349965646124
104.06839933327598,32.207748422341616
104.04765230737583,32.118079027477464
103.90699894680574,32.20549518361869
103.9261882959307,32.18375798073376
103.90226786007389,32.11397427029902
103.89308581918883,32.13251457346598
104.00517348170162,32.21371994254291
104.10848444790263,32.21224063001235
104.21863179482807,32.25055570373769
104.19922681313403,32.31820927437689
104.20052548501326,32.304554822512955
104.33916213754542,32.22330415212991
104.27738636348998,32.19779719712382
104.32246621691291,32.23924817950599
104.3173175085487,32.083843562736746
104.25279611440676,32.058366043641094
104.13827477963719,32.17078138520104
104.1547733616019,32.25128063146384
104.19724723597133,32.1684817933803
104.25543269345434,32.20516563603423
104.15526680637898,32.16549671244412
104.15020741630525,32.163724203938976
104.17541606692576,32.24001248738389
104.00815059530268,32.27658282985816
103.96336975626157,32.32890057144008
103.94080428403414,32.31864812623062
103.94735424210947,32.34195683039018
103.87224246484159,32.39669639554783
103.929395635477,32.43143106136638
103.90906082516378,32.35977132715173
103.9396091500384,32.39616497803834
103.94180380760758,32.359571351031924
103.9418135107123,32.34985043480608
103.86945821550391,32.43692289319301
103.91800520149594,32.51227660585355
104.03925062924664,32.51279776574617
104.19264841640029,32.706487024766574
104.14802731795334,32.75904604427152
104.35112526905965,32.81758050251105
104.28546891214765,32.94618008398967
104.37006353798134,32.82593822036681
104.38288409314795,32.748219125340896
104.39882080898282,32.81796995912584
104.37544655646903,32.70480568009216
104.34187441686086,32.68498890855107
104.34456059488934,32.720626194912256
104.4136603977861,32.76896487021474
104.43482415261313,32.752980485723114
104.29186863943734,32.81896592227334
104.23509708679926,32.614115486258605
104.24741256384573,32.66072215227924
104.18712720724578,32.61330596357534
103.99864447225202,32.49907875203704
103.92302431238868,32.518564595810524
103.90289716855412,32.617075166024584
103.93629443697442,32.62024284952707
103.97792614658354,32.51672959930505
103.95488816333265,32.58294448402325
104.05111594564859,32.460765923317766
104.00479660854124,32.45515260901641
103.87018333227184,32.48193297547056
103.85089493827826,32.49704033655763
103.82086233930431,32.50479100416581
103.88807737010359,32.537790259947236
103.81405931363777,32.51164606903066
103.82115718008986,32.56932361677555
103.79200659962014,32.573143102686714
103.81258186421614,32.59974384783314
103.89574097571926,32.66026862002106
103.87205229143767,32.67617152496305
103.86190290416526,32.62915611802944
103.90600010790018,32.64159174526918
103.99332368018209,32.62357492720248
103.95849850088715,32.687136461011995
104.0974418688004,32.72434271555038
104.05789685653885,32.71832388640504
104.07269985340257,32.62634384144922
104.07614512131812,32.58738944180215
104.06905660781997,32.66343050066129
104.10840967496932,32.532869502860784
104.22311288848749,32.57123722019119
104.2220929815676,32.592824621120634
104.2427613963249,32.61025709057926
104.22923690804757,32.67000911217575
104.17693862487197,32.62273969616992
104.11586007757826,32.681456289260176
104.07627704634824,32.63785451191279
103.99831345327857,32.69390148362733
104.01458080954501,32.6654765301816
103.98560527620072,32.75596343165804
104.01054214012288,32.705013651102334
103.92288706522162,32.65350558567321
103.93287721776171,32.73254659839549
103.90229871022545,32.809192545778224
103.99152842423364,32.956163430508006
104.04693803881044,32.95079148359354
104.11828431789756,32.991616867532386
104.20497565820588,33.02507784857672
104.21253567397902,33.04648331409461
104.15816887079788,33.03646262794488
104.24095498317429,32.952534903811774
104.23324023852835,32.960518877420334
104.22651376848901,32.79257535783607
104.24284658555071,32.78560635491091
104.20110387207701,32.81687060611743
104.24394121324971,32.767969045392036
104.20946973528206,32.76103292881782
104.1689771356101,32.80626854565435
104.27066163400686,32.80880849184327
104.36348081176816,32.86424083284408
104.2699673131208,32.9005274175719
104.1838018124167,32.91900888239136
104.05679684524951,32.92050121365624
104.0165150728506,32.937683285165605
104.02570722747438,32.9071382444427
104.13409417289465,33.03478215846748
104.05190075550226,32.99299826575151
104.07298475103673,32.979866888553346
103.98728358476122,32.98931640740284
103.94966196676685,32.906574891628814
103.91092172601826,32.85440310577544
103.96066861057074,32.93844623263546
104.04638270326406,32.8309081861069
103.95639121937089,32.791413203280996
104.01880642801511,32.79742912641345
103.96987165327937,32.759099140572246
103.97268070377935,32.72308755147857
104.1109416009008,32.65302309139869
104.12888704194653,32.64555533636941
104.09825170785048,32.55889948580013
104.10842786459303,32.70959240118497
104.03457686322186,32.68181386718673
104.04069988586006,32.62028564963018
104.09623979790395,32.5830079010314
104.06225083479896,32.646734380563004
103.92315480844074,32.62457630781735
103.939609745226,32.60543916887175
103.99150128716688,32.59118906556001
103.90604306831266,32.54307902363967
103.93320589363456,32.5752395419147
103.95594452554543,32.52594814562574
104.07631754520212,32.54781085811667
104.17252794738842,32.583739146124415
104.23075022522967,32.58738882792763
104.2228381317944,32.695353045570286
104.07510422087752,32.5468317632005
104.12965508979369,32.42788693299228
104.11652131079455,32.46508529350329
104.14518697369482,32.462912452539264
104.1181043400832,32.424608866696325
104.16921735904606,32.542407746965026
104.16748365504101,32.43582117595734
104.14999253634815,32.451931068287344
104.19659585263055,32.34624122599818
104.14533272557289,32.31879912654501
104.11301876360146,32.32174139722777
104.10140259957493,32.32094550882602
104.1121566660853,32.36331248216442
104.11873595497418,32.21390341945246
104.25388677973854,32.1476755995227
104.30953534846195,32.14407221380487
104.31862132456047,32.119071279586166
104.30297048706593,32.12064364010299
104.29938395842196,32.167637865956706
104.30280081888993,32.153252440328586
104.47083256886457,32.11860791216654
104.42672873577683,32.11627243043647
104.35462437956055,32.13893450111559
104.25215332379891,32.08797531403215
104.21164515205679,32.095019557725905
104.22092338519326,32.12490264154834
104.33961687540548,32.119695985341515
104.28011673044745,32.07127141830342
104.34848199280748,32.14256893519217
104.30266837403379,32.212201681559506
104.22208315771086,32.25836565417175
104.23497756910231,32.33983014133963
104.07112166559033,32.13551407784256
104.06535090363843,32.13882422938175
104.05309610212453,32.053634299557
104.08655435260393,32.025243679553185
103.94501799770501,32.01645019040335
103.92956504214446,32.043926040832304
103.94304268707675,32.03921462520931
104.04975929863133,32.06771081870938
103.97071445848947,31.99730130748173
103.9696930077014,32.0451631234479
104.0634305350557,32.076821215661646
103.99119438301396,32.07964901367119
104.01392195648582,32.24711193794756
104.05439940765423,32.223321288037916
104.0964187885483,32.158304424496436
104.08958563613528,32.101569695129896
104.10004098395805,32.128333528672634
104.01529124969579,32.20686270433851
103.94980254019694,32.11934966003685
104.02186877639969,31.963681512151993
104.07601030358943,32.126878435143055
104.06498721088174,32.146397926154805
104.06785710257977,32.18090595680253
104.06842833576917,32.247204334138274
104.1309656652634,32.33212178969317
104.15560207655402,32.31197525719181
104.15185964428139,32.21287006981823
104.13867844101216,32.22215669979505
104.10951633613213,32.427057957261766
104.06307712314998,32.40780410294793
104.01593836733753,32.437527367218685
104.0142402949856,32.44817214780936
104.13469641652706,32.50220413173448
104.07844782011608,32.381778992875034
103.97906471713208,32.31145287327348
103.90916132116605,32.412657831776265
104.061246366346,32.28087056282694
104.12732655800384,32.28830591269698
104.16081315415923,32.21351474476215
104.22917832798734,32.28937241247383
104.24170587945429,32.28533135729512
104.3175196373122,32.29147873914652
104.1812524490075,32.2452333820794
104.18022748863191,32.3193276714363
104.2199892868133,32.34840452179671
104.20750889185784,32.35838923190325
104.23256317428383,32.341374278621366
104.23105977830015,32.31596025818699
104.08998763951259,32.30399362553992
104.02820106356855,32.316322647701895
104.07507164931867,32.29458345637328
103.98715695565164,32.159565032445535
103.99622088663229,32.13810044696175
103.89648924841602,32.1941092135433
103.88502329513898,32.28419733445301
103.88233360864893,32.28746714654262
104.00408011420375,32.269525588590334
103.96010994360978,32.29509552205525
103.97688283155803,32.42513188345465
103.95625081972885,32.34906044279233
103.9595006571774,32.222075360731104
103.90594516787564,32.16361249731696
103.93389322780916,32.336529758621865
103.91403335283141,32.394622527084145
103.84370173823294,32.39336536606316
103.89092664330177,32.41967053128362
103.89161394232524,32.44658268342787
103.87458539542108,32.588704461109245
103.93355887432011,32.6418281487143
103.95718830932381,32.78264505252112
103.95734114970456,32.760146020452794
104.05457922864393,32.77954377149494
104.1400909749307,32.629246798352185
104.15877750630693,32.57344342013939
104.05629421872521,32.620060743816325
103.92671533286828,32.750304897011866
104.02024663170475,32.69618098782048
103.98401106601614,32.66192206838908
104.12503815729296,32.703789413534714
104.09370219785686,32.55206460030089
104.02329869998522,32.65611812815744
103.95520541818529,32.664682836464195
103.97649134573724,32.764477452003035
104.03009591838864,32.73804008269883
104.0977453326855,32.690076542044416
104.19471765752932,32.62912564280801
104.28401111549807,32.70828455785937
104.25731774095979,32.645674210044554
104.31809293341244,32.68082729612432
104.37663510642687,32.64659757896764
104.34365395351251,32.63303204689039
104.52165420814644,32.622204596904176
104.49205224758164,32.65688593688779
104.4758523890348,32.680145264420624
104.43148887726409,32.74255774686583
104.39111704518514,32.83967329988168
104.35337615580997,32.682288534075546
104.26041165424999,32.62837906112484
104.2485249430759,32.5621917593589
104.22161858348102,32.59589802069429
104.25793407519666,32.64373767317155
104.18448044842094,32.583071116276884
104.17382093345016,32.609033695415114
104.17431254826593,32.56692510075596
104.12773535831421,32.635066185565755
104.03236410946359,32.7187051935012
103.99023509525752,32.68762710910997
104.0425896814938,32.774122904637935
104.21771500663961,32.743412277031474
104.215629148291,32.75791892330333
104.18730011205267,32.67551214829265
104.09610683285342,32.66044095488452
103.99677569680725,32.77259538535379
104.0562768452773,32.789588524643804
104.17997669380138,32.83353394528665
104.14921681158098,32.825474715796666
104.0788046716071,32.8867656618427
104.07694680412202,32.812469008063424
104.23546925092602,32.75548040470566
104.38853661226904,32.87079904074378
104.36107554635409,32.921146817159055
104.35347718251627,32.83205564560681
104.36107927106623,32.851687610994254
104.4237429681558,32.905859200872314
104.4937601503701,32.951903025183185
104.31767622283473,32.763608285899295
104.30257791182424,32.79419642254613
104.3636927292211,32.85352855255017
104.25226090708759,32.75474971928221
104.26704610877708,32.7220101325617
104.32462104161841,32.669086373309696
104.34942849798162,32.71387709375873
104.35958640557503,32.79053003181149
104.1371466171379,32.718266744249995
104.16752201011025,32.83150044534255
104.20162980528207,32.83845736785746
104.21216245858606,32.835125229119015
104.15329352866648,32.78259661319201
104.09263330982975,32.71943647339745
104.0742468239492,32.779832254633135
104.11473953830323,32.818785328388174
104.11760636873272,32.83281237197238
104.23341479340682,32.83221969027103
104.27283535025717,32.769827893854576
104.33199373971767,32.76233715729283
104.3348865736534,32.751878233995484
104.39873528390567,32.72142082696744
104.37966154621785,32.61564223218032
104.30573969957297,32.67015377325658
104.41862516125076,32.583472277312296
104.4023004064399,32.52763697736557
104.36313244875046,32.597343031280424
104.36078535785323,32.60157096327205
104.40705688127636,32.63307650029027
104.41665965274484,32.670089989207966
104.39647639670842,32.680012817035
104.47222377282111,32.671279652422704
104.35917818262975,32.620125085539655
104.36721566152393,32.79600129556518
104.39241144904096,32.804137655905514
104.41928044122334,32.65646839574899
104.35942628657854,32.67416465879761
104.39719388927067,32.752691764292294
104.3208866579933,32.826690223218094
104.44828407285836,32.919699165172574
104.46753787013724,32.95750581474357
104.43597965076648,32.91786790649556
104.48515507337069,32.940079561357116
104.4593059794613,32.8667208863639
104.41950165541597,32.75582738717611
104.61691469412851,32.70897056603584
104.62144044203012,32.79776359573241
104.6422407832565,32.806770427066255
104.59955540663867,32.837301481797816
104.47868604748248,32.76381281674023
104.50333073685216,32.747635112722136
104.38877602730994,32.72289133653161
104.439695935382,32.68754323908705
104.47246247266582,32.77713483337444
104.43068256832319,32.783209040154794
104.43050496811163,32.771123225852506
104.17850319441308,32.77220030374558
104.06636277831903,32.75923627519789
104.01168974772366,32.79410465634594
104.07815102893687,32.762691567305986
104.19814037855384,32.793249848595266
104.19786713011777,32.715801312787534
104.1431076357833,32.695695354796655
104.15908086855855,32.71597091178586
104.22323298833727,32.78767266180327
104.15131731527309,32.722544429233764
104.21020447499858,32.72745287535437
104.21020447499858,32.72745287535437
104.06393766505845,32.715760466347
104.02410216754559,32.723599146203064
104.00271268619322,32.718481613315156
104.01092545715962,32.73444466472248
103.96899604042778,32.58139562341641
104.05121554803348,32.433628697668425
103.9938604341602,32.46675029867532
103.93655212927995,32.477952005855876
103.8986133709453,32.32279664377003
103.8342049086875,32.343209754889735
103.94628942747606,32.44692166125706
103.93420054651693,32.44000774966144
104.00897833764812,32.43585485563002
104.11335050287882,32.480588944189115
104.13446172008877,32.47859392091849
104.01489858819959,32.58460413269698
103.91495453497716,32.55186885027817
103.82227977516595,32.46704891526238
103.8910183481064,32.6248522146562
103.88864954594185,32.594947405424435
103.85656929480423,32.638714570000246
103.88538005097527,32.67725992605826
103.83022878405544,32.654042674646284
103.83171800684713,32.677910374141405
103.90848397538002,32.58387945177589
103.84685384909918,32.5931447910889
103.87924538089365,32.58815490693492
103.9404176384331,32.51293614989586
103.98499332403058,32.45974790607531
103.95367460261295,32.520627609387944
103.93842457609416,32.49156166535816
103.82738347537308,32.55651036832332
103.8401245397495,32.534366990247925
103.83257574292408,32.483241935753256
103.84935016097555,32.44009305401521
103.85835311267238,32.427912597668126
103.95886126321518,32.47076549733145
104.11717803063361,32.47555809695641
104.08273202553517,32.63334575602703
104.06613324134645,32.670802303704185
104.1430169421022,32.63385585194573
104.1566648429199,32.658540407612804
104.10690233625299,32.61296840251165
104.13809997501772,32.62411905477547
104.07508461442721,32.57482161217564
104.01826539846572,32.64508834034292
103.99640160999549,32.60592811857013
103.91125380816266,32.60348978450306
103.83868412381184,32.585270077348085
103.81745165212823,32.608286997664166
103.83008479976692,32.56386826087904
103.79985895469274,32.56575686338936
103.87645983240964,32.499564423118926
103.94388515267788,32.356421477986636
103.94319564694877,32.358171868742126
104.10844053428545,32.25010058964002
104.11786866106404,32.234390842282664
104.13987820531604,32.28512560155039
104.12571562391028,32.26560065940821
104.16844108772068,32.2704635231226
104.04378724535225,32.24146587679333
104.03024922602363,32.104492347898244
104.02370465340753,32.0917272225532
104.02370377873623,32.21181502443761
104.04907120372889,32.18947016859413
104.07969117402406,32.19604010838105
104.03251292439178,32.25919068993865
104.13338197140986,32.321045168476495
104.07191612112972,32.2623018586122
104.09210567934426,32.26293957969247
104.18443569152426,32.30220669273043
104.17860679281065,32.27296643035999
104.07493914131292,32.330534190450116
104.09840882158099,32.381710831440735
103.93307602247754,32.351237713285165
104.0168515067882,32.2499524488195
104.16460986269001,32.1627335115482
104.18064453605011,32.20381395251607
104.28836148502666,32.113704196054385
104.15265789868722,32.1869413120333
104.09030944761412,32.1968196366461
104.06334234899275,32.20913807712299
104.09084378531165,32.0523018126982
103.99124621380845,31.987242196690552
103.98953982021601,31.959271628106187
103.99091837115829,31.987268144559902
103.98839481206639,32.0225234579967
103.9961646102813,32.0968311872733
103.97576984999978,32.1842185942474
103.98851771443256,32.141288993788976
104.00099981534055,32.18845327808648
103.9613950156663,32.24633870430804
103.92358608163728,32.30721644663659
103.96899640658837,32.21168275864927
103.98710346878042,32.123165205412285
104.0254230034755,32.256901248606106
104.0819299772673,32.21627948916214
104.07569300837177,32.264571857693745
104.1611100061007,32.42592611739884
104.16093277730846,32.40887955983108
104.1408012546965,32.39865787794021
104.09923133085206,32.538835983454554
104.12218779740569,32.61760119420781
104.14781329739793,32.59466295475879
104.26258358114936,32.54674087025161
104.23443932832197,32.57868725604542
104.21174888449798,32.627427222919565
104.19007193137588,32.65501603525501
104.17115380405124,32.63547344064123
104.24468391809604,32.69973050816098
104.28104253601467,32.755257875738906
104.24820532869764,32.76192848494593
104.22037881324513,32.8183635807431
104.24736515467642,32.73668121946827
104.34890569209153,32.760579769376726
104.29850386138118,32.840907422715695
104.32053125859211,32.72298419136487
104.3950513557191,32.91868591646751
104.32193301557253,32.87366907061906
104.3707078989245,32.882314911882915
104.26799423305349,33.049282238590706
104.20887985921333,32.98961005737384
104.09962452296239,33.11407537048731
104.15980262245678,33.11671174984669
104.1999873184954,33.01073485295867
104.27255060959257,33.04699069679798
104.26220489310153,33.03853904891316
104.10684900589118,32.950919361788806
104.09219963011957,32.84294193032646
104.1120012284451,32.933555638283195
104.04117656495512,32.970834529132446
104.13439759122409,32.913345191844655
104.0409083420166,33.02923373019451
103.98570721724089,33.06061059331915
104.07967752074036,33.024304339038416
104.03952261248159,33.10233971527142
104.04308500091285,33.05149112930926
104.09747732179795,33.073533408772256
104.06980654456564,33.02934319575353
104.06159913626047,33.05591569923311
103.99303444616429,33.0240033787805
103.98752385297477,32.95455069564937
104.0464033063686,32.91516991746531
104.02754604191725,32.937037847687826
104.03251030287174,33.00772110840389
103.99579722485001,32.967656651204734
104.0530924037192,33.08664863906167
104.0810480669144,33.06692811367315
104.08741323286844,33.02821936930085
104.168433628916,32.91064686374481
104.10144798665588,33.05109383828867
103.9904610455228,33.071023886578594
104.01233859482201,32.97197503702112
104.00895585126179,32.945541606934384
103.92149282178907,32.84376756035376
103.89867062234292,32.84809574756082
103.97636469256084,32.832271116828856
103.94927883347138,32.79191915460928
103.9746184702581,32.73465481831998
103.95074429687322,32.69264907266093
103.96388323245695,32.686218081118305
104.04710379197584,32.75875376647284
104.22685391636371,32.71022517564424
104.26797220269802,32.750930488219076
104.19720385519749,32.77530729140511
104.25435935678243,32.81298573439107
104.24452920365842,32.93893835907842
104.24007529592231,32.894626816053496
104.13895642351115,32.92891551748504
104.11689717351261,32.94170379960423
104.08611568312777,33.01976236990714
104.17656877481942,33.05139429488781
104.1674572265741,32.96627475607486
104.17601900574172,32.976638658018764
104.30450371237717,32.835132793699174
104.26189396169647,32.845300881564064
104.27546478179804,32.697820494396396
104.20663569897638,32.73729672776999
104.22301931728681,32.70571377708344
104.27809864587326,32.74605733965916
104.34366731594145,32.607053767561034
104.452674214001,32.64114572747308
104.34759850710233,32.5421506602715
104.35407262506388,32.55263152902963
104.33096287251423,32.59853592630568
104.3749910732507,32.56479491983335
104.3749910732507,32.56479491983335
104.35951558082886,32.623088816978495
104.47629522816138,32.61886761358928
104.5571532022938,32.66303126794251
104.57484525739875,32.54320840691758
104.60473013271705,32.556591383282395
104.56054993813986,32.50227625418534
104.4643872504819,32.52560407322224
104.5067895389024,32.56744771249094
104.4302796771749,32.54904293309969
104.3656474847526,32.53186593668929
102.94218378030602,30.614830038062934
102.92812746582484,30.519892992508645
102.96271851291635,30.490865834202843
102.8089738981828,30.501629757539828
102.85632444729698,30.547264230143465
102.9395534513143,30.53340287009625
102.85523872670524,30.358910566126852
102.88884828465476,30.32841158315083
102.84536559214513,30.36379795176207
102.87000423666767,30.366995433901234
102.84768478807835,30.367919958938394
102.81418451197793,30.431030796901084
102.83340433763196,30.464713327833486
102.84186360850823,30.481360867936814
102.77047802639176,30.46664859259866
102.83178094408414,30.460499523728647
102.87786152415072,30.51810557681944
102.885506214778,30.47112106132062
102.8931957946932,30.512562145633986
102.75365836044546,30.547733933543114
102.8168860250342,30.4854899266955
102.93209270509821,30.35058315983394
102.8692092740079,30.39392789757564
102.89833533885368,30.352505603504742
102.86957203555961,30.344554917161364
102.83095907268088,30.475831371551035
102.86595598142851,30.476238471753007
102.85048672335965,30.51240755819523
102.89430460797091,30.606515918060186
102.71494042923348,30.729634536336853
102.67150378800548,30.75860766751724
102.69936906943069,30.845942866149546
102.72113575462457,30.827468763880976
102.7067743116079,30.91264306508995
102.70227882588846,30.889796083403663
102.71868868275546,30.90571265357612
102.68638446609211,30.89825314353142
102.79843741046243,30.783742773154625
102.79559942905804,30.802301593605552
102.63057229594351,30.78331712740338
102.56599441030866,30.746470158484545
102.52822940199702,30.63578391241361
102.48665046285046,30.64920962802157
102.52333925311879,30.602361087616778
102.55141261579672,30.610034235445834
102.48096040970424,30.533095171076255
102.4946624253225,30.708025747983086
102.50085599857508,30.772341901376723
102.55872354867176,30.693743253293075
102.57756149899272,30.60049289633845
102.4440551431146,30.49756547873997
102.45695108971256,30.466974872992537
102.57802308467703,30.596585689922975
102.60259390041504,30.806423001408138
102.65549935273984,30.850584579536157
102.56936535506037,30.83266898973296
102.63094767838243,30.84245331043117
102.62742677358295,30.841983148157873
102.58829923937661,30.77115304131583
102.48785426470653,30.75724648844392
102.66863230466862,30.841487543329727
102.52902983942194,30.794594360408478
102.56478969516942,30.784505279517585
102.62266542016272,30.709192332925703
102.65292210677575,30.79615518840601
102.69690728373351,30.848533787856077
102.68851686665043,30.803693971431308
102.64875880134977,30.721018915408305
102.7913838998653,30.754477639735832
102.83088921399826,30.782489475014383
102.82939718976357,30.824125412754043
102.78926134462162,30.872153807654403
102.70241737702409,30.86352999632788
102.73346698289768,30.78409522783561
102.73734178160615,30.787956845504507
102.77503404724484,30.641806786433875
102.82295866031328,30.668170406175687
102.74345478265238,30.648167884493382
102.80909246887009,30.69410891168002
102.84124314518263,30.805014352888087
102.95263774295502,30.84250340777428
103.03744275938317,30.859418280376275
102.99866438756501,30.874903934110502
103.0069495044421,30.818754210430033
103.03855052479031,30.754528807387267
103.01487414846079,30.73365147044438
102.82540600376706,30.74319243623662
102.88272374480958,30.736953936799843
102.96267196049628,30.688085240099625
103.00300918570825,30.704127298524284
103.00175386118485,30.816040769751048
102.90805838966668,30.830480290957137
102.8825660040481,30.82134801463368
102.81088537895607,30.79674429858662
102.87807013510148,30.8092599812031
102.85159524669452,30.756966305327357
102.71568082411056,30.66812861565536
102.74222295035341,30.678443704003588
102.69618068865954,30.7186202336971
102.71960400431956,30.680990371334975
102.65216763169408,30.721460160056715
102.58935242856023,30.763406946398515
102.56761912700377,30.575338012521865
102.52415339850224,30.54289061768446
102.50120927851222,30.51614360627783
102.45013007643244,30.51481599604627
102.48523331655599,30.50094506001517
102.63300949298632,30.634424972905094
102.66971038083868,30.66226692498368
102.70395503406887,30.654268978483696
102.77807550345685,30.52568252745575
102.93481351484198,30.48095201710612
103.05307629578914,30.518324428608945
103.04238289475823,30.553594743872925
103.02162835865666,30.45688883276775
102.94811738440961,30.412580877560817
102.99387067878794,30.41154271599499
102.94424869169562,30.46805897096468
102.91278717711828,30.344495773543983
102.92911790871268,30.412208992660762
102.90464932182294,30.350493111530415
102.8331498084979,30.36163599313136
102.82958217792732,30.37201376903118
102.88604916583327,30.35971656197426
102.92825452422318,30.37131418627924
102.97774333430384,30.444891067490065
103.10159983574576,30.412017745322416
103.05999129557605,30.445530254615374
102.96008146606532,30.508101684910752
103.03151849896962,30.41610371620135
103.0343986097017,30.498527858474645
103.04447945869363,30.54861224508455
102.98420787348954,30.570791282214493
103.05991550043503,30.592941360557994
103.11045000298589,30.553753841990357
103.1066745178629,30.76603262535896
103.02684728373943,30.72581239901464
102.9772379194028,30.67428041477945
103.06789022681032,30.810319007851355
103.11361161578495,30.770151232703256
103.17532434121182,30.77597684214617
103.2469177737845,30.789056330672416
103.21349567248565,30.731575600330974
103.22562824926777,30.64182822518175
103.25120140502244,30.697542951112922
103.35791545788076,30.72744724098487
103.3277869569837,30.70977049171037
103.19657736948741,30.727105138887037
103.31622679736351,30.672913913105795
103.33396958876472,30.686090290805197
103.32886667173518,30.75389293712167
103.28493388248518,30.8562618703316
103.34076740817251,30.835570991306987
103.22718357019717,30.664539425994782
103.2845566134402,30.769722744024406
103.27020866587019,30.756500079580775
103.37285593667782,30.837868305442804
103.1622662580765,30.71815001257251
103.09603293590943,30.73998769886008
103.00547494631901,30.61943665672342
102.90775354205813,30.500334113055953
102.93689461625834,30.454309320600505
103.10586150183185,30.41221713557642
103.03772619379846,30.475663857960164
103.00227072658207,30.47973664336469
103.04978025623804,30.647024396181934
103.2006886956778,30.574021041058135
103.2133210057734,30.63246473323053
103.20859175038846,30.658056761800335
103.04833113890837,30.415775537570134
102.92916472781513,30.467387939564208
102.97331575342754,30.412667314732186
102.89860361389924,30.378517055597737
102.9977748366136,30.47289923337309
102.94880258010157,30.426392701579694
102.94981214650646,30.47531720574723
102.97021403607205,30.42467443886337
102.92952196128222,30.36351627180212
102.99920902897435,30.40949076671498
102.93069288736875,30.527289550733425
103.08541476425818,30.446622390612188
103.06447182010935,30.53274292953003
103.0304218200321,30.54070054293298
102.99502422610843,30.454991335494604
103.05090371142141,30.430352183858375
103.0137768172755,30.52916055698301
102.97688026012341,30.465961096204417
103.01200531658289,30.605190776193044
103.16536591116991,30.564050843764107
103.06436841476228,30.61948782538764
103.02405476177742,30.51642753589103
103.08588162763128,30.46861620368746
102.9610319293064,30.444007650513186
102.9232598008973,30.43466242410115
102.91466630321821,30.459433090702294
102.84008768458739,30.668564723676702
102.92978121005751,30.660105711870195
102.93430845018257,30.672585485280557
102.89037054728438,30.85160073699322
102.89896621516824,30.88371818697612
103.02332505129405,31.07936930176029
103.05047748748042,31.04649991744808
102.95353848730402,31.03264304387952
102.96796095363898,31.00048616071146
103.04530161944467,30.981770367672464
103.06564643749634,31.028567691750602
103.01707615647139,31.048286009821364
103.08569891931378,31.020355444827377
103.1902036737164,30.9850735100799
103.14464639701386,30.972558428593327
103.15628245146151,31.04719706264863
103.21236772751676,31.107935523788242
103.26829995149603,31.060501090722216
103.33797040635419,30.985187679905337
103.35744196598817,30.81662637077693
103.41835255572734,30.862922244412296
103.32982908866404,30.840089753073986
103.303147180877,30.870955228745785
103.37810019914855,30.91518628012604
103.33365927639453,30.952662722896115
103.26471355060406,30.939286117531335
103.15710868068456,31.054570589498088
103.18684562745578,30.94317501342047
103.06524854283454,30.952828333886394
103.14597574756073,31.054010387301975
103.38452117611027,31.063219981517324
103.30095535985235,31.005567986473984
103.23066737737113,31.094212949212324
103.11835710398124,31.10321377484138
103.14945192797505,31.180798364884115
103.23999246651583,31.197361184109386
103.27038874873,31.22804133047421
103.30091425795896,31.091582597182434
103.15205018468266,31.0618473610039
103.16929900663551,31.203527186864694
103.24887059531274,31.313315202740576
103.34323807040809,31.28647640736166
103.41933739470902,31.277940723098197
103.30141464803522,31.237260576399773
103.31244654931129,31.286708688455303
103.28770544799089,31.387022329717574
103.31514244618529,31.3663491082612
103.33012577329198,31.408047145568265
103.42389175207296,31.41061616854931
103.4216846948978,31.42171653840163
103.3848341509109,31.354571089503974
103.40006640773379,31.43079209667303
103.32729447619812,31.32572989262818
103.21631762995969,31.17539707029255
103.17427836397778,31.23062509436182
103.17556534679517,31.194605324345762
103.0190806860472,31.166746753940586
102.94982616346219,31.168863903631856
102.90775260014418,31.20215118183741
103.00434367148296,31.202493979859934
103.02816352500247,31.27885677116274
103.08937697461275,31.167063577324146
103.05940980076814,31.269549149978488
103.02254583075215,31.235810524801344
103.00719080920501,31.322979091826067
103.03250901515979,31.238800008010124
103.03372632482572,31.209672785561928
103.04472113084249,31.239300429866653
102.98708292962087,31.254291539960217
103.01780395664181,31.299959852267847
103.02758603259963,31.161916265565402
102.97429577288997,31.223262342747244
103.09566963432817,31.187597854392845
103.14270932522851,31.1291921453427
103.11344169954153,31.243763002461947
103.20456905597922,31.291371260917543
103.165331617467,31.306549447291868
103.2895686197829,31.220400273696683
103.35043158109049,31.351823338345582
103.44520540589318,31.418395715921225
103.40530779163664,31.432897427841016
103.326311936733,31.326237956518277
103.3691151748067,31.234781630343548
103.29762456150864,31.244786100765122
103.25912276085607,31.218136217063808
103.22555380505372,31.329932584896827
103.29874155063291,31.34867152829232
103.36012832182888,31.31856711029326
103.36048992848201,31.262735125663596
103.28287555707941,31.193299805571957
103.30410822106887,31.221459219373408
103.53864407089841,31.194478479252588
103.55033984734482,31.264343606302933
103.58456448780511,31.152779888780493
103.56343613491184,31.25647427107682
103.58251797119297,31.228584589183363
103.57244657689658,31.276578674467952
103.6137579145222,31.342837680869632
103.56589316563715,31.263364292479196
103.67290646418306,31.17590814440732
103.66704762837723,31.18440937816806
103.59284973445261,31.306863454979545
103.65993169055399,31.344810582825456
103.670438582754,31.33350560898605
103.60774911139768,31.269805141982957
103.58651088015404,31.240706183718185
103.63548298711174,31.281399603113748
103.63144046233833,31.30524430260478
103.66451860609963,31.22002306334209
103.64179557309515,31.12389025084695
103.57461864526815,31.182261374765964
103.61388735120195,31.161170664409678
103.61616281518552,31.12692823724642
103.60409570320984,31.158470865575428
103.58162957213,31.192829354772158
103.57026475263012,31.148494450060358
103.60281262590915,31.112404859316268
103.63678904192093,31.188247370123307
103.55822418799417,31.27205611467911
103.53458186674305,31.221672521546882
103.55227485506437,31.247133572544417
103.55783498305104,31.121389077056822
103.6063493480252,31.17419293269037
103.55836858568466,31.184307856535238
103.56977930799042,31.116933264096907
103.58852914371938,31.162837409506473
103.63446779994125,31.16264794683146
103.64162929478172,31.318405399577426
103.60693466717109,31.3141530261799
103.62943672299062,31.303224421207084
103.64212531983455,31.207139033592597
103.58991693632534,31.189285199205425
103.5923328832833,31.09781404313265
103.61549254654251,31.12402029244254
103.69454640050066,31.181000824427436
103.66421102422801,31.141210326219834
103.66277259748871,31.16101187962939
103.67479822995055,31.179906442241215
103.70124334573539,31.212694454204946
103.77428638157787,31.278315651650175
103.89090523639909,31.356046516535198
103.94274490095307,31.356777307448784
103.87413350919178,31.36209534925152
103.75569308694588,31.416191858157376
103.82925258391714,31.550496791151588
103.85878129349857,31.61554395758433
103.86752749782923,31.557443538305293
103.83980948963803,31.51084708913626
103.82017533351863,31.47052498245346
103.8292269130002,31.512398395562325
103.85341569277779,31.483286726708943
103.77879207526071,31.49921110379909
103.78257141999806,31.545413484747463
103.83943829044874,31.533741739683613
103.73928578137871,31.474373045351463
103.7554482178277,31.48319971052102
103.8046833163342,31.476523125071274
103.74366060418896,31.464472241418925
103.87275554345673,31.404677569814076
103.80173314544234,31.368772659606314
103.75106050635422,31.310454824101498
103.85224487525956,31.34648193799453
103.83814601926042,31.46530124184398
103.78436485837813,31.51507999651467
103.81665817885757,31.521338102288517
103.8161195723061,31.559256661292146
103.96499196669573,31.60998904507612
103.95953430119916,31.653712697473683
104.00426963971181,31.65414001265659
104.03330090158695,31.58210091536912
104.07586220034814,31.59165064505762
103.95079858100209,31.609391859559103
103.92001424453883,31.65271974953288
103.9080797252263,31.688231708428088
104.02791430198101,31.624041348095332
104.04573592745761,31.58678447415072
104.1489457695418,31.653195020139897
104.12558984816076,31.74203153760072
104.12871167043346,31.77586539078898
104.11111026367743,31.700927350217132
104.31558608484603,31.792003058473973
104.34603877452983,31.81419848931088
104.33698320989373,31.82318201118956
104.28486552500009,31.773972280397782
104.33691958008627,31.816198367565303
104.31751870570876,31.80321889420871
104.33937524039618,31.824460597609324
104.35004013611092,31.817566258714887
104.31790330763543,31.817910631665107
104.26567258351785,31.799682319029237
104.27239223132311,31.781994471790366
104.31573718793742,31.773657276044343
104.23762282446422,31.76107949502865
104.22137922620688,31.801426947618403
104.25076227862945,31.742129772953486
104.2825316217453,31.740593045169085
104.18721994469209,31.753962795496758
104.10710789379777,31.649066231603836
104.08787501972931,31.57677981390027
103.94216618419705,31.572533978486256
103.8694450594934,31.63682516343056
103.88923190011118,31.660133735532717
103.94038350125618,31.648868041890182
104.03349218370725,31.693563593370968
104.05390717315713,31.747195661536004
104.07478849104105,31.74444382312769
104.00674692666965,31.69513259823449
104.05450216824791,31.65957524783298
104.11260668456195,31.66823074845174
104.04505756253592,31.682008419711707
103.94800122469564,31.697660462878517
103.96418594723438,31.705146022307716
103.97495690840826,31.661185947565816
103.92161991307485,31.606072237513818
103.90907616760185,31.746340388597606
103.9670617470986,31.694047805479173
103.89918356067045,31.765515439844197
103.81468435818026,31.771034325978366
103.89889275568999,31.74504669865883
103.86921992702327,31.802805174658072
103.84134930294326,31.890059014631408
103.83291096056229,31.957603292670054
103.73355745059901,31.93777430105639
103.69949894209071,31.957821544303812
103.68400000124814,31.92567295843472
103.77012910278863,31.967472333430397
103.73473762230945,32.03769572399804
103.86175499781055,32.04497745575379
103.93229416174624,32.02702718530259
103.88092828379929,31.92864491389214
103.88610306141169,31.99064427063042
103.97363563069074,31.905767818283497
103.96137810980949,31.850332632034352
103.9104831703346,31.858971013850702
103.91246259702018,31.79652271065481
103.85217657363795,31.775011431058264
103.7023545245223,31.885081508902832
103.75452448355269,31.926345919003445
103.68396525040129,31.936716894914582
103.68818752443892,31.982994713834316
103.73475997364378,31.901377189380035
103.8805118490701,31.840186928954274
103.7977465757024,31.858337267445407
103.78206381121456,31.931253440284557
103.75154150864446,31.90741329476454
103.79982405921272,32.066220513021776
103.740547326507,32.07743047016298
103.80545133650432,32.06007394747478
103.79813639454191,32.093710185013016
103.99647623306753,31.94869652607999
103.95205771447546,31.99157925315734
104.02410492115122,31.97201972110967
103.89938606489294,31.979762898674572
103.97168704459001,31.88790412191434
104.01881305601563,32.00807319956956
103.95719563485308,31.968936503624878
103.92796755708636,32.07926309330489
104.04609517032596,32.0665330901723
104.03945372216931,32.097018007119615
103.93434331789607,32.075458727837315
103.91336347911383,32.015192781117314
103.86002527013522,31.94688880420312
103.85519647629144,31.937063613858104
103.81151961303313,32.02705838487615
103.83241906881693,32.20586348183046
103.84658536760845,32.286558500279284
103.95263390031293,32.20823246469461
103.95704737758798,32.20311709627252
103.85600471541332,32.1845112980824
103.90498822480689,32.26269508679961
103.93902027386213,32.26885971602433
103.87584113802689,32.21499528785187
103.84544952596339,32.23527933572895
103.99043904670468,32.20518703935023
103.8558354776983,32.22507942685026
103.86024663818984,32.28441087124242
103.95100347444784,32.38366590181716
103.97305483259666,32.36500094821845
103.97135229095657,32.27283250434798
103.9277668325943,32.31385601252641
103.98547043323985,32.31290285583836
103.99553979428676,32.41456157159307
104.08811021934976,32.52907856237879
104.06299086052758,32.46844376906381
104.14777981677473,32.59453259539305
104.04354682322801,32.64309446522475
103.99672087109666,32.60493114248906
104.00404659515323,32.67167889155522
104.02315102790851,32.679502321368325
104.03022143367873,32.614512237771365
104.06917285213595,32.66392044330879
104.01164634802373,32.775826855066036
104.11555755281593,32.739251926794
104.0873671683795,32.766164271675834
104.07859099788321,32.72883448073621
103.97550278272568,32.71460246110136
103.95009374689366,32.7453642223709
103.96714121232274,32.65034723746548
103.98954889491277,32.574743042668764
103.98882969136268,32.576491997090926
104.04242056514917,32.60746034365509
103.9909175716478,32.642799609035
104.00568620058449,32.505756035406115
104.06625806902093,32.363675362943404
104.12793414834779,32.411758321869264
104.12058406403044,32.43863936064706
104.09646473653822,32.35864695127249
104.04300511712658,32.37262847324226
103.96089328409695,32.40825431434669
103.91189064178025,32.243653232966516
103.8914371132575,32.36043992196664
103.97735933653213,32.2249742279618
103.91751490834767,32.224439678035665
103.95306710940523,32.09994306610251
103.92189219659474,32.14205562699355
103.9909265852763,32.18058946009813
104.04583039107638,32.259972973302
103.9801527952258,32.282285959483524
103.9175462730782,32.39802326950789
103.85543493039319,32.48581036774695
103.9046016087316,32.56070702573165
104.00591240268707,32.430308937460154
103.88566955054992,32.52266024429695
103.87975718107148,32.63112870025624
103.88529335426747,32.66229606161506
103.8851234954688,32.471134309942684
103.93087441056156,32.50802389745362
104.0571241526952,32.42847349626873
104.04059098057081,32.38240915512456
104.04607625430289,32.32927783673579
104.13899645280141,32.339342601909
104.0739535218374,32.4326638912872
104.13445341272099,32.46191377333833
104.09109170761884,32.43108811645062
104.27082695780351,32.32687615924077
104.20095192224265,32.16449851846024
104.27259799708185,32.10873040266286
104.24001068423253,32.083460273068134
104.26360792474834,32.13913997074614
104.2744308902133,32.134840069170224
104.2707746581477,32.091002464679455
104.20334942100062,32.1743218424053
104.25610818715023,32.07750634881672
104.21800454466492,32.08152950785416
104.26792442674603,32.075801253656756
104.32626779433289,32.05102830753181
104.2842606251895,32.21021417723481
104.28900126129673,32.0812824030118
104.28741861080816,32.141010199868354
104.33019430577481,32.12714110906201
104.31622899249791,32.109258110809016
104.29829006498932,32.11976059186824
104.34789569518331,32.11031315327349
104.22285709165067,32.07467489677075
104.13942151355796,32.155614494468914
104.09251284217338,32.212237753464755
104.11110726822919,32.29046005016102
104.08812647303327,32.27250168547896
103.98735301062588,32.251218787822175
104.01399723975527,32.28801603636666
104.0015668668104,32.26700698565497
104.01882321770825,32.341374925140784
104.02960529712422,32.25013346897503
104.09749227248636,32.20716065346185
104.00494118460816,32.18125165968362
104.05077176963626,32.180495993574795
103.979404386135,32.21466726715873
103.95401207252804,32.2463906352894
104.05908994329486,32.25503729482495
104.0693989374612,32.2062335738697
104.05409578440867,32.16080217804019
104.07180155234663,32.17353937632723
104.02293179553364,32.226858148219634
104.05610175732647,32.090399453910855
104.09050410675565,32.13173271892797
103.984251091711,32.18782398913108
103.93594761696802,32.60253327541292
103.85862948184591,32.52264167201463
103.97623581602788,32.41130809243408
103.96072948638337,32.38053166556042
103.88315007064377,32.285014847744215
103.85155451228907,32.32519462891325
103.89133686669693,32.235594126419066
103.8102297358783,32.31257477533753
103.8150415677163,32.303922744990125
103.91069739765047,32.31567415053085
103.90918364151159,32.202271970558456
103.95924468097081,32.151044799125614
104.09869374540148,32.093094362671025
104.11789032005271,32.25998318041499
104.17037181793374,32.26461768853934
104.09685522989075,32.28447053646714
104.12742898270741,32.1747890971604
104.15822299156649,32.191250844390574
104.20446555563825,32.33190115601268
104.235570411319,32.353371139379234
104.25036167288478,32.29430915990013
104.20671349219826,32.33551623322272
104.07995291543929,32.286231994588064
103.98870709508077,32.36663057561065
104.0012308781238,32.37597620981868
104.04601812998425,32.3615386196166
104.08740591283951,32.36932745260949
104.06144809339672,32.31147826429653
104.00092810140984,32.35223500606738
103.91358399522444,32.28874768791816
103.83751230699328,32.2098148374118
103.95966113212789,32.20540182438951
104.03661057784906,32.39291602472318
104.0228475829592,32.30225637241933
104.00121908383183,32.28649344788704
103.99599621795821,32.25536319587672
103.98822322216813,32.124139750321675
104.04511035993083,32.15326784397292
103.99417556894036,31.972105680703045
103.96220262414857,31.981627755680446
103.92461799211928,31.996425318377266
103.85465794286395,32.065387424186945
103.80600173176049,32.00237012815196
103.79686620541473,32.068698559901854
103.84167697041912,32.122319023102705
103.87904945546003,32.041363350743694
103.92593686570869,32.08079827180415
104.07286725118743,32.033049483322216
104.04344835873022,31.960770630869494
104.02582184414453,31.839163018418525
103.97877404198901,31.91425791187261
103.87959678665378,31.907375054179365
103.80292332790162,31.78840270156828
103.90411476526067,31.762939594056007
103.90151702479329,31.747363795665073
103.86788642099694,31.741740530880943
103.90481207155405,31.768645650859845
103.85442663939371,31.723013898578287
103.97344383461959,31.73396118919521
103.97683295410634,31.709852122821914
103.94576516399813,31.710218812512572
103.91266406439433,31.6127376717349
103.85758384390897,31.488844535130646
103.78028700965913,31.447503089330063
103.81486343465048,31.52717686668381
103.85315786422683,31.489209846405476
103.88499889721024,31.50140722494426
103.79312939779346,31.43716401793572
103.84781350037778,31.421050800315633
103.76125595016106,31.456527541143746
103.79187112056337,31.47772945415532
103.87450413094574,31.531782338488995
103.8678902626095,31.541724390073295
103.93158951765854,31.444328660910774
103.89709862819771,31.46220110223731
103.9261309210433,31.54321251594759
103.90568259180047,31.541166562806914
103.90777748997847,31.506765538777284
103.86192072203237,31.540684553743628
103.98913411032042,31.627667693948446
103.86016066502057,31.547440732216227
103.86163373133414,31.500958146460647
103.84807806708882,31.467270146815697
103.83829455924892,31.494593596775697
103.87589052773316,31.48235286291039
103.88173331608584,31.41386278826026
103.9368257986787,31.53592365077846
103.98178725411915,31.471544427535378
103.82560729446662,31.486675221387824
104.0183510138524,31.468138280030715
104.07801374564458,31.431182236936042
103.96670301745372,31.461295262651493
103.95420115160826,31.474503368334172
103.96846622577144,31.500453225438665
103.96846622577144,31.500453225438665
104.04791176007375,31.46265877570612
104.06349869357226,31.437917374816482
104.0537489397697,31.423446607812824
103.98906682821772,31.50051150934891
104.0317894190895,31.478037065237277
103.98364557367479,31.485846059313513
103.99439111403176,31.54366096907854
103.97332524939509,31.603363190526068
103.95890264835418,31.719778796914415
104.10093500692204,31.720128996145988
104.05058321964663,31.58386675378271
103.94374577908987,31.56536022463855
103.88332817215164,31.62805704723447
103.89382423025675,31.6533570051567
103.98270038305323,31.655215055353366
103.98376535438291,31.62903147671233
104.16840566349435,31.647137270795998
104.07353109441992,31.601264514215753
104.00671700865217,31.542727137472017
104.00866735358149,31.599185432014732
104.00879636945979,31.605581106682937
103.8904513338417,31.712070307894397
103.87452618534064,31.662051485229544
103.84485467658803,31.604419192359607
103.8502406572658,31.540538332132662
103.8062748700966,31.57752250750071
103.77065946626874,31.506597376494966
103.7692559187604,31.489730040002993
103.80047046089354,31.562374369140652
103.82753974873793,31.554135556325033
103.88540782633841,31.58869029136016
103.90559499220748,31.622163242719534
103.86269490080974,31.57408151610139
103.85243383461375,31.57086562106269
103.83761383041069,31.593590888277074
103.93751317285961,31.551900021976607
103.88439457694032,31.61994094191079
104.00678198382097,31.640452581233056
104.2186355702749,31.64592026721312
104.22404157617056,31.642550105366652
104.1304783590067,31.681181887844946
104.15876509173792,31.670607635893298
104.08754377690273,31.75727642984474
104.085539626234,31.668968271872917
104.11573136800848,31.724743947929962
104.11070225186889,31.74149322370322
104.07856231964823,31.748316116633724
104.00053478633053,31.727523250673837
104.01754518737145,31.67230587235615
103.97900530759185,31.644411735653495
104.05475603545467,31.697495961229976
104.15353459470806,31.674850544414568
104.1336708321569,31.69324900301932
104.16992928530327,31.708795666158498
104.0441205654162,31.66069136172236
104.12453933542766,31.673181130948155
104.13139490567032,31.64878930629762
104.13139922705102,31.670847667867587
104.08680185808909,31.68428294836868
104.17785183553148,31.760416825221597
104.18556915935598,31.791420074764233
104.21806957214304,31.75013230413848
104.13272981205195,31.758026914187464
104.24056424261495,31.78588166865688
104.22045803742091,31.79085350993718
104.19912088247848,31.742415401943763
104.06299208516947,31.704723360222324
104.05150031435903,31.71733495266132
104.01183315471548,31.68983179616427
104.02523898076878,31.739424986437577
104.02195300548755,31.692730894587452
104.06525019750576,31.7113590208549
104.02804824724132,31.737154422243982
103.98116283610318,31.669391877147547
103.90991155292014,31.658275853047925
103.82816525689016,31.605949317188724
103.88661686240116,31.582551943340018
103.83646416192099,31.518184710460673
103.81037614649863,31.552664376746915
103.94046354266209,31.64052818439165
103.99441475144877,31.569096704864318
103.92388060836373,31.579495947539353
104.00381467047663,31.574180559731694
104.03710078357074,31.47676510813196
104.0509456599313,31.457630855951376
103.9963998141031,31.47352360196244
103.99399933479827,31.546798822468773
103.95896775902199,31.52353337828474
103.89224378363481,31.581812957528964
103.86599973076093,31.572422235696447
103.86534004830723,31.531030710418268
103.92802458357318,31.575726615238814
103.96880067316057,31.56245117819048
103.9250928655114,31.693128132420252
103.99330273743936,31.668580611630045
103.93108452061688,31.52159168845272
104.00169126141114,31.470251146196187
103.98894659014736,31.544233456825825
104.01841127662713,31.603911542439583
103.9753438693808,31.643893827721346
103.97274889716846,31.544155434278828
104.07209845041666,31.5512360390179
104.0827746083981,31.45276248807528
104.07706418185965,31.43617305433259
104.05514257441254,31.479626526721123
103.92938010581634,31.48257088366981
103.84927194020952,31.508436965210375
103.9095985475792,31.58213500981284
103.97149983574694,31.55841603254553
103.95075693553018,31.549317565025596
103.93322008531756,31.57086885043385
104.02639875404813,31.61356256136972
103.95690164343772,31.62319476368574
103.78420807036655,31.549566910608757
103.80784102059934,31.58847635901854
103.86013049344838,31.53610670248711
103.8294472841758,31.592392181120463
103.99021036059526,31.636772416730377
103.97807311709376,31.571216751261336
104.08235526543015,31.568189177961223
104.05578509606941,31.530814180361332
104.06428652558563,31.58442254392785
103.94347015170939,31.541500736115065
104.01583916582393,31.504979732852213
104.00043992749329,31.524810317348535
103.8792021183961,31.625952206832135
103.83354543634859,31.608761083253412
103.81172315237914,31.556638869163656
103.90294096514839,31.493222615924193
103.90033923976374,31.460184627751218
103.89914534985446,31.529760029880272
103.89855738421711,31.501022621963518
103.8877834570744,31.578552192512017
103.86171189316694,31.496996630477994
103.85633236336896,31.408233339470016
103.83605435003348,31.389502370251723
103.85640328426854,31.44574229401978
103.79803728207682,31.342242284418507
103.64691041666451,31.31282776132264
103.67681458894147,31.342108980381578
103.73373453220746,31.35094513858503
103.74016430733347,31.3564803824722
103.7478451880036,31.301323518463633
103.74100671446878,31.341152227592623
103.75043468089473,31.33673879899348
103.78524957979232,31.325263539005643
103.843522664564,31.380104570763642
103.72909132256783,31.228863222639603
103.77966189113513,31.364415981738635
103.7721192857388,31.40219264444929
103.69257819118663,31.326935680385095
103.7036795396852,31.309423090573805
103.72049640784066,31.380940747392682
103.68127297671654,31.30295554014461
103.6541519557862,31.26087324308671
103.71573789538849,31.233286931553447
103.64145106163821,31.200114604624066
103.67071552958072,31.2780367946943
103.57556072160565,31.290097151367366
103.5588332505569,31.28307191243151
103.57884001267983,31.267123724945833
103.57704691375072,31.259546385996646
103.65486536249661,31.18769213712633
103.66363824036797,31.194548587148066
103.74325148509736,31.24771195833307
103.68515894558101,31.188935944764143
103.66673657073142,31.22016319963966
103.64255409812833,31.14409468757894
103.69593576940852,31.17643549376571
103.69560020521826,31.193742879028942
103.65958852391846,31.17438974368875
103.71100178617161,31.23137687735328
103.61643854900511,31.20416856776075
103.5999406739819,31.256934759641485
103.58485526538401,31.274502121208553
103.60015414317327,31.20030501230254
103.53212625593943,31.245202473881953
103.5873948786941,31.310769878437153
103.59677767659151,31.32867981829191
103.65680358802065,31.269348086225218
103.69065446357034,31.376226273538858
103.64335812157607,31.305806571899904
103.66822410841694,31.305350200496235
103.83369278718597,31.296139112796432
103.73655564078359,31.317059257887053
103.8083388301834,31.306738894756545
103.76256624018627,31.394372454805772
103.82494121157242,31.411383573267045
103.99858460948386,31.49249276788986
103.9096486466786,31.479450866640818
103.96599296775914,31.48289618531063
103.91060865012972,31.47172978852418
103.92466848020615,31.41647407581525
103.86756485323957,31.394855002936232
103.79102829386675,31.52240571356363
103.89684338394932,31.709734059373876
103.89869507204997,31.667475351985285
104.0214563278086,31.666083727187562
104.0630541349397,31.57836114298783
104.108964780153,31.588272145791873
104.0837005122976,31.579974598448445
104.05183236684275,31.650181530847703
104.11216775145215,31.661994830492905
104.13102387018691,31.680332853228737
104.12099320490701,31.70135962338519
104.12384713107558,31.727696380303822
104.10208522664858,31.694050451178427
104.07958950893858,31.598759665972498
104.09636161209295,31.63141228676033
104.18382772860602,31.68872292365663
104.2315627098001,31.763835555928445
104.25992072205442,31.767055432735074
104.18299184225855,31.669838448367713
104.22559432179803,31.749352360444057
104.03067982091585,31.86115549916304
104.0383801388014,31.951751532411272
103.86254804187361,31.810311382138398
103.91211831805687,31.840310137483392
104.03430722165842,31.97906688921751
104.08350176408248,32.15426025572921
104.05043339760388,32.156972492209114
103.9978459058112,32.08712743846644
103.87579104121387,32.1747802000219
103.91716895791866,32.23676843568192
103.99776348757155,32.22442932179019
103.9487432167173,32.19366803844829
103.882960141082,32.15697115792592
103.86218535399207,32.143395920816566
103.9160842349385,32.1371737261847
103.8567296236286,32.168021501724645
103.95852124560147,32.10512985162281
104.05385324990685,32.07044137622452
103.9487525055786,31.980266850440426
103.96968501020653,32.070389165011846
103.91170749136828,32.088726958186825
103.87982890415527,32.002793930656274
103.86252460388278,31.97408121924509
103.814898492265,31.83228229750281
103.73593126801823,31.833463722013892
103.6942113750736,31.892268276548233
103.83566019286896,31.93073242884001
103.9327584355686,31.92425263328673
103.97605430949774,31.941280213305586
104.02703536501723,31.910798835572546
103.92388952910487,31.8055546428804
103.99049306589666,31.820675192467103
103.97595530848731,31.831461321280507
103.77627078547395,31.87704640553875
103.76277770084585,31.908882771580114
103.84089865214794,31.9715560548697
103.85641393339449,32.06767910465234
103.93458581611374,32.06260055699822
103.99551181927585,32.09317816744509
103.90090235052612,32.192208065369186
103.84067169192802,32.2559629741935
103.94667511734491,32.281620838923175
103.97077568836664,32.33788149302446
103.86975951596787,32.35381085090745
103.83233244024069,32.3345980041282
103.85905031744159,32.38862467168057
103.8208866224801,32.34486974751854
103.83747061380217,32.41000086170956
103.83606343432878,32.42750622594491
103.87542585442172,32.397061387223694
103.83568321482272,32.40554546306556
103.89362481348955,32.38679432224648
103.97617632070632,32.25844266918832
103.90761385850661,32.18029098771104
103.95860111438213,32.109354327630925
103.93351498617415,32.149354311781735
103.88187062087535,32.10963208681666
103.84289493831085,32.01856901436188
103.88086286420271,31.92147850196581
103.83364219911816,32.004826054379194
103.85370950479074,32.035143758022805
103.93565204981633,32.00277115745119
103.83073287751486,32.01907109520666
103.78644862678752,32.05109419045057
103.78333603142815,32.05660189374682
103.75046152161255,31.98867191540598
103.80839670580372,31.922804967020852
103.81766265010023,31.903653743518806
103.75076849333668,31.889418760275202
103.7046840992221,31.841066204501683
103.76544677669192,31.82253583022454
103.86614466081542,31.942720555018546
103.88628706913292,31.88851896646603
103.85943391008539,31.89864592400989
103.76246500785741,31.919754682609362
103.6941445359321,31.900789425112983
103.70570943030464,31.939399160456226
103.87509460208892,32.02988187002636
103.90877129707037,31.98000605122288
103.90102006906378,32.0836949452893
103.95733099936534,32.113803058674314
103.93889160958511,32.08655024299606
103.91026129424588,32.08186243495388
103.9663492087772,32.12000591921353
104.01099924889002,32.164307076166295
103.94254197392455,32.245129506629674
103.93737410621814,32.30837089231893
103.97472258444516,32.194169518429895
103.97524379641483,32.03203719221209
103.97842157083733,32.06504137968636
103.94957654367819,32.01331632699106
103.91144873794907,32.054856089648894
103.89429493950371,31.909496068164028
104.03015596280088,31.96040232829379
104.04240208649328,31.950857356941146
104.08792362329395,31.854751848435225
104.02185801527088,31.86652571235497
103.9274262048511,31.939135499920948
103.8113176048575,31.892563182364967
103.78691736629632,31.91273907306175
103.92060801993989,32.00430108512052
103.87787200065719,32.04967633863456
103.88914407234616,31.972802513713035
103.86800056770359,31.95544498838952
103.86409360935349,31.92276193463977
103.91773884617419,31.883988333381893
103.83217820808997,31.877239505262782
103.83621859649546,32.02351573819409
103.86329622577355,32.02474132683907
103.89185378396687,31.982532372817477
103.89491100089792,31.89209813977403
103.83518563928432,31.80880190973659
103.7865677151076,31.87208680439546
103.7490909473647,31.85964772921256
103.679817878228,31.962158349345746
103.74023749048736,32.04129078535648
103.77911987829178,32.028762203313875
103.80791894964155,32.040172632031194
103.7047503358061,32.01206815240182
103.77468558524764,32.00149818770233
103.73990672289646,31.975298296761174
103.72537525401751,32.00139494789708
103.75994914742859,32.03461850820749
103.80302494017349,32.007005203901095
103.76937573840723,32.01540459551056
103.78842300671734,32.06127848579387
103.7614872505557,31.9863776183541
103.7725720268149,31.95072841921078
103.82682035642209,31.864715263472622
103.85561091265687,31.772875936200005
103.92263853711674,31.772634749592527
103.91793783280035,31.842472250947083
104.01303620909675,31.94406262675273
104.0659781221194,32.06900672065623
104.03816962636404,32.15149364858801
104.0280550563595,32.135588965840604
104.08178565420744,32.216353621660694
104.09553808962063,32.16630481586149
104.07165002145867,32.18878345271783
104.09659475865811,32.21048969925602
104.03439670385302,32.25176789889099
104.0366952500685,32.28889187479927
104.00349541703069,32.25305694486899
104.09870656935341,32.2559908269099
104.08014263674596,32.21563206796035
104.09114212406992,32.19890497925319
104.04701348924361,32.232820829165945
104.0685219850513,32.27384836196033
104.09569404327289,32.33434722501514
104.1309385731533,32.375272530981356
104.19646186815119,32.26025164910783
104.29464292177336,32.16149919520189
104.3191488825238,32.18671684416881
104.31145247557885,32.171254684782284
104.26660139775572,32.10204715702047
104.32687488870529,32.21863337532262
104.33576621089438,32.21435013493011
104.3612931566563,32.14697371641745
104.45609862133738,32.07869219640931
104.42462556030794,32.06456231009044
104.45570331654011,32.10455431649221
104.44122475252614,32.072103150303256
104.3780311082854,32.118087180514344
104.30147116762254,32.075936211708594
104.15829222083754,32.16343714588416
104.1719665335928,32.21162912090736
104.14005192106885,32.23829816626894
104.27331914601524,32.11559023545707
104.2142893593407,32.214458070064246
104.21914972307255,32.177506624535496
104.17205605833571,32.174389061662055
104.18373777685136,32.180770868244984
104.2736327758602,32.16604058267811
104.227519044113,32.272647968068405
104.27439775580314,32.234867486330266
104.34186061045258,32.27018638010387
104.31648134865563,32.22998961850946
104.28913070976617,32.26996185358843
104.26512116280959,32.3141455000746
104.3323666400194,32.31150744423924
104.33016623511199,32.235208427743856
104.39411454071148,32.32413543524918
104.31903150227049,32.261555485367545
104.31312886201307,32.19661667540982
104.40307525279903,32.271948820209474
104.43956854220306,32.2855156679662
104.34958449077153,32.260586658729444
104.35438055860558,32.2665588199903
104.3477314002113,32.31232732766365
104.29330706739464,32.238816817098275
104.36118560841058,32.29187376135849
104.34354947125964,32.31105929303404
104.29718362343128,32.315268054749865
104.26019968703683,32.330364512030606
104.16292551472726,32.26941760595453
104.11105183471818,32.266476495899866
104.24552810864952,32.30226356095224
104.16935539911366,32.20900539893601
104.26911075304974,32.28093931187137
104.25967321919899,32.312108526273235
104.2850871703135,32.26425817321512
104.28104359507734,32.32962684102672
104.21118809143405,32.29749650790192
104.23598413799179,32.31520362721654
104.24357569450125,32.30025311084619
104.24236641136204,32.257012118947515
104.3016445520737,32.260768420145325
104.20125093342145,32.22371043145473
104.25110211822893,32.34700274466148
104.22727676900585,32.31470610322622
104.11138484813536,32.36896102004186
103.96310460732418,32.16379356776116
104.01818952759952,32.23769995402269
103.95677892206349,32.19035537403144
104.08584302970952,32.25778673556296
104.05855028215313,32.305629833704664
103.99948904735055,32.34132554942237
104.01771728130365,32.46036623046681
103.90584371107198,32.60156464073328
103.9231782138773,32.733997033315234
103.92815573359776,32.721963110074576
103.95084853214651,32.64879312343891
103.90294059464087,32.73940307923909
103.96200423777512,32.68489269333441
103.90435392139788,32.67434190365862
103.9928505956434,32.74867006593932
103.90689106824917,32.66941303913538
103.91602430952948,32.79032336724174
103.91911527571554,32.77032155815014
103.9410549190805,32.83003152959551
103.94732335888786,32.77879670367034
103.92567403230208,32.600432652215126
103.91794725023689,32.61622832436221
103.86248178899403,32.60953868606197
103.97405626643895,32.717603064947475
104.01844508372882,32.81333692788232
104.1207912971307,32.81734838129656
104.23807812225813,32.8795166770409
104.20118824869535,32.862637706377996
104.24346541102811,32.89355556282213
104.28148300345762,32.87841615089994
104.13070660858223,32.839160511263984
104.14928946598266,32.787578841100974
104.19608818637943,32.75669003537093
104.26919791624634,32.87498620099835
104.24425719423438,32.84384792212329
104.25683209200955,32.70617837712831
104.30064982933507,32.62062174372736
104.28405868559533,32.572541479007384
104.29748022403375,32.522287384954126
104.32433830391136,32.55018653623942
104.2530139573273,32.583389627056995
104.36840181193979,32.59626310972644
104.41851388180015,32.63818282823392
104.32476816722779,32.68083832748427
104.37056431420594,32.78575072903698
104.34695152434892,32.854598409555514
104.37702423778879,32.82359038427463
104.32711923446344,32.94248669158734
104.32126551037231,33.01782869377387
104.31894196929635,32.97233902956387
104.44419620880682,32.9515310461083
102.62272776660978,30.386645557856955
102.60469945769795,30.45637941535312
102.64146373642198,30.452049599141027
102.64305585939886,30.430277724158923
102.5157076104768,30.354287654006548
102.45934386319492,30.330896370873628
102.44748278099426,30.375204378840216
102.47223772522959,30.209062532280928
102.45487455934149,30.252831630966757
102.57235897687704,30.211879875752647
102.58144906852922,30.26771007820716
102.66758388708607,30.30874543788056
102.69483336795675,30.330555843623223
102.75305497654807,30.352959896206173
102.66617242082212,30.37982213826783
102.65804380610126,30.384941004372322
102.69067538086972,30.31364554909761
102.7208914039862,30.29628494561012
102.6466582268421,30.30018801067425
102.64243939174669,30.317600237018915
102.65584314945724,30.45190212070912
102.67102313424425,30.388405092154937
102.64042539098871,30.34303696228164
102.5867812638489,30.2083814290493
102.5407336736348,30.197530831535218
102.50943129265683,30.216902221324705
102.44020076308878,30.284584236914633
102.48172299304528,30.267873718514632
102.46370775042398,30.244333466778567
102.50411318180272,30.17831104212935
102.34602850713925,30.166743722128814
102.34602850713925,30.166743722128814
102.41065975663415,30.163568666098605
102.42037421777056,30.161627244838648
102.50750996240909,30.219749233217673
102.56138132057013,30.328327679582138
102.64922939302824,30.348868951431157
102.66234156422018,30.352200220214026
102.74056108141922,30.344069565082314
102.72927311614816,30.308406023673356
102.6065672458567,30.324054983664826
102.54698046396464,30.25038689514276
102.55285832537601,30.28902864741562
102.62018382838387,30.317612791112886
102.60841727489634,30.297881898010377
102.61210021560203,30.27909473980089
102.65240037688163,30.210798379873676
102.7837749858621,30.270401462915217
102.74846086660284,30.36124911385219
102.68470547478927,30.33906153493375
102.75009635388582,30.282893013624694
102.72651362564751,30.34686800260803
102.74569922697141,30.30855069932819
102.69937114888774,30.27197686048493
102.6495739705333,30.225414534386722
102.63475487114889,30.276209638205426
102.6323603388108,30.370311356398105
102.64959943628818,30.41909026953619
102.53456729144419,30.46188766881884
102.60862399781202,30.314085224906545
102.53162331467526,30.339172445376168
102.54689582491132,30.24986296437946
102.5473320102209,30.340262054151886
102.64594780490698,30.417051978166995
102.54855346131403,30.390905642999265
102.5385409825364,30.503962808942276
102.57743130255459,30.522605901296778
102.62395727516818,30.523696935792604
102.64798398211008,30.505051682094535
102.57408838510554,30.485284522218972
102.5231571576023,30.430210685020263
102.55290859643772,30.469127881231802
102.50931823785291,30.35194432208277
102.48647512349709,30.301741880670875
102.4913569083456,30.26264525017096
102.50420239694895,30.256677950843436
102.56396051210882,30.36404240314928
102.67037886611142,30.401099210600876
102.64140920186983,30.48480806827032
102.6645584264379,30.497296050384847
102.66135257612297,30.51519322063942
102.61589719329095,30.507966908287557
102.45339151645223,30.469240218580303
102.45768499238275,30.386686836212828
102.44314498369529,30.39546804178149
102.4208894869732,30.39111345615222
102.45656578088912,30.27714650408795
102.38225068683906,30.174382639321163
102.33658059868542,30.189831068284914
102.33362456414822,30.136512691769312
102.36310433352313,30.143888068844156
102.34696214211719,30.12896916919428
102.2924699418383,30.122234515350414
102.3083952865038,30.11307039684867
102.28691315894847,30.054543293367356
102.28691315894847,30.054543293367356
102.27837818296925,30.011793933976268
102.27094046181641,29.877368454595857
102.28730960979382,29.922911009052125
102.47791003668881,29.934649890194986
102.39563236413842,29.975005332659926
102.38210479263266,30.073936455708083
102.32655971092417,30.128160181004134
102.33170998245134,30.067541220041274
102.34426172360068,30.014467351523525
102.3827676963949,30.13848525498062
102.53506888374913,30.062865258320198
102.49193064814612,30.087265971015913
102.50680127500723,30.0734289001801
102.44442923223336,30.132305059669388
102.43855109192005,30.176626187493444
102.54344943619557,30.168111946165137
102.47431839792513,30.116345225214033
102.4104346869647,30.102785074238266
102.46591527944146,30.128801469889567
102.43795397764865,30.11129073708204
102.47432327196908,30.141730808996854
102.50101889363691,30.17900872868405
102.49250335331422,30.277786961827296
102.3893210554552,30.222403740904397
102.40619143139341,30.21571350238094
102.56721355247586,30.215256601674326
102.46210692705343,29.994512075287485
102.48053693224482,29.994411757683405
102.51714060957264,29.864655490876572
102.40843722412016,29.823432594695845
102.38976983680935,29.731013671122355
102.34404494934941,29.719939986923936
102.45679546829737,29.73962195471797
102.38269371903512,29.770230243210765
102.50303623177847,29.74476772888443
102.58615526448376,29.712674389340375
102.45374756259899,29.757947210658692
102.51372629611582,29.720219403157753
102.49699044129224,29.724027998827115
102.43059393655112,29.84837506063793
102.45205397441781,29.814874084704567
102.31805824577432,29.86820133642643
102.37389571452597,29.88431689189631
102.33303336477998,29.919380927431764
102.32121910513777,29.999295233255733
102.31215399360761,29.97336918311451
102.30875588885883,29.857225875638278
102.30716635883194,29.86097477509869
102.31693112198263,29.89794757696845
102.34035151119046,29.898327125435618
102.38329727413543,29.913157999072208
102.44044528599763,29.755668993701697
102.5370485914126,29.822900841954148
102.57581364886288,29.84605422396008
102.5576777734199,29.871466101890764
102.56081188361674,29.874176963715982
102.59757439734828,29.869756096501963
102.53003815440721,29.914467053499163
102.5052095748514,29.9544570499358
102.55653914677859,29.857673619202696
102.56525527140599,29.848866088820113
102.63669104085655,29.96200829535891
102.64508672571168,29.985820105566575
102.50095262810821,29.942350778376106
102.39416570406769,30.03228430248033
102.3951289330443,30.083083348151522
102.39405158930798,30.0894042444193
102.33302200146832,30.123542387345296
102.30621570890594,30.134136958717935
102.3082951992796,30.128889048637923
102.31072483481431,30.116719031769566
102.3653123454982,30.067863839447035
102.38171065565871,30.092869138101108
102.42859504421556,30.069490032218745
102.57927934683066,30.204158571417388
102.51255612191652,30.184818672720063
102.48718547013128,30.169785240893688
102.51504719356099,30.16660137864963
102.40236862255286,30.1519146519339
102.39519804486879,30.175248789783343
102.36040695393227,30.163011645812567
102.43579784859996,30.097748510786076
102.4492046003837,30.100320983531944
102.60381341248689,30.12661717542767
102.63198759724587,30.159670350482177
102.73550499285638,30.387614325394026
102.74280694809137,30.369076512197577
102.74306619929267,30.32442320358118
102.721407424359,30.356685603033704
102.61100872889857,30.407890357011794
102.50604072905647,30.453978648943245
102.47548870059447,30.447214998824137
102.43182946526383,30.464822496108113
102.45433816462831,30.536823790446505
102.480911343509,30.491701615999226
102.52338665278629,30.57760437480982
102.55228006524484,30.60552868267784
102.41509938901581,30.49984715728441
102.45127826470195,30.42568443292605
102.52752542294722,30.386987191338065
102.54230896117625,30.32337091314844
102.4777302227649,30.345817581854664
102.49348726817176,30.33023148150919
102.55821329178059,30.3079259384196
102.52742322612264,30.32983779841884
102.48100079878384,30.315873460244347
102.49310533872283,30.348958935525378
102.58082224627111,30.262867892044042
102.53530662005078,30.271296848218274
102.60362332963288,30.2330545716637
102.67994346189165,30.19314237037004
102.67763639226719,30.305653111233855
102.62582141017589,30.279245890396385
102.5705672967871,30.335539219641078
102.57611532204567,30.370333448456513
102.56653451898798,30.363216304026587
102.5735099061891,30.508016134606965
102.64621686015786,30.32647122937227
102.67523100033935,30.299067294574122
102.61802376660306,30.415943848666682
102.67317981140093,30.497192999500186
102.69028118833468,30.636961348126185
102.7872729936289,30.71366981656448
102.79311583063763,30.522464569878753
102.85290979919172,30.488501402708113
102.94347963325784,30.47764969234498
103.01660693927494,30.46733211700668
103.08149580478994,30.538326841240405
103.04855357603599,30.603357800981446
103.15763999502741,30.545302200313333
103.15916620011781,30.592895385797437
103.15835502432304,30.50491181714591
103.15443072626918,30.5241078042445
103.14287919280929,30.57388135728662
103.08089438581713,30.641370582643898
103.18707935037284,30.63335969052967
103.17500260662382,30.572924209892577
103.09541092578124,30.616179891612717
102.982987118036,30.587704018915538
103.044526506023,30.63771106891967
103.12447495464474,30.67752554343678
103.20552357866377,30.69594069759578
103.19290577099518,30.70709599292006
103.21232294159712,30.616039231657698
103.17794808990084,30.5479944135527
103.03065640988163,30.59312596800866
103.06959502235952,30.46132631814469
102.9656096278612,30.418664655264106
102.96871797905246,30.4861793325075
102.95296753355271,30.525765639535646
102.76567206893243,30.626627583208283
102.74887379300438,30.56190029850467
102.77011395155873,30.588849204237885
102.75475376027573,30.596049656662178
102.7282917439403,30.593241965606534
102.75903107773416,30.56153287488606
102.79693964108208,30.55019747093256
102.686408095347,30.494633644989257
102.5933093055574,30.57528281727526
102.62648747945497,30.731588660876028
102.58407999604384,30.620242637882384
102.51842447989513,30.62071763012743
102.49257863211274,30.606723305816047
102.59834172302865,30.578436287177304
102.56702268276538,30.59800282477665
102.52252631492166,30.541309520180494
102.54063401508256,30.589954057975152
102.66502726714724,30.63624013647279
102.69578644597745,30.654355400374516
102.5439155355997,30.798839514504177
102.5049871241473,30.597897309041805
102.49756583461394,30.69919534835157
102.55852171688555,30.62783473637725
102.61316633343715,30.628105735255218
102.570971744202,30.565608807207823
102.53905737451078,30.518589407930712
102.62933665542651,30.501740336329586
102.61221869745425,30.504172590616523
102.581580872558,30.45118504398777
102.65239713520079,30.370645659181204
102.60756516643421,30.336421782280013
102.55960885778128,30.274698541838262
102.46208993619342,30.152567039295203
102.39352702247785,30.11864396636996
102.42271078565393,30.09395193310908
102.37847550969825,29.98509669713478
102.365823450812,29.88939779863943
102.30066890931579,29.866573633760503
102.3228091580037,29.927583982716133
102.28629989125822,29.909870966388976
102.32723247524397,29.86060278282105
102.27412792070787,29.878729138507982
102.30257276413234,29.867611697105804
102.3781672127592,29.836083354257642
102.41911602395379,29.838420024429556
102.40846331842268,29.907821179628684
102.50062634093541,30.083259865510186
102.5136101044535,30.249269216191596
102.53361313452758,30.150864220881274
102.61753649483315,30.202220380935977
102.61616202976151,30.098759704298352
102.61631380182214,30.183246056025933
102.61583401615593,30.124730369976668
102.64630364528843,30.2062765019712
102.58998533450774,30.280008595236378
102.56824766202548,30.176020116861558
102.4279233140664,30.01207300996717
102.52417557298705,30.065213298343107
102.50915945675732,29.991974553197412
102.60658072296712,29.96669024783975
102.56398013360753,29.978751960545708
102.59874058973882,29.97529986723688
102.6272723632998,29.943518022653066
102.54988911394108,29.915433455849783
102.57493512624418,29.86523113465514
102.5983435723838,29.874060868514984
102.60261177094603,29.966551627791553
102.58085809485979,29.975111539508447
102.58612767752746,30.071868908355075
102.58612767752746,30.071868908355075
102.55810998163227,30.0730250668988
102.52967634677613,30.120744267154986
102.51727457963895,30.12082802938425
102.58259336328568,30.215235498471472
102.58138068269776,30.11216777511826
102.67223170771557,30.131155580345695
102.65480016544926,30.163099957039368
102.77474336280795,30.17729884745664
102.7702909967544,30.259461944842716
102.66365489888913,30.27742329186449
102.69164662783749,30.203934530413616
102.69936790350141,30.223669585537774
102.6433018361056,30.20300206231998
102.67347746756948,30.265002894012678
102.75045799972985,30.205033605626284
102.77614966897524,30.181124651260014
102.73158835199766,30.243025812951004
102.67685335615857,30.252907052244485
102.72420202152071,30.266982798272885
102.72457433945459,30.199244127105136
102.71372486573563,30.196740201526335
102.76554351833916,30.19391301542443
102.76224479954459,30.22768168708555
102.69403936156465,30.283819336711964
102.61474397457421,30.30149651055562
102.64324133203819,30.27635027297654
102.63442981691433,30.294425734504156
102.44670747965968,30.312723808283906
102.53012943525835,30.139047904451623
102.56616936909195,30.132002677248536
102.5468226353839,30.125666470160773
102.58781447756247,30.064532036631277
102.60121653688499,30.10242930479189
102.59502312464038,30.074377329857676
102.47920560129798,30.05251554163966
102.5926252238001,29.973423697698063
102.44570705064399,29.946838947246917
102.44372533203033,29.91207697853918
102.53481315189,29.958772198289125
102.66359817379197,30.00940548428046
102.64571214890363,29.994924453210498
102.58576632359647,29.962926013186628
102.59072701372202,29.8926781001216
102.55359002077545,29.924761767335667
102.5366556885533,29.882543914052903
102.53369758565846,29.909000584680076
102.56887118777313,29.954961944535295
102.58610890356472,29.967701110802675
102.54597399737054,29.84118062798391
102.56948509359759,29.79775615412402
102.54056171323668,29.862840208365164
102.57770011702148,29.87624526259395
102.61369945656492,29.86174338991749
102.59448741607373,29.84337426448248
102.50031984438284,29.90298560983023
102.44641623723666,29.865480164056134
102.35400115756806,29.811134347115644
102.32937849430192,29.86074628701925
102.35025341101402,29.92055058654124
102.46376896847268,29.942227072484425
102.56491158677983,29.920980945449422
102.65421156615113,29.946576668325832
102.65838636525804,29.969460298394903
102.6731352432305,29.957658862355977
102.67666053237254,29.94455491570837
102.67666053237254,29.94455491570837
102.6665931503674,29.954158273932613
102.59119073558512,29.92484514926237
102.5386828954845,29.950461824006013
102.59282339855551,29.98937785753829
102.69241968670306,29.923083420054915
102.60795505213493,29.963734036561657
102.61388899842461,29.92924304105058
102.6946735544273,29.922878873250163
102.66553403394434,29.935353602315104
102.67890671640438,29.916693846694763
102.64412000929713,30.02076663169072
102.58928866254335,29.91346279993775
102.52832205076542,29.86399253728085
102.52216109173915,29.884111657137982
102.40639186703629,29.823601762565836
102.43618840417355,29.79080511670702
102.35669308896493,29.82345904952254
102.3602921891997,29.787943122500415
102.38862660231028,29.823914728351554
102.55418337135576,29.82819886551391
102.60765377232559,29.866103964593577
102.5513893317612,29.909029455285438
102.59996717116759,29.928032317392557
102.57838469580587,29.880557675751074
102.60736724718701,29.922908182475222
102.65289388624215,29.9545767967831
102.56462127443304,30.11227241881438
102.55043595776145,30.120961728390135
102.52600106807523,30.214517852117222
102.51118872900224,30.219328910709553
102.54211131673908,30.234378327428594
102.52470332244519,30.20783886964502
102.46745397386908,30.228909386727317
102.45686419281478,30.214704485499258
102.46649351555091,30.24148707062302
102.50430516191784,30.3477209652655
102.56082785974054,30.38494141571424
102.62514523672259,30.38885802041311
102.61210257886152,30.427269287480538
102.64017303522927,30.429676259174304
102.65029341622501,30.447866738863336
102.6904743943905,30.587543386318252
102.76705968124887,30.6014780993091
102.75166615449048,30.54944142996891
102.62751353358858,30.497372371792185
102.61358536101194,30.424062720963615
102.67287082306446,30.482687994623706
102.66052033655629,30.50456202418625
102.63346220332868,30.519435372709335
102.65708479774717,30.499888452463814
102.71102203170523,30.58466609514225
102.85319786893243,30.61076953015667
102.76199490990564,30.602869974491714
102.89187801043876,30.703270975569076
102.84909164583989,30.72619378359619
102.81176152353413,30.664503490838655
102.76841912964251,30.638057964041213
102.68149018616478,30.609193449107998
102.68197875770164,30.632431943896542
102.72790643259907,30.615626153976468
102.59416145568404,30.615798566927488
102.55051925631761,30.621317444888856
102.62468762387977,30.546307726541443
102.62761935634155,30.586834573936756
102.61248934194514,30.70846815823328
102.64966973878825,30.715634493186077
102.80975966026998,30.775420308105456
102.82302192857489,30.77502280597518
102.78884935288553,30.81050751030872
102.81874626562117,30.819330868362844
102.78430227362001,30.777277864677767
102.77389810192938,30.7819028753742
102.7801579645323,30.919578864348217
102.81014996944003,30.86991967816941
102.76396784629401,30.904913217065886
102.69986101538413,30.912162374891654
102.72784205837925,30.86845255302593
102.67684545369058,30.72522204746003
102.66090820170128,30.70218370862128
102.68653579280934,30.633881173835277
102.6036070533844,30.692553231346547
102.5447474092926,30.570449900356717
102.64363551174378,30.592682795818064
102.6643776844502,30.594558441689003
102.73048912128844,30.587761696555148
102.71611230590335,30.67194516495517
102.6828580022813,30.681075983817735
102.72416971818166,30.579171687183884
102.7403185337125,30.626540561242024
102.71441386628256,30.63765822538059
102.67539055648258,30.597485760149592
102.6748965934401,30.52568186222633
102.67443511784576,30.49347033135306
102.63417963528906,30.413213685333254
102.54820276786056,30.497028281506093
102.50820714732187,30.48394081199927
102.48185320327232,30.483633326252136
102.50688076090415,30.46521040242579
102.49829231645757,30.332443957262964
102.42548028129997,30.39504214765836
102.454289744968,30.411091694403677
102.61779792697268,30.57242502387453
102.661157654955,30.625437520600926
102.53109114890606,30.60406930201236
102.49877260646159,30.534478336851386
102.46991606442516,30.51503563070048
102.50103801250657,30.516253796645536
102.54961679047643,30.61314986140844
102.57701093378762,30.574466836666435
102.61982255567459,30.52135130171873
102.6620323615659,30.4998416283127
102.62293357377607,30.426405068953304
102.58112517143799,30.37428638086702
102.53982865257674,30.33779126401815
102.54768415056597,30.283941849254752
102.51526645218296,30.26903184043007
102.45752487370935,30.246755258560867
102.552940373401,30.243800970862594
102.52393537778714,30.214457329960663
102.58062264580094,30.368294429927445
102.56599351505527,30.37112775957362
102.63997952681176,30.356413502981212
102.53954039503863,30.22445807207268
102.55545383017245,30.18950890895414
102.53400195581028,30.205232941402684
102.54546630792841,30.226804616348293
102.58416116232695,30.181462235091725
102.49928811895188,30.170437464255183
102.48344615985116,30.120308016822243
102.52516162653586,30.05078394197397
102.53404386336356,30.081427890140745
102.4963625183055,29.991808189801375
102.43835010309317,30.097668944809637
102.40796855241915,30.033679343142612
102.47842475463918,30.082257296671507
102.45291138151964,30.15337021366083
102.4701091815099,30.0853544612285
102.48154213331728,30.132297757968303
102.50440611245817,30.03482917850885
102.56913178227482,30.078418296455652
102.49451698593818,29.98728857243512
102.49295970108449,29.934462187301623
102.49055280827295,29.961181502578427
102.61885698616933,29.98332325234939
102.5922867679766,29.878365616682593
102.37436993232409,29.737675138433758
102.32798685126471,29.826738243102223
102.29011902891182,29.89972025499608
102.29190034833599,29.91563289737585
102.43141358289944,29.91819120321042
102.35629371699336,29.942598899708617
102.35943179741022,29.879777130645127
102.37556197350132,29.861870274126442
102.45568976152668,29.857883582044977
102.38977938529135,29.7567797814001
102.37848030210297,29.84769392308192
102.34573125250137,29.843328612941733
102.34392747195733,29.829552950715883
102.36321582900182,29.85672178777019
102.37778245728983,29.913618979738047
102.38648317481484,29.924776898213498
102.36491933777315,30.057469717270795
102.37814889191418,30.043229150013097
102.35919267512232,30.084512123242565
102.29303108425069,30.11878474894797
102.33399928564664,30.140267531736185
102.32029955552309,30.117242318834094
102.34114929077252,29.986233730400286
102.30253342629936,29.99284572995622
102.31650992565424,30.008204920479233
102.36746138901643,30.043272297347343
102.45168148834196,30.05002462747481
102.46238150739357,30.031789843342583
102.46186183666505,30.118328453122526
102.50820247298834,30.074656904170688
102.52350846780013,30.115838773652058
102.57365384659033,29.909884882173433
102.64567953511708,29.956669041612358
102.5846390569948,29.954090467269335
102.58429099604818,29.920259635389765
102.55079444551413,29.888932469127035
102.51578741807839,29.897175360317934
102.37452029848865,29.943215688963807
102.2993493894232,29.936740590048675
102.2983340385927,29.8722490385852
102.27955331347543,29.865434272139765
102.35101740035051,29.8482594676321
102.32556606071748,29.8979640770458
102.29419232972673,29.883134339034186
103.37479021760359,31.121899506990076
103.35919485244145,31.011655410801897
103.29628962380504,30.992080673063132
103.14110057092388,31.080142395581976
102.97962891756688,30.959323899366158
102.96655271889678,30.99154624261144
102.96698171606823,31.044812431085422
103.0495899466527,31.05387873095957
103.03805424064917,31.006567744309855
102.97983184846301,31.02216248024189
102.90602636047984,30.893266221305186
102.84366474117478,30.886452322641933
102.86905796780273,30.855342895318255
102.86574072170512,30.89348841077018
102.85175811141153,30.78400782552406
102.76881585543003,30.75718980742713
102.82531180333355,30.70837505607507
102.75324492626724,30.700121649278728
102.71994201315745,30.616163493553774
102.7640589700558,30.590922657223352
102.7973856750273,30.655612094896558
102.82216168150765,30.686886618141934
102.76664863426477,30.73303961127336
102.9352521342609,30.771736920162763
102.90603650569419,30.722678724909965
102.9940588578524,30.708337338014353
102.9417137278135,30.71440025626673
103.0004819201098,30.782592488831927
103.03087885308064,30.69097612353806
103.12327779970784,30.64668754311758
103.06684225380776,30.643163439053275
103.06121991891844,30.68115159009341
103.0863654811587,30.705720772855816
103.12794552128221,30.61997754688482
103.13823499650123,30.7397453885445
103.11323359220148,30.67471377937866
103.04334634700056,30.646012801454592
103.15393293997565,30.641042333947798
103.16530023114623,30.56896446481416
103.16535037776428,30.52947975569828
103.18204467171336,30.522377151021626
103.18075467219361,30.535165373459865
103.17083545229448,30.500183537189585
103.17050565508872,30.553712156933564
103.22201111335802,30.60347587488945
103.11885290417237,30.59666723104943
102.98869934824896,30.678685654787547
102.88918484891204,30.642493594941843
102.77859466845415,30.700962195687048
102.77432746242641,30.697713532460682
102.81534353784559,30.699684538970917
102.8988564175918,30.693627465687342
102.91305385888941,30.8134903366909
102.901087044525,30.763949122191917
102.91615025376935,30.70792120012893
102.9354438911369,30.694028677383415
102.95482922170793,30.706322637132693
102.89996137476474,30.801093620639907
102.9629008211552,30.823256178558843
102.96144049571166,30.773848788569218
102.88184111823034,30.75060604262673
102.95002457249741,30.785143772400165
102.80609751048857,30.852647601798754
102.79910935121947,30.854077391730318
102.86511861423875,30.880242876047642
102.99209299799726,30.953540169890317
102.94381429068183,30.843385944354203
102.95406509793241,30.853594780021787
102.88432638598343,30.74675966189794
102.89191673881761,30.7001014747676
102.77596043618895,30.708813437207244
102.8031315952756,30.676625233789135
102.80303009762856,30.6710472164814
102.99191514470171,30.667065595183132
102.99731525763964,30.71836931487143
103.00639325787675,30.802840152252745
102.9691589490603,30.71943609824363
102.98005605945134,30.722907472575134
103.12729590358346,30.77148777050654
103.05650846763827,30.808109627346845
103.01549956525571,30.891497738939822
102.992242151658,30.852283516033882
103.01166429654631,30.843362144037307
102.92022146113231,30.760118036862114
102.93357890970377,30.77005405518185
102.9107050643326,30.72072639968413
102.84704954672367,30.76298409993611
102.7405818348843,30.759407139762
102.74666552075924,30.77883897022609
102.69044904416555,30.892029392269606
102.70434234003424,30.872499282205244
102.64005532798953,30.81653720838023
102.66436743562514,30.737919325881958
102.55470623434101,30.66075602194613
102.56661102030573,30.58287375743405
102.50005323635588,30.70089607880857
102.49392396223656,30.713104050172348
102.50153037177448,30.630539079422288
102.51620037513763,30.595275738462487
102.65672569386862,30.580554156087018
102.63577669928456,30.70542962439549
102.72299445253653,30.635276695699133
102.82099854846773,30.659525368681976
102.61554372040307,30.67227902813432
102.57207308430692,30.698245888718912
102.59374848708498,30.694293194531213
102.49826143062626,30.635026804104566
102.54820869007364,30.63885988990862
102.57442915383818,30.689919811215194
102.62391899105103,30.637620557417637
102.66279424712043,30.710162799025067
102.70995356535101,30.778892961163148
102.71862251936368,30.683065825690537
102.66193159636757,30.65291960298758
102.58060244228155,30.647568289897844
102.63649384485096,30.593646701914004
102.5884360418643,30.645042866077414
102.59913456525096,30.623658688377674
102.52201845234735,30.743111364272547
102.52010403761138,30.755641979325524
102.51692200556744,30.786748619625783
102.54647744319549,30.77279133436494
102.55072737746038,30.739626399514602
102.5687123491858,30.823784548664946
102.57987320838721,30.800480989757993
102.57732383640615,30.74476594344377
102.53651332143905,30.784070208388243
102.63926669400203,30.74888530314626
102.65000887136162,30.751060002940093
102.72913096880545,30.713130438690317
102.72510669716308,30.682637866356014
102.65125969122059,30.606236320731742
102.72297924739095,30.556120996174222
102.67012020858432,30.63956577970798
102.81700273314955,30.589195279116037
102.78211334641531,30.6465562836358
102.76694899495978,30.650591590957387
102.68566485460519,30.56364825139135
102.6180752868447,30.62419807127635
102.57127516988005,30.684303856445506
102.49716622859562,30.578739498383175
102.47227423974225,30.565174444845788
102.50571674456515,30.53766694396877
102.59982900334276,30.524874427601166
102.59586857707383,30.517750557279047
102.45242525855095,30.561962757047585
102.43368125060002,30.4866315954231
102.46111267404042,30.545293628972903
102.50085295853243,30.449708240718994
102.51660876712407,30.372701567044512
102.53353577191986,30.32412417767103
102.5690129622031,30.32326141389307
102.65892443367784,30.364186566500326
102.56773029770396,30.33147355004133
102.5143903174744,30.331167718913477
102.60172253803093,30.24961706630418
102.50402176158683,30.35655081198703
102.45674272884644,30.371306067580324
102.52561215022283,30.41403601803762
102.50263739582304,30.441178795208614
102.50334035279339,30.461609872270078
102.43873800275907,30.41930411274187
102.50125904464191,30.38904679034518
102.56401498988775,30.447770726767626
102.56003662436828,30.458392484501935
102.58147109909504,30.45154664091134
102.66015612410852,30.518928848710996
102.66834769003847,30.519943755184716
102.62068959811525,30.47845566261169
102.57422207187406,30.445865414152884
102.53092535429889,30.580273088792072
102.54661899730556,30.625781231468086
102.55699847240943,30.62185408747875
102.67477139378518,30.673913868316014
102.74437029804042,30.781509990184045
102.64730120392475,30.83906043510875
102.64313903586418,30.774853856452232
102.69773930880676,30.811051839620877
102.80795626871179,30.781737657129593
102.76346842186454,30.71447472268021
102.92811448838927,30.649303749032384
102.89081447321662,30.713593945083566
102.8808858350784,30.78378256368973
102.88912839195523,30.866888563350212
102.90317014522365,30.86504401661275
102.91439642855735,30.81497190886571
102.89792361999937,30.80169338210842
102.90152393401593,30.793571922827965
102.88730207270811,30.79472048932589
102.85616834692807,30.837016318109292
102.87360265371917,30.819664727418854
102.81602561867574,30.801972038560976
102.84386683918368,30.909681470441704
102.82141547538426,30.848194551396734
102.80268926618062,30.746892658745374
102.70992003020635,30.757335715956266
102.69676850161783,30.714675962842602
102.70846838633933,30.725619031536958
102.8054022520286,30.681116535357393
102.75458122453553,30.69566340100832
102.76257666620944,30.764235887409207
102.78850115291347,30.817924556654145
102.77971647203613,30.746239252709596
102.82204365287184,30.87852875968061
102.7335181110307,30.872475206233513
102.76528131758745,30.81582286328742
102.79837082122464,30.850845605920576
102.85224287645073,30.93343014913241
102.87456342800591,30.900229514716933
102.90907976240725,30.920931501845445
102.91027720755157,30.947276389973936
102.98625371830362,30.964233164937614
102.9783607724157,30.99271965933807
103.09544625003785,31.125108107404046
102.94163230674296,31.137447277651795
102.93849283093805,31.10523681369481
102.98121976592597,31.18022368783966
102.9866712859179,31.19048788699519
103.02488317172309,31.200086937417435
103.11837478946804,31.143609933700137
103.06711740860486,31.14723482137378
103.07574749683324,31.23443548979524
103.204010246366,31.181458626873624
103.1768345606118,31.292609155382486
103.14802355024865,31.21460497541669
103.18222194244868,31.192410130061
103.19726138669976,31.103299019174496
103.28653414614814,31.03207442116086
103.38201995901466,31.025617686263793
103.34109173510191,30.950791292569544
103.362714464586,30.990679803923705
103.28646220685752,30.963392222003517
103.28518643345484,30.975906435388175
103.19375917102516,30.926176564893627
103.18982150842562,30.81613684269557
103.15179073853078,30.807795913835836
103.22023640779273,30.83988523009243
103.21565050589338,30.770825655981675
103.05693031759027,30.797190336805215
103.12064558289049,30.718917136282798
103.24502409002363,30.909118855353576
103.29422358196575,30.853976424918375
103.23938389575387,30.886227097994208
103.12678097546274,30.96047824659797
103.15078379223557,30.939933905044043
103.28556617939714,30.961952600806043
103.3264617566386,31.08733209124589
103.28432501016106,31.11559801822325
103.22662816831284,31.14056246790862
103.26093549858606,31.095364828609018
103.4209832716994,31.16762215710955
103.2368732440043,31.217939270944747
103.37624169390291,31.23597553243856
103.29008141617355,31.21523669933099
103.25120556912334,31.207308520015197
103.3522409597025,31.248704693103278
103.29526629416765,31.256539045878604
103.39231523822865,31.278014762443085
103.43607813709865,31.35803329405549
103.37731575592376,31.299572008260725
103.37021869741058,31.304832303061524
103.40301028416562,31.35222223052338
103.35388466439605,31.325017519071086
103.33542706343508,31.312127053433816
103.33378940069488,31.38350881842704
103.2677291050067,31.240405867065824
103.26099844628654,31.265452727513996
103.28586183655167,31.28510226877064
103.19871235363244,31.291824560482222
103.16740826303013,31.285690690643055
103.38464379126832,31.260517510568953
103.3319990799007,31.310695114372106
103.3848037674747,31.290078684645003
103.44537172818552,31.329146838664965
103.39456811086234,31.383811857071432
103.42831970267207,31.423365923829845
103.44561044255752,31.396542180926097
103.3972146188276,31.431424119271906
103.37775963384212,31.401539627842666
103.38576735664913,31.39410936789389
103.40954125471895,31.394149370252606
103.3018245873848,31.37728480111079
103.25071586077209,31.28673004163888
103.3573272211503,31.25000883367794
103.32964342715243,31.236447540776393
103.35369065874943,31.174700772011462
103.41524492672505,31.274066751152812
103.33944388333214,31.345982163197128
103.29595590380856,31.321960675514774
103.2757784274823,31.36981128649484
103.29641828559328,31.37279096111189
103.2151784104679,31.28407009904618
103.19272823938591,31.30648005849178
103.25613659388272,31.240044345318836
103.23684582996678,31.24153315414786
103.27364678472081,31.350668735524465
103.24833367754356,31.30056989264069
103.28868081282124,31.289179808017565
103.32621928186637,31.346853274232274
103.31536102686614,31.329026023604158
103.31853191697336,31.36199673239695
103.27719670030132,31.269577650580192
103.25969757514177,31.27694868584555
103.17456396402785,31.28496704858191
103.11095891101567,31.162444137156093
103.07010249068043,31.175285764158943
103.00818953219647,31.15968295857285
102.96120935620431,31.12524800167771
102.94045113036864,31.208078417440618
102.96587875928414,31.139921922955626
102.94668438646917,31.133618416436505
102.98313649418715,31.108442631714944
103.01592562231242,31.09803743537721
103.07841941650015,31.039770254230152
103.0474457737303,31.11845252489733
103.11332890919877,31.01256705044553
103.14497386310025,31.002504641015104
103.11239699336267,31.065816675583065
103.06633513203079,31.14010195975702
103.00491942899254,31.128462816293236
102.92925936744561,30.939447760363826
102.99847939529973,30.958621986940344
102.90040461891243,30.906335505315017
102.91475160225852,30.85894742965167
102.922476027838,30.859144532265425
102.8355280474706,30.86340301582022
103.04835965099637,30.862378246939247
103.09089233802473,30.78645896756507
103.10916351124021,30.857778029832357
103.20532545788541,30.914519794779903
103.07121728342867,31.049980957401644
102.95515746203844,31.01388572858536
102.964163534841,30.93931600671386
103.02268792712526,31.03267952790481
102.93201172344634,30.974975014053218
102.87875092682948,30.89236120742
102.87517866478623,30.76330635340546
102.88656103918504,30.758180544868875
102.74734418846349,30.67102343101543
102.71470831093647,30.643059347870526
102.75478367966213,30.66321473167971
102.9302348068255,30.649308973146002
102.99479473856927,30.58373566720025
103.01912419196668,30.59533375900449
102.97860415824118,30.563116517610048
102.93180917673276,30.650515955815198
102.85559822188819,30.550799930214566
102.77253281050422,30.471959626848186
102.92434017447052,30.383336908643184
102.86993834301913,30.40235599549996
102.95627989841016,30.456249298959815
102.99028575750636,30.498092764199146
103.11117664370009,30.523718506034566
103.01405513600108,30.573290816312376
102.97516597764296,30.473762135483145
102.98993935830276,30.490130469172925
102.98277080403295,30.462730650214958
102.9255124296787,30.52863178599238
102.93641756992811,30.462152858368725
103.07065563469428,30.469535651321923
103.03560529298515,30.41295338210951
102.86359731225981,30.339305276109204
102.89746508346312,30.467051844654055
102.978053848423,30.56703037454714
103.03038557094641,30.677261463414354
103.04733333728988,30.787317641759167
102.96316348585921,30.666262791076466
102.84013551159195,30.71628564941981
102.80022331607546,30.794664872261343
102.78364551370022,30.748902399186623
102.78734362684948,30.734290542265708
102.64154550219484,30.7747343345143
102.5705970632857,30.75935468502466
102.5554598637638,30.775921936027924
102.6734420923331,30.838352249368025
102.57770224419227,30.791799990453672
102.51910939241614,30.74834444327611
102.49073002818342,30.720778864869143
102.54583195690257,30.763415520031522
102.50651417426091,30.70645087557114
102.55007998790268,30.670744425971193
102.63180570391792,30.665151550191254
102.59778985938088,30.692116683749006
102.71324125767407,30.751169406905362
102.746046636631,30.81179924528299
102.69164889340466,30.86714231166738
102.70967806917824,30.88698580507366
102.75508262365179,30.8915926610316
102.80544226753058,30.79603021764346
102.77787176209772,30.824202787501815
102.81156274510714,30.883574419802407
102.91053375543174,30.849870230972915
102.79157557197145,30.90536890236957
102.77250392519132,30.88524840465334
102.73717288537965,30.780259879383095
102.69490476815751,30.768344886810127
102.64961452790793,30.750381751555114
102.61541196182245,30.783296178271407
102.63550633082825,30.744757334415905
102.71016425229132,30.721797330912192
102.76226448903665,30.729130373453504
102.71426380556996,30.736120258502837
102.70911275774786,30.705769934653738
102.67965877517481,30.692380903660876
102.78861970535364,30.5888202943849
102.78084862807637,30.625152365843686
102.81169246955112,30.626826408700406
102.87500662193997,30.730629553898773
102.81725560206887,30.642878920668014
102.6934829623685,30.584341959633083
102.7280301942426,30.589339880855047
102.7227027125763,30.58878657273209
102.70883278184552,30.557060611590888
102.70957539837042,30.596163982187903
102.58269144676943,30.639639609201375
102.54379430029375,30.540696353815054
102.47495047691287,30.499115072873813
102.49674639146558,30.49938369861166
102.50844960225187,30.57260192092785
102.48959356758449,30.592190875954298
102.54529118649559,30.554726965368495
102.5402537182565,30.59926218782587
102.60628967535953,30.502080726783692
102.52522475837362,30.49577734137682
102.48896886963243,30.500648630087902
102.63988734628326,30.479211165436876
102.64661237833772,30.409316463684238
102.65545018903775,30.508435311651372
102.60181398693561,30.49945911933841
102.57099330106232,30.39497146206571
102.58071279473033,30.411384033508952
102.56318236551886,30.38466955986949
102.52837422325587,30.514067263129235
102.4583099385486,30.549725294374092
102.49199285747821,30.608280549888324
102.48898125231976,30.77261903827462
102.48294299662967,30.77354869261063
102.49640815753399,30.750526505568008
102.5079102340175,30.77904041073356
102.4712979881218,30.759072167072087
102.4712979881218,30.759072167072087
102.5041616275621,30.729616588336416
102.55408337777945,30.578504398890182
102.53632288149208,30.580548878630868
102.61185156871052,30.574331770731607
102.57694919360576,30.587205670444813
102.61585489152594,30.718235358104334
102.60384464079952,30.718569307631498
102.4965125681925,30.745514960654468
102.54683637153768,30.760631696375835
102.60527560639508,30.812942967001607
102.65512082693604,30.677003985586687
102.68163394775225,30.63802812501663
102.64603911559148,30.653880188914084
102.64486355107276,30.66970099441681
102.63972864066629,30.675809187720432
102.62897520860035,30.737947066112632
102.70355496023875,30.70013925758085
102.84597020766175,30.54027310438367
102.91731617092526,30.589712619739718
102.84612980015899,30.59615018725032
102.96426316294529,30.519800033454825
102.95650810009656,30.53922765573044
102.94801806971343,30.501012707994082
103.00682206676089,30.407709161718394
102.89959997840863,30.538729937628414
102.86372490903045,30.539153329567295
102.80648450357481,30.45110700493476
102.96674298647623,30.363382687070665
102.98318517626905,30.42742658572838
102.95296594839913,30.572428125086265
102.92995933545473,30.54850972584968
103.05696458804272,30.599572420120342
102.98738544278893,30.58554940491448
103.02754663793027,30.61917845131519
102.9429961690263,30.727800730264715
103.00438606420393,30.6779712307543
103.00340590630275,30.61849698066838
102.99176538458798,30.660141455522698
102.95038682267925,30.62923457459139
102.96625238681655,30.65395444142582
102.94588390767947,30.55613455947599
102.93772507512496,30.693032795799972
102.95165483404733,30.664699141207485
102.92289280717539,30.572260541437895
102.83244480241268,30.56655780225722
102.81100649647642,30.5160706880436
102.88723135193818,30.50132213987622
102.81856035355452,30.502378760315793
102.84507441825089,30.472130510626698
102.90265988417318,30.454241840052262
102.92275356526976,30.374504806512697
103.03162031337536,30.447731428237
103.01419080095982,30.570501290744602
103.10974765005963,30.428118951818202
103.07104779742156,30.410720402133265
103.04979183669974,30.456091415945345
103.00787851289343,30.493944224526956
103.00866925621807,30.573588154031086
103.15846066645827,30.557133768822535
103.06534626817876,30.60529648031166
103.09642747780555,30.638857067702034
103.01155492595743,30.686913473153368
103.007711677731,30.647827107438562
103.03351599837076,30.74900342314724
102.96956941618988,30.83355401857479
102.96956941618988,30.83355401857479
103.01303369800351,30.809371989411982
102.96933297289384,30.814858963446405
102.81419514150635,30.820202212009484
102.81185291450417,30.83259582438037
102.82327073669263,30.885100516548665
102.8687921688259,30.91977174711461
102.82951280828392,30.856148130391855
102.77217873874696,30.82930673693017
102.70716612525781,30.80831610455587
102.68618704134138,30.79114780968272
102.75901204659546,30.744633156449954
102.71978204428801,30.68982890164295
102.75702027934528,30.668192552875873
102.65664985575181,30.733696440035807
102.75279629958908,30.71817160348753
102.82878612926392,30.5440305203516
102.91494004176083,30.49971341064345
102.94486577891374,30.50386221023162
102.77053864253672,30.465879227288728
102.75917362455708,30.459629724609574
102.79772090589016,30.421529127838618
102.88895953239543,30.380484299750183
102.88560987958667,30.36840488140875
102.9007710273937,30.42147143747052
102.9482658513887,30.474313882396363
102.94557217540881,30.43786578503077
102.89857857598018,30.43152277449487
102.92138466638112,30.50172157188657
102.95424860045094,30.44990888592645
102.95886786765124,30.418839744599552
102.84828414423856,30.3907419037072
102.79075661068757,30.463913309351835
102.873205942238,30.33581006821135
102.87610735665417,30.330563716916444
102.80525499220484,30.428504907703832
102.79822747474074,30.476631081592032
102.86631889176218,30.48452788121438
102.90169127051192,30.45816511483092
102.87655407211754,30.521538519249887
102.82052690222577,30.574320247287424
102.78518983554115,30.62619261980663
102.7855966046687,30.667672164443456
102.8358029518886,30.6813165200824
102.78061788101014,30.69135572770898
102.81274475175732,30.680863941141094
102.79252119063601,30.564165717650777
102.71608133960774,30.576078358181782
102.71816135108728,30.532819773530974
102.63295915871797,30.598348472962304
102.65516699955047,30.599793347859954
102.64180134201905,30.61637249717437
102.64628787050383,30.677964165036176
102.71763589575077,30.667763387043106
102.73051038036851,30.544425210901952
102.88328486989276,30.605902287514606
102.9706347769115,30.606489448871304
103.00278505822905,30.64437790272763
103.08384091046986,30.60462355138124
103.07154735030223,30.55402166569359
103.09219977453304,30.559483330653105
103.13674557888643,30.583095496011758
103.27068795323477,30.714924915414187
103.20820205799502,30.718827812358814
103.22858705294124,30.700255041226654
104.18980438588865,32.62791930217218
104.17121189837133,32.646940318489406
104.16030889781372,32.686927173065236
104.11623018133413,32.656976628027905
104.20100133999495,32.65884096710757
104.15771551588227,32.66246309552579
104.14573858381601,32.62048563225477
104.25883049125336,32.62992563746439
104.25989153313239,32.58083484945572
104.31403589713658,32.53000592546028
104.3866659989967,32.63824156581998
104.49846144536511,32.586197746348304
104.4896213730856,32.48443806075745
104.42352575084823,32.490048546534034
104.40242896540244,32.56107566129749
104.32009691173597,32.619585238483396
104.33115461125249,32.69457589395984
104.37095232377415,32.571591647531896
104.34752632391886,32.591483553012026
104.37367359600611,32.604064617519114
104.43692028569919,32.68659740864639
104.45193290064915,32.73005063325865
104.46940657227402,32.73985271703314
104.475222428546,32.776388376277275
104.48193384870672,32.766873175173636
104.52824324134403,32.71532850253507
104.47486616383895,32.56003013876997
104.46402912389735,32.494170201375134
104.41877855988709,32.54949421103953
104.49193107846513,32.48350119454298
104.43727933614126,32.558904969241105
104.44280458850258,32.552475619389156
104.494090241786,32.559538463649034
104.5693457734136,32.59719954479761
104.59728963025769,32.56181665801212
104.5477398518398,32.648374162568906
104.57314029937108,32.666280703760386
104.38426425222185,32.602856162579
104.32475820491965,32.69272921153538
104.31587913551088,32.84061477274147
104.40141446628243,32.7906856940444
104.30123777757115,32.68054264790428
104.30528808196722,32.609899903051215
104.35219604840597,32.685696227927586
104.44202565342016,32.764950788817245
104.32725314951534,32.632107512059406
104.27844372054636,32.66490668082135
104.30668546198146,32.69735520596383
104.29285323209771,32.74476560391957
104.26017973293278,32.665768270897914
104.28637388746468,32.62464869205716
104.24017432570378,32.60908291528266
104.25677972230444,32.56103563472934
104.27409060577108,32.553721737974804
104.20830108033984,32.62318657185645
104.41395299171035,32.70477871822198
104.53385874252812,32.79783185408193
104.4661782593461,32.74660697602298
104.47090785935337,32.66667958685421
104.48902027237843,32.59123557718165
104.41333667073934,32.64499094071851
104.33623283592726,32.703750623439504
104.35729465164744,32.59306355844416
104.40915875400057,32.57019614517724
104.51727303160428,32.615464204994645
104.47768837069425,32.491397846979304
104.47271352757093,32.49028935833812
104.42665177246025,32.52071331182444
104.4575807141227,32.475452138883846
104.47405174044232,32.506368888453125
104.40003119413993,32.52849216914683
104.46589191162538,32.500563206055936
104.51931299084093,32.57434452357658
104.51640766371831,32.60858659816721
104.48483876005935,32.5116486982851
104.42147016628881,32.507868981843096
104.49587166594155,32.609454417895634
104.48839013575133,32.69945725456522
104.46548922591873,32.52151231713246
104.53942808532814,32.60180717308476
104.65012691116084,32.52810657493896
104.64358451547457,32.630439978738856
104.60716610001745,32.64021191042511
104.4527158090654,32.79564579114922
104.46143941280603,32.827470325855714
104.504984883455,32.87864509781836
104.54930528052752,32.84994544062432
104.42739785020814,32.835797296911394
104.54050096443157,32.82665576153446
104.50451274105522,32.83778107292888
104.34703447474251,32.716248411399405
104.49927543691963,32.78528514018899
104.40107546900798,32.70430040312154
104.32352645190734,32.529549704642136
104.32250886463032,32.560910528556185
104.31696246716649,32.619797718778514
104.36206663550334,32.671483019582524
104.45115949360377,32.68420378533667
104.3385037265465,32.66174997557012
104.30246038663186,32.67985528851877
104.34656806571948,32.65389702384626
104.30730428740172,32.762988299524245
104.28745580390306,32.777088412134795
104.21601919524585,32.806234890161036
104.20452687782878,32.80060139798562
104.20570181144339,32.82978884287001
104.20077693776209,32.873299394920124
104.29196032354001,32.98163366281287
104.30362664459652,33.01826126902063
104.2655985836256,33.02292829632953
104.26525805313086,32.93636660680988
104.29507694806068,32.94686558659238
104.29969285451945,32.80924444102732
104.25085421410671,32.732980207355936
104.22562465810859,32.71715769064514
104.1161924319219,32.77951610913402
104.03324257300271,32.858353532955526
103.98185092843093,32.812836478410816
103.9338428605523,32.786737779166266
104.08029300594816,32.77067916619279
104.15471053763449,32.842139153356406
104.10231417116964,32.91754763566344
104.17306289951772,32.9970727506155
104.18022717987951,33.046202485309436
104.20760918861255,33.0441994824849
104.3067212080966,33.014473290970244
104.32805482489421,32.915717535976945
104.32118148989031,32.862689505597764
104.34354073847663,32.83666242704064
104.33857447448224,32.79786763091672
104.41389763150795,32.75799954593678
104.38387898996369,32.67330601413
104.47109710122372,32.64869113700274
104.46762270739544,32.62748707737651
104.46817391725207,32.66575614652457
104.56513560775677,32.65426148027391
104.59587635562339,32.65290906506898
104.63433345367358,32.622593794268475
104.64045820699413,32.680152323336536
104.69354534557097,32.66157535960399
104.63933840459632,32.564651786091844
104.61246774191406,32.60990055157803
104.5410224088423,32.586529659725265
104.41718199601492,32.64885903933509
104.43078157892059,32.55557153236149
104.4333549272845,32.51757137298431
104.40617301837842,32.54225922453342
104.56596660369513,32.59971720000826
104.6374135318624,32.59801756696853
104.51582516001412,32.58631589428562
104.51131084499514,32.6008398590008
104.42614041825853,32.618120028284544
104.36832073878281,32.530338272291935
104.25155663916972,32.53154885400009
104.19151313711986,32.59971884765768
104.16176120242771,32.69584854421665
104.2706743240217,32.7594008058897
104.1846947872424,32.78923581006139
104.40146755245267,32.7378220598583
104.55244963434248,32.768456407030925
104.48101816638622,32.783563685200306
104.41815964998254,32.82336550821804
104.32366882463047,32.762777984996994
104.24295866569648,32.87770973836549
104.30477074538648,32.74810816650533
104.30260966919683,32.80409985031228
104.27114431749416,32.87320268306727
104.23462692915474,32.72122298985066
104.35693491220901,32.60195577481103
104.40328040217408,32.57576158775332
104.36152973908366,32.52138739034404
104.36449448506028,32.57788991004847
104.42350899831156,32.588466863873286
104.51925775875802,32.59140231282056
104.62247775568937,32.652735263156764
104.61864582929249,32.56226870944901
104.53834505634116,32.64401523231747
104.39668999916954,32.51869645552766
104.41400871622395,32.538814192073836
104.34010574983033,32.55649683298206
104.33763749193865,32.618050203595764
104.32451033377217,32.74151266224997
104.28563973709431,32.67124661896757
104.3714463803304,32.68024443264599
104.34504026513324,32.651280750253996
104.4271938807762,32.63234491562138
104.53763609065405,32.581635006727815
104.48465258962729,32.61777102342064
104.5096555547276,32.648548420108895
104.37805096580256,32.777906861851676
104.29773308205007,32.77354741841252
104.29235363417442,32.636755286603595
104.26592480872628,32.60307383081997
104.29560290005554,32.63429071186389
104.24972819476807,32.772543131149725
104.26434153061207,32.8317707267186
104.34252073208519,32.84510122640068
104.42453116155735,32.89856550672693
104.41943696731822,32.96198255137028
104.4622862734474,32.95392169294058
104.44268400765144,32.935348166198075
104.4862713509219,32.95204019924632
104.49650766241982,32.93789879940209
104.44826468058825,32.958216919097225
104.3778309248792,32.96663787942126
104.30231050526412,32.99013338026045
104.3797931886049,32.938338826513686
104.37988167034774,32.94234174730579
104.36251296217259,32.87165870167501
104.34077772152074,32.92359790963278
104.41375997064249,32.8749875929545
104.39067091535125,32.76415949777839
104.43856967021516,32.73296854725201
104.40368144057022,32.72256559031723
104.3100241432827,32.80716066629877
104.20385658941915,32.80878178561563
104.19503987094319,32.88457302867321
104.19169001192851,32.954924073892386
104.20522852969651,32.91889100054727
104.17152656983343,32.9134891739688
104.17949420084693,32.85774520704919
104.25448003978178,32.858860353967955
104.2680183218069,32.8403060925874
104.26834124992241,32.82169621769395
104.31839480357311,32.81291242556364
104.32385853262521,32.9392038466373
104.32120835894757,32.92770576603358
104.29772434934333,32.83928733612322
104.10475211608697,32.94996335853404
104.1169518467693,32.92807876152462
104.16699264478841,32.93490875798347
104.04396237948846,32.63931449958331
104.00838722428311,32.72954204563117
104.06741538708788,32.65636955322497
104.11447370505402,32.64645909478307
104.0164895312255,32.55319811638598
103.96899110863524,32.5941787026174
103.94966462371546,32.63080641721608
103.89873980908109,32.65663608651446
103.92146934353732,32.741124021117855
103.91059832761405,32.69520698691
104.02516278614394,32.7700338780668
104.05595747003565,32.73179074419579
104.08676255562916,32.74609892297043
104.1171844186637,32.693837988709284
104.02491794083677,32.7609001028515
103.98938502512009,32.74081882893579
104.06665694104555,32.67507408412554
103.91619802330622,32.687456293433286
104.00586598928327,32.74614302697047
104.13280258320958,32.708162927724224
104.1552465313496,32.65900507861486
104.04307378213625,32.772794645828036
104.12897275594078,32.72317276996825
104.33874255163664,32.734730748382404
104.40215679290058,32.78075305057826
104.34127698598076,32.63442041644164
104.31440997469393,32.68563022802605
104.31152935968731,32.74158874669945
104.23433177746688,32.62102934290634
104.31061373931378,32.58594566296343
104.32307919060875,32.599166469414214
104.14703223630447,32.53286889254289
104.12208754402596,32.5639324075234
103.92327378389548,32.38859498744444
103.9777888675317,32.36228260529594
103.9586235705667,32.31408907807684
103.98306876615753,32.37733260619325
103.97471808522155,32.409115784095995
104.04943555276691,32.38330092764012
104.13723395249045,32.403851031949415
104.11654524287397,32.404664686324196
104.07657139850522,32.410107116986524
104.01553124318421,32.36379759943899
104.07442582165402,32.396288468822014
104.03799046117183,32.467637109842094
104.00132799314585,32.4888504655519
104.03942129207094,32.40275403673954
104.02817776326569,32.36556829072109
104.01865754775685,32.30357349724427
103.98955309112876,32.283700755943386
104.08882698856183,32.26341862943491
104.08752905294743,32.30422127722535
104.14529425267285,32.39218815821019
104.11377947526023,32.38289368198674
104.17473328011833,32.30912911903695
104.20446817947393,32.31777696876355
104.26884406505394,32.3079875707645
104.29570005312422,32.271565723505894
104.2530837550318,32.266480179961086
104.20900873345006,32.20105948481576
104.3299046010448,32.0881026002711
104.23711529594058,32.17380752230962
104.13153041731219,32.225428288221295
104.04287231614914,32.238044065393844
104.00409189189111,32.18482582384636
103.98557986292494,32.05879199420658
103.97917143597446,32.109012861841954
103.93928303253328,32.06587500076197
103.90462363263822,32.203812422568596
104.1373567082214,32.36602801851841
104.18141307310638,32.35536550522752
104.23955888649401,32.34393848484086
104.18724287353129,32.30211292416753
104.16086703512337,32.37063991533869
104.08711750379918,32.34486583804916
104.13677563350882,32.200990470508216
104.04743494141661,32.20257475883119
104.06044984011221,32.15067733965597
104.05019378021244,32.308577403378266
103.97870285070078,32.21198574626978
103.89219441136072,32.16950438200294
103.8702936523014,32.132289875908036
103.84312483977264,32.09557723679876
103.7970701173043,32.10209025976212
103.81359045441322,32.088490858067146
104.00135144206948,32.32898138394332
104.0233667438615,32.26524126363508
104.05722948359481,32.34164868608879
104.15200249580157,32.3305495455597
104.32477707628397,32.15663602316641
104.2942714938008,32.197279836987796
104.3312856410259,32.13426974916504
104.24308501586864,32.103856780210194
104.26809806215739,32.11108177931987
104.26279068599865,32.12564933532171
104.25608999704028,32.128056540877736
104.25852696807233,32.06055974390208
104.21333039138673,32.093060420816144
104.24548549165226,32.1817871813731
104.31224707122696,32.1855729274261
104.30404074221367,32.14713011033259
104.21379254350609,32.19002280717378
104.16608335977786,32.25006025576146
104.13761682092058,32.181693631062515
104.01082573198029,32.22050258516167
104.0199838347014,32.36597517175992
104.1403060123479,32.37357533079908
104.15949843257161,32.52527071822829
104.1104282705453,32.53051622018312
104.05861997767428,32.47373809611273
103.98273021363138,32.612118021761304
104.11454896735384,32.57769509802982
104.02078010878247,32.56108531384992
103.97769599509746,32.513543295135555
103.93586051363398,32.431358880536706
103.92584791387223,32.45884265777922
103.88620988104198,32.493977859732354
104.00128073860692,32.49321496387421
104.01625943605207,32.55662745517104
103.98670514347175,32.649449457465934
103.98791552436356,32.55712222557865
104.00378064450067,32.53736958638045
104.00455605280101,32.51709679993277
104.03696278740176,32.70581502467139
104.08652639365823,32.6317363100897
104.05361797765633,32.708749395820725
104.03089880640793,32.65102749712885
104.01199403645583,32.85982147936973
103.98438437179726,32.89297985026446
104.03590004713926,32.87853172042578
103.9117632053833,32.749200580546514
103.85395055543573,32.660035423250974
103.83258832983795,32.54957461811484
103.82422433165371,32.586191367054774
103.8255346826287,32.58843228616964
103.83200191207287,32.616719333735844
103.84861409968148,32.567655462062845
103.864503490725,32.61654878944386
103.81965533406928,32.653760745905956
103.8875283390698,32.633056961954544
103.94053570433775,32.569163123827266
103.87003778968088,32.570121540997306
103.85292072622507,32.63754639126164
103.8675374514867,32.65928953698235
103.89636970031732,32.674421797227595
103.84688747973651,32.68265048569685
103.83259513772026,32.65459201571355
103.82260179588538,32.56586240158577
103.92133429091639,32.665953681547364
103.91824198379933,32.72357589086213
103.91382344517838,32.688354967184345
103.90151518081299,32.696460175376394
103.89823885343516,32.66045548879896
103.95571686109422,32.664809485528785
103.91027447844004,32.72873046381715
104.04099226978362,32.77135062995438
104.08782398089139,32.84964912291287
104.14058311997763,32.71610394676863
104.04768106729783,32.672110690846026
103.98381880335974,32.559233369584014
103.89212207712006,32.54657960092832
103.87450059103632,32.51902620568942
103.99356412487418,32.42758233401494
104.02341789426106,32.596680674278105
104.00483491025521,32.63292156182273
103.98900142416277,32.61184162496304
103.97111252354136,32.59548840167574
104.00568070319311,32.67736513525124
104.15237623732854,32.589513733646015
104.05261812285096,32.632537729463216
104.00223468236365,32.63049469966431
103.9744619691106,32.654328435088274
103.8783538110772,32.63526513292592
103.82999621084343,32.675302737096935
103.82999621084343,32.675302737096935
103.82999621084343,32.675302737096935
103.86224532960742,32.57225984147743
103.85492903199241,32.66170173592985
103.83223769672787,32.660910627471274
103.83885809258346,32.615201392481794
103.89645364014822,32.518083069651155
103.94167272633362,32.52094928202719
103.8901618656419,32.284718899860195
103.96993942262031,32.3515115677611
103.94999239584578,32.36092688442813
103.98209138137481,32.37923995028708
103.88418130053559,32.30965789927555
103.87245684703375,32.23249541797339
103.9189317565728,32.3324979582246
103.98379407876256,32.33925740067192
104.02302664236939,32.48366145270176
104.02481585849705,32.428723328750856
103.9861617566453,32.442573519877826
104.04369471269595,32.47443402462127
104.0216415857411,32.51948724007821
103.97110008441935,32.574332315519904
104.03590071315152,32.417063564841385
104.00038858555699,32.39445286421884
104.03527764456386,32.39525466980973
104.09942272936821,32.34320460156327
104.08686316515566,32.38832775851021
103.96903997520427,32.352055084792305
103.96783197879654,32.434871718250804
103.95930778531444,32.46853275710169
103.92891051559224,32.50824233668771
103.93906195682246,32.50455606345143
103.91513943014121,32.52541840699738
103.90708507409784,32.518951063102065
103.96952324684032,32.561703085765586
104.05969884341013,32.47424932433239
103.96555937319083,32.436816712156855
103.98539627398036,32.46128289034943
103.95594320564365,32.418430036020354
104.04791760976573,32.57476533814417
104.11224666795984,32.598455220564865
104.19222044947259,32.6315345227681
104.26667285042203,32.57038353825085
104.25285976667409,32.596284503829885
104.27848786392045,32.51051750182294
104.29619660732087,32.52049566046272
104.15100537349335,32.55099326870315
104.15934999357601,32.66414788262099
104.13522651744779,32.66080215003791
104.14686803113196,32.77123969578442
104.07426209188158,32.760971455641595
104.0258672808611,32.71835569941434
104.14456893175073,32.763092691307
104.12550398012691,32.742612903176614
104.18195791855355,32.77966982092164
104.07170210326672,32.72495384798801
104.19193617416637,32.61862852063332
104.16108726698198,32.64752785685987
104.09029535764935,32.70161601968017
104.06874943026445,32.67404308675006
104.10747777205208,32.718845466717276
104.12130255490541,32.759883156237095
104.0860810534217,32.730540457445336
104.15219685524765,32.687768472237444
104.1760502542908,32.67783519637625
104.25554109482879,32.70984617530373
104.33819364551174,32.69382904276175
104.27011892609768,32.732399649278506
104.19228536669944,32.69731152684056
104.20777366134739,32.900926883974
104.2525845040973,32.84138913354774
104.15358845388455,32.851855586432926
104.1136652518025,32.760410557321855
104.09567707602348,32.751787153032346
104.0937344799792,32.71013700556505
104.18413074543913,32.831099126116584
104.1073572822878,32.820045022178725
104.0944852717732,32.790084061510306
104.08746194212351,32.86319703290651
104.05974665835551,32.89110002857556
103.95495913463975,32.75503023510429
103.95592098145156,32.804442575129464
103.98479058488262,32.786810693622655
104.02647549703596,32.677246542932345
103.9781891463572,32.66253633254431
103.94320989457846,32.726768304658506
104.0167823718453,32.68117929200629
104.06734448689036,32.696134889435385
104.07820109240961,32.788421514694605
104.04896924294908,32.7796428885622
104.07639865168998,32.819514467513876
104.03564844449397,32.76709660256249
104.09568636510481,32.841443399233796
104.1579677620552,32.97158463307708
104.05096429594062,32.907850628354744
104.0149123336924,32.857064925919
104.07708070526576,32.92244732323782
104.0906186025499,32.9461271187757
104.07907873088773,32.77217196540648
103.95671470352839,32.9202253786422
104.04001817553991,32.861380719391136
103.9643348116089,32.8103375733151
103.92557044019962,32.8548940216052
103.93168344554185,32.807736405473285
104.05308507363284,32.60786059771559
103.97837351077266,32.697639952399115
103.98850041081546,32.7101477848672
104.00841746222017,32.589683443178245
103.93725291533369,32.63089732333649
103.91915381896123,32.590860480423736
103.82649832675655,32.54817118468489
103.85634297368578,32.528062849271535
103.92361487067416,32.583341066405055
104.17611996251658,32.590990349296014
104.17746389324276,32.736756815058655
104.1496574214065,32.738909887780636
104.10094617756555,32.819253055920164
104.16081164237214,32.94157797899923
104.14642701954195,32.91434202472396
104.12907626933502,32.90704618031008
104.08305363942287,32.82127148488243
104.17844030369024,32.714331786739464
104.2136492567759,32.71209651195659
104.1579121523378,32.74614408540866
104.2639051272193,32.818001788092204
104.36224533264209,32.88303683087285
104.45502214290033,32.83190647784049
104.39895936534423,32.74908220371335
104.3595322048113,32.738370329613446
104.25652567504991,32.78431600508586
104.22565433407208,32.641691782082646
104.15576966392108,32.611988066396336
104.17890955515692,32.63451915965247
104.23016228548438,32.630295048082296
104.343628500262,32.70762080611868
104.24243695892935,32.634615717127225
104.23648497827382,32.587349812415795
104.21088981717068,32.66335928792863
104.11910194846654,32.65334887790954
104.0753599369365,32.660195908385624
104.03173407707777,32.64397348045723
104.02224381662886,32.71769272449473
104.02765437844286,32.79743548708832
103.93695397036792,32.729374410848905
103.9641478217299,32.69251531510899
104.01551640998021,32.567445162293026
103.93391927530922,32.70921763891063
103.9331950340157,32.72239585729068
103.90840394535394,32.72556309346039
103.97316736499596,32.76012751693649
104.00607375430715,32.72221953976128
103.95076561711278,32.728493509073836
103.91198113296066,32.734137777397294
103.91591739817636,32.77357937394167
104.0567744109778,32.64767034967071
103.93131718979534,32.60471571821375
104.04836105069475,32.591681803214314
104.09487350820734,32.57520407092357
104.13622102725019,32.42702246717741
104.13585727623806,32.42822806248077
104.34106778494332,32.26517371954665
104.28121518452055,32.30716024874249
104.32898685459118,32.264334759870295
104.38640985719876,32.281567556529154
104.33917273545498,32.30356199298174
104.32742007282168,32.278286558451526
