Longitude,Latitude
105.06678352850076,32.59649499348068
105.11181746212176,32.641747082750456
105.49787133503173,32.85318498824124
104.12736219882312,32.27984669590152
104.84600914351817,32.60181719625721
104.09697558502828,32.00047349812542
104.02035491056093,32.24883664633078
103.7362049743622,32.05350888183531
104.17558916730975,32.8077039492189
104.33873671177768,32.854970217642624
104.89572533791848,32.72966360045022
105.29044925978619,32.801662369397725
104.57746168425614,32.69530264368126
103.86153196282257,32.37625660979235
103.94665980087672,32.28180685025181
104.07300402939069,33.10963018473108
105.2362025794796,32.68507914330693
105.40003483904816,32.894234764949864
104.4342097828239,32.10157202125947
103.95838263005801,32.80370294279576
104.61251214413757,32.56849561730088
103.91720850688047,32.24025595822006
104.41331239422568,32.77327531675325
104.78646588860548,32.62932951418524
104.24048131053544,32.93903413307943
104.3097961465814,32.61429497985391
104.95227330803465,32.58462673008957
104.38109018291239,32.52290162629259
104.18073081104382,32.172572384011275
104.6454067456905,32.6433660189463
104.47167497599148,32.60102824186628
104.1058354557529,32.43399981851692
104.21522794601483,32.608200879610855
104.4368846288628,32.52135348234167
103.36085143575907,31.172338873650585
103.41492439718894,31.34053001992614
103.93820455709566,31.656739407203915
104.08958030005508,31.661611799419656
104.24993081542992,32.64885436366593
104.42758229230182,32.8059729633919
104.06940187371661,32.23506740782213
104.16095363649886,32.94731229501085
105.46898013144626,32.756788812800124
104.64365460366608,32.4857294973782
103.99768801835584,31.948039566974966
105.25157591465046,32.66822932966907
104.72652561497623,32.64737454132582
104.6644731937227,32.72066676531661
104.47745512539498,32.8477190637387
104.13399480292118,32.679439151559365
103.95171580865606,31.659436302776683
103.89311392238649,32.270004467972655
104.25066113904838,32.66595028924746
104.03053203297262,32.58160859022952
104.0458732056863,32.41680092609729
103.86502176995141,31.892674376029255
104.14920101674993,32.35063861137113
104.4869522379774,32.57993211758909
104.35529786206885,32.52750781293977
103.95362219577436,32.735571005868366
103.74985665606091,31.945614230129987
103.79052481338313,31.427262707978038
104.15723104885241,32.76230633090225
103.86655460659975,32.261702869113016
103.98336017953899,32.63626281931725
104.33948345540924,31.813642313808085
104.2485034549459,33.04622985666014
105.28492773601685,32.6873202247409
104.29768037418347,32.714890452634116
103.87938518477974,32.61966379686394
103.6015625025401,31.306514002060553
102.65284244152683,30.382389120041125
102.99342833564594,31.110062390347114
103.29074103441435,30.793147669035672
102.52698460115755,29.67558554126486
102.63814543793305,30.42545865834691
102.94092335053723,30.66002741144209
103.03874057695666,31.005757618870383
103.17759661586936,30.884051975236268
102.9703101595558,31.01098528738787
103.19275085105521,30.899123674175858
103.58248489066952,31.143275524160913
103.72040646929199,31.301661435634447
104.44391939107706,32.31520953763988
104.864862233142,32.53715205901948
104.59430440001087,32.73693577235849
104.45169125192514,32.799712003039126
103.82352828680771,32.34110202904764
104.64599572264125,32.66641231883401
104.62773136042993,32.697646229989154
104.05495140509368,32.58126391921614
104.15498613941462,32.76709982221996
103.8713529348967,32.10674495650461
104.02346033590293,32.47729465496829
103.93460569866163,31.515168438440075
103.3070302238983,30.799650312940656
104.09738854554625,31.863611910496996
103.76635961892717,31.98919279804066
104.37523054075412,32.5797325254472
103.86472242962168,32.36261188627115
104.74360354416959,32.68407225125599
104.02720681861985,31.446374092078845
103.94043087032023,31.383032834365203
104.06534236427242,31.71750198785585
103.60387899316379,31.138488560364863
102.78970962547976,30.81063771961456
102.55858932437143,30.000425056891757
102.54005903301751,29.813128581437564
102.49050515338791,30.192871705748455
102.8952871742497,30.692603880052136
102.71743151385385,30.89905206859514
103.06110807422347,30.908534699440494
102.93672345990754,30.646274498556124
102.9945053270377,29.625511992578016
104.00454518936273,32.578983283691436
103.82830549185944,32.43394361379417
105.53973421126813,32.78869714936205
105.28859871742776,32.96896945890911
105.45383224957075,33.07349521518599
105.03304254522992,32.70110174968047
104.57816690893348,32.542766004398
103.97942348823062,32.432743157930695
104.52060614607272,32.78365396884729
103.99250658688305,32.61830855442836
104.02769191943258,32.892194952296066
105.57051364885405,32.95417968803269
104.45185108031707,32.75031255384207
104.26309239362973,32.152846338394895
104.84220495576201,32.737996255015915
104.6863133608665,32.783553283806185
105.5965204452528,32.86419522784942
105.16441368542698,32.97343661100187
105.26117305045709,32.90404424708953
104.91776646023742,32.628584579940195
103.94833604483834,32.565966015410986
103.9005737627753,31.906243787061037
103.59861881984999,31.25477171488393
103.55634664243195,31.115580258827343
103.00315009118955,30.594320501535726
102.70058099880877,29.93207926333382
103.30402787971448,31.333450216383817
103.9318341788832,31.854500348595288
103.84073281172486,31.503493814458306
103.82363976166428,31.298174770473164
103.26975790735784,30.787339946627714
103.28373188188161,31.17101675497481
102.76608459405222,30.60954469271932
102.86641007300479,30.384885104524137
102.87289180018348,29.553818862159407
102.54736400624918,30.351839454446175
102.87419162405374,30.8917834068021
102.91486616300578,30.33699747486795
103.85624050053895,31.40254938791917
103.87428366040514,31.54451816177132
103.90114090762823,32.187476298968406
103.70263444933819,32.01991497246867
103.01273976968307,30.77243020176857
102.45301466300751,30.00454672317028
102.69477686837166,29.58225222349979
102.89411541921702,30.33959029019318
102.43711437882439,30.582338969404777
102.54885851074178,30.550602799584663
102.57248881262873,30.364900284684545
102.44625436803393,30.454913872553917
103.15863848435637,30.83295573619339
102.99179317732933,30.546996691477688
103.16982928970553,30.589385732731746
102.97623470443135,30.720697097149582
102.84652194131169,29.522242141229526
102.4280210187034,29.898478704902136
102.73277226420913,29.52170090609025
102.41575756895521,30.226479526252653
102.55213508901636,30.739272379086454
102.43726193273378,30.16902931810884
102.82955161113095,30.884796606313632
102.77186153076228,29.598083755640996
102.59086864960761,30.550434802704906
103.21146462013472,31.170196690419626
102.56245931123145,30.634010236835493
102.60485527121067,30.087911338347855
102.98326076681495,30.48669345011313
102.45354804508403,30.365125064678494
102.68443510924702,30.21569847189334
102.54505091991322,29.89028251600747
103.28187509069588,31.01033776653694
103.20042495349114,30.60317735472927
103.76487351334994,31.25757038321564
102.88295697814543,29.521069378346137
102.42245361053054,29.908479729129223
102.82189350685059,30.71317224551255
102.34740339292547,29.749688642992524
103.20420826356847,30.780200215391165
103.11180826122349,30.457599532752894
103.29850278213021,31.255035519504755
103.36796118613526,30.89313058644054
102.73784473141978,30.728354585420867
102.64246135267783,30.713195038787596
102.50452151562378,30.050548652665725
102.41859739474374,30.478161010767682
103.00693031521313,31.10338609613352
102.36761916621194,29.916784546605456
102.56765744870442,30.140548620583303
102.80084375698249,30.422954591314724
103.02308327975119,31.191510510322686
102.58569309625736,30.648249062399213
103.2044999053665,30.627760362300048
104.04296369523229,31.583946954098067
104.07223294796054,31.54881882248255
103.41770957055792,31.424268426816024
104.17906885640346,32.37587056670413
103.76225724876566,31.50931487069176
103.07725707287852,30.82833146831363
103.29775070781909,30.855998935160866
103.92264676659573,31.9396363815879
104.28441338781586,32.159041572184
104.50810692067219,32.8256431399706
103.93633673013903,32.373503392216854
104.20972384766299,32.12211610450864
103.30791718123777,31.206531858065155
104.11778433677269,32.715566998698684
105.42253150202711,32.93506091660692
105.33990031406005,33.019136036118866
105.37002586376839,32.896881753436155
105.43634886267851,32.96763136621631
104.92244562600288,32.665216720040284
105.26236475123521,32.90843528990225
105.1615697502601,32.897981867500505
105.34551948214144,33.00912858513004
104.02291911023572,32.20141482698696
103.98676936167341,32.90945160498251
103.97269150789636,32.332755320322505
104.0839002743761,31.746526232539193
103.87247091366021,32.4476371914652
104.28015492853541,32.87406410685312
104.67901517985558,32.775573094538224
104.00391498262881,32.063164131577125
103.67034574790564,31.17119921513827
103.33078316359881,31.359852116947863
102.89414981211752,30.8382627741577
103.2390698960252,31.32258483296225
102.91068845856513,30.428096206230784
103.20131736747042,30.940074332092006
103.33224374083147,31.153444425288036
103.91436906404408,31.95603661792722
102.4505787285283,30.058441487767215
102.95219995000797,30.992305617101035
103.37863012970283,30.843081146510592
102.69582289659583,30.879443193056115
102.87366846932461,30.834010432298893
102.54117509142067,30.083621988426387
103.02281616201651,31.207280146409047
102.97214695863514,31.02000185796211
103.00852771112974,31.094440359168246
102.99188780287031,31.24655902514315
103.13894060385309,30.57823561542995
103.23733443709132,31.347700714058636
103.49068653314558,30.887258319109943
103.21201160174422,30.86468154690747
102.8862259816069,30.773184380819337
102.90685529636872,30.886557443557912
102.41062188738609,29.872855138151927
102.59209162242607,30.255215602054832
102.5198957440224,30.296824250154877
102.47352769862553,30.513780556637812
102.76892920438375,30.827702937921185
103.72246355892301,31.23911665117385
104.18276198122771,32.838544037703116
103.78481146608824,32.56210430927173
104.37654188211295,32.79177773405931
104.60190516630558,32.426808191354894
104.99940297605829,32.74462877984141
105.0937759808961,32.61808474667405
104.32755910204,32.56252224294018
103.36741134969472,31.227917805686594
102.45085091926462,30.182514998305834
103.15426396558107,31.250277809733227
102.68967556205467,30.685962777325525
103.01487017956616,30.692182058492556
103.26293147219867,30.82918064439457
103.6031798020987,31.25455337041357
102.89565516345456,30.719444132797957
102.51495000587919,29.93153485926842
102.66879653737998,30.715856626001298
102.4896538416961,30.019528678682498
102.85037182606109,29.568121133249054
102.92065067486419,29.432995406796334
102.54686545024013,30.18587775141011
102.66804893217903,30.703339344223085
103.37326773955849,31.125712393827342
102.64437955262161,30.69206363758333
103.37616475212378,31.071410032604824
102.66886783407682,30.64693431488556
102.68019784027572,30.208051365979784
102.65556040899185,29.626738337074954
102.53325188727788,29.93333543455213
102.56805895980182,29.90285428783009
102.52090918728746,29.854272730215317
102.57684615830173,29.859212018702834
102.52509910000315,30.708152062250875
102.59384575625806,30.699379652714175
103.018094599807,30.675261446774293
104.15625680289286,31.653552509005372
103.90824786016567,32.228827585745805
103.82114908097373,31.96859539623412
104.37321065497422,32.85244427473294
103.85505039121205,31.429321317458662
103.78550073821432,31.975300088398395
104.08187829092745,33.09299038308474
104.4982537818423,32.63563655737848
105.01643581337036,32.62974159268117
104.57429452149374,32.50494693219566
103.7271542743632,31.93632136096181
104.0652152893172,32.43740805525307
104.59414180301697,32.54151238811687
104.66627112674212,32.628673486843965
104.12787699037831,32.548152424934536
104.56794664028982,32.64288465263088
103.95548486273366,31.59515510271855
104.3522761462669,32.26364097077217
103.8552448378131,32.65132543411804
104.73483322109621,32.590522531856
104.01051439341263,32.19773681241831
104.41309812634233,32.58141503983269
104.2234246959116,32.31675514825544
104.19200421327605,32.95703020910344
104.24910788509237,33.03620035900099
104.84370110850642,32.74719127819068
104.66093892398969,32.703581015104525
105.51377213763219,33.037000549843995
104.02978621196013,33.07994803315099
103.88860788774905,32.41980159167532
103.99854327156812,32.4927073144921
104.4126054845608,32.49680221454311
104.26088848598484,32.811636657202456
103.87544111375632,31.391587157231413
103.40831404322219,31.334152324325075
103.79586638605863,31.441173299924962
103.67387624772516,31.281168724078167
103.35556246899603,31.295480942846613
103.03698135068494,30.490170787731067
102.58129980054838,30.607634768978237
103.29119580092107,31.311941863350768
105.03632622075297,32.659031470992566
105.38104130851191,32.96026509678311
104.10221403333195,32.722071691775824
105.15740301502699,32.59595401292573
103.9498123004633,32.21370284212694
103.12647127776594,30.67771202424932
102.95068679223452,30.81771788053663
102.9611676622374,31.155963534686634
102.76382077477513,30.597558202542423
102.5697121017895,29.988855405175205
102.93582782413289,29.413311993182443
102.9072605585911,29.494143333256204
102.36677389885199,30.029272269466368
102.61583590706175,30.213934723568958
103.36565735840009,31.22294650086091
104.19038249534705,32.74796203670149
104.02126375530604,32.37251311209862
103.91913368632292,32.78988631189225
104.21779569246186,32.625831549175444
104.20462786439242,32.6885165705077
104.02476959286095,32.06467005126874
104.64821815714866,32.49434207351804
104.13534141907198,33.0965930042722
104.94330208413379,32.591739638548475
104.36682571808275,32.7513931360644
103.89336670704664,31.79124388390678
104.13642019056483,32.54526236696493
104.9599696418653,32.637314791058934
104.36985581427882,32.618415984638006
103.89418457022303,31.962126427469546
103.93550117513625,31.61056419191995
103.00844346414068,30.533289280456714
102.46950181509446,30.18702117698361
103.75567297489722,31.88186997628571
103.90395886810157,31.86667837286353
103.69638622958448,31.186185608453112
102.9094217880347,30.946720567493035
102.97545579012737,31.199993482468148
103.3770915292961,31.338835537497697
103.30509105040387,31.188889220858456
103.06911149447006,31.22484078710909
102.5688646565231,30.82223533927451
102.8869938002225,30.887171438151906
102.32406312380193,29.910023020465257
102.78715614048548,30.475845480422336
102.5132768221457,30.309479537947503
102.4409963397011,30.223582999954523
102.67050665201755,30.60249009031778
102.85756567768992,30.602442608776123
103.06701028852564,30.46920594992704
102.80919880541589,30.751053575725628
103.13500071062113,31.11520984729789
103.70346074056611,31.374677058813162
102.42723719210746,30.31436399024083
102.77164479299546,29.524302456100678
102.99142622611018,29.465463585828648
102.5338504115007,30.071789142063867
102.3299150648429,30.13239293072481
102.89217966304396,30.441827369759913
102.91982640969958,30.47168906426192
102.67959045356812,29.692341280740248
102.4879830969026,30.369019760566733
102.58162338750134,29.95347207797605
102.45740714199455,29.038832470874347
102.18891386962288,29.019732909064196
102.19515760157677,29.040539087727687
102.19515760157677,29.040539087727687
102.31674563870084,28.887420698418307
102.77630592278442,29.56781689624038
102.98659090142853,29.586396294851127
102.28809806150856,30.07373352315833
102.31492472945305,29.87307789482404
102.48826067645932,30.07706022174756
102.5645232660351,29.957628372267497
102.99164336136997,31.173699748136002
103.00428611729437,30.844061321926358
102.91216170900937,30.83868947809254
103.06439740198046,29.558409422292502
102.98861201670692,29.670659101400396
102.99656744321456,29.582026676778177
102.36188597002509,29.904586027479887
102.55859342333841,29.851621071599002
102.99361606642898,29.544049178959387
102.8306960544831,29.625376453866494
102.53803844239125,30.27542285970643
102.64791781885522,30.20383868021555
103.027634726446,30.965286392278486
103.61248271160548,31.23530036053317
102.6679800692431,30.63142985718661
103.3428620837932,31.397268491822746
103.32164750333548,30.78907590187035
102.68340970606037,30.814894716350675
103.31736286202079,31.40323108233347
103.15508561355382,30.817962438653577
102.61175828577088,30.676139104406115
103.2851510466042,31.018800407865932
102.8850315211475,30.400401566672116
102.51406452963242,30.754957226591827
102.4918680696182,30.477443665312553
102.41948234912374,29.830945412371616
103.18358986921756,29.479982357560267
102.45272659502137,30.60260850996513
103.07189888209234,30.61344917636643
103.70859225391409,32.0168534520254
102.61405596976225,30.7312787868344
102.73307768268333,29.606814446605473
102.52911395516014,30.588597427929564
103.32027354829499,31.05589904013027
103.20091546363058,30.702278808052828
103.24669795164164,31.1326234806659
102.56109949115398,30.323946086995484
102.50406741579334,30.06044916859543
102.65441150277397,30.105031218191822
102.82044558064162,30.898071806262866
104.60343690841691,32.69522640739946
105.16019713353117,32.86949596775923
104.6990313326288,32.835866179025864
104.17938500423878,32.70048002124019
104.16673127324572,31.75225256109119
104.26973635439953,32.86000702795745
104.69436776956717,32.80056106952683
104.32681801384872,32.09349376962546
103.71127199458323,32.06106400206524
104.22868643956419,32.805545244653615
104.81778264367642,32.5635794296327
104.32029424179991,32.645761172064
104.09045741674637,32.265290125075495
104.41207728365296,32.76064720003123
103.90612257648058,32.7526107536608
103.7980058869925,31.898344393421883
103.94075149278024,31.483451198521124
103.92658323022002,31.58682160424706
102.91513000052294,30.363037158677393
103.06547335081125,31.06376310437482
103.05795050685866,31.231772939102157
102.52185713281312,30.558675358365367
102.62151065172388,29.71744784399114
102.4088787449289,30.250106985140324
103.40248482635526,31.10501812046956
103.11872496520829,30.8067346913093
103.27125949984499,30.787701344893165
104.08842233700257,32.1342078714042
104.01895714767188,32.389459290305744
103.8856339029437,32.27465945388683
103.97579625931897,31.843663687784513
104.11365615967017,32.58983298193871
104.41964396549528,32.532011938367454
104.17291217215401,32.90317927211056
104.13866627076983,32.92926617118347
104.30613070917477,32.28826917410505
104.11241148179829,32.686309742965044
103.9476468133876,31.624465854559833
105.6222893415264,32.851222515695405
104.11936823689034,32.5307891042193
103.86658929208329,31.557838910349005
103.02769198635217,30.769200029489053
103.22886837364632,30.600958183827824
103.55822681692106,31.204240500440847
103.03880221076669,31.04041868893299
103.05290986270481,31.21869026061065
103.23906935231201,30.738338439052615
103.83170769206313,31.2936346906721
102.81187801800745,30.914088477966434
102.4016993872776,30.017840307507374
103.05956673947088,30.55137327833715
102.53228931416835,29.96984815519534
103.30768508581808,30.75192035840316
103.0565280131106,30.46145998717808
102.27786232703413,30.06354956799499
102.61896027828804,29.653630044015358
102.71514821708003,30.802977748110983
102.79533898098666,30.605833956281085
102.61778739294445,30.29255990826671
104.01813973516366,32.20034355996525
104.61672897575778,32.66766121541109
104.85861856043752,32.540901067632674
103.7445377692009,32.14337713861903
103.74838047054092,31.409091526126943
103.92732112872177,32.47854136101843
105.0424246489784,32.700464641314184
104.73431491881814,32.646297814358235
103.68350946986025,32.036469919795856
104.26726914213819,32.14401109994802
104.68414197942671,32.64139073604049
105.36871923650833,33.050826247953495
105.10757134529989,32.61271513596457
105.47317982168376,33.11857812469355
104.31599323534085,32.65714801783281
104.20229901046913,33.040369738289044
104.16630617060511,32.59920657538533
103.7758461417072,31.957840128112288
104.20873169328847,32.12393054888331
104.24675626031784,32.24455810405853
104.41003490784992,32.69056564323927
104.02532373280201,32.28071890225049
104.27695703380844,32.1143892494512
105.36963202291258,32.69100699272095
105.3363711819273,32.674944587414785
105.01135471162054,32.58147020409732
105.5147159629018,32.86562728698594
104.7289193534549,32.53354152692748
104.19792016869629,32.86970424721006
104.6763556533208,32.763355502611056
102.75220158143041,30.639546922288915
102.63778253016659,30.27455733100411
102.50598433107716,29.769510887177777
102.60426659260942,30.25180052177014
102.6591294189434,30.375263113129268
102.31743830450326,29.909615979861254
103.90307506129606,31.709454550728722
103.81110045193222,31.517917991870085
103.87421117099952,31.625467126969795
103.94728214340454,32.398102992649726
103.96289881360829,32.44433790534595
104.49348416445157,32.8269867803615
104.69809879604009,32.67442571644432
104.11818088014954,31.62687258821408
104.30048307904072,32.97382237820308
104.48298556368172,32.60540365657393
104.37867425645706,32.72872007689303
104.3785497060726,32.70624991316576
104.04172989981208,32.99956601269634
104.58537844417101,32.467528604202506
104.23492686565456,32.88406730164027
104.09092149928038,32.41514321026518
103.87615410533039,32.07715589308502
104.22219595995821,31.770234784286554
102.98869106616489,30.496253967134052
103.35241550128478,31.132212232471637
104.23143215758216,32.733594400271656
104.264706766885,33.051088382371205
104.0004021248494,32.51418328738777
104.27893289859762,32.61859852454656
104.15669952076841,32.45607380008068
104.49143569354571,32.66830096889749
103.99391709110274,32.889854054118786
104.10824523152999,32.31371192839231
104.03417761175561,32.69727310015483
103.91364830610803,32.810048798659345
103.86211679118558,31.84215338139843
104.90879857898368,32.54212568673977
104.05962886988617,32.86880913203427
104.57410337433784,32.5904886609857
104.29484124610487,33.00015929705409
104.73147558560535,32.59232766876691
105.09080795157321,32.67040098468969
104.77122004603895,32.76960408478995
105.4183844902772,33.008991666332435
104.3919304426894,32.804315660016606
104.37420161334013,32.271084907606536
104.06824538320697,32.230112351802234
103.93623938629399,32.09099305140601
104.2690218046296,32.75505870789486
103.86384343293253,31.844210269995482
104.34819899361817,32.87237425860628
104.41326487080231,32.290804573777685
104.49240663567952,32.55531602202164
105.02992692413552,32.59237859408475
104.09503040481127,32.432653111375515
103.87158298132826,32.49635371104027
105.56150897582378,32.964993164663504
104.95366361676669,32.577500044670025
104.1641205549374,32.78492647441592
104.78848749475637,32.517447645669826
103.81703168931695,31.813185021769627
103.92182806950898,31.76190345529944
103.75859505494867,31.976622469232385
104.2500733589,32.664287508361944
104.09294103071441,31.75038224667999
103.30389212139539,31.382774262453438
102.39155394952793,29.983510209605125
102.35726646465136,30.19401699768705
102.9727963030763,30.495825645314
102.78729829214097,30.518463955806148
102.64134434948487,30.5135545736707
103.28794179531113,30.82480317064169
102.64218894131561,30.63106795712851
102.75320707857975,30.592701993017894
102.93607112365854,30.794531139304212
103.11014261478711,31.23711536191073
103.1760815618971,30.83923432459817
103.61661934923887,31.264129339993982
103.13775641881853,31.275502360557834
102.98665840630167,30.43354526392682
102.47545410184301,30.63126329910856
103.0255856146416,30.860445505689484
102.93384408568545,30.543097261004196
102.43500608580841,30.182992197640957
102.56497488134173,30.14619738718496
102.63419360380887,30.218943956706937
103.03779397976443,31.03085380408364
104.30127512435153,32.936335414368706
104.03194099626326,32.4552855399281
103.6802950603599,31.969643468756757
103.96698195530371,32.1679773466741
104.59760043360652,32.800305838778314
103.18940776625955,31.31641331560794
103.15451682876311,31.079978982143324
103.15806973177844,31.009356883149284
103.30271795380787,30.95424606353854
102.85986731841629,30.531690676757115
103.00734153300824,30.709804755323944
102.95405786856965,29.664817849222093
102.76795925350237,30.182968889362492
103.52912354024403,31.111194061848394
102.65234333244182,30.28437890616849
102.55406385434215,29.9785406895586
102.39487998814576,30.107697313868744
103.27347160352852,31.047880470680624
102.60959891443113,30.48747724490204
102.49843243228464,30.461304217829944
103.18874619694446,31.07738166275986
102.52698198367015,30.279844025217272
103.41942663114403,31.31360995006874
103.60728255632931,31.265834670911833
103.03960630661938,31.243466628746326
103.96061313458459,31.897536960186123
104.21635384903354,32.30683661523033
104.00962311239637,32.14912022149696
103.98145474886734,32.46830181445618
104.67951133603817,32.443706150554235
104.55338071006767,32.85261941358827
105.53955436582696,33.06133973263936
104.40688010933326,32.79148739151727
104.73645641278941,32.540096873978364
103.13419062463392,31.16979679723967
103.02145692181006,30.89129319653598
103.20115023879667,30.670974740072115
102.64857900713704,30.503242633105714
102.73425985433518,30.246775869906795
102.96398715602966,31.236839754790903
102.77146079532682,30.796984958628236
102.5530451543566,30.452873144252756
102.96939804096421,31.006071245358598
102.91761541676516,30.845911648178564
102.65350591862804,29.947528465461588
102.9189535583254,30.80120497372089
102.63158069908475,30.487560307360763
102.53338941817363,30.50200953669866
102.96681335673739,30.430224157243075
102.40653076803059,30.05775695425215
102.68727478348205,30.295629588715926
102.40724608532366,30.20472151482595
102.4999585869951,30.738677431138917
102.48378974562418,30.0539755400036
102.43821952076314,29.983816875674982
102.38208298554768,30.159205044462755
103.0111383107855,30.761272100485144
103.09712997445165,31.24235333622481
103.36850032574394,30.99424267206106
103.84108742293976,32.06507734301008
104.27436841822595,32.882215412710806
104.3823175757723,32.64168599329848
105.34530328996995,32.89128044607599
105.17930927837062,32.638507995716836
105.17687752973679,32.90528997389935
104.33421990769928,32.21826232490114
103.98469629130214,32.22905265937276
105.44897074248263,33.051789788788916
105.41153559104607,33.10295480632437
105.43324500753255,32.835702124636114
104.75103974090173,32.66579555170249
105.20325400844922,32.66676755799822
104.78520124273663,32.73980618473319
103.77417918242342,32.12515889427955
103.94005955609212,32.366479620769624
104.17768232363495,32.829541370569196
103.90987689969448,32.6845068160577
104.81229926653188,32.659295226251956
104.0372905819737,32.49417931416264
104.06564067532398,31.708354586211847
104.07680645356704,32.08991281095542
103.89816674873427,32.31281868621363
103.76079602822703,31.973227788904392
102.61952803890752,30.410552203914726
102.73760869062755,30.70774511396665
102.31474369745618,29.8955076414402
102.48695014268742,30.15147251271012
102.75979715106062,30.790199687985073
102.78476624975144,30.590263649213806
103.29221385022903,31.285131319727814
103.27901386344257,31.332465880098457
102.56047238918953,30.49836380027197
102.37675351806055,30.12324395224042
102.77955210856437,29.6198161683674
102.54524472857415,30.191673958025476
103.03716134220676,31.254465822486264
103.35902879833831,31.20548528245169
103.10383989978111,30.4374333843883
103.09437858702822,30.864788001751545
103.26012052414934,31.29624041870646
104.18376935928387,32.316290175405804
104.16689954750304,32.99679022141856
104.9202147530399,32.67793685130062
104.29677104352639,32.66097965347641
103.5964617759093,31.217522628936536
104.04282674802424,31.53170309671245
104.27399214798342,32.67016246489585
104.82570037969928,32.770258152760604
104.19570387395186,32.60309735767341
104.0642238467533,32.67010652082764
105.15754130768624,32.69193168262079
104.3409205711453,32.23484020721511
104.06640054653695,32.795155422022205
104.87360757363263,32.638011101151285
104.34167927596103,32.898202672421554
103.91108446028356,32.83888534857137
104.20957774207919,32.853755706502795
103.98416979626968,32.1866023811111
104.19915290705715,33.04290718817283
104.16129685546282,32.89367056471738
104.09667652912768,32.29087586487214
103.8547389338366,31.439683077705133
103.0620960116513,30.70100934291232
103.32852055297795,30.802458204050932
103.02070576328067,30.841457079546174
103.39853484331236,31.33800845424126
103.91711604587839,31.875018909750484
103.30089989999175,31.370915794589752
103.28461925224833,31.203140574110726
102.67356264575304,30.661618637254417
102.7190267891144,30.587000380374622
102.78265351416248,30.808086987402874
102.92478956799503,30.456649239542248
104.18793967909372,31.676697754725193
103.89724103496462,32.52051515822304
104.59039255864069,32.759107801246664
104.10025620109094,32.23738318451192
103.91702275607052,31.99144354474034
104.52719997024333,32.83120569520161
103.93861851114737,32.4876864700173
103.94124474781039,32.077980711063844
102.59729273551974,30.650559416448555
102.54636488793727,30.33238511022007
102.42600269579913,30.555678913334518
102.91956505423029,31.20039983422898
104.83738777959766,32.747419108911
105.09583408100337,32.86662053105011
104.59659732672537,32.502323971325985
105.44122156410371,32.93515432888357
105.50951125716104,33.07910183773959
104.02094040046734,31.868079076175285
104.00215242408676,31.57554256293364
104.00985050084,32.29148780111458
104.05854522543271,31.439410658308503
103.39553314816166,31.209034107472736
103.13963184214415,30.670699153374795
103.07262947489573,31.09513238134971
103.80090377691513,31.367721188297367
103.6259998190167,31.27401328696377
103.24107739427156,30.768874032460253
103.34209606547641,31.35904672627242
103.16727558575583,31.052050717129386
102.89510555658305,30.738592709151877
102.80508616706878,30.706093654675662
102.56734726882443,30.340627833673892
104.36543401777593,32.599825215599665
104.62585037655631,32.51452144182342
103.93775180467247,32.45458538127683
103.97083451290561,32.533636465549044
103.86406587572772,32.50659284216469
103.86171031619308,31.398375429101634
103.34886057135732,30.710077462432622
103.23416789279544,31.305795062829173
102.97316419166165,31.214487664274692
104.06839380328461,31.691684193966275
103.24656047343196,31.0487376183303
102.93860303004527,30.71239036026143
102.80286591491027,30.744561546715715
102.8029027832921,30.52310199971961
103.04313455395653,30.879880807570025
102.6876978158869,30.496330476639706
103.66320127881826,31.200575776562733
103.92956394010109,32.17672607532815
104.08457139400389,32.14748592762642
104.09790038526049,32.25512589432772
104.03002551320608,32.32290406777011
103.84039077565875,32.34486344167336
104.5689020618805,32.87602620094463
104.22735768097554,32.89362591336394
104.66387713065478,32.521527840807806
104.45020133331664,32.577325075415956
104.61674952421319,32.75578617055478
103.97045673491337,32.473494024442026
103.74824074795268,31.948323805209096
104.04006144193302,31.71529286199879
103.74204392591548,31.380164561986547
103.0891180653239,30.62359766989923
103.05473746803699,31.040244983903662
103.2902004103263,31.029159595150713
103.20472133077755,31.160556705488524
102.93014874879348,30.84391311731564
103.20220585210772,31.159131584626206
102.88787933061792,30.533544912243432
102.63585356946253,30.58439370893624
103.34940523195954,30.863791865913235
102.400260751891,29.94284077770714
103.30639887501017,31.14343729110937
102.93358264158228,31.122819206264573
103.07909168559588,31.098900145546782
102.61275827350637,30.621822095114318
103.55219344484657,31.143636391230228
103.12953767051805,30.820201790950104
102.69482411165714,30.62861840648314
102.5205879427503,29.64869560670079
102.5204271491991,29.69856983229868
103.17123072923859,30.51171540956235
103.25975940672544,30.822284775564167
102.94582937610075,30.900218854146388
103.97176770037339,32.07720649181844
103.84289154630537,32.64634454469457
104.01825958885527,32.16671181929757
103.76664059888854,31.529001801908386
104.88670538091667,32.724379195388025
104.2743954781893,32.306376979902375
103.77984298762634,31.491527467655626
104.0414459491683,31.6578876263606
104.01681757383801,32.41935940850389
103.34973921678393,30.70964312040601
103.21676482210273,30.637196190377466
102.64815197776643,30.783485755309155
103.15406619063165,30.90744768940778
103.8220172158536,31.845150332045336
104.11819023635067,31.763971807984547
104.19722967513341,32.170540120406166
104.25256670651767,32.58649397693039
103.90406396867478,32.69798685190055
104.07524370008136,32.80153721152894
103.83607927050893,32.06866820195857
104.19675756482175,33.076760918351226
103.88414129636806,31.735486919349178
104.04313878930448,32.689928208330485
104.8134383021343,32.62754436663818
103.97250090684108,32.72219684294322
103.84666623530015,31.914706812040603
103.97123778575853,32.57755587901567
104.07653425731736,32.548383468690844
105.11403608396934,32.93934742467054
104.18218220920714,32.58140910943426
104.00950928178688,32.47349722036791
103.97828032653142,32.108716645115976
103.80300474568647,32.56833879462258
103.87721238542842,32.18618861674471
104.04029133135647,32.41184827026425
104.46708893191304,32.597357351592244
103.89468714495635,32.663609637238295
104.26653783925464,32.84313502635728
104.98928584645222,32.66897387985511
104.22662489249522,32.693840595694155
103.74380563505188,32.14242970876893
103.93956472293515,32.22049590322115
104.28143777787892,32.90563666898785
104.41298997179189,32.71823893602364
105.07391365172263,32.602560791986804
105.52106340736228,32.94359742598451
105.07799393712091,32.58667842895134
103.9051611220409,32.42656306153765
104.25193716825855,32.28435376542338
103.72582307295083,32.05850247713894
103.70719925975484,31.281564986697507
104.1331578001408,31.717434341641376
105.38902543995266,32.98499881702199
105.43426196526097,33.02145326048818
105.08971888863778,32.65457653195994
105.50435268482647,33.084282818965406
105.51627497818998,32.89032234958074
104.50020571714427,32.739024238264115
104.09007162294357,33.07874926472682
104.55482684531897,32.868998109665824
103.99658897058721,32.274885193935944
102.7286470926508,30.71547239349425
102.40831336869944,29.908244102003483
102.92990811501542,30.36781765903786
103.62480115025417,31.33283383154644
104.63237591524337,32.56028758798556
103.95633707176403,32.56012760236557
103.94318125703013,32.58268998566921
104.20563068117085,32.236416218868385
104.24420276204305,32.59484804882176
103.17741722754648,31.3026863842722
103.11491230494933,31.023632837012475
103.09493307924227,30.691706035674084
102.83539162050089,29.572986720242163
102.66048467079717,29.714655604651195
102.61014111523838,29.941793381414517
102.49644020140256,30.223320134743915
102.43060724894828,29.99639839430471
102.66532658796457,30.16820699043322
102.70811025925819,30.692969992674836
103.67491834314806,31.266375560128832
103.05533569673882,30.4602389716644
102.92110277052143,30.923108738692896
103.11163578771561,31.213098170548378
103.04373189192346,30.749337850312283
103.15999284994287,31.283923290710415
103.0353245990409,30.566671717291943
103.82744436521598,32.50901197887594
102.84901475231726,30.590497356643112
102.98467714624338,30.590744707734522
103.05610358099618,30.626885866293673
102.95652128950574,30.541941024660403
103.15090098946179,29.465479870311466
103.15090098946179,29.465479870311466
102.42761119045296,29.853150638225294
102.69438304954089,30.243001757939982
103.20298188821677,30.809245968925527
102.81018813740498,30.86655713765533
103.34565309770358,31.19194233613659
103.89518821490218,31.702459490551306
104.07446042303872,31.55230929405094
104.24718447702054,32.76052330088868
104.0163250985347,32.80526080562748
104.06697786805816,32.65474224133008
104.43223096983922,32.853354219748645
105.01017179289691,32.61514295446054
104.6766913890264,32.80880521092695
105.52858578673028,32.7317955342898
103.88419965814676,32.04819697341468
103.86764823651374,31.508025449183382
103.93212224781341,31.909524496051024
103.94869545004286,32.686329302482534
104.00621512067993,31.485949478215897
103.89024449035446,32.33709127823703
104.9693747402321,32.71115631958798
104.17734203370964,32.99324433318052
104.3599282297305,32.96153009146818
104.36052926737386,32.08284718286438
104.7273358444131,32.53623534250441
104.4312506860924,32.68266495609885
103.6776920030379,32.04296830179242
104.27353583564489,32.059599830554376
103.21552688569408,31.082347834291593
102.5001551982262,30.151271083610677
102.9160849405821,29.557284964163845
102.67463918808669,29.605876409113446
102.65750582044902,30.640247419795447
102.43223233992491,30.536112472862584
102.58576650881149,30.463968364462584
102.96886990730607,30.50068870664974
102.8050958286746,30.89577487010001
103.05299350820196,31.0164006862012
103.40912566519987,31.174676317778783
103.1045934178377,31.050418364353064
103.22917613872764,31.25757825148418
103.28867822211664,30.679613095852606
103.29479077245956,31.00637592585115
102.90305363377124,30.73196698036425
102.8735857976946,30.37700449533591
102.87870517667449,30.723521016398948
102.31903060067141,29.984877712902733
102.96585639465513,30.973190667655235
103.28925207789894,31.33320199239259
102.91889076390632,30.808325219767255
102.50824679337515,30.77307419714438
103.42887769516794,30.819882238635152
102.97824246102674,30.450111703073702
102.9319431487555,30.350611119746624
103.10566103298241,30.74095703492844
102.43616122597068,30.040994491319147
103.19607389788752,30.995916925631875
103.12001758739271,31.106973971872858
102.99840423189372,31.05562359704919
102.4152703326836,29.71282444124973
102.87633838914003,29.551801134436257
102.90623664221046,29.501910918799314
102.95266695732842,29.54639106737628
102.34476013682533,30.133905090234805
102.89753644050688,30.392517165674025
102.57042619861483,29.642301003726523
103.16863427265795,29.55278141306123
103.15068192397992,29.51016701901683
102.81227379805803,30.565416865024797
102.72706698151198,30.851762511765834
102.95220190970743,31.113673588976027
102.75374043371076,30.573361466093665
102.93223563285379,30.595788031615164
103.22374005283444,31.018294848032756
102.7746076808555,30.73817273341001
102.68814790393252,29.929378652624173
102.7233312734485,30.679661432181167
102.86934264788604,30.54484996695369
102.88619926470069,30.33582885798413
102.44013757913218,30.371635801651404
103.46832568726177,31.41160424817546
102.98659149633377,30.9142205552032
102.65198268628573,30.208265729291643
102.29926291239995,30.10479560844565
102.330739640466,29.90216819836496
102.5905674829089,30.210690340624108
102.40776812175686,29.827876376483395
102.49884188328008,30.286258147914385
102.6747433734126,29.99908263137793
102.35405978504852,30.126124765230937
102.9847266583265,29.555764949772904
102.89443660163363,29.46438501247331
102.90577953918014,29.452518084481817
103.06808647933067,29.463623043870026
102.63439444063938,29.996407524849065
102.41420305852708,30.119031740036863
102.36961707111267,29.831173317682914
103.32464582444541,31.34786595340808
104.42784593002547,32.68552394027472
104.93953701177429,32.5628428125949
104.42424767016773,32.775980663562834
103.82384965329238,31.917741800312893
104.03839464837615,32.89929087985261
103.85875410094937,32.32103769079639
103.84891013689283,31.85524062488432
104.24892159116892,33.020133414606406
103.53870721551537,31.126515320151587
103.56940080294265,31.11393178513043
103.26314739962974,31.01970733798656
102.64315035519874,30.719955666034004
102.90227366143033,30.48071752556182
103.02252448511338,30.42511349383922
103.30576432817008,30.884570773602245
102.77491675903802,30.583809515023745
103.28005983213534,31.303175752453782
103.03129594975819,31.209349155691886
102.7552752140704,30.24879818259331
102.77498032707678,30.82193585769352
102.97144953219986,29.43058687556983
103.02577322384192,29.496612537936443
102.62707513921583,29.71607370497119
102.69207425821631,30.260886884348885
102.38491577186801,30.1837166569081
102.71694942107648,30.220952055111187
102.70777369076728,29.61480932440056
102.35597482753356,30.176731816207116
102.50766782421266,30.269227506959947
103.31347112121908,31.233332612656774
103.44044168757847,30.835945973760975
102.94298533342794,30.606280744837992
102.93258915746063,29.564999050923145
103.04296270548093,29.457672457339548
102.30383730678321,29.951983705323652
102.42715559402826,29.780425712567574
104.15703195126017,32.31456956614103
103.89245691058812,31.5192666531539
102.70659908057048,30.896104459285322
102.76966676892917,29.506603625562704
102.61198675957725,30.338160736198468
103.30064302261809,31.39240754377212
102.4650538991008,30.24314677818856
103.18648334270561,30.729416345848207
102.94837620115595,30.51621172710967
102.60370357202254,30.388811147497954
102.38739764898013,30.188005814040764
103.43229671316001,30.84779599617948
103.2895554656485,31.286902276527517
103.11564600382627,30.879766044500414
102.99323501346636,30.877257143249324
103.32691692568028,30.95901546778604
102.66457904920117,30.65694454402742
103.58231740444329,31.116694134417948
104.17099070731545,32.21168016216979
103.11641001279608,30.875428009192838
103.11939497159466,31.184093226211704
103.14110393466284,31.15060614608939
103.07602526253456,31.229388826569856
103.2386992929332,31.194474862987644
103.18873320241785,30.684459959622778
102.67352257334723,30.482290214505866
102.44016960931539,30.40007870364942
102.71978572115127,30.75511100321113
102.96451495992326,30.57058389727089
102.46313286468356,30.16306881323211
102.93251216927365,30.52016899359162
103.15238902817696,30.67185132035219
103.00824102349705,31.081080309832725
102.84788908248905,30.689132842524746
103.03139338182652,30.59821829858873
103.7308201914927,31.473100072402936
103.2383441523758,31.24413645348056
102.66162964734369,30.74683074840319
102.91437275412216,31.176873921050895
102.50653005574343,30.74012565418656
103.14262346242063,30.828714753300172
103.2335776286104,31.360329546640124
103.21416790822909,30.693686947204846
103.98881595003584,31.553464059798642
104.61813307533497,32.596270790043405
104.06576200399837,32.80093117907426
102.91349698753586,30.8031003894356
103.07410473087738,30.875874227841667
102.92100459261712,30.53479074574003
103.32912071311871,30.79831141460378
104.13217225104701,31.642950119635557
104.00362834739217,31.573914699823096
103.80066098530175,32.07075462117534
104.32284393970978,32.84949963704432
104.03521635716608,32.03240141423796
103.92269658200833,31.953090322055097
103.07044916461099,30.907865625459372
102.73391699723844,30.710990774768067
102.91840329203373,31.20329056767961
103.33453058688204,31.358238272904185
102.9063647656701,30.891511571237473
104.14755566105734,32.42424487648579
104.01619386113853,31.679649908835803
103.67854938706911,31.30562672600596
104.27239709787276,31.78685110368937
105.08185981320294,32.602595082891725
104.94146837744778,32.532225019987735
104.03375647106982,33.13907872401256
104.95698567934167,32.59342285515327
103.94778527396345,31.820274684946114
104.0255938490159,31.938438181253733
104.28333962288302,32.24226329748721
103.74618271784902,31.88116127258965
102.63354899826763,30.387008770130585
103.20405071509016,30.595409442175367
103.00947654867409,30.9460937194419
102.91396911867179,30.758313835962966
103.73386845667666,31.239180743314282
102.94527834357,30.851304368512118
102.99170355440384,31.272401696076233
102.96804529014916,29.415391950703786
102.94878583515859,29.453975011473847
102.55801295814422,29.87089902954844
102.96329309647923,31.04940757853625
102.50437444140942,29.88142644686394
102.30532010706878,29.934481129437042
102.99954438681529,29.584458437073792
102.93860330049094,29.567218346116636
102.97331645918426,29.681356425050797
102.62570388963348,29.685570520937134
102.9268153080007,30.72138308310623
102.53391387193606,30.337472115470916
102.47955572303728,30.598982853041218
102.738477054056,29.524982019232834
102.30636822180139,30.14076504201994
102.74824981507889,30.765468870321317
103.08077387935415,30.552179380733108
102.96490626013656,30.782582422329472
103.37435223138337,31.24737282177011
103.04731657013618,31.021966555363985
103.0879207330415,30.587445800324744
103.24419209812376,30.77774699271858
102.5288541011387,30.54537783577101
102.47625624014086,29.832211196899703
102.84946810091358,30.70077986518523
102.39897610168079,29.808973555135978
102.76087633926078,30.19768974036978
102.90085403805837,29.45141845698091
103.44528161931106,30.888854650695908
103.77330095613013,31.82136994772864
104.1544391473525,32.33992095751385
104.0811411880196,31.546423398185144
103.70695555317411,32.001814155525445
104.0840191308746,33.12963336520599
103.98808114124887,32.8837036860186
104.67451957686279,32.78389316050744
104.13031009866339,32.39649542593057
104.0031529276493,32.0558044517501
104.2989209306095,32.90079525935656
104.06307921700031,32.87581510519247
104.05321418103621,32.91372277470512
104.2968338445153,32.64470128310938
104.02570290779383,32.65956797293332
104.1826356350736,33.027866314727696
104.4692412153496,32.83625501915922
103.82210192768888,31.94171486192121
103.81300692828394,32.260015048491894
104.0150369973236,32.12083252249977
103.93394665472478,32.44322602566608
104.005655477708,31.91770281460418
104.00012548980138,31.835111366042636
103.82981342760012,31.337321387286515
103.61134251982018,31.327373637204886
102.75077941122571,30.24010168932581
102.53103079137523,30.23658847483002
102.41123273974466,30.165165062081456
103.28035951839487,31.251931083349152
103.76899253771585,31.32237120239129
104.05827161769311,31.695371266927108
104.57029950507778,32.581157902953045
103.9718125039327,32.22261085397761
103.70499559928487,31.25086193012447
103.37135686933168,31.1849803558771
103.20106994975174,31.076754866860657
102.41418028200043,29.773295188804603
103.00342969267557,31.064416281264993
104.04908732078276,32.07009898780834
104.35040662421407,32.266377787570235
104.14102266707282,31.768892480143645
103.97811078786305,31.930778252758657
103.84942886477428,32.31870165011137
104.29035130730523,32.90710328484248
103.97610413676995,31.872088164176525
104.99178439326711,32.656845130821836
104.4725082711951,32.603905151578125
105.43227668755733,32.78193569344646
105.07078804817492,32.661399260328324
105.33747672994897,32.83123745930307
104.76698842543558,32.789101497104134
104.03700251341392,31.70491103682254
104.0705780938159,32.22787299491626
103.5241058422398,31.11941258300837
102.66519924294718,29.715118322185862
102.27651600541188,30.06628427889394
102.94613129348755,30.52115458019661
102.79896835305364,30.717147045525408
103.21859609078815,30.777844539064233
102.48515905620953,30.687224603216773
102.58326567850278,30.182695322699857
102.4792347667865,29.89036924298862
102.92295923042848,29.49578363261517
102.96260626930845,29.646260684481874
102.83599776965814,30.577776492197668
103.22323763785265,30.939224364719635
104.19827448380747,31.754025996338537
104.48821254056053,32.69454961173317
103.90118623436808,32.39766497687893
104.91318211248846,32.62930998198276
104.46484872213298,32.729975594841655
103.80722636819705,32.05174454974908
103.4154679100236,31.385537111677905
103.07180673423582,30.945823464067352
103.98940073326877,32.71223389339075
104.36968281634779,32.269552893632884
104.31471541806992,32.05672049085342
103.24399580021236,31.24542448988157
103.05213514116492,31.120727340073184
103.4779616852085,31.41148918123399
103.67820897849545,31.97386316844475
103.99702325189133,32.88377083656442
104.23853622379256,32.22458045516757
104.05398826397008,32.75682174246253
104.12895377243696,32.34341045281038
103.90065462239063,31.842858501603043
103.78932016737353,32.009382689024534
103.99991565629114,32.57643510074856
104.26454709334634,32.053043648689915
104.57485615845073,32.63825416161893
104.08670673884642,32.186376122548296
104.20495166899315,32.14013438028776
103.6994540354954,31.959908060624063
104.89748826477017,32.62258853960801
105.30721857010784,32.77705233237414
104.05845521069563,33.09232808492324
104.22616428455859,32.88831655877383
103.92059105130579,31.957835857178488
104.11124513090097,32.67957301185414
103.32584262197336,30.894399644366676
102.43323702221377,30.401169175687105
102.95213543250361,30.799398818714927
103.1058899499271,30.570170861708636
103.08240992227589,29.516715530958095
103.03757576725133,29.532922024312043
102.89614144947957,29.57536167576554
102.40756154098146,30.0357101239109
102.91889141911828,31.101310371190383
103.38931899681371,31.065583762062722
103.33614841556947,31.17804968448559
103.83858672856556,32.46895475007293
105.49872975994691,33.00137500680495
104.68391857054728,32.79022201427085
105.1536276761476,32.66342473712857
104.42435308032879,32.11542786355561
103.88520867394585,32.44318010351402
104.22261609610071,31.765589371456425
103.98616382425361,33.072269904446756
104.99180720171788,32.70902446421365
105.32426784306556,32.80068320873428
104.59856880981506,32.702324843980264
103.76575990823557,32.124222785656144
103.89901004829844,31.413258826683894
103.22942536532457,30.951148519177565
102.59835728738919,30.327338430366385
103.93372343027788,31.502969462447805
104.05892321017741,32.71058086740956
103.86980871480817,32.4269151582559
104.33483924951119,32.80416790248015
103.99526360148073,32.62464606210133
103.99608524503749,32.635446322655135
104.12105095347692,33.01464080129546
104.16186986067581,31.680639148636928
105.58874635400255,33.00472270924225
104.94835134999303,32.72489280534182
104.19748415427905,32.70886416641217
103.8546300970029,32.18464642937451
103.88101755657074,32.60732218321299
104.45569367128772,32.66839417780698
103.91175613528452,32.4173174887545
104.85520104711573,32.76081200176873
104.13816439652463,33.14095977401989
104.29543599696113,33.03172687513948
104.29113371801034,33.039289541306076
104.00802024800954,33.00232495859697
103.89711852646789,32.21795521520591
103.76242991187297,31.83972452774662
105.06573730951186,32.69285706881926
105.40067756868469,32.88464752989595
105.44392822401001,32.93669008013366
103.9454636518857,31.90414944459827
103.89804703539362,32.026906828949336
104.20292653431176,32.31327970698814
104.39986990304351,32.97109881556078
104.7199309693835,32.776534245654986
104.17494937868655,32.896480465340915
104.38514185111556,32.63424842795265
103.87760828046804,32.00920542378135
104.30010106671423,31.77343272746764
104.04677192933642,33.114936405185695
104.35256053697152,32.24006127719316
103.983165204285,31.654656043831395
104.64287867105128,32.680446280867486
103.928408272767,31.486811956698972
103.74745932684976,31.313111626597
103.09270740313926,30.925887041469686
103.79347893895137,31.37624056560487
104.04122506562136,32.50841885637979
104.68351766196974,32.59902351745963
104.8808472285893,32.783739711332785
104.36746917745894,32.69508196019538
104.02725907272745,32.908529458209955
105.48491011176684,33.00088093560213
105.30029103924417,32.691579481475095
104.76286635416123,32.72127702878175
104.08041061137367,33.155998143740895
104.55627244069845,32.62216642426755
104.55046427824081,32.83446468297839
103.95735830789106,32.473613100362854
103.82896129805563,32.67535287874592
104.2077761643148,32.905095268402754
103.45783955263651,31.42938357930395
102.5561649735418,29.73129145013102
102.75361060360187,30.76283138339971
102.80427686897592,29.58815931583923
102.65046628727767,30.1394681687428
103.83210952247465,32.08448905521044
103.96614627543246,32.22900154462731
104.00829525745837,32.48927683091869
104.29557726959156,32.81768999686034
103.82741852572883,32.39802435428705
104.05124790956955,32.411957016982775
103.70142779850408,32.00686294679956
103.92629193539982,32.67699386214209
103.30318181440676,31.262666941333908
103.43747139027472,30.884739638460466
103.1355873680967,30.808829143186394
103.93383227289291,31.66736338255413
104.11476919363965,31.74481600702097
102.47592374237833,30.667553016386574
103.1814721579154,30.515958576468105
103.12540070712646,30.741758858000065
102.63535442580486,30.666246412198614
103.05855016271487,30.663137293880574
102.47094370497364,30.546434166358505
102.52759732912675,29.942302533815987
103.07457782724664,30.623290563378074
102.928788878527,31.227284432547382
102.92810472887963,30.65899162603844
103.03668440899686,31.187539418197748
103.362366467597,30.890661545157677
103.14956175907245,31.156190281723426
103.2634208055326,30.937834617639414
102.62035983743294,30.157928626129507
102.64899155965355,29.95243470213561
102.71257974606304,30.327273386834236
102.55334976005452,29.856757019799748
103.02262062369937,29.550516460425314
102.98910170756153,29.51590676053378
102.79016305787697,29.616480086336914
103.0504563109011,29.490715907392513
103.02713722123637,30.797620336227585
102.5499988202653,29.823644015306478
102.77546761941436,30.904269262951004
102.35332558326549,29.823477733172247
102.33695387221579,30.089584549241483
102.98853740840435,31.07095040936353
103.41520657466735,30.839270034220487
103.23663047246443,31.185433905545374
103.7201712897013,31.852383342929645
103.74172492401867,32.1278064722123
104.30384588853651,33.02425039024455
104.41506772712441,32.71652430677244
104.28415221641333,32.53191480881325
103.88892281067797,32.018438368998126
104.00219125860967,32.4029350209241
103.89935313438693,32.6850712471827
104.07620955380558,32.313779547583884
104.11076954832708,33.125477142881685
104.27796400664226,32.29805981340288
103.99811991841486,32.27695468942668
104.11199857856035,32.79546222330842
104.67173754215918,32.63667408225728
104.58426289281198,32.78383189286695
104.26370353251501,32.11858321382116
104.63560020934439,32.50192390601512
104.94832720789388,32.58984337755531
103.88384181785489,32.68156380634802
104.34876152556134,32.79506874826833
104.30267457453415,32.576854228319164
104.19310953368145,32.95285187945492
104.1568445939482,32.85505790078048
103.71748186576585,31.976208374962905
104.03095116030562,31.949301148379817
104.7389635650423,32.67419193878572
105.03482852824304,32.62959823432679
105.22082443067328,32.94775128032351
104.282974897356,32.82555834256406
103.88226541050516,32.345583261137726
103.53349250766811,31.152130075749707
103.11317416623234,31.24116535260896
102.7511776482377,30.245681492438557
103.05668416265168,29.49867767407514
103.11140057184573,29.52910743166824
102.36732249211795,29.73410091354657
102.40619366074642,30.039043597736505
102.94271694727054,30.7470033117793
102.70363748412038,30.731249468254994
103.08973117760422,30.956195714584393
102.61536660875836,30.126646325644
102.79913463782562,30.908284641889125
102.92985655711881,30.551165525490948
103.14465295717775,29.45317917046151
102.48780901892026,30.081444934336616
102.63194622211239,30.209907021312407
102.58248968029966,30.60095031380967
102.59160655183649,30.341590798323583
103.19283836199826,31.09172468991035
103.2132922423277,31.09673829371858
102.93490597005675,30.531017324186248
103.3483423070278,31.162865728124263
103.92342234678016,31.682794665006785
103.88626985425783,32.24263089655873
103.76371115588803,31.4053307240199
102.49999651582358,30.52849965020859
103.21959943167172,30.93904216871657
103.32329041156225,30.952193981159308
102.57850999112704,30.366629570414958
102.55504143447928,30.25982338595517
102.96555236321228,31.02092144933506
103.42725761886575,31.429092110788634
102.48641936535158,30.34245153056092
103.64508520671599,31.229603773420315
103.87578737134174,32.653112691840796
103.59722666974066,31.150184316194288
103.4400762213395,31.408393497262715
103.70100120799562,31.162738628223774
103.39682389220775,31.27173740100859
102.48086431871131,30.274129068168037
103.30919255468248,30.81362276096777
102.80089378689553,30.52566152982613
102.55992252176851,30.339904939571333
102.8593916298899,29.525595988155544
102.37474982512938,30.137210025596975
103.03445909729128,29.505081198570206
102.79714625890325,29.541857869678594
102.748524553787,29.496026609091377
103.0383794393897,30.8034425091779
103.11470723605075,31.163751280657095
102.48430381183519,30.616566367185175
103.34495193355853,31.048602846488347
103.42160142956503,31.330349688126436
103.29436962331124,30.726954013836906
103.19420784806906,30.719120430623974
103.084697849378,30.834193244670974
102.93135246107892,30.500716361211566
103.97674468170997,31.874153157503436
104.15544702107606,32.5854000748782
104.07593450067361,32.88750795614736
104.1686933403543,32.18185580893778
103.71998058962147,31.90043387577258
105.05882619330272,32.68489352680865
104.18037226001343,32.804233698276356
105.39262194415298,33.15674197472089
103.96262222808329,32.077414342723664
104.2962343997391,32.82999730916226
104.00763150238386,32.41766965845199
104.92966558727828,32.77270251894765
105.38093235062482,32.96734719029031
104.74040519067104,32.76139305758363
104.7825649449567,32.75027358968934
104.54686199575751,32.76819668894731
104.84505687237022,32.53357465404955
105.0605987327821,32.548073585136066
104.24865740718977,32.90373790744433
104.97472109380635,32.66464728771515
104.4315786477193,32.82140156360506
103.86179801643041,32.326528644970104
104.37600671268169,32.10818007593515
104.64747250835117,32.46523149577444
104.17488007119344,32.83817985712632
104.50746410691251,32.50155609004939
103.86530171962588,31.96041671120163
104.079424536704,32.192941121254535
103.88315714474233,31.99190375748
104.32375134701535,32.04942877307021
104.0547349482985,32.08921052541989
104.32815684824635,32.80316893389955
104.01560799053875,31.926063611493856
104.13636736588217,32.221152690172396
104.02967150942851,33.02360843412482
104.09296420312292,32.11442966910016
104.05327885523283,32.37472752922095
103.87186629814269,32.09830992852584
104.00154735984763,32.898259206754545
104.47855275665778,32.516864727057936
104.14776832253011,33.125923431735174
104.05994499001997,33.11165914981415
104.15504193562576,32.61451128617607
104.13133173605408,32.87008348874455
103.90205119553602,31.904094513793723
103.91179762097578,32.73011285220491
103.86400401234064,32.31237191980289
104.2978577130103,32.69142204522498
103.91341402208877,32.496101817503835
104.36113453952333,32.99234659208394
105.47533773325095,32.89903922162452
105.56312617171537,32.878848021218786
105.52645032345995,33.018524915009515
105.52647548565942,33.00148269828958
104.17560845384793,32.32953620947269
103.88143545631519,32.13671280243391
104.53005942719274,32.877710989580294
103.93549168443018,32.226864948303266
103.96219267920053,31.489962111621512
102.9021073172128,30.431580621037625
102.5393763995972,29.733266315246038
102.60971703208449,29.65388884696428
102.65746526202382,30.583119918458433
102.98993853623824,31.06273654465406
103.79650062875079,31.476709549941127
104.15403235476865,31.714717504262346
103.6975094990715,31.973381655968904
103.91917371329072,32.21601479983642
103.92346525809619,31.813795688393657
103.86456303587103,31.567426396417922
105.28074849762137,32.65213627574177
105.0873243771693,32.72060129491476
105.4194609114888,32.824938704972965
104.44892437675439,32.71741346912065
104.0652644931576,33.11687313663025
104.27595339903107,32.87343669485058
105.37148412867185,32.974493342188374
104.16265134992557,32.91662946103742
104.68204699362462,32.807321465718296
105.36261390425051,33.02044594353444
105.39063937016005,33.14755606950387
104.8956200222994,32.71262066118324
105.50353009102543,32.89308478136167
105.04241785128598,32.59116977524131
105.46243253835571,32.76818432509104
105.46019500944665,32.76217476882788
104.18665029855161,32.31058439309074
105.6335241049213,32.9806978645846
105.25673795264906,32.79657246135881
105.51523129035407,32.95570433979294
105.51182966026734,32.883484560116685
105.39283248792154,32.730448195352125
103.96950237755566,32.58893873042796
104.91908232521254,32.69738830015227
104.20092381738047,32.72198929472174
104.11383620751263,32.94065075058869
104.30117476657543,32.79798936076808
103.71742211627664,31.892046784900412
103.44137294543728,31.400593091087014
102.70045034102633,30.802138772608398
103.0970991203279,31.17139230783394
102.66041266427486,30.610863193712788
104.04537871958973,31.673548585879114
104.54806861934927,32.849392171340064
104.56570117933843,32.71344978416088
104.51645320115217,32.746948686621344
104.00111977841505,32.90063569545756
104.88393772572718,32.51466324512034
104.47714081341215,32.9573808405469
104.3962952951641,32.76192278629002
104.27424000605676,32.90273055241964
104.29138993524919,32.639192611675185
103.95422413402808,32.183440115305345
103.08369633629609,30.87453951916421
103.3075046141221,31.237128678124606
103.02897315958552,30.971168474679228
102.83910437172388,30.37822432261721
102.56390999366538,30.25721353080067
102.58656334873066,29.880785789935654
102.42262223284554,30.14601875328165
102.78711275333245,30.51375433480517
103.78772739332032,31.771520907697123
103.74737238516941,31.4715344423304
104.0710323619145,31.417224297747484
103.88678773440752,31.74505370261988
104.02241586048693,31.97544692880475
104.30973471007253,33.00547277444843
103.97859586039938,32.18726192398956
103.86955441924633,31.407566543258433
104.18916836455065,32.854998531904194
103.91787434021629,32.895529975767325
104.74709827446964,32.48376163584112
104.09508559353158,33.0732071303343
103.85309792434902,32.590733306954185
104.224484269922,32.963928526852754
102.87000208264975,30.433855353903954
103.31648120660422,30.94000871712219
103.33576507582114,30.942503295500565
103.22817554049222,30.639365235394674
103.53215876646009,31.066096771879728
102.97399717605319,31.175703081582515
102.64688525687957,30.648714642400385
103.3204358794937,31.035148781350173
102.50289929938658,29.691287094536715
102.53000079795771,29.889345536734126
102.39454093242321,30.027705450496512
103.20538396916132,31.110197408857385
102.64604952978928,30.467817510213038
102.91363139107628,31.183054973667012
103.02133747642425,31.254604748025887
103.06167914386461,30.627910462726977
103.02476577064174,30.48033840003867
103.04552308694312,30.593126770620163
102.70354099289439,29.68817673247689
103.26809712356261,31.30581232048965
102.88152826330757,30.5263822552464
103.27052941532553,30.648299577811038
103.97366402636561,31.458224004412806
103.8388858962851,32.5653116915343
104.05571588097399,32.572450253877136
103.85097086537344,32.28506157862321
104.10441982635031,31.677029771894013
104.26750215122516,32.584442991879094
104.22794923567737,33.05695222311872
104.18014671541805,33.011041181773315
103.90969543117244,32.77789627019316
103.89496662720792,31.4123296475864
103.76901631345453,31.542512476731044
103.78465081842505,32.117660185733904
104.21998259693245,32.69041034955287
104.02196297737521,32.208223052314295
104.38731521098336,32.273785297915445
104.06339957576762,32.29749682214116
104.16948788131398,33.01211015567061
104.62359860064593,32.73523725421783
104.57674651572626,32.53719286008508
104.13841332898005,31.78033467434094
104.11985391457873,32.82445909010711
104.55882020458854,32.86000859330739
104.41791728560379,32.7251294178172
104.09626622408875,32.23574381801846
104.55444764566778,32.79402878441795
104.07100316958984,32.66892296530409
104.38171953121653,32.95167949224309
104.89405277388565,32.78802619345948
104.5412641211047,32.79470485838591
104.74202726948963,32.582843902246815
105.02585124794689,32.68599413997036
104.09375264818543,32.691710267321405
104.6185527390755,32.76440621785
104.28175000831475,32.79000860034898
104.19843698352662,32.62873783414688
103.89791523000846,32.48048432249817
103.97359710672407,31.863718057857064
103.75226994510949,31.357414956378342
104.85612596493684,32.51579978904462
105.13867267633958,32.63971412474123
104.90532967234068,32.52509940752622
104.05853725060611,32.136367167543334
103.8805744965448,32.16540958897234
104.8748413803326,32.63023828190776
104.42999752928415,32.858845478213745
105.57584205209021,32.920739491896796
103.98442937734019,32.09265552750469
104.37293902756343,32.28241154500263
104.43509297542597,32.95618449538768
104.27313481610598,32.691263102949264
102.63424487723223,30.200760544031375
102.51351928484287,30.343256768478867
102.48091445700345,29.755246442927564
102.46961132356942,30.06789246127686
102.82738942906018,29.498564115903328
102.56449621700438,30.492110055796655
102.60880589399534,29.985001569036168
102.93643970918824,31.191568785137928
104.07247957104671,31.414623268462247
102.49114376900917,30.53288516805071
102.6001603355858,30.346729847554283
103.02782513498121,31.273960872175444
102.60443520028025,29.857467546379905
103.6329202392017,31.166379556101237
103.40464212124446,31.322161315356308
102.95250719141623,30.693625210191264
104.00225205260733,31.505333581761935
104.16313334613727,31.684112884436963
103.87380824001212,31.479641555406367
102.87789444587608,30.84568200324032
103.32960863599727,30.758852296844655
103.2134650259745,31.148052332106616
103.21084357462682,30.793097568056343
102.91702156236852,31.12243411436887
102.47801139709686,30.619996718614384
103.30416766340288,30.772321326856876
103.19719236987856,30.700801079136262
103.29975015817939,30.808299123632928
102.99872974595382,30.46377880315053
103.39007638990986,31.167212391621845
102.93283925915722,30.724785628722806
102.50588937845421,29.711208036976785
103.02498525033222,29.498275322519998
102.49363897357098,29.910435897287954
103.31394921672272,31.34767717962575
102.40438146581288,30.023817431412763
103.28137115432351,30.737067619457143
102.94691735808672,31.248244390823057
102.73443731238751,30.37305490979613
103.08327979990133,30.870094878467423
103.14329109998464,30.747295153747377
102.70021417614859,30.821336216803804
103.05915929043701,30.71301342546508
102.6659694770399,29.623194843465164
102.98167482139091,29.483405695755362
102.54871458288056,29.696962981535226
102.47068410669854,30.193702951672968
103.28121360589937,31.233767998107997
103.11914688429687,31.177308636958163
103.977412498377,31.379779586841735
103.901440896084,32.8769552304455
104.75707425524213,32.79339330622225
103.98193738232212,32.55562937108154
103.93556998735228,32.03761603005694
104.90468527701667,32.566884628217345
104.17166714336406,32.53092570873487
103.7644037968976,32.03042742460163
103.96114684462681,31.53833554559302
103.89443477042684,32.108578505459
103.94899371498454,31.796046340319975
103.33304326406,31.248909911703382
103.38309195296888,31.311346408726614
102.56653898817761,30.230796414103285
102.50666652701113,30.1892639007133
102.68408755860929,29.647509341762134
102.79589259943266,29.598700554620375
102.84480945907298,29.517619110647516
102.93579449729523,29.705690890286377
103.03994593346358,30.472735661144604
102.53707821475612,30.24992592750028
103.1971157044608,30.96525496431084
103.1302026590788,30.891675960921212
102.51450728961014,30.397682106144305
103.04931460122668,30.930393496340383
102.86437965784991,30.903557235387982
102.68349251245941,30.676786375182967
102.96767990510624,29.594397907756566
102.46346981707346,29.936869587261146
102.81912859657089,30.691192532608213
102.71036962337409,30.795266370778382
103.66455996211447,31.16727568704439
104.09424776275722,32.36577549068668
104.33637059619215,32.135689304493496
104.14694803830392,31.761518302381635
103.93770509985305,32.21311141522402
103.92689660302753,31.560447220972062
104.23800947037408,32.88793457096075
104.25841971335903,32.542137963910605
104.1905233471226,33.080014598014735
104.16887384274267,32.267528705821974
104.61089085077592,32.47166319064782
105.44067609356992,33.14931621495424
104.9465268374764,32.65466238862575
104.80867872559818,32.75573307919842
104.71365609503532,32.4721178411219
104.70815296735532,32.62781978820929
103.92780207477932,32.88890924597788
104.05012326918516,33.201991090214385
103.83412941999227,31.334442371639806
102.99146038886826,30.96641777423153
102.43104449455677,30.466255463642835
103.09047528288501,30.86930700170477
102.98400717350967,30.7348197232726
102.8423643611575,29.553245895266055
102.99695090488056,29.530731147205206
102.75283067790241,29.61851533488248
103.08070428732984,29.523142569541744
102.87591434245546,29.50507451217729
103.02795706134006,29.512008516921952
103.04972474730208,29.512741010645662
103.18523374554583,29.548822162803123
102.60620008304682,30.318615631089674
103.06528728939476,30.618716288658593
102.93142812872112,29.470826482184407
104.71250709849829,32.70215790786727
104.34824285431898,32.7546510057049
103.92146345757965,31.559562286722446
102.93508368397586,31.144138577823252
102.51645352525458,30.348065689279622
102.56102771403619,29.84244791629385
102.82676259031541,30.719141840380804
103.01251821284858,30.597609288441223
102.46684932484276,29.970711250839557
102.311579011603,30.00391795810691
102.67611300125166,30.647182314811005
102.75956276597903,29.535096982203253
102.4472649135493,30.091464639512846
103.34590275261993,31.24069806324918
103.5479617282714,31.259878704655886
104.25352370053191,32.28678004378832
103.98199094082754,32.41270631865575
104.78173630482108,32.58329896813959
105.15365456909262,32.84396165449717
103.93010544629186,32.91239831905249
104.17624098127341,32.763736957512045
103.35923557699988,31.327687864596587
103.28013543396474,31.215833135529532
102.55355880551697,30.505304987286895
103.28488038218929,30.853128722580866
102.81159240476676,30.68921389425625
102.46863026418171,30.585872700411173
103.24335318283822,30.784916719613058
102.31968974146399,29.917068363556925
102.5362171988871,30.194273328797085
102.32791886531597,30.123378157042403
102.681019052946,30.21155114423232
103.29889871207942,30.865120772041944
102.99907101713058,31.29015989601884
104.3717643637247,32.69626196289543
104.08129163849387,32.97884321620573
104.16708268706657,32.889415990428176
104.72875666877812,32.751879832428536
104.5847082278272,32.85823243654878
104.04891443902038,33.00093824754609
103.92428846224456,31.454184201959862
103.89740886358862,31.647944428319253
103.91692087464261,31.63611153192444
104.30005464275298,32.15905339364007
104.48511237385615,32.50642381157381
104.24684861225975,32.801567983659815
104.25096087610567,32.76271658147754
103.82411302057155,31.874371588132554
103.09033147981759,31.049428761968542
103.20637057162173,30.915031083066417
103.0637561589011,30.798650182598116
103.88035412958611,31.427169658602327
103.33091068511442,31.181090321000188
102.32443275831847,30.077816818820647
103.11301232930863,30.92235797313942
102.48616443273359,30.23278703914347
102.90492367703895,29.581430523000872
102.6234724152927,30.80121231442347
102.61074324825248,30.514898475008685
103.33298449429586,30.892155396101636
103.11904375463719,31.022415838107854
102.57332828369509,30.54851651143468
103.16990310380393,31.23886222988189
104.24883978205091,32.136100625199056
103.82991609939049,32.28048052595353
102.70980245450521,30.240696136036625
102.54206800944792,30.45030194874987
102.52669177263459,29.94687072928453
103.36273454959651,31.07588381514094
103.290339492146,31.079000113806273
103.2685715876253,31.295609943818764
103.34809039936331,30.817512028644916
103.77246445449428,31.537099709203257
102.82612022108108,30.845428071494094
103.66651538694562,31.302443351836047
103.8198068068369,31.52362004547702
103.1009721198093,30.867283182496337
102.6050033855654,30.17211469004865
102.62691401565439,30.61869859231679
102.43147964128448,30.018800714319948
102.41656419756163,30.25045975317223
103.40836458103692,31.155974921294113
103.08978537784678,31.199080450814463
104.04566247689418,31.567734765503157
102.65176206725972,30.181990863853347
103.19881726146357,30.557760841527983
102.82650081858125,30.576727542754213
102.4829258232386,30.573004094539783
102.48369613567341,30.322166715342313
103.39673647055618,31.279469243077504
102.93454656910006,30.807755071767726
102.48804759853853,29.948518899077172
102.4256944822634,30.12477951887064
103.14606117249492,30.749805556038133
102.65888631843812,30.753446626677842
103.10436635021985,30.56153370166055
102.33384818317477,30.20248452988135
103.8086545170603,31.50280609825321
104.29411864225905,32.712903154333304
105.05710315856788,32.583653005477935
105.47682492099305,32.86171520319254
105.17314876263661,32.70125780637606
104.75122133403433,32.752206481969374
104.18338291194216,32.649602658789824
103.95886110988343,32.84964846315146
104.07615608812554,32.658068156634904
104.78232412408121,32.55607480830982
105.15316576988316,32.71196532256522
104.06332164250307,33.00188167804161
104.519611629841,32.722327816796195
104.16766352457729,32.75848136652773
103.04562227143488,31.204189335844948
102.92876361982972,30.651313032440132
103.78585000525946,32.0724694229679
103.94661977722262,31.555271720823878
103.99054645599195,31.612285432062766
103.91722704291386,32.81046663256565
103.88720599959284,31.41859085395551
105.19148186357968,32.689125514773636
105.48985910409456,33.041908916160956
104.5513083140309,32.690521452884305
103.87639814018576,32.21796891483697
102.85053259452758,30.898425038014384
104.03699671698105,32.07740064314984
104.0397350425714,32.1092748358425
104.09562030721212,33.043833552418505
104.3577194087433,32.68158407317567
104.02150965827101,32.249491158950384
103.14162883291156,31.106025857019375
103.12997014449064,30.77674872498476
102.8966199456068,30.840973055180697
102.89049608294516,30.412804036685298
103.83086975259401,31.390890029134173
104.12314417362543,31.75249076150901
104.20917715563846,32.278699553947156
104.51228337918612,32.67028351403312
104.04571293599025,32.72963298853758
104.09819384816313,32.11785026329142
103.984876477498,33.013297254344046
104.77187841622606,32.64736751416882
104.04089602869976,32.781665517021025
104.57570507474591,32.7401759010107
104.1036724593477,32.26174778602554
103.93062488178099,32.3134913932704
104.1956949842218,32.16520792196482
105.01859114791331,32.661170137858974
103.93413772489845,32.001569086789175
104.12834508552898,32.33943253672931
103.78893377314546,31.82019581029023
104.11954155253906,32.59732838622002
104.24173698125718,32.904535930743215
104.12755156167728,33.08818869715733
103.16414764118343,30.80686642487717
102.90512852836655,30.92053201630115
103.78411250484605,31.36121435390478
103.51491692114864,30.985577011248168
103.53526960118845,31.128499578949683
103.31471516728864,31.224713516572447
103.83979600178996,31.453442506232566
104.2535009958091,32.3156360191144
104.23366067201366,32.23901980244459
103.82710887553961,32.517616220224696
105.13848625639862,32.59090415012509
105.21331626176547,32.77597751379414
104.03315861464367,32.562630877971316
104.02737781501007,32.64684808423183
105.5768708936648,32.9454762824146
104.4585869521397,32.522288626695044
104.60792199427199,32.64257249702565
104.54643301356766,32.55732173476502
104.37124988893929,32.10612653493506
104.52314122888605,32.82029431155388
104.45002571664887,32.56279609969001
105.4496367130438,32.82873524647731
103.93161484583692,32.378307368889416
104.22542627464941,32.10068624228476
104.13470542958342,33.00863080501459
104.22264030003919,31.662351511441255
104.23666927440429,32.274344077479135
104.02967380384047,32.137003381260485
103.896446487637,32.3302913857794
103.25544145737537,31.295748896480465
104.03788444614742,32.19790008486308
103.89389345852452,32.128754556599816
104.42443542579737,32.63194189995961
103.85327827714646,32.51299903020172
104.69505491406414,32.84297830401772
104.03584162467213,32.119177866216184
102.89849256319759,30.44589529287328
103.17740669770002,30.609077621085383
102.33083315083788,30.00846678506378
102.28630531642341,29.91510330589174
104.36694441434582,32.08829457145228
104.43724967016762,32.0919060175162
103.82528786191389,32.52630060010962
104.39694387915367,32.52976089303619
103.92712555332018,32.57735507195831
104.04773439765052,32.39230835781969
103.83034518604234,32.29942540318234
103.91455442088791,31.898978965170276
104.12603886045356,32.49478688561834
104.12048649226556,32.41529953780417
103.8997410021687,32.43384034732425
104.3167429234583,32.18883567806218
104.48058914455906,32.944408789455544
104.15014439149216,32.3073041661529
104.09077369712791,32.288744696615176
104.21759191668626,31.778591252408972
104.70291297635654,32.73406787262908
104.4637801323117,32.70033385986466
104.130253346481,33.051039664195144
104.48321235899532,32.53538885699581
104.44350275072686,32.81199340929196
104.26227911670456,32.1112374713572
104.72194958491994,32.6273424610176
104.69896305281355,32.8281521053713
103.99601611692498,32.85930462089438
104.05721540593882,33.0248373676754
104.0081764673762,32.005139374901304
104.66717303496367,32.50515575648056
104.2376069276859,32.660028831940934
105.43196443966632,32.88468127726176
105.3985904571189,32.94135329681284
104.23985030903526,32.882851401859476
103.71885977529288,31.84587602422831
104.24689967097534,32.85570601453595
105.23573871465882,32.80545904334747
103.76482753971128,31.921778412722972
104.67703773298508,32.683639056789644
103.84898152840215,32.58609569826864
103.85230943062061,31.426832343106813
103.27663784033132,31.162971939215996
103.53223397569423,31.239512560437664
104.78413537161653,32.69272326225152
105.30601456611222,32.72018580714595
104.07216550438167,32.29638859680961
104.66431950809532,32.69336752922208
104.15024109321868,32.75053678283389
104.3956560946478,32.71823313504578
104.54250196061459,32.78194828230897
104.03907334433333,32.829951800936655
103.70349630220015,31.9930657343183
104.07031074657993,32.6198635718995
103.940074712386,32.18796030439646
104.8234397621746,32.55091421740586
103.83398185497924,31.49904515276869
103.77793722862319,32.069930075710246
104.22774541256997,32.56648037587361
104.30972124275198,32.95591821985566
104.1280016744209,32.61142579315719
103.83588985550959,31.96987088908354
103.75379672705283,31.815913556694056
104.0108784464065,33.077793828000225
104.50852258571219,32.653201728507916
104.06979203213918,32.23572909304292
103.68147466581671,32.008721212695086
104.09890278438586,31.997293696751786
102.63118091982048,30.74359113882826
102.99819652302331,31.239167391284713
103.94877012924864,32.03853222271879
103.92857376192183,32.10113160597885
104.87842360040995,32.679347338118504
104.43509913624989,32.046000533368684
104.0963383514729,32.998084891306746
104.2220337376929,33.055267752971915
103.98097275726943,32.829890841067396
105.50681029014245,32.79214452668511
104.85739904801846,32.7803793094311
104.5590128004611,32.76915630003309
104.33872607139499,32.275867695389195
105.5811821690112,32.86991700352181
104.47225013249816,32.7656547862365
104.04410992170389,32.73765552299105
103.8987256917289,32.200317470090525
104.10690236711022,31.632932619845725
104.1978679264147,31.756898844342864
104.27004903434097,32.16457108166456
103.93823579491719,32.63182394925931
104.27170458629413,32.928097407602614
103.7752279946216,32.0916321847063
103.77446801887048,31.93167210092007
103.994127653688,32.37856611086363
103.83292261709862,32.24883703619166
104.21615965881523,33.02679721662692
104.02907440981186,32.29595114504686
104.8018633269312,32.749101422887335
103.90558651026407,32.21258523841041
104.04327924609068,33.09729582220538
104.28500639261792,32.09229737105337
103.76263085253021,31.819484187749755
104.60402025901406,32.622968162076525
105.33442489273679,32.89554635756903
105.28404761706797,32.81164052901946
105.21982320951463,32.86797291658464
104.84102987480767,32.5613032203272
104.39508405128655,32.29831437554457
104.74988448825036,32.53008411447959
103.78516296545625,31.80623466971762
103.80118929185797,31.55029970257666
102.7502592202464,30.751027805707952
103.29470153759729,30.933519383150625
102.6299819774754,30.596718622496713
102.61644225981546,30.61835019599615
102.52324242284058,29.730663409489537
102.58732534350162,30.259400235977232
103.04381466438271,30.608618010843006
103.09249448743455,30.97702389559591
103.04569058964603,30.78256475997259
103.4186074365241,31.29833756407406
103.46987603966143,30.85231124810385
102.84857224107465,30.574130788949233
103.26322504451889,30.74085324466386
102.49191674508312,30.62535185473519
102.83139066058199,30.469931504323554
102.63779946989858,30.375888794545258
103.00216127814113,30.61241493997758
103.88252143819611,31.620193096705275
102.67707572652965,30.117558978101737
102.79957306632747,30.71670437588079
102.77177851004555,30.884461966304336
102.9596597523395,31.159343156208728
102.65837245054601,30.450879779850013
103.06341401041921,30.739459982232166
103.29435715844762,30.664839431216308
102.57776978038474,30.466053542958882
103.80788536360828,31.380836684967104
103.125058447645,30.974568018707597
103.07169800150606,30.695778126127244
102.88299019487722,30.700864424826825
103.15423203020791,30.65576366679728
102.67758564997091,30.487677202177817
102.6024233968433,29.877828885647418
102.51701439806746,29.91991670869056
102.32986033132775,29.73424298808247
102.62243779097837,30.630301320039276
102.9793678535636,30.39775903479555
104.00857371401295,31.672131575332585
104.19975116455777,32.31875667604303
104.14559282453035,31.682400935447554
104.04625665856527,32.42601129741475
103.83316184866734,32.03591103107329
104.03119678040585,32.586083110455114
103.15755294514648,29.498873087983434
102.93456533631297,29.530069207828586
102.99887772975627,29.435105801678404
102.85365977596268,29.59311436398982
102.6501551643486,30.24935892691431
103.09401344337999,31.245928695357716
103.81546739511217,31.381212710459774
103.84515763638251,31.561279740414815
104.11179846162335,31.642533983090093
103.74547163064375,31.876793537885362
104.15962942759943,32.437323650444384
104.71664483639353,32.70822879970515
103.83535656266035,32.06745042674652
104.31794105687061,32.99727641916142
104.81145690815549,32.80167987167188
104.01061790059974,32.903542589784635
105.54143490433965,33.01455203861703
105.52891101870715,32.86353247124556
104.75143899067136,32.48646542981726
105.3398315191478,32.97917743091788
104.59130401790866,32.645604890543254
104.35325781683869,32.112062776667074
104.19322156036158,32.69298057488076
103.9393969867037,32.75217907273885
105.20704885160846,32.84726179079176
104.2391617530323,32.851071619581845
104.65772074478772,32.664933591879226
105.28061875160196,32.639374412177474
103.9087791882574,32.44767647713842
104.36080218224356,32.68356854089788
103.87018595301451,32.471712021248344
104.03597721348102,32.638706599514585
104.40087195213192,32.81835628412591
104.17955650612282,32.8869730236803
104.80442925396945,32.58153493555784
105.11361381436834,32.655203943190145
105.46400336946341,32.98709307211358
105.14398535013979,32.82088263264767
105.43197852353504,32.95258832016118
104.62528459068567,32.60597477808995
103.80809704703884,32.549027011226315
104.18177634916205,32.75301865338333
105.35707999201591,32.79555206395739
105.25179688152974,32.60596585600776
104.2293106875697,32.16428940469728
103.74967322837328,32.02820476809953
104.04876011848569,32.11740804136247
104.10806448457295,33.080414385330606
103.89741152144903,31.754100628066666
104.72440458864101,32.461361702353926
104.04138767847412,33.041470101658845
104.27453784610414,32.21863214482834
104.55145467604899,32.627104862026805
104.3361794145538,32.79078727778267
105.59034986084322,32.91282543868294
103.93521943402578,32.44676384323096
104.13960506363946,32.67740523685252
104.19690044553533,32.608496060340144
105.45618875515461,32.89332349425209
103.95447758801184,31.931178468984402
103.97338973557127,32.49540862893834
105.22941214754613,32.70255832766525
104.02624170934625,32.44196638713205
103.82577860973946,32.040579043029155
103.13935616942453,30.87508094484057
103.29956735083061,31.050589156599063
102.82622181681585,30.734957900099364
102.8348757699222,30.462224578645866
103.00863585670268,30.66275568635034
103.14421512655287,30.81710828778681
102.90840960944381,30.49364301679362
102.89481550771117,30.373711199460214
102.66637973248699,30.510027919505085
102.42643928105194,29.752007357984283
102.5296577983957,30.57185466268617
102.44055108432191,30.12852557456422
103.05231232539126,30.458827164642276
102.75249342603412,30.909701013656065
102.76285866613908,30.67818456373475
103.82198792814505,31.32046003452028
103.98766851670757,31.55722571024352
104.08570456777782,31.45471129728844
103.81157388902754,31.590411947829846
103.05468587165022,31.135469798808433
102.61175562768601,30.17468646089084
102.42323594055681,30.488174954305414
102.95077780559072,29.6532741782031
102.68976961305663,29.92652551153448
102.64526542459022,30.177375259480627
102.44738477678504,30.14472007751044
102.80850480918292,29.54244878042377
102.95470444185514,29.43121324565018
102.59625482604258,30.302686896772894
103.026485163761,31.162949334266713
103.81010025235652,31.423343738054754
102.69223996536275,30.27642108150907
103.10974021391787,31.16021540465334
102.94308248602107,30.775664649224208
102.85750855949979,30.441535275668212
102.95927767850372,30.534201927075053
102.66369291988684,30.124919097011098
102.43866474161717,30.12936856171088
103.39100392931263,31.195460252780425
103.32516990771714,30.885273824293645
104.07872421202525,31.845314335065183
104.55353808494681,32.86533659800172
104.16658663688848,32.77472073522966
104.05159688040573,33.16639028590075
104.55221662277675,32.65881203505828
103.58532791050483,31.30976038450682
103.91609070979383,31.80296450585816
105.29827062816835,32.93240288256866
105.45526297599427,33.099013926306
104.86403341349964,32.54498749611151
102.45039484845115,29.868537555584354
103.06345765127688,31.101602598617575
102.91483258379496,30.382863087946358
103.0156258993365,30.66699323929944
102.57464262175681,30.699297461253426
102.90618855065338,30.466894939854015
104.3303978648724,32.1720226732806
103.87241428821605,32.16826609395195
103.10321414498286,31.28254447281414
103.62059807687909,31.247743352107005
102.97962178156318,31.071252692035042
103.87488353332706,31.93768600870199
104.66209706549567,32.62790417653843
104.66125901864103,32.64825536364694
104.1324453665197,32.17438740845629
104.06311115302519,32.972099247677875
104.24196948213546,32.162765115886515
104.04034053560437,31.601901285645557
104.02404004708026,31.980862265230925
103.91348841553547,32.692889954393316
103.80063642674195,31.85526239466247
102.94838869008242,30.42323901789168
103.0293765172116,29.566239157679234
102.92263128955702,29.62888767778212
102.55851593807807,30.389484586731815
103.64759455176454,31.253399208838832
103.10694219041639,31.060015378034855
103.23537030184693,31.252154715794035
103.21053215510268,30.941077579573303
102.4866933351417,29.98178206596344
104.24966707460987,31.74742988758417
104.05188587345567,32.63063217192048
104.44382777197163,32.91150289174633
105.28087544784823,32.69454167225825
103.9194951495862,32.87474662951597
104.8100255057813,32.781675377273125
103.92274614151505,32.56013808047771
103.67573210791745,31.928591274055684
102.47236769127751,30.079245902121087
102.92660243535231,30.72016671326406
102.38943010401069,30.02877652373299
102.69293021935502,30.69381991744346
102.93868415676341,30.432945603471914
102.48144420280762,30.588134678399197
102.55322510123442,30.061342906569458
102.28439448182044,29.92266031135457
102.87669018019304,30.76386034610746
103.66938067175862,31.247361644492795
103.9234518609947,31.571123331814782
103.45395855428471,31.346151609063238
103.30432102803282,31.247997966473424
103.35791956059803,31.2694404046524
103.15250542991289,31.286521541023657
103.74060642630857,31.79986785439842
103.9090581631513,32.650046707231745
104.97070830107513,32.628993991724656
104.18110661757802,32.19166030219304
104.23021755708544,32.13147005494655
103.86605102097899,32.504564909995295
105.49284537981387,33.0959272041868
104.05290993780159,31.95032469432483
104.67907574772994,32.49857365679217
104.04472289938957,32.894024936993176
104.2691933748254,32.70032539081612
104.24299257101482,32.75880270782605
104.1062355444337,31.73952766402127
103.97489916100609,32.64163605268679
104.73414085409271,32.50958743554508
105.24452390995333,32.87633563528944
104.35721238436147,32.10800956658775
103.66710847216679,31.19865771898891
103.83015984523004,31.614387697719746
104.39940182208794,32.30157409077908
104.04113346340615,32.612824557144926
104.93431032792195,32.70623844896298
103.85213672272991,31.536962874301768
104.30505677887719,32.246967267407484
103.96584893363584,32.87042422081798
104.1061779676987,32.800374240966704
104.80396924540004,32.49612632225367
105.54326205150073,33.04649699951385
104.9200094216561,32.574821965205516
104.40615322249552,32.85078055997633
103.9723064598273,32.7704162916397
104.02341677093347,32.40713365407458
104.34034417412175,32.539579331403154
103.74072957850072,32.05259556248777
103.91524802441823,31.519590175203184
103.11829800510559,31.189751629609468
103.1248173302338,31.169956549053403
102.85705275459917,30.496149747380436
103.21950443784613,31.012412787544335
103.15061677203414,30.96131007621049
103.27898929138168,30.81151233940139
102.56076034778663,30.810802703193332
102.8211525060965,30.771248949609117
102.99027170301258,30.44702359237022
102.59619305182927,30.171816811173343
103.28739629433467,30.700959067310315
103.38907545206277,31.11099761212368
103.11237299407819,30.465686639140188
102.47171677700806,29.885128595397106
102.41760898081671,28.939379288783964
102.42544839342521,28.907569958581416
102.43773086406809,28.949895886002736
102.37882948646413,29.149654232380517
102.24539417307682,28.961008372792744
102.26918910689126,28.91063305908802
102.40312046466435,28.967641145273017
102.43327700871384,28.91747980979369
102.34484478001629,28.893351930215125
102.3573247828189,28.973118824589374
102.3460921238718,28.862612095258164
102.23200285169695,28.99357679557198
102.90714812732796,31.111762525410583
102.70516508938867,30.865809148472056
103.77202541440309,31.29967996025895
103.9642734480934,31.974491935183725
103.90043458903614,32.829130288412664
104.36450333614735,32.665839321941526
104.45779917997697,32.06279934768677
104.0602828919254,32.5047862357903
104.01586484357529,32.996878893973694
104.20896063563636,32.8817624225236
104.26732249425501,33.03402024123868
104.6668289249936,32.59928646572367
104.4268135678807,32.748198611532366
105.53401471460528,32.98741932384687
105.35447069043444,32.932590982358256
105.49890187461877,32.89694213151967
103.92042254449316,32.894501070227385
104.0642141743606,32.940462290425344
104.20545673944085,32.89596220267815
104.01213524410818,32.356819803978546
104.07776194972286,32.3846607171831
104.32696058837489,32.933092285202214
105.31894527085339,32.96187709975221
104.02437140810896,32.401375063321986
103.9107585224724,31.420249282248452
104.23078729808212,32.61336824372958
103.83959033599082,31.794364648082784
104.04625632053559,31.852489565232453
103.97956855528356,32.445279908412815
104.75411489899079,32.5176596519377
104.29089155749301,32.56778606374147
104.21328644063276,32.56841270750516
104.08272657679795,32.89325733451418
104.08722762051937,32.20683124749665
104.6647420062826,32.650423127944755
103.93178750544757,32.66974616419387
105.35183609775439,32.88997657272932
103.80676055169577,32.593824379767035
105.34180845757359,32.83802397594974
104.39175095577927,32.71550773002775
103.96053196947443,32.68787446469834
105.5697009434527,32.99359111706645
104.00758745728601,31.9024762861517
104.11521272951406,32.48677102163311
104.61150606409198,32.43630213232444
104.32618893346117,32.08773683314102
104.69219265907348,32.50946854768453
104.68728803357367,32.58399018760236
103.81646326848671,31.484643405883006
103.80836015191771,31.467971289274352
103.75454442585027,31.879480534633444
104.22883372228266,32.342402747556
104.79939814811821,32.69830243347207
104.07632263042001,32.69017506624194
103.93393834680668,32.5562217637186
104.110247136141,32.22732065251155
103.78522149365999,31.422283693783672
104.19294783688352,33.043839314539134
104.14080118508097,33.10562025910439
104.23082785086329,32.977813259950615
103.98662709567357,32.70015645595073
103.91014266546843,32.620107576959924
104.25010871295616,32.93594718401676
103.81739406287458,32.07635870432711
102.55215382100165,30.280895682330563
102.53101146083512,30.406702632933225
103.03868933981177,29.567945132561626
103.16640727447324,30.530108844942276
102.92696597023861,30.768822017823727
103.05124476907481,30.908670699239533
103.05897170386133,30.778358861954775
102.74756768620225,30.642513648231372
103.44367249746772,30.851249803726006
103.26084288263556,31.305777094441197
104.08517937395726,31.56925458361423
103.90118310914723,31.742001388255133
103.78395638140752,31.405513195818465
103.95381698174376,32.08457025999869
104.78409384122135,32.52548336652014
105.3704492644796,32.82751136058803
104.51863082637706,32.52780116067117
103.8915906434344,31.624035362473993
103.95188611527838,31.434404079025622
103.84838446690742,32.017594962632764
104.1862658178836,32.23649343007558
104.26081156138245,32.70978107847581
104.58368261178771,32.71764508673579
104.64383647406206,32.45102654078805
104.06600005283731,32.04918003660006
104.01200766893658,31.630757795221278
103.9056198914421,32.42070801722331
104.16335486007767,32.7757038767521
105.4504210185464,32.84698568195899
105.39043732483813,33.0201758511263
105.33277744474337,32.951339270937055
105.17547346302527,32.97762456012033
105.55064347175895,33.04485082930741
105.32593386565952,32.73159968064153
105.53647652172732,32.98302681035603
104.72929089896378,32.75950225891056
105.3153471891285,32.833065062555136
105.61300203238586,32.84875656307622
105.35509822962742,32.901270155316986
104.06952965218261,32.04896533371989
104.3309825127032,32.864564357874364
104.04433344663595,32.84186879021154
103.93097521222624,32.44249856299927
103.76843749520965,31.96443002259976
104.06732711914661,32.84466886150294
104.33878521037116,33.001494033965145
104.10440033622815,32.766453298342356
104.09515228113183,31.752085962931453
104.27620912537922,32.81181133360377
104.12517890407125,31.76567747975739
104.62116154752223,32.462409689051064
104.25868021862158,32.60482330954832
103.8746766470389,32.13975508448976
102.83594998482864,30.89605908984741
102.3494447408902,29.85128415916737
102.50729814915573,29.67339702768742
102.39969324531393,29.784148080434136
103.38890988614045,31.214398452312643
104.13594800469104,31.649499478056626
104.35405324334938,32.75752574041329
104.54990902121477,32.60866654388172
104.62015056525394,32.7919027904351
104.35773455026886,32.79096645803904
104.32186297360462,32.86645341251815
104.12684457957324,31.647957489338236
103.60177658876398,31.136204564826752
103.18245522022796,31.199822410745654
103.38993031519011,31.19761898988413
103.33871384895264,31.235125605169667
102.66035226988761,30.735107255496445
103.29209921253916,31.34426846898641
102.49467852855642,30.25607736291564
102.70347034586536,30.231583865685646
102.47555265898552,30.408305274610093
102.71063745928555,29.558811887969078
102.76220339558897,29.490978767944092
102.906410627867,29.574864042684144
103.08094252766482,29.47883692232082
102.64452980785344,29.65644810119995
102.66199039672058,30.010004901126504
103.25252680283378,31.277203641812026
102.59813386580996,30.52731975223657
103.00260087144777,30.789733311806845
102.8315224851331,30.917960864897314
103.76180817708519,32.07705329037286
103.73741038937392,31.258391581916058
102.91433943424111,30.500259959322168
102.80491824228129,29.529808556988502
103.11566635190273,29.50797420169401
102.94133706144072,29.50976359125928
102.33329927771041,30.180596832093986
102.35059979435555,30.025424486059922
102.6725874424799,30.206832524303557
103.05570682474878,30.645922892961128
102.82216091770735,30.477402611911852
102.52175934117615,30.352132428707836
103.00885852971443,29.47675692806947
103.13380850757491,29.440975671530087
102.63332545695191,30.37477445155942
103.1444587453036,31.152534419884628
103.27768974508187,30.80331206958034
102.41742918559063,30.452735345895245
102.790856778237,30.53879058393318
103.17908875348105,30.92728581786655
103.71326939621594,31.903258475193525
103.86361675904885,32.579840200964796
104.71476761859772,32.61220772701604
104.3565296522873,32.57043640606725
103.94124918458955,32.47319668881254
104.38856240462145,32.86890788364763
103.84502302370088,31.884799282675097
103.06296939368306,31.187753365008202
103.1577681341439,31.012974404067688
103.04634340005298,31.096483219023263
104.28192259477446,32.99738398991581
105.14193780264785,32.59617431664714
104.42691449579102,32.59664982084546
104.56105801054909,32.62212383356366
103.8369648353259,31.345000030458326
103.73629782515606,32.080068460577884
104.68172081380142,32.77470720546183
104.55309108804003,32.55510047695042
104.5232090146016,32.854843053969695
103.85594430272022,32.0830521926845
104.05735155058306,31.5709078157974
104.23331757792415,32.5739021388464
105.1701151006657,32.87994037525312
104.06339046642378,32.2287232762316
104.28553884634317,32.563441751748755
104.86222314549768,32.5643653946743
104.1190346477901,31.745165000229306
104.03771437458947,32.74510011042595
104.18698090094253,32.85208942624866
104.58225554841773,32.719059052644496
105.20521772641487,32.82729352585955
104.39944545508,32.7456110651208
104.85119613251695,32.53598453112873
104.96104058000302,32.702445444736846
105.34470610752388,32.81004139897717
105.44840727906046,32.981520619893274
104.62072927456467,32.55973760880892
105.56346630858303,32.85321181948396
105.51319784079526,32.821303588483644
105.23180009743287,32.91555395465765
104.55319739133574,32.4767415369718
104.40981066009854,32.494217576681386
104.37104863641639,32.59354329868479
104.05291619935244,32.47438869326852
103.99816142365783,31.572406790396283
104.36100739265531,32.956350329510435
104.00524998617017,31.949235886221512
105.32177470433105,32.83662656949103
105.36057372313884,32.66253565177749
105.12109952846919,32.655485392345504
104.53848010020539,32.822286876705945
103.86888273602644,31.828256543457808
104.79281864719488,32.651749812440826
103.95903983935018,32.24958732083341
104.0688434045502,32.70471307269715
104.24879485089062,32.899164565671406
103.9185263361249,32.48711200048416
103.96691429644409,32.34304093222455
104.03160522753626,31.923169568926074
104.11970610446659,32.653501694798805
103.97567101378047,31.85962625389226
104.0592397453233,31.599585747982317
104.9767787942025,32.60498607339948
104.07569236240226,33.056950499212704
103.71755515074103,31.963980209115828
104.12028319084699,32.39638656658138
104.05264309244535,33.18237165710494
104.33336795753303,32.14402871977804
104.39662834532015,32.77938003293236
104.51153704630646,32.78125034781141
104.69772911720445,32.62276661426948
105.47363298258553,33.05431534428591
104.74857421213443,32.79694111728212
104.13472887555551,32.43204406021475
104.1396373581059,33.15406369184887
104.0508285955831,32.6327983226053
105.07753781292999,32.60170404038008
105.09047969483507,32.888768206351294
105.10315426099234,32.64860968937442
105.45151935484758,33.12519256861877
105.41736400126129,32.91001207747924
105.25938310689162,32.80712940023435
104.39694078157872,32.86430665545463
104.03740261011157,32.59771961508988
104.06734795664222,32.31883259900691
104.5042052392719,32.63502794209362
104.44010703606733,32.6162112037642
102.90878396000811,30.85724064656775
103.71906576468375,31.335335511748998
104.14564363647413,32.30457390560705
104.11986422718219,32.67942097220799
104.0004626757916,32.873901903638746
104.3933210261296,32.29967314426907
103.96800310864843,32.79496936761969
104.79649992359685,32.686012999611364
105.36483117712034,33.02068975145997
105.53155297749454,32.89351562475644
105.39386376708383,32.72256597791968
105.1785567674702,32.88670723569776
104.31875036668357,32.676472784411025
104.1378882464912,32.681274519554144
103.86898681778263,32.2676688514922
104.1239667009479,33.06730311219572
104.08341383701375,32.226925727498184
102.85698517261821,30.394350895449744
102.85750103924875,30.821670512196167
103.1255462065681,30.98758592146258
103.89948915630558,31.46125923098239
103.17486845354651,31.046035972636208
102.95884203880341,31.00203373411972
102.81430440863757,30.79822390909232
102.69584608647689,30.74200104889872
102.97045903275274,30.630806415128987
103.66472086164907,31.285380112763665
104.3306351135196,32.56238413418985
105.42152760968233,32.82612761384977
105.29906643253176,32.869782127812044
104.28193881359678,32.52238596902109
103.89565512620776,32.05116816673738
103.98219801512462,32.62462542062951
104.69834065365811,32.75981715504832
104.06975959228684,33.15758911201885
104.31820304341876,32.10474532230568
104.29577081931731,32.093627052831074
105.1666442174066,32.62532664337128
104.71605686149167,32.52521839650552
104.94046822279674,32.71196395101831
105.48192579069254,32.90724120121339
103.86477528573168,32.67097693175314
104.09331840676899,32.98101041948285
103.34096118625804,30.965226298928346
103.65765189693188,31.18912914151673
103.7193894488508,31.95533016523606
103.89088653866527,32.44476268229527
103.83240623824375,32.564916585544495
104.2230333238572,32.08437249615381
104.43020108000648,32.56470802118741
104.07978988931865,32.47108449478643
104.62943269819075,32.487377639513866
104.426472334571,32.59660450682919
104.7453728185485,32.676819038482115
104.55704757340611,32.589058186857535
103.75106703552004,32.1235016543999
103.71949553616689,31.871135832261487
104.72359190805862,32.714078037851905
104.11984244354547,33.044231656324065
104.06125334175324,33.08181635914165
104.36460817946592,32.92499716882633
104.2347713386684,32.18136954557893
104.32226582091405,32.22474392227524
104.40716474745318,32.76211386640154
103.93210009745032,32.44964159524388
104.20763802639814,32.837919918995055
104.54193076986482,32.80638507589702
103.98312702436657,32.754096170557936
104.82828178439173,32.70179463479935
104.2669422423921,32.296878240184824
104.72763694223866,32.69151366300697
104.33126312690428,32.11310366311081
104.70045507056969,32.45895841388105
103.9856388736018,32.68725216509379
103.9064191505258,32.4197709560779
104.0178797955251,32.240262768842015
103.91953882902023,31.697723814526373
104.54198159554944,32.61495525533276
103.88594749393324,31.624840695669235
103.97173808434772,31.4558799305984
102.9336524153263,30.349964824407618
102.60134045632077,30.191452187317537
102.57421168729968,30.653150847958013
103.08026913277851,31.257557944403572
103.22173803616755,30.68007944613326
103.18599277007704,31.066398533561145
102.50083004092559,29.892967371809576
104.82742753592495,32.70168779590949
104.23370147179553,32.93121950631454
103.94181852718057,32.00169801556231
104.04795974372256,32.398325929218245
104.61253069593248,32.427890545637574
104.00580278147075,32.482317196900745
104.2801794517941,32.74364031297339
104.93271693384504,32.62352810120382
104.29783493316263,32.178858390479064
105.37941800181174,32.965423654893364
104.69857814797945,32.5513238372642
104.75450430850006,32.6240564089388
105.52231272328032,32.777590934201825
103.99681314215965,31.93523570923231
103.94514816822692,32.64671358674406
104.5867745294215,32.738756853959245
104.44059709217672,32.706286872582645
104.6987784476706,32.45190307753124
104.45070340046338,32.950433172915034
103.70651309154728,31.959864415548292
104.15910400480026,32.36741974499555
105.44167801096437,32.734502051179234
105.24452019976961,32.984679187960964
105.35356059190826,32.881916737262834
105.08493206517572,32.67202707496346
104.04404689204574,32.707605832772906
103.90387058722278,32.508775408432406
104.37201446578007,32.7308418283322
104.28050154198824,32.521841479968515
104.37632940393692,32.920925304786216
104.67061766322665,32.563505922310654
104.12844087824662,32.17341964508835
103.90593380972823,32.525438732254436
103.73899555021269,31.919181589470508
103.89547710489637,32.11732461525609
105.16493628796196,32.59809958136522
104.12006487135939,32.77447849796854
103.69951711495214,32.043557086979256
103.79874455733191,31.883623913032796
104.1715276821011,32.53628452461025
104.40033626885366,32.63684668204505
104.08773632762964,33.1068468819031
104.37362902702883,32.964712398582996
104.13167311429345,32.964483777314165
103.93336381362789,32.86487552906885
104.54474315712568,32.832249501624865
104.74704441204203,32.786819398830175
104.09792763633888,32.396592975526126
104.62676359412018,32.737106354675916
105.5428377812588,32.9169644229082
104.31218805971014,32.686228856850626
104.07381241223676,33.17653719942481
103.9259858984176,32.07749807739302
103.90774008799386,32.343237288065104
103.90942924447818,31.646323822847002
104.62392743014234,32.60772144101187
103.87696829505298,31.67098790520498
103.81818604437962,31.50969867620413
103.34545045114623,31.293861060533306
102.75539123360564,30.24572560054266
103.41283163028672,30.848347977340335
103.05708891629341,31.077040673849197
102.66995922276938,30.11079739440275
103.29527540420524,31.047573400597123
103.95571699017503,32.74720498462407
104.01747153719553,32.13772400492863
104.098807109158,32.165587748975
103.97004037527871,32.822745599720086
104.29567924288872,32.516002186122186
103.86082833364117,32.61964835577033
103.92169610413531,32.561888798651545
104.01259285046925,32.998738906758035
105.00006620398855,32.609037920225106
104.75273054736563,32.644237533684404
104.05269720084424,32.00693166921808
104.11705022368261,32.587529917320396
104.20680295747579,32.584901852541456
104.4537702505055,32.79137052979572
104.33346231861152,32.96934635471367
103.64681430079975,31.31026767530114
103.17715008268762,31.188619276210368
103.77005737677197,31.390521778010953
103.01522832023967,30.75629627144057
102.59164872061183,30.700795917250314
103.02392747438856,30.782108580437143
102.41277089562954,30.102598876907294
102.67479689766834,30.521880611385733
102.70172611272442,30.891061804640035
102.51617660836187,30.043137372994003
103.28264555702685,30.990766020889755
103.01908166722333,31.251069750947607
103.78993108746411,31.286739522977555
104.01148215155304,32.59224967884387
104.08115263413144,32.501778077132975
104.612617431833,32.46242486812817
104.28865700454891,32.564732553084575
104.05205415609977,31.446925264930417
104.30280819586675,32.98198644718953
104.20779015397254,32.92283295887393
103.84210933734785,32.277576310512515
104.08946385977379,31.642751942403233
103.18765510224776,31.302337306739595
102.42894955194315,30.136289420468895
102.36878070801441,29.825259202481288
102.47491542311484,29.70491503590307
102.46576255099141,29.74477501871236
102.96243108722875,29.69869606401533
102.51694721570247,30.11836546410954
102.44679192612453,30.353760814753617
102.36160090114002,29.727307462289943
103.68426013848669,31.236649775754092
104.69957419403605,32.53726190288884
104.16160108550777,32.98199493316362
104.22991849577747,33.037947781910006
105.38930379480637,33.03730404037299
105.48258660288802,33.04969456970849
105.50344430937297,33.05535549051081
105.3316367633208,32.65503083531077
104.41480282585808,32.13829890808124
103.88943250945638,31.558214984273537
104.37382556101011,32.31410765735301
104.39866947009136,32.525365289261174
104.45581416415678,32.69742141122652
105.18817247753813,32.625115978179885
104.5721568242054,32.549237727775235
104.30455165459843,32.17447176751912
104.93429719828833,32.581169162246844
105.10221583544121,32.94754890376101
103.87564974086838,32.64529230032821
104.11097837158282,31.673658239421968
104.9108191281652,32.60446443535532
105.51324765571007,32.804804906406446
105.35514252258662,32.848221012257376
104.181363560451,32.24357791486294
104.15262234981542,31.715587571397876
103.91715830137325,32.69799025393844
104.10048562373767,32.32389095712369
103.99396751649536,32.53965911613192
104.7885321215407,32.7434270797165
103.87147812504249,31.64796233253195
103.948570386304,31.569312176371525
103.33117895622742,31.077326914133256
102.50601256006775,30.079998084527904
102.66402155393853,29.985680304861198
102.4288845884276,30.52182731032574
103.33191339878033,30.687589372262327
103.77108248534776,31.796334744416765
103.91031891996948,32.36359786126038
104.09604878533725,32.92107541724408
105.21600842514798,32.90360876186187
104.57132861088145,32.817333765414794
104.2253026459873,32.29999734190315
104.3556010551354,32.259024806513345
104.7923388458752,32.68652449806774
104.32595826404108,32.087721630364534
104.10873528122067,32.214699871837574
103.97082038608283,32.817813528914506
103.37720334691727,31.19527831274295
103.23228215682484,30.679476653148875
103.77102912888024,32.050454914998866
104.78674693707066,32.48418292264714
105.31607648293651,32.699109304049294
105.30360571043045,32.917213350303875
104.42700880560693,32.66402841848877
103.78504510374262,31.31386114762075
103.59118657023592,31.183140894472064
102.75745463422592,30.921496374899114
103.05148439387125,31.196662622651154
103.81975160099634,31.412584632094536
103.97135860458236,31.530458171808267
103.32073088871465,31.259979818374592
103.71004902285176,31.173206471764875
103.78308225397086,31.53437695569057
103.71800884446175,31.863414548738557
103.88707749249708,32.07141196577098
103.10817139368437,30.52478820493248
102.54015976536846,30.542953260799067
102.41728190191044,30.04979805066234
102.70680285716767,30.66906143987959
103.65539528094016,31.148182938960655
103.0531601494638,30.61874185208524
102.74589830426979,30.803320253997708
103.35936864242892,31.375689692793998
103.30557071409942,31.40570649643814
103.21882699493354,31.34059550338122
103.29756425113366,31.202113179068757
104.21356680223913,32.26067775520235
104.31196986415426,32.05000986438728
103.76437887037795,31.45764995500491
103.00301586030497,31.078867946095613
103.18503326528557,31.32461295659957
104.06567960376607,31.684443939931892
103.93349005849588,32.885966411195426
104.25664367373255,32.86496342333432
103.86897042393873,31.499406133218088
104.09152887020821,32.149370496285925
104.42238281194662,32.04813443696463
103.82165977622651,32.667250991654434
104.72098067355711,32.69401392636699
104.24691516462244,32.86120772377412
104.70584910673615,32.523363142981104
104.04904747926724,32.754460656760386
103.94784925974773,32.57710450895699
104.84000545832413,32.593249293307935
104.272773702142,32.532887637474026
104.08945463746254,32.367488497938446
103.83858886473197,32.39902758130091
104.58606161690169,32.644803548024626
104.4262376697402,32.51713933350181
104.55856579289889,32.564381781905716
103.92842141508373,32.42197838893013
104.30253248709447,32.8348353559615
104.53217994156013,32.68137944599199
104.74421094546885,32.595121306988716
104.20049198769824,32.119370251016605
104.21868249347233,31.775801928067185
104.03102545413324,32.55988530570576
104.02085778022527,33.086591445805034
104.30084814489338,32.15519353299338
104.38218738729748,32.050787542445825
103.91371778212873,31.952671102380823
103.86007630727147,31.393169005316746
104.20044466186167,32.166510195938585
103.77236093164011,32.03757559181453
103.98363944889554,32.34872952608869
104.5647689064737,32.45276271688431
105.42156566114963,32.94781701341626
105.09813136025214,32.694827998845426
104.62126769637503,32.64039634100468
105.35737731386463,32.91380417668668
104.35957990467159,32.76620041656904
104.08654628236974,32.466709589805696
104.03026403892791,32.86963870964736
103.73958997006729,32.132670289896275
104.02333099794545,31.980441143217575
104.43235665786935,32.85647104475692
103.92341156947029,32.60296700240796
103.83605416765816,32.51608212148501
103.95020818250084,32.74273469784321
105.50433785083133,33.04460762741893
105.65122606199498,32.86859419455558
105.40158733252997,32.86192366721153
105.54387209793323,32.84271193398068
104.16924329778392,32.767547165413646
105.38674468272397,32.95125507393901
104.8683484048742,32.68959601137328
104.42493976748705,32.51999419671277
103.88325015601508,32.567563592118574
105.22075987386712,32.67708381721753
104.10550013873777,32.84516281644911
104.7027867102027,32.55415604641464
104.01977956802415,32.12335517519665
103.9651677675499,32.70355581683572
104.25499677651368,32.56813914868807
104.0737652832617,31.85686517367832
104.34402755930597,32.256622653297136
104.84165593373993,32.49897184535879
105.233133818158,32.92238323439797
105.23032664377101,32.8506111261679
105.32326469279967,32.67706637729491
105.54750274513202,33.03290238596421
104.7040510527725,32.52580330579767
104.33347493235985,32.532809740083195
104.61099743196989,32.66100970160698
104.0741821922463,32.78331892375471
104.31116716645464,32.58716629317032
104.03827175204947,32.922877462522344
104.53783223426085,32.879312538673325
103.85454898129642,32.483247338267866
105.04902257833308,32.57256614502242
103.73149206753229,32.00358400648585
104.32050332572723,32.719942171659675
103.86494466793931,32.479445305004056
104.76261257683925,32.595736310543025
104.2445379988826,32.10218007459216
103.92804988525947,32.35270419368248
103.72586695941787,31.392431874791715
103.18347447304707,30.603788344437984
103.16293355891992,30.562952399955993
103.05408925077904,30.47655783461185
103.26926333943445,31.241880845301644
102.62782949587523,30.23337464183089
102.69506814020563,30.286516540847888
103.27974273131277,30.939853577329583
103.27302187792439,30.885913453807834
103.25428674813809,30.816823406975008
102.98275750858433,31.06195259381967
102.6120019426285,30.294005136626915
103.19843297590623,30.846775077778027
102.43908056390725,30.290902183433182
102.97920298395188,29.571850491580754
103.14179546885579,29.514051548574688
102.34969825443372,29.86878982449284
102.63579745236453,30.104265913488206
102.51824210825309,30.498044276542664
102.70303611577867,30.80922491505379
102.7810377361285,30.896016199668924
102.58046133136267,30.440903491341178
103.41773371723343,31.395436193451175
102.9158229085131,31.153885547723874
102.70313663699461,30.67252302148088
102.5837234006599,30.724193467000614
102.86896859426083,30.717605890613992
103.56938484104955,31.152506133093333
103.97655880286584,31.49412958340677
103.83249625308791,32.06849197412789
103.7760208394633,31.881256162675488
104.37328625673678,32.72415743562088
103.91145362761058,32.64024861294596
104.57441165926846,32.687345266902646
105.5630884944884,32.88161881050733
105.37674062244588,33.01479238422812
104.23843489294511,32.26502332793096
104.64004951322643,32.53963099953984
104.57096546371338,32.43940155166021
105.11268872056519,32.581998891672306
104.48478847600427,32.71846259277733
103.82446468668299,32.6001575490511
103.74644156827144,31.414123844973265
102.5143667351803,30.119970033576614
103.12697726258646,29.503565614777596
102.69461102915197,30.863271960006
102.71031139992023,30.577923333238168
102.60322743465183,30.183797568856047
102.70364185931028,30.876257546395045
102.52896182138754,30.306256852436967
102.61087801095489,30.821397390530525
102.50478870784876,30.255671638382335
103.14087372955869,31.241310773916258
102.50240408460597,30.174468661571844
102.53501481488162,30.763541661982313
102.62051054732846,30.740238460289127
103.01697173277333,30.69501596121877
103.3705101572094,31.406751411324233
103.52632433419596,31.235644138350445
102.94997223944856,30.396570100421847
103.22566416370132,31.374845166607585
102.47450067315293,30.469624779269093
103.18955936730956,30.626896771764237
102.97633895494157,30.97182067012541
102.9585397585229,31.245535826905
102.60318106718503,29.921520810316096
104.00085776476202,32.300690083306826
104.53679084884602,32.507740134859525
103.83135307548626,32.1015749300118
103.80775302391,31.426086333447515
102.74280595030424,30.233058294583767
102.44999628262622,29.896657696746114
102.68500949931143,29.922480551155385
102.39690020572704,30.223713963830313
102.90558164750554,31.114984537552978
102.67626036317439,30.594520914468657
102.78095631975971,29.53373364155075
103.18246523491857,30.53815265689394
103.85962661776954,31.373993559385962
103.85994476482504,32.31147745662826
104.06952942701996,32.876009749553695
104.33293685560407,32.54785187381415
103.80130533835725,32.528049493900326
104.54599796609186,32.51156262941925
103.8183583423692,31.812492247822995
102.86066549237634,30.681860242794667
102.48788289712547,30.118275625833096
102.89933365155454,30.746175782000286
103.29986807651345,31.22303277570813
102.88204408156898,30.350888871638816
102.68149205817119,30.217821527984334
102.46472276702858,30.072465875805495
103.19358727944157,30.805990232016587
103.18079068331735,31.107723411843093
104.3956250312617,32.04502744184224
105.28508031845092,32.85328744574698
104.88123175726084,32.7489409698546
105.19178030074814,32.67287100276912
105.07972447898437,32.70081244048844
105.42206222878734,33.01782121347906
105.14112726324022,32.63510039427143
103.8442724902069,32.33378348986765
105.49505771746709,32.77620480947828
103.9981371351051,32.328851507877744
104.20716994207531,32.30194210204999
104.91837104896914,32.632670734470835
105.46183581525078,32.967506901931394
105.32103144289236,32.99927660231168
105.37320859039255,32.84104839263537
105.00130086602753,32.61934047954221
105.20910484187284,32.88710498253299
104.9187234870959,32.75350762327321
104.89561130518291,32.706426132244836
104.22686962057705,32.826649553607645
104.37469830002635,32.69991735623716
104.336677990934,32.5810589701678
104.07735592843763,32.42860239533618
104.54984650867458,32.750942873745764
104.44187011238242,32.479865192817094
104.77170513328147,32.540225458607196
105.42648521667952,32.99781051255287
104.38743634128446,32.719513901125055
104.18066561054415,33.06851513529673
103.92563893181372,31.88201981445835
104.12883361317427,32.95222756980345
103.58502702645657,31.244852172892635
103.5226029031161,31.07534005796858
102.81710103360123,30.562143182112308
102.42709427838061,30.43917360064876
102.47545046457918,30.06235398679291
102.429432229988,30.432567806436644
102.46763282872189,29.983585893137217
102.40505228864507,29.940167982258036
102.6023339806018,30.434868763618375
103.32128300328743,31.096577502960248
102.52886645095911,30.77870208684457
102.86213851183156,30.796473278385943
102.44562127140956,30.449520247439455
102.65007181172689,30.231069582156312
102.78277526293527,30.822166216985128
103.0980030982109,31.081150245243688
102.9069788870337,30.574091655255206
103.11475306801654,30.628128231641448
103.88516818662448,31.88375714319168
103.46581464751732,30.840117826763365
102.80668199588082,30.533406135994124
103.59982724647485,31.328289020447016
103.80383182883867,31.967498858010714
103.99039209424089,32.29837595108586
104.2552338110776,32.53872108186755
105.41895358520023,32.80015169596483
104.49711728689829,32.82078482629131
103.94806276329008,31.707556387345917
103.05503376076312,31.031282453363563
103.10761065426556,31.271905860223438
103.12399617893084,31.13188779498991
103.20442379247893,31.26119297833991
104.01485238463138,31.915916288963857
104.26162791505774,31.788265971678495
103.91742503597757,32.421954033150996
104.06994814575884,31.897690650685856
104.17029088530714,31.69560711631732
104.27243434921674,32.211653540198505
103.90035838407665,31.415696117020218
103.96163289824652,31.690440526613163
103.76309321275673,32.02439846073145
104.72556961253693,32.68516749686605
104.31828877159927,32.932023193209766
105.02960710681941,32.58370772017146
104.89805701391053,32.57988170418065
105.17825874875653,32.97221969303671
104.70813903919472,32.45687928587407
104.83628910459642,32.66497851096176
105.50832219823575,32.8564732542363
104.13168405372613,32.27449711248304
104.10240853763855,32.73195542425543
104.42912210290457,32.86421013431151
103.89306778429392,32.356971711998916
104.3849363281552,32.90794192032006
103.93577900820107,32.75425012924494
102.45110227451183,30.064937895428287
103.17631828830487,30.936959870562415
103.70819697371105,31.30340115597101
103.68185697117279,31.92135757704024
104.06322301900339,32.29576530218999
103.89563246045824,31.666028816495636
103.77479520231293,31.37678503511533
103.35296633694463,30.855394820742298
103.92726214044568,31.438236877236815
103.96217718710244,31.837608368294585
103.88392671933339,31.50540150592549
104.23821041268029,32.26205430600643
104.06048794367929,33.19187784524805
104.91362280787331,32.53730075471208
104.86188251723364,32.77103103191859
104.31206011194689,32.704475843688684
105.49955864477086,32.8703700848663
104.01308837916943,32.58773637460327
103.90374499810927,32.619468308964514
104.63837311306209,32.87327624385891
105.53513748683521,32.76976725043302
104.2966284337733,31.810176962925315
104.47563301097883,32.93590970913721
103.90460355395867,32.496156654391285
104.05207903440487,32.73305211098025
104.69674790934157,32.51429688679865
105.24796905440768,32.84654295938044
104.27116976184212,32.902429103066396
103.94469116697749,32.74853867704438
104.02425769520046,31.982436502548804
104.06172692551269,32.64555948036271
104.45144537607649,32.51002137367272
105.34117237222274,32.97300490373966
105.03991519990396,32.65687007916193
105.50926503119895,32.90838380785169
103.96239429729296,32.69645937588567
103.9750022996471,32.561721031669315
104.5946072503391,32.49094654780951
103.99100535294117,32.76970692861566
104.88148961889726,32.79783346815737
105.14877791274577,32.954605002813956
104.1507755970474,31.647393518703854
103.953390859502,31.986613052435306
104.29904080242687,32.6853453937396
105.12417873146927,32.92367544632012
104.04730621791389,31.578496158211095
104.71484930357795,32.71997276886119
104.87701970403107,32.6251096150296
105.02666175537311,32.54189650046079
105.30243042883609,32.968341385199516
105.18374671607467,32.92958074953159
105.54230684826354,32.76140469319563
104.84622147698973,32.68918448838411
104.1295411530219,32.25774320297219
105.26242603889376,32.91891968597786
104.08913640669267,32.80988658497472
103.91491748616524,31.712694957240412
103.94840010739647,31.95233827744432
103.88801706978877,31.84325377815106
103.87730344026329,31.412696642123066
103.95296033345625,31.526413756854353
103.19697047667952,30.870077820813723
103.15776602086497,31.0143034263211
102.58442131815833,30.343848331805386
102.51197192884102,30.644440944742207
102.91086281807789,30.719981489493964
102.88304433069378,30.854628295245274
102.30016905357324,29.922211327255383
102.39377718688819,29.852108192904925
103.17379664873673,30.783327275221694
102.47689120839854,30.485847396710255
102.41097660336345,30.180199272322795
102.51145263343481,30.220703145958453
102.91331687291374,31.215029360539827
103.00470415505885,31.08345483348912
104.15120367557849,33.11393544623118
104.42963102155939,32.084016430267916
105.47814415063931,32.97209375836383
105.13798326557405,32.67401682824483
105.50229361295418,32.97705474305979
104.6533054218694,32.671158248862355
104.60284177896685,32.57824514293146
104.6046538378861,32.83144762076666
104.76844490068643,32.542199591080156
104.24349143789061,32.80412437322429
104.04757527371459,32.28222587119408
103.93674685550438,32.581492232131914
103.85974164776422,31.89745093501789
103.89149927282958,31.51344951935974
105.52299084512518,32.77750258508012
105.38372997533658,32.73817746852564
104.11653703903079,32.80224004809748
104.2979429880736,32.57866625033844
103.87007714676072,31.443088015276132
103.35789986765472,30.838375639242305
102.70775201910905,30.70999028651766
102.65051309111158,30.591543412890694
103.20023386773029,30.72821776285655
103.76879201269118,31.34979038351647
102.58972706684,30.615277299945454
102.81345872114063,30.774879611006785
102.45342235264587,30.141777460890516
103.45262258624555,31.36586981391872
102.93445638294592,30.382456334183356
102.54950210965137,30.19331848484233
102.7426027184778,30.67980835556808
103.05045756196552,30.954724568648903
104.12206460428543,31.773502355914633
104.03415692936198,32.89606841589926
104.42652525803065,32.84957060441675
103.90443023266037,32.464636214104566
104.266545492374,32.14192582307658
103.38013067100208,31.103892061882473
103.90527012376825,31.36040389288643
105.26089586038279,32.88179335192553
105.44455048660033,33.1350831508546
105.140980462634,32.87820057602176
103.82309493072574,32.5537580024491
103.89463431217196,31.610395061686035
104.38658908897237,32.10512292008801
103.22002858036177,30.646269404688212
102.70526483282868,29.605782163893135
102.42680464785202,30.297469096157457
102.49013868514155,30.408688800015373
103.03043263462756,31.16082893112803
103.32249975635271,31.086421911306733
103.1077947993218,31.015346393196197
102.94279233413347,30.801254158015567
102.44058121970825,30.402808569952278
102.55442825548191,30.254485970409178
102.41742216250661,30.095906259194358
103.25313994173183,31.208175507023576
103.77357550900653,31.513539088143617
103.99263071582298,32.47825719900513
103.95717786159264,32.397608709485816
102.38387061977977,30.045558876120133
102.39809606867723,29.815888398405413
102.61572087321224,29.97439511857836
103.11459013734388,30.886186907630833
103.16725880004931,31.006484532417037
103.75809268235945,31.841279122378467
104.06726511195967,32.460309992991526
105.14388911558433,32.88864846309723
104.71072206887291,32.71606073863317
105.41725091908465,32.808434694745884
103.97045064338701,32.78774263387272
104.04596676380919,32.74120262237728
104.90142123010048,32.778789009442065
104.38223837748095,32.76036981350273
104.14162118604494,33.07302328192085
104.03431050062888,33.0969282309613
104.24471526199403,32.716336512987745
104.03334203956973,32.66409152013886
104.16569945319257,32.598816808783766
104.11458219888178,32.25079865089477
105.02792749987547,32.555188452493766
105.07965572682434,32.60547046821905
103.94670045242252,32.77986737563682
105.17985908520306,32.896640028047095
104.33837096461093,32.15254108770764
104.01875322592261,32.62823795760466
104.3389734503393,32.707477159628375
104.16975378162458,32.294785849157954
104.31412029263271,32.15008795392684
102.64414799590178,30.52450837889587
102.51341746305887,30.09439675326312
102.48135867060029,29.74089241327524
102.79849134277838,29.624419177448676
102.9425119958913,30.43610410796752
102.8330703610993,30.8476741077204
103.18387131963331,31.27704926654808
103.88634610230689,31.773349497320282
104.00953262627291,32.50689645993234
104.29076145927966,32.28859878373766
103.58700834022328,31.25495533053662
103.38816170484651,31.187881509337824
104.1049187138778,31.630210696644365
105.10004763575382,32.88327874080862
104.56550699711443,32.609646117452996
104.30592646895833,32.94104782545692
103.98706897780413,32.31852903327664
104.30835663904622,32.97030128518312
103.85617063417068,31.549737000585427
104.32751261552443,32.892984457322235
104.11824954505332,32.18749932012174
103.98031124661439,32.99110952834266
103.92157565374919,32.64025960280259
104.152934553649,32.2909472234286
103.24365615161302,30.807246090650143
102.96456180319876,30.992821482804352
103.00465458174213,29.521826192509614
102.4074749322708,30.162414189175436
103.00222797599791,31.25327627283758
103.2301129526797,30.637989804050868
102.42860045345245,29.7248577230202
102.34080664654482,29.80803308708957
103.1325856732559,29.527535934553445
103.08972987780355,29.47146416420711
102.97285510782774,30.843756683589334
103.2331704089271,31.24316274326811
102.98166091746772,30.612670210508373
102.80784397195897,30.918278948916257
103.18135940114448,30.798490208023352
103.18196921898242,30.77614335074504
103.23578023824525,31.24015769508889
103.30757302616453,31.392369330671386
102.78186566666372,30.728228806495846
102.62479508339268,30.166851224934877
103.13301880505503,30.830200729860632
102.81096071782584,30.795736945213
102.86470420840516,30.780390623078247
103.10732466262233,30.74281057801554
102.85876957711083,30.708718202227356
102.56532457335065,30.065371649079143
102.51242471941192,30.309562876857942
102.77347655829192,30.264122414632006
102.79125475917012,30.581130174896952
103.44572763194941,30.85735213759497
102.5698693807433,30.82802571222937
103.21488846045979,30.59932729691425
102.89357743716924,30.724822786711616
103.82514871107574,31.426154043822894
104.57408589318825,32.7477951486072
104.0524470425637,32.13668935093166
103.40467653042514,31.270639650721257
103.03188188219501,30.85368747914903
102.43016205583706,29.878611634710726
103.2682118657772,30.749629947211236
