Longitude,Latitude
102.72247455963422,29.531567061466284
103.23967722715143,31.13981917131438
103.2657385315079,31.119371978222592
105.4563043600576,32.75378015186791
104.26434915348626,32.87173758695821
102.48685284818188,29.705965049854495
103.15834860190265,31.21805795230791
103.27496750645746,31.069229583672637
104.38823393446044,32.651872551584276
102.97341581620053,30.71395188044848
105.03240466637847,32.60507662240217
102.5963234678122,30.32365481869858
103.98830964421664,31.91726140923392
102.3576992564159,30.066479267722993
104.71117913559884,32.76373642432336
104.09279156143936,31.86874823074304
104.44486294407163,32.55489130145051
102.50493553972157,30.454930318920585
105.45965288081787,33.01153364923887
105.20358318764977,32.83408419159007
102.78243270372377,30.743363345475323
103.93368623573892,32.58658180997904
102.42647380541156,30.24236366470931
104.37266830002027,32.67808969595989
103.94107007824844,32.45560399175117
104.2169441313768,32.7813895580775
102.33665025833217,30.076583018481898
102.33585569971194,28.966232715092957
103.99360325046614,32.21949153567308
103.40139182979215,31.424001791540682
103.97155685628577,32.26892432031823
102.89804101529356,30.43990180501929
103.93466678334165,31.862204790008697
105.22628590514505,32.867368365558164
102.39119416689024,30.058765070240597
103.7920136161138,32.111126304732785
102.30607254549464,29.95217376497402
104.66719218069795,32.75543517958942
102.5520320225342,30.802504628779925
104.22576101905109,32.10226664194586
103.03630269096936,29.552007461821187
102.56901426339297,30.586376623434553
103.30749952189667,30.706662754057493
102.88161878736328,29.564980216594492
102.70731769805514,30.21072927722426
104.8385505677135,32.67500903093363
102.6229237422721,30.583898104659564
103.94329036827503,31.51792743470411
105.43839731837939,32.88784914842583
104.0532287646504,32.86293394553095
102.96179512626571,30.824429136803786
102.6695704997739,29.620503108650976
102.69680727318095,30.659507861698643
103.9304018997976,31.447846026769128
103.57647125758413,31.2919555594149
102.71975847588638,29.64466926095244
102.52505725951767,29.91176813018041
104.69830784004714,32.583121734808586
103.11557922695208,31.21342690935314
103.13434441794617,31.26813313758661
104.27348034536654,31.751612281518103
103.03417901288137,30.549044638972845
104.49384723984073,32.93696184307085
103.9100633586478,31.45420395222078
104.59366122693338,32.55477023863318
103.0492491241025,30.98573083898691
105.40360573121276,33.08623991395848
102.40612289618407,30.226291290644323
104.06054133936125,32.2997588145541
103.85252194098226,31.587930382834237
102.98295793921223,29.621118239213168
102.94742387874668,29.664338940813565
105.26190251716535,32.89737305278314
102.9590482888439,31.193104528673633
102.48159880065882,30.63259515792227
103.85500271234665,31.43486165782774
105.14604190052557,32.63370200831235
104.64979220174357,32.50164043755627
104.33661828497345,32.13400396678021
104.38550574666121,32.916020857907455
103.8831149812724,32.211157356471865
104.86808141358493,32.53552668580653
103.26103100190322,30.836556090998698
104.6031010160678,32.60242418868899
103.31720711874569,31.10909529442943
102.4846685106815,30.38040197592686
104.65222616608918,32.64972915792711
104.08880878171736,32.415656534598156
103.04029975051438,29.54705009205252
102.42999720401397,28.984922847582162
103.07721577088118,30.86884136957358
103.7085510367792,32.014249296388684
103.87622615370756,32.66043209236014
104.67582962099397,32.81573203547137
102.74866287255176,30.556833441767353
102.76093849680402,29.582264926995904
104.22057322893345,32.63796326796309
104.03150386719251,32.93598472450915
103.28124875227358,31.063403505259377
104.40817963925235,32.63642381811488
103.8838246777873,31.7595827744714
104.5948803597278,32.506446334007016
103.91288454935098,31.545808739928837
103.00694478169052,30.479073987300968
104.28371016082954,31.765464059540072
104.29926040616542,32.1870652913826
104.43733230141757,32.76775000782105
105.03650147877559,32.70746011845227
104.7492759892826,32.6140890602247
102.98741481980828,30.55606786981736
103.67220674573389,31.98084280421383
102.96895378562795,30.399457783320493
102.99357345679674,31.206351700638464
104.14011758355822,33.027655806811936
105.64118555044277,32.89409640101243
103.99587228634552,31.570835377717035
103.09616177985659,30.42187490139442
102.46042730594488,30.608726046987748
104.29349547412623,32.186744913316815
103.2661051111725,31.0586369271167
102.70164327952986,30.26722391666846
105.29085987268174,33.01766600321291
104.47878290704128,32.75504660798605
103.96538920789082,31.817864042818172
102.42671135730996,28.904048251840308
104.32406220543952,32.22958945786334
104.210343506839,32.11375281198556
102.62504206537702,30.32649979387079
102.60203206069193,29.71245292155988
103.94316480109114,32.51773203232534
103.21632030670428,31.31542617359287
104.58182795635574,32.65999456500601
102.73661683884963,30.864194565942583
102.52413853990316,30.602245870817438
103.7434277372469,32.00035129726079
104.2654842892784,32.05962977781543
104.3979119987781,32.277640679451004
102.59098765013486,30.638926240185395
102.82177286938462,30.431029252878286
103.1309094734517,31.110696398248997
103.08284711459588,30.725068737373483
103.70239333919125,32.03278696290528
102.37715571583233,30.08192065161469
102.75278895124713,30.29138132032785
105.24723322361459,32.64802523463822
103.01131371732073,30.819194921950285
105.16906292398801,32.803131308994345
102.66906282744344,29.73227544866146
104.68814231031952,32.73385243706113
103.90254801654974,32.46341836752184
104.66253193728649,32.453513861866426
102.52923081040505,29.897384482815838
102.67346100795451,30.36868983192857
103.74950040440187,32.117037498271316
104.45717993853543,32.943394988795106
102.5653524341413,30.800948444823824
102.51491401593981,29.906192908033635
102.45362266961257,29.89579724771192
103.28400701622935,30.746609452781335
103.00655864251311,31.085772070812325
102.54174820748518,30.528179309727438
103.87970895968324,31.695734510994463
103.06573127666225,30.429361746885967
102.55501102210874,30.329086622948353
102.57529330188044,30.35683486164173
103.94860554099886,32.66391795770333
103.90022457995592,31.913946040321928
103.13670427600782,30.57207389762928
102.57755873753142,30.525246630366286
102.60036982310999,30.678364325705086
102.45784774454934,30.398476447605898
104.39762825151864,32.83428653051429
104.31554995956408,32.661632977985285
103.2075699343561,30.97079596994135
104.45414022740195,32.539107836276656
105.04778431202719,32.59125920388174
103.2907073550115,31.390337788888832
104.83660744754624,32.48697205401326
104.03924008740302,32.64536809372346
103.86484564958391,32.617361916426695
104.19239563227006,32.62621355090649
104.17931033278326,33.0207731859561
104.36446717775588,32.89139959132366
104.53973253750044,32.46437804112237
104.75275058281824,32.489129266728156
103.29988042353239,30.92908740251885
103.12511217957814,31.017438916609002
103.17000154604152,29.434895555511734
102.34155462521302,30.055676931996494
102.90693536459503,30.45925389279242
105.04693819275545,32.55979588945465
102.61203608004432,30.655227546762507
104.03069486495653,31.446741144567547
103.99705192913154,33.107852284197854
102.40730410140385,29.84662532769807
103.03855647921537,30.962407492845585
104.34988567771151,32.258757629998854
103.92484882610813,31.815214834637253
105.47096884265923,33.03860386612068
103.99762275412142,33.113496073334176
103.84213935907864,31.984041365896896
104.1498475984977,32.21647583542761
103.85606196901593,31.740261494238354
102.59156839046156,30.11113151620465
105.3827751926538,32.998450063224695
103.70156806526057,31.38113599716229
103.98100911792162,32.16043128213732
105.29787209943467,32.97894632910877
104.76680148975369,32.551410910311034
104.23900905509991,31.734069618530697
104.72173572726433,32.609264792255956
102.85933335467794,30.357353015854073
104.08475395805327,33.06869485399927
104.68500303745,32.61340606516493
102.72685217405785,30.202293766547168
103.17518053618488,30.738632425587138
102.57342689273115,30.611433595756257
104.26354068679625,32.62847479148939
104.74809478945745,32.702171534148036
103.08080544297103,30.745769299133148
103.11619389177552,30.458127603391006
103.22852471769599,31.04332633731108
102.73459521103521,29.55105340557581
104.49576016496401,32.696487934593584
102.56340675745071,30.11245081770553
102.53596692724815,30.564025995944963
104.54014945838615,32.50554393289799
102.46962190904674,28.934666163947192
102.54565864779876,29.82100726064319
103.98982384030693,31.501784147730735
104.06547426048321,31.888524663233724
103.83290975428876,31.29648234796853
105.16136809896892,32.70027899086322
103.53683889915355,31.213979692371524
103.46764269004102,30.87588719649769
104.34311685718214,32.088370540939685
103.83174500931753,31.97560648834932
102.92797578630716,30.7041088417121
103.0273663315166,31.281910962599156
105.41681603619459,32.90342309882825
103.37109639328615,31.152558448060514
103.76490013435256,31.794132560081714
103.92399699099153,31.8643380720875
103.13864674993702,29.53249185113817
105.25208742250463,32.70182696146021
105.18936242370626,32.71568961979352
105.15290087040033,32.94191397485098
102.47502741653273,30.53291675064294
102.42593728640327,29.77055577248603
102.97840771776556,30.89712063419558
102.76250584307921,29.49354176597294
102.69073301412423,30.345591650702225
103.23331709508358,31.308388783994403
103.1328970295095,30.97879368452944
103.77769583181463,32.013152082514374
104.18195742920254,31.761100826665153
104.88946214364695,32.6114980420167
103.2732909327857,31.197676319965623
103.86405506035334,32.50694844760788
102.61773636793085,29.707868083599912
103.88653897248591,31.663116892955657
102.98001612509195,31.261522683748055
102.94122538318499,29.64863644270146
105.41312321009924,33.08130423396333
104.1208846685927,32.53699913590296
103.3658842881607,31.077995926563847
104.32446757089467,32.82259309294851
102.3533873334053,29.003497506903024
102.40894524265569,28.934781819658046
104.31167728980809,31.810328677951308
103.03874832606095,30.90520215679658
105.30299635554546,32.81635457090086
104.08567991045072,32.78686298956899
104.47067568892273,32.769302243202084
104.25369759409386,32.07360122287315
104.31632587448422,32.944168406665995
102.54750392892885,30.399027669498587
103.93121239284118,32.04141402914618
105.2702625840659,32.92594703415637
102.3150967183444,30.03748648738983
103.25005513412621,31.234466864800936
102.77452771552572,30.674862256589925
104.82049076035605,32.7674625942036
102.47162243449844,30.5656534477915
102.35471140721006,29.023037001653154
104.17396091797629,32.363908728235266
105.2699287821525,32.75754211404178
103.80997149594049,31.552536922420025
103.33054812229425,31.311980040842084
104.52932592537384,32.544702678240505
104.36006243928513,32.10941377978787
103.33643407231943,30.880677623331223
103.20168241768882,31.14293254095362
104.6130487756581,32.77749106592482
102.53898922774873,30.604569969849045
104.06336112588029,32.56329679098993
104.80719334440455,32.657973164055335
103.9225996696257,32.036018456878836
103.36202406947005,31.057720161348477
102.62060458754827,30.559715833246674
104.15251780909868,32.81130986556849
103.84192571115447,31.59921575528303
104.20414143975894,32.933069492444744
104.26979657576656,32.78682043637277
104.06620290826591,31.490169499136517
102.88394488353366,30.53775537040695
103.03591786590708,30.413166891368377
102.43186937075133,30.07500261519584
102.96197857731902,30.592818064330505
103.6290050533022,31.243755712608234
103.58336767408683,31.117381755291845
102.90495574291903,30.401389941643906
102.74145375999481,30.908602099462215
104.1578927333279,32.32383469232593
103.08995231632363,30.679025847577194
104.21873590573654,32.95721752504467
102.78664572407111,30.908208077261026
103.99733447438605,32.76140054800426
103.77799988618938,31.31354494388988
103.92294604681102,31.794598778450215
104.7995405699602,32.76323501220534
105.0003430590849,32.66943981146107
103.33519655795773,31.034377438496055
102.5966290447319,30.21222071379646
104.97790557541833,32.608074799620795
103.83716917259052,32.55434444564166
103.96152203313476,31.486782852888776
104.0771716934979,33.10682737668512
103.37872527781242,31.121447117402596
105.18394994895418,32.62821329894579
104.05671592934479,33.17816308399302
105.23440316182304,32.79944932325221
102.38822468566644,30.149359093295
103.26084440305539,31.046439760385606
102.31698802901735,30.046163110509088
105.51265904873864,33.01024286233225
102.80299563143016,30.561788908453714
105.38005645795165,32.72168850034285
102.41896575046015,30.311329443944096
102.89020375603533,30.896830772070043
102.60812473531114,30.193096956178692
104.2627065943143,32.6930187958612
102.35116426922403,29.972347672592363
104.35266574546817,32.085640853956974
104.98733126719296,32.536644993439225
103.74949833478793,32.117634173882095
104.010148446199,31.93584000481852
103.057989464497,30.799513275643523
104.4925894864975,32.510739559653054
102.59463338466324,30.281035514706687
104.88858684793342,32.547582866061546
102.81249610683291,30.728076756969394
104.04608317081342,31.622025898754174
104.13121224651488,32.59288409154006
103.23455796397688,31.173463705438035
103.34505631159776,31.116077823718975
105.43316566369454,32.875099672032704
103.74506034112945,31.37033868723418
104.20789702274587,32.19344990735574
104.44154825979435,32.773063585499074
103.3161915317373,30.894721018753085
102.90768431874909,29.419739297332182
103.66280661628997,31.317144262970505
102.25138045722535,29.001403056429908
104.05660469897852,32.834036801356156
103.72934081512224,32.08887971298886
103.22462823932283,30.919805322677266
104.21343014275912,32.708057451411484
103.92953094218515,32.81964683076206
104.96188479316831,32.62093263951628
103.19304083061867,30.8984273908843
103.7844091456177,31.946273927218492
102.31541936226093,28.946518852305683
103.8101089881338,31.493690298012663
104.83656586078885,32.74713863784899
103.68839835536004,31.186859479471288
105.41236874580798,33.04699003372545
102.48152992227308,30.173648939791512
105.55072417049689,32.971317980563
103.34657683728965,31.340860566413852
103.74807917970527,31.87316925839028
103.18129691375472,31.198537209702963
104.07553077296978,31.88215870302746
103.8675170756262,32.314112836946165
104.17118097995795,32.61685625588217
103.29814044416523,31.14565266006537
103.72982679581844,31.36568050794115
104.25821723275193,32.076717315506244
102.43162734938251,29.719530877929266
102.9231961481476,30.644331741252252
105.58526198021659,33.014751270166116
102.41547772574557,30.233329428256926
103.10900946132361,31.057694630006832
104.89183009552679,32.594576353715944
103.73545713730256,32.021928824388326
104.30546032096673,32.842186912107046
104.19949425497033,32.7283684539971
102.9905952170491,30.996968683486863
103.07869788466468,30.874783361492895
103.07650508979123,29.442890127466388
103.08546859140955,30.530563711564586
103.26553559341782,31.142269448276366
102.23912958048417,29.064960593940143
104.17666305794005,32.42524212901267
102.89646477456887,30.38848818399239
104.53754977162092,32.59578514500866
104.3354795134668,32.25936921710457
104.63204629019205,32.490497189162106
102.99940477335481,31.007300771446285
103.92490452010242,32.827736695658366
102.99066706004945,29.53490735672596
104.46904338981972,32.8068046068237
102.54326829533198,30.695790689130746
105.54685168337033,32.845309082589765
103.93277643019557,32.3188920033715
103.43960928515254,31.18361906270417
103.29471763615955,31.05821314542528
105.14953009308893,32.61841776994171
104.15252209085982,32.84941584762791
102.62952541681841,30.490279827373257
102.94736899814711,29.568949431501395
104.32227040176589,32.743495274725426
102.45242774065605,30.29443287046957
104.55169884619391,32.451166142757465
104.98740767228941,32.55885706500604
104.15603462143734,32.917062223274755
103.93397988567735,32.18822358067853
103.76557196217792,32.137313984584765
102.49462842791814,29.996913490758207
104.66827630921848,32.66154331605902
103.89457688537703,31.349227888845398
102.55080719978518,29.89289699443678
102.76727996014854,30.860336269086407
103.305636147163,31.224218354513383
103.02761184449683,30.847653058618448
103.36002707946578,31.309822478461744
104.35922982231057,32.977770460429646
103.04683760681922,30.474953972314598
103.06668102306264,30.98366345808006
104.19687909692564,32.825803383210975
104.07671342073866,32.08076602863367
103.57495970143236,31.24937517219136
103.07017893874,30.441195196878247
105.20716269753251,32.69456930203167
103.87133340320543,32.24387518652
104.01327921069289,32.37859346101405
103.01636909902243,30.90016088656175
103.76734696291317,31.390102528157367
103.93572113559841,32.471938587594835
105.44243102425257,32.82957913204896
102.48563067633623,30.655327194833195
104.56551100705977,32.699761377522634
102.8729986414507,30.703861728241012
102.3812839887011,29.995076740005924
104.1133322705112,32.78345337059287
102.44121113245717,29.943110211523194
104.51354195528553,32.72519167840284
103.78296657591035,31.498384284711104
102.6820604688572,30.779188872155192
103.3438773504564,31.127060174272305
102.58807631613641,29.950260398419022
104.03956661984563,31.4522446771685
103.92867172995209,32.01516736840507
102.57317467805277,30.623494128413757
103.90389003626944,32.753432215434614
103.11205875356282,30.64195208805372
105.31358323347347,32.76001393275872
104.57075790665309,32.59744432845098
103.01331529031377,30.67409345994166
102.64905829002026,30.142932782102815
104.48615338275879,32.7906162079917
102.52193589987785,29.863386434075338
104.65166608082977,32.443771981481966
102.4898097164344,30.760502193273542
104.16764987813264,32.60993170798943
103.18091774265572,31.284274805339443
104.7226401205862,32.666205630845774
102.94359670038271,30.87637447631856
103.96295964964997,32.8571157020799
104.19516293349615,33.029199978773136
103.30054572726166,30.88133197435592
105.46920413251995,32.91472696762898
102.89991882854156,30.41351284395901
103.29486925184338,30.690691105800607
105.01130454029855,32.63308249708097
104.15416589404529,32.18013814834416
104.50559128551329,32.826828579944014
103.93761942843878,32.62650963744812
104.09961934769095,32.413456733144706
103.10263273326204,30.807826298507123
104.05426344371729,31.7454544393591
105.31712693405316,32.823546033278056
102.71837123850717,29.64900778361262
103.42280106600522,31.435189661937024
104.69156098081605,32.856084294896434
103.98247305561867,32.81159396263451
104.04150635997236,32.686771490873035
102.42393366720307,30.06428634217217
103.16439510913067,30.861190822450062
103.87543562859936,32.07217232271509
105.53609293548618,32.73368940388567
103.27524011028503,31.384972789699457
102.99326877362083,30.637426144072187
103.9294966616762,31.490089840990688
105.43168718898966,32.982655050579176
103.06005858238805,30.624672188381137
103.11045874526027,31.071596392121304
105.45004334444722,32.829784065167765
102.63714854368354,30.169535945099263
104.31763272057769,32.64027390947809
104.51085962484642,32.61397435975187
105.1558609211097,32.83888105519188
103.2969739892648,31.260108539064735
102.84624487894602,30.535702710625518
102.62832435752202,30.727945465340706
103.03644928488495,31.171788630552566
103.86117755893407,31.916596258322546
102.35177522898275,30.022228629380503
105.61482569603702,32.97597286560785
103.89918096238043,31.376953452832346
103.17692768678769,30.699561581309972
102.52916974240118,30.201613201506394
103.17680650845989,30.85784965321689
102.55965236524399,30.583915559946536
103.35344878457578,31.334878942157566
104.07235917839087,32.4836733703171
104.12100138477564,32.978606765365946
104.29501817168163,32.90913228803448
102.96171682445936,31.032714147794156
104.02248278166778,32.38646286418057
103.923807555163,32.75060599292617
104.70753998953569,32.75349508758359
104.20268745338333,32.793936685428946
103.03393544046762,30.806846111512577
103.96962029992392,31.68867920585776
103.8829814632973,31.482025430107697
102.37463835409109,28.955404749508183
103.98425924060695,31.371490053025138
102.34961123622045,28.986686411128986
104.11179962723376,32.17463345491075
104.0531714958648,32.51808984400851
103.00529174241427,30.801896680419823
104.11137088498772,32.91080814656542
102.51348820685394,30.70289539447388
103.79500151309075,31.46548945318358
102.62536422380822,30.706314107835148
103.16395371840751,30.49989078229926
103.93631209804171,31.94232392089315
104.68851338531921,32.57820313224858
102.5388525215498,30.733142696403284
102.98033590595524,31.101394404035233
102.73038704338124,30.838477960936988
102.65391761220368,29.709042745093356
102.8540171618563,30.35947526466904
104.09589188172546,32.72320925856445
102.91099909728257,30.569926314382897
103.88999032781632,32.55290334706083
102.57502659525879,30.643530460944323
105.15568912017531,32.617117373829615
102.90915633110276,30.83702972274498
103.82927444005657,31.545284014681616
103.91530760521466,32.522554151353724
102.98091555872796,30.622254352330618
104.00800949985663,32.36680640470417
103.7452170118185,31.340034737431385
104.03546369624378,32.799548887155716
104.0421494340644,32.44402182713385
103.18582876692831,29.5022312764627
103.39897687389825,31.255657377734295
102.88638606138349,30.82194118472988
105.39335244570267,33.118721072882295
103.99481632967996,32.08814298082193
104.86948168107807,32.52094508299222
102.89713400138297,30.775540518965343
102.80544819895566,30.89123743419735
103.16182064279995,31.166433968821437
102.99247147951381,30.828489823553337
103.9824833744942,32.1815144083919
102.72356601829259,30.75724108236885
104.49117819761904,32.569350189111795
103.07811119950702,30.994842572655852
103.91937963940292,32.91387053028814
103.40029203095716,30.823310148851917
102.63287555598258,30.20002703203736
104.1498021344243,32.59609892589008
105.5354669234468,32.782819343356806
105.41545303428278,32.916482318190724
102.98614433397087,29.64157241528966
105.5135988423088,32.87795351825719
102.72507170098312,30.71089147168353
104.12180123211529,32.28504267562974
104.22231007637097,31.791541185704283
104.4675896936117,32.697203998972434
103.99434589642681,31.70951134540266
104.41212600394803,32.67816483196305
103.93163222877877,32.551377535371174
103.35370773424461,31.40467395772489
102.95602091488372,29.671405445746014
103.98882167888732,31.49309138979083
103.82215399519,31.351971603317047
103.0944905337421,31.051132037547767
104.0114836706047,31.86704887287155
102.94595851511363,30.5457106338125
103.05763009503353,30.831965125845755
104.0035494382313,32.770403284488324
103.90815547587891,32.04469172376438
104.57402970288229,32.5205831511629
102.88665485831852,30.604241603623485
104.17920786298488,32.574109099460074
103.9427795967191,32.4148033186237
103.63661408054111,31.317761565309713
102.50915576596945,30.303560326702986
103.30192124849678,31.374578962445316
104.1102188719198,33.15320983162014
103.9718751067083,32.467485325886706
103.72658450878184,31.34085659449985
105.19138684078479,32.90395279169351
104.42837031232479,32.56475219093239
104.30376269774665,32.57211624014332
103.10134185275984,31.116902801498895
104.12097969106371,31.73629414597205
103.67710273937192,31.268763750781645
103.21114581915508,31.096961732796977
103.22891881065695,31.37302827621619
103.9162165564109,31.37872657305938
103.76317773224234,31.98939362129784
102.6850247531829,30.2306612813799
104.18636074263395,32.996990674145934
103.06226470977899,31.05377932661844
103.35736479429721,30.900340191764837
103.88044010700649,31.913534178043392
103.96887176200093,32.654687604281136
104.18934777059418,32.305341008333045
102.65059486921776,30.121636860997967
104.47211967914943,32.75482410822605
103.85740119625501,31.543658705128905
103.60589890273562,31.224530146920117
103.92664977843899,31.847191779232986
105.34959613933796,32.95947318932998
104.05138853875334,32.823418293904524
105.3165707163123,32.895690172238034
103.90955123608092,31.860327408745267
103.89664896057427,32.84126100588367
103.25894910491189,31.12729387736288
103.19097103418625,31.21148111230733
105.48842715030524,32.786132876770395
103.10317776791614,31.010288794738344
103.7175733661135,31.975951681957305
103.26186499787863,30.861630681845035
104.80346094677442,32.61891361165099
104.45032311012424,32.58568901077244
102.57021485052356,30.367801991947715
103.99281808706377,32.47214491012727
103.17202042170773,31.054372331160533
104.03206657459668,32.36455635705322
102.44170772766212,29.92710322365513
104.04442569099245,32.674278448270805
102.76126093621124,30.627015087270248
102.98855328241427,31.183625650929898
103.00684704427606,30.508070569751236
102.68881786500509,29.675205147512354
105.40846412927993,32.816746118693274
103.80073909178093,31.86002930267572
102.56971970281185,30.121329706205497
102.5260510624955,30.43577877022434
103.98089004283165,32.06117475827123
104.12109229207059,32.90290570845989
103.4969327620132,30.87343307665664
103.18374213585996,29.55038363216039
103.81609057732418,31.992727788596117
104.34436899918931,32.73706805945886
103.90939926346326,32.44804031769823
102.39268682525785,29.07512104491637
102.35551917762403,29.81560788676244
103.13506541859743,31.239497281826615
102.80843887318481,30.624372489739955
103.02216403619992,30.589195846327996
104.25547137610627,32.65511703298549
103.18066581009231,29.557303016551927
102.34387799819382,29.807635660728323
103.76683346473254,31.895696827931765
103.6676905118304,31.258713641152585
104.03436090550801,32.37961880904894
103.40783026633626,31.27132481550043
103.8168561205482,32.265789300368276
102.21068007575926,28.995060250049036
103.89432860954459,32.202698236076586
105.56571353596121,32.98339791981243
102.79089294433773,30.688958389635346
104.05367364606269,33.19135041569309
104.07054757590149,32.20240225434742
103.06036954829494,31.107741774036
104.13169553502551,32.29518149072333
104.39859361010897,32.12770844593616
103.90176198283739,32.303757649915106
102.58074178476889,30.625425652385672
103.17623336475636,31.105279768565158
103.65363247347669,31.318607995391744
103.82780946968154,31.804342990883946
103.87160611191113,32.47182676002311
105.30978656734787,32.980042748226765
103.84117648957718,32.62675367370549
102.5298230164991,29.98607974268282
103.93522377105879,32.75041003934158
102.88521141945557,30.77957222637713
102.95018179091282,29.555215638749594
103.08948876921875,31.0837586858682
103.89843992588499,32.544248250984595
104.35863983445148,32.2522019296076
105.14098416692804,32.66600898705443
103.26028170841661,30.819619621873635
103.8925567881371,32.6562552865737
103.0506056041304,30.670082097633003
103.9413480422372,31.676042793421324
103.6375382812474,31.290479463982297
102.8320142063105,30.806055601398
103.18004446390427,31.035055995225687
103.05664807762095,30.466288561907444
104.17432359548376,32.57142097581488
102.99971237658788,29.451904048408736
102.30806383457362,28.96614705067152
103.31900871774945,30.78104282950662
102.49564356137834,29.85884012343984
104.37638196591453,32.538300307015106
104.48558726150694,32.825429781927696
104.4417715213565,32.650679566516786
104.78921169105197,32.64008260330212
104.05029446654589,32.13033881782223
102.66680533318144,30.370143007181834
103.53734215108797,31.081114150515784
104.32321773302934,32.78844617585525
102.94531904079743,30.45752340932887
104.17352060185445,32.75149287862672
103.68587645018557,31.201150738335233
103.73471721259628,31.314537884947207
102.82139596783779,30.783592483194422
103.95415885052684,32.72321132852709
102.96230183172192,29.70244010459046
102.97708668216032,31.14804370055063
103.75367149985219,31.379051615185496
105.23876475191658,32.63567846612747
104.1243036928143,31.691861076426143
103.86150995981619,31.45641270147235
103.82665369048136,31.896739096294002
102.88187226209477,30.72545500344395
104.18428104455268,32.73242633039329
104.2277640603981,32.72876875926275
104.36190560372478,32.312266936890474
103.15714724379399,31.279561201390504
103.97038158579598,31.880291406732955
102.37167473224949,30.09218493988404
102.40895757011559,29.792994700285956
102.62419789453348,30.213711610323656
104.19169222791211,32.6583626596386
102.26812235360215,28.939685961031525
104.12186524927772,32.57117044411707
103.27741000400856,31.135091470030932
103.77592727940943,31.33423702994386
104.41645088178201,32.67567758474866
105.23116551979774,32.881347843411554
103.78431008896469,31.321726450351342
102.69932594574925,30.89737723760957
104.26951073804678,32.93833661975176
103.22566706517564,31.16752596728479
104.62126538933474,32.454782703029856
104.16529336417474,32.67430967258614
103.32640003862907,31.179942905336702
102.39329592387509,29.761627397784892
104.7036669259212,32.80018939244321
102.97067293713009,30.550485600780004
104.29421022299837,32.145440352181296
105.32424832046297,32.84382033357296
103.10993898963679,30.77080657712156
104.02429398063065,32.672556827540696
102.7747875039197,30.708547334665976
105.30814546455696,32.78393505240032
104.71389788161387,32.75414340726655
102.66230870603411,30.159739684194243
103.71460977013366,31.93514963246057
102.32579340311945,28.900083160835944
102.25870003282299,29.07423688059799
103.16320520968159,30.95088635232482
103.30448215388115,31.23023476375898
102.69196086052236,30.82497423402619
102.59550372458723,30.668599001384415
103.90822721133694,32.909022789267084
103.21180964279115,31.22814254514011
102.95932610486729,30.787259245475436
103.86765676648842,32.47820634143447
105.33623328736871,32.642624660202806
102.38251592452049,29.791005018758216
102.75568140285412,30.60764529767185
104.65314502581091,32.578187889383344
104.09094215296817,33.00825820348297
103.1413925911527,30.786077130289925
102.48176211988472,30.10142478871574
104.43623262509203,32.852337209995866
102.55831150296619,29.94473736743131
102.40555225422086,29.068963499837867
105.41948411689559,32.82323024778222
104.67531150775855,32.709535684797416
103.69586651068317,32.02312358180375
103.43142055113991,31.382572282845235
104.37510521187032,32.3190247588657
102.55010332940064,30.35839500353642
102.8973865610687,30.607737968730902
103.2485070333966,30.92381242163235
103.74601224236024,31.94151052146542
103.30280313222914,30.761445397090302
102.19759226455136,29.037827796500792
104.03907080596609,32.593147111226585
103.21120366927336,31.300572583650663
104.50385219166868,32.649037036679594
103.81893133171015,32.65435471708026
102.96331499974863,30.93064975559428
102.64069676204706,30.57425559741023
102.79615832204526,30.43710141161509
105.54698086716762,32.954554172822384
102.85475260849266,29.55632926716913
103.0173812453171,31.099654780882464
104.23220881953054,32.24599564522815
102.46168284680523,28.942151211031756
104.39350450980857,32.58575093430426
104.09426371930111,31.999401520762945
103.96114213134463,32.83658860421662
102.50951312621596,30.250164945471766
104.02283748098358,32.89831847208215
104.19735614359726,31.672102803589098
102.35854413506232,29.771625268807334
102.43743809552447,30.111259635327986
103.82865312174597,32.34921241733982
103.39583462357811,30.83059476711486
102.57603270795701,30.36751374102731
104.27644895984452,33.04174382462134
102.27669752333537,28.916267471894717
102.6296035209389,29.948804681369634
103.26392884862163,30.812393627384644
102.41657477714907,28.906159682071024
103.89183058256722,31.82768240258518
102.53250055204927,30.2832564050035
104.8711797096573,32.768616339089625
105.16356152475569,32.89524733713119
103.27563088781677,31.298365583413958
104.03966563823012,32.44250108619018
102.46207090265163,28.90110094510668
103.89157579271085,31.46437774827652
102.51189308503923,30.521223510109508
104.3222060162668,31.815453822582064
104.46760233429221,32.579760055263264
102.68504465017192,30.874104382115696
104.01799874035527,32.7801242977602
103.27004626672311,31.355287760948688
104.49310456035157,32.65105402645883
104.46333843052919,32.689580002330324
102.70303861835154,30.883424382310285
104.54746445116898,32.48076088435446
103.77887127149094,31.44009094205051
102.96781778714075,30.894820497257037
102.9375827756544,29.4473979172249
102.91998712396764,30.48380312968068
105.07470991032902,32.57184763478117
104.84915751712369,32.51500248238842
102.36544013812424,30.218071364837552
104.42147846046383,32.60681962697582
104.54448252737869,32.78590825334345
102.44089449632263,28.988432291589447
103.14593109742997,30.92671282459252
104.28439383130156,32.756801474582396
104.74418253065714,32.60033740288303
104.59756383858817,32.8506788006253
103.17288167048397,30.83582146833239
104.0596314412654,32.31303281011877
103.9969638555093,32.869658824057865
103.97489916450469,32.40120434129128
102.73022306744485,29.582243294722907
105.33154936101404,32.807379855079915
103.08055628478151,30.892557278456955
102.79085480152676,30.473161078674796
104.46937227492865,32.50161630883822
104.36808856852731,32.93007362224626
102.8010345004976,30.491701982229245
104.5510370577309,32.76448835191808
102.65323034232559,29.943172669159623
104.07174196597556,32.33590115179569
103.85752830153353,31.453419185499467
102.96337762110072,30.642730096198246
103.99749156756172,32.24858137615967
104.21911382588932,31.75234247606752
104.66498837260977,32.697783125241685
103.90110499429692,32.66293880662828
104.10679658296,33.07136312509111
102.3901170371813,29.88549562262075
103.9341544687111,32.89066471981545
102.39597943428424,29.004584151430283
104.59586853875321,32.63511794505655
102.73963643152037,29.641702215916084
104.15143037105706,31.630667569281147
104.20929221245798,32.63186759965044
103.86688103219205,31.912217517535087
102.85003598647528,30.40422620222395
103.3286165615453,30.86463812975298
102.95623946225861,31.14363347916784
102.49647668476723,30.754688343722485
103.33272517638484,31.216966438701697
104.0541110830344,31.437906533312727
103.21545546627694,30.90337582412061
102.56749394811783,29.66742131784868
103.93731711036207,32.55451285942615
105.51007149897835,33.03323520526028
104.12750231864744,32.55817249475448
104.1164663109217,32.448979357179525
103.93871336156099,32.84816132305182
104.36966966446799,32.51613238107136
104.91342422880153,32.76414581638841
102.5089680697782,30.363960521267323
104.20602609143799,33.03233302795385
104.06059466210326,31.864497664508903
104.12344358973378,33.02444227672753
104.0498578623828,32.494440174636914
104.06591142333266,32.89525066223243
103.2449714092243,30.855600917601127
103.95726132900097,32.615091576689665
103.77587433600334,31.324770322160635
102.33806566768182,28.88286995780439
103.45309887837386,30.902899411416023
104.44280970504234,32.70137767873859
103.19348226422576,31.12179003088815
102.99788796016077,30.780953918718104
104.03160598708021,31.82899266140217
103.00614233805221,30.759700890715784
103.10461657725564,30.79387511813275
104.10331922921688,32.32428026090944
104.12608941638892,32.60783350575279
103.38897140429846,31.19867957947126
102.96934860846356,30.839445135222814
104.0547718216877,32.25612406304171
103.27612943181154,30.952945820554145
102.99816789003268,30.691698586657154
102.97510219469717,30.696099910587883
104.12283923607451,32.72658856918326
103.88530990049841,32.10785828303832
102.56141048337811,30.703378986307282
102.24013076753903,28.997599518358506
104.48606486909365,32.54922499313553
103.99163102455312,31.824706938110236
103.82237775933663,32.67320556263009
102.49206262349705,30.10093698663642
102.96828484218064,29.414432886719897
104.12125358733361,32.28376835125676
103.7990053736895,32.11391444637429
105.48327028527899,33.01251557860562
102.50932248464343,30.241823652433563
102.45296984469604,30.058869920938736
102.81992758283049,30.87758175375637
104.16074490876426,32.40219400612466
105.24633147297968,32.94067918557638
103.59307387037359,31.331768146118062
103.08180622909211,30.98099097855639
103.79556404542038,32.06759498157123
104.42234175377313,32.69876361948154
104.84532169228203,32.51405353738323
104.20265406559564,32.724475227956255
103.83041357031291,32.10718260834599
103.03805483294346,29.475756447396282
102.50429906216726,29.770925338223577
104.03579282266001,32.77063933774818
102.45639412483247,30.604103188844594
105.54163438882357,32.910277639631055
104.84864630606216,32.75745169883182
104.18224407558121,32.202249889621044
103.18589666938044,30.63501355805472
103.89462000864067,32.4385016947659
104.81410816646184,32.69038506539954
103.3155243336239,31.306527153429904
102.83027189750752,30.835312806022696
104.14153142779864,33.10172645934364
104.58176229525021,32.75467595175123
103.96225795316035,31.626495184297852
104.40912506947556,32.65803362889883
104.81811633377538,32.481910911736016
103.29251238583012,31.408503994930722
102.44777568922055,29.975868535665043
102.506846340859,30.22584187697576
103.88551439585292,32.39841034470207
103.0500348748341,30.981776913871613
105.41829632435798,33.10732682084064
104.9912126114926,32.72588733076563
103.8528968539926,32.45862513758744
103.83000002666945,32.46794280739481
103.74638866007594,31.857599312827126
103.92704416416237,31.925186788072292
102.687059447863,29.65904035712553
102.96859594081333,30.574573020619457
102.57625762905695,29.900166634858834
103.47773647512626,30.847051296875232
102.70268034664834,30.698322589571188
102.62853351199647,30.842189077075833
102.50716133312969,30.718401468648192
104.4796304848616,32.58699439471902
104.11319332609176,32.33947335227549
103.30359146097163,30.70229041321781
104.07715973320862,33.02274001438431
103.54071471485163,31.136836161172745
104.79004977680154,32.786022378456536
102.53899289779652,29.859342665233765
104.00542036146373,33.13591034534516
104.00954785304074,31.4664035739615
104.15536822871793,31.704212952918375
104.83278916246572,32.56168160068371
103.07485468646811,30.626658415989876
104.03562686713373,32.56855086252437
103.86950015607513,32.49299053576229
102.48867994618308,30.036352182449903
104.85766819809488,32.57103195139114
103.97147668296769,31.94205638995122
104.04813568855555,32.71191955768536
103.05743764682191,30.513509583549133
103.13137249529198,30.634920956243295
104.03522113062867,32.20244854506547
102.94027783406862,31.2168108416883
103.83827904991448,32.49771305603577
103.33030581429512,31.187248412047534
103.9176653451929,32.67015826710387
102.6378658892014,30.52144420416805
105.43233616228488,32.752445152192394
102.84103492425035,30.34907686259487
105.42569185999967,32.91776393958906
102.57375776116135,30.742819995841764
103.98085564101824,31.510257005560085
104.16924439085255,32.70740781816917
105.1768906804191,32.63880960951633
103.85190970902103,32.597146801492336
105.30394485803146,33.021554077644716
103.06712971684574,30.96985229142125
103.94955424362979,31.871125771295212
102.96028582517542,30.41739826307157
103.81221547317257,32.609863269662206
103.93683274550851,31.83192882375237
102.61108864413637,30.682550040104307
105.4812175056118,32.865897895835225
102.44643977967974,29.745699658321797
103.07681392840631,31.223301611835055
102.62328166823029,30.73836218266061
104.87656493920313,32.509786117004566
102.61222791669866,30.356083538962768
103.93392494676091,32.203862672057596
102.90558063133138,29.56145038585836
104.50810070803121,32.579117602890584
103.00668230073204,30.589749428467684
103.92159212861856,32.10796805857873
103.96293842278025,31.93326163606935
102.67812990828395,30.793751928002045
103.82422872853324,32.0953875606355
103.00269436934572,30.763116395540493
102.49937257190872,29.896817786582996
102.44622631271538,30.564957971825038
103.2370321867448,31.289430222683684
105.20050069239932,32.701350989467876
104.51795469594772,32.751872132042195
103.96992589564898,31.509493164627404
104.63730495611858,32.56179314037384
103.93645240769175,31.819290460477795
104.20867205430663,32.27966354327618
103.04534560512319,30.502862553598682
103.01706886961657,30.624243859813728
102.19880515929128,29.059307128104862
104.41543640537358,32.879275664674864
104.04986083143197,32.087670152255136
104.6071627442166,32.735686516132695
102.97475925169074,30.516605927580496
104.28424517043146,32.912517287195875
102.9702637960255,31.264707127022007
104.01058967226061,32.49171703099118
102.29368629036048,30.021697821185718
104.68980564203686,32.487667001178366
104.42592483563766,32.85567755806903
104.26360610230893,32.89414500682143
104.02561858576733,31.836273930003863
102.70664506932934,30.598299146822704
103.97254087232109,31.45554657831311
102.85557001147332,30.931833938974602
104.76303764588232,32.499165740873686
104.49081821639223,32.533565536767675
103.79650440694851,31.50775003223427
104.04423520503086,31.451956859761314
105.38826881993604,32.81003114563893
102.71597534545555,30.827629818246706
102.56449283844057,30.11098403900527
102.90346462634598,30.580742439728372
102.57688544506067,30.120699783676205
104.25129685215872,32.345256955778076
104.30214047246125,32.672643750624935
103.0323039165015,30.49267591822489
103.17345448960145,31.12069864092498
102.91451827886249,30.73739600324391
103.85060160831615,32.004553301417396
103.82358475304328,32.24952605513031
102.55146905669825,30.12731820768608
102.65341749645961,29.640973439533603
103.06030403352109,30.560756692423336
102.47000250031519,30.043216055620395
103.2169183683454,31.296765395891764
104.18953725926723,32.92415598537509
102.7008324312269,30.788316293160307
102.43389843759223,29.825412674017198
103.96401384878736,32.92404085656696
103.14416794618379,30.585615747845697
104.5517509783353,32.736267861229216
105.28357689832237,32.89902989285652
103.00896141325809,30.699778373214883
103.08317807353134,31.233548504550555
103.89305301424221,32.218055291987575
104.11642683120917,32.302455615461405
104.62316470570251,32.58280815461568
103.80795633123184,32.49274679628301
102.79784843543536,29.545405276679745
104.47221403678286,32.64612627409246
104.77791100731396,32.79804449890072
103.88624265781624,31.88828934412222
102.56344605974594,30.775187940236847
104.15635578854841,32.18510100115535
104.35800125059882,32.15498298510534
102.60182702502725,30.07907698482862
102.43624478230511,29.737831151261222
104.81873502420751,32.50131783773857
104.1739148833136,32.64992612656574
103.82482462911024,32.57021373209109
103.82506732518972,32.33445206883419
105.0582246427643,32.70613147957109
103.00215688829003,30.495393839353493
104.06944157371252,31.47525631874104
105.14898922571292,32.96150722628234
105.16547000416423,32.818071493204826
103.31171244759736,31.10620254599252
103.75635066385723,32.0543272466679
103.92630388423628,31.486994340350705
102.51616212163978,29.880056279551262
102.91766985495416,31.171561249128562
103.9319871920942,31.712799028216885
103.20229142185825,29.50258208281424
104.37176625881584,32.83970236452092
102.30433343933264,29.913899988848044
105.26215158155586,32.822907199861206
103.38196704558284,31.129060221424957
104.23012853447027,32.14960965463261
102.48612007451104,29.73194921237987
104.0248253140391,32.98977793611989
104.20864962652747,32.3215847625717
103.90960599912187,32.77754739512801
103.9973962873232,31.83116066885884
105.06266261706295,32.59101236879892
103.37307582002558,31.325968371177648
103.17242379288025,30.499730144475492
102.46490171012383,30.283281313340993
103.65886752644704,31.217897454927485
102.5167272895424,30.738166769721033
103.01211426081251,30.46059509239438
104.11275561037631,31.607239686230617
105.3286643831762,32.81317498641863
104.00617875036012,31.50281142500264
104.7286468779755,32.56055521499748
103.38603087533082,31.14477585986208
103.8645343500629,31.35434278293071
103.89410916025756,32.049229058380625
103.5585165225945,31.09629414593903
102.66860084086177,30.271545037714162
102.97859230207392,29.5390936420989
104.36806883986849,32.779989474460955
103.21472399420588,31.368546903615325
103.89924007557943,32.84677741239892
105.51267983814421,32.894393610039444
103.21672526079462,30.77589571116337
104.34368620269659,32.176783345100354
105.17605079346329,32.85040756333886
103.9815679020467,32.79851182978406
102.93961070627212,31.138157786165756
102.8523385820314,30.915642600526542
104.43957667637363,32.812487735640275
103.90290323423639,31.417573966111583
103.99906501747358,32.416310196742934
104.24541832367437,31.78308208974436
103.11514915461578,30.732696036840366
104.51704751968671,32.78127280294279
103.99602650012318,31.560876099047093
102.49689844585622,30.73796975236318
103.93703201145995,32.39454029053024
103.17442897849851,29.536208986825038
102.75990446807361,30.82811493621418
105.21485885267263,32.94830925009856
102.45305577683733,30.37338817926118
105.28219481418922,32.82729137990018
104.2991716062103,32.19270495138266
104.04855566979755,31.734840008488632
105.29715839032157,32.62707260992089
103.86519332263443,32.482929794865164
104.1696792117127,32.838218068807166
104.08357110368017,33.02847527255525
104.78685921750532,32.55879658957584
103.41328354079312,31.268944491741184
102.67835893044543,30.482207383336043
104.16212624382561,32.254467897818685
104.02454237117666,33.04010476784623
105.18395774896742,32.92312720504897
105.07929606252524,32.55658247827281
104.71316985597139,32.83130159833119
104.7271475530409,32.46536211916793
102.46932516737722,30.119068576019256
102.95003787951177,31.151320070114288
103.86819791294413,31.353982771839835
102.69234280062527,30.266789577192974
104.09245868645128,31.61641574081242
104.23362445026952,32.842602348629235
104.83597615073636,32.481899137313015
103.40801169830844,30.84545584021067
102.69667259410492,30.617522019214515
104.76199330972756,32.48197600562915
104.16108255066763,32.33204006122377
102.93111113135012,30.61420189581322
103.94301821586463,31.49452994368745
104.15176024223504,32.263385920931135
103.1981721504986,31.25574526521357
103.29190844741775,30.701432807227935
103.89630294141061,32.5859865365979
103.04250825908997,30.6335666884156
103.97765139219938,32.10521213640133
103.30915753996602,31.040129291092754
104.27712743366646,32.13605838215208
103.69007173566338,31.23847575027914
103.91794304415563,31.505004488278104
103.93721825520895,32.358681629515694
103.71257454229274,31.892432156915085
103.11320329783355,30.56597235782269
104.80771594271741,32.62532894909336
103.19664448070964,30.986886904926404
104.04497162282493,31.59136600106858
104.0439614678844,31.876733031858194
103.29877624856451,30.69679069867356
103.28941453658926,31.151897537555296
103.7996519231616,31.509237050632485
104.24081363968612,32.74245628364079
105.1457797647869,32.91418648325551
103.10544721903909,31.097216250742925
103.85269664774292,31.48851343608912
103.94207972244233,31.878939013041762
102.6666697028907,30.599272078464796
104.69819033416235,32.79368018206937
105.42561578764888,32.75633891341561
103.98780601955416,32.24904693610004
103.76821159766929,31.96490230479661
104.48619024252447,32.771154132870066
102.9782443233448,29.543966775552878
103.6548990100657,31.31049851732996
104.39062169423828,32.66294497306655
103.88266293574166,32.43901387713115
103.15064587170173,31.13060391834658
103.94717858127372,32.223875264574325
104.41734440927917,32.66611592808901
104.06730403754776,31.53092134050108
103.85356114189511,31.463466257989158
104.51078440628517,32.53693279948552
102.61989659729524,30.46381283870934
102.58899105403658,30.291695099785827
102.7735059888372,30.20922146848206
104.64982716252294,32.46557722977329
105.56788695006439,32.96573555070696
102.40276128500821,30.025222014206335
103.8236268909601,31.587196159135075
102.93792034315014,29.621534273591333
103.59733516500555,31.239949645249506
103.19825994271541,29.51440656240267
102.46291299650291,30.153039244986083
103.85806056236964,31.70717749447479
103.28759915881186,31.147046493767625
104.30591306190219,32.86708133824979
104.13471001947204,31.724315417855266
104.0591376223206,32.32614287327897
104.59280330492133,32.43415722985079
103.82472407104663,31.977035532716492
104.01272882521971,32.72963064038591
104.58911666280314,32.719355201417514
103.9498803624287,31.580780799837587
103.80145088398348,31.908749284124173
104.0871434316107,32.69630189682699
104.21997577388407,32.127353091546
104.44521170267582,32.781610782530635
105.20972845462536,32.63980638260281
103.32328011509469,30.891316084576967
104.55685521514857,32.827690617801146
102.6240304930114,30.38990541642573
102.56831954496364,30.21773237009794
103.80884608629056,32.007366015118066
105.22870542274333,32.70169826238657
104.73832736866713,32.763824548713295
103.29091286710452,30.73601733108435
104.59814814047573,32.88423392446044
105.25403462264133,32.84296985775002
104.09838395727412,32.279728851070374
105.08023080820213,32.56971520855068
102.69353008652516,30.224630580058744
102.68309488109402,30.18777034373511
104.09211184728389,32.28715498832374
102.7202124740425,30.65845700649028
104.37326252324988,32.2627138884218
103.4757511893635,30.861995883122837
103.93694788059365,32.02338979000653
103.94074049667931,32.577595713407945
102.38183667669595,29.802058601494586
102.9593641325251,30.84758657040365
105.2014074512393,32.817995814818225
102.94684750818087,30.570055995294506
103.32610949332368,30.779020508589262
102.84883532935159,30.81361357197534
103.98368603003533,32.52932459703065
103.95186862352915,31.672800702153392
103.98153276707352,32.72935531439439
102.48595198145117,30.642750390638227
105.32120775588929,32.80482074715851
102.42569214011705,30.29819548414652
102.97663687306012,29.684098042997302
102.3327626806466,29.81535756210215
103.91753480264673,31.537035164206248
102.585670333986,30.48117489726199
102.70137248843086,30.289112708499847
102.64993121159775,30.224156422061927
102.38265086217508,28.90164001093124
103.34378747706539,31.235964875171685
103.90360532069435,32.83297144300616
103.20634614501377,31.253472121719884
103.03774612743808,31.06387767303032
104.26739787892416,33.04291623008904
103.57882691549563,31.155705143777034
105.54881779267986,32.98145352416488
105.13540036837148,32.610467845342754
104.32821064966214,32.89922070957075
103.92296023935283,32.72852298652215
104.22550157193045,31.728189286180914
104.62295696599213,32.53053214917043
104.25363826782244,32.27245016736539
104.25362051375897,32.24090568909173
104.59245689893595,32.73315626049032
103.96488860306684,32.47437207232596
104.6400227929161,32.46591736738679
104.06745559046499,32.803106593090355
105.46341320973309,33.01141975214942
104.4354645791427,32.64383224099018
102.66295244276242,30.82015221784641
103.2774445692173,30.721871504620033
102.50363195872913,30.759160443950044
105.27777462768476,32.81776664211104
103.24617339297562,30.871907230924688
103.80092520688345,31.30967035023989
103.92121551503001,31.943237655931295
104.69373114604669,32.79414045076449
102.60793083232842,30.48279560594969
104.22097682223546,32.9266080757084
102.88255649915638,30.631336735651416
105.56355316139523,32.9660489630942
104.37653921900154,32.528550470683946
102.75986147653133,30.79556773751058
103.365044732779,30.890800846473972
103.94506304332752,32.19370203155163
103.43391377275762,30.874613815902173
104.12026003210323,32.52672664955524
105.3608253887374,32.703093396103064
102.61752836305023,29.67653748818036
104.00224994920494,31.971997680709134
104.75065755254363,32.785009736803374
103.00296633325812,30.841247604672198
102.8218134295897,30.470278027968437
103.33647555990994,31.309480550857227
105.36974073405051,32.90161178778997
104.0521073357499,31.595403373323215
103.29350808459085,30.8715505108334
102.69056758232996,30.408484781665102
102.78297725130452,29.485722472387867
105.37101366326725,32.69805756029192
102.33106954050068,29.87338675055488
103.91481280260179,31.383221484622037
102.44187205862855,30.10027922676806
104.24051950578838,32.78552598072234
103.95720926464958,31.636798378655612
102.44684474432674,30.58858203705017
104.74964533872004,32.762724542065975
105.20900892734693,32.70105076213003
103.32074907349401,30.787904877754706
104.655867555436,32.71017816991629
103.971261041799,31.38558307742091
102.99866146429369,30.72980136905674
102.45339275831954,28.95771673514496
102.66136970247894,30.337918422685135
105.43136588882518,33.131870361313624
105.2862304876834,32.83983108181468
102.7557438169755,30.74809200401264
104.98452636662806,32.729838190662484
103.85890694457986,32.1275212273212
102.54336993263232,29.69311383969333
102.69050699226919,29.661376773763713
103.21492759692435,30.95492515026285
104.04444683538188,31.83724464595707
102.8861499255148,30.718936370413083
104.32910767756911,32.87769130185645
102.40021541579483,29.13837344718418
104.02224191150168,31.86877926689502
102.91796390845731,31.125797923100237
105.2480641115719,32.89383322399854
103.53726693447692,31.112612571995108
103.87462017445672,31.455431759120895
103.80902688871352,31.78387540403851
104.07554165810153,33.08771410176145
104.88118362224934,32.59769650480833
102.66283767544878,30.44911938124176
105.21886561430664,32.7856454900721
105.3492802492275,32.995134428819284
103.69886539341358,31.191562749736324
103.99926384024941,33.00663167442184
104.87479176349734,32.67691796924595
104.58393500973646,32.789321367554706
104.09717135673712,32.641138792477435
104.84146370258603,32.63929061215436
102.49214072923816,30.779262158419996
104.1829716809261,32.162818242907356
105.3221027632467,32.67619961054431
102.34142220021567,30.17573659200147
103.86024637928077,32.07231187811216
102.65229952552674,30.24585987552945
103.97878793312796,32.820942292678566
102.97785093804369,29.47771839137372
103.70635485394186,31.351352067336876
103.81606227704256,31.864485679306537
102.75464366422706,30.659785173944666
103.92035307887781,31.91226517534252
103.332960659294,30.866493497146045
102.45066464582598,30.409717057292816
103.89789579111157,31.851922361252946
103.90082692435217,32.706527195428194
103.77898999771419,31.527277165189233
104.31898987899426,32.9758145750168
104.0466784397933,33.17027125895004
105.10700399988359,32.627022924890895
104.00041689894509,32.89523624038282
103.9869403188629,32.82670716810246
104.05404901678877,32.48496956677521
104.10127349336287,33.079559899579905
102.56737458800221,30.66632679265227
103.68520630738071,31.27952235401562
104.2077890530295,32.5857377725013
102.58830392674865,30.669174662522853
102.42029177561831,28.88360211896212
103.81304268689216,32.538159639727766
103.95352380099392,32.87183164782079
102.87797839309765,30.351037492826418
102.42551305842414,30.305350033868727
104.23664611704514,32.23715042416708
105.34086367492772,32.85681103366838
104.0669532365451,32.3139090622969
103.91379837112592,31.984308387796414
104.04643640231848,32.60538461214443
103.8896873173925,31.82366339979069
103.91785081784445,32.707013353250375
105.42655414484868,32.9905958814726
105.48999084643582,32.96686824869647
102.39930349994457,30.1539410955377
102.4492359174265,30.600392329288596
103.12909007911531,30.59893543931287
103.13761012378691,31.132339254565174
104.0311496705606,32.7785873951039
102.55964549209918,30.617176063160144
103.34656632040232,31.178830577030908
104.19079318166044,32.82603330934735
103.45638602518251,30.829794881203167
103.92994679090211,32.25654551126355
104.0106953278359,32.73454334661659
103.84556899087595,32.404334757938116
103.75136794343655,31.287649641627684
102.90629923032468,30.62013513866687
105.50756901840967,32.953102622421696
103.14849727762811,30.800013881696692
105.1809823996011,32.93144847881394
103.90969254933147,31.53185018304405
105.39499220703803,32.721759354892036
102.34729619724548,30.089470867787988
103.9927479232869,33.08433231826426
103.15064948878124,30.507589697864066
102.64167227094246,29.9547669433081
102.87611021073349,30.8991856386713
103.9724557981452,32.329159223545844
102.95889110891333,31.185061466865022
102.4008366780924,30.115276958914496
103.82910646789871,31.300909335574833
105.33796560973389,32.65278107709235
102.82411173478152,29.563783120798377
102.61181359204703,30.476783967859046
104.2935412744511,32.539798143942924
102.51047416272763,29.97200300661508
103.93580578974517,32.40351101295506
104.10562074234606,32.66717875435083
104.31668388589502,32.14146335345297
102.98808427165173,29.58010893670315
102.64937885657939,30.224491798996517
103.96461783955796,32.80110936248268
103.92647747437705,31.725070643993018
103.07132831781938,29.501099673745102
104.09004375684688,32.224720031151655
104.02302994555966,32.51521618318577
104.1187392722359,31.63856269581083
104.03144874572035,32.03751105663473
103.87058642519523,31.500371451612693
104.07818540526992,32.36192993523276
105.29970737593729,32.936710333048744
102.77441393773691,30.47474264204236
104.2802371144661,32.56101111612148
102.60686972873332,30.254951133931144
103.8334965682915,32.61630931164549
104.4644797801894,32.75660733645993
103.88664852320744,32.40392011621702
104.62126245892168,32.84318250223673
102.51144273350674,29.697325262136623
105.06955581259513,32.6366919368958
104.0041406857331,32.83110643431087
103.00594807507301,31.01933770781726
102.73236138255783,30.341356440545642
102.92118138709182,30.421672926029405
103.84332492662186,31.488142637749277
103.17116391141727,30.503626691100997
103.9830961298788,32.75914156224278
103.1764457126556,31.002259342183407
104.42763892724831,32.81837232568748
103.5590516701437,31.258968877174606
103.19607067414138,30.774431544931467
102.5384380887082,29.987890283433146
104.00384983380832,31.734372780164588
104.88182391741852,32.57755656098306
102.33502686834852,28.9785482181556
104.76903758321471,32.759254400695035
103.97732256714062,32.89178598601892
102.68580509505712,30.75426497882632
102.43171953196658,29.03214335799334
104.67778921108372,32.714856375284874
104.7837371993047,32.54718331503812
104.13688017781794,32.58777698661989
104.30552984215984,32.81018225370113
104.41948470539658,32.719589957919524
102.84490784444344,30.68534580688418
103.69346434916034,31.91498554074964
102.9994108624463,30.84928306584389
103.84266217137237,32.31363288401827
104.42744801932368,32.806632271921714
104.15437148755484,32.339284674569946
103.8738518427038,32.351129062899105
102.74539140329979,29.561387455842805
104.93120009422616,32.57805718952979
102.46529847890068,30.488040877023305
105.41333593146705,33.10057777534506
102.91109547112454,29.60534270487257
104.41266755650902,32.86092440313671
103.87622502171004,31.895701321092282
102.97181240862601,30.63597240448835
103.25152481335273,30.985065998498598
102.58260387979328,30.540596412076876
105.28408341417261,32.828536837850656
104.32504323727518,32.922053839461604
103.88368275749589,32.041685832791124
105.5978437963453,32.999359168153404
105.36898766905246,32.682332725143304
102.67087029394737,30.770683159104127
105.30217402891613,32.81452963062513
104.2204901040883,32.250345700806086
103.88541370119734,32.63934953016917
102.39232841006657,29.928752705738408
105.2331572838378,32.77193899135262
102.25118161123504,29.0727191806955
103.17107153886738,30.68275883986987
104.1398608865935,32.17234201995925
102.97569050409541,30.729477394251525
103.85186292424261,32.68592511998485
103.13157818671829,30.60564896698836
104.31123322138575,32.06301638731492
102.31188525705105,28.969358316243834
104.07030746919175,31.740181833837273
104.24377252232344,32.204197887957164
104.14339146804595,31.76931347492471
103.93560808481062,31.952553171664555
103.76532620561841,31.258653053283975
103.98122632614475,32.578702684184094
102.58425844079606,30.84387823978083
104.80842909806378,32.695025305274605
103.16412807684334,31.31071508166429
102.73590857343483,30.914027149047012
104.92560942132819,32.676083296348054
104.78751433544636,32.75643068522849
102.95274276891233,31.244745339494475
105.33997564428763,32.831842844798906
102.50917302107973,30.54541491324524
104.64313701200145,32.45571945451884
104.57086594887798,32.892563170847325
103.9835068006132,31.839595862604405
103.9499696851187,32.8059493079636
104.2502497257021,32.11598814384295
104.34483585552047,32.545504764580976
103.62036438511448,31.285934021626076
103.97443137882422,32.636443941071434
105.40783918436856,33.078336025767655
105.58240836121773,32.94112775737886
102.4158160162388,30.168672854173643
103.29546410344881,30.745955227627487
105.23469070691185,32.94672859105127
104.33416194920537,32.69518125525141
102.59382100377996,30.630663217480922
103.30798558063242,31.405135753896968
103.52663191778446,31.187978535873658
103.2038639860831,30.92393207436856
102.39468533674822,30.176922001648787
104.23583721453008,32.28518911236641
105.12971157032104,32.61964275042101
103.159548727132,31.101653520073018
102.68900445771484,30.640717226862787
104.63680083706777,32.52312076819482
103.92086596344821,32.01598420409556
103.94085672705697,31.437031612645747
104.32616328183433,32.2932013989505
103.69038313658355,31.92342321126565
105.19577228424264,32.59025190349675
104.05118220463304,31.680290492120115
102.49819861025266,30.2533236850863
104.37011141709196,32.752256799950274
102.64593413008956,29.69327133027688
103.08766368890288,30.566167423089244
103.94000719133383,32.74413306024964
102.9519226883525,30.610369324329525
104.6308032834597,32.56469359606848
104.35322539090859,32.767400213631596
102.7432859879677,29.627666601744462
103.89197794194877,31.812000763877514
103.77711680454539,31.99692603979667
104.48666035322124,32.79812450196612
104.10600217440076,32.65938912350247
104.14392834403273,32.32940567153263
104.17021432032331,32.531465648225335
102.5043013304846,30.07105222193396
102.63022869682273,29.682788295399085
105.56018309294076,33.01925729237045
103.28040844041904,31.378739544829124
105.3938220195458,32.84883742135558
104.71557573696046,32.50282864991608
104.03338625693267,32.427007309565205
102.69078909607397,30.34245662227763
105.35066452465259,32.82565661481332
104.98659217578232,32.74309413243502
102.55291299943256,29.726721498385903
102.64357302951719,30.272204222399242
104.25236002167438,32.90081615037585
102.41247032281495,29.74510613328204
104.22767442154765,32.777821876175025
103.82913511464463,32.590508340899575
102.55846194670048,29.889591283467738
104.17861086355369,33.07080530346334
105.44980730776801,32.83898170160578
103.06353659120843,30.60366366541425
104.0321959284674,31.89268403385567
103.94173055557914,31.475106790185976
102.90138005341993,30.369173384065107
102.89368322487402,30.86219398768179
102.67249420756607,30.82658076444197
103.77874927429627,31.41584644602419
103.9717369147121,32.47211584341515
102.98569134785187,30.497126470435553
104.34246513358342,32.58680588732408
103.89869718349725,32.26214320792229
103.17860485260847,30.930937892252825
104.07925211114869,33.09801984201541
105.41216280846048,33.05454460805594
103.3182342658435,31.32251196018161
102.68400219513349,29.655843935652857
103.76875246798636,31.283690213633914
102.7530315769604,30.724348551362247
103.31605919111671,30.787572943385662
103.54000817521089,31.10156103618033
103.94634067465338,32.14188485411669
102.64911789933329,30.694129592933372
102.59109598946453,30.327573451309473
102.48044957049586,30.126002524361493
104.1054789171849,32.26866109742593
104.61187714148676,32.80907606504913
104.28962875304549,32.53390396638067
102.43215033875454,30.370251174279876
102.85585280167831,30.404720139936995
102.90168480142893,30.635098096736222
103.59461023110299,31.181824411651345
102.6844064677383,30.687685755427772
102.73825142630677,30.20862193914712
102.65502448238728,30.33190073525362
102.8759774632621,30.857716058734034
103.10375914898495,30.820454750841122
103.97777764792343,32.90007509302193
104.06149460903296,33.16565120273439
104.24939637046876,32.830213758317655
102.74260786282038,30.595705264926927
104.3952434152135,32.920031009337436
104.25731589660863,32.589312375232446
103.8261635655032,31.517560312045028
104.10661597874774,32.664861117382934
105.17113677522129,32.91138492168001
104.02053973976153,32.173343323697814
104.19523180176556,33.046060681937085
103.05712582773275,30.454161808986218
103.34288259684277,31.283666662554197
102.70999752812207,30.643820498844427
104.31297338233556,31.764416542780825
103.00425146603565,30.790432976831454
104.42050013625015,32.94394885059444
105.60564638440731,32.980816992876335
102.65754221803962,30.76681724039191
103.80744900281843,31.424834196986584
102.52804264939293,30.150624637402817
102.73600873516148,30.613680405920626
103.371183415677,31.160964211975074
103.07472853108379,30.428346545438323
105.17704137496257,32.945503402508905
104.50830500063677,32.621104287946025
105.1083650678591,32.957900849812326
103.79048566188922,32.5800232912269
102.84958065546257,30.702562927018377
104.22409097344385,32.661873710950076
102.40992452636131,30.032789478629155
104.33729845909328,32.77417064581635
104.12055552075493,32.492220907947406
103.92934817061152,32.10456646064313
103.98527779749008,32.68432816112842
103.99109642926453,32.996088678823625
104.03278539374388,31.58670104056754
103.35692190317526,30.715759021769713
103.2349760379166,31.023173795529175
102.82412968954722,30.886019120953986
105.09635880496197,32.656920141327646
104.1738046769332,32.99021992548926
103.92276843979847,31.89286691758396
103.96109707151624,31.498642128757258
103.1413813425523,30.71557504988845
103.86878970121,31.84700659001373
104.8940435718831,32.56371279946598
104.38158508685808,32.32398632691967
104.56334390341559,32.562755392861874
102.87820863862832,29.542447447476746
103.15684818077717,30.65514872943802
104.66963197490179,32.64810028549221
103.1156813273388,30.77001694743917
104.51538116010303,32.61851779136187
104.35225875663944,32.24953314442267
104.17543755705277,32.74471602651218
103.87861785068394,31.617987027965867
104.67065691179522,32.45396680483238
102.49086128492775,30.161439281741146
102.63023696375102,30.3210496031565
102.63662614924124,30.601121278149208
104.33354710026067,32.686066512955705
103.25661185564722,31.047342622102885
103.1080160034562,30.523446537662828
104.70778254263693,32.65072052216583
104.03817943913506,33.08560241337208
105.13569969019262,32.86468991998519
102.44275205956855,29.732021651706212
103.1924230756789,30.676995189612846
102.53907356108444,30.07120806340137
104.3785807862926,32.95795239175472
102.92717342856487,30.81760258451313
104.59751932016859,32.505778566507324
104.04719047778336,31.450400577246103
104.14397456166463,32.147345375408726
104.14072402279638,32.73293595641567
103.9171613005967,32.79163884063875
104.33250833790048,32.58197205245133
104.00101325702474,32.70727569047233
104.13526988489348,31.76262622727131
104.27381572851323,32.60134414492816
104.05724094552104,32.90715047026398
104.68683424300683,32.445268535519226
104.3523323986018,32.70024840436916
103.81345841595852,32.007475298039786
103.5266885877824,31.145638811149304
103.42284677491567,31.34289427029041
102.97101839006129,29.692219804693746
103.30006887154174,30.986812866032448
105.47798162271842,32.97496474834935
103.84462887550015,32.229908208053935
102.60465485857928,30.70547347548818
102.7643435016435,30.64126821854694
102.50988702592291,29.908297770081855
103.26280413938377,30.774016551609577
103.0758538081316,31.07002507671631
103.15579565168886,30.630806123000095
102.30845387143158,29.885124168119173
104.3265775506602,32.648222093014894
103.77584774203908,32.01004877253617
104.6409429492637,32.86287030474782
102.62101810597454,29.98400363818167
102.42129574312474,29.82555740901756
104.2971805781277,32.92962176425599
104.54708622141113,32.73005834683965
104.42773965750358,32.582170430678254
104.20023061449174,32.2944338131626
104.96960949626164,32.640308693762215
104.61095640965254,32.573207813853166
105.4972161975851,32.752216261917404
103.96953055634546,31.663247665778847
104.15461556377316,32.78476273819136
105.32552511485365,32.96887752319697
103.59238839799798,31.272603765687446
104.82984666022757,32.50446466562282
102.89944229003024,30.58203139579383
105.31414960726364,32.74435409448055
103.32869327519727,31.042666179381484
103.16560396522833,30.78929555197027
104.42226842942493,32.788188371214844
102.57566742971522,30.226963477976383
102.49483387195544,30.62792914334603
103.2157945392453,30.917948351834667
103.79446320177878,32.03914040212913
104.07128766059446,33.134316511168045
103.92564333202755,32.79022497453855
104.51894323918621,32.66844962795494
102.78323001930804,30.927367601334453
103.32229542602335,30.699851856580345
104.28563046935524,32.144515162064636
103.54487691619109,31.195481408715516
102.7358207563677,29.557025893828296
103.90792223442203,31.604087282448592
103.33392084756917,31.26602703233731
104.33176977943289,32.56802470756021
102.45528540370098,30.372910688446087
102.76825105750207,30.56179952876112
104.01575329033467,31.886984361747118
104.2463022842346,32.71468475423918
104.57599984691693,32.693141514261725
103.11534990930674,31.007881480697815
103.82231377078456,31.800078544933676
103.97255946736561,32.19392106265365
103.04788778397473,30.969310458809137
104.0698467663304,32.19319226599298
103.03125950064873,29.51572171725737
104.20015038670218,33.020982609655775
102.98569253773131,30.969201570136875
104.0292964021765,31.507927057789097
102.6127309779223,30.67691289305785
104.03243679370333,32.09266226819454
104.08861927874185,33.17608673412254
102.94915289689403,30.489997043632886
104.74054232038827,32.72739334908988
104.74442811158698,32.79117545992218
103.37538924349516,31.09662937754446
105.09254323948831,32.704831528762156
103.98405891608894,32.934689198138415
102.4942171506817,30.39585267911275
102.38942201201847,29.737473696118276
103.96576722373409,32.82608889891056
103.08343685400374,30.831694089353746
104.31393069976474,32.6722994620325
103.04534646767644,31.125804829418982
104.33118474068874,32.72050149165975
102.52823716960086,30.767257835442507
104.01141413726914,33.02311828900385
103.85666387592215,31.80360354150315
102.61353507638734,30.80754938808408
104.82690515024144,32.65741083912803
103.30311317521091,31.198443340764086
102.94586663752436,29.57869973403869
104.42151336735569,32.314407625861435
103.0140752064677,31.08939091215678
103.91834385617358,31.914996253631273
102.5678530807797,30.642342305829708
102.96098423199228,30.400490198693646
104.85898628371666,32.63411663402057
103.12696649333623,31.200332051203336
103.33736698653277,31.37462746395926
104.52825247024704,32.53581006987201
102.77597174622099,30.82476166989554
103.9952311596304,32.41265355339783
104.27042488144053,32.58392786877395
102.4551547767339,30.272330267284147
102.80585429931237,30.704157753437435
104.81085580564803,32.51568204719912
103.36120344214031,31.089081300853174
104.06695748752497,32.72394045521789
102.4842084942575,30.328598804270776
103.20780986222488,30.619774408090116
104.42429710266401,32.8740240148216
103.9103935593289,32.05068617261432
102.53551585032844,29.91781871314233
103.77350506928296,31.911082146301865
105.35974844598358,32.80468835965852
102.84925568397846,30.69421639729606
104.35798639374104,32.657355701240114
103.9261628849189,31.906210298877966
104.6013366074665,32.4284062485724
105.46486009150506,33.00329681890123
103.91988065153552,31.482542207923416
102.44998667420118,28.963257929921475
104.32917810946599,32.93884532551256
105.37996640522586,32.97955288048911
103.75886436262888,31.95043500667421
104.07214713016273,32.3774611668398
103.8087435421248,32.09120714733238
103.9193980799308,32.25134041541679
103.67853008112375,31.213753173208744
105.21660866710572,32.68370025940025
104.14693275080718,31.715633677289755
104.0689304976839,32.64855593350621
102.7273441446387,30.198167948310317
103.15650026295782,31.08058252848252
102.74269703457972,30.742975609199473
102.98250076735853,29.61430430225817
102.91022690147055,30.407985119918443
103.0381687788782,30.730627682530514
103.33457273327973,31.40426519237086
105.18897781771079,32.70887741175534
105.06623879760858,32.622959151614985
104.16604985324713,31.669606241953815
104.12223942480172,32.27736359353095
103.8328626160625,32.60105077409298
102.97599777433818,29.529459381251755
103.92909376521501,31.89767690329737
102.63511285222668,30.622288847947747
102.8729645119396,30.387035208889458
104.67217419017136,32.610765241784335
103.8523284957775,32.632862691277886
103.87685295683647,31.499627621156424
104.8786758728104,32.797500305852445
102.82615134171245,30.66968826039868
103.79502118530118,31.961833927850616
103.89145600438432,31.773133485848675
102.95006787560975,30.5343644335357
103.15767670579213,31.06329576278518
102.37492132169977,29.901223674459352
102.3884712301273,30.050426135132096
103.94594423108308,31.686526962110445
105.45206995280725,33.11143000019856
105.17748317183839,32.8163503609538
102.99068927032546,30.937090584925436
104.07340508217982,32.6991065297722
103.70366438877532,31.89944001299015
102.4250258046183,28.949871524110467
102.45852231720819,29.882757077056272
104.24882772930843,32.246875151488794
103.28192283285648,30.621522585571846
104.11079516104405,32.44615065066014
105.5298029979718,32.94243744381733
105.3286321591181,32.81930149492784
103.92299137852203,32.41109880404947
105.37439758962589,32.97562033886066
102.98797962811545,29.47919080991036
103.87123649265294,32.3243214801744
103.07009521747744,31.17654571856602
103.15585597008058,31.21486861016567
104.01941641698177,32.95750651064814
102.67871335406221,30.615280815422988
102.43931451321968,30.54242956313126
103.91806711657478,32.85575094729252
103.29808610798095,31.151725073606173
104.42786223416032,32.64750185141937
102.56021620375545,30.242442794172764
104.20450276238788,32.33959881457952
104.0233871238344,31.51662017967322
103.97933058709305,32.69111325997798
105.60233249031423,32.89323461731234
104.0542128073917,32.425102128551565
102.51323143272366,30.645633261243262
103.50307000989233,30.86979778657691
103.38544385137033,31.28797349190825
103.70380232827473,31.863389128060476
104.32904210343852,32.5461339532784
103.9881205709539,31.565294727511198
102.95638361842308,30.816611713039578
104.67381788105341,32.50471908772645
103.75699855090144,32.11281096051953
102.30326878651043,30.08543040061013
102.43472664788804,30.104723479315755
104.01726406585851,32.0515997796257
102.34363275913093,29.90239345740704
105.08171959500659,32.610571891077456
102.58665350575833,29.9744094748292
103.84835090123546,32.078576658970015
103.71390442589089,31.942930024591384
102.38079137462431,29.112247325419688
102.35908576255669,30.04049762556581
104.56046310605205,32.45281041460159
102.7624779174733,30.658560307736177
102.89846387677319,29.503257484407307
103.95482113430799,32.898682469519535
104.02081810278017,31.555694632933136
103.31715204611947,31.234892534987118
102.45643774109853,29.755193653454942
104.24917090714324,32.7717520237635
104.58796330302337,32.43986626234624
103.8282198210014,32.203235377572184
102.5021006822905,29.912815874573322
103.31970421067066,30.685742932867726
102.4198425037963,30.097973262763787
104.39205641252504,32.7035184487931
103.76517013368546,32.10761218407193
102.71052739781095,29.689036178446813
102.5495608443121,30.2018211947443
104.10562067202719,33.16010096570973
104.1645231187998,31.769695440167137
103.99694791505094,32.59056939745147
103.36194560988427,31.130132044960654
102.23431111659127,28.974074275181536
104.02301292893588,32.285172444540734
104.15377915206192,32.45250323425325
103.26438328290293,31.36054827665219
102.905504926406,30.532255408160374
103.76629205479162,32.110245556413226
103.0139486501664,30.921676068848605
102.42046648978192,30.273484823954032
102.41330495875376,29.760856098141357
103.25258435673906,30.81368066154713
103.00533017316654,29.452187846657605
103.92074545147324,32.352277170278484
104.3300451120821,33.016265163741515
102.89112780108357,30.63082501631642
104.19307210688991,32.567911180132626
103.538033913577,31.103175021314794
102.59246228989046,30.204713611039836
102.92388725047721,31.116068877784777
102.66924668308121,30.72594279701187
102.90971306828109,31.20849607099843
104.60819330766104,32.53449391016349
103.06333140110445,30.520989702294937
102.68406922389312,30.32383163038373
104.56601879708144,32.47474021712924
105.09345204028058,32.69060957413654
103.94499193032716,31.881369187942415
105.59327415675989,32.91908670888798
104.11820961964818,33.181586254396876
103.70746397176934,31.308052487455655
103.12924242695273,30.840122329842817
103.31838720179366,31.4084530842295
104.17860143095656,33.06154613159476
103.89322030023985,32.03101783348237
103.95246856543386,32.035276338316805
102.81126506886471,30.888944092148247
102.88535792417485,29.590783438931282
103.01190802955125,31.026361349556606
103.19523307781232,31.101897225144942
102.79610647360231,29.497716277150726
104.08526198763138,33.13306296691535
102.31975780675059,29.864870411310328
102.50622418172142,30.355990879112685
104.07249253252556,32.36612454976633
104.35812148325778,32.63754795850753
103.92130045250038,32.29868719415029
102.61709237536556,30.497955176575076
102.60948316781537,30.729024766734423
104.34410802793177,32.74842661491262
103.0303609063957,31.00605883613623
104.80781155671778,32.54795385475053
104.12307160150532,32.730513018457955
104.25067725379088,32.861849071398915
104.14668700758175,32.74278855368329
103.28157094697391,30.816617012721405
104.14802556494912,32.88091118085491
102.53263177731513,29.813503932974058
104.08912851040661,32.225903041973574
103.94693123202106,31.87481763207937
103.97755321198943,31.665587018446537
104.08634713507362,32.335178130929485
102.71062010832355,30.681204797473278
102.55740465808516,30.114413508603132
103.85338519453389,31.343769629840228
104.62117663440154,32.8450405381997
103.39565348036619,31.29846566292256
104.28192178361127,32.80296398896763
104.22899825375391,33.04648617365225
104.01674987703554,31.846729908447863
103.89106505379328,31.7322949399461
102.90478057286697,29.46708985300376
103.60941860496771,31.171346714765335
104.56249865874446,32.67108064308482
104.14093228071086,32.52728156167756
102.5889846843311,30.79035381756354
103.32683683672826,30.87763949471366
105.13393910232156,32.940815174953755
102.74145815933309,29.535307992617657
104.2963112487894,32.160185084744995
104.00077819685393,31.656456358749132
103.63903344281124,31.150396896753005
105.48411171550055,32.78085417386237
103.42584240299831,30.876288087138352
104.11466513298555,32.34829590278003
102.91486891669881,30.59034440882262
102.6497049475578,30.15948541701786
104.05365493182914,32.117963465472435
104.22781683002466,33.024923016304335
105.49050110516283,33.05926881854053
102.3310096171207,28.980410536723248
103.89905515959151,32.287203290638594
103.95022905151085,31.680319885202785
102.43918891682105,29.068227786970713
104.20205981565994,32.96675023038464
104.45833937385493,32.079297688540976
105.44180742984327,32.96113666630222
104.05606658986022,32.919714699518615
103.13495138996217,30.826443080119788
104.47928386560797,32.81089115346331
102.99672738478672,31.211097306868698
104.05530777531037,32.66370794031913
105.40349325687937,32.94409930663233
103.90384204137008,32.421519840826484
102.36318804069354,29.113012333252204
104.91431113946454,32.59969778798851
102.86894459987224,30.6771660763015
103.85642309073069,32.10458621782087
103.83512996897765,32.552480804048706
102.91475661810922,30.88716105979301
103.30614867387675,30.652279003224557
102.92694921934824,31.226513941758462
105.16753886857451,32.60252848559084
104.41806017219102,32.118920579125295
103.11921178676286,31.24488151926544
104.0108804174408,33.06713562595953
103.16435185416721,29.52352682956936
102.38472296560982,29.97542233322532
103.99740658660026,33.07190857947199
102.6087966133323,29.949290945195198
104.8079741959864,32.81745767599681
103.95944695438892,31.986213739683947
103.95696649755604,31.731252860373786
104.34356660719108,32.51927550333388
102.82139124380016,30.51852254086471
103.09507417806329,30.58812992599518
102.4373859001581,30.29498147253209
102.5894170118682,29.83609730166709
104.11289353804659,33.11489685519339
102.67254023990672,30.144396347077922
104.26977087210042,32.7847756733684
104.19633133144993,31.68145190217967
105.35768228742948,32.711401902135606
102.83193224906519,30.592163513867586
102.95674572021967,30.542837109266095
104.20897659794724,32.84151604451863
104.1873312639932,33.09646135516705
104.19829483323925,32.34868791197691
105.40352612260013,32.85674263114775
102.86089857046899,30.565539950105425
105.34487930150046,32.793474685574544
103.31077149595517,30.678044279677408
102.96979101014206,30.878879549469286
104.17867063199967,33.04576971924461
105.28573801697632,32.95663361744938
104.3826226008903,32.72206513856811
103.99786072658263,31.982471027101816
104.4735435211989,32.54944705166719
103.59211490426578,31.33503302566917
102.66115766073297,30.797299301390016
103.01634714972005,30.528246426218764
103.26525908067023,30.78552863644079
103.89748786553317,32.46087104220556
103.05735668180029,30.78529241214261
103.77973755556847,31.27818271421459
104.12772407752448,32.87785465628081
104.02738613029413,31.848871983863198
103.82014608038413,31.984936086143666
104.50668527008987,32.76381288401016
104.38510711109127,32.871744937685555
105.35602679079027,32.736239423398196
102.34548973869418,30.094441407390203
103.39393083468617,31.117270008447587
103.82931124988671,32.302547874885434
103.82692913947959,31.295366850953673
103.71367389053856,31.230297906952018
102.44444208556529,30.19534300311606
103.14060745136277,30.794927495409958
104.07237418233703,32.9791679197711
103.11725068480574,31.03687923264875
102.87427484449346,30.80672573696656
104.06090200237337,32.15481367357186
102.72955771968293,30.678465332430076
103.22550525075499,30.737793511165542
104.24209340174644,32.09352944896656
104.04185705942292,32.26594150225194
104.09966168486218,32.77025123032877
102.46309966135595,30.136022225644922
102.96916643852477,30.729365714905306
104.55330894069706,32.829989454524146
102.66385416790195,29.62018817478355
103.2627279102311,31.36169395232144
105.58946543337353,32.86110336504704
104.01811064910603,32.25186217378095
103.03898625501093,30.566768345577533
104.35949738372068,32.972750002282325
103.80656824565602,31.334713427523127
103.94821576015681,32.83384000728197
102.96763743279556,30.995729724852676
104.73787124872429,32.74176944276914
102.80169095516786,30.905494317146417
104.67432844353142,32.796665181027265
105.00613955757214,32.58286074229913
103.12538611270764,30.63424109766751
103.11842581471895,30.612977647269275
105.18035915749861,32.631192244364925
104.55297461566306,32.67451607927498
104.21681715578053,32.80183047748006
104.30741911818664,32.23947144004925
104.01460362501578,32.20926122041898
103.49018561192088,30.84508174760935
103.34803316191943,30.97172259215742
102.99091869550938,30.40193824676283
105.00497301798644,32.695531859269856
103.95920719112559,32.91801533687424
102.63770436330184,30.758532911469455
104.38115170124294,32.8334196527348
104.89945314843071,32.78694417800928
102.8374376425137,30.37059800867464
102.98606474263099,31.25044051301761
104.06835445136406,33.0951526681376
104.1849263905356,32.90094887090862
105.40991034614082,33.13795906798754
103.94981033062368,32.04234222886177
104.37614798284956,32.2795361144249
104.96920977771074,32.56269424817901
103.09051574309849,30.66566971227708
102.74814540807759,30.610785809552898
104.10466578296166,33.005397791070436
104.07114822363226,32.616531570921985
103.2863610049172,30.763315768563288
104.41169392271753,32.10215438167919
102.9549850489132,30.903441918301354
102.6539241580365,30.300248572997994
104.6003863191509,32.702056532325344
103.97653779629776,32.564590829182734
104.01212619353075,32.671766415776034
102.3543368114724,29.010040104888432
103.92095193842574,32.73460998948075
102.31730522090602,29.84454698892096
105.47062166333859,32.816174938773045
104.27749981096804,31.79457469847262
103.91700311704807,32.43739918766764
104.36196693104081,32.99028864971309
103.06580708511207,30.634508083709374
103.79744029046155,31.38031589688761
103.38384461196168,31.20618797408636
104.13894859280359,32.29359041469342
103.03432853201744,31.136067652517482
103.2002858078022,30.861354701859224
104.0277095793324,32.361042012674936
104.2292642419807,32.627974539259064
102.47956312117707,29.893702611070452
105.23962357978048,32.83261487793979
104.0875510298277,31.672496432302754
102.59309917564177,30.34813252545945
102.58860534366445,30.709479555112498
103.11005089931794,30.565323524595446
103.06064241489885,30.52287686411769
105.37896304593309,32.98561771476977
104.07526276706186,33.0284159983167
104.0134844771237,31.487778276983825
103.2865006413331,31.373386204297518
102.53440766904798,29.67419850374843
103.97912927564505,31.845472684507712
103.89937341148487,32.32096390708545
103.86012619759134,32.69488149449038
103.16277884649762,31.212735049531513
103.85797820596493,32.43139207534224
103.47514058029981,30.94846365000799
104.16773044796635,32.92794070658229
102.67612016616404,30.565608546127834
102.9294300317893,30.801749883804916
105.13212511199866,32.60524811202174
104.33987719638253,32.09570060459918
103.27771541284216,30.786887701064447
103.90121907691524,32.613802244751795
104.74840291916173,32.68959525686065
104.2790026638075,32.58049439867238
103.67405192885936,31.285222896849724
102.59210312114226,29.922156815473677
105.5031932765555,32.83273956067603
102.37763578712472,29.933546549958297
102.56011925757157,30.167427479938254
102.36150161742118,29.953439915938148
104.65653533457039,32.816092946297935
102.86208692532527,30.85820916047648
104.04658869159388,33.008494398918714
103.18070867670055,30.977455237546202
104.2842841798163,32.07595232901854
104.67891258473179,32.84708952410323
104.19142174481046,31.667292682147103
102.98173494301287,30.970138459731825
103.81361573603476,32.60777799675429
102.94449360634732,30.42658594178181
103.97132085096771,31.685263153466636
103.77606244317528,31.323932521491464
103.63106592676418,31.139843255672083
103.76057683931027,31.455157557317204
104.21633565748193,32.733700057945185
104.2963125242561,32.04438755819245
102.72229478033456,29.601774663416293
102.56622384339224,30.441075296444804
103.02869051688036,31.163813924177443
102.64538005418297,30.831174557422095
105.2133087835213,32.635190829947135
104.08296872160122,32.82335953431122
103.9494342234496,32.19464603822181
102.45553054291595,29.97511165737523
103.9013939454365,31.394816348737365
103.0159659820445,31.103892547491036
103.85046143077705,32.087752000825816
104.136176819273,32.26323480901399
104.19550790180836,32.30733350363862
104.398916823091,32.65826918952779
104.90318520197631,32.54572321147272
102.5465225430749,30.772250866883386
103.83951154507606,32.41051407375861
102.60960833087849,30.105723373257494
103.3049052836689,30.649886925021214
102.43202134817216,29.892460217889326
104.89119994499008,32.73822140731325
105.5184686970259,32.89922821618598
103.77587632918612,31.40383066444256
104.0360960313454,33.11260303660568
104.91245978051,32.53258278271335
102.92922842082699,30.856727012944862
103.98351053820465,31.85897371612421
104.44552299797313,32.76537676790971
103.99774610467315,31.857451240838646
103.84318422125416,31.461209358317795
102.97880090091951,30.508305485990995
104.24698308452575,31.78069526605126
104.42929061022916,32.6161323181032
102.69592211813595,30.746217975461384
104.70831101245986,32.45738587076128
102.70448611805251,30.863278935361496
104.19051870815136,32.155428432571846
104.76230539937671,32.572159375056614
104.42466935090393,32.81309949181583
104.31093502646407,32.62594890259902
103.9399927727765,32.51328769741108
104.02750821438144,31.93470139330721
102.62150340588443,30.176955291625323
104.50551466753272,32.61030417290807
103.95349346965456,31.92476720894873
102.70756549031418,30.850311567441466
104.16231821138206,33.04536546276568
104.67774180857703,32.44740687193238
104.23858497419725,32.65349391742262
103.97365838233799,32.47118024919502
104.19908089915731,32.35910227152045
104.19728411518544,32.92545489472336
104.00714318520278,32.29373721927384
104.36779852678033,32.84625628345953
103.27985722303198,31.026484213832727
102.9133353401838,29.48028423510918
103.2387258979256,30.960999176004663
103.1605825204511,30.646701140314995
102.80028239236987,30.81326671993997
102.38155557638777,30.0497201487769
103.23866327959021,31.26051044089333
102.7097247997322,30.248427026499666
105.38555648406346,32.915336171128104
103.19024666793547,30.761522914972677
103.3065529188754,31.31158216755288
104.0392493523184,32.26201083633619
102.94876176542179,30.633625390110215
104.2536213934379,33.007279815171444
104.06399261179516,32.81771384167028
105.02035524037609,32.74976676526732
103.95093933603447,32.01949981800707
103.20862195182391,30.718288360580328
104.55633092594422,32.683188418632646
102.89078669669783,29.5115008397744
104.04141287171285,31.60942940578616
102.8468795584381,30.54707504539862
102.48465147835103,30.698993514177133
105.05449045492526,32.60735985071094
104.11622933431502,32.92118322286882
105.44566917341004,32.926394200799095
102.52463739419308,30.264243343145584
104.20243404964218,32.11475170370605
104.55874786760693,32.601164160730825
104.14737110095791,32.322098701493445
105.26403587021372,32.620860071439616
102.84328962672997,30.3913907758046
103.28828269076222,30.964355930927006
102.66307636109885,30.105821901277043
103.97189038711728,31.88355032125493
104.15700026398947,32.33176232690259
102.42423489048717,30.461985006735013
102.48436759898206,29.716305579041176
104.36606147957724,32.72550141727157
103.9777432285676,31.544860525754025
104.27774149117418,33.00300387640699
102.72392801682687,30.791755246462355
104.34017871449996,32.56123807053898
102.98747045742041,30.943090908143425
103.94803946041459,32.79698955476428
102.77334925000387,30.559185713208166
104.79558641341006,32.8042834312687
104.45983776782302,32.919024249660666
103.90133708797823,32.624697809653725
104.79749279517141,32.52675858797509
102.54701827651641,29.715394090634973
103.2624484624285,31.335725884420995
103.9156456532767,32.608155121914926
103.91176933613254,31.41954939795943
104.20715797773337,32.75856861794293
103.32017001295503,30.695053403346694
103.88914345293661,32.04818200679766
102.8626513367164,30.426788899593856
104.06454606328562,32.67629579091294
103.4176850651513,31.20679230692013
102.55939246380028,29.687340317127397
104.19069780265507,32.61809849215646
104.65071382506589,32.5816204756998
102.66020428859684,30.533571384827983
103.34171182954051,31.348293115736567
103.26810173784887,31.184468097380662
104.16338540379665,31.665928306361124
102.73546720038544,30.303575531182624
103.89282455949663,31.847795470217072
103.49390653991259,30.868912271467515
102.75070861851499,30.561777972020003
102.81332097241118,30.49269443749877
105.51939316360755,32.79614105781212
103.57064989718789,31.128144389080763
103.93133965682772,31.827603518603397
104.64113590154413,32.66896586679716
102.664330339902,30.59128214862074
103.17086992960837,30.506686883731
105.55805303525315,32.837676058028705
104.1493911633966,32.94007752606586
103.92896634045454,32.91213891491981
103.94527533758958,32.29093093923977
104.15637720577655,32.71206605040651
103.87262533421084,31.43898973314764
104.93383347584574,32.55416446722638
104.09228150768283,32.4152146720804
103.22494373284955,31.327741225885163
103.31554756230165,30.991879690597816
102.53432012979745,30.690262663517345
102.56774512202738,29.724616202548756
103.05961851598016,30.980369873242857
102.6179422877975,30.767337969464624
104.45528106600756,32.655554395950276
102.50063822165913,30.073283327169044
105.32110926999036,33.00977470754296
102.93531656181297,29.59703114990148
102.78297588642438,30.56744658591094
103.05009159226417,29.462110202622423
103.95494611753277,31.678388030107715
103.27125612861929,30.880109555399425
104.10336506380253,32.79469798692589
104.77941130532088,32.72937090336202
102.53510301854766,30.320256003728243
105.1483289433554,32.678191159143545
102.5439337963378,30.219657236043165
104.58022020539343,32.66847839547267
102.45552834509735,30.056363262324332
103.89956443581598,32.394401708294524
103.8389392428031,32.093071248374216
104.53978487306841,32.689814161460426
104.75375362672114,32.75193261740283
102.9951459972005,31.137225918918453
103.3693670008713,31.356022620883348
102.29004928895812,28.94440998884253
104.78908612934349,32.62933796128808
104.95025121010832,32.57399016649281
104.37982490722023,32.92488675681394
104.28699683665543,32.20852341974869
104.03563681043426,33.00707514123869
102.65420101329865,30.132461671751944
103.92401489210633,31.816358357250586
104.6412896899854,32.75619745271762
105.64207075649712,32.86010358949668
104.56223743197049,32.52133780464397
104.04291871103248,32.29111075132275
102.78793062760232,29.54055022363468
104.1162856003899,32.492804208894384
102.70148694322037,30.55063088088984
104.26503432626278,32.83347151092112
102.51967754942304,29.877042934200126
102.67242653921944,30.263607712713966
104.73920606273659,32.46477054848577
103.81042680969772,31.87797693032386
103.33821723954799,31.193873558218854
104.02201055489773,31.714285941731035
103.96638502833343,31.717334225780796
104.87188556542489,32.663380943488704
102.51222253354143,30.244138054722274
102.59621465430605,29.875968536627397
103.10337005098539,31.03047387500494
105.28896929542572,32.93100004634262
102.62052265888455,30.451180529947685
104.47819512792836,32.668519211833846
103.69082230760526,31.278154591670663
102.65099465768776,30.426635034496
105.47160849891425,32.927105303622305
105.27511302204073,32.663595939346436
104.23198259018139,32.208980589940865
102.71757065252129,29.56586281604595
104.48075232916526,32.8606902210602
103.16732806118075,31.15409725541473
103.00420252173556,31.00258870728113
104.71939570688801,32.627958786811334
102.4776692121961,30.193179219310025
103.82869631761449,32.064295549696446
102.58608928325734,30.128656926921117
102.80610594148278,30.8788646135064
104.82721513652147,32.613250829243206
103.48138124141191,30.86714579719039
103.05792346223554,30.745770403012312
102.94276617881197,29.477203374810838
104.14212486042175,31.77977957806401
104.16547087155017,31.714428401518553
102.3512271674885,30.15216739452893
102.65850618852097,29.98663455958512
102.51195265205915,30.584578809066425
105.47161333756809,32.81303319260575
102.7995506632621,30.497802216236575
103.87205014136663,32.060584787771866
102.40618301629601,30.181453142242773
103.79580742379511,31.983850836328482
104.23849856393984,32.85743669079795
104.74627009389644,32.499710310579516
104.35768581108898,32.578216838969475
102.98871621853175,30.787712734848903
104.3437395367778,32.84239539096855
102.91910096578422,29.42216759546836
103.02230522887436,29.53956773019935
104.2234264480478,31.650663691522176
104.34646609913663,32.156307240578755
103.29192389190726,31.28456125089186
102.96802562526992,31.24787288878111
104.13494214887044,32.86274393498083
102.86559135112154,30.511023576822396
103.93713599682378,32.901975415052114
102.22975692994741,28.979082978195322
102.94348871430877,30.482283817006458
102.27144329291244,29.06998426559606
103.07549316449715,30.909453306278998
103.93146696765274,32.873945877212044
104.44683493420821,32.07355873476949
105.15840667911803,32.612113352084044
104.33902239031914,32.235932708737764
105.46831877694369,32.84250168084175
102.65553424562731,29.62133267851762
102.7814097769692,30.683155061065317
103.75400182281898,31.473618192474788
105.3853763865023,32.99301937713447
105.13008077633853,32.58415954945707
104.25072575156085,32.13447859995538
103.98896819240068,32.91650724700525
104.23089757899598,31.74188668073982
103.94251742481265,32.416572022190266
104.08558437378694,32.858098740243044
103.87266559920215,32.299477499994154
104.24146136146622,32.3317539368918
104.44209389027009,32.7337925114044
102.52948239769161,30.56683417892803
102.7317017857212,30.555830988920142
103.96512667070705,32.861349348743374
103.92934031120275,32.50469169413378
103.17004519962528,29.539188714854607
104.27369203515237,32.84613515343226
103.35319586165554,30.99248633225642
102.40687073015707,30.13921957117174
103.59620656411718,31.177693108187796
103.87557422598141,31.983172186728623
103.06152575732331,31.22172521251335
103.73468855114605,31.369916662574873
104.34482255019012,32.68727207407244
103.17166591763528,31.03955683891648
103.36731654418337,31.329896902427528
104.08176940651141,32.611463869123654
103.92721644152921,31.486327513324177
105.42950736245973,33.100481499670515
104.27153309297323,32.89285300439123
103.06795266515519,30.58880173593862
103.84905260063526,32.12784619191968
104.07345928188809,31.577811284496534
103.92194360281518,32.90139463563834
105.1516104082355,32.957554203367664
105.27945590986681,32.83315244660334
102.82991216708709,30.798637865065338
105.37637550855871,32.99533184659286
104.9957455384738,32.572771749905144
103.76630648790388,32.10553676500859
103.9096164858018,32.03330432518289
104.07511299826338,32.88037762118938
104.0025938537422,33.03553414178736
104.58551795374792,32.592137402242834
103.22558200834825,30.855243020391494
103.25964546501815,31.18646875559202
102.9127202185236,31.095122966606265
102.91824782727947,30.500872293923532
104.00691933140523,31.882616394104467
104.88984917768883,32.53691508421005
103.15931314551177,30.735493543123724
102.38429287121998,29.84118662421606
104.13273372065947,33.014482383029616
103.94061576568946,31.4758412308566
105.03570466517617,32.71372408012067
104.66977435103998,32.64612163313304
105.55577749259179,32.85492205219249
104.05910096773815,32.1529063480688
104.19961278809716,32.829735698675655
105.27105438884031,32.89712061030715
104.30386426732936,32.051637943643726
104.80385478776574,32.579956905551676
103.01189884218707,31.27407113276847
105.07057785810092,32.657688592783
102.22372810025945,29.073726813213508
104.44457781239157,32.10620934134022
104.53963696852263,32.88387147395434
102.68639536267291,30.24615680635077
104.3461369686413,32.077941092121605
102.85163629506161,29.51502899474373
104.38650726356855,32.60667243103252
102.85169404811245,30.671738004662142
103.96014248533403,31.821108112960204
102.79161246217696,30.570794482984464
103.1233181110181,30.678454417421268
104.5556658159566,32.689714346417176
103.07088524149377,30.92260871978347
102.9259050672359,31.202743544484814
103.38047410885822,31.40933905104066
102.92042556044207,30.439637014397547
103.94418912998879,32.18945245065283
103.92641354800682,32.263926382871304
102.731250476715,30.882793056838157
103.08054557679976,30.999908624549224
102.86005659739983,30.360305768153683
104.20317680951689,32.916633921368756
104.22052682376635,32.29347262599433
102.96892018861286,31.167423015701484
103.28970464004338,31.004897671836375
103.12308713191373,30.61790178492493
103.17942532218994,29.474342345449326
102.9986595868377,29.451466609456187
103.00752575484782,30.794904492510458
102.91499167641925,30.45106030701549
103.157501077084,31.055208631167407
102.42013601615214,30.219611960817314
102.64798074740409,30.404395127474768
102.52460212363788,29.91994581225589
105.0254261969512,32.7416769045726
104.03410306507806,32.11558327000874
104.09058709868668,32.694537197701045
105.3752751165442,32.814041410214685
103.71182378335577,31.30695361033216
104.07906508813262,32.90495428887779
104.03555702742426,32.22461816001949
104.86705816705103,32.712020917919446
104.03657424637288,31.443193885643765
102.98141729658349,30.52615949839231
103.10102075658197,29.483175361432437
102.54158782325305,30.160982382952717
104.33842683215602,32.101857656358526
104.29809550163671,32.70747206454899
104.4065889860554,32.536547311122376
104.94717094955456,32.68297162001456
105.11013589151433,32.614468439755505
104.25097522463699,31.72572874500404
105.31552775964867,32.87904044212558
102.35584184248083,28.872857309457206
102.98479627265203,29.431339508003227
102.51812992637937,30.26176893355339
103.22505198002504,31.161266290339917
103.99120690026696,32.96358811971732
102.98736844349357,30.713440093811474
103.92697340832905,32.18810562537703
105.52084627680748,32.8161845839228
103.02805468368632,30.824546944873717
104.50884513089743,32.67635640784598
103.96652672464317,32.61152245658746
104.06358955841225,32.89655994086931
105.1124078756451,32.86005223635281
103.28919325708557,30.869400150508103
104.69970777791487,32.488356513142435
105.11549076441702,32.57290837523223
103.20825524680168,30.710592917765403
103.16124949613832,30.79639622275768
102.6406456734966,29.710774534636794
104.97784834584357,32.70863544419867
104.82309132775981,32.5342473740712
105.47305975017161,32.83990198932476
105.42774947029767,33.01980291466148
103.2317560563379,31.205742556931096
103.95722901204569,31.806846453159046
102.57245614878343,30.36338633582502
104.61526304472189,32.60409829398486
103.27656177620658,30.704257973794277
103.87622673407978,32.19033425905766
104.01953320175639,31.67490515841531
103.97335187699153,31.8314037388861
102.94911025404487,30.70613255798219
103.91882218083323,32.28814610966466
103.26928733062357,31.05625200495514
104.14383825761936,32.966293568818756
104.39379965203328,32.86833441950252
103.90368825274955,31.449154209022794
102.46504112257303,30.220826459119692
104.12940635686574,32.688379920470595
103.61919890902549,31.250006330675706
102.70762034317183,29.65332617384721
102.66684540597117,29.64147006466234
104.54516196369707,32.626483837539126
105.22714365265514,32.60502762453519
102.63751025447812,30.10618282021876
102.61879486846087,30.705888550085724
104.00227094112675,31.562204127473734
103.33183442786402,31.168564016512757
104.19443513543544,32.24149357658102
103.89054656511718,32.473860929076565
103.8571486482193,32.439122075265935
102.38752334398603,29.12270019806168
102.41665523277315,29.829529828433824
102.64459038530006,30.607206184859447
102.57542523508671,30.752769119885176
104.93376121323523,32.69302159954843
103.33967201333373,31.413396026612993
103.4572757456941,31.387786357965116
103.81319106580628,31.409695696742563
103.87223464574319,32.336640644091894
105.27500983823282,32.85244354521654
102.87364644780962,30.358202605433824
104.7329093373767,32.60019589914937
105.0807454669357,32.696283582343156
103.11668202352405,30.874365424314046
104.18629796371374,32.58968484335464
103.63061826544613,31.191516609947026
102.99021772622712,31.104620737090638
105.26947404828168,32.63216819045394
102.34934773206066,28.941173585473777
103.38961457447816,31.1314447263403
104.77825550313354,32.78576432721709
104.10138719883106,32.611401302688584
104.06823759422652,31.464479331604423
104.10943377704011,33.11410804975418
102.49856969733763,30.315420382126145
103.19713862589714,30.81761187118977
104.22109102362073,32.2506033078756
102.95565341132561,31.167244866678338
102.69229958220423,30.74876427046011
104.532025726846,32.83547167749377
105.39360903427867,33.09957073789751
102.46687997110803,30.322220160146347
102.78794960473502,30.83767792160399
102.9621798607828,29.41600046732825
103.65662538129901,31.174094811197342
103.01811995935587,30.984586060394555
103.12838855549377,30.752412759545305
102.800297697282,30.84062390800841
104.70112178978174,32.45764294893645
103.30477823937356,30.964190417578212
102.39768623059652,29.022425372962736
104.51377217400625,32.80617559233228
102.30085905733682,30.148541363848647
105.45904141825521,33.031965420516045
104.32089181402849,32.9645330878263
105.10635792578043,32.91995337840368
102.50463204367064,30.05631684205641
102.38525419946141,30.163425713981145
103.9687206483018,32.817170252766914
105.48875979808876,32.921536437425374
102.96251835439517,31.265184387923796
103.9711109977023,31.378025645713652
104.60598895203697,32.5382698072279
103.64238403123825,31.270730939133383
103.81165847541415,32.5797264519241
104.18225375259165,32.86722351006094
102.59393449724139,30.17855418499608
104.73772941162443,32.6899442825838
102.3427218325207,29.035410981621
102.92068253575133,30.658209557237083
102.93549538592795,30.504265193774465
104.03053416722398,33.10727070349655
104.6791667404088,32.835621648341146
103.31952726425322,30.678488450986872
103.2869887726436,31.32608354886147
102.69721555316687,30.74507182258085
104.25561159304422,32.803230494265335
104.47240231805247,32.59398704302316
104.04083284682697,31.599021070639495
103.34975448471901,30.822746693152197
103.88066786649658,31.855265370072697
102.90763998651629,29.463522263570084
104.37771779338638,32.55978568571124
102.52071572741393,29.987267509215553
104.44063124229169,32.634549587171875
104.26477558223753,32.552477077212174
104.15915282143621,32.98157488291864
103.96308270589043,32.43845284660064
102.3407860429384,30.097785355679353
103.66268753813145,31.202109813063934
102.53041611143071,30.798307931949747
104.31247289897368,32.90815159709377
105.4823235201065,32.91704500788372
102.93390425015005,30.962706588563307
103.98994546349215,32.028115995284175
104.3968516440204,32.899221830866665
103.9508268952127,32.29504318703001
102.66364609904842,29.735301655717993
103.85250602891244,31.51290216897314
102.49962702886849,29.745428519639436
103.90101784749656,32.88173058412611
104.04096764648729,31.54342298736402
103.05064382765379,30.640349498161534
103.87026581603898,31.401015420329113
102.98936520423982,30.77716494919293
102.57883695436001,29.925431980650952
103.88267791492194,32.136848867066846
104.68342986591777,32.86996799416492
102.74371581467697,30.905107632026677
105.39093357677685,32.726034974338084
103.88325928081288,32.17887802169992
103.99986132846219,32.837203431905735
103.9160339612612,31.469608449564983
105.12498705559099,32.71840980173212
105.53234913467466,32.9830527376984
102.67298938768563,30.468386006080998
103.83855088603839,32.55093945330628
103.41303412375062,31.427768376357836
105.11693873926785,32.59756671983911
103.26397326642959,30.882122245339282
104.17576230677989,31.756347740246778
103.99291261156397,31.666222818062025
102.60028683331176,30.002597229285964
103.89621248336641,32.486883248741115
103.73927870639493,31.34413110823636
102.64370230312127,30.843846012525304
103.83321692057709,32.56887739715977
105.44309931421643,32.871104860899635
102.56817280764011,29.78851601315352
103.97904479643043,31.6138026955661
102.48848562146954,29.0041616379632
103.089221126985,31.118484066855782
103.99621421159912,31.969963359114907
104.12022327100163,32.39071547394832
104.20908875896954,32.7486688431326
104.05904300939855,32.01149924754578
103.02288796360274,30.531385736081035
103.77695201201848,31.816300339178984
103.7810929495523,31.44321918569163
105.43701641518722,33.019930106437336
104.48332747283655,32.85031577511546
104.62540841624843,32.72199354488341
103.37926361897046,31.372343572417126
102.54596783323953,30.1019032674856
104.31389432783826,32.74023212991222
104.00389092284286,32.32584909345301
102.58641864513088,30.43939042338851
104.24493621030312,32.63304969014656
102.68034402960782,29.973103544414812
102.67605182595575,30.56306924329843
102.71301741459105,30.24861414346959
102.83153198070023,30.366638047292582
103.1207058973886,30.956318613973593
105.51944982472214,33.05464177333386
105.19691489960225,32.66929655195154
103.21053361221038,30.974988294769997
103.85308141213179,31.468339815709356
103.31673520894809,30.64749061498317
102.827111490362,30.606103904302483
102.95114214520814,29.444338853814113
105.16673458399629,32.924436019260526
102.55265035053264,30.38905709185871
102.86651524486747,30.804627651928016
103.9106608834248,32.15691526029069
104.46660682399997,32.10511492884786
102.84378576128765,30.88061857733602
102.43780255837301,30.18220517715577
103.0694594563127,30.838720113073585
102.74730636335909,30.717295607003017
103.92994381682938,32.004944066721805
103.70701312604078,31.192427750798633
103.34216215338046,30.769739399678816
103.7926788957076,32.00907300668376
103.22898754313692,30.869293004228183
105.3988394469149,33.05393752880472
104.27710891790754,33.02100790260415
103.25373580369929,31.070422602773853
104.61405717487656,32.559825465743714
102.77569506693696,30.760489989817806
104.21141299344151,32.637196514398376
102.68495928680309,30.25792934790871
103.91487835418786,31.57614934521314
104.64337176732857,32.691110504051835
104.3233712622788,32.23643520780778
102.57151990932813,30.64895998230181
104.22943456286427,32.97530600924763
103.27753871409493,31.28890383256884
103.99618732326468,32.25639359994334
103.92814102890814,31.463277895499445
105.1021372461497,32.609395376777094
104.15869278093069,32.258547849811066
103.3110663227976,30.993870878332814
103.67579656773668,31.345797199962863
104.58463563736133,32.66701486881621
105.27860982926155,32.911404008439774
105.24126495989492,32.88457117512659
103.95470447189801,31.70824439184256
104.2039339299687,32.978981664929215
103.42614713676686,30.867203730268262
103.33193031319303,31.412645729438985
102.64978301208907,30.439000878766933
103.77092745415159,31.395192994127882
102.77542118131525,30.67035742973767
102.35063136311099,29.728766622645548
103.04904305417335,30.491974350799598
104.055389391527,32.0081835725997
102.56623293977137,30.28046149800819
102.51627706392013,30.422501106801928
103.97334266067281,31.670654458622778
104.47933195530415,32.87146793762053
104.14878852242511,32.457696006589835
103.05567659597774,29.562570409046984
104.40628451648954,32.65996104033922
103.12145204239849,30.790731620498832
105.43310324162759,32.891695316620016
103.78875563170726,31.391139669715812
103.03237582080381,29.49842281899722
102.92141415437278,30.99655280239441
104.24187588823224,32.76017310798825
104.20164853176459,32.65270681409108
103.65180768989971,31.22883524854496
103.93112385748027,32.762050733384996
103.4575454332966,31.36214341659768
102.5415173234243,30.166147605192258
103.87499834737191,32.54828539404936
102.92554900251017,29.61185399290838
103.90234136504229,32.26124724484316
104.05108667829892,32.5738884894572
103.10144009889066,31.082034394705943
104.85345949127348,32.803303405970674
104.33896480596947,32.96826522297125
104.23628906210449,32.137498909688794
104.17382341863208,33.08979121139774
105.6134282323828,32.98210444902627
105.37583737517637,32.864454550600854
104.08565704700007,32.0691442004826
103.16485809937014,30.738690883323063
102.47982567273404,29.98631822945873
103.32143476266859,31.01542653639954
103.94276343121575,32.767012775415246
104.33480571485717,32.29054557392967
104.09434048947087,31.758356494209156
103.9591834229665,32.694101572202264
104.37240769006145,32.09914277470704
103.93970367306568,31.70195867165601
102.98096567253518,30.47923817669539
102.89821110745459,30.756274594927508
105.47270088099738,33.08915118887715
102.94315002295154,30.803100666904072
104.92820671281235,32.52842955759187
104.50646361003692,32.50042368180165
103.37738397260219,31.255509119632556
102.33881265645735,29.92417722886533
103.2415959849246,31.26926519701348
102.76685239841252,29.632368066143545
104.11353326633711,32.99397685265747
102.98936649986922,30.48093133765198
103.8037743202773,31.436300954501196
102.47163683051251,30.44404013736407
103.31042602397277,31.12080396473774
104.35953553039955,32.60286017063981
102.691942072749,30.901745572425323
103.22835572839418,30.735159824915122
103.30228322982408,30.684837552751386
102.27771138546075,30.009845471864345
103.88948263491224,32.27775396251876
104.64474358465424,32.654263648933814
103.24609505585993,30.859678793867605
104.39898033873698,32.68598483095463
103.85832796976962,31.899537654753402
105.10993538200967,32.7104589435925
102.75205681595827,30.200938332756124
102.89261042689327,29.577554877512675
105.27043567719014,32.64917158713564
104.28118859592574,32.916498068486916
102.72852158182648,30.786965484667274
103.06693404126368,30.670326273326673
102.59061964222482,30.208961179358294
103.79820475589467,31.57551891834257
104.42193847506016,32.54942684822385
104.16447029091685,32.25242645519874
105.01571307178044,32.74306266026116
103.17797068461692,30.70384234769682
104.3345194066561,32.70663757669524
105.26389466836858,32.639405076732196
102.7129155010853,30.855067359854438
105.02041572951697,32.743613042774214
105.48142634311544,32.760696552376956
103.83953619024862,32.484542546629704
103.84622816160872,31.506739376860295
103.04163330957171,30.680431050787647
104.09186780387637,32.771014409050494
102.36422074078554,29.88841949465821
105.04827183438128,32.57351441786871
104.67827022369053,32.557462916491076
103.62034059723403,31.22709461509977
102.9641272605623,30.927870163057808
103.8199317784442,32.29000311092823
102.94785458054635,31.25268574082832
103.84330776962047,32.21107045839222
104.07013812185865,32.99903636490104
102.36918940436092,30.121034123234764
103.17460458164086,31.130673217556968
103.26041833754238,31.319546790049323
103.80658366108794,31.858258291160393
102.9202977283905,30.79295890369787
104.48975806702136,32.5109398559626
103.99091462666038,31.627666013243413
104.20680893610057,32.29433224109647
104.1126704581102,32.3984284706106
104.06991610142025,31.42508093461114
103.92352032153937,31.67058317078558
102.78059380217125,30.45583126959503
102.74274750047576,30.540058964260123
102.87817767749355,30.72441503266763
103.00688955950378,30.56211509247773
103.23581857501912,31.024190911295676
103.93871185443214,32.27580891335176
103.16301481460482,30.570163371144922
104.53848303611794,32.69091607532897
103.03670718531565,30.527212945640795
102.50948040186059,30.289124242800643
102.34296882645536,29.90278871372813
102.31692586082643,29.990644378100615
102.52071049500402,30.57079610698541
103.0659821775261,30.835361185916987
102.42023433444632,29.055191916301847
102.60416079091165,30.142995140117165
102.55808611255512,29.68586280000727
103.32335323057653,31.238250378977742
102.98820302418905,31.116416007177865
104.22538928886578,32.63215224778079
104.12468054473268,32.93263833835151
102.89524020642457,30.80760117475492
102.86867581487996,30.86417733993583
102.65139977096642,29.944524273240162
103.92264326626037,32.52331308594965
105.24039882137225,32.62978292482009
105.16481561610756,32.61556036966281
103.81191935640403,31.58505090985251
103.86473565419927,32.4831062208638
104.00353242298279,31.54716011121741
103.38092986033732,31.16724467688101
103.07557572844473,30.738476104327443
103.60771666583582,31.34360193113266
104.22922867229136,32.30627634175056
103.22625675697891,31.089421658116905
103.28600248245172,30.72417547078189
102.93636141414562,30.69049321690326
102.42559285495436,30.27161525015414
103.7551343168769,31.950412553292818
103.85365028552683,31.503378899071627
102.49658898311117,29.751395612734
102.28250645237806,30.08815516421208
103.23700927313863,30.850175609598868
104.14390179025432,31.70507234710625
102.72751585553286,29.640328090186404
103.74795633664574,31.40390139949587
104.31092723261021,33.03058604615195
104.2163195406021,32.190803566996394
103.00537955943058,31.013764390267788
104.32738257281204,32.645014741668824
105.26180544692589,32.854591084818566
103.92254765754033,32.02016144912887
102.7095606424363,29.571975055500907
103.14551056262421,30.814921608389255
102.83746666010065,29.609568201926272
102.8062878466933,30.723452077600456
103.10141888595102,31.07870289872707
103.87844555314796,31.695800253540398
105.25578741092451,32.694184044904794
102.83537290493133,30.362318952966156
104.03010143774807,31.665231256980316
103.21815099625488,31.23937877184645
103.77597982699493,31.31955507553492
103.61061546989508,31.145245015875528
103.12313953072706,29.50311419043903
103.29456539421975,31.027859045034063
102.9680317027368,30.628301174746262
105.1921130891756,32.678361578931735
104.484667522096,32.6204985267176
105.25718965741885,32.79026032714873
102.47582820692065,30.168791834272717
102.97820971889813,31.244204269200967
104.09429963008779,32.06256536919693
105.64959937823397,32.8768552519567
102.98415602294328,29.428246524020487
102.71920684474642,30.785471255115638
103.04458925569732,30.68831540376141
103.10122710764941,29.449267080496828
105.47511627357396,33.08638392172858
102.94703646911852,30.55763215931134
102.90871553780445,30.61728158252179
102.99850724758402,29.552706834418405
103.89367300619594,31.777061927770536
102.31278844735213,30.093057337295377
102.78154126052837,30.846184928357296
104.53673867374097,32.533316688954734
105.49973114080358,32.795937217942345
102.59456987181524,30.461870695621357
105.50939616748971,33.00069011810835
104.1300999133751,31.621755319759032
102.36124943698606,29.813684262506552
103.09489517811288,31.120526272604824
102.45836517924596,28.97016001813749
105.44710758023606,32.804095061504604
102.3261581466643,29.986747696643935
103.30086788566736,30.851690800560664
103.07259016345697,30.82124196314533
102.76326580782491,30.797397616911827
102.61775082781138,30.397467557314272
103.80105011079728,32.58715455014547
104.55103181926061,32.58005059753795
102.72496760386834,30.605037652618535
103.89717968320389,31.61760329211163
103.0482038602478,30.81545290278272
102.59594957020657,30.138422109482576
104.21336866701685,32.722246638018575
104.84009336876304,32.63418792956806
104.06217483763996,33.05021951819038
102.47519884170319,30.44037826381755
102.47964107348628,30.208807261369326
103.0810861901343,30.54581595132238
102.75059405189994,30.58337811966826
104.46179145189717,32.08991782272252
102.53923737765864,30.364976913323645
103.20066648857535,31.274624900468897
104.41109201943544,32.50368093168169
102.70107173984523,30.653473902544594
103.38662742894195,31.053501096233354
104.1079321250533,32.904127347619216
104.58235066331629,32.891612236620595
102.66959812271425,30.758281769926448
102.30704286543512,30.004336634335413
103.03111793457828,30.68307413133602
102.91926172918787,30.954561471949404
103.42675579648774,31.300838555466857
103.08992605540156,31.244686011356645
103.38839201382784,31.273131824909797
103.909542967086,32.61049025340358
104.16137657087104,32.955397467312444
102.31454110764187,30.120427805466186
104.95593332485392,32.55887518342895
102.4702042665532,30.044504368999384
102.95207563910316,31.16843230631255
104.16877908643133,32.877952098257936
102.79404211310694,30.451158300488544
104.0697383903354,32.105848920840096
102.65904534605164,30.333584560086223
105.01772648389213,32.73724552864101
104.33547518417788,32.78446422148425
102.47751526263302,30.330441435014528
103.9541966957934,31.843079381128916
104.97067495149679,32.60260753447408
102.7238318626945,29.612246756864973
105.33625508728768,32.986919596249834
103.00614791421482,31.3245567878351
102.55549054884652,30.62462483345196
102.9211818689354,31.2056480112367
103.9043728027576,32.84304322011941
102.65153261734297,30.842769037694424
102.44874753097541,30.22877060776681
102.93069386192883,29.521655428363957
102.87697134445695,30.74620569606391
102.54125239394621,29.740194498437564
105.23439269884842,32.91694182056755
104.5593448164601,32.69170124537243
104.53749166749628,32.763651384008114
102.68771295581801,30.573705149388932
105.13125253553544,32.94861070950952
104.5974017470219,32.77669608329382
104.24594203124082,32.62900770860663
104.6337479979853,32.44166674396145
103.33183387479828,31.278675125350713
103.45519617437475,30.852678100660764
103.35052370293855,31.346524723639746
105.55767124671517,32.95339832315768
105.03169876561049,32.68875826163593
103.86272792965875,31.767949632035275
102.8228070332593,30.634084340096194
103.02223795228127,31.00058301948438
103.70041554086899,31.312996656522305
102.97955827824082,31.018310893613446
103.08346565953838,30.456094674624367
102.5874660431742,29.943145930771056
105.1666756953872,32.6841832880932
103.14586225516514,31.256782516497985
105.1088216516953,32.62914248249856
104.04111322915368,32.281418219749405
103.95410315496505,32.30171642901739
105.3141991729026,32.992580969739876
104.3750291959069,32.927894611837736
102.92095594431562,30.828296895080733
102.94808471880164,30.667989875331063
104.87646676845198,32.736385700284266
105.39278356140464,33.0564002818699
102.2806766843235,30.012216549703012
103.95974604187657,31.495072258504592
104.0582317523093,32.776592857115034
104.87331121451422,32.57049803002417
103.9462768984141,31.496529119985624
102.97450147731054,31.265702965274826
104.8082875597803,32.680090958570005
103.81494849984938,31.349191292685997
105.34434215704397,32.99301961416771
104.01656611330503,31.93436627048635
103.311177547331,31.082354976677895
103.06380341845258,30.41282748619089
104.14924329409567,32.65236731352862
103.28736167923806,31.057390332927223
104.30984250788033,32.2774368284853
104.34228403120368,32.797847050199586
103.12478080477572,31.293822373556424
102.39413318061005,29.947297030081014
103.12409988889364,31.025841526864237
103.6357918772743,31.16369063309677
105.3872972292866,32.82529843141885
104.66689376087882,32.685674980750846
104.31699077087983,32.21965592900714
105.48293228283018,33.04214710323089
105.01710651883124,32.69538264031422
103.15788933088609,29.526043814411366
103.27947096022301,30.929026715656818
104.34025119015418,32.961245046032836
102.37859300510294,29.11294326835005
104.1137575562787,33.03834302887151
102.52228875296093,30.431080666370466
104.11635851904039,33.103451827282555
104.95046503627832,32.67118610441311
103.82189646740795,32.66852308021498
103.26722582005465,31.187707341644497
104.22349028436274,32.8741375911259
104.72629809658761,32.72942431022305
104.04133208114587,31.616976848613227
102.90723436657423,29.49860880703859
103.95968742706143,31.57027468433833
104.69523354672921,32.552541854511794
103.61568140770562,31.245177637152388
103.25029523676555,30.814751925162852
102.88520754634783,30.523309207404008
104.12972351093296,32.43889302427729
104.05949354249617,32.8258456274453
104.9880402894485,32.56325572492791
105.43137250609396,32.93770990708789
102.39440058310208,29.057126408868335
102.90069509083196,30.32763108868874
104.0554849623425,31.57641692317018
102.47743492001098,30.50005872856117
104.51426542544257,32.5795540288561
104.85718883848993,32.769360951718056
102.61886508983903,30.193094672042005
105.39267543017536,32.840025215722754
104.10733177141911,31.60741983212738
103.9775600905008,32.83138150176539
103.96234356092619,32.959376103461565
104.3314288641599,32.9503387656078
105.1114756614814,32.964926533300144
104.23446214777128,32.08182526366394
102.51263165542524,30.086109668897997
104.90231756457,32.64078187948955
102.47018045152824,30.605665313497983
104.54903638744553,32.529842795060105
104.07215399109975,32.709205558068724
103.84805466733556,32.231725839869505
103.13742726438547,31.01398443845512
103.24601701989825,31.26650382845195
104.81338765395282,32.5373957230016
105.43394935960666,32.944553968188025
103.16400308106948,31.24335417349105
103.8382894584334,32.52498306273217
105.22443533910119,32.62304403817652
102.61674611067444,30.413426414728548
103.85780728040697,31.469518781394065
103.99587921035504,31.63392663336705
104.35637867452286,32.61213380242527
102.57242433298669,29.79120270469185
105.42862171143516,33.09896284280753
103.02003905047565,30.458475397913606
102.56481994844519,29.79573122039481
103.90612297125908,32.34936983687427
102.63236247890188,30.70514005689155
103.01448918797753,31.2468443932456
103.0790711299648,30.80504549677963
103.81934707695522,31.320903482046226
102.82913158271286,29.490979609728363
102.75746772213043,29.607397462782814
104.33860953088544,32.96497294069972
104.39782142677521,32.688000828688125
103.36365763800535,30.818255460841165
103.93059746716249,32.15831534469809
102.84643508954308,30.869465310467127
102.59937928372707,30.189415364334153
102.67082078098096,30.522245553750118
103.94871854616444,32.78759941108539
104.85340761592536,32.53449186940692
103.95777162519339,32.5847882882098
102.9032318245006,30.68786168175293
104.12466805067905,32.18811948400047
103.76889855909853,32.01315366042165
103.15959148587173,31.00625512762064
103.75636437936411,31.383934567339974
104.37145429087423,32.58541546909439
104.5653758739645,32.86638113627575
102.96489854061704,30.52587113479317
102.97761713221722,30.496539408251028
104.1869070953403,32.17101747388454
104.37218940548595,32.55932499307789
103.85406861536646,32.299122637224706
103.15739439731597,30.751696731200678
102.45879345432472,29.04080309823699
102.77864908758323,30.695264800414723
102.29092618381935,28.978351698319614
105.46775719652283,32.97058818400713
102.9153084424922,29.49437080970231
102.79621139843775,29.502050150096284
102.40521941155093,29.811576611018417
104.02398839431352,32.304067848665596
102.36428428524306,30.22067357640901
102.74691613266758,29.54457103223785
104.41019592732705,32.745964800684284
102.9923109192199,30.45813282453271
102.44183322887628,30.132749901061615
104.06506555408048,32.88915829086941
104.35789506073117,32.88287056110548
102.70666884207108,29.555159782006797
102.55422378063729,30.582479665232743
104.86892766086693,32.700231725886496
103.81317225517331,32.60572018959209
103.86677876746901,31.9896005016723
104.95705323174818,32.55097030788365
102.42891814869594,30.06792337649557
102.65157226184279,30.42226620387114
103.34372674433217,30.86150792495052
103.26103418679773,31.068870038857483
104.59081107116056,32.46508430128947
103.17246741732743,31.09685618737382
103.8767938780478,32.28908811657109
102.60410360987738,30.41827341217766
102.67664568856712,30.377744588546626
103.38704010513376,31.294100453149643
104.06996339599642,32.76947467036296
103.97348754371812,32.23405199455189
103.20056696233058,30.864496261426183
103.30793819478559,30.882904994789737
103.40696083971649,31.14891931341021
103.27079852835699,31.078260265540273
102.8356438333678,29.528278738236967
104.21883985633818,32.235776801771195
103.08426553583116,31.170802552014823
104.096289843455,33.15614914427205
104.17714079294882,33.070717612046565
104.71965389126085,32.840071696877565
104.2640102847705,32.882299861031555
102.94563311525143,30.902852913665036
103.11642684743154,30.779525595820758
104.0757772575426,32.16405149448145
105.32977087220617,32.96794888107191
105.26478268872617,32.915693841372054
105.38006186060765,33.02288364787047
102.73145281663231,30.319122944806672
105.49005114057023,33.048663422864024
104.02796253572821,31.618228641816433
102.49623111636873,29.758204927622696
102.28589030300351,29.89511587344861
103.40188810259346,31.291216372399145
104.09201162072338,32.879930442251585
103.22814167153173,31.104237887906983
104.31789398051436,32.74245451852604
102.76802126902528,30.690018688850774
103.03064619730992,31.1763634990001
103.1653296641801,31.17512056489179
102.61251409997688,29.73395395546931
102.56818138456754,29.788711172869764
105.40305827128358,32.79158695884593
105.47293535447871,32.76747064253247
102.89342859220001,30.789328820381552
105.14488007988894,32.717542279391516
103.98659170893414,32.51326180915518
102.7601251963224,29.6135464803216
102.52809003451596,30.236683127453066
103.17130384317679,30.73703334338763
102.86069086788547,30.861306924944145
104.61002812858726,32.62876637123099
102.31225489069067,30.003429301852208
105.37912997707473,33.04828894267478
103.97820566206906,32.4148118985674
104.18676363083424,33.08223368795816
104.59063416040402,32.482715743505814
103.34683531938988,31.06822928065041
103.85006024747271,31.980306381342533
103.31314233118569,30.73297783274132
102.72032585630731,30.85762920471963
102.48327471616335,30.321216104850446
104.46096533311074,32.80507897045671
102.96185402577512,29.635210353264544
103.89269540474395,32.88848269468611
105.34277966049322,32.65366732076615
102.9266610003888,29.467297638686006
104.17555564046722,32.98725221000043
104.94921837249558,32.557596660070224
102.42482731136649,28.88892757275548
103.01349412524209,30.460906265337194
102.45289052847659,30.276677136950035
103.0158865025454,30.764602450869987
102.43514569025841,28.990184809604955
104.11214344257495,32.436566976358584
102.58081631156152,30.53946622657969
102.37466906298894,28.866961232466508
103.29619889641295,31.338535968776966
102.46356513519287,30.491752773437632
103.0067859377255,30.761846478327456
102.41904336056456,30.005050257391737
103.0068555239136,31.1119387901094
103.99110654097956,32.651453098743595
103.2453806209281,30.889214971757642
102.74206332150501,30.33796557015833
104.01991921307858,31.844038570515057
103.13995523742177,30.961078287075903
103.00098627453448,30.58405833496205
104.3070061503235,32.758268337266045
104.87687356308135,32.67708316446491
102.43418877173501,30.289512536091735
103.32659224699364,31.411724114903304
104.68855928201057,32.50923441160688
102.50316705124625,30.357459266114386
103.35500966358396,31.095501235157453
104.49865195276281,32.614620462189464
102.69501113894654,30.50339878005529
104.27467882369018,32.05186689729498
104.3102219573414,31.76312511095915
105.55613835031396,32.932081181902646
102.92474433734117,30.878916541991483
102.95349670410333,29.691030323084295
104.75985710297212,32.53277450018315
104.17026168406967,31.67566909012437
104.51550384198812,32.54011391610924
105.03314873860738,32.572245927206495
102.5653854013781,29.89624937442054
103.88954210023904,32.62404412944269
103.9182479581732,31.57187645918908
103.69878332432305,31.16688756201367
102.93334984729127,30.80722380114669
104.09195219804596,32.568919975830944
102.59034431432106,30.426808809011167
103.07186854361933,31.257989768963416
105.4855033516833,32.77154370662701
102.64617305348777,29.973259008187448
103.27240580153102,30.907720576588773
102.92186480985167,30.61100630881353
102.42089939495273,30.234042747773575
104.07938674977257,31.697717510206115
102.4932594645179,30.617539437222387
104.2882179111848,32.811517525367606
104.8518048296031,32.77239121599378
104.29558180487466,32.22550297611085
102.9154135382061,30.499912118479706
103.91774795263035,32.16791976593339
104.38879082991815,32.7101519857887
104.88584812778315,32.73693778933845
104.14200009885339,33.029166273020714
104.31212014168698,32.55624651919833
103.82948574509604,32.483111135002794
103.77524669343047,31.94685091501423
104.12182954446982,32.527121209447174
102.47931853087874,30.628130631144053
102.6927577791407,30.58968888450752
104.01834359814228,31.86283778276112
103.8222604073345,31.91526479692551
103.84773950905088,32.28516967846661
103.91413727748139,32.66686059075013
104.25702048610351,32.76915665358672
104.45511340505345,32.945224375804244
103.07321793860582,30.541172088159847
103.20526256935354,30.743605803724286
103.95850896523243,32.30797959235689
103.9222549549633,32.91293641085045
103.01256713792107,31.19563839680673
103.90478315950142,32.04424839275238
103.80388755943348,31.89405856527254
103.04220291229261,29.447664689843265
104.01487741303964,31.529338686936253
102.87690370309751,29.483396573219686
104.03149830666702,31.877235028750732
105.45000502802637,32.83060746294676
104.53702929647704,32.871585779330466
104.12521887713977,32.917801169083
102.53324218022246,30.12040197134608
103.86117075121288,31.580247157067724
103.9438265967392,31.874200968711783
102.74144296252975,30.563864141287443
104.0561521974706,33.0862004763039
103.60024117333417,31.174308384583828
103.90985662296073,31.4201181507237
103.88313047410132,31.749354298673282
104.31459350955855,32.51568539759189
103.96592402849959,32.29835662656335
103.96724840523781,31.5905380170048
103.84207670015884,31.898659075686943
103.77632407433103,31.91560049060631
103.18755235425463,31.281547726364863
103.97858043416522,31.963395713305268
103.8706029143138,32.529509080861494
103.88268695066724,31.520612913872977
103.22657994608173,30.783217798869746
103.31039128599855,30.639699349764673
105.31598494415545,32.73651048330928
103.19004622954196,31.234288253016203
104.3207077981422,32.0624919625112
103.59829031481965,31.165179778091478
104.8004825778424,32.637165814926924
103.8221649990966,31.51528571784466
103.17765928655285,30.616749446242522
103.75894017110619,31.86960233797908
104.3342302685687,32.89734051697667
102.95826651814853,31.044909240205328
104.53923000615825,32.525507962372465
104.01710065214945,32.07983470041654
104.09664911125958,32.63681018631795
102.408761946845,30.212092988779023
104.15604194910205,32.856590888238436
102.61624724546985,30.675723702405758
103.74398308788363,31.35003056874699
103.13381297986331,31.266091752702245
102.56638665692098,30.762028653262863
103.97854003795737,31.5714780100536
104.69688558366298,32.496530552428446
102.64094446842968,30.613643452226032
103.9939538268597,32.445732161857805
104.22151823502968,32.787667250404084
102.2673192917439,28.950027106571707
104.03721692691933,32.511171886409386
104.09740590175315,33.143310945140136
104.27155966559828,31.75854943908876
104.27869044664453,32.623173042884055
103.99605699315244,32.60933372846425
102.57822934409107,30.253025152401168
103.36163408474361,30.805888975786313
103.21787562409763,30.686589569833284
104.30592206764194,32.23200005910176
103.28332271336731,31.15760526879946
104.13449270554185,32.703455963105846
102.3539160173374,29.71661866026294
102.88272176920131,29.596869502516235
102.77923949795807,30.89324312744631
103.96308268023532,32.914985933564544
102.79705404159462,29.5062833128235
104.23787848208624,33.025452281504286
102.64110722620246,30.74218887219133
102.95666547053635,30.999001476596682
103.97845807855903,32.156980586772
103.32018472305364,31.175163700797277
103.92846816406694,31.625502563378625
102.44787636490466,28.95960120452707
103.9150008885236,31.434468674005156
104.15767458846504,32.69627476810075
103.77198852079258,31.9888549307362
102.36864710128508,30.219007579259543
102.61572773641062,30.70810729911166
103.30601682405305,31.399117546732025
102.48232292267122,30.096466967327583
103.04706576254787,30.635851469110218
105.43118770413874,32.89603196582825
104.66082566997164,32.74142168562966
102.6043409733345,30.640864152840418
102.99679109079909,30.833966179988995
105.59127073609396,32.95756877018123
103.57633027903991,31.12992361508309
104.74955203456288,32.68291187399147
104.48183230464399,32.73868024252973
105.45144318753573,32.818101340036876
103.0375551464155,31.27138013319027
104.2149550121188,32.795308203356136
104.02678509530465,31.86603722526296
104.24926751169205,31.768241747440936
104.59740870929583,32.81675287545508
102.96263443283355,30.516024566201384
105.27078755806835,32.81487222800627
103.74776058736184,31.81384171143837
104.02008867295162,32.43055699484783
103.89544764096271,32.56798324973068
103.31431346143789,31.27863882219975
104.09859843670164,32.391324350287334
104.35263946340255,32.590396640804215
103.98620156338444,32.25432619590184
102.61903155820482,30.29895688856662
104.16784903387094,32.363029549943015
104.652181510035,32.63003705232999
103.80873897144417,32.10876502188028
102.37022690703283,29.903627884033433
103.88757284815959,32.387754624767766
104.0621543106979,33.074523340189316
103.86207184316268,31.837181097527704
104.01105782984557,32.93259358770203
103.08484346416095,31.18554550701674
102.65517364123002,30.364476137555403
102.8408109165863,29.617289035844138
104.25328892128458,32.177513796196
105.27910490003634,32.758219322586115
104.05644400753242,32.10826737630352
104.63631725737386,32.74602709983226
102.30964702221262,29.96616319844484
103.76968824473805,32.112832881452825
104.20458289723494,31.680453898163123
104.49609197754815,32.67176874489202
103.69301745309896,31.905237051899036
103.79659184502188,31.899486968863187
102.7479153481174,30.70197089481238
103.96617514106823,31.450811152471
103.89173317136928,31.415750017280402
103.89869009124962,31.881813886109228
102.54167678115039,30.61350057243536
104.88178048381361,32.544742177905036
103.28373951236718,31.251019452052553
102.77262393693482,30.767337646013985
102.40091442282755,28.981817708561866
103.26291758848278,31.25339624436856
104.63284476621436,32.6276570890603
103.0283868047786,31.22306805613809
104.79870355233139,32.67626849330953
103.94675233303833,31.557497135502032
102.49937622645345,29.678476654890776
104.05430972105951,33.051486229530234
103.13436055134605,30.866269366551933
102.44702449113902,29.057635539839485
103.90285416318893,32.22065832911282
102.57987578974328,29.929695467950292
102.9447285193616,29.569030263586853
104.47436846549516,32.497229948652986
104.08026342666702,32.47797269703366
103.14187216819633,30.807595510428282
103.40426160736921,31.090028120364696
104.13894640486559,32.9843246813532
102.63007753851069,30.09698114616945
102.53864198643393,30.341168217545043
102.9273960266928,30.70976812198976
104.31991996408212,31.762601762052004
104.35208452274297,32.769854746849525
104.11696270100377,31.713001318075605
103.68700933650817,31.29287806906011
104.06844784690371,32.56597072857501
104.98774007304499,32.59472612340767
103.94692235944056,32.08411743249497
104.69170179680435,32.558242720228144
102.56773305312137,30.28902464623924
103.1695728696772,31.000916020307557
105.49133629305796,32.9861062042889
102.62634309708665,30.752199790048362
102.42672962921824,30.064053700406625
104.37735782947301,32.56996566516267
102.95767898020027,30.910872391745887
103.97723329157084,31.694341978596473
103.84423680463303,32.458991519411626
104.73804592171324,32.79950230671769
104.5553984291528,32.77876523821205
104.19988616446335,32.89609103101403
105.33894203322603,32.64503671365852
103.23529867103036,30.845827839524613
103.55208449720507,31.278246441390234
105.45408372742031,32.825403917527765
103.19590921137282,31.16540375662137
103.23499083236537,31.26444867529595
105.1759599109264,32.699750839117
102.5408151723058,30.59611154155818
104.00118887300167,33.022554556488785
104.15574141797676,32.866018989199524
102.66016313815808,30.37184920502272
102.45071054111634,30.214995351045975
102.54474534672282,30.76581796850932
103.35890430677753,31.313350205352716
102.56931077926143,30.512723282252427
102.81892315352951,30.565720983669184
103.78587410096836,31.488036966480365
105.29617831518888,32.73574337168867
103.70078902704257,31.23160206637332
102.90586952714949,30.573139356024598
103.85674483380171,31.99078766687047
104.09393931892195,32.10589340379433
102.37337207173736,30.023211688352696
103.6005617757555,31.195419388264604
104.8218108354333,32.51296284324839
103.10095769026,30.71698090636321
104.03976200440611,31.62223158338225
103.65233692126276,31.31009534754488
102.9186462054071,29.463562413791532
103.98504322501417,32.093143005684915
104.87375151519987,32.640329842224325
104.27387723009866,32.1603668085593
104.69662218265951,32.654975660733385
103.29237324206301,31.15083107238619
104.65841789878576,32.723971028717884
102.33232468938239,30.05481348512785
104.2670940743516,32.664429312759324
102.75305697562146,30.916207535376543
105.20800712345671,32.92105943282367
103.34251137226383,30.988544212379132
104.16741185361508,32.54206961028112
102.84794475555886,30.844018889312174
103.56904213844459,31.1947498756581
102.6130464872677,30.45888692013261
102.53855150681967,29.851485517697064
104.66969458685406,32.75008396641373
102.54668540689768,30.367592738525328
102.88117614370142,30.80944635242266
104.64173623550904,32.8327376743459
104.14635972752492,32.21195149271124
104.9533245321491,32.64571759919096
105.13158779681574,32.65145585599509
102.94417351428056,30.765747229903194
102.78721310466157,29.638620452480488
104.24345263400862,32.57504749485683
104.12414701286225,32.69567701834676
105.3388283764626,32.64556901663099
102.54949713997185,29.869344998369865
104.00653656157827,32.43496671973631
102.49027074474517,30.589654222105782
103.79408792062351,31.41129349427689
104.05778170573811,33.10345720503908
104.3373960076402,32.29209040871272
104.14909412224328,33.06568051952791
102.41624649559994,28.885912584726558
103.17068825166406,31.21062579970448
102.47732611418019,29.75707015972825
102.3771171953951,29.887497046167137
103.07390900467739,30.854792726030436
103.90320262406667,32.65209354093801
103.94571450697653,32.39962009139247
103.49541436634037,30.90061317984272
103.01078612950585,30.738013257294092
103.80161117703196,31.425915932520475
104.0159139904821,31.57378615448772
103.19292429716663,30.80850389005215
102.51900408484713,30.680776583086836
104.14566290630577,31.753806517184664
103.95323428262994,32.082441967791105
105.3142539302928,33.009397731334985
103.06512057080897,30.612047486058675
102.38133040249816,28.961579183132944
104.03670284466223,31.692711890077096
103.00739845689847,30.67829090152611
103.93020302010044,31.847121397848657
102.90293713912992,30.652837401996816
102.49653321258592,30.485357703855136
103.0646401754878,29.444190051820986
105.24720062715,32.60559788364044
103.15954557895714,30.790745876611734
102.55983995654982,30.60746116055205
102.23363143496168,29.074586450364322
103.21870728180896,30.66788838188117
103.93492605830393,32.89952181797891
103.87632803009951,32.02887186910603
105.40787570839908,32.897283121579214
103.98081276680064,32.84717116236651
103.18072609936614,30.54272043110514
103.80264832236597,32.102420160842826
104.16705471705949,32.397980075154045
103.69050458541784,31.333860083843152
103.93345476224401,31.478804292136747
104.17911063256041,32.18317688155902
103.00975879355104,31.02748260611057
102.45396894573518,30.35177450028749
103.7484855728152,32.113813914617374
103.17257635259945,30.557779940310734
104.0809993072312,31.462447808383637
105.15774334336756,32.91071747200535
102.5315283155057,29.675697259644906
102.62286050430099,30.651981599656484
103.09326352272785,31.247433010196186
102.29395130872703,30.0986676089911
102.84048833605613,30.600472894340268
104.23650679279112,31.730390466626872
102.24261087294637,29.055165822181927
104.08345402581575,32.13333671857371
103.18316224330097,30.894480888939718
103.91134536979186,32.85732354409606
104.08154770294168,33.01718414847721
104.02928486629646,31.59869213484041
102.8810160167732,30.632408520965647
102.49142841913846,29.70803185076499
104.91492773557344,32.56103985829678
102.59930744070242,30.597034556194806
103.13783411792392,29.435815739979567
102.29021973837467,29.840694416004535
102.65723651292744,29.733966272692864
103.1721742336556,31.292921980092242
103.707114398088,31.29917827122223
103.29166707137817,31.118415126974366
103.7475291163042,31.455034265269248
103.00545670084422,30.712202928498087
103.87953585073603,31.807470025208676
103.72153312522714,31.29923697617412
103.9557158248992,31.88477762608138
102.84837047601876,30.395997909478233
105.30706264095647,32.835429137779435
103.73881248230248,32.121999614909775
102.87826471740733,30.702167727665085
103.32957586555098,31.182326879961433
103.94979585707924,31.915598810141443
103.02708128275421,30.9199374604221
103.09118217337355,30.878590378320293
104.225941223481,32.84105905833959
103.95344694453551,32.550563651589265
102.45212367900217,30.007036690693315
104.84261138619314,32.64587276220764
102.64316791587386,30.371463012440245
102.37687205248197,29.023644634907757
104.54876753506244,32.87392234662627
103.33190848766775,31.239773643089272
103.951077699421,31.55611557871529
104.5107337355713,32.56319948720473
103.13258144689351,31.193903721521636
104.8286633569134,32.780620644893
104.43421703078064,32.70376443190849
103.84505207775906,31.749476901028352
103.08399126522644,31.105536924613446
103.838082960216,31.301757436656622
103.18522934961302,29.54194848937547
102.40560166806434,29.929840179470432
102.85614552635113,30.48283048038616
103.26145060359369,31.16213670300357
103.91347519288374,31.58730603461064
104.98530092859707,32.65120861417995
104.30288078514614,32.055027172615965
103.21065609585501,30.672677268771018
104.16898313765267,31.738579122153833
102.87421271661651,30.830202797729903
102.92677456311073,30.58115789783943
102.653486024216,29.99467136229603
103.24077348343087,30.956164417110454
102.85038098054488,30.722851964318625
102.50386635140704,29.987820811444543
102.58199269892181,29.953688719197846
105.45750526680136,32.986971023574796
104.01868766995256,32.55585427135156
104.73206747717768,32.67970932739685
104.98855642182735,32.70993852873034
104.17796338602294,32.72880056414767
102.50593613116139,30.571715701548882
103.35271464396656,30.707997826369933
103.91823385481098,32.56207073537667
104.21451855963225,32.75768150941936
103.7416944582813,31.807772095215874
103.99889226842355,33.10849481762914
103.74590942789753,31.261788297209662
103.07634239645797,30.813209870024597
102.57302323704157,30.131269187253945
104.89974970847264,32.63103626857469
104.38834473939906,32.06680872798772
104.59914022023365,32.677882440439745
102.45188899083568,30.545017594502394
104.9070489883833,32.5433628566969
102.69393404506192,30.889935922455706
105.37363026525846,33.14503112009838
104.96981155997929,32.54187147765461
103.18208075336241,30.56340152378445
102.42479465490722,30.10162314139209
103.96471093167212,31.621126074770114
102.78149134068478,30.61107953921641
103.3262560502771,31.099910847172065
105.04212977282329,32.659468180834
104.3710055944974,32.69756792081571
104.87885433583456,32.54251670241359
103.36213334115625,30.852591223893135
103.91560200859361,31.841404117856534
104.05086506929815,32.33771425660372
104.33177176955141,32.58153156720583
104.06110721584626,32.99107183030367
102.86180304534287,30.786019527256887
104.05207573691081,32.35603702414333
105.48207858672096,33.1115301117289
103.33356680871024,30.983159015969942
102.91040988959192,29.550915366954296
103.93081868428386,31.847696267281584
103.90830275415652,32.827696624755305
103.84779502745204,32.22167380650592
105.41086125925416,32.73552434030845
102.60552179942181,30.66689534848125
103.94793643347502,31.369900233936026
103.89782587747044,32.49324771911919
103.02966188834985,30.78156790812876
103.734418175519,31.313050434227215
104.23818345055838,32.666398676372545
104.22472804974926,32.63750260554278
103.44424279844107,31.33430385496106
102.90383233072745,29.579027623974213
102.95083385873718,30.71785800641941
103.84487710934907,31.76565557850441
104.09805405848155,32.33851599547358
103.98291711535741,33.0163558409834
102.86183044750743,29.607002346985354
103.9615731564073,31.80675268385401
104.96465172435752,32.59474599620733
103.14283395890241,30.686214140076565
102.46395788929637,29.844278553489954
104.28804975638336,32.97775993415238
103.97513810687398,31.630555978421505
103.60755759785141,31.257392656473176
102.72272538302582,30.922676032197874
104.47306794701814,32.60310708399116
105.5204135999482,32.805620930134765
104.14362125298247,33.04573910026139
103.97515222171558,32.32170820105417
102.8708029260211,30.920177564813685
102.93159776365997,30.909874412659214
102.69293002731142,29.660517679649924
102.95194517262692,30.69371044159298
104.81252904540031,32.65618077592288
103.88305383440824,32.30377188647249
103.96761432076417,32.31606478501345
104.01211443350371,32.91998351032346
103.15866960351991,30.912397380228658
104.1362457538598,32.881245596278376
104.23785309352708,32.74545744557857
103.94043539294131,31.82505092394243
103.69270970445625,31.895130733521434
104.43366993728569,32.666048416935666
104.02170288612093,32.735738539114955
104.11778716645887,32.302031997740876
104.0315384305263,32.10501225655617
103.26043276378549,31.241850701791552
103.04141915547554,30.645932229656292
104.21265849597033,33.05251158380037
104.3355641220244,32.978208268446856
104.81436004566282,32.791123653232674
103.92542373597092,32.13688908748261
104.66630978630869,32.74413508950756
103.84614512470903,32.434486539568795
102.59087767715407,30.2353393779197
105.24624273904436,32.639746364500915
102.94336250652805,30.656979501296412
102.63274415962319,29.971987632658763
104.54019793681208,32.584311209780736
104.98485681332413,32.65700817612841
102.49243258463886,30.25899230226951
103.8328605583338,31.595446186995556
102.67641624971631,30.502542227961417
103.95031994758286,32.48866472093023
104.30365248342129,32.850475953876746
102.45612749500998,28.895746885774393
104.17963271414901,31.771509645688134
102.92338644078518,30.68875416493991
104.37489492195151,32.28362360475671
102.47616627681832,29.987561491870743
104.3586794075082,32.63467644942948
103.2169198062238,31.234594354324592
102.72709296683472,30.534811963041168
102.37248278565235,29.920113051274463
104.56134831189023,32.43009992713627
103.39024149751485,31.12982899665241
102.48509234663712,30.676614945842104
104.10497788667956,32.976957607084
104.52029078938676,32.49675476299073
102.83111223518557,30.66233417563374
104.0330964106938,32.20783520336414
104.7171170557443,32.54017371238344
103.85701114298405,31.989099522492438
104.19252423263944,32.7278728419339
103.9040538181184,31.464324125906277
104.06049972009079,32.65179444913713
103.98814177690367,32.47138821833821
102.87156569070139,29.55598727233236
104.21184910929722,32.20743550243459
102.4395583920708,30.444777389026154
102.62741376889856,29.992823887876266
104.04354344904934,31.83522708174908
103.22061210503641,30.9760124599954
102.78191740210893,30.8751227711381
104.62222504912587,32.739317925541194
102.91683982434549,30.660733798810597
103.11492854576294,31.126016207062435
104.35388403677852,32.30136649555934
103.04512828394947,30.92510067639221
103.99663230318573,32.037742002640236
104.3926076661425,32.963510217198646
103.18773215856467,30.994329830463272
102.3887988099738,30.026819615226312
102.56673771951837,29.982033414315598
103.16842974428856,31.105776925452393
104.53815576901215,32.609603850076724
104.78535738579174,32.70918974743328
102.64108759650617,30.34038649531385
104.23808956907814,32.9942734038195
102.30771235473918,29.92651468070654
103.29764315875194,30.736403322316423
104.48391647347106,32.79556966681706
103.1582407471528,30.94029956169493
105.39970934453547,32.825245560053865
103.05935337111019,29.558478808033968
104.65457273432432,32.52156003016142
103.81854828426884,31.965105382891984
103.18425785216,29.517430076804796
104.93566953465523,32.64884341084455
102.65200744897581,30.264129574746548
104.98279716079871,32.57945075617894
103.23900596150855,30.7937444568114
103.85256327130392,31.439861535296757
104.31728961068978,32.721837707734494
103.96071912045996,32.230768229078244
102.50408491436903,30.17129809145128
102.43967988826782,30.120002155492802
104.08835130684061,32.24932991237398
102.51278307473284,30.110284545992684
103.89180725819305,32.8981122302397
104.74806516142144,32.50384101813994
102.62218000760865,30.60194210443249
105.21994417202833,32.679090148571404
102.65380617053316,30.11065324783024
104.61287403122975,32.77772404107231
104.0459153296513,33.05904794019608
104.23344521621166,32.08527247617776
105.15266540621094,32.980946719805814
104.47319671201502,32.59279519678081
103.09327235591633,30.935194464112325
103.2484873702187,31.365952473542258
104.39189887174165,32.07904426547551
104.26465142707481,32.690682446042395
104.45145110530221,32.57396895756834
103.35420097199277,31.285905035290977
104.18858980064986,33.0700916748239
105.26541820338934,32.89065743931682
102.57353364717596,29.857649601217343
102.9756651113531,30.379438245997964
102.50156703154839,30.41096514691796
104.89883138770092,32.599774356792224
104.34550870923628,32.86093707893172
102.73187344381374,29.593822753105798
102.83919478663144,30.69764807428731
105.22852993828153,32.69554379229736
103.13264944536047,30.595370553373996
103.89774573741202,32.51698819004305
102.79455771514309,30.902588454774182
103.80538012728067,31.578035470345394
103.66653460469324,31.349011130754118
102.44257837310998,30.34085630901266
103.99238508251689,32.970724999629
102.5412037979113,30.142833975949653
103.37670682413051,30.909431244458712
103.9442247887642,31.909093376159742
103.93297200038131,32.6667301249836
103.37507247816917,31.05783745941725
104.06221251496066,31.895673629879703
103.15663689779267,29.541785337218744
102.63626502902845,30.40999705254092
102.94822090501111,29.692356823807547
105.37769407826018,32.951262949450935
102.52723845713992,30.338655738153886
103.86082539420248,32.550363832507706
105.46275767711428,33.079552518724114
103.84531536229017,31.436935222289787
104.2729863439912,33.02980302434931
102.92676241639757,29.51433956985006
102.95532877385818,30.702311169044886
104.61319880834176,32.79573433823429
103.03664849655601,29.48240596235395
102.9109537401047,30.918348825271504
102.69892552709136,30.684836500565225
102.36358254655167,29.00199205493918
102.2738636447559,30.07249952882529
102.98390188049115,30.727646279877668
104.0361751090225,31.97823275906993
103.07563718286738,30.95069908694277
103.54582669232003,31.086516727875715
104.70911844368024,32.55268002120236
102.3829120760765,29.09733096756626
104.3966164030562,32.288886888574844
105.31231767740573,32.87773895053958
104.6175107646258,32.51501962508795
104.07403407990792,32.85636214730506
104.26569173006011,32.11943914138138
103.17893355818985,30.993780923398305
103.8057711849796,32.09001447347449
104.1643535822775,32.387072970644724
102.35020104521708,30.091135427459363
103.12198398495097,31.071104281852765
103.0657649129779,31.05534676357552
105.00802585417216,32.71735730660966
103.19621353175216,31.316682873401007
103.12819814723412,29.485263042641026
103.93723352283789,32.090899299713755
103.04359044139557,30.460045394686464
102.97994411634623,30.519557381573154
104.23406541824633,31.738297552362457
105.18182800199916,32.60867931263448
102.2763717855944,30.086778190876156
104.17349486359363,32.217799224812865
104.0743658338338,33.02203758435404
103.27998407632067,31.04567088954282
102.38679573164076,29.74061386473863
105.1023282036512,32.870084459710874
104.26133614623427,32.69687777954927
104.71698781111256,32.742883263462986
103.29589892429249,31.23378044652994
104.11577579253233,32.564662135439185
102.40429059027099,29.76894377041018
104.67973009565006,32.5520555080135
104.69727455206785,32.83244504131496
103.96156598726186,32.52553110319846
102.92906058214346,30.687949984171045
102.4893930128557,30.69829283948585
102.98518577606154,30.576078853841814
102.72569901091502,30.638400730739868
102.79832816712111,30.678909231295762
103.72195139503422,31.23887587016403
104.43385028309746,32.731738094608275
102.62123374721227,30.61725186484656
103.6735405266106,31.98293257779451
104.39580784247985,32.950406447575524
103.29472531928513,31.10174025314213
104.34842235973541,32.791478814253814
102.38180052576718,29.87577433716132
104.15649259997384,32.69098241933254
103.99071048472915,31.9261452201358
103.9025215932371,32.003547260778205
103.08267910436318,30.65440538093128
102.33806199172639,29.83127428318782
103.87892287109453,31.543204452091015
102.6794165484585,30.74339560617583
102.43123164135409,29.01577144478022
103.30219030425354,30.78671237091802
103.8347660661327,32.444006729215
102.42124061517373,30.22412103356812
104.15044623963554,33.065017671817564
104.67196400590711,32.78295645001742
104.15205342317043,31.649973643985664
103.90301612358638,31.584708268044317
103.22865908749041,31.10372153456618
103.6646287306161,31.149378712709215
104.1721507873745,31.719705111488135
105.42712356520066,32.93022356449835
104.3762859258783,32.9082087825839
102.97057999061636,30.476157916711358
104.4653165906717,32.62981753801818
105.30547987262528,32.83059755367886
102.57912540356632,29.993791056884493
104.15729559599714,32.932718228292515
104.55243155603505,32.821907173448665
104.49678183374247,32.66545787449189
103.01963881613473,30.58904582765988
103.25012053263418,30.975995481040513
102.55026679742997,30.114788579209254
104.35601184217407,32.99042597295816
102.93494321393364,30.40324883852997
102.26571700703916,29.067673015945672
103.73354561340787,32.04615250943351
104.1175726317515,32.229194323073884
105.12312614022615,32.65113209318923
104.31593359071344,32.799855190007314
104.63894020277364,32.526018890902414
103.96255673193775,32.12664792910039
105.38345647923072,32.898436333851976
104.62275909444449,32.842403850698915
104.23761490475502,32.607287446254475
103.88002396290712,32.04495612353506
104.02902647644513,33.08184380889211
102.4658335170855,30.535265975706942
102.4056973581631,29.01139962453031
104.00087597761531,32.26826840087907
104.60111962400617,32.88759274246336
102.70204625329009,30.872989405506107
104.15628266739499,32.96820257072766
103.0226800446408,30.94880267455609
103.4907197767182,30.900691525238656
102.51210568928369,30.317526553430028
105.39618590458973,32.96609302564189
104.71369080755638,32.82763588727358
105.29084417297665,32.817817754516405
103.97318012694652,32.86532825097449
103.2210848163397,30.98792194988961
103.05974429797853,29.446229403708973
104.02227617843239,33.06187212645979
105.47638786523942,32.77313343757503
104.41909208051281,32.76872203854206
102.39768918765309,29.086344593462883
102.57657321563616,29.991669509622692
103.32515262349408,31.347562043750617
104.3613829985735,32.27107708107125
102.4163864299578,30.138305056646473
104.22974223551994,32.95938865790858
102.71449393823629,29.689925763279362
102.54533700529974,30.25789315608804
102.51151356103057,30.686112404805762
103.97148666134238,31.89428860933831
103.95876885411285,32.517198330333464
104.66716361228396,32.60951370998316
103.05795452710592,30.513900790800957
104.07513397377348,32.362361596655894
103.02060873928416,30.424269769531232
105.55233898859635,32.95315013143099
102.62457563135666,29.98418876571471
104.25482301757529,32.614977856234155
104.11385011987934,32.16994688136655
104.01953304117922,31.957376552116088
103.18293812524693,31.30637011962712
103.06246559415324,30.964799903202767
103.40568013465908,31.206679067562362
105.52190179189677,33.04652555187542
103.92606963410047,31.79303769679921
103.22368520221701,31.30629448762639
104.09522000270779,32.547466041983604
105.39180448530053,32.77889822469666
104.01072070120807,32.65794483877003
104.18384298274846,32.281227947657314
104.42843177070654,32.660476576512366
102.93191515733933,30.951876373198587
103.20070126785569,31.33130166151861
104.58665695239067,32.71482904308665
102.62858325854306,30.438567473540665
102.65834986929343,30.182270840031393
103.08725671774287,30.937171771543802
102.90890539359103,30.873022208585546
104.357463437814,32.722621648119826
104.03721807935058,32.27756198354885
104.04071991629014,32.9738831482929
102.92603104131712,30.69377941216895
103.91192919003011,32.09973276311194
105.29462295987582,32.82142929558128
102.5479012026851,29.972677438414145
104.50052262841257,32.59643228408204
104.44542103374955,32.5621687202173
103.12653828004487,31.272779301114166
104.03207978628687,32.66593785852008
102.80097654893531,30.540700077103182
102.2843908360367,29.89291102430136
104.20545338855013,32.91840174201511
102.67467687397281,30.638999264830453
102.44686167733059,29.062388184201073
104.05448578511323,33.014596025185725
105.48506347676101,32.765890958905885
103.88758989982561,31.8610669027769
105.27392246414833,32.87659570578275
104.38089581548667,32.80804008541743
103.00600406056894,30.959625686724465
103.81562867859178,31.317032509140823
103.21669116242128,31.07230808833577
103.19058572590497,29.525258622970888
103.2974595106464,30.777587207308606
104.70899679896252,32.780330584061126
103.79989556932442,32.106143598475334
102.62191276828496,30.285136634494755
105.34515637376073,32.72861932791116
104.33910400132004,32.974435669657275
103.0946630862709,31.227680111759167
104.1822815881891,32.16223436377692
102.4199068594137,30.267142394445262
104.33484628942323,32.30064001767061
104.56531028562013,32.843615152451314
103.1140057293768,31.10795045099917
103.56272233882329,31.218688938393356
103.0094064152822,30.96158601066482
104.12613758274269,32.830107304174874
102.97061178986003,29.412400478311955
103.5994990465587,31.131432376701117
104.76561119240843,32.69392032365869
102.71416637946854,29.5518889046516
103.9983471546761,32.62405049064064
102.38828560272492,29.966338714170618
103.86888969568963,32.0090458806047
105.28490843812845,32.90334401876338
104.95941509062652,32.63634817290338
103.83924604660356,32.25409329465019
103.98094863484604,32.626874162068425
102.7341458171896,30.720707592318497
104.00587718684878,32.814682949941044
103.04281050332456,30.948948442935098
102.85491483425125,30.602714117809857
103.14543951500656,30.60166863180897
103.22366197638897,31.328349746466063
103.75585044514888,31.47085870394813
102.7226242151462,30.73901411289607
104.18287688082572,31.740105605718135
105.06449337680728,32.591890818239754
103.23571839499405,30.745573978744364
103.0911750826532,31.00897166473465
104.05043584105951,32.20127859876493
104.04510748901122,32.645572296030764
102.37449953339713,29.856452711608245
103.0137934052402,31.023835848059377
104.48314511717842,32.731570387598566
103.94986453100378,31.67546425112224
102.70104628738069,29.598085635697704
104.41266935804806,32.85019005113355
103.18456126975299,31.123597284540605
103.94002814638309,31.68321475954311
103.74695566437703,31.81084934905691
104.14424501606263,32.22093428429437
103.96361604264905,32.38867627073677
104.42908984319828,32.516220756867874
103.0134900578616,30.698851738905216
102.9695395357597,30.918149036332075
103.18162701049364,29.53231381931724
102.6853724811463,29.599930844152247
103.85371617299727,32.272017625435836
103.90225900257226,32.189232701555376
103.21426308719946,30.645437939144237
103.92972491117321,32.320237652564586
103.99282429958764,32.004499291439444
102.8562295551961,30.93468137503012
103.84450461896809,31.932258527883832
102.6824505983354,30.50629022695321
103.76070652668601,31.983053244955403
103.18260237312431,31.227319148764394
103.96316232724324,32.7688899080124
104.52575632530991,32.66116419575857
104.33537303593717,32.07737544552673
103.4205805166145,30.877596106287967
102.81736565512496,29.6232598292923
102.75366399038538,30.26138809090299
103.27806784960956,30.820264831109903
104.75400712686188,32.558166690145825
102.864703084103,30.504578253077042
103.78499584940346,31.79227259450766
104.20603810461175,32.864638648360575
103.75466279817435,31.854757801021726
104.74090536374779,32.759536100364784
102.46899731168908,30.53989898305296
105.2139662856701,32.7938782643125
104.22120355042657,33.0220581714146
103.69921027598772,31.934045281929475
104.00562309312123,32.76996144436787
102.76523278906984,30.243106953285174
103.86342666493432,31.993957074319074
104.28553572732123,32.644115912019714
104.40112330083045,32.55245081021753
102.6108454510867,30.587000699697064
102.86279778097084,29.568189892988965
103.39605154801318,30.846380096772634
105.28651536022805,32.63492497350479
102.5706532168084,30.760067753943886
104.02657424329139,32.873063943633824
102.60634246308028,30.35634219901938
103.35375359891344,31.098353879780117
103.03874235105326,30.497484434914508
103.04465910976491,29.47765924657487
102.90944279529793,30.885693902650388
102.92285207560103,30.483027365286038
103.42196242217949,31.192041260470354
104.67783510581803,32.77441599482541
102.61144116160912,30.26855143697733
102.76708000671614,30.560703429615543
102.45489059731885,30.42420883584814
104.02610786070306,33.05477541808952
103.40392705605751,31.278097725292476
105.26337250645386,32.67496181036248
102.77972216120575,29.55658678014359
104.8546384796729,32.70594033416928
103.39241065571889,31.14767544531972
103.17674981121299,30.922060047150264
102.60934730355721,30.565841849109287
104.84997486216803,32.51120521222983
102.69704815637074,29.583511605250084
102.95100278185032,29.485485259901026
102.90149348556578,30.518109261427856
102.79080210477085,30.509427994140243
102.62646653645075,29.657160807792472
103.62088471487252,31.156660932427318
103.06294087582938,30.472307654034907
105.48238484875928,32.8266957649975
103.39780309715329,31.350567481877
103.0419927527334,31.049317419978976
104.12175814595034,32.96305999469361
103.03566791243775,30.76737466715724
103.77988514284115,31.445824103495717
104.20528183780553,33.04833927970719
105.42317702987434,32.91286251997977
102.6706189579421,29.951844878354684
103.05645387859506,30.668023437468953
105.08609205141971,32.8771083294529
102.72092402333506,30.20301062414073
103.76424483201096,31.917150717925725
104.82008378788822,32.67535890802989
103.94540698527682,32.6927303272051
104.75329350183333,32.60108866591357
103.32786886978761,31.09026500377424
104.31691769844132,32.53977994027054
104.91119545207818,32.57660356311962
102.36841516265211,28.942122129272448
103.17406469816179,30.665627216508604
103.79111981730433,31.531600496236322
102.1989630419819,29.041098459498144
103.92482872684997,31.5085928456099
103.19398839514436,30.771512047151568
103.35436387215503,31.078742887770947
102.5384968080704,30.716185212582275
102.71483104976376,30.19394885351167
102.53304034476179,29.8816306918693
102.48131161979609,30.604354249527603
103.2144062288051,30.991020283841674
103.89408889773605,31.41984496443059
102.62985098438732,30.16142403180348
104.26791465155905,32.121144274836716
102.98010495812909,31.165161787827213
104.37746907973893,32.31614888625666
105.42303198238893,32.94096321952413
104.12571087261564,31.744047968688207
105.55558387026015,32.95647738284774
102.59435323216961,30.486088606376263
104.26294533347075,32.63195183053549
103.04799772049512,30.538757770870617
102.51147730429113,30.695369680810266
104.18080948794058,32.8463668155668
104.17078697915463,32.199526104879425
104.4776588511079,32.83963312057877
103.2402469375792,30.810830363032302
104.32197988777624,32.70079092533762
103.20431999856015,31.153328803064582
103.91005753831848,31.784334271257567
103.1573203710165,29.50785951598927
105.1691965860953,32.70637690419337
105.37538952091519,32.89551665580322
104.01975359293479,32.22449084027079
102.50645880818351,30.595318108589122
103.01503564650694,31.185305721133012
104.08830316487769,31.453459522896715
105.2800338907377,32.679212460779205
103.13703175283646,30.583921818872767
103.9992033549797,32.08855355907414
103.20720190651993,31.349930776595205
103.82912653522418,31.475619526862207
104.06079196650617,32.24404624079079
104.10445864387191,32.12482129885152
104.08585152800173,32.91414016198292
103.90103219470359,31.46809858809729
104.04846427066013,33.16112918934585
103.82918368180626,32.473416149685015
105.0887092992768,32.64522038999208
105.31859201720293,32.78363459539564
105.4051779125068,32.80678190781584
105.29539677966919,32.70254135860401
104.34047782757037,32.75866929118713
102.79428301621277,29.6082276696122
103.09938877197756,30.728322760269247
104.79356381462846,32.61804873925594
104.37868807877506,32.32341788326514
103.80410589062498,32.5843706868427
103.91230415681194,31.7316873108373
105.19922043093538,32.92060481565958
103.90053738809645,32.228414857645696
102.36432474067139,30.12394054252036
104.56347720289482,32.89337222939858
103.84683091806409,31.58811771794896
104.15795461444219,33.0241018197382
104.05760658039576,32.00851902571361
102.68802505468558,30.568377739131343
102.96378925844357,30.713136399148414
104.68650958325374,32.7247013412126
102.53915032950748,30.506037150452663
105.28158548618025,32.92260100651224
104.27867064516359,32.151322999550906
104.33878265243743,31.82592085400047
103.42092525588485,31.107625142400693
102.83158424692037,29.508289942815377
105.4070923231117,32.77698115766369
103.57936547409409,31.309403198013328
103.38931824449922,31.147120380106387
104.95862485276638,32.64217072729956
105.20317177773902,32.68330479972529
105.13894580319631,32.86611703231486
103.9556820614257,32.077159030047696
104.41670016631068,32.0429095701482
103.22654154276418,30.935704850399944
105.45351019746144,32.80792455099819
103.29364589453583,30.75080826778143
102.43179398212271,28.944752809267953
104.01780792856925,31.548320118458925
102.38167154372087,29.129723034212184
102.77113613806196,30.540037814014667
104.22706690060188,32.0939655047622
102.40436917437796,29.83354216667049
103.74666523426649,31.840645212823503
102.96890440491694,30.976340622067127
105.50953594523519,33.05049600012349
102.96569744055402,30.719717850843455
104.15605648099648,32.47883383363806
104.48841419910809,32.64742980227967
104.73801946358249,32.74588922482707
103.6742654311948,31.302475184348808
102.78496892246183,30.730469119244525
103.89885148011895,32.404856953774875
102.58831771991908,30.62267773459079
103.3512302128716,31.12160706425098
104.35756676316969,32.96921508936268
104.8289433206179,32.68647207940322
102.78739419090383,30.822694090665223
102.4011502382969,29.11058857388965
102.31795496565373,29.902195651867444
105.39581458178478,32.775837860351345
102.58435729980687,30.09559019164883
102.91358118722066,31.22456453297843
104.03133418960878,32.75923103807623
102.849046601523,30.90420838133959
104.06844723407474,32.18578567430705
104.26282265933209,32.287700573482624
105.3146864835446,32.77747745397491
103.2995574945299,31.378810518171207
104.24608026862816,32.80713977799314
103.20421894500421,30.972926464054115
102.84057355541476,30.75944029042694
104.67057851688236,32.552549557863074
103.91995622349658,32.53668397279692
102.69832497163924,30.253298433864646
103.31315032801488,31.163530247031666
104.01387856261432,33.07053604792901
102.85948969451137,30.89442408817026
103.99447099544831,32.383937878403096
104.84824842105364,32.68960427379546
102.96398127658749,29.63386821946503
105.00332013905302,32.54603640617309
104.6155696360504,32.75617891100098
104.14646976874047,32.783267003430026
104.06074543967446,31.663525629492952
105.36750178263921,32.984608994435106
104.2359644741925,32.13614378971667
102.45108651027084,30.595183830734904
103.29393922425174,31.191864816291247
103.81316510466934,31.296147911688504
102.66440401710146,30.493322202107077
102.50906265628166,30.224429213243823
102.48842674986622,29.00889883214872
102.92586992710339,30.620552483154313
102.70286330847975,29.69813425748527
103.88012109969024,31.52822789883799
104.69182769843597,32.83199924497853
103.92329605004754,32.282998602900044
103.95544195036845,32.78419236100201
102.34791768890005,29.978690137633862
105.47903129230356,32.95967633828916
102.44519146606777,29.866390363515556
103.63547141536775,31.330637522699213
103.27533374259548,30.92095348863771
103.98144461225272,32.149090019773745
103.6713237328487,31.234520174604086
104.11791550180868,32.461374515014285
102.66765770924003,30.000303894395785
105.59853925790485,32.99559985380459
102.96856392493582,30.739224638186514
103.47188963656097,30.898743487753805
104.02936422006901,32.10483236344855
104.89618981182983,32.577482371982214
102.83819193800014,30.808633632171556
102.85121297335996,29.503183583012284
103.79505949198148,31.573897707035695
102.24755325363745,28.919455128988965
103.03722412127134,30.756735293691474
103.38527467918438,31.073796840070052
103.2094826666812,31.287447394538287
102.83969590838602,29.594453533634844
104.62059516333646,32.69715280798398
105.36644531393,32.898311814124085
102.87179568748817,30.405533345132667
102.58320543663655,30.486679172768927
102.36449616083785,30.066926183471402
102.64239642571641,30.102918196665602
105.4899493960227,32.75921305022166
104.03474211272099,32.63530967722919
104.20094455788524,32.345007331491914
102.73431981117992,30.657799902434075
102.79675078081138,30.63009265363185
104.10115551929228,32.46102862118676
102.88157982647364,30.837506589119407
105.28594910994536,32.624612827323986
105.41690489223072,32.92621834052952
102.30015763193032,29.992022579134712
104.34787793654837,32.7859573073635
103.17358053808302,30.525119617218074
103.80807722099814,31.457453823369075
103.96365425245162,31.550018415930484
104.1189572770482,32.5811057578299
104.20972847995411,33.018778003167455
103.05531984136827,31.13706034266984
103.33875141613785,30.94883728387911
104.36819077733132,32.957288147784006
103.86709042538781,31.75012402486191
103.03890839770663,30.865557848823588
104.04769070435911,32.11743516883174
102.99405746173754,30.97563623089905
103.31140538774356,30.805004751741993
105.10551343571123,32.9302949096183
104.14598140770349,32.42584969213553
103.94261688210221,31.833698824023006
102.7455761609886,30.689249212151324
102.32492820622117,30.097998414659937
103.58418294264864,31.23005057698608
103.01142622597852,31.27897091364946
103.90111880165385,32.55179283579171
104.51878139904184,32.7445193267042
105.05673858130704,32.66806674214807
102.43682360164716,28.914444154330276
104.39024551011954,32.78448061795008
103.75533551953434,31.331882442725593
103.85365693174322,32.41535239675832
104.04425500265152,31.430083380938683
104.26339080479056,32.98692401633766
103.26845500793111,31.03201565576896
103.73207576419703,31.28439328685577
102.39460666540732,28.943623809701776
104.31478308959599,32.13716282193747
103.82466275669616,31.363644955941663
104.72405598070696,32.56183046574349
104.70832520818746,32.72377470462293
102.8820457674989,30.326876132747863
104.66677261306607,32.47934286650356
105.02054747068192,32.7340824580734
104.24116574206955,32.2185577913891
102.46363137135411,30.329491903491927
102.35205519836163,29.101630617160648
103.07335701909061,29.44119966766823
103.83573176895078,32.40718452545395
104.28868434161741,32.328799758079114
104.37131895773429,32.76297724254289
102.83374205500313,30.549890101058814
103.57004149585048,31.331391257546084
103.97093813187637,32.58770155344071
103.87382286017029,31.435348556701875
105.5075306223509,32.84455550576122
103.85018424722074,31.843145036143444
103.87421695993775,32.609337213860925
103.1711174947453,31.162990939222993
104.13839101868128,32.851525641503336
103.85174850065347,32.3561785201685
102.52472597682754,30.2033042240985
105.31429265194012,32.95857165156564
104.66485755039636,32.72460669750574
104.84865634926936,32.59506972962273
102.97203787538619,30.993139844280094
104.05822255672568,32.91232343409646
103.01027611834279,31.122936944385348
103.11158025153829,31.011850471631472
104.1188558775321,32.593539275150505
103.28213345686983,30.653303300291157
103.68576323319039,31.94705119244885
102.93286838103485,29.568905297520832
102.52219456881076,30.500680048185025
102.31066403644662,30.138681370002892
104.23881814447729,31.73869323437674
103.28831389059967,30.67414855159367
104.1566828449432,32.75663851729802
102.72354299534771,30.738372920304194
103.00326854319627,31.007448556936268
103.95844217200859,32.65795778123009
105.48792237834772,32.87262320305218
103.06335682142176,30.91360046100807
104.04505177349434,32.56783254467594
104.3401759088534,32.54702645372166
103.89675003300621,31.683565589012364
103.32809509874507,31.326412809836267
103.02315118961776,30.929425571268453
102.66032253091203,30.36847272249359
104.0166258708725,32.08243608421181
103.8612498840292,32.6061928090994
103.01675662721064,30.590199166191333
103.07539540911209,30.553049611309525
104.85007152693464,32.72789275033329
102.60543039396035,30.393039048100597
104.04055835092615,32.01816955998099
103.63531507877177,31.225949439012986
104.11435627574255,32.3079337733251
103.37846660430546,31.42571570262849
104.18761072267576,33.07814120358829
103.29082530322326,30.68170830951834
104.4779116106267,32.512462492784195
104.00621117320462,32.13125838911255
103.65349348056357,31.150419518675264
103.27325695068073,31.03384485285911
103.02936463220345,29.509453396950697
104.01170899552845,32.73437358441071
104.86706923453976,32.73931009172697
104.65033709214514,32.5894884515618
105.38909796908533,33.10644850840719
104.05161891575726,32.63721131138796
103.91881047815693,32.91446396012072
102.57479668419208,30.338161656302596
102.74042747539617,30.85288982732814
102.35165596637874,29.034140826879565
104.22569626911782,31.770477813500815
105.10046714386344,32.8953319074657
104.66114180481698,32.80712062840986
102.6725540535285,30.79383098292132
103.98890516531057,32.01928455618548
102.90091116572262,30.460046447828255
103.92053145383977,32.35106802938255
103.905820403142,32.738163441421534
104.9025028642841,32.781570343111454
102.45853877937142,30.282490658980702
102.60781966742798,30.812096557473843
104.14294779403095,32.34550894196089
103.06112487034287,30.651999690679666
105.29331781507358,32.949609872448406
104.07315966486043,32.37079189901845
103.85258391085385,32.362947016683954
104.12753902832094,32.98221204962266
104.04726072761436,32.065754127490806
102.50634832925273,30.58270854495426
104.3864735834217,32.71635747707034
102.45215434211588,30.39440309268254
103.22138053214516,31.23250145277174
104.12544646686806,33.16011790831751
104.14236418116779,33.145713827442016
103.99547548665237,31.90974711193922
105.54491290244417,33.000581842794524
102.95862779165316,29.41734802806242
102.61010766158503,30.30548517145353
102.42890512132665,30.34267973649296
103.34688639079937,31.17519836568885
104.02082120403281,31.914177741922828
104.00444871791477,32.32990444583561
104.60334886497508,32.61100108594794
102.52544830422787,30.723847453006737
102.74326504866673,30.873868221205825
102.73230092849325,30.645056240368376
102.20995798515692,29.049743233101516
103.35583439063966,31.36438973639677
105.26186731015508,32.721617680477515
103.95497834502609,32.545160276115055
103.97596323706671,32.53870126362284
103.16248719044583,31.002022748737645
103.31239586698074,31.23434556382553
102.65200396123588,30.421981086060054
103.06785722415539,29.494889908590526
104.79356407651518,32.603680060005985
102.55168762627959,30.419525697523152
103.00165234224505,30.744019401606074
105.02725594039406,32.667051629265465
103.9380399134855,32.322669961602614
102.71765075494484,30.35204249990484
103.73405303010647,31.94722566066401
103.83824756988297,32.002520018212756
102.61258018407698,29.701708542554258
102.95385562014201,30.991304497838886
103.11098039343969,30.696643256227336
103.98939749353224,32.45712099062875
105.16551586814178,32.691618995975006
103.67699969515569,31.1580256402667
104.0881543814872,31.616080581364123
103.45338001687225,31.36720141148095
105.13039794936132,32.93449206764481
102.43703448331318,29.75990378105495
103.27990719543146,30.722817770787064
102.85059953999867,29.530358099676157
103.02892028232726,30.419892664562173
103.12370234122139,29.458259577259877
104.45705417857772,32.61085050399059
104.19492036936306,32.58059618840482
102.41262755939482,30.277570886779674
104.82583697591875,32.610430998553944
104.07838159596233,32.445499299535975
102.31130447473943,30.07319097670705
104.57959491208983,32.48242835681434
103.41059510223633,30.82653740749587
104.17080669601516,32.192630611326315
102.41188521778247,30.12967378784923
103.86507373424288,32.500110649850996
103.23325917040953,30.81168533498867
103.29367715436526,30.786268672184388
102.47972069388115,28.996962793956527
105.01706061780838,32.593544885020734
102.85066045947866,30.830912341993933
104.35383047112875,32.96088694850745
102.60721025386643,30.151692649642133
102.94263484220008,31.166746727515317
104.000516211086,32.980009615862684
105.13269736167013,32.69694730559122
103.37939066316288,31.290413504922196
102.43813153970837,28.942732913490616
102.70875771911727,30.604454452165683
104.34575815337188,32.65052135937656
102.88923728805486,30.689724476510126
103.73440906314524,31.882107357392076
104.99637694212956,32.60522533145127
104.8238185231124,32.623208053593835
104.1183570227068,32.94129203348726
103.74202654536599,32.11402880457693
104.14467731163687,32.955449043019556
103.19088865811236,31.115266257755767
104.4608416832999,32.673081606267644
103.92271759604918,31.869809542863738
102.85990537041134,30.527863173990923
102.94198443414992,29.64931251477311
103.2197892264255,31.323668421697732
104.16928995707255,32.68833989664689
102.6754364902953,30.1964646523798
102.5443955009103,30.80872322509071
103.95003911294609,32.60299841457016
103.95889345412425,32.02095544995748
104.29174975386451,32.191999078467056
102.6153857382058,30.393696319694936
102.50793658254567,30.28950197117969
105.18431851030617,32.70960194317257
103.81170094385067,31.77295632285212
103.30335531220685,30.97562930322905
104.06902186199939,31.683478937171845
103.97310124682814,32.26489261002387
103.83842892244567,32.52175984476201
104.57324384085787,32.46489377539047
104.43377888063219,32.50123724755758
103.03310888123949,30.432575149446105
103.19010688394948,30.678315798693678
103.25759910810913,30.871278175683997
102.382039480922,30.11208153945404
104.09077834999262,32.922490671067806
102.66409262114281,30.2813860060897
104.44141692907088,32.70599619894805
103.00527207957367,31.314334956015188
103.32093715243599,31.1275447310056
103.14462529019751,31.14389827132927
103.2120434570426,30.85032445333413
103.95341473277396,32.00522155266991
103.12050693286724,30.590004866323415
102.75931141998656,30.86261274124426
103.31410638858098,31.132674184891318
103.99865653765839,31.681111857022724
103.8404436741715,32.63587945036021
104.26052135458667,32.625107264599315
105.12054626732717,32.852998054287326
104.23766902423382,32.85657776530186
104.02892841112168,32.93215929048347
104.95660097069346,32.686426467840114
103.77651443851715,31.554859000449667
102.42295962607484,30.253943240565718
103.8912924181733,32.256320574895206
104.6369020816912,32.671237831571055
104.39305284151659,32.80522720463057
102.25105132903637,29.05366190187149
103.45017182814928,30.90623516260165
103.93682198838326,31.688529221413827
103.9577316913412,31.56819104269135
102.99098698316449,31.07539404501859
104.92317642688728,32.59755080184952
104.56344967820472,32.877218435794205
102.65969929999429,29.95068542591619
103.8388502073759,32.213971550319116
103.00451029103253,30.454692916967794
103.85528503577464,31.551043432746912
102.65349438928027,29.6386505722383
102.9751370957909,30.965965837369588
102.8813068738948,30.348311618689735
103.2009826528849,30.82114913576861
104.54060810309011,32.50352304837746
105.1875657498825,32.942124808174874
104.00280478226809,32.37649012159155
105.31267574304746,32.78092595183924
104.87851736664436,32.55794314109875
103.91647519574207,31.57200830658749
103.44968019995352,31.426634930269316
103.57600617180941,31.336960680395908
102.93215345274345,30.77791108149207
103.7366331564746,32.12199770303289
103.90993855699801,32.6876515139032
104.21462203731107,32.6188695557096
102.54283539592761,29.94531562735878
102.69617288152253,30.25109916393123
105.17677920479132,32.82161798778485
105.48420905088386,32.92981468248437
103.96785857728393,31.835799000213402
104.51458378628638,32.546735168139826
104.19038442316108,32.941633228906305
102.68848154507447,30.2404320182589
102.95520015517921,30.39770025975875
103.93296186530522,32.705358129474604
102.3265527425543,30.005314284747616
104.3772104566297,32.962824080294254
103.73258038606595,31.322999331511628
104.20398157281068,32.188397309341276
104.23995597300627,32.26741881750026
102.4100122779615,30.272979899538175
103.9950641798308,32.879918172972346
103.82877669172156,32.23096020152913
105.13499220682131,32.70599716119366
103.76778846074774,32.01738823467676
102.20603195214291,29.058611204976646
102.86060696835924,30.472602517131392
104.02667751034438,31.573968553150124
104.59868997455045,32.85642560212698
103.98876070120849,31.68166009501275
103.81480276960006,31.57049373084386
103.68775822350959,32.015527379264164
103.3608176318092,31.003612285244458
103.03165632802516,31.243748514254992
104.5648607899971,32.573971921783674
102.99954034208399,31.2065348175274
104.1341588811351,32.28082074798616
104.02740116168685,32.8904842948729
104.105116550745,32.72750038079995
102.49762728367809,30.655319293257893
104.60536264159425,32.778846351802855
103.81076627299754,31.776216129948047
103.88647878842366,31.657807321931518
103.0139565835441,30.84571798731089
102.70492375323097,30.30292781890448
105.46764068658356,33.00615753587641
102.91435909447485,30.36340278112156
104.78372220067433,32.497167016803644
103.91185363862256,31.444006197184965
105.04108951164575,32.6110814943591
102.50163021996877,30.185431818894042
103.81131411357389,31.76728682844778
102.67231779970967,30.213960053226494
102.56168272476772,29.86481597344928
103.00033064173044,31.165103518856995
103.67333134298441,31.335015048354162
103.91608199976199,32.022553846875375
105.20348378518841,32.678303432223466
102.91841023939529,29.439068280282285
103.69382865474805,31.89827919858635
104.25895958626776,32.73675715601742
102.98010757350316,31.255273106491007
103.13818124862736,30.909901875115423
102.70493672615761,30.869360080116405
104.41476231848794,32.66344046997158
104.80389458372667,32.54516924628677
102.44141202566516,29.792461851442482
103.74078254125102,31.912125324336508
104.23792289150211,32.78943440398474
102.96803505195957,30.54294909802298
103.10426354999285,31.24707738096846
103.91801172916347,32.690122891192516
105.3660867107039,33.043168673185576
104.25450345888378,33.05459770984353
103.99355324409554,32.96698226452507
104.05881134993015,32.7444243222697
102.80276464804608,30.622305219340458
104.13342306620733,32.97288609099471
102.9251787530182,31.24356633995464
103.79540511939963,32.05309314329111
104.46933234800719,32.87100904488255
104.02506758192544,31.649631334762503
103.07660796275296,30.64857924341711
104.16808649278299,31.72787120427162
102.78993789336025,30.87045594344827
105.48113743629305,32.86756941718946
104.02314822324558,31.998201505821015
103.88378202475275,32.261682735283586
103.18752628238153,30.82573393916648
102.98828080249356,31.239953041657728
102.52305457789004,30.11487128688604
102.50462399013533,30.572813877277834
104.46000367274702,32.804012667876705
104.284261693955,32.637609826234645
102.81806047215147,30.90460671350936
103.05671332410954,30.646946765268066
104.5806168055589,32.63654712768306
103.34150411254151,31.25614266384586
103.84361243289575,31.579820081865
103.14988809993888,29.450590364360217
103.87111406405093,32.085933677155204
105.1627155638566,32.62555877909072
102.88477000994686,30.77187848724143
102.58985889475,30.615399033760415
104.46739757089868,32.568728408581585
102.89428164471339,30.891634988469164
104.3373861895948,32.51824502303474
103.31093305376227,30.935744636033455
103.69016212054512,31.24088837633355
104.62142937016618,32.73234264861294
103.29778518363187,31.12531012698686
104.01900777825168,32.45069420685681
105.25779858433835,32.89666563980857
103.21843060660281,30.719685433696196
102.53010600300556,30.03767822052345
104.15798122308414,32.44867757344688
103.100713301953,31.146991348502546
102.76638999000491,30.84509330951156
104.43520957923145,32.955057091326196
103.34716411020197,31.21235836038429
104.542582048585,32.711846142992215
104.0591593730915,31.954379979068904
103.87727389113357,32.11438955131815
102.38226280584223,30.0983362259075
103.8609290380985,31.336297279370154
104.05348373606844,33.1739643448822
102.62316670576578,30.51325906812698
103.74515779556398,31.387130180356174
103.84032824465098,32.6706476956588
103.15566908550325,31.169388947303904
102.90542435350838,29.61699174865478
102.4983835970371,29.909192236573976
103.15360231853923,29.448467304466494
103.88865687276072,31.469664247844797
104.44486277171269,32.47368366291615
105.2305983761189,32.869986413008185
103.98353982373696,32.19143224852297
103.16448942635357,31.24721867585481
104.0067115714994,32.418169189208534
104.42746077035702,32.5458369833656
104.2990333578056,32.956678851973265
102.5446607722986,29.65889476134178
102.46619820569737,29.025551335690146
102.6565719405498,29.66098639284954
104.08264751220106,32.95631340307818
102.62450244203227,30.54003733932118
103.13434888427977,30.563302398588643
105.49574109495808,32.79942916098663
105.36715988430747,32.85213334757828
102.51518048553481,29.851490031743854
103.03188767619312,30.467779098080467
102.79541225830322,29.488186058194625
104.01944314808654,32.28445666599965
103.12414677171448,31.150391725545013
103.2850557612259,30.7979237044273
102.73198016896566,30.732598827522345
104.01910796202183,32.99737782584721
102.31033475551322,30.10610987233004
102.59532141092298,30.82903440043356
102.7237747581102,30.351482629378165
103.56973112092192,31.12891162303683
103.16742162635744,30.96009342640656
103.60491427910422,31.256993283583412
104.42577575561117,32.697787151621014
103.18914027678426,31.060700927056963
105.4735342151539,33.01673975389622
104.38757632282474,32.302526308036306
103.47215215708425,31.410825119212095
103.88064854490283,31.3898191624139
103.57164151920435,31.181959396430223
103.86341872516927,31.517304715212422
104.907839793301,32.578592852216055
102.67392631344246,30.109286523192015
104.0895255593437,33.13672779530419
104.39091921558645,32.29628328318767
104.07290320292243,32.51103483499812
102.58382872834066,29.646702968472553
102.91234422696643,29.419458852244244
103.41615883494421,31.34913688766957
103.95421642187154,31.528290688368305
102.46119103588214,30.59692012110715
104.30570855417822,32.581469165779694
103.98264328228959,31.993734053933288
104.01491543324238,32.32291092805555
104.35625146092576,32.862895264906015
102.42988594984953,29.97186240929053
102.54420432222526,30.121019508484345
103.86263102524812,32.27403871008862
102.94593612325183,30.483624289088986
103.354288462192,31.05769213009232
103.0722156620178,31.07474270204529
103.7882451501382,31.534868380174974
103.36372666230976,30.880817367175293
104.30279486353795,32.8036887749497
103.14267782034644,30.770263163858704
104.12064002684697,32.7010721441481
102.74106327048324,30.551511052937688
103.76571704551553,31.52337158530505
105.11085240069806,32.69827651468627
104.1798562238802,32.7134163882527
104.21387220575522,32.33827119526605
102.99260918444116,29.613606318925786
104.32237290836855,32.6872202146452
102.91419032056773,29.423578575134705
103.30294198725966,30.619796203466855
105.13058661431815,32.577453003467966
102.47356567641903,30.272829746547565
104.46681477749347,32.85637848697113
104.8439466940707,32.581990512713766
104.17994783242254,31.660614154796704
104.31819178634868,32.80184723090497
103.92023343358971,32.69548963600763
104.66953621994736,32.58037020764992
103.86654796790323,31.603238492865945
102.46357259021988,30.62158634888223
103.79208258937794,31.525022720860857
102.68212869408633,30.40893277470386
104.70558011835442,32.537967955882735
103.0610036674602,30.901585851401805
103.91083590955265,31.9892930199746
102.47722804654522,29.720144124355386
103.91220655628469,32.860095316566195
104.96606027276937,32.57477990879997
103.61303211323388,31.340772600864923
103.57804505071465,31.11599264559892
102.76149007206534,30.9038987710682
104.22292743754232,33.02415257882478
102.68740529778829,30.34519442783519
104.22244354685691,33.001684791766216
104.11398509061785,32.22291935130619
104.02524071077454,33.09178947372
103.91721315609107,31.802594034374142
103.3142754990087,31.089581167024274
104.45541100998422,32.9278208742453
104.06105049540233,32.585379718256604
105.40297679927858,32.80909204846571
102.53138283514423,29.99578579379441
103.13095715780138,31.15036543361814
104.68013253830627,32.54800875849205
102.35829043306117,29.82875719744648
102.57199380732672,29.88982050868267
103.0414266778542,30.96833542566043
103.83246964076992,31.57181698521436
103.94481076860222,31.969983789223882
103.87668145446942,32.240447817777984
105.35005239482388,32.8519942004792
104.94357008326385,32.657957457123615
102.7279205919777,29.51166741565655
102.56984977205586,29.850615126595176
102.73526493447713,30.60097657421779
102.88960944563235,30.630684940109152
104.03741232003385,32.43935619870473
104.00895766904952,32.671166256082955
103.03413974132562,31.138684068402114
103.93606900179326,32.86721798784177
102.5832866310591,29.951281667375756
104.09061457267747,32.55870637816997
103.88680516876312,32.208355870060664
102.60239306077186,30.355417353488136
104.14499439917611,32.180697902272684
103.76544298064476,31.252707785124684
103.17972614970964,30.868325476827053
102.44867040042048,30.175555726462193
103.31072217994047,31.016444103619072
103.28734082959612,30.919752409812
104.11690050737317,32.03270166048383
103.6252680581077,31.26858105596719
105.21490280127774,32.688386078673076
104.07453829168018,32.2900955067479
102.84270745568868,30.712667425438067
103.32705226884907,30.79226524767426
102.88061336445992,29.573300468195846
102.68366301618603,30.24704910007354
104.15956595569664,32.76775402244563
103.90827235815871,31.495085060620408
103.97736401010434,31.584048301746193
103.85358580630613,31.38343444823672
102.82092146996627,30.8193046455001
105.13088274643464,32.63005570844731
105.11750505406019,32.61001830231694
104.0386946446775,32.51008366773759
103.31129771991733,30.700831092309897
103.93487881351723,32.27445854175993
105.33174178014531,32.92026315024845
102.78395463356321,29.519642240066545
103.30997264902298,30.78720862196025
103.04027842704174,29.522361991338727
102.91306457283295,29.517224259714244
104.07671748763252,31.89074865969658
104.10579699358041,33.05134155788256
103.18998263124999,31.02406384171278
104.0044451833129,32.64568923285981
102.6719274845167,30.151303859162965
103.74439981549716,32.030242408057795
104.74999829587777,32.6908918957063
103.30066084782628,31.24329307704945
104.32452021594125,32.14049399334789
102.73885981754655,30.607471899313122
104.23822508599653,32.10534022865196
105.62730378630725,32.87450161093435
103.85374445694491,32.04381553986596
104.14701104099933,32.36485423788706
104.86917761252184,32.551771709783175
104.32702147769507,32.779743346021824
102.94014331064321,30.762970463865805
104.7864175505394,32.71059242960865
103.96129389966852,32.374177387324664
103.28956856650007,30.96964947354591
103.79613729627252,31.966919267013047
104.36086814558739,32.78841973168993
102.80844421920499,30.73564091404206
102.75321214384955,30.319360919150185
102.39234299281631,30.17815687019597
102.27042664092782,28.98523374841703
104.19746622472492,32.74559595662414
102.82231654734446,30.823546724053752
102.47349292626447,30.336611881948638
102.97222313659177,29.471661544533298
103.98993961774913,32.210131191197355
104.10763150534784,32.56028947304177
103.01634049851869,30.455856499121168
104.04648271163036,31.687185317977537
102.67030108339013,29.690818889962586
104.03751695229785,33.03608909634775
104.26701562697167,32.347493489262845
104.65541262503775,32.445409502757926
103.24963638435948,30.967601734556933
103.8633584930479,32.6693957443908
104.35864563260213,32.05727863689245
102.7515530229717,30.795794992874796
104.40667382471851,32.640762807581005
105.56613953003438,33.002219314696035
104.401736300037,32.879603078978334
103.74215558183417,32.060845023322265
105.54257712656526,32.87582701800001
105.39788375533475,33.154181344432686
104.7141268721865,32.667259468749215
103.56910422469142,31.230777151329423
104.14376752361366,32.45314192944581
104.33634089195581,32.85566258805762
104.04167899225871,32.119306900032655
102.54878830271275,30.472320696912924
103.62134485639046,31.329665320943022
104.31259589340394,32.61720937574402
103.38541968227075,31.079587987089795
105.51382217741346,32.996801021180886
104.75280208039477,32.692086123496956
105.43018332810391,33.03889416045211
104.68281862122284,32.71185160482486
103.88289422732987,31.66759981794602
103.48348737695568,30.9436594686715
102.41741753798603,29.77832175695758
103.40738396507422,30.856630212957267
103.95048017070647,32.24561431577937
103.69017204009873,31.156691944153692
103.21192182528522,30.607308538011324
103.06003701383565,30.90947596533715
102.33355057921065,28.95038868534001
103.05919020003479,30.686731070971604
104.53253239046813,32.69352290127892
104.26664791049421,32.98324416132733
102.63518343367863,29.99752925744679
102.741604606922,29.550209764150416
105.27567336675621,32.78379548938145
104.11336788148446,32.051837325933434
103.05436279399588,31.0225025184489
105.35462428027098,33.0338851048321
102.26716540017175,28.908018347462022
104.3478569086379,32.582539504350095
103.0577942778792,30.445623017699702
103.84025056091808,32.39221332939778
103.03691944393385,30.474064923365255
102.83530854570071,30.809688424864056
103.63466603327649,31.30320838310608
104.08671122626481,31.735493017314667
103.86014505608037,31.94111455528305
102.45457430089606,30.198117574643614
104.06391376237731,32.22803921726031
103.87413413960239,32.57871868317089
102.83109889936912,30.37205550688946
102.70311855937965,30.821345681116174
105.31520084072979,33.02142550086768
102.91751583770426,29.457699123032576
104.63395290842739,32.83899799959241
103.91392554755855,32.57759622638101
104.06503960689247,31.576397721273505
104.12993643631505,32.86574005169467
104.54963175219544,32.706564213943594
104.70757159043002,32.781235524908666
102.85712459564029,30.5398100925255
105.29828776643228,32.831599876182814
102.39371625803383,30.060783874770962
102.7746911546248,29.55079206511703
102.47302437092407,29.930011981775063
102.75898621087514,30.19604700476646
103.04463132291362,30.879933285392042
104.90835130375781,32.64291580905595
104.00943432440002,32.65519251276519
103.82085262143269,32.600387534859145
102.94054848801699,30.79560063209319
103.76990294094269,32.03898291097958
103.90770799469745,31.42917005748667
102.67541078142341,30.467283612529428
102.30272582119323,30.080804258288357
102.70406977359195,30.709039935315328
104.02389294988566,32.2028887073071
103.1823541305402,31.31852538947778
105.15520418746925,32.92651565210322
104.4701901466475,32.54786096644599
104.08070291227227,32.92836545890217
102.55689073599184,29.70615476133054
104.10881289043346,32.85404091679367
105.27619753276012,32.89197073431522
103.01772138992999,29.463286836694852
102.61079770388187,30.277151281078602
102.98754856482873,29.622552335861116
103.18828397138596,31.223927715445562
103.84780568360681,32.3889774485077
105.16524293827464,32.63930778995994
103.93818567751353,32.318796940286944
102.861748323923,30.57541308487444
103.11088974256684,31.218313106538094
103.95129307782182,32.15640991283229
103.96966416193368,32.91641667879367
102.73664382018943,30.78261034011063
103.22911762551713,30.926344524213317
103.98068929633021,31.466647900041032
103.9098753964698,32.644898954666544
103.89735783118306,31.814164831750897
102.97575132705121,30.681509761176372
104.02080471427227,32.970573546980894
102.60673773404805,30.257969973653697
104.3113004538658,32.930378456007595
102.51600890014436,30.771783463909966
102.59681219959711,30.670046976846685
104.63391662983574,32.71718272013986
102.52882456793394,29.857085293138145
103.81143045162496,32.61141139634115
105.1626026986224,32.9781994670911
104.37356116349535,32.29705940896404
102.5225519723305,30.300103020949614
102.42271709827726,30.492954535895837
104.1836465497433,32.20990445039834
103.09195431679827,30.976835940089305
103.98084538129311,32.90258698211949
103.30774793091037,31.131354859979886
103.86028860878507,32.44313200666256
105.4718571368332,32.7825419261027
102.39680148913028,29.788163206791467
103.69252192969444,31.33419287077989
102.74266812517324,30.240277389474702
104.1451503104164,32.26193760393751
103.37868544060103,31.272360865507174
103.8483350288479,31.323665413648126
103.937983568636,32.87425828924472
102.69122446669645,30.825648540928952
103.78848601689978,31.859217911762105
102.92424558447038,30.78971497588161
103.1429244093575,29.538601902279282
103.37407499427115,31.13517733808609
104.22428733833752,32.711203317620885
104.03282857679491,31.841329171960606
104.09149368791572,32.64538818725415
104.12790416767201,32.239025617439445
103.06033721300487,31.156025801256675
102.50655028401101,30.625776049203125
103.63632019051741,31.32525702964207
103.97262819885283,32.35908053559894
102.34675057439297,29.952379493770856
103.36603324395286,30.968091133342753
104.68552224084173,32.848487700927315
102.42982029124374,29.962085023889678
104.14740475802232,32.296346666127086
103.84652349389955,32.666066233102725
103.34402524356383,31.05636761563836
105.13065267053503,32.636509757293666
102.460924251606,30.585469632568792
103.06193937587861,30.693619443042714
104.12107681291046,33.145155772941045
103.72870856484188,32.03342605587298
103.09675699286248,31.115920042444692
102.60756199987235,30.094815476116413
102.83133545893506,29.541058087049954
104.29888100795434,31.81488865138122
102.46997578160247,28.99587248287791
104.52513744946458,32.868037858668124
104.06144077455923,32.34235760180464
104.51975373719421,32.78053120107246
102.9984040023892,29.442422640403684
103.92145424463698,31.89131353454975
104.97447196778553,32.65529974087411
102.96640373123434,31.15861993568912
103.88237648581573,31.625749277858315
104.5379245156243,32.462457337740204
103.0967071399193,31.261399524946544
103.73077219971437,31.91584437017775
102.41578693501488,29.740673060430893
104.27915951042013,32.10476820242201
102.64028858634425,30.842596178793883
102.61599801278939,29.988850555442575
102.68283044192341,30.639917080600362
104.71390854788149,32.55399048661323
104.02644553356623,32.55968882222802
104.39598483252874,32.959116738143024
104.03685488884096,31.970875302265142
103.16692031772891,31.05478951923075
103.06223205906379,30.85455261385716
103.06387938125077,30.854427284982496
102.55431596260502,30.474703014794606
103.98874484946329,32.94253623178189
104.03138872772269,32.59856723738766
103.1046159175458,31.12722877091916
105.32302224908986,32.97303115927294
103.93638107262097,32.046180420669735
104.67156977091196,32.732270206881836
103.88372509084233,31.350473981627438
105.34203209597244,32.86233957509848
102.51189813089279,29.866224435684508
102.55818185226967,30.57444514697803
104.88943476853088,32.72032535601047
103.92395354820312,32.11096412218153
103.80669258560279,32.54215236778677
103.93580945522822,31.550667475705243
102.42634653327076,29.049034170417077
103.90301457837299,32.17100432978301
102.96297015190984,30.792022039689407
102.92600907357408,29.553014465051596
103.42234888563883,31.30496179590488
104.69032742614587,32.78856719712645
104.09787765460932,32.790866437983496
103.44116328952431,30.845060659583385
103.96389606660972,32.44997479783551
103.11360831786361,30.833935067209804
103.89762769875729,31.990725399561004
103.9889933355591,31.560573647742114
102.51720955063638,30.52238953175231
102.92288717937707,30.53890316977547
103.3156571916639,30.704761887662496
104.80860206689097,32.604784686143915
105.48288540863051,32.96598562398583
102.29536107308475,29.899366792561114
102.47944826138902,30.6316447553213
105.54718645726943,32.743763510713016
102.81294386838466,29.51640239635027
102.45003368760162,29.90581136425287
103.01541536335651,31.10253586320009
103.02112101583056,31.165380433938658
104.27298764940548,32.27113132059309
102.62003881442398,29.73796139751804
104.03991493418872,32.69359067029019
104.36924276315271,32.95480502840554
103.86041312163604,32.69018181857343
104.34001188339718,32.06749552126576
103.99524295531998,32.26808582646698
102.55732245705528,30.388954603156975
103.25725591280336,30.979802918793972
102.52186389502454,29.866222244116408
104.93863321800124,32.55478631625045
103.86617377045037,31.92561767353023
103.93442931689135,31.435757201893498
105.49899598354463,32.77347562068154
104.67173631568356,32.643000518374535
103.99808898890349,31.888257518701682
102.93832788214442,30.774264486099035
104.03042056195034,31.84060579746822
103.87890991330764,31.880253429718355
104.6277254120285,32.62968379878222
104.13309695062414,31.666229189614626
102.50692935626468,30.140029816372568
104.56812861818867,32.60565446422758
104.0540101792039,31.60715773669735
105.01263854858396,32.629302754938614
103.29309724936715,30.856315533940617
102.61274647096936,30.718198126769952
105.63534267657593,32.853695236848445
102.934359475188,30.93043793308508
102.96112865139209,30.77685601623805
103.798923770172,32.10236982750985
105.23710933444117,32.66231139754852
103.85430676382377,32.5830417559934
102.71794029257764,29.59101877141371
104.04137073775212,31.5781136546957
102.41252841096214,29.068399346792926
102.63642223401514,30.138339087311895
105.61818655017831,32.89616264523959
104.9719487737837,32.619657792818856
104.04742850942095,31.7281996804243
103.84511070374072,31.3566744573009
103.31040385671068,30.763848244618174
103.93932212852302,31.48091010778911
103.73502836711658,32.07702193895733
104.80863960407503,32.73739262058791
103.93982389038578,32.26545449130604
103.29024948466054,31.068888211578223
105.51474633704989,32.7505040523785
104.5345880502707,32.807125486076124
104.22796892736639,32.760708061962404
104.90730324819725,32.623365187182436
103.9892886073722,31.609780854668855
102.96423712434849,30.676201434886202
103.95229928618856,32.38387008222066
104.18147489887136,32.90680862550207
104.14344737304815,31.695849446142308
102.43882460972306,29.92726174461554
103.1016414104821,31.180017677930255
105.491249649987,32.87345819695378
102.44900388214539,29.756325771822837
102.56064203633127,30.06206066518958
103.35473379680967,31.363215448734486
105.31390472262186,32.76467302869776
103.00942936961765,29.520416422175515
104.25578988767455,31.750087434438626
103.9891898810664,32.08050456632761
103.98229417857989,31.569116922513043
104.11247394475704,31.632578593092443
103.16651007693588,31.137123536955613
104.461132358258,32.929805783249705
104.24993897134576,32.235377229310316
103.34085965295733,31.132553235844902
102.57611677393842,30.454782607936124
102.44083932729089,29.78612395543375
102.81451485570554,30.938614365757964
102.6381997690297,30.238733079798628
104.51547836003849,32.78812694448687
102.49504857625793,30.49266705563133
104.30448979422846,32.17991271025022
103.81177181285261,32.03886009423284
102.54185922539531,30.37919107486431
103.1196463039751,29.505303994757426
104.31794148101828,32.69789010131221
104.14549020323985,32.78542459032179
105.36636759338896,32.84414043123782
103.09819605082834,31.274022948841882
103.14583075689293,30.70622390290452
103.92032762438511,32.15791560482058
103.84668402178845,32.05362022702979
104.03323883614974,31.59678737807431
103.86662942677458,32.409810694928986
103.76821505928343,31.88673149086902
103.75085042847844,31.345703283936487
102.90513960396558,30.87516941601981
103.26947121931387,31.25497954740298
104.35143370061039,32.971188958187675
104.24389997088984,32.2703957158388
104.14613220782802,32.455336689363946
104.36065456767678,32.95418098161707
103.79912062756937,31.505913468481296
103.9725321315859,32.8190784272522
104.13800070452773,32.54486586249271
104.0605474066164,32.82619722376548
103.85241966458274,32.2279823225359
105.1936638181291,32.9054777260432
102.66359801344814,29.944875377777823
104.50354503876916,32.751622277947014
104.24969489304479,32.1300137641008
103.28326137494008,31.129824885523693
103.93714097985793,31.908717192209977
105.02298852440703,32.64770099566785
103.02416413931293,30.485946596639735
104.30278553170797,32.782190150476424
102.84189392899196,30.520581193126112
102.65022802730371,30.517202966688224
103.05891655973711,30.534774439366934
103.22926247621331,30.987380101677374
105.58827893484278,32.94853671396042
102.42741355644164,29.02257336741401
102.55761267771487,30.819270252713228
102.69614736501319,29.595092095270232
104.36395428726613,32.2521619833619
105.52490122076047,32.99502870077775
104.54834656022234,32.867561306717185
103.914854313546,32.358139765863996
102.57864866691739,30.713912270155745
103.19873823193913,31.12242926426118
102.3901988201399,28.900754639034798
105.12401071308368,32.63398074940578
103.15573717179547,29.469912879231277
104.11594704700056,32.23445462102767
103.05267675261362,30.98724815791587
104.57719451451253,32.652632512559336
103.88143677172432,31.707232165581893
104.04213854965731,31.671004999170588
102.96334980765012,30.82578412691017
105.27166804324136,32.84606538130464
103.09860021918735,30.749946380144102
103.05555468631053,30.789963396453622
104.38890830496396,32.75228340254614
102.63811933333331,30.825145955383864
104.32148033449346,32.760261345667075
102.4777649242261,30.653949075061554
105.58366325919332,33.011901863520755
102.62517415541127,30.76952483292463
102.97866244582858,29.45383466331148
103.0535501189346,30.925887443592146
102.84817153521675,29.55257684113025
104.22508118647222,32.75758202445926
105.14099749783536,32.83061370389261
103.08784743287384,30.532496340560296
105.34303347538344,32.93801340992797
103.00596538498053,30.511208090820244
105.1510307433633,32.65486887917678
104.04428653639934,32.99854835451428
104.06508633950696,31.680025054580582
104.40655366541557,32.81352937425698
103.897536319298,31.98506126126231
104.05528142782656,32.14417992704165
102.71189210699941,30.706621792758405
104.35364930603475,32.278013142023966
103.71223495633986,31.24509666505211
103.16928328074243,31.201751752417334
104.06523574000559,33.139226336200515
102.47261667023814,30.45151932344104
104.05541655991208,32.32857303459922
102.40079133512907,28.992632101911912
103.16844004654743,30.943385046253606
104.09292659797606,32.23173172285311
103.39790433363689,31.063660347702836
104.71627312462893,32.55686226480876
103.80567669730279,32.572700546025
102.4277316374685,28.927889769429076
102.54172506395807,30.529697356572683
102.99487210917397,29.632543955500935
104.12518280814953,32.44123959501673
104.10050882510977,32.50650671829149
104.31128157087501,32.64681024106898
105.55195943239242,32.75162618859975
103.16613937323648,30.60707129707228
103.18809684348611,31.214046003192635
104.85228202540797,32.80549743771374
102.49456974367494,30.22008105054286
103.96312106013934,32.41486320987773
104.31390371991617,32.897944380002066
104.80213491129474,32.73253070726039
102.54922691952622,29.853086357830318
102.95519795076243,30.430708384304957
104.07552242232916,32.53784433484664
103.53860307430476,31.256586683425002
103.57902811083606,31.17225590360382
104.08894917682753,33.06701627206026
102.6263662560764,30.267002246011412
102.69388724015704,30.676809306062747
104.12354205349293,32.444968589812106
104.02922544975179,32.219746142693886
102.6264237751393,30.33821134329901
104.0214713659214,32.64769348337779
104.19026994442792,32.26438512183247
104.1596726601124,33.103303847343
104.60934528767726,32.681851703109764
105.21966059852781,32.823619220335644
102.95597251839982,30.93671084107615
104.95186278565399,32.62317279603922
104.22879585942623,32.91984762762492
103.98329929934165,32.64806791800115
102.66683962266276,30.76456458565837
103.91116081950068,32.42276408140227
104.10270909208518,32.61081605041194
104.15090164589645,32.6697591255711
104.29622612857902,32.67737910971617
104.7556635776626,32.60362266907784
102.4675771472573,30.228627979554187
102.67325207029003,30.634690802326542
104.2305194488285,32.252997243686266
102.45190826917349,30.193752890389874
104.33711288534104,32.742814830257565
102.63225631195338,30.419855848012293
103.84409464585572,32.35165133246565
103.46601794100012,30.917462066517903
103.34040023529904,30.8688133610655
102.4773491763887,30.396922247299724
103.18027943253601,30.7372049684106
105.52526691269811,32.81347906254857
102.35665275735144,29.96527614832747
102.92472523641752,31.210485804839116
102.54009572842186,30.746967853362683
102.33720512754104,28.88740011496101
103.88930286217571,32.58356571654847
102.99109161631623,30.699676562539814
103.70401139067633,31.211928630058754
104.0197261231818,32.4954567886138
103.91456080933429,31.372959273332313
104.12264095076794,32.7225965111316
103.43239142063686,31.407779312833874
104.86631883779681,32.76682555768471
104.01724660970132,31.52876776336974
102.52818943641029,29.71753683175041
104.1104389576565,32.35692160606435
105.11151105915168,32.58184968706406
104.63803087053287,32.65646677182773
104.09574626047808,32.3937332884422
104.23954921443206,32.096753281245924
104.33210330992941,32.16768624575616
103.0958045481731,30.952427320055605
104.19742371577291,32.24198897538058
104.36994998297506,32.05287957441972
102.56582647692308,30.13484711300642
103.7299545976265,32.04923754712636
103.12177077146045,30.71140128768445
103.91773762407628,31.587596444025184
104.1381770013307,33.118942211969596
102.74964905344342,29.54746637825983
104.34308806357518,32.131978642742105
104.40121545125884,32.59197312569818
104.08178821901866,31.471232214074927
103.39186770908691,31.255184612516707
102.80549621369711,30.472939548470908
104.77349279104625,32.57235479089316
104.00792835114503,32.94393192038408
102.8480607773795,30.766743826376608
103.82482615108923,32.48509165077369
104.68361239678659,32.61808694374138
105.25452636821885,32.618558442146124
104.05954117454323,32.801216557004956
104.90260437959466,32.76753533044802
102.60124856964308,29.879787899036653
103.31558280785347,30.85769583540913
103.99512796931768,32.67660704181877
104.06756559606092,32.269270912767176
103.39042208766448,31.285809093622177
102.96717653156853,30.525913591682805
105.51158372011274,33.090577692767866
102.60614626361331,29.687032277324114
104.15852308212695,32.944217258491086
104.07146288061841,31.881230022509794
102.92309083197773,30.34035791471641
103.4193571152073,31.197694166051416
103.99332183559254,32.64404825670172
104.35790962860538,32.61593124777046
102.66931939206145,30.398347639729927
104.19659063755006,32.98035879613176
103.88581849975105,31.73754932865573
105.32426941470739,32.73717815695882
102.96038488696948,30.881051184043738
104.78844729556202,32.736215928594675
103.05156036259399,29.52412908286395
102.46909422155449,29.89426760154943
102.5563905207154,29.69736339053132
103.96433880662784,32.16831726164244
104.59423170596882,32.77048866959931
104.05217396477528,32.43547027479403
104.9336775039228,32.624651935906144
102.70651755788218,30.339546852399014
102.96511933752885,30.55974391131034
103.21175566609163,31.30359164743201
103.76666771837438,31.333196381175433
103.29464084579106,31.08645761078881
102.62988958511963,30.808714555120904
103.35246653040132,30.963487807935156
103.89789450642394,32.587607210035664
104.125559652701,32.80432892959506
103.1029056495975,29.45819284759944
105.28099274555296,32.73127877157426
102.85542227208924,30.802223267680453
105.54278266612384,32.742456488181936
105.06195000940623,32.56324199960023
103.12704664541955,29.455889386504616
104.19341309566083,31.77864170634202
103.98823420220037,31.53031426645944
102.54829673295971,30.385350046494224
104.84344710157121,32.734143195774905
102.26448711801474,29.07223852564034
104.20969714579569,32.74292065672222
104.19166135421061,31.778069394548417
104.26279018630346,32.109715229811314
102.92856710907375,30.786321972142492
103.09537491707091,29.451184506870938
105.23554074996525,32.70126302088008
102.90978526615031,30.95612465035437
103.19044750876623,30.657555953194176
103.38143673575257,30.911792537251713
104.05492172875105,32.39686948945518
104.24731190501159,32.11829004093345
105.3962656015358,32.944942420519624
104.06856033192007,31.449717552920166
104.11028833702566,33.0445043271063
105.37355677131086,32.91769978670848
104.08475166633883,32.20322919432999
103.93862547697192,32.89080155478902
103.29062144960082,31.28624707148663
102.8992996366825,30.53322223060259
105.4212488525204,32.820935277332005
104.29713206355156,32.97080792860251
103.89128295421891,32.30583813832783
103.13969087997086,31.063146894601143
104.06269835874646,32.030134562023775
103.34310269249022,31.018776058008907
104.95242371004149,32.58048084520419
103.87956568293349,31.876568081789642
102.91274268737315,29.609631375952866
103.00142577710206,30.663917325254808
103.57384017893921,31.266592237682246
103.93661957035978,31.87764250144476
104.0004976975226,32.23431534112923
102.86922576970207,29.614091208471706
103.84075919610339,32.661955619203376
104.45895087270318,32.72402715390092
103.9807847733811,32.753459567005166
104.34514953078283,32.714315430924735
103.85328214433133,31.84889076643766
105.54098245208301,32.73180708263572
102.62564213442614,29.677148559650334
102.77646315015899,30.46570596927315
103.94393239790608,32.09180471994111
103.9064454341789,32.56478915796957
103.75066021462952,31.916099989974626
104.23703160084297,32.902851256002734
104.54568568076198,32.801728004706234
102.53016453993395,30.275312460567385
102.38588631287038,29.091364701546528
103.1386853436923,31.009492026877812
105.56159198665299,32.995079261614855
105.57354707794133,32.947298473459085
103.85162033325793,32.00692213514988
103.84823977197968,31.443566496777283
102.95645579049224,30.467805667753343
104.06451312773508,32.04054752497481
102.55502762230374,30.164922321536555
102.32060110892954,30.116457009609455
104.10445515045973,32.886496275799416
102.70073863245881,30.84857321010844
105.18369025884914,32.79604817395647
103.12451561247246,31.079165672611996
104.417669244131,32.87596982290486
103.2086287471944,31.20370915228579
103.88067499203007,32.123723835507214
102.27963259941906,30.073884641402728
102.60977682810193,30.719840556783176
103.020238447331,31.02416760880524
104.14741988319909,32.288083226457516
102.49304545403115,30.27500460555918
104.48282866192288,32.642087996165635
102.63366900331751,30.431786209852177
103.03378303335185,30.77493901462054
103.9892948166898,32.11121651209238
105.60139726476282,32.87937366719433
102.68101805127903,30.35145655790483
102.26065681789856,28.905431194066637
104.04498230444572,32.27330401902698
103.77829220117822,31.804614234162642
102.34608451139242,29.912721454872194
104.05751890709136,32.130838698897975
104.31343888814907,31.75789556199606
103.98868085630727,31.868117354234762
103.91213325618256,31.69472414427881
105.29190637390828,32.83312788111595
102.66964258607833,30.83038440679148
105.46771536472046,33.037005428467474
102.84116032350597,30.786333476787643
104.53568039683401,32.64535555963439
102.37502350448028,29.83897734051481
102.8596160976143,30.84799222658173
104.05326553323005,32.768496462271614
103.41330591550235,31.367212588257086
104.15881284006741,32.55220260561394
104.04666374599489,32.311919626326755
105.44215653769221,33.02664472655212
103.89220745233973,32.131344994971265
102.59040534391764,30.732641600605806
104.41563393919844,32.12993534068231
104.55696524490745,32.8889218742298
105.53899230574277,32.76770648635631
104.22962677761615,32.980258805388715
102.61191819616201,29.931749295198898
104.9861182180214,32.64046509536749
105.5843850216937,32.978457475646856
103.35726858467801,31.27346827722996
103.93800892017832,32.05167450964797
104.62781749399011,32.493262584387914
103.10495867868327,30.988413133970052
102.62825298036903,30.51336625935143
102.64062369024792,30.16830706439771
103.3089092065074,31.09154309849844
104.33673348630923,32.227186747653505
102.80601282611757,29.513978871607662
103.08693170723821,29.51469673934808
104.63304635974734,32.64378251979972
105.18670892774787,32.6644333361638
102.53778390673813,30.64417462337323
103.74734885973415,31.327078889931663
105.25032828846714,32.683643202903056
104.5072611519802,32.547073812960214
103.08299339826183,30.825276151452165
104.4816402603386,32.816358116697835
102.48369234334673,29.858663631445033
104.8421455374305,32.69099535022368
105.43261108540305,33.14304678792402
103.39198127153004,31.34030400996867
103.97624923533053,32.45370356881951
102.55774471049595,30.363518089515335
103.09896997883301,30.6909768367349
104.11624886319228,32.99071121055885
104.07542512586205,31.74401917900988
102.32919803233706,30.00421824910714
103.97333306796594,32.09860815368812
104.03652439246446,32.641659162182286
102.72210671254244,30.704945898970628
104.04583821626065,32.182760327159386
103.04616057358969,30.590761709352243
104.96721162305185,32.56630613980319
104.04958498246478,32.19108774095541
103.80327777982957,32.55143540920401
103.87246651711277,32.66883259750822
103.04028615985882,31.17907378808888
103.46574562719793,31.430021148819172
103.19905047752422,30.653266187272074
103.94438343697817,32.315005622273475
104.64755154759756,32.83812386566204
102.32792814898035,29.9299836589783
104.40406008224593,32.511419868805234
105.27662310809966,32.789765333032776
103.71729592691926,32.0348384612927
102.94006264978054,29.50621923562934
104.2896571476141,32.291339952624355
104.02702590733718,32.80285816832856
102.4782075342955,29.995042370456225
103.98929959120862,31.633568175746774
104.82183964037431,32.70138840663462
103.22879374325913,31.14832028523513
103.28581616711247,31.308295294423406
104.64687633691352,32.819370945989604
102.3240225453347,29.82109212508207
105.22515837719672,32.95163750864384
102.6383522693408,30.33739395927096
103.91367670429706,31.462880448829726
103.36893037882287,31.03855158335849
103.86855928746984,31.774918379621255
104.73581999838078,32.55683736443063
102.97928535715191,30.43137137312783
104.28196246590599,32.2874495682505
102.527639713533,30.656754433364846
103.74837718098931,32.13921781699019
103.84125771848265,31.74578905703593
103.04028187495477,31.280846406172405
102.89550426960065,30.651517909460964
103.83130892173808,32.51041623889866
104.5862932392475,32.720984607551344
103.39545901820743,31.158173020086213
103.90852520494111,32.211475701790334
102.5991498671408,30.37363402681787
105.57726300971582,32.88999849419247
104.20031365110715,32.33478725197939
102.71903457457898,30.874431221642833
103.86442944485398,31.708529223054732
102.8743264966169,30.45026903283282
102.49198022442486,30.35009721725584
103.69224089856844,31.322737820586983
102.6122661391311,29.953692521728897
103.91934433408743,32.88924112813358
103.80073810178777,32.05036047220157
105.43278745372332,32.80554440246675
102.55229322989692,30.25307470184242
102.73759141155425,30.384128610521486
104.29652982850524,32.91078152977586
105.55951517886008,33.00674376475173
103.66688381257462,31.340941589294673
104.74429274892121,32.76297969100452
102.51328386905395,30.114362375738654
103.5910624278266,31.25033016821932
104.39718203945,32.733404062503375
104.56071163511149,32.68385347991689
103.18836191610366,31.316995382449495
104.00689194687355,32.33228789450591
102.81238712131793,29.56770830085614
103.8274195925029,32.49221448695136
102.47807286912233,29.900707770629943
104.10294924906349,32.36878042445147
105.27370321663072,32.610523490374234
103.23268534349235,30.847173131120265
103.78672077564113,32.014530689106195
104.09670201668422,32.182800480279546
104.10612782863116,32.53572383503614
102.8352480365522,30.897532722062337
104.09023591497827,32.253195067602135
104.63227994795439,32.474764393495605
103.32230772491727,31.247027121992577
104.56662960570984,32.63362454311459
104.29673050075912,32.74568163422991
102.47090319437496,30.456023891800903
102.3687579512414,29.09883963309079
104.75286321931671,32.64378848193453
103.10501240823083,30.45776530371649
104.23881353150459,32.637836793748896
104.47428639356623,32.65819629314016
104.2602167260723,32.51850827100561
102.35352552531903,28.89705404863488
103.91993294381162,32.317464582925666
102.98736391626696,29.63516817686791
102.73263658921209,30.835400581134344
104.1461053805651,31.684228793017468
104.85007291029127,32.69570653589949
103.77247813289057,31.955054190377663
103.77710105565382,31.889933063844147
103.95176643244945,31.895315838375637
104.19999128992897,32.803725270153606
102.5948327285551,30.133823363890677
102.82521172144911,30.884818023808677
105.3813524467028,32.79361420302567
103.93705086242578,31.846430543248037
104.09568212419788,32.543644856702315
102.99657938884415,31.05666423285303
103.02228661699509,31.2635396811769
105.15786064931757,32.94296079604779
104.25616758401443,32.562125292122126
104.15251159858887,32.98941967988368
102.44181959321598,29.982379049015325
104.31465672194302,32.593797897698096
104.10839599016563,32.012285509516474
102.826132851522,30.878169765440465
103.97455606028096,32.333079987371065
103.36582112444958,30.731074267433183
103.82440650328498,32.10421123209414
104.6451123214284,32.666847078351324
104.02225440399057,31.641157847337112
102.39637102709143,30.117604837043704
104.46478216937781,32.52433718466748
104.03859925618195,32.225778567001434
104.96189806502827,32.71026567730296
104.11061836780267,32.69898996693597
102.61722544915438,30.278608754597304
103.85072812558636,31.329781321604568
102.82926256689571,29.61664538848345
102.54024602891074,30.307444337596625
102.90295348027324,30.39738779901413
104.10419097845511,32.39367059833686
102.9417528798753,30.70129437923146
105.0999059305426,32.89319053345057
105.62355070228776,32.86021998333051
102.3663683965638,29.96717582954198
104.6004306179263,32.82052857533114
104.24098946932926,32.80206200664828
104.39917576606126,32.514721984208336
103.07080950276324,30.993692332814145
104.41339109045795,32.10292839594936
102.66479972594547,29.675284021237815
105.5004735637029,32.786242549536425
104.22756817845271,32.089160482166854
102.47020965226214,30.58235930754177
105.21303299545394,32.876552016619186
102.86281973221628,30.83622528750793
103.17813064399323,30.647112572790853
103.03455040411546,31.23998928396061
103.04429471529606,31.046927789806833
102.95836232176062,31.22735748505423
104.03490932954232,32.576488095588
103.7342494301791,32.04444114647268
102.43929578947419,30.46614355832045
105.37208745244058,33.03380755318057
104.34244062983429,32.10882432022909
103.0606175830981,30.981240900203964
103.89804390884578,31.80483738447512
104.04967139283083,33.20087082452701
102.57809671081678,30.58798838233465
104.8822873448903,32.764831830649996
104.06703444703209,31.66181377593849
103.66694483302584,31.321433675552054
103.2582891545352,31.04365968230872
103.69475932457935,31.305137969259064
103.94754672793955,32.36085834630901
104.2329275621267,32.84679681482485
103.40194172215664,31.173023299383114
103.96087619961399,31.531706971259172
104.23873871613907,32.93592250007485
103.98813172150409,31.984804952104035
104.14871572927095,32.61828145358595
104.28832798053067,32.26289358102244
102.5592006441592,30.809978352344146
104.86999566018753,32.79216539912774
102.91629109189537,30.751061921960265
104.71879208793872,32.60934648282437
103.1938995093366,30.97834339964813
103.20036864136996,31.100059165693743
103.13619971567569,31.153388552996333
102.95683097160675,30.541150407773994
103.84246331747192,32.46316057048054
102.42618565246241,28.91063387915577
104.10318878106186,31.76895782197768
104.08788469335663,31.878235707379886
105.23434575304805,32.927754864796
103.92985043194717,32.63945890964199
102.55904339603565,29.734059817256508
104.88905943581032,32.63244732466495
105.52656315153052,33.00596164951105
104.19943829785515,31.668377259837396
105.37884874324973,32.88205901081537
103.90951675484854,32.762474003355386
104.03358300199079,32.56957880762816
104.03371149604502,32.18033579659216
102.66680226076821,30.353256116031865
103.20295521345908,30.829703060126384
102.63644162853154,29.966029253104594
103.75981455386862,31.342771565084234
102.69478253975495,30.285308368274812
104.01722270542639,31.491666778749675
104.52849370730742,32.71701488935352
103.745866055658,31.348334499397534
102.41657389887078,29.80326217433465
105.6252910288886,32.90418421037289
104.17941694506422,32.76865792694708
103.08919186887478,29.436593399153985
104.14707715092294,31.741541535335582
104.75803878130529,32.75010676687815
103.98475371060869,32.42078771510236
104.06763611395031,33.08854863142419
103.06762839719804,29.484421998985603
103.03528040608536,30.95945779522258
102.24089870956588,29.02875305842104
102.6791664439455,29.960466249051038
103.06475992443985,30.428197811227175
104.32921309666146,32.71263347073658
102.98412634153705,29.60265491814417
104.27263871770883,32.06206204824716
104.03174888207572,31.888496332731783
103.08688396103375,30.768277478259648
103.8424206950567,32.62596027557048
103.96111575508415,32.81222621966421
104.7446040917485,32.687755534858304
105.00355106629738,32.61396501386666
103.72173568699942,31.897702658204867
104.23751457145232,32.73155865607811
104.76979437601666,32.75241597898933
103.925426975391,31.77216928914512
104.54563118026918,32.557755374002475
102.5250989673379,30.69979422997357
104.10639549368881,32.68915229824083
102.60365245618698,30.27976354461535
102.43750587532583,28.995911509240074
103.16795063599153,30.95454407876779
102.72830992398937,30.622583588793695
105.38127742001423,32.87669455972378
102.50329227223038,29.716291007433405
102.45372203764353,30.15536288472377
104.2211090122472,32.97919509232603
104.51671745636399,32.649374156824074
102.73634307171112,30.251150619651455
103.97345377338357,32.7552681334714
103.88155425018789,32.267856181185195
105.36941314922626,32.98519601026868
103.92463417807794,32.60851525790934
104.1273989198752,33.08905037312208
103.2187520561311,31.31744506466758
102.30389828704794,30.04874882249527
103.35527346854418,31.040000139196998
104.98219237810537,32.717258608404805
102.87230956877495,30.82020985701004
102.74986853235124,30.558816644076515
104.2865548018035,32.946535425967475
105.41103886686888,32.87990688923816
104.34114183890524,32.60592216715879
102.60930471589393,29.880877185410984
103.35898808038426,30.811391979605503
102.54426191931212,30.157990590563532
102.83800464470863,30.75049035721527
104.02911236065103,31.99690166953246
103.88355253515019,31.36222613734975
103.80915040582173,32.546165651421624
103.3080778104484,31.28363506521802
102.70055075263099,29.613592095141772
103.76673187587843,31.451331210262012
105.00217561815111,32.573757455792546
104.44901556866805,32.831834243758834
102.97573506965533,30.914918545175393
105.56670150362206,32.87515828975921
104.45080683978316,32.0859062500998
105.53806580793092,32.90699008143452
102.76101055085421,30.89200126548077
102.28158370311462,30.05341807380062
104.51202438411559,32.8128572152106
103.93362994132663,31.93327007443939
105.46123127539235,32.93769736767529
104.17300981487706,32.28516152712728
102.5492381767862,30.347039322273744
104.055925135832,32.59683333221021
102.50395209523182,29.880053770623206
102.94682149818695,31.124889691651976
103.14284409489473,31.178659017633297
104.0012150437929,31.946495695598077
105.48648387557647,32.99938188074809
102.67047301806059,30.651944111743585
105.00494035686961,32.60782664062619
104.48107205879886,32.6845955027591
102.73260269013072,30.783348743180873
104.08995374302316,32.51051030678705
102.88598113354664,30.517604281811423
105.3924341571816,32.72768483999396
105.46164625035455,32.852478828396784
104.60022918318973,32.560991509181974
103.94429005202646,32.14633282122162
102.6259941178531,30.14298389990264
104.28206889747139,32.053661872091695
104.16684295337667,32.64178379329226
104.00457365654492,33.11616602686233
104.93753286166668,32.66209098930994
104.48429488193179,32.62803967386907
105.47353789623253,32.92430358696425
102.68459708870562,30.494636846403402
103.86375630930206,32.292019324311525
103.27032054876882,30.83023915954038
102.48343358767265,30.137106457016454
102.7270970630237,30.755166290381396
104.3761178066321,32.66866443751531
104.15014465177046,32.69602887033836
102.91148248051626,31.10216529361461
102.87981077295565,30.717360215066062
103.23851535373005,31.370593971223542
102.71302945186925,30.252340923805114
102.3797394504889,30.196325132108708
103.90091686554732,31.534603490338505
104.768010688972,32.720810130670344
103.17845105961477,31.085329970422322
104.75244298425869,32.754867071698605
105.50376276948018,32.89216960682933
103.12373701072846,31.186660471463004
102.48346738875361,30.033921571217036
105.42099953590511,33.07312364781091
103.36982700703281,30.857567569718157
103.01698835984197,30.854315581278605
105.51024754199862,32.838541686567396
103.02994514204403,29.54172855873059
102.49041821552755,30.44570110325117
102.35070697885345,30.034314178178917
102.30902063171486,28.952539805426564
105.17959697982909,32.81637936936024
102.53825839951924,30.6017126188351
103.2607015298013,31.098674295959743
103.00614756929392,30.941138583240733
102.86730556806296,29.530658783427825
103.72024467124757,32.03440355940985
104.8648135002206,32.80215765114852
102.84085588306839,30.885710767726938
103.96287721014728,31.565157447474867
104.25394777733713,32.64205842946913
102.39213314725517,28.901516473648492
103.95306260924589,32.78117000000844
104.22321028976435,32.612260837585765
104.00035988712168,32.60161890907633
104.11559372129202,32.298367477594624
102.50909428873995,29.729423345545964
102.70605311123327,30.21675645134803
104.09364432696094,33.091116909832344
102.48338961194008,30.552039942437784
103.12876519154105,30.794170305023833
102.96961461647004,30.37747394609125
105.15006428780904,32.883715817956954
104.04163398161859,32.03564693803875
104.2102516342171,32.5834175532051
103.41697406774546,30.844032280896133
103.79042698890835,31.42242195011967
104.84226716977307,32.76057730221612
102.38833943828581,29.98092568969792
103.65254292327468,31.250626432011785
103.22455528426315,30.694263941177017
103.51910169549919,31.246683621399686
104.76716135268221,32.725625050760975
102.6919083032291,30.642441304299687
102.2392090184489,28.99667492050978
104.760259682409,32.5596862706395
103.89076669986919,32.258620521113414
102.36855009919078,29.798462220467172
102.96148425179675,31.037740894367968
103.34857321536168,31.173671403774957
104.11847561897417,32.30721548295496
103.88022613658508,31.99437449043478
104.45290989826881,32.83185914948305
103.35221370007366,30.729577127486234
104.16561230594911,32.331633898235246
104.91823788775386,32.69493184618071
104.1527745902399,32.76228126954929
103.96669191459662,31.977370437765327
102.51245435917465,30.40993156645815
104.82979557570994,32.72541606308064
104.00830751093285,32.80999489178801
103.24930591675005,30.796599750475682
103.86204334260692,31.539346921586738
103.4062866200446,31.10955460983792
104.27988278812835,32.513251973435125
104.46870230304353,32.829224983540485
105.45140517125355,32.85312448502553
103.73080385021476,32.038837195633256
104.86043198809588,32.793038393338534
103.91146533557817,31.72114200400505
103.65955944855851,31.278527399614433
104.06122040764603,32.22773352031829
105.50823928813546,32.979547254131354
102.78354369595503,30.66699395924523
102.59851997050076,30.726001299514632
104.03319361403905,32.427676426703854
103.67796903891973,31.344672441952333
104.04838841132712,33.017891857919366
105.32163124553264,32.827247044248125
102.58300813902699,30.286987780700596
104.02458527543135,31.959805161166788
104.08218966199485,31.743641630002138
103.89244037523315,31.573345519033108
104.19052343824163,31.73803921763608
104.32493410395166,32.90492051387229
102.99319463545866,31.12848102860267
103.57095489679507,31.215494769370125
102.87994104635946,30.88596849584739
102.42587145198522,29.873776583517408
105.54380655384152,32.73752105744202
102.73907843905312,30.870761699107142
102.52931192365133,30.554927758073777
103.19654259122068,31.02826501481088
103.5662578288437,31.275246835644403
104.96843533159772,32.653428215007175
103.66202383348757,31.128804924753663
104.23259637231673,32.25661454765104
103.8577951503807,31.589100484464502
102.70360273745541,30.362794344225954
104.1710361075254,32.203242841742615
102.42516255241065,29.939950989355783
105.19022409633145,32.588253688771694
104.73063226681224,32.75578901415071
103.88449369853056,32.60793955277578
105.50465502117027,32.84856120756899
105.34311707451535,32.839961022298915
103.27468298069395,30.939891425031256
104.02308199782462,32.146147434564654
105.60237200925754,32.89195518492361
104.0979006545708,31.698604875210233
103.78872510464055,31.849121127685592
104.09938140257847,32.89696063651021
104.0032207030729,32.75903797499262
102.53233425228896,30.351851860511374
103.92804222927137,31.491829192314555
104.07920691438711,32.916859726729506
104.10720273730735,32.60337213652186
103.9781199744205,32.916224180442484
102.56416108007248,30.362936053230644
103.61208954205269,31.149136592152782
104.54455083078395,32.70270459857081
102.47652900174201,29.89302725247942
103.8387699459757,31.518237021104568
104.99754115000134,32.71001272435669
102.57430279287125,30.415080863895618
103.9468760963979,31.50593903453844
104.22682288513204,31.7981176437563
102.65183201346318,29.649799154773028
102.78747942393292,29.490565031841868
105.21560728416502,32.92485097128258
102.42074743475573,29.974592742196922
104.02257455155906,33.093380483545346
104.12505711996849,32.2422181414856
103.97513953831289,32.056058529207995
104.05054419731479,31.414104588153226
103.21376673593197,30.95762201550765
104.2059643949479,32.7996321520154
104.13435492368015,32.702406303064635
102.39879652689537,29.746407703383753
104.65150410913769,32.78795965311563
102.6054443671235,30.740648800540267
103.06147578481173,29.528922521185297
102.96495354107829,30.729385874823947
103.9744183840443,32.696157749718914
102.95184909791243,30.415763681784366
103.78200137614645,31.85501670264284
105.22458154740625,32.628622203032634
104.29225280237623,32.540209936286
104.95413719095501,32.70690332526397
104.87994696180722,32.61752814753106
102.9437341568099,30.707852575806193
102.60736061445581,30.45166422062085
102.60537506934932,30.611514422515803
103.69186082474539,32.00789393092439
102.29097167229713,30.015901430291084
102.50571875224347,30.63981205662711
105.62399872795909,32.88239017457266
104.10486830272856,32.631331281213534
103.10906311699964,30.64085432057879
102.61099009902787,30.628996119588823
102.6603488263203,30.82692373599382
104.54857704955856,32.66503324125074
104.04883728271875,31.64533386851656
102.49947887183917,30.244924259567867
103.81423260254878,31.93122707904235
105.23233753551442,32.61216675084468
104.47548724911879,32.95257551416822
102.79523104669809,30.517635195449024
102.43765620364333,30.43281393237323
104.30131370459141,32.769753902672015
104.38050582857785,32.12109283783752
104.20410005028658,32.247498918139556
102.38296823160063,29.007208065770207
102.81783719397781,29.561538056635317
103.14499385643599,30.620282283870445
103.27809887566876,30.814615898442003
102.29096186227487,28.958813024613434
104.17966135517557,32.38242664282097
104.23366831414911,32.722957720489646
103.93080331666752,31.54374936755029
105.50645864105306,33.02955863415063
104.29628525279163,32.76928479925714
103.33145546585537,31.308795595374313
104.25758429989901,32.257091193006396
102.72022364916357,30.333254487426082
104.03196888474977,31.58492069638435
102.80447172099505,29.615225704788234
102.55139201857348,30.716849068937833
103.24135891138306,31.177687399545025
103.19425695935621,30.94765208248301
104.31756111166791,32.051305788109204
104.12397022910899,32.19127943947573
102.80929063707909,30.652921273161816
105.3108135783436,32.75744800527446
102.52540602667115,30.50519772260571
102.57780864076736,29.946644612087763
102.4835387308502,30.395043060189007
105.39258491934463,32.80084442245091
104.97435709443043,32.56236191684516
103.02086644620677,30.837626604978023
104.25949715152029,32.53657647535101
104.29871490000647,32.8466896789071
104.21538861598614,32.17292693153991
105.30283981835417,32.77562165389567
104.69495690364828,32.48703639384776
102.3970854852312,29.795852500313384
102.9012822518802,30.779786233320877
102.64493502249499,29.71377934330995
104.1143701066226,32.65008664044033
105.36893745374411,32.71567300225621
105.48756555559036,32.785519272705734
102.9922529839322,31.301119727025682
102.67393920009891,30.29881602456452
102.77594851036247,30.203722058905264
103.01668348224129,30.84795347194124
104.01430550000717,31.72178649173797
105.25449006582804,32.61847072446899
103.35874545265901,31.07543060733105
104.8277114542118,32.78176479966632
103.29559832228662,30.635735573752903
103.48212935790492,30.940452559843198
102.97645212676522,31.191806478752262
104.4280668259844,32.61171521187886
102.50120160310384,30.720993505614413
104.12129337118394,33.09652511109722
103.0298939434203,30.67585833431189
103.78022426279868,31.85162219316116
104.02555231125136,31.52685266332985
104.1027361473933,33.06495817923593
103.83229430330793,32.445695370771766
102.36114198537183,29.009094264469812
104.54260203332971,32.826748865528025
105.23877960691104,32.807619813537215
102.98488653558073,31.166346798982367
103.33562377181042,31.027208118716217
102.3649387537514,30.158248813395335
102.52422318184931,30.251259489931066
102.60411465500741,30.750732577683515
103.05573985325815,30.75459298430971
103.02531714620262,30.808224003159292
105.24586332854099,32.66923206345456
104.44889255055787,32.821449496419206
103.31291884766142,30.940734786344926
102.67630324794429,30.66634266579669
102.7382417333897,29.637485156065438
103.16647256525721,30.87188599373641
102.61143192325746,30.735168696068904
104.15159217740295,32.43516328080839
104.06125741408361,31.74880172129259
104.2421522993658,32.28821254554187
105.32419786517868,32.633155431517515
103.02882629623197,29.462307800332407
103.25315119220974,31.20689530801069
104.2258355428272,32.79262656394864
102.99458905446855,30.531447977604053
104.09111923370817,32.6121807936049
103.9951156801131,31.56098689016745
103.07180402068902,30.956545993165545
105.45532919876825,33.079597743902355
105.44849771428773,32.95959460907136
102.98703663655515,30.777723466669393
104.11977740205728,32.553425294611785
102.70230839042014,30.750364219696806
104.83504189583658,32.61463841846881
103.98092229275635,31.685037892375206
102.75355867365555,30.817138736611838
104.83196337632899,32.67544640145585
102.52428542308675,29.94680250864524
105.49467858377824,32.81999033873464
103.84046516949064,31.58868967525512
104.60904118542403,32.869516610502856
105.55834846198752,33.01977574711722
103.93052272854949,32.336820183113396
104.30946477071058,32.541639316833795
103.19101170426163,31.299189833924284
103.93082659433233,31.883242303641538
105.03807605745648,32.60819454178407
105.27645666524998,32.9749239668329
103.62821831564304,31.27132157968303
103.97771381969694,32.78685193351715
102.73950390024946,30.658667519904643
105.52194925702182,32.90885683279518
104.11494405854643,33.022328080590775
103.45841606862092,30.83259515242402
103.82218435620908,31.954651096384097
104.48767789054915,32.84942241928812
105.17732306791169,32.83196837813408
102.90017768094718,30.832733694987013
105.10429003238119,32.92669140942702
102.59107258867257,29.833201546550608
104.41600118954021,32.61905310725878
105.18521563131254,32.79244444150319
103.25895164293715,30.781977705544055
103.8296191899382,32.247533536767016
102.31026116726566,29.83411902356007
104.37035882604648,32.52411238029288
102.42025789411956,30.0677487453516
102.48330891900537,30.60878206982048
102.46416351461454,30.37117682818689
104.08332072517473,32.393515927263365
102.7486981270325,30.178947095199614
103.92296058078006,32.91421309380095
102.99647401743007,29.4563860098683
104.34281036558693,32.23904780071649
102.91906270411415,30.444552031990487
103.09055103119258,30.748808500642447
103.11308404143158,30.857098831841878
103.89874734856824,32.732753405352696
102.50264916636245,30.35906684445194
104.14076175191572,32.73613166371725
103.39842023788675,31.14017919549504
102.81265755395067,30.441508371259456
102.51231316372653,30.285079127525588
103.78111225707237,31.47927987605132
102.64862996207131,30.15904069693967
105.09732766204135,32.90217880724903
102.80196598321426,30.76317907584088
102.60512015680975,30.82016970943321
102.65610586337465,30.76766092656961
102.67224761125712,30.2058745731046
103.16559481651458,30.931889655900825
104.02540208417814,32.30266423621115
103.81866643293475,32.50353122859794
102.37168066066663,30.209338618363155
104.48677012297472,32.946434748158644
104.31519528530684,32.20442466533652
105.25108717326748,32.64541876892844
103.84586721082002,32.638175520532286
104.05059976913871,33.102933076040685
102.62806022037661,30.113585227188402
102.59845133448093,29.935894790124088
105.52344934610042,33.02365174754778
104.26147651638937,32.28925129152128
105.42547840821024,32.8387270736537
103.91728453075345,31.65484972398565
103.08850746421952,31.15723452313821
104.25035250872402,31.783897387908294
103.85685360225135,32.335721853439296
104.40332785159438,32.28376993766768
103.26472196798467,31.209071881273186
104.7121348279513,32.74316451689392
102.44882514310983,30.617403425052313
105.31879527607735,32.79881068054357
105.44363578921994,33.02333753550916
102.40373429951286,29.132456639792455
102.49844992938289,30.52314016012559
103.25579997055614,31.150779488433844
103.28757106849913,31.015623676022994
104.06950114600735,32.49041156494819
104.03379405657537,32.36372172954272
102.70545414059754,30.768722546283993
102.40814197089182,29.82274113685542
103.13757148627228,29.457320663170858
105.36035728836185,32.88465475959368
102.67468566355626,30.58391908542136
103.17204101235407,30.975722107746474
104.01773302540136,33.103481002368
102.37186926721809,30.040772791876144
104.14961561369205,32.78106150525223
102.83095056028348,30.4627777292182
104.45571712690587,32.75621726386298
103.98666392915688,31.91306580465821
105.0696504429733,32.59966511612846
102.91917113179154,30.583357989764444
102.97855808167311,30.798975967376578
103.1711516324501,31.26612685585455
102.48470410874535,30.030506372916996
104.08511208718515,32.49923986156207
104.05762824544858,33.03351476166553
104.36146658506819,32.740793587980114
104.05022228277022,33.14777017376435
103.82675937444466,31.938828121174346
102.72441391839,30.335553321259578
104.06475834077472,32.6223495919722
102.9965990457772,31.135697214015245
102.53676841976706,29.960697660440314
104.54113712928816,32.73545971910298
103.76841661593421,31.264863938926165
103.96834743060813,32.26191336663454
102.38237657094328,29.942991352720846
102.86105191744804,30.522197152296712
104.1113411687546,32.651642605242436
103.08428497586469,31.030115307640795
103.29017995016638,31.312977096221324
102.41275496595087,29.108611865846353
104.54142634262742,32.57353702296456
104.18031626068961,32.732594354860964
103.28330065236489,31.04243053129623
103.62958749620933,31.237553923874103
104.34337724217258,32.26658668603588
103.71296157502344,31.29617835359754
104.71763070370024,32.561908101334296
102.63053569146022,30.21781360992765
103.75047084182847,31.35115429824232
103.04724227577941,31.239566161864943
103.98196907007531,32.68641091095079
103.61302997687788,31.141088976243843
103.92654135822856,32.094967656506014
105.54390089754779,32.73734110122163
105.36906908218454,32.825261083346575
103.98813698385773,32.00504038659522
104.39820911793595,32.861319600995245
104.03562413649927,32.07618716606545
102.70273556338465,30.74048317438372
103.7293963791702,31.911623040821045
102.94736476663691,31.175386877222085
102.35148919221655,29.86636625990316
103.96780546895391,32.078969994849324
105.287789424493,32.85051446126075
103.81834739655196,32.33081512390081
103.83777693735877,32.08834509714411
104.35237024032975,32.28316014118471
103.93324833505811,32.390988659405465
102.50083230015231,29.906337198896104
105.43256680974024,33.11459006814781
102.96276285206575,31.114227616766303
103.86570741662659,32.2106576636199
105.1052387873815,32.62881026311371
104.00705111910273,32.53902274196861
104.72631390589513,32.705089661716954
104.24684826595325,32.19385882618308
102.57603082061175,30.310666123670032
102.82792125254905,29.59180918726952
104.50416690780602,32.50728403563726
104.09558845208616,32.17901045882877
102.49166469976521,30.55391811915571
103.82428170590543,32.05673569583001
104.17611344430348,32.911901225040644
104.53045725910066,32.64236090377544
104.00001753832814,31.838696655223135
104.01528128767364,32.501302340139766
103.66241016407066,31.159665546119776
102.68415305339444,30.860445065302645
103.13405472851414,31.18831897288087
104.02096937712267,31.491333561857363
104.12020372328388,32.28114961540758
104.2256999361306,32.81693095695798
103.7412646649392,31.89352036327912
104.0077541787919,32.61499701419193
103.37999947429701,31.093920706063294
103.9844402363755,32.4253455514247
102.78402913489384,30.820916249957115
102.97572271308424,29.53708622218547
102.58617584712186,29.864429007807693
102.48032084555217,30.118971942753024
103.03353721330588,30.773380203203853
102.93195393816552,30.735262054967208
104.17422019569383,32.56188395501564
103.9886622572872,32.25775764251738
103.71760095787641,31.364037974470584
102.38811554352192,29.871589663236996
103.92055887415712,32.0573710697337
104.0884027482855,31.742874833718318
103.41145046826644,30.855489143406913
105.27375648794789,32.87635694365442
102.87279245290529,29.58253806991886
104.23280515344011,32.25864221097952
103.5605413486935,31.27282750236545
103.02206980704958,30.533965014570434
103.08434406805488,30.800638988575965
102.66072632385166,29.99964965586794
104.15785175637696,31.694094969025176
103.89671461795983,32.552441168655385
103.13277044856618,30.71260474433468
103.14073929072356,31.205726270254715
102.6787620101729,30.70934689604806
102.61371516498733,30.413659318959493
102.60909861036934,29.651720105486767
105.4184001934624,32.97624585080676
102.46261233016025,30.552970114696947
102.32201555597324,29.825124211970895
102.96243808367365,31.214609121487687
102.93538058868047,30.539430244671202
103.99718870442892,32.156258748994816
103.16098916600698,30.798431612270168
105.50130115106037,32.82029170102677
104.15238581771455,32.34892016079829
104.22221694266835,32.193430274691025
102.41912283914759,30.152994946470322
103.17390852384429,31.221729448995916
104.28291459667655,33.03706907031125
102.56447880422081,29.996329638183024
103.9353922233044,32.063007394761755
105.2241603830245,32.92359811406371
103.96054478975311,31.919817528072603
103.23801292507834,30.77532422977084
103.05418969311219,29.48279453417662
103.70613304151532,31.990818830314268
102.87353214394125,30.82843671057376
102.40036039257001,29.107278904276004
103.06372200353339,30.473906149726822
104.02681165867895,31.736604131335532
104.42234539165858,32.825168191176104
104.6824402196731,32.67722665548849
103.3737663672762,31.11926212539794
103.87106495533465,32.37079225245926
104.41376271428724,32.9262766340843
102.52594211138879,30.071828533380028
104.61953062220898,32.42325529537751
103.03691916519914,31.180301155890835
103.35400892514294,30.829146425965103
103.97417558770314,31.503214838024363
102.52489918327122,30.242817132135954
104.42101122068729,32.29948620996544
103.39818411080958,31.1506112413581
104.1536219420188,33.07892165312686
102.63889279533791,30.527345366504854
103.07297648195431,30.675881125913683
102.63889322507495,29.9519771416205
104.62572804978707,32.459894744961986
103.28436514181416,30.928843579021656
102.93482058090659,30.95050679751364
102.82469446023912,30.669497472302886
102.97599482681086,29.417892851623844
103.26690415217709,31.169662826749242
102.79053843553308,29.590752247658404
102.91521718366717,30.638399488499076
103.8403084651914,32.41663775112448
103.69741422751207,31.993444753362624
105.55653049204372,32.89481313485093
102.51603361497753,30.30038379026341
103.27068073226422,31.26669038577839
103.06530185528435,29.47517246423573
104.04940460914538,32.918792312192835
104.29217795509811,32.59632290293057
104.84501383491286,32.48365958288484
104.57818909186582,32.532569748866294
104.6918266939362,32.81448276431081
103.01306991094879,29.540660063428138
103.90613306759859,32.25618433876802
104.04303938062354,31.739191976743328
104.29290277615796,32.12933226876194
102.9891648553881,30.557256416332965
103.61513407576693,31.265495274980196
103.96499665361264,32.27845304142034
104.45946796224489,32.79336785220319
103.78734513457171,31.963287237235413
105.53557723802642,33.04902514009119
102.45624299934272,29.027495306689023
104.55576857465545,32.82044571391051
104.09623573856159,32.498300195323324
102.61812573730201,30.13040481803982
102.77591786798101,30.685770287783413
103.99227465252866,32.58023604144695
103.95146391410006,32.28524381170224
102.42808117986159,29.99657817065085
102.54822968691343,30.26952732960074
103.85230844553979,31.877174490942163
102.77533277307306,30.597885775908424
103.91562874590892,32.346958931097824
103.76985015476994,31.29485021313271
103.18617873833759,29.507578855819634
104.25154918265227,32.29988050001115
103.84367408458024,32.5802020527303
103.2675981406288,30.93695555400732
104.32067577836588,32.512917099952986
103.28893229648651,30.82657693887159
104.34734230169886,32.64536937814901
103.27165821529502,31.29898426296306
103.86884030111935,32.09997371736566
105.44918325742469,32.777560294948515
105.2609455401182,32.71168949425469
102.97924512072582,31.22514265946046
103.2459514996322,30.93391804196238
103.58875416900142,31.17662382281836
104.02779107093144,32.17258338445127
102.79713446740044,30.549138291072918
102.89802927992676,30.63011826914364
104.18180678102571,33.00264206922675
102.9939794227315,30.50110335184818
102.54394344911441,30.192255956247514
102.66019210520022,30.24479946940088
105.54281346327097,32.949526697663
104.25203830239323,32.958104373885256
104.07671267460154,32.89776854354345
104.42975260059538,32.0887877931878
104.32444133410601,32.5817689984098
102.83043354130632,30.706238090673025
102.39143775098118,29.035841197931628
105.05700193598734,32.68060750515306
102.47724020079221,30.421943332377076
102.660644572167,30.748925206252235
104.83498765019895,32.48478918310502
104.25365933602765,32.71346458276835
104.81037277643323,32.6423954561925
104.61493044849759,32.79246020757702
102.61198004566396,30.520121229780177
102.46398409556983,29.845531551498933
105.40709566249015,32.99448848828333
103.75265200286391,31.353235802464678
103.37932701940437,31.159099224550815
102.61364531293428,30.315829538504
102.72925511999946,30.659825981793595
104.5694816533554,32.78402387025324
103.28206259365957,31.13274084754423
102.97416086856875,30.414001409594487
102.61692643911282,30.2482717222618
102.84505344299231,30.54606717021006
102.99522390423898,31.170095415148246
103.10814512286096,30.585128902929377
102.35935139794069,28.87844921930749
103.14533210909717,30.899422128087963
102.1931844231753,29.01622878654927
102.29467617744416,28.963357796559137
103.18928234555378,31.24070679476082
102.935413504693,30.525172193669782
103.08651674269886,31.18373729260356
102.99647726490106,30.589952974809897
103.88630947338795,32.43873019795245
103.34104248632082,31.28526099711558
104.27912693480896,31.765458918872113
105.41481032981436,33.01084612543701
104.18959790251668,32.134881252902204
103.92081162227791,31.687185129882984
104.65645619792971,32.51404122997569
103.39426348001788,31.332522367187188
102.55595432518237,30.72639927436078
102.37346240343787,30.2160250081973
103.99881855433368,31.929296602241802
102.66602316586807,30.1871592081102
104.63418950301353,32.51043927681255
104.13332287253061,32.75788469947877
102.63879904660408,29.707157832757975
102.49215008237871,30.264600379116096
102.76405394273931,30.726360368084656
102.94614281712512,30.431718870016926
105.37041007968992,32.88473626124859
102.92766097496072,29.55544783859777
102.5994865335266,29.8786182778151
102.597771156539,30.487587790412466
102.4320498136817,29.73295827280019
104.07767628047984,32.313728158246974
102.55657986887391,30.17086959712202
102.95562063159083,30.412402237001405
105.32285983769876,32.66632359247106
103.93657816182179,32.483818747971604
102.35687047412655,29.873378740754497
103.03311384846933,31.022596140666828
104.7130226706051,32.59061835690279
102.51641845914935,30.652283736872903
102.38043073681445,28.93907950761486
102.45766495687813,28.955711444373502
102.77291459917109,29.63247977953756
102.48505947516473,29.008903622362514
102.33538648013399,30.015390237114847
102.92505553445437,30.55311288989866
102.57868317442333,30.164592758114182
105.40679174152257,32.77508204126222
104.26469754193903,32.26557268122437
103.99427796138889,32.60403653275801
102.48566316611418,30.199606158103002
104.13202806872492,32.1758098842206
104.12696786845146,31.7158983935019
104.1547000548229,32.90716587173327
104.4286524461467,32.70363535401165
102.44733393230335,29.98068717613173
103.08134070552859,31.138836307471454
104.59757755890772,32.46765450834411
102.70450859750078,30.628388193558415
103.53687817073242,31.12464253534866
103.1928800159936,31.17920932884299
103.29171193133921,30.796155957939256
103.82418215685652,32.06366344241003
105.513935998024,32.8532916755064
102.58267593239503,30.443351189766247
104.4653389924216,32.68106107907765
103.89406506294624,31.750060972908685
104.08651959548389,32.96287489814094
103.86463044388687,31.76144630231582
104.13610590008639,31.7369211052605
103.05897456959411,30.644822453897202
102.56130697526895,30.068497268666487
105.29402031487577,33.018524999592614
104.18605070280091,32.30709784141275
102.3635828091711,29.75685073629775
104.0282666508223,32.04498855380598
103.88996679741851,31.457503417692312
103.16419759758519,30.50586638294772
103.0450271819224,31.26738020218018
103.96947888232322,32.832799975257124
104.24358468078418,32.61154728334015
103.61146093674586,31.30842828801306
102.63609299792266,30.475408871303138
102.35873053279785,29.995177443564128
102.54304151935003,30.69855757888563
104.1548218248294,32.40153876999156
104.54080203857635,32.63251683420304
102.70128785893964,30.554370421866835
104.42393519119972,32.82503682413741
102.51786887452924,30.64167540877189
105.18084172240067,32.84366978642961
102.45610083325299,30.066551303805376
103.81364644972946,32.26865489995828
102.51959495467385,30.582739009166815
104.03115262356208,32.43994679742407
104.06537948120256,33.056382819271725
103.02852361953033,29.548254015582636
104.29309359810223,32.58676272413245
102.6235384190178,30.41036742129046
103.19011706952567,30.962526944175526
104.12784865885374,32.193924319390774
104.27888645164919,32.58379698104216
103.54876498684015,31.150543652646963
104.46043298765883,32.80228333289686
104.42126278817645,32.67260251560456
102.4896949199285,29.97072632544316
104.13373374256891,33.091550914913995
103.76408165618714,31.934315025081037
102.34425340912856,30.114875123572794
103.7485848547392,32.09819639035301
102.37391439253388,29.91719854930981
103.20821018400191,31.050657113365737
103.09232123270243,30.936043789397846
103.86298497017609,31.433227719666167
104.04993244596206,32.971207832635386
103.24323210078698,30.77567634140191
104.5361870867245,32.67419575942127
105.16796277114635,32.91223644997535
104.23154715755642,32.13610483147437
104.34061487042825,33.0013259401792
103.63777526676134,31.331405900761858
104.35701646537608,32.826187097445
103.10559677899109,31.26961365003818
104.18707904706469,31.74309463639928
103.88828066024686,32.55003135783939
104.19614081008665,33.058768165922615
103.98642673341986,32.87846407483839
104.94875199074967,32.66072296899476
103.89590850097849,32.61669556842316
103.9487274459015,31.450364459562323
103.3037301172787,31.404409158597492
104.4796447732354,32.76556972069246
104.89423851410167,32.55328189263775
104.04597145930524,32.44577155645141
103.10614490350936,30.435053320397095
104.12224840954086,33.146827636286
105.13212226202967,32.57956283572965
103.84555312068204,31.972050492794946
104.60144178286454,32.57186888357719
103.76693824761479,32.081455216415435
103.89769901788621,31.879547862248394
102.56293164412057,30.10056473433377
104.53613912601674,32.64654253900461
102.46011370652201,28.910662590889277
103.92883850975716,32.78122319571744
102.41968999368774,30.24589371777775
104.80135816817418,32.744121974533996
102.39580193630533,29.797867769844864
104.46110712705446,32.68700668024216
102.80213642227815,29.530095211018565
104.01222659203842,32.97223170096368
104.37275142961397,32.10499578519944
103.88546612594104,31.605846764287158
104.33055395907527,32.22105360275884
102.42677312601002,30.222228360254466
104.03138455923293,32.570308608351176
102.40920983237666,28.894768303454818
104.51922549897749,32.508920471649354
104.01548233587778,32.62410584521548
103.93274218213648,31.48278024034678
104.05860340117498,31.82939004563957
102.93841050480235,31.117002498102263
102.74381856935787,30.314499032561024
102.51536851844966,30.559090425510277
103.43695134023247,31.363375783103677
102.90857070563939,29.435915619484774
103.87452305634773,31.61028956665543
103.89319507067259,32.30425645910276
103.06355595631952,30.624553657508642
105.47655019061305,32.89882430350453
102.81395328532867,30.561683891249977
103.81207144526886,32.10022775659692
105.39427226681336,33.11642859053681
105.46129324656319,33.073486120463436
102.84755633618829,30.75692289590837
103.72214518743405,31.863965961375346
103.04631785413693,30.77135667797479
104.57902328501976,32.872173136975945
105.64119519453669,32.89720162767983
102.98903979066255,30.77246635298438
104.76064021799925,32.581734221511965
102.98763041262772,31.083528382270476
103.45418689071063,30.857595629083033
104.26079575557327,32.51571890412832
102.40009551017003,29.931332071667317
104.18696074034578,33.05431554138662
102.9790412373765,29.538947264902927
103.8324866093543,32.659760844399884
102.45601116272185,29.013341323958795
103.89651350840519,32.495279834697115
102.6042755359892,30.10645573494517
102.54711492650553,30.21482917426069
105.32693931852194,32.96764796253264
104.52399892750427,32.74888538017999
102.97188331330352,29.443896524585348
104.0962614232003,31.61340605639183
103.2394827019071,30.64069301537531
103.18627509161007,29.466799262196247
102.67667480402574,30.586681588618816
103.83094385180506,31.568191560751828
103.25209797927441,30.77427929180299
103.26529854837621,30.8078645428611
103.04664571269905,30.638376156257987
102.97053132257427,30.609041433533147
104.75951445660365,32.5010963604894
102.20724000250055,29.05979631736945
102.57710373222864,29.832686647367883
103.0023393731022,30.503884736361364
103.25657578904719,30.744255719375765
104.01068251874263,31.91279839660681
104.43289948019147,32.66769532860712
103.79427618119595,32.01911037085592
103.36831671435708,31.230149898274775
102.53304230739178,29.87412683846673
102.43568824504126,28.910344542479194
104.07357526900456,32.26284545038237
102.30204711269892,30.098698429064562
102.50430117658746,30.76887764533646
103.17616759453334,30.987684316450686
103.0301170306718,30.462828815883384
103.82982722649871,32.05068358051726
103.14003282562902,30.624882646019575
104.10266512282111,32.04127361590468
102.47511371625544,29.755984510306302
105.53001989889923,33.0335091587561
104.88386476423614,32.76606537489131
105.40659706934275,32.888859457284106
103.05104981412103,30.566104904259856
103.8420987372093,31.597217794131957
103.04222804760641,30.58093351994276
102.29907952298235,29.969631290153746
103.86342704673602,32.32298563785611
103.06270648366822,30.554986025399955
102.97855680049774,31.02528021075703
103.17376879003442,30.77826991383065
104.48928224813245,32.48649928674885
103.97758405109262,32.41485075462157
102.4149727460822,28.90040843415916
102.84272659490097,30.906701518993458
102.614067143246,29.9378411532727
103.87334144810521,32.50577311306137
104.30251224211501,32.850886528969966
102.65769321009195,30.729266683142832
103.09550582791641,31.046764043384893
103.42925222915329,31.405012134846572
104.30247762542663,32.55598454797361
103.8617504524033,32.3302007494939
103.90999257443697,31.377224973626873
102.92232044223225,30.355447317321918
104.7724109796037,32.77787715708488
102.80909195186501,30.498474573811293
102.57978263661434,30.428024644954537
105.34171221920334,32.65980583083852
103.28371240672205,30.722365869129657
103.07407074149042,31.25355531677994
104.60170441349716,32.801659209184244
103.82850486344444,32.03245695973755
102.55486676116185,30.788345067417207
103.53997858530231,31.24382345585684
104.03648967620157,32.08826842928503
105.31034153038297,32.855884921875486
102.63105917616424,30.566673287615128
102.7613210939154,30.636568796155423
104.35237451724744,32.51630495719607
105.33703464932411,32.65932792102994
102.75212257551824,29.569049280185695
103.29034210401232,30.624537974695286
104.10316884550416,32.767320206939665
104.28652311527436,32.18715968960444
103.74943303200675,31.884540496272006
103.99336085080613,32.050809882239
102.43465265456265,29.03275436070639
103.14678834423893,31.128974224046186
102.3999528118678,29.782659940433575
104.50263283358889,32.69051089268563
102.78612118763064,30.610932147581238
102.50082987055877,29.699807120914937
102.96359618853039,30.453139558756202
103.88651528075603,31.80481446832355
105.08155415434967,32.65475049653384
103.17465247191431,30.592668859232447
103.36544701961968,31.265893547428668
103.03390032710686,29.506417905466108
104.91444339817097,32.72772308992685
102.59162752654977,30.53081648095585
103.37056920332586,31.049208831801284
102.98774841073482,31.13861603948797
103.03084270699813,30.858660720842497
104.4003488228361,32.564114454188896
104.30107832397108,32.1063241630901
102.46621573947029,28.92512647460701
103.07645591586912,30.74070339748093
102.62285643422987,30.21694463036208
102.93646823309969,30.61983514696417
104.3092140427878,32.913050922227065
104.01986281253548,33.069876757166554
104.21864357313713,31.800184613293375
104.04088713494545,32.49513993024034
102.43046067461016,28.944512130944073
104.28402924815613,32.751510616698354
103.84718315044529,32.36196602932557
103.733112912586,31.92925072395107
104.07070528950682,31.56629183200232
103.92842926860257,32.56171237296934
103.83177776216958,31.318058294159098
105.14838612752827,32.957635138300645
105.53146023169718,32.78828747507938
103.8737537574671,32.66838683242001
102.93182056063252,30.609374106757926
103.04570421873012,30.94997285742625
102.85166799973616,30.693712215950697
104.29137426793119,32.542712306205985
103.75743203980741,31.287624477808613
103.07798767535492,30.563391565019618
104.98246045076814,32.70015137540982
104.1179222571602,32.265155691732964
102.48778002040385,29.983477332262083
104.47826646509554,32.7693982617536
102.47727533449654,30.373172273259723
102.6330560207926,30.80640345008637
104.074230317841,32.01292924943159
102.60257753594207,30.70616519416509
104.41477801762123,32.13788675869157
103.17180703183541,29.506060133994538
102.6882731651023,30.189370224183627
104.69500697568111,32.821391195463846
104.25336237557708,32.53972936097155
103.0685434500121,30.47802466751505
103.40854278639227,31.165292489559114
102.9277004102061,31.20380157283303
104.2608685046386,32.621598575598945
103.6207995520992,31.207373583991927
103.21591827254976,30.970918679837666
102.60822029927861,30.31808205261825
103.0164202330871,31.133359392965364
103.83448360321646,32.02068362084815
103.62992145654881,31.1572552709365
102.99212658150368,31.22273751487296
103.08637722668355,29.498576885760315
103.16005136977024,31.171250958496366
102.95931847439118,31.185975647648853
105.20266911233547,32.90497819663146
103.54873016393003,31.20208904527909
105.05469893845422,32.57335268684479
104.7091215773781,32.59541031310651
103.75070318113562,31.325779050211835
102.44353230029883,30.52833957397302
103.57751827932414,31.100591948081863
103.82844063045742,32.10145964142204
102.55668512779593,29.924636755669102
103.89575503784489,31.452992413874348
103.89218871517141,32.607902621846506
103.36686432974956,31.072931399576433
103.03434202152272,30.77493790750707
104.32410268825782,32.77372265043128
102.94719167162064,30.52548757393822
104.14722397834556,33.05946064834352
104.34763321241084,32.69663474149022
103.89485140031734,31.699590466596312
104.41430951142192,32.71828821166195
102.45638298733375,29.979187453718477
105.3742000117447,32.69388606326173
105.36664937080371,32.71184054350082
103.87871978696346,32.21619007550028
102.97308090163817,30.958751386826123
103.04985059589704,29.488916984837374
105.27461165285236,32.966691710903206
105.43548646800825,32.90976046470021
105.27538685631139,32.7611882205556
103.28836732282647,30.99702419298822
102.86094962492302,30.761241558701904
104.02794038252213,31.558715577163014
104.41149953549697,32.51582869802285
104.16745531536479,32.94671130583609
104.11370236169607,32.95082367543035
103.76162624540426,32.088710846053445
104.02092404653327,32.6519355205423
104.06033441661299,31.580943658307227
102.48739293124204,30.654642424146527
104.03673642634146,32.91036903396105
105.53452236254026,32.87952169989214
102.36025591545064,30.028578292668573
103.89392854396804,32.6459307915399
104.6862199536022,32.56194838899383
105.24707203837539,32.77720725447591
103.58647771880058,31.291374056344107
104.54297462383306,32.84019102794848
104.66957656579794,32.73716566261699
104.64990434139943,32.77238925431422
102.63347116586954,30.816708098978026
102.80462127659281,30.82164678245945
104.36069555609447,32.57760109907674
103.09855247928603,31.181209520333223
102.54413513865323,29.99793441847401
103.0749210426288,31.184980815934935
102.5385825502977,30.10817398509266
103.37700657468747,31.15059416290619
104.05847433971722,33.177244664087794
103.95612396103651,32.45690153711629
102.66784845962792,30.483685082082115
103.68444101219612,31.979604104022364
103.90881074807965,32.123523624577786
102.44513332771105,30.146638666386842
102.58931606784242,30.459797174652074
103.87767358648026,31.674201406114445
102.94214821343124,29.482279232602252
104.30389946055827,32.932865951960785
104.15917443385706,33.02667731384514
102.65311718666118,30.799605186668295
102.9836378375818,30.50055563987371
104.13774300484525,32.46241006839702
104.24329649535665,32.14373522019315
102.53271229384782,29.925854179110353
102.59925238289719,30.11384682262002
103.8538547086371,32.099401899835364
103.17087010637593,30.867221088140212
103.20544142884734,30.655273982816464
102.99627649425598,30.49640978820519
104.74668629938975,32.663580776092026
104.19195936266955,32.8622180951263
105.57792019419308,32.993090449849205
102.43493160338741,30.38863587402653
103.2813825455708,31.31005064371644
102.7695106067408,30.876883686249194
104.07499757408456,31.88695291753655
104.58993717750809,32.60709320606112
105.52394972743771,33.06961750735284
105.26727562892371,32.85481093060687
103.14617908772333,30.714734582637043
102.5235212835159,29.720131959460925
104.58476082963797,32.87729477738197
103.95596001868125,31.382813816384655
102.28391440146339,30.07704476260093
104.6888685772038,32.61111851937754
104.04078672704,32.83386079348407
104.02354192674223,32.51355196347622
104.42768879110444,32.594028195345636
105.40876552986904,33.091652163057205
104.03048987171557,32.63971283192433
103.23716644208362,31.277572709124577
103.27370808483067,30.847907657843194
102.6368783902407,30.17198400803928
103.81756759609009,32.05447452025933
102.41975539238072,30.492920473406258
103.09632945992271,31.206759048849023
104.64550763188508,32.70215643672344
103.95082866020472,31.47444336653698
104.73609730420736,32.73844921627759
102.54249013193899,30.693438803974807
103.3350672503608,31.370038329200202
103.35682030210296,31.299223874504758
103.8786800293734,32.66163468721959
102.8896852577854,30.7425103957372
103.81226200955501,32.26728055460912
104.39123375916623,32.08003050814026
104.22805875703028,32.09632209299517
103.76816109276277,31.93487785524049
102.45386148099674,30.399684562501626
103.37610168313114,31.08494041010321
104.78580756913995,32.705063224164455
104.00118685310538,32.214507514514295
105.00859115068519,32.7363472066704
104.37234612939324,32.581544109813635
103.04505738750768,30.681017138872715
103.28047451695936,31.3966379241483
103.79437924076127,31.38325262155878
103.96433635140458,32.59922859905505
102.3272331200557,28.895360717640596
103.76726839490118,31.514268086178397
104.06816871783457,32.672686418975715
102.46897849257205,29.884902200270357
103.25495984651202,31.093603585709317
104.4903463361356,32.79185232855852
105.19515277278956,32.90585522137647
105.26690357907476,32.65579736423147
104.70092856191843,32.77925099814768
103.78884187640224,31.86237154479937
103.67834986757231,31.334125030829238
103.76381972559516,31.529646738486715
104.07084277856445,32.11120104920315
104.12881440489562,32.60349532061419
103.15163805568152,31.267668455487005
103.32896077150028,31.108848801410463
102.80014655019617,30.434458653629306
102.7754037786658,29.592381245135936
103.87961498934303,31.890557539618396
104.46549507674291,32.841729778535935
104.4184134437406,32.091903903570426
103.60449462640075,31.111902862206975
104.15142158291452,32.602519647448595
103.60555045988676,31.2933521374648
102.47943350455037,30.772424839411602
103.95604054970507,31.865179118470692
104.25901668756956,32.69879349323077
102.51362416685492,30.604805181138932
103.96430812821326,31.970071148105923
104.73462189302494,32.69446421034362
104.03381484020365,32.33920907358802
104.42789427487295,32.293800140219425
102.72097603058559,30.265264967377696
105.1973577696712,32.67975257434402
102.70772650611163,30.54004328047127
104.97610648840077,32.56801254858391
104.05721323338959,32.118002020116705
102.63241948090982,30.33108615525033
104.72757701126592,32.80515597225816
103.19356370672415,29.508066351056595
102.47978549308772,30.05691286265576
102.62603831972143,29.664523739807926
103.02013304795905,31.20842705154441
104.0313030926913,31.713329668537867
103.09499385879339,30.429197364207027
105.58994351492434,32.84948867288307
104.22689141978034,31.739861757505434
102.35054250709992,29.916598372485403
102.91006720038612,30.4696939070948
103.91510471256787,32.03816272276043
103.79647889734946,32.01373925655274
103.28974760422538,31.07024060318533
102.36548724352436,29.962937117369247
102.53792340192993,30.318673434896
104.1032549587977,32.66548624048279
105.35509467007806,32.970513606378475
104.13498867467224,32.258830570000384
103.35414042616716,31.22113403003027
104.32364071921907,32.73118222157179
103.22405823861571,30.603392226309847
104.01143498620426,32.407954015403504
102.57336736872796,29.727588501823593
103.01038360467521,31.095017771358265
103.37761392271825,31.196291165918865
102.36381264931084,30.053887086353054
103.96912891574107,31.696508071073495
103.12045672106844,30.86676805284049
105.3739650779405,32.72890455153205
103.69634414690574,31.21215511609091
103.89875509171549,32.273938667932136
103.12067623551607,30.62451660345519
105.30507484080965,32.73190415340033
102.918209786216,30.68930385952033
105.18593639754634,32.85074001698143
104.14541405818814,32.6975149790199
104.72897007513168,32.57721578248331
103.9729797781151,31.97992670886168
103.96566560136591,31.96453799483324
102.9166452032049,30.895652092736498
103.00778769799031,29.50078368159452
103.04189305124727,30.500783249526773
104.97961451344587,32.62665367024003
104.30156222236728,32.963614961397724
103.98814954838944,33.062478214914364
103.04057967273314,30.86546946903673
102.83079152433028,30.725705366562835
104.10564639760304,32.68996011660598
104.01731015781773,32.972814590485775
104.29147195369148,31.808410599033493
104.15115261543956,32.67290993955744
102.37034988442531,29.815003986381875
104.03972173989195,32.85313577464296
102.81711542152547,30.825863950302793
104.7146885679148,32.73913188471123
104.09626605213374,32.22234085074347
104.77861061401796,32.77118421586279
102.6900956185907,30.90502730304034
104.44137289360421,32.73041768366254
102.44664167212092,30.32265167681664
103.9482511318523,32.53775752544745
103.03337935873375,31.03334427259281
103.9969095853882,32.7766360361941
102.75202932990142,30.180246685513264
102.93482023687906,30.52737211295901
104.14692674021848,31.658565356116803
102.86163695792666,30.42470161746207
104.73393926933971,32.625192776860125
104.22837718810334,32.23084650388313
104.0685636334823,32.184623187098076
103.93247162179937,31.459210734617233
104.41550360913618,32.52965718778292
103.91319962554503,31.85292637013507
103.95159478833871,31.848110266485794
104.08583445509569,32.756722060243746
103.80960662902001,31.783914592786296
103.4606510199104,30.884244422455634
105.12475375009556,32.612828055532184
104.89058461171976,32.577871550469766
104.7676799827774,32.743861445942564
103.77012974507944,31.447106012684074
103.95755398901599,32.27059839909795
103.90438319676146,32.494163001725056
105.26663872560188,32.990346796875286
102.35442907350229,29.876458752010237
105.15135488787587,32.83983677564226
102.51526096736208,30.404356983017028
102.42756291092005,29.80180818883468
103.91630823166025,32.04034560518167
104.08557497778665,31.55364299170361
105.41540772653646,33.007182838759
103.84240062702611,32.050037557158
104.55472553742645,32.67472152434326
103.76390963262297,31.935945517583384
103.78899539243612,31.777975720333906
104.08463399116499,31.539331758368007
102.3446232927692,28.957585864841032
102.36662385040945,28.920372908309723
103.00067596425369,30.978200101820057
103.29224567278902,31.229831348195194
104.0714889043359,31.700378664151017
104.25542969018343,31.795653126777335
104.96681304774496,32.541040501273116
104.14979717832632,32.28694577056857
102.7038947497694,29.58139185182869
103.23656299994467,30.794487772339142
104.34383333666301,32.585246523813105
102.36432765540063,29.889495575170834
104.3386838373996,32.72127450542915
104.02912597100274,32.5997827853774
104.11698308271649,32.88549217219793
102.64611962884311,30.594707401551172
102.79069412453231,30.516089774182863
103.9485699335048,32.57226119271855
105.38128012778641,32.901597561972004
104.6616929861611,32.83110322112625
102.5423882715973,30.57901142405238
104.30876032783904,32.880090627717195
102.61666606751442,30.410502836309178
102.89050332502619,30.790168095831202
104.28864246611093,32.64633283832346
103.92893726776114,32.48657594989644
102.3849796076444,29.009225467953545
104.77852301023427,32.537207399877474
104.39516114595828,32.925453026988315
103.12093288335855,30.588595420526417
103.11498581521288,30.997960051348716
104.50342841555286,32.775009213747914
102.75837228758643,29.580986776645283
102.61669039231492,30.345283032841813
104.15524704922562,32.83228678527138
103.18263259871136,30.712903637303643
105.24197408650886,32.87359805018592
102.86480822809081,30.69650623974946
103.9695203652577,32.09665852692509
104.14324215748941,32.87604637915503
105.53208718246444,32.94600654236279
103.76044845826802,31.322663020009173
103.77497845511898,31.449049564880887
104.28175344885328,33.01570015554164
102.57652811581676,30.739748192876526
103.84496353322459,32.41480524245915
102.50098624114989,30.54017688410829
102.48581058631785,30.07497093284516
104.1794766607103,32.93716163555605
104.08596602392672,32.189638194668184
103.39905599257031,31.370251787992053
103.71437804919569,31.91181318270661
103.25104548952307,30.815690789832523
104.0274150825993,33.0623170238569
102.49391307945056,30.022263831836433
102.9262147920929,30.37621372473409
102.78201111194495,29.519703556274212
103.26865055412699,30.882134620420505
105.39377349681803,32.818439324162405
103.18073549823555,30.834266320417093
104.2492535304778,32.92807807991736
103.97579601698995,32.435465579143184
104.4545774204418,32.130981904846614
102.85194436482443,30.34430874950106
103.92676033040445,32.063728311698426
103.83838731219521,31.356069806517855
105.36617960453891,32.89248138533304
102.48852450387001,30.11453681749252
103.94768059869698,32.21534602395816
103.3799504120473,31.01956551477972
103.90930224816113,32.89304566834685
105.12735694364845,32.592664525325816
103.55195245585908,31.22699982749731
103.97003252220884,32.504340274998405
104.2310254237564,32.86688360915191
104.37111310330121,32.269808144880834
102.33830088969941,29.965829725439917
103.08482169552605,30.69769841489889
104.30237311486756,32.55075604085732
103.30484992274204,31.052646468103447
104.0370009467937,33.14232780390267
103.83070230827161,31.94860842246704
102.49786765417204,30.74343109112286
104.00327486865312,32.962528352100804
103.82560706391416,32.59088139925212
105.14644866819235,32.7215690097687
105.4288753848103,33.027003041207266
104.20468434490644,31.76074580113748
103.92616017946526,31.546380550139197
104.20750463233655,32.702786361421396
103.35289723062431,31.179927668266874
102.75553752957457,30.259011465106315
103.93926290545501,32.55787235520388
105.38754988781699,33.026489809604676
105.21122965489506,32.62872577936866
103.7079553554124,31.840689147959853
105.43191621419011,32.758880130497204
103.92737911535096,31.52156921957604
104.13219217675797,32.58501786595531
103.83349235086098,32.04078258031625
103.11145153015978,30.533404503882615
102.50728376865021,30.72182253135386
102.54911911788462,30.74500191972796
103.30785278921697,31.036640711410605
103.84667043911297,31.947907012932383
102.73158177871653,30.878468337362992
102.57425757685631,30.657942413762804
102.76054328975609,30.918657059437123
102.56221441488091,30.07597206856715
103.17431518819566,29.477911522110517
104.84242775077013,32.74455520551857
102.57180622816087,30.743798500122516
104.56910017056133,32.70262948454546
103.26506295967914,31.00762550766094
104.47993741156691,32.540443939647986
105.11863240833297,32.66629776625157
103.92178464736077,31.717536825419284
103.2909689058027,30.76217009036013
102.6685065017305,30.29070606384913
103.15872555393707,30.68172200401885
103.22631725241371,31.18056890291745
104.2220980984649,32.5701705902166
102.57549012412376,30.74264324573085
102.61503180619405,29.7326053252319
105.06261714902583,32.687660461127045
103.87772967234683,31.93923601679222
103.93363451045471,32.58172952124225
102.42742613493836,30.495694096436228
104.23099868283713,31.7596900330062
104.37715174660056,32.97261658492864
102.47619469784595,30.125641948215513
105.0533223673871,32.64215544418571
103.15182217178992,31.078496035190348
102.6241349317212,30.83524995771345
103.94014773526244,31.46897821243231
104.53810221443787,32.555049413257265
103.68701475356588,31.907960489965028
103.0570778879018,30.591081406254446
105.4420215134848,33.024751082253495
105.26687186903251,32.67072349005741
104.06657473269307,32.69069494614038
104.70862991375392,32.782890060012235
102.6139545455748,30.697704129772156
103.34231823772217,31.19558119760941
102.58505643168152,29.64296191152879
104.02815307995165,31.61716309079757
104.65439495740388,32.601748846266176
103.90572737834769,32.16478987923737
103.93796732299651,32.0509539384551
103.28109610008066,30.865097976956857
104.16229954178927,32.421293102916536
102.60062550293793,30.33185771653759
104.1143831765778,32.44420092706384
102.46680093834807,30.3793915877828
104.74984100998925,32.519335623448356
102.81529663555939,30.729352323077766
104.03989121936489,33.16522652675179
102.59071465694966,30.73722134563028
102.49877183424366,29.020189929144653
105.5871917259552,32.96834800051205
103.86408004621934,32.67581130065394
103.66785406719258,31.164790241088234
103.05996886872424,30.872398995957465
104.69389869953508,32.73464043512415
102.94216716287731,30.59165052287611
102.99485395222354,29.461069092852217
103.07564843875612,30.640839229875112
102.82688277409041,29.54468994758952
103.2778171005884,30.80652198451
104.081808859494,32.26598144500041
103.77526148594944,31.917961336780593
102.87377792777254,30.402003871959224
104.07627078764399,32.404402794790336
103.88480496115022,32.0652733422049
103.95727254568311,31.492862704983708
103.97515577514434,31.916757984816062
104.29596197233639,32.727497178878174
104.29762788731483,32.30646560074153
104.02100050828443,32.257763017360034
104.07164794715446,32.05202780691968
104.38364467440105,32.11820446563397
103.89282363069967,32.07050801344204
105.1665935733298,32.9346232239093
102.88484836228355,30.62705250103269
102.83657471934016,30.79347747865686
104.25083355826241,33.04527431744182
103.13895925581095,30.767796732219033
104.02709197805729,32.762909910613125
104.23205176167306,32.092628504111694
103.89955462006102,32.28836692287912
102.38045251942798,29.940780267452215
103.81978803399096,31.968080490124063
104.32552172340823,33.011995320165276
103.98146461200375,32.074704120449766
104.75299760623531,32.52719760718582
103.05220317733888,30.950889991317307
104.01390103428298,31.591587940392188
105.3557707728711,32.90922035280584
103.84391525924052,32.3325034492076
104.44064775686692,32.31489088095675
104.26129022476745,32.875933905000856
103.79097980593909,31.523844751952755
104.49117095508348,32.84436591835437
102.39482554490152,29.753234439873665
102.64463616742512,29.682029985209947
104.57816871426756,32.823432649269705
102.51889627800458,30.146826992409302
102.42217100734979,30.507835334678447
104.0674718539742,32.24787079794223
105.53070355473368,32.875348715158765
103.36271385248033,31.00866329579275
102.97377825151969,29.53137931852866
103.81995963013242,31.998770182613352
103.20122830966606,31.245046388730884
102.97297215915995,30.412170649369923
103.15212935834413,30.510144684383196
103.77561697983646,31.493557376830488
103.84860383894949,31.74796652579233
103.04691192584048,29.51185633082289
103.79159939404116,32.10590435757019
104.34275410470543,32.2019003172826
103.05101407626735,31.206237153991584
104.0335984951545,32.51807801691276
102.64519364961673,30.652224405521913
104.74995539051974,32.746164004803404
102.72294324215558,29.530938594223834
104.30736254432725,32.58817796628835
102.37630711041886,30.19335014289637
102.69875025272106,29.667373748084525
103.14843960556186,30.849420578199027
102.52984522663068,30.082781008789816
104.04962842897817,32.81599652070576
104.25623654356951,32.84415731467696
102.46829584552106,30.016727070075497
103.00714677000757,29.479340939713392
104.10063141687122,32.76772690572514
103.36315116079273,30.721980838671037
103.22692143858569,31.218147539140798
103.23446236826346,31.141716036833365
105.14629228670204,32.81614204591749
104.3535305312873,32.86995249488437
102.3927761199528,28.993966758578196
104.20838395057329,32.18969179612185
102.26234477040896,29.0648829174491
105.20579594012588,32.84329480829686
104.19786682908557,32.178713908968184
104.13698917477444,32.68943343853321
104.13469379582862,32.301071742462405
105.57565687278462,33.000545980066725
103.95252457874105,31.67657080654632
103.23622708555311,31.22438172426774
103.87666352980459,31.36348106185577
103.90285562755372,32.573729964545485
102.66878879869255,30.822554856981363
103.23463885472293,30.662117297840112
105.01394148005052,32.697701755103054
102.98771935900878,30.510709404489212
104.34526650128886,32.18866765728916
102.80024703202845,29.56361010640419
103.62491912477245,31.142382839349544
103.7536203975228,32.056406699839584
104.42905184301469,32.61879544488503
102.60783232553555,29.694914050355155
103.2300731831838,30.899718269357262
103.10938593011652,30.748949041736843
104.41810265379112,32.8318303518927
102.24673668734806,28.992815692805276
104.3031974898854,32.56709006742368
105.23207596155294,32.78134583923263
104.99576768952561,32.655313733911264
103.21260080576778,30.64079834328966
102.75452067358216,30.68238496028665
104.19955681176586,32.84916585005431
104.31331388951989,32.10173712896095
102.67010068545372,29.92293917693084
103.02079720696474,30.62808096817614
102.97059535376478,30.974148998722395
102.99685842038174,30.96672588178804
104.18122708830722,32.24376484933627
103.72041244629114,31.992225335188607
102.3256900988679,29.93389775809647
103.81992973555118,31.582280792832275
103.42041554004489,31.16691290955556
102.64882962583755,29.981448758699774
103.09772582398642,31.02125477964924
104.68695792483648,32.70102857296537
103.8460652833917,31.994464095186988
104.11943781549988,32.555862841986766
102.7467368734098,29.603915040260958
104.0979246428097,33.15194174428161
103.1830965466422,31.13582905054232
104.23339037933869,33.05880024041886
102.5446384638438,30.615998038219825
104.01469485462476,32.24976617002087
104.87306068828549,32.6002771101654
105.49943531174021,32.77639413104798
104.11833412020673,32.77605043283895
105.26615240696381,32.79082027097144
103.92467035319805,32.672170080896535
102.4257596250444,29.728703543667912
103.96759848825117,31.544116340978256
103.77198651540584,32.11805664057121
104.1799797738338,32.74615820938957
104.21430739871951,32.5637226203003
104.53510136605914,32.7583988886763
102.35763131839067,29.72473540501458
103.81900588542847,31.862300297528495
104.31124331581819,32.183534748673225
105.43024381057914,32.78473709976453
105.35270659799771,32.79839252580941
102.59308917404428,30.23065173186225
104.35632946586846,32.74364555146866
103.32746795357761,31.03776859020066
104.17168777137776,31.67856652849634
102.88133048378057,29.49458264039594
103.12320694386756,30.766081210296566
102.79857071908626,29.529784815810416
103.09486637255709,30.61582976759679
104.08474765000202,32.89463462547699
102.31994125631358,29.96844955860093
102.82102210940076,30.913924197248065
104.0185820971938,31.56424352108014
102.9698339096822,30.76959781499487
103.95259237567875,31.703580209889427
103.87732015757217,32.659285948825215
103.88545789618244,31.484636743296193
104.03451787201419,31.73229003245489
103.02223726834922,30.77990782547413
103.9575167117895,32.35516214719863
105.17873722756804,32.690713679956225
103.22896033687957,31.282062442278487
104.03436951966806,32.123009781519215
104.85730515020965,32.57667201854122
103.93314717327657,32.33080549574428
103.10865239037626,30.919797251656806
105.35796891984924,32.864505596290776
102.31301501035087,29.990336014011564
103.37030051470073,30.979525843064746
104.3713395579503,32.72448250777895
102.3882168842987,28.994185886359
104.83875483052965,32.50887857099202
104.06607801866666,31.42080503819558
104.28412251616652,32.29295423561829
104.23116211202536,32.332794941839666
103.29159497883866,30.77516476634246
104.02776030804526,32.91161228758538
102.45797951018557,30.092170095954586
102.62936467527751,30.291529763350063
103.71891796146883,31.832569485347392
104.17110329692726,32.64066990663856
103.00648188967965,31.16364200404952
105.11196066098226,32.878282758131334
104.50144690011443,32.70443188812497
104.05833854274402,32.807406600804896
104.0840547230993,32.894440848304896
103.95873015378233,32.266527911038395
103.42357165853912,31.382600966747074
104.38500182836064,32.73105022569104
102.94846435000511,29.42737629577107
104.75051666582598,32.66114715348598
105.4093329278241,32.9115188726101
104.04542176452775,32.16910001234609
104.25238958012804,32.087238568645205
103.99268274298609,31.54566381982935
104.18888797185846,32.96217133513065
105.15662308717033,32.69451255117461
103.83164297172601,32.301968216969485
103.2368544946828,31.0489012125899
104.37848511453291,32.63311999925343
103.21147014523777,31.36842688477943
104.08775779638773,32.73484726354837
103.20853821859545,31.297339667069767
103.31546626000718,30.985602756497602
102.68853850709777,30.73380794160066
102.90944618279045,30.597621964493513
104.38843548144442,32.099560628049964
103.88306547454312,31.855634265590595
104.22894317378618,32.1291580102369
105.51983150877042,32.80182679753013
105.09774846482195,32.6526474921627
103.87898699579094,32.38982728123355
103.90061687953843,31.59419680730005
102.74447548190031,29.57080491477408
102.9477423150587,30.61967350814942
102.38717349582883,29.035126310528987
104.140710818424,31.65284167608271
103.79056171131734,31.37461524104096
104.89731635644472,32.559345228775285
102.3965077347429,29.083318830316294
104.48526066818134,32.52656540759746
103.19988769169197,31.26273589068318
105.33178622885362,32.98372757713796
104.08277941958352,32.8666031740363
103.82460907632763,31.480464146945597
104.9415520128087,32.55213590718855
102.93402565334361,29.475992130207832
102.9203276625417,30.78838075816469
103.40025814664776,31.248474127737712
102.74876266547957,30.75218266474492
103.58340733525864,31.202508627741516
104.88636363200622,32.567916669637995
104.06742434036993,33.006380995495505
102.52966250362896,30.163690159137733
104.44674484009546,32.49945635035816
104.35847257477093,32.275753995250426
103.88435104670873,32.70060992760928
103.99203619599,31.672731464867606
103.31546806757589,30.98028706929943
103.98557125828688,32.81823102498596
104.12123819972639,32.404770461017286
104.01284478241469,32.629942711895055
104.08532464465894,32.86565240691159
104.19228132804535,32.336155840128264
103.00137567702846,31.08453756907223
104.1966732373698,32.96956152980743
103.16706101509286,30.60763287677704
102.69617356960597,30.59002532429242
102.56880909542241,29.726702454724123
104.69579212257621,32.4406117022337
103.27510186537748,30.784628307484766
102.44982561744403,29.98238547761324
102.38807082504381,29.99958233713224
103.1715476663795,31.23900748999052
105.30086218293208,32.830188091470276
104.84542137645005,32.76148847970066
103.88593031633026,31.593805098129778
105.34837912204213,32.68291116454465
104.01739661966563,32.606772792166204
103.22087276867344,30.87501051371466
103.07414574122097,30.86549855784439
103.96866936854946,31.734822511122612
102.97533988030195,29.65740965744762
105.36056565161749,33.01180846165108
102.960315670064,30.918867807433983
103.95282773828572,31.601352794690197
102.45055397144803,29.899049585341245
104.47698417908894,32.54207541939297
102.450191473816,30.18841042321229
102.84066373343056,30.538039355201008
102.9117044211966,31.19880731651097
103.14299464600293,31.14056976571143
104.48515611515867,32.85598055033252
104.53783236103035,32.58360160897204
102.90700889360062,30.922786846722328
104.52072192760536,32.57890405839633
102.5248885515581,30.41070663433849
102.27699750509379,29.88012430832672
102.53944905810644,30.241285718595993
103.0128419712155,30.425307675417454
104.36169362689176,32.692964827538255
104.132896573552,32.20945043342779
102.48534128282503,30.411243413734606
102.67371805106808,30.36319643704747
105.60128265828926,32.90777158071325
104.05145709533176,32.97153812934963
102.53313340241483,30.729494144819878
103.90412302700335,31.65015506152167
103.89551933374756,31.925575082044602
102.74262894213473,30.81101305721729
103.99748693984718,31.84195497435664
102.52620184322163,30.728670000072995
104.34715580795836,32.27908963196326
104.55074836765539,32.8588946608656
103.02450059086242,30.603186458705334
102.9543438068868,30.930356751735307
102.43892069586053,30.389309120026855
104.32256061769408,32.22072209763147
102.55055625318144,30.639677568315197
103.89250985125692,32.44522189737336
103.01336992850317,31.120855170955448
103.19233867554533,31.309170302850674
102.20097789976417,29.095366902192467
105.00455535122393,32.553471626820546
102.82469980749954,30.686676604513103
103.75309407388748,31.837843203478876
104.46181352469888,32.50941645985455
104.57816249965127,32.53548260442705
103.45746554287672,31.428295207081092
103.84976792257294,32.482578013035784
102.22435932893617,29.097673374114372
102.74591366458246,30.825801968351257
104.3514416027346,32.10303235775418
103.30326055595395,31.269945611371696
102.52739794175567,30.748197269639693
103.35896409290827,31.059505501344937
103.92200499156137,32.72400818617855
105.5340959472302,33.06461523839428
102.97627355034416,29.425226729962976
104.19283391949003,32.910922398712614
103.13028101565564,31.059300571653694
103.8437558773482,31.754456167456436
104.13939797397664,33.11048580015606
103.91873214598598,31.39344254274054
104.12427449309772,32.65456382057247
102.65870963215833,30.843706923368387
104.03788837276933,31.643561648818334
105.47153034468427,32.96334832537668
104.97427592395192,32.5457692000962
103.95478893085703,32.885694206498535
102.68536448621623,30.65843775944462
102.61310098254958,29.67511527256869
104.31590812112661,32.22624236915813
102.98051966562127,29.44122292776207
104.02841480310893,32.78040120125692
102.55941011063202,29.93839329162751
104.03015903545023,32.36219333157839
104.32024925947995,32.14747732422347
103.76338994755754,32.09276240504461
103.00984048804955,30.84796058174416
104.14434026275309,33.14429757860288
104.11023083814537,31.672234143558192
104.01820484943309,31.522671080681633
103.82010465579769,31.405716872448664
102.36899924045534,30.1515322791623
104.82177895809431,32.77548473819506
103.01634527854084,31.068503428713996
103.90631425952769,32.586834256213734
102.48867605316994,29.7035375478431
104.62334214659258,32.468537231042816
105.36700208558294,33.00550908825669
102.98760729753347,30.643676739827118
102.41538451834549,28.959283865191708
105.22124441689567,32.851079801654706
102.84279810552448,30.775100815679313
103.04989836420434,30.561756035978426
103.01226968655317,30.71666113981683
105.23510080283339,32.925688166393456
103.28714033245816,30.935929925692744
102.92863226340606,30.691877443387558
102.86649262630492,29.508313807453153
104.22992230343307,32.92959454151634
102.91700077862,30.47622101532122
104.59233738280169,32.76755227758582
103.06559337298536,30.53052779645285
103.3330791732905,30.81091605746121
105.29562454827534,32.955913699404604
102.81170356597652,29.529083784755198
105.34928234754442,32.95571961501741
105.01813938507111,32.54173674031319
103.75697512131305,32.026169981690515
103.1806193398301,30.921721411676167
103.8394992150543,31.387375101077787
102.56717091317847,30.204338574691963
103.15586995014846,30.948148186875603
104.56489420081995,32.73726134215179
102.5278948190886,30.409376247686627
104.22372909512836,32.92242438414986
104.28331686171356,32.72790748008421
102.45099148724152,30.131131362364965
104.52151048969976,32.50957932008301
103.01902922016563,30.467872613174823
103.88456416046083,31.605092476033946
104.6070816747596,32.5237462166364
103.27395350087951,31.379298670165515
104.33621368506039,31.810345571938964
102.8078347124483,30.624367636936718
105.08325830952757,32.88453098349986
102.98302705082513,30.55820531990232
104.2854857503478,32.069507246856425
103.00910871026811,30.777420076714495
104.2483257772858,32.31357708919616
103.42581663613112,31.422854677585185
103.1186630784874,31.012016196575193
102.34301111615034,29.82965618808903
102.60233013453114,30.38702150033714
105.13810678341245,32.57277210769206
105.63324873732726,32.857108925356684
102.89784264527262,30.687012821149274
102.74759238328755,30.681050576056336
102.69540173781989,29.62342888225656
104.6913841776221,32.50436470851766
103.87506855883467,32.318651499559266
103.15110057028102,29.532938206463335
104.01136809918788,33.062050480799016
102.64271448270333,30.35458022400923
103.43178159910107,31.363673840683138
103.8575901537993,31.974820167677684
102.93463627904617,30.635852324798947
105.42169426700609,32.7415058405693
102.86145753001655,30.350791155051514
104.35538599083712,32.31339503082324
103.1999558449745,30.850701305856898
104.02176003796735,32.21615344012263
103.8027358899965,32.07171159753388
103.25458953715085,30.68893993790984
104.76309064324614,32.62038465425307
103.83358694760183,31.532112152465324
103.88846887803037,31.814032447258114
104.53777007498164,32.5663770395535
105.2678168661627,32.94952877627953
103.25873141878598,30.701372999762242
104.299049320317,32.99773812720771
104.59086390614424,32.48447557555266
102.37585733977392,28.948459236796985
103.61173714619966,31.294856526976858
103.0898999761987,29.462617104820684
103.85219253428289,32.518452215001695
105.00000952140213,32.72925074901694
102.65351038047302,30.443533172520535
105.13709223742232,32.56620213539826
104.09679039995227,32.06839320367437
102.9220774202068,30.994859949151973
104.1275502268881,33.0170983473786
103.52980452042291,31.093239213172904
104.16704722731691,32.20484832928854
103.01883343997436,31.056506670901804
103.33711440296013,31.26273770394543
104.94824929521441,32.655697980655766
103.35779379893096,30.7382273625444
103.02530558546613,31.115318546566836
103.52172883630142,31.112458855996216
102.35988834550817,29.97767680396182
103.89379206321192,32.449650529350876
104.05461690182739,32.918418836602754
103.09208786340652,30.82243746752979
103.09962502040827,30.726957521829007
103.16445428322677,30.515643372675097
103.82009060137577,32.550116753035894
102.94880166317684,30.84660942136978
104.0310751467687,31.607201957569163
104.73792025098219,32.805908214056075
103.71207990824878,31.906301028272882
103.95681174225996,32.17360134142444
103.17945970725765,30.614603510950232
102.8037359197106,29.61124946217686
102.64860986867676,30.39894700474759
102.53944977991127,30.534337427265527
105.52424094756873,32.83458017944111
102.47950306871904,30.488576102800707
103.25524907863563,31.020838685486833
104.2508093821009,32.86183745740919
103.29175975099696,31.076275631659932
103.25004490667739,31.36559520712985
103.14611831849103,31.090151450624862
104.04815266135641,33.05268620033352
102.36046083279369,30.030663852877346
104.35504780147689,32.167219371784135
105.40860777473999,32.75168157810344
102.57286740984546,30.323572118232043
104.18259864284374,31.70598356911045
104.78259839275137,32.736352363517874
104.16272563293055,32.85182635589408
104.92600753758613,32.77292290176255
102.8684351594551,30.91432830573585
104.3610409060786,32.735139107765626
104.00395809307437,32.49198378439834
102.37826035071029,28.923401693371734
103.96828133793362,31.383508704991097
103.98593173514064,31.992268798638523
103.86839235444249,32.5264446794858
104.83689135904362,32.805027149621075
103.83989158392383,32.65520054636806
103.105853812209,31.09564496314755
105.51967668115006,32.76645336991505
103.98492220047221,32.50196865783296
104.44930232014046,32.086962199340036
103.0555911263038,31.099025181412554
102.93928323592883,29.69790456717087
103.26503387643616,31.007586685174
102.32923147128098,29.95228878362543
104.04591580422938,32.585700135494605
102.89187458458493,30.890073290379345
104.60209184943888,32.87155475359775
105.04752198386277,32.683301419922586
103.00620020912707,30.806454863837153
105.4382932465099,32.79180620704327
103.82540281708661,31.992730921025416
102.59766260112457,30.335414566502354
103.61347140154241,31.244265279758583
103.29858698198642,31.146283142774582
104.42551088772258,32.93621207710886
104.15013608334445,31.639757211212572
103.36718572631155,30.913123961539036
102.5891803228872,30.397023113901948
104.23506686123284,32.904705102891654
102.9212649423966,31.122015309052237
103.82199246948763,32.558787705889486
104.08275497781435,32.997589146633594
102.43021851783914,30.467047379640757
102.44658086597138,30.40253762914065
104.22931919820105,32.62803135735699
102.46392188933778,30.129031841285194
103.10738618110031,31.224333628121414
103.91282789109965,32.2224255385687
104.90119500793251,32.76414960147108
104.38335609605757,32.64205526399594
103.71094970175793,32.04617547557972
103.44555485091725,31.367341365149056
104.43260174630419,32.93618415203565
103.54836289685696,31.253936715443363
103.84603552807144,31.83425073718968
103.13650233354758,30.608781882726856
102.46093115217163,29.05690324429315
103.30347047563531,30.619408151192225
102.38512504627593,28.9496690271555
104.40873661381177,32.5883080488181
105.02815004878694,32.61237425917137
105.50711033924642,32.96110069941124
105.53471527914596,32.79186555094069
103.15829161828182,31.276746316351353
102.53271525094709,30.128880744895504
104.72364650506013,32.776820958698345
105.45920338680153,32.953560296582104
104.61093369645282,32.83108882529985
104.5177179594583,32.679875936645566
103.9910184943353,31.733539453545372
102.71610530539243,29.567300655589257
104.6942299938944,32.70427039194741
104.66370369999755,32.716333714754214
104.35917418314708,32.78635433303878
103.76400592552865,32.06297799224721
105.5614753462608,32.83309565337724
103.08958300283928,30.563201598655237
105.23653476903537,32.6630351236971
103.22322525493887,31.03960262690436
104.45352984089581,32.530903109984735
102.67562097646363,30.494792319796723
103.88471561627394,31.954817368938055
103.08713108648199,29.447036038827434
103.99189294585433,32.14723649122686
102.21511597122759,29.03095778883036
102.55321277641715,29.71435083226713
104.8722236047427,32.59484808142011
102.5698605900508,30.635750841393925
103.00108513906186,31.215763604545685
103.08304926926292,29.456968976082006
103.19183835288052,31.04244046653729
102.72349996854135,30.19132455695168
103.84582256714363,31.738333283382726
104.21941673882192,32.64932298986249
105.45350287709391,32.77980342830699
102.66321122646461,30.768475842066916
105.30011654846646,33.030831156634456
103.75129308386406,31.79306258810384
102.42477800428146,29.73787662700708
104.21364060392494,32.352589962855824
105.27480849593323,32.97340822578716
102.97471486836949,30.436398144491392
103.16857426016477,31.111963761651978
104.82124331167451,32.533614100318
104.02934335167558,32.888838350029765
104.61655874912994,32.86330237173813
102.44290143673103,30.408827126678208
102.74716606308208,30.743459559469557
104.8878563459698,32.51992710586211
104.33013201157031,32.1611278185048
105.34617948587899,32.99686628588694
103.82967518419389,31.487029362462568
103.9805558879007,32.58780699541349
103.91784396882854,32.299118229969054
104.26940892041684,32.50989137682114
103.89234395225033,32.35828746790473
103.74647695179229,32.135401312197565
104.29244835292965,32.05494539132261
103.35876212875841,31.18458300494505
103.34918796905076,31.112265210180052
103.23660053747665,30.78007485644857
102.61899560460053,29.648906977436013
104.01628639238753,33.01652320460004
104.17532709591278,32.27306393357006
103.96968220529556,32.13476986578847
103.93683618759661,32.192534261533694
105.40443764206125,32.916386686085424
103.86026223898091,32.06090213001751
103.8414201310055,31.960791140219268
104.41882307262081,32.116827708587984
103.83595091324905,32.00660051872193
102.73095925471868,29.571081128728608
103.03082467356609,30.743066149668582
105.32155716641265,32.921501274236526
102.70341734034375,30.899939742507662
103.029385173934,31.054686616627393
103.90508120315353,32.76165105265305
103.2139194271309,30.779709265103673
103.16244133797613,31.25008207426308
104.4221624431018,32.856601121128136
104.14389434468872,32.70016503846818
103.86538994968299,31.761617298946216
103.86122763280498,32.35194107836426
102.58466088038794,30.83852311428067
102.92449788125606,30.920762656136947
104.4066650638794,32.895663228088985
103.12076920350597,31.018141375177343
105.62020427048091,32.89837261483773
104.11390553312708,32.35788507493858
103.21137651579055,31.22465284978996
103.85924005814707,31.368015710818298
103.88123731075218,32.69868382908906
105.53008472539643,32.89417492538721
103.91116139063062,31.400501590336834
104.10674052541128,33.12470549839909
102.95082020790746,29.616808945863482
103.6397034035876,31.352248194939
103.83375359717093,32.00119653963142
103.75882367646817,32.041351548820444
103.89157500694257,32.875498648725575
104.16004652144369,33.08078369936097
103.99906946470351,31.85094644802409
102.50192967544557,30.215508489661154
103.07548357323556,29.558818924463583
102.68309209826776,30.753465690698736
103.93299334968106,31.88845471538584
103.2673338754094,30.639660850978032
104.08382773753912,32.72242087179926
105.137961488685,32.685362823679284
105.61593176977985,32.89423354341426
103.15926163766477,29.454055781075464
103.08408630977793,30.655552953268728
103.95914848281743,32.36737868277635
104.0784992637914,32.26370880253914
102.41983310556084,30.524028459022368
103.93270356583768,31.450373989535404
104.1753033108373,32.66160945342324
104.94998422964167,32.68915239022623
104.16690601470215,32.202171998863946
104.28804510738054,32.609527683802185
103.30196127239023,31.039871796064276
103.86512662051484,31.704567966137486
103.33428896376476,30.951133407885862
103.97906485834497,32.06108377243731
104.15759835048469,32.161201715994714
105.40198720367854,33.00675298272204
102.65305701611592,30.183028535013026
104.0034662334408,32.713536920763616
103.29905949255264,31.30514260524818
104.61924145407205,32.605166497940665
102.62636867516896,30.398914526400194
102.4782071052562,30.109432480759452
102.52405951927322,30.321197706646757
102.87983706217794,30.74841874597742
105.56223825713477,32.8975876064747
104.8596473104571,32.71519647610627
103.04440121203783,30.834643242088084
104.36710001390942,32.76570800055312
102.7053349124908,29.623863205992905
103.09210173525716,31.117803854516612
102.47563322442129,30.035139435185435
103.66402423453253,31.312568348285467
104.33508039666079,32.98587568335152
105.2915057485755,32.68980040426683
103.86720289255982,32.127093264893865
103.67597754188529,31.96297887297914
103.84185947514035,32.29153457477956
103.85125650842984,32.10535553482717
104.00106218555935,31.619749010566043
102.27251171233505,29.873008993805676
103.12248629670485,31.052150393530134
104.32888214228751,32.150878943286365
102.94177983438179,29.600673144077984
103.92348136585932,31.474013647529855
103.81493777298977,32.25959593520899
103.16623237100913,31.261707707471224
104.10931105565491,32.98030329533257
103.14054110937232,31.233823090653377
103.17646708886929,29.455408179669433
103.04273426167853,31.14676517621416
102.30038954106752,29.985448742028904
104.03478964588659,31.620694289809084
103.94422661803276,31.897979441000764
104.55740425000174,32.609812010761054
104.12043696434284,33.07353235224857
105.5208545235429,32.9587741488957
104.28566065644027,32.94763371583185
104.86195698386409,32.765964235318435
102.87377187254852,29.511883553175974
103.87599574699914,32.06211578080104
103.0949929866308,30.432868172790656
102.5303911635916,30.4992548292558
103.78579673822506,32.02016794061535
102.5280413817859,30.228374458164176
105.25649661464223,32.66515979465923
105.237608545968,32.9103909551943
105.0954033662816,32.877726751782866
104.2253899353339,32.342425660990095
102.47505918231954,30.250899461134157
104.08724717871074,32.52887233994684
102.63387859320599,30.329384562395695
103.79241144132874,31.453450197842702
104.10907250571427,33.10249749274437
102.46248688548026,30.046823327868616
103.314292895031,31.38282723453921
102.75519949289381,30.233765268800433
105.49884017319475,32.96015176015703
103.5981580873862,31.18890696514469
102.43682089559209,28.879797609188373
104.15020316126375,32.80676134409503
104.0822608993822,32.16513136446042
102.3996543035208,29.79012588869934
102.74408401163495,30.892391152875188
102.60252079329094,30.621949623229387
104.44463087969251,32.78579920309859
103.89732866710204,32.08399099568193
104.14067596822697,32.55725049519659
104.41854554498269,32.80057585371048
102.59407566939888,30.765591440093644
103.80110205142648,31.957911509110893
105.25542358355766,32.98162995107639
102.29730497095518,30.113508174977117
103.0695886581624,30.867371589285188
104.91857732345073,32.561950341064254
104.05109058789174,33.02913702324516
103.28309780733089,31.33705033954958
102.68735715920475,30.79838503824044
103.02167651030675,30.55676328315411
105.4861318434206,32.758628980568346
103.99844537839988,32.79806963107107
102.45327299919605,29.742658437953015
104.35650978858904,32.820801020655715
105.45071424039122,33.07408509871627
103.20912815322936,31.306179297135
103.97495177910436,32.93537861625077
103.07537812673364,30.92931505102967
103.25445794158856,31.325496877488636
103.28002900654943,30.975407028447435
104.14822292385526,32.72405089902246
103.85682268909261,31.604162645179578
103.0418503005047,30.674579264573474
102.54696715500422,30.51693248489742
104.34803080657491,32.9989728959562
103.12760655332,31.223528633844495
102.8495558184011,30.679936169379324
104.07550054153965,32.86664513230115
102.97035105301353,30.85484824987434
103.27208382469809,30.979952685192096
103.71134580743932,31.163400134246878
104.10608351528793,33.08857397346613
104.47379042577715,32.64911629472721
104.6097502831546,32.49043772515008
102.55769399981068,30.30713743976333
104.22505241102043,32.581139520235304
102.4736903768857,29.87318049796546
102.9999924838362,31.137049667407133
103.07973570411264,30.827644352953218
103.11594952687504,30.46240994700456
104.15040412246495,32.352017311012084
103.81063655237979,31.45603296639732
102.32222100250848,29.895621384007864
102.72069260074805,29.59897554857591
104.04929433988747,31.625518103067378
103.99579060874909,31.53757229953294
105.38984469294256,33.04728126160556
103.15308860684675,29.5108384227161
105.19172181820176,32.66107008425059
104.31720697882896,31.786039561590655
103.85861618341347,32.57143401281525
102.51495202945509,29.97242522873648
104.0106813355839,32.251874107321186
104.46594598651924,32.48099792951465
103.9097214991363,31.719886974641824
105.28181464465949,32.73326635840675
104.91058791904172,32.525033209504336
102.77777143465369,30.769906585544387
104.18877112831775,32.74760398789198
102.69649653025581,30.67086973306743
104.24767482127012,32.232680278070795
102.95997159189724,29.63961226936729
104.68697621848338,32.4901476754145
103.66904220283865,31.256447533600216
103.96515900065009,31.667909847203255
104.0741880181781,33.1585362945806
104.40191821754253,32.956252151227424
102.781739442279,30.775496001279883
102.65596658491762,30.394492820421824
105.25596801589332,32.903554557462655
103.83730073325528,32.516970926566174
102.42087160411201,29.706874498831766
104.66503010054069,32.56945636723351
104.05015608643666,33.14102053324264
103.089981026165,31.198854853098016
104.24765319003284,32.75460986249552
104.11817797890846,33.01184591156198
103.8025718450222,32.07939740331756
102.25508893197743,29.044328841906356
102.81168362523525,30.582920873638166
104.24204597409526,33.00857244954125
103.88539382741301,32.21565237322432
103.94773236140767,32.812612130005945
104.6095592904665,32.59512279030481
104.66845455511671,32.62495416269268
105.12410422823137,32.921756012507565
104.3410689944373,32.62307537424796
102.40395609332377,29.871676107844827
103.16734822349382,31.111364222810312
103.88019824826644,31.738723212854325
105.42623395980864,32.966458204309106
103.04969901444895,31.244326223655303
103.48836046833271,30.900287310785448
102.90070052522918,30.416877230636015
105.60769161029438,32.95877731344505
102.99265673927506,30.744754273136554
103.2791920556973,30.86404891054714
104.62246157821677,32.83057418700255
104.10538125286531,31.607315804298057
104.26697215612617,32.85324471197434
103.86970014942874,31.499438640841092
102.5510927052164,30.750335783780354
104.42885231771537,32.68092583880264
105.39298769526032,32.788318760462786
102.46284963398394,30.042661026687092
104.27261336357016,32.91686866286952
103.74370176381714,31.844398279210314
103.2076301025973,30.804238431160517
104.01888114134995,32.36917698952038
103.23588648487602,31.347063518090664
103.8552022282014,31.87917186318847
105.46508251411373,32.859538258506326
102.27973289605283,28.95588489675266
104.51905334217167,32.85488814810615
103.87262786007923,32.239641324692485
104.30239321426524,32.165549679612745
102.639549385919,30.573802244459426
102.96477951558863,30.77996724431575
104.2429973735532,31.75881511646913
104.2805262435072,32.57489780260365
102.42762676966765,30.550330948716084
104.00762815624707,32.78824280422242
104.0611502981217,32.90003050376711
103.98820149731554,33.06294984868363
103.0249621250927,31.087088630478487
102.3157621746797,30.061501459247943
103.8566220372776,31.927726170005084
103.1637705593945,29.52380679252136
102.9711228424742,30.6099947920084
104.66862094738278,32.6204371818234
102.65613848445552,30.16416129373417
105.14198074373132,32.603409445089206
104.04437056871608,32.278968933409395
104.08131864081588,32.377569551900976
103.96239622141702,32.15440355767097
103.05361744139343,30.983492495881805
102.79134801547903,30.674273446172364
102.50499588259626,30.699851220096978
104.22692811572246,32.23728986208518
104.93617240097507,32.63188855852454
104.01334804271625,32.4783699472828
104.12069655181757,32.532570335451645
104.45152063918225,32.848136327885946
103.97550468060871,31.68935792128159
103.95872521545337,32.42802606535655
102.63689676414207,30.787464651841503
104.70896867822377,32.68014551110564
105.24868766377588,32.88308956697034
104.59621455231216,32.71867233682403
104.05157341635241,31.479419074596212
103.78025246617793,31.469231725194312
102.42842803394336,29.713295984300107
102.94261740454088,30.76864742058472
102.71220398601109,30.36035321542263
104.10153043374929,32.66237859606821
102.89573403932435,29.569246967831717
104.20219100020452,32.26344937059883
102.63621672754594,29.93566475142392
104.62700691776186,32.580676059823894
102.43566076574433,29.928942980918702
104.43026955535994,32.81462326977414
104.23804460669182,33.00827080743093
104.1915989756189,32.73560314434868
102.31041161687506,29.979780313981102
104.48441898235251,32.84236937880769
105.39736428782541,33.09929106863452
103.44032007644097,30.837092758306323
104.149269301355,32.924763052721616
104.33794364199706,32.243759738523444
103.77302914106163,31.273691733132708
103.1543399742415,31.301463138861028
102.3804111320353,29.00335429552913
103.32077831088486,31.118972692044203
105.37319548746852,32.82271092186548
103.92973710039654,32.4964374934759
104.11307678197737,31.61057785466796
103.02980199436321,30.97927927843938
104.26722208862726,32.068294871626755
103.582632391952,31.11577312862025
102.38428092650085,30.111050753131828
103.78932003282675,31.327959906774097
102.53252527443226,30.179567933824146
102.58671168237244,30.222492345607357
104.92553848710236,32.5824204965364
104.30815307392137,32.660696842880206
105.12927699790819,32.965410532404135
104.43434301762456,32.81556426834526
103.97913704341107,32.49720315432166
102.2704030378175,29.886861827828557
103.63631827554586,31.186181109508045
103.21778272485592,31.238118700278463
102.21306879891766,29.07185048374193
104.11831063252038,31.771212637146576
103.05406227776321,30.41426582909647
105.1587028849853,32.68427713123837
103.91405544300608,32.13223324469376
103.76001637686188,31.28710803357776
104.46468114675969,32.71871636469008
102.85989531968761,29.609988059313658
104.34481399989662,32.104745801024265
102.66397589953431,29.95271880174239
104.24267053139286,32.157773726150566
103.73431076849977,31.807691929491813
104.0012504687054,32.7512919029595
104.05153812287354,31.9755122607527
102.31270481884528,29.93806671824566
103.25783420649007,31.18491226172968
103.45575025197961,31.352336960637285
105.41055739029756,33.09273320454468
104.73716166671024,32.54899633725642
102.5957127447483,29.857235072990527
102.5364906065595,30.165604194577536
104.40682446419544,32.76318697560877
102.51113337552083,30.087643236288933
102.94681592285967,29.536714262500354
102.75948552547614,30.875810516506156
103.95456498692722,32.78033443779143
104.03245311805284,31.97437058606945
105.41477642668141,32.95999439003171
104.2628053419897,31.782520306625727
103.11886867869778,30.623049694479107
103.68710669279994,31.923488943174362
104.81030843605264,32.77109686941526
102.85032058064627,30.559207409566405
103.1251001291061,29.445043006668552
103.83916813761915,32.59941526066402
102.57591098575007,30.812379684627068
104.16228662796526,32.45381302000438
104.8639754387215,32.63826070186428
104.44187458653423,32.55255580320988
102.58523881255422,30.563093056216076
104.23403905426815,31.737925666422424
103.1126506639514,31.204806011992254
103.17925707381683,30.514391385147036
105.03627465786215,32.73518273046819
103.24602474485565,31.021712517397553
103.00364332711828,29.539576932104346
104.61755389788767,32.8584171986427
102.40065487844497,29.131278937363724
102.89522004717081,30.77798903007737
104.26609652616487,32.5285403794011
103.20536211389226,30.778963606615644
103.30336777720464,30.969853153529645
103.03436160719332,31.01811396107407
103.75769508872112,31.892245545344394
102.5655548994374,30.40153919307711
104.09830378818882,31.73965472748729
103.89660749097708,32.265108441969524
105.16731793442295,32.67137256244335
104.16194640146617,33.10974488233106
104.9802810624021,32.68999931549567
105.15404184530561,32.88442849251539
103.8834318620391,31.70719598185888
102.5112674755869,30.023854562951403
102.32032720288791,30.06395794433054
104.22606622772591,32.69453260989573
103.1515961764491,30.52972342396462
102.76313962826546,30.799198984335924
104.29901557521788,32.75259098222945
103.85402404405389,32.211433159574
102.57454083087256,30.314721286033404
103.92515526331009,32.65602273240708
103.73495258076366,32.0533298847549
104.54710835930115,32.74367129899853
103.90994347749518,32.504397910586015
103.89721675923937,32.63857092138939
105.01354456562044,32.57437987143223
103.37028884033434,30.875489664644725
105.43204546975785,32.78283158595987
103.32020785571329,30.986180730891853
102.39311118574416,29.10786231660933
102.60098394832875,30.439025266198357
105.47810600014904,32.79770645211522
105.20442615914004,32.66499878990543
104.04525689812797,31.55657878988758
102.52906377042189,29.694233983400018
104.61566388815858,32.68459499540239
103.91778048852126,31.976004005323052
103.72575443065625,31.926180996984932
104.49607041824639,32.569471850032095
103.01772861717417,30.613499284890548
103.68991239986038,31.989871761535657
103.20253760760373,31.359812296856905
104.3593429902107,32.711068012607576
104.62154727947778,32.6931902339064
104.23062267008946,32.77500107018506
104.32029525677002,32.71318565383123
103.87888835494167,32.061645078207356
104.13551588149305,33.101324402127595
104.89773826806956,32.53527458991366
103.1891270719708,30.736420886151624
102.51324051278682,30.168929957256225
104.28362155496089,32.867851344685796
103.82585677869464,31.41281446936212
104.27791113615157,32.82246495890843
103.13029449267165,30.750916211166953
104.08450636672453,32.483391106185465
104.38968205630633,32.71043715865202
105.5186661846511,32.906246777115896
102.27229412634178,28.910937964312854
103.95423743053716,32.763181277933754
103.92759585222365,32.26800996003116
103.84093660985413,32.30692608452546
103.01839034925669,30.703554619203736
102.36982240038621,30.217291879757802
102.85538825687938,30.540765697401888
102.681900191561,30.301899476430382
103.07359907223308,31.020321648994717
105.38099218444206,32.947889293076074
103.21900023937411,30.948112806293125
102.60862665552843,29.690508647780433
102.95084330469838,30.819804204244694
102.84617850756855,30.72296310277587
102.89820357695888,29.502559902510065
104.33947029053533,32.635209585581165
102.60311266806315,29.700170557148073
102.58327555940889,29.86421670862215
103.30055926589984,31.243567206576383
103.70401583097029,32.00006584301653
103.86720910135922,32.556975760921496
104.47890219319152,32.68989067430165
104.40152740689585,32.516524332942176
102.62312746521476,30.6850780396628
102.50211856295608,30.603157113655453
102.81395489086499,30.784917698795155
102.41664753260002,30.053068387601876
102.60269846324937,30.20924994669783
104.39134247417478,32.594840288668074
104.42996569353215,32.06304080322176
103.54883409159451,31.258675958890116
104.3933415585182,32.623888667776875
103.98660844570769,32.81856564026248
105.49553105384176,33.07188230810067
102.53135891349065,29.970568763628698
104.98346635241539,32.57609862393908
102.90475615526415,30.473164259178763
104.01445887340105,33.01574538884811
105.21185544865658,32.866703567485445
104.39261484895248,32.74784997156874
104.37674263160547,32.68324045227468
103.4988135028434,30.872087459045268
104.04049428734906,31.618814666626065
102.77269182037593,30.262998808307326
104.4302035663617,32.77303833051024
103.21860123595967,30.606461608438398
102.47370586862358,30.644147966901944
103.5736019772188,31.23339306570031
104.36678301466804,32.885400379236074
105.18217859856924,32.87953108681991
103.78497149092432,31.30350119327519
102.67762071684659,30.24274609477103
103.53013110656651,31.10002197098089
104.10343372990775,33.003976868150396
104.30582877664592,32.959575083939406
104.04764982966111,31.5731373957833
104.56460714416629,32.59859259262454
102.54595202528188,30.18961360788108
103.07552803175525,30.926218366237617
102.97703685204857,30.3913455570177
104.72346285010266,32.617236863714794
102.75371050295468,30.711880735043813
102.66082050799737,30.444959231673327
103.00130160608089,31.227941200194365
102.48238580280167,30.763635936102087
105.46444275842275,32.81998256226384
104.11427195760946,32.21780030904993
103.5981639535044,31.149108245406424
104.12572897533744,32.799755008685445
104.79017488409208,32.740351533505574
103.26121379306211,30.829347861469337
102.45446930934379,30.55613101408663
103.18451832676843,30.741510198693597
103.34125090795253,31.038464360470428
102.73830665673232,30.897210836784662
105.45745280599897,32.953671000141355
103.24480353294105,30.972408988070836
104.16291751232906,32.36301757226359
102.9911769503815,30.445653259514284
104.6703135134834,32.50988139178649
103.97243552610018,32.64203991432842
103.84530098510228,31.62769023998481
104.15233258853651,32.16623546029046
104.19452002887462,33.039277511349596
104.10172036153122,32.37307062400685
102.9233706505078,31.179503663557693
103.06572433485125,30.698767300034845
102.38898940048509,29.922844636732478
102.8840187276113,29.520189688038975
102.64903475891509,30.32204563578282
102.69199122013534,29.631253574479448
104.5363896547301,32.677762139473025
102.58397419061939,30.109752882554524
103.79089134589472,32.00758659068695
102.44679560441337,29.78197134868289
103.30806011315566,31.360413988467542
102.4797885173107,30.409201681725282
104.45856604513997,32.47653861532951
105.51779730532081,32.73783303753637
105.28088779800325,32.844603285630036
105.31239854924073,32.95066910810795
102.96562583270453,30.73428599239465
102.83221684386793,30.849654862115422
103.62102660989726,31.161691883845624
103.41931260374919,31.3714684696177
102.44471497712216,30.547202273510532
103.23152786942752,30.803461620137035
102.87938583556097,30.870006499078194
102.32024944787648,28.95485601707198
104.46925914477221,32.718183298633
104.20136165303032,31.7564011252329
102.51630566568112,30.774270910172557
102.93139094754538,31.10157836343201
104.31802387946585,32.854345823122884
102.95540166684859,30.454062652495182
102.27326951034593,29.064854466295344
102.88855650050326,30.456838239132008
103.68357579791069,31.969736392681828
104.01838595658992,32.04885250674763
102.91372636695692,30.646594785525984
102.3152322175602,30.056752915338276
104.09143066817428,32.23900143241255
104.222411198692,32.77385747494775
104.2542870394351,32.844855851056174
104.12428959927055,32.45995056713244
102.99601618826779,30.461713396252467
103.60410624040783,31.26546041076734
104.03135700233538,32.985972961333616
105.29697174179489,32.68665038072885
102.55455147454762,30.582043102526537
103.77380275673298,31.79545350709693
102.74367201165137,30.658367928641752
104.47221186483219,32.58245349337458
102.34501255533496,29.99572969283296
103.82525083072764,31.316316878104338
103.17996675009435,31.221071861659837
103.24336003948385,31.357344569576977
103.84332789396943,32.24204721698837
104.14372418649795,31.66918731538128
104.80663779346617,32.6851742629268
104.0020853780134,32.878831485540694
104.15121333016808,32.52445632993652
102.63226115827325,29.989616690493634
104.70252300843602,32.77394098941034
102.92739894901234,29.456003047838365
104.93780099066957,32.66396765408854
102.77619551156678,30.90681270422575
103.86585022139897,31.936668724685546
105.3402837783168,32.67731048384668
103.96697233763221,31.893400530311
104.23358347559191,32.214935089764175
103.75626705087707,31.966261827408893
103.96338740802973,32.56369325452986
103.48653666232919,30.943071228137388
105.4288749224043,33.07447260624937
104.33989936725871,32.69840763637104
103.09133896418939,30.78596020868859
103.18918260830263,30.72889084615526
104.00138572392429,33.03659892352271
105.2176904751315,32.63441127002877
103.00239679081513,30.506003298288576
104.90575886451809,32.76372216133305
103.2861732318521,30.80796278736031
103.27773215050969,30.693095109989695
102.8594142309467,29.506649435487102
103.85097626825673,31.411910299034208
104.39979232745719,32.95456441029333
103.9658474258983,31.57401396468617
103.82828371880255,32.592293866794144
105.45799642725231,32.99512084261391
103.65160950708166,31.134092638740483
103.97469797652955,31.53327121149299
103.9674936795576,32.75551865774836
102.50903533184025,30.36424661495013
102.55681347680928,30.78547383759791
103.0678811060557,30.440298358201122
102.72339521627649,29.657642438121215
103.98266572913874,31.857107179962714
103.93298083805131,32.55563557355622
102.87408485209042,29.542179252820723
103.29901042335949,30.990585117518133
104.54364725824179,32.63139761010347
102.54788914758542,30.50232401412075
105.53947972908054,32.90553637975057
104.14336752766762,31.635108452336997
103.01941684114475,29.484814149001217
103.39379207096913,31.06168179764801
104.39448933085838,32.748962733971254
104.21445136051263,32.98143612033769
103.13837955246174,31.10152652628016
102.38205886207987,29.884861686485092
102.39783993993005,30.13503640325248
102.99781608869097,30.503208233823198
103.97023049160244,32.834231944293734
104.22482767299354,32.921579348538586
104.29448813469504,32.65815995300012
102.45462438822005,29.738862768578052
102.36276063950923,30.006447854423797
103.09025287251109,30.65051399220452
102.45717982568716,30.28855836415831
102.90180323920183,30.397280580735703
104.7853152455324,32.61581385006667
105.23108176700637,32.83804537820213
104.08645633385399,33.18064636651493
104.17056031452668,32.616090365716424
103.6532081229465,31.311726106572507
104.33349451661633,32.57369414646013
102.99024054592437,30.60692908901153
103.952397896106,32.63917069029766
103.91202715001285,32.73694286177131
102.60987893563633,30.291397937989384
102.30406883707202,30.093270020852113
103.96762482680532,32.57625402704715
103.37093528108211,31.17256786415515
102.96566297288027,30.972077761228686
104.04415794957937,33.09967673025726
104.10420717663006,32.4619229106255
103.31274028184141,30.745666254653507
104.07288729200769,33.10891992128943
102.68529512261136,30.833605348090817
104.84722144872931,32.74889581957929
105.16803614866743,32.62463447173346
102.8248541253957,29.593175649552414
104.43651080798352,32.57348554778014
103.02286325550817,30.93632341315024
105.12939503403555,32.58534597053951
102.91194577593168,30.950561475430373
104.50487275877911,32.536387110497394
104.27050394391496,32.09638751090823
102.42435691059401,30.025963716274916
103.89165340492667,31.747405685220865
104.08876203884391,31.989350919197122
103.8096894754787,31.47496422325956
105.24345417640265,32.69642808698966
103.1163250284489,31.28157941517345
103.87338185235663,32.04803240734461
104.08662710854335,32.46415050886067
102.94696743670097,30.61635044615753
102.61054296665907,30.322813171453948
103.94013032374806,31.914200895264266
104.1851302491173,32.5635633333213
103.77337391177775,31.968017808431757
104.32460452728071,32.05581221124763
103.22795432805364,30.704381868263567
103.03372463858987,31.17147147887372
104.0189015206064,31.88231547034191
103.380100940993,31.009676468935357
102.59421530447928,30.724873741329887
104.13596843637514,32.257000789627895
102.39300467092754,28.887942858784555
102.52172056738787,29.896108788878838
102.73294103312408,30.53111471992431
105.30886728170411,32.88397903724516
103.78836688539727,31.339290851541058
102.85845910667815,29.544949476748858
104.53017760646418,32.72513529619407
103.38859850397874,31.180688962810567
102.51646952391037,29.774866319951983
102.66766858505498,29.635869570181868
104.00754979784568,33.08514871254932
102.41654303258247,29.032549519583203
102.72997572685514,30.725025109215416
102.9554638481159,30.723098170227253
104.36852527784995,32.718532859946336
103.91977563900114,31.869378949470736
104.33797155819825,32.57649347874494
102.66275736610015,30.50477253458604
103.2487051246309,30.68698399523042
104.10958294903986,32.052430979811454
104.55479353709444,32.80920850223068
102.8790634191755,30.368306065512144
103.89378559364486,32.052207956530644
102.55333526645504,29.970943382599735
104.28490034651065,32.78230102762384
103.1518720676117,29.534542822857347
103.8251601737411,31.810118529121844
103.67416550800229,31.954974271611217
103.06249468636072,30.756482462081056
103.81726188337264,32.10952042337045
102.7721882382284,29.57744992586526
104.30118010673995,32.76191403200347
103.17874016999963,31.25732084123966
104.43699136323177,32.47935376171584
102.663682490808,30.339892473173148
104.23497204864883,31.77128634760492
105.31504469074964,32.77950420932419
104.17678829571788,32.68869476009152
102.97784499708405,30.84375142144652
104.63547884988287,32.48792892829841
103.309666753809,30.81143085770445
103.83887655757344,31.88045286767241
102.58228134639374,30.47938990668749
103.9266172896386,31.42434199939942
103.73308480436286,31.90640316986524
105.27825953051362,32.89856992641623
103.35352455091393,31.098357960224664
102.4502098750068,28.993328680172446
102.68857395559206,30.339099794227888
103.0305792142845,30.616932221800877
103.99754121154888,31.485979196178178
103.24428196548297,31.09860609718389
102.4302355921786,30.145647750347855
104.78494520901278,32.59291176460282
103.83944637450934,31.323840609435535
102.94085101130993,30.585115488960945
103.21230600570894,30.637743857628365
102.6706058576637,30.225569840908936
104.67135025489672,32.748326648267735
104.38825027335892,32.04561309201749
104.05872724073467,32.81583394080789
104.70071465019926,32.604658885140694
104.17733025555205,31.680864763910144
104.1724861771366,31.738722995401993
103.1053266825997,30.539155540349
102.93932896378772,29.712198580975194
104.09337146721597,32.75209327019144
102.73105748392686,30.82023572632645
104.28061403030948,32.56501714134972
104.53635289116563,32.8611338073164
103.12983082095371,30.8854035619393
103.00236671464748,29.455810280517785
103.97047731181661,32.06130469136412
103.87008801869267,31.998590092322456
102.99530592538304,30.419315568040787
104.00989604271078,32.06346797845202
103.86376206972992,31.941581362277702
102.55756866441291,29.656948939673065
102.96316793163251,29.685984705203285
104.06833999171786,32.456919363771824
104.30020981363234,32.14989311863492
103.96813160631966,32.1479814674566
102.7693218566291,29.56459932911508
102.52999814440919,30.148162887759895
104.28660327826836,31.804793918125462
104.46759497305675,32.64329116312281
105.38129524605625,32.800528123246
104.79700773855889,32.701996799772445
103.37400245338688,31.322186790370992
104.05840342996287,31.7499775090414
103.41135326865542,31.109535222666267
102.6081263716136,30.387923306109265
104.34096502535844,32.54742607892415
104.20518537390336,31.782521481899547
102.99601790621243,31.254077464099897
102.82186609994793,30.52258055298546
105.4271875473052,32.890934735981
103.00974554545101,30.800192939858317
103.88753099558836,32.03620685049475
102.92310325052122,30.696014543415497
104.01372538892605,31.902981385561286
104.87131730027528,32.65014921158013
102.43357754021487,29.003853616862518
103.26016849572123,30.70140532203886
102.9572309292039,31.019614660716705
103.78920152960754,32.02710627359356
104.08196459256956,31.997887047835523
104.19801854128431,32.66912547245398
104.1421489069189,32.89993931628047
103.27402602042098,31.059493045441606
104.62782782214093,32.65285573547465
104.29315842188953,32.54567870338827
104.07980360691437,32.322868832947705
103.23969469615345,30.795113729926836
104.77943631480825,32.69201877280249
105.19131927472654,32.833647779938104
103.93764718000185,32.63001686967609
102.48954482313466,30.485769992704515
102.93583909579571,31.20003439780265
102.52943558070162,30.200823494606478
102.48268236266225,30.39964370284833
103.92776301095519,31.347808511657433
104.00063500622815,32.16157651316656
102.48171735045673,30.22631570609162
104.2375895293546,32.95912019968918
103.61815753900484,31.200233809894513
102.38655585944377,28.959015370851137
102.87240495117231,30.880054609479853
102.45555872013422,30.124025586672676
102.33663774008528,28.880476944464615
102.53715366860314,30.72696982310206
103.55909774667477,31.28022645950489
102.38980111181684,28.99756551533715
102.60117096661025,30.5308001414256
104.55939553120838,32.712784411743826
105.31905711515084,32.88262080610185
104.65865264902561,32.51685265478439
102.49041245532939,30.304023274274428
105.3559794554437,32.8902137928948
103.9626251912184,32.452464537430075
103.02461334828571,30.83779958994926
103.14599336459325,30.819223354906995
105.364652914315,32.702113909375456
105.35157955621713,32.86352669630046
104.06357368832681,31.670243588092656
104.0305569274046,32.07254924215632
104.51345603145532,32.78384422790744
102.8308886004701,29.524440483867757
104.20012157055183,32.19394572837925
104.08057792127136,32.85877812423796
104.0587613780259,31.873841761831073
103.05636164721336,30.687306814064044
104.01925205255063,32.78511061645468
104.17458934889297,32.58079117498382
104.35189973640055,32.077507346365124
102.87987119584862,30.80552658335464
105.30989953931187,32.81250081424495
104.76973656077118,32.485078923347565
103.93229731094515,31.380266644863987
105.54120789119025,32.7912560001567
105.34723499074573,32.93764531470501
102.98676775012656,30.900295914967355
104.29239513903954,32.890382870029825
104.33424879788788,31.814536837100853
102.91116151264416,31.164078010179985
103.6430011197007,31.34117848342324
103.11810236713225,30.854861883425425
105.42112621622327,32.98112621811257
103.1296501817223,30.89885377191902
103.57115458374878,31.096990761765696
103.79892495620498,31.84193457528952
103.10870334947033,30.64048263211357
102.42226488666947,30.34053126836741
104.38390320076786,32.979919200487245
103.79698877941833,31.54751437010586
102.78006230280339,30.45932779301809
104.00009464915101,32.430590906219024
105.45260825024275,32.934636485794506
103.98977659698396,31.892004013273123
102.4876608659045,30.309590718060907
103.37706343045915,30.863918527487883
104.24044945479278,32.85418633433202
103.96376564905722,32.12241290908874
102.47474483464678,29.863416979556312
102.98510164760279,30.42556509399801
103.0223297546294,30.619673225940367
103.9740049714183,32.67581884660417
103.91012004912201,31.60938901718247
104.67969152447449,32.73977875833573
104.41362425525806,32.59005957960235
102.49900201129417,30.47699371575807
104.1048007177094,31.751951338245135
103.24375787784604,30.690018315905593
103.60442480679062,31.21262850471415
102.9852674990471,29.479791189269932
103.13897001504284,31.1152025869926
104.18910626406819,32.91214773889782
102.42283135813321,30.245985100430524
104.00966323760953,32.32581369612258
103.34192533691902,31.02342439901078
103.1741360165685,30.582423970496134
104.22061432186874,32.97303803135052
103.13274063772057,30.6129583490645
103.82418697103712,31.940604016161124
104.63398079270657,32.75021276343831
102.68621308452295,30.812398087684073
102.58262513965644,30.508859393699947
104.40275550079784,32.63866395275388
103.00570689384617,30.95228802881033
102.66403193857931,29.729946915519516
105.30715952374585,32.78866716465047
103.79279667174313,31.409128423171286
102.79651199067823,29.54794467163026
103.69862872388394,31.354848543838
103.19445844216702,30.795011520895606
103.99649737020563,32.146893933627915
102.38076672475994,29.84837025822182
104.39209284808338,32.90885406713654
103.10245375561972,30.416129485589856
105.4394194247132,32.76974332400295
103.03719560688889,29.45078934588205
104.14791163491033,31.732877853689764
103.04433020719868,31.185317098371318
103.8769547265502,31.850271715391898
102.35183680543446,29.083581795423015
103.16234989883561,31.0464368844979
102.51575070887898,30.172807607686334
103.80907132345716,31.54442392356563
102.86699115370146,29.489991319208524
102.41805353078685,30.04768550376774
104.57607936866161,32.48444697804052
104.56263275581858,32.45847123138472
103.05240200798347,30.685348414679222
103.71021498445333,31.163758023184723
103.16787443848571,30.696479951852528
103.95542976972463,32.33887532443253
103.81140286539221,31.433242011276246
102.5553049334777,30.1222723775997
103.8261333750609,32.09190704755267
102.4819618365098,30.48361348280247
104.4020200060432,32.69914673047856
104.44870784328982,32.82038283331036
105.35678377970969,32.71733621280317
103.86566300425632,32.143181766262416
102.54645021400133,30.36787591515959
102.97219421978913,30.936435721082677
103.19576952426323,31.081383672716157
103.74667000772381,31.94028966283114
102.20362176121155,29.067857943785825
104.1847487324871,32.76208944376272
103.0526764236595,31.152326959152877
102.741371374197,30.231032584179527
102.4975206819444,30.662168486040994
104.88185728102486,32.58777318304694
105.28033448628719,32.806823897995365
102.53112118488005,30.60505587092622
104.64058178746293,32.641173314432486
105.12103163129746,32.58387674983773
103.9078629710665,32.57971307838587
103.22250381354542,31.26888587394062
104.24455420756262,32.276715541186725
104.25308386623361,32.67922791556336
103.73148657415305,31.854113168184742
102.89486271357926,30.694335689034048
103.28992427724137,30.787491332481256
104.5360280737009,32.72951277465161
103.96614005937263,31.654052246231853
102.65765189511497,30.75787765897859
102.79353373185455,30.453151505200626
104.09556854758104,32.53489475533166
102.94369714549367,30.998518072072123
102.76098588262089,30.627343693584894
103.05773602458551,30.903538591350706
103.17094371686201,31.022554086911292
103.14787103442744,30.6262322185052
102.47108141159661,30.419268025796953
105.61426431357383,32.98848703039675
102.5555884188966,30.448581521996186
102.80966687009433,30.669782857634427
105.57359480740433,32.84948896172342
103.40320279737104,31.184791062908502
103.8628782293521,31.88850287019924
103.1345112662599,30.913498804289517
104.42894247804871,32.82902452954845
104.12243844143295,33.156487398758394
105.26854611074621,32.67867909896164
103.89315651390294,32.14291540871151
103.02322277232904,31.21798184438815
103.98937681605535,32.82693237746696
104.21582021319601,32.27566785954304
105.22550585842421,32.93526104721273
102.39560875044195,28.982327647174593
104.25618125781057,32.288598244390535
103.24155443792435,30.79192773005747
103.06364379630263,30.95530149297469
103.30194406648464,31.027881007133807
104.51649731117232,32.488261272739486
102.92551994093448,30.855997709709637
104.06472617857902,33.09711780851742
102.57385001294092,30.429868247294763
103.90204848960491,31.75055268917469
102.6456247846805,30.74902496094748
104.44432754800866,32.30888573774474
102.53941421444642,30.704033553245516
103.15915860853639,29.510709060573244
102.87588085008333,30.783789955678962
102.66807040170579,30.593546447092262
103.95644826140482,32.40621227730009
103.14160039031002,30.656452973031037
104.06850987298513,32.895564870750945
103.16679397667139,29.47680260704225
104.07054125868915,32.39428983326212
105.46192879155656,33.00005500853543
104.24585516078086,32.605809282929634
105.2595100216159,32.901736156526255
103.52676542827646,31.248163943330226
105.12115046217065,32.71967257209649
104.82822875196882,32.48807100818862
102.81368585250871,29.59253992144253
102.8350310531056,30.49193152811725
103.10359551946004,31.149414250541025
103.86105688050587,32.29266113799889
104.69039691248034,32.58582613726963
102.99210273294894,31.06238262327037
104.03485188857977,31.457749809238894
103.3304639023179,31.12316505692361
103.93697130150757,32.3405434205479
103.99874872401908,32.67171004320278
104.54750003353696,32.66411378944758
103.92392947642179,31.373362565089394
103.21332978148399,31.289117691242428
104.26265181046574,32.940376155601435
104.77680292856462,32.487825279700594
103.05630881966489,30.46813709139399
104.27945497646967,32.08807694835408
103.02941885373113,30.586164156365374
103.74915915393422,31.823283854364554
102.30983359648536,30.066351650960165
105.17315088745337,32.95628283514406
102.96031068215423,30.539379933831967
104.27391021079644,32.649910705083265
103.98539365512826,32.7379506111374
104.002273025765,32.95153566117899
103.24591297436197,31.144141860537864
103.82317120355816,32.47423761765659
102.37607280228363,29.90748067057353
103.60204681669798,31.237808997532966
104.78006930741239,32.79865843761747
103.29480405136356,30.803700081476126
103.79665932792517,31.40347645923722
104.52631934541597,32.734886808676556
104.44532048751515,32.6922531957335
102.44700163887327,29.82614726351632
104.52643765018033,32.743659727044715
104.12400091679422,32.85071878190563
103.29502700192954,30.86019344733745
103.85276513279405,32.31520301475289
102.53731007656086,30.132923726044446
102.43790518060685,30.195362845403604
104.51007035411044,32.75237280571796
103.81770299551401,32.498746113954574
104.9240856941076,32.64519913397397
103.88548852462439,32.676135490249365
104.19475419477445,33.02923184704237
102.94301758583013,30.924233376410623
102.95951560418976,30.81628641724506
103.39689945781248,31.312721510101866
103.89844837104158,32.29053121025747
103.1104985390671,30.893078102732847
104.74372886831283,32.70038109091632
102.50388366352946,30.47546735305923
103.36509671778451,31.01974096166059
102.8656791485526,30.50924725303851
105.56027104460104,32.88634398040717
105.03537238738424,32.60550769340268
103.83267398922716,31.487639004929896
103.10480233879215,30.619934897185146
102.8732831486024,30.723694628932236
104.40074575019418,32.060601316768164
104.08262377372824,32.75253206455458
102.6010847806285,29.88264414821491
105.35912734341667,32.73339188542518
103.9052211401758,32.685402003614655
102.66272124079427,30.82799099340084
102.42541794061108,30.335070430727246
104.6404085439055,32.66272844545821
103.99530251825963,32.90546814191707
104.14276834675982,32.6628117385536
102.82714056673673,30.90257122638686
103.12081787314949,31.175054656015515
102.47710247378625,29.897189420082995
104.1709346680669,32.93426635432056
103.8322351834882,31.393894723804646
102.68496939921569,30.615636245531803
104.06373936303511,32.448376204414046
105.57199973049757,32.90364314263053
104.31173117248699,32.651132760643826
104.21569440275546,32.672097247868635
104.07907100206863,32.598683403600205
103.95207732405846,32.323626883747934
104.54484794350537,32.84373664369688
102.70858812536962,30.30437663093599
102.55038012764017,30.48391386775185
103.89003844734431,32.57160510634236
103.92725164444755,31.41631215299642
104.06586231924275,32.74526191813782
103.03857395546831,30.519363318542723
104.32789443258606,32.19361915827096
103.02647435900633,30.49740589297677
105.22553674737595,32.7766197613832
103.91206684073258,31.521128656697663
103.33175583389819,30.758778325212454
102.40892125013146,30.06177732107945
103.01181347753479,30.944884963872433
103.9352819040754,32.61651829314226
105.2118125781632,32.90388553602798
104.4200642844102,32.12215380760721
103.93839072814009,32.76540933253108
105.42608618138534,32.93041672717087
102.62835102360833,30.08201656659467
105.24587722703895,32.68546760044491
105.10242407610541,32.577372437760694
104.04021205934824,32.48456595235271
104.03245215563881,31.534308153209015
103.62658652082835,31.2479606326951
105.54585211514504,32.7637269261124
104.61823803816135,32.86056815655
103.23491362594982,30.876965621479073
102.35879977318935,28.869246637075292
104.27502133442582,31.741261200822464
102.5637984742959,30.615778919489788
104.13112894438667,31.682976039816275
103.25850326110547,31.32194417417639
102.48509155675113,29.938994401506793
102.9619981947879,31.16995787749782
103.03575452813442,31.055031159848504
104.76644057830961,32.7117805229945
104.09458102100353,32.427523387824564
102.61277139978891,30.468551978663317
103.30251091801688,31.37876249032496
103.8454896023252,32.58885528547625
104.25091485706628,31.79106213670159
104.2177139218794,32.94617696431822
103.08287955382762,29.48567933943468
104.11915866622711,32.99813032242634
102.40446194956198,29.134386033039128
104.2596905851674,31.744611227679034
103.27019588855886,30.871616138997524
104.71913181064558,32.69450338487572
103.11383993060778,31.0425156190272
104.63748369434471,32.493136115134746
105.22121175168658,32.62626979353794
104.06710858960867,32.139531416123454
103.2855773272744,31.041750804938168
102.41052123248322,29.73190197211011
103.87070233400978,31.57507434101482
104.16966414789252,32.78737281261759
103.15855740638081,30.835622112705188
104.19488174840083,32.97567182309249
102.35462638333068,29.10777791597214
104.14491550443995,32.46790304420895
103.92652675850687,31.47240435322763
104.25078886812364,32.24688432631832
102.52093457221885,30.355768046763224
105.38018886259957,32.84457994041219
102.87100841298033,30.339516463935382
102.34631850073394,30.196838974346914
102.33629943674565,29.937306473389707
103.36747477249686,31.23415123714283
103.83425672669316,32.504046546867805
103.83343709735858,32.3872694331469
102.74859516990969,30.894954155944554
103.94852653730398,31.846253411557907
102.73558695063907,30.255589184720144
103.58447497338088,31.140868689402396
102.55603119858665,30.66193665150519
103.05415927407304,29.46441552071208
104.84278288905595,32.59303014382497
102.96986780774368,29.41678309249398
102.41950881874597,28.974533350042385
102.93566445919006,30.734005592481786
103.19185608665975,31.174146853835456
104.09502710811088,31.687662949672667
104.60556860261644,32.6109911942909
104.17628934883709,31.72937912595921
104.02164130935058,31.72100288227647
102.5665420417449,30.348158934448605
105.03069783709138,32.6964555273621
104.70234279846571,32.74029162605232
103.53087680013512,31.083331223464555
102.51169610998043,30.51458125523045
103.88559734534013,31.740339255837952
103.7250551928631,31.366795227274963
102.62764506442234,29.688021366631588
103.86383005711488,32.38737390443264
103.8320090670491,32.40972128621625
104.12261665609577,32.34911077813837
104.12760660870697,32.78538514716974
102.70306320317427,29.614877649185683
104.90149729131258,32.546866633412584
102.49352985294367,30.024406979016472
105.30333441960931,32.642310052788254
102.77821063153182,29.54195287694508
103.32337308676105,30.897681185707217
102.63744998355655,29.696797071015727
104.00410800667339,31.51258573585565
103.41800697794464,30.828567391110056
105.42655106619075,32.99510980097505
104.35603189453373,32.77616793335195
102.97923244180451,31.255346558848746
103.04388091410348,31.056183188163466
104.11880944378039,31.78268236021277
102.610967578204,29.664591452989516
104.03106109025191,32.95064015008829
104.24566812063081,31.72802141915311
103.82694562878793,32.52758968665691
105.4524437996063,33.012855539665004
102.39598858519122,30.113052980584108
102.93722193130421,29.592291094242242
103.92376354589818,32.54914190299547
103.78610057995958,31.944197500711685
104.08215817006386,32.128917707443094
102.70990274377931,29.59944669819391
105.09046466826992,32.6844716280091
103.34007106170321,31.047116446241716
103.28519848963175,30.97678227003876
102.43236816058425,30.32873366291823
102.93064671454984,30.894846180200005
105.42168684549166,32.79461618806296
104.41204565881817,32.80908986844338
103.26862644197502,31.286400105751323
103.92739163157188,32.75326466715257
103.23177587227082,31.07788055367387
103.50840331001164,31.1295198078263
102.29406191503803,29.861017732691053
103.96328649176219,31.617684743318087
103.85265622099561,32.372164019615965
103.89552233760635,31.91440687363208
103.78794836595128,31.47860860746297
102.98573308834165,29.451421432919144
103.29811394766571,31.27119089848978
103.14337475307467,30.593797976578827
103.26565893239706,31.063896452381186
103.85251059366917,31.421554070246753
104.10471555195316,32.9402231316891
102.95943344539758,30.95730470028474
102.53579499973704,30.118122261072415
103.89983973661396,31.53181735900361
103.93058683544731,32.47554701852863
102.98241798888726,31.14392829369772
102.63401448768661,30.68298247634711
103.39329492626247,31.36625313194793
104.2157621515174,32.12475158350696
103.7722117565797,31.527953162228673
104.36489838107643,32.972670207657046
103.91248283556264,31.41927154406863
103.72213194253155,31.24276983890193
104.16603080292735,32.15921344677031
103.1227187840729,30.689930026734242
102.97827192539312,30.397155298130485
102.92499809347264,30.451201609695413
103.29450912852381,31.066341577183163
103.0532608342367,31.010592519530064
103.78486073132774,31.362207092797895
103.94863892703422,32.49064475627989
104.10237364037245,33.10848860702661
104.15295425222222,32.8243290319824
103.06491584256153,31.26477151511607
104.0010637217423,31.58563161636889
105.38819524213594,32.98964359433293
103.03561264515966,29.480143002974536
103.02133759702687,30.600557834180183
104.02309440343711,31.703419275341318
103.09516902246183,30.690117614954197
103.23189121380184,31.245845593578853
103.93966907777653,31.428721395630205
105.310369304857,32.808217473082905
102.38817260249705,28.96137923310641
104.09820916282628,32.22903431386381
105.17064220173434,32.718390898356645
102.88719615712137,30.805274563586956
104.3737606720655,32.60915475204856
103.93477812440705,31.908912873184104
104.47629309462772,32.6089773294579
104.64477434138934,32.8347145014191
104.43428578873893,32.47815557231833
104.9194093482766,32.6048133924252
103.1808362693161,31.30627283835025
103.94419211995306,31.567866637130113
105.15232473732736,32.85942972624483
104.65334716450906,32.706651463411404
105.32087695939896,32.64518117117188
103.19491349899761,30.748871453893493
103.10858924504534,30.70101010681585
104.14983583493618,32.53922821046605
102.3909001003833,29.840168860324468
105.29289785836895,32.71670249627045
102.52218425571573,30.663219962477847
103.95844541403308,31.68133161355817
105.47272188298001,32.7633054010543
103.6087419346331,31.314261044741254
102.28917050451518,30.069935544878778
104.67707002850742,32.73985343369083
103.99337067656586,32.077753725402495
105.25173248104537,32.7830195006811
102.44826519582733,30.112396712376686
102.46353021888913,30.58441514409455
103.18646516064587,31.296900227867873
104.82554226843381,32.685812916562206
105.33804246558708,32.9028226053095
102.94824137810433,30.43947173003544
105.29337654878043,32.82786666014153
104.20502616175749,32.252125528933355
104.02266945519621,32.79852691053154
104.0772736785594,32.42113954804363
103.99862145745413,33.02681558154576
103.98520342942491,31.670088886590555
103.36808989002579,31.013087360009322
102.89676664112727,30.646326819896274
102.39373748181227,29.05263778759817
104.10746016434466,32.57675423699062
102.94770064223424,31.162716893299365
102.9741241759543,30.400812626970275
105.44717289842428,33.03179413791466
103.77997407497534,31.924337148681346
104.83123615705503,32.5967061836796
102.51486196761141,30.43073633876125
102.90602989578755,29.598045345302275
102.5643969195968,30.465320383977286
102.98238424601782,31.02938496541544
103.16889515373339,31.12585860126982
102.6722242614081,30.783348499676205
105.38565112624846,33.02698928143582
104.86350736371654,32.49686728212149
105.35862345974661,32.988786272601715
105.23228653100226,32.874188095189794
103.94102248459242,32.67250650493293
104.30882599173009,32.55165429057012
102.92395020461285,30.859674708180727
104.3459452081037,32.74822569270132
103.87773476340844,31.96716079031342
104.27230453701573,32.915016008037476
102.31861495352764,29.94693923140493
105.56275177889864,32.92435146749209
104.20751109821376,32.97383319682361
104.28127662609224,32.3032649923132
103.0083673565349,30.937255147056383
103.89994547640993,32.38545034529153
102.98604582065552,31.080595144615575
104.68720308266579,32.47467597222541
102.78676397416888,30.46888010298199
103.15249005729409,31.071907703729345
103.2455872803871,31.358546815087067
103.41614507162342,31.35244358010002
103.73561400302421,32.12667215640373
104.09671274430913,32.10018985876171
102.20693854647742,29.057721899165745
104.99790823288181,32.63243235795872
104.1082326462101,32.81105747757698
104.69641857830844,32.751254419483686
104.12618203965475,32.35918637080914
103.14172370571693,31.038063814686833
104.50779268465543,32.69434856138007
103.71962236754587,31.858839190457516
103.99476019002543,32.047332041513044
102.49575507924243,30.034169008870943
102.47303762478485,30.399238082284835
103.23138640346664,31.165138548781893
104.58383441005893,32.46107025468684
104.33242718328518,32.26533900578028
102.33899634004413,29.882110648828466
102.79160941148476,30.550883479112514
103.99932928539806,32.089202865447604
104.09141082400112,32.365380093926895
104.62814591606802,32.55774007962073
104.08825195072394,32.897871759941566
103.8753591709147,32.15892667293915
103.91850696675773,31.812414950144113
103.23665856185714,31.18108199466213
103.9301366946685,32.14122853025951
102.37242858939037,28.98136384928742
103.16132992409925,30.659023910440666
102.62745243330062,30.82574803976855
104.20606820334679,32.79581504351349
105.26644773321075,32.840149368964354
102.46097344624692,30.418896005637077
102.61612035504722,30.721404809280326
104.25938181018756,32.647595129057905
104.35387683190763,32.137240516419155
105.60916885962271,32.8788022661541
103.86562737110094,31.431002972433866
104.10586892717579,32.541232166069726
104.3449241963343,32.194536231483845
104.07165532646309,32.34660312587912
102.81465373199269,30.807058505385783
104.01226472752963,32.55581721393963
104.33086769146286,32.51563863840798
103.05286777346478,31.167346924969618
103.77567179038792,31.272075060364298
102.47614517166838,30.506931903331694
102.70239482687575,30.76581316760892
105.47079653615502,32.98767995947047
103.56867347602476,31.327804503589903
104.12345069258252,32.195764899558256
103.20603199853937,31.02677361452797
104.49303360523533,32.61002529911188
105.33779272255444,33.00144584660555
104.48549743262507,32.68164761737503
104.63571611789364,32.60985335717283
104.93219658328188,32.59507692633052
102.44650511086223,29.908838117666484
105.5878059418472,32.926012514380425
103.12668487890082,30.838213924296163
104.62257766374086,32.49224868365675
104.0626017472278,32.23608250710267
103.94667320550688,32.758359967932066
104.18107561486481,32.96654813085811
104.14092126733071,32.941174113828666
104.22498010245593,32.60695040164417
102.92884014546615,30.80508359409856
103.70710759189068,31.859369805101952
103.71520373686162,31.22653969579031
103.7193187433478,32.07560839379336
103.87183963679519,32.243057303408115
104.01970859018748,31.903454415059823
103.8884664720211,31.906028316897718
103.95127544464977,32.856374262983934
104.0512220772146,31.534765825613903
103.86589370732682,31.481153163947223
104.20342246563503,32.29377955904974
102.48944905540158,29.901054972212233
102.45136115694743,29.06849743040371
102.75313289322277,30.74004705064937
102.86351265971379,30.52478445162565
105.12704283277326,32.59636308982301
103.00211705099943,31.11436985346775
104.49559820516441,32.576302861906406
103.2563418768889,30.76301611905284
103.91237021283703,32.87380773535404
104.03053059709069,31.89566185269289
102.45962774373643,30.45084163698742
102.91082675742491,29.5311457658067
104.09770391189764,32.71496478918556
103.09879169020769,30.651496739579972
105.54177621735325,32.840495826783325
104.01309438286923,31.63696317788728
102.80627348028548,30.50854595547345
102.76364152393401,30.77465882332453
104.05312302649588,31.55648406549288
103.82464686821474,32.05698371084345
105.20869663156577,32.61271431330029
103.97308063894087,32.74285889948655
104.12048918315372,33.16114657482862
102.86963535043068,30.56521444092461
103.19284192886047,31.063877629537128
103.16074135768157,31.20323545188927
105.29957553964998,32.61868043099899
103.03063394664282,31.06215818349818
102.3982415611144,29.067757564185026
102.52477026551328,30.38693000335281
105.37388617339504,33.048481141741824
103.81754122154138,32.28270379208404
105.48947013442226,32.904183691583654
102.25403464974919,29.00484800253965
103.35834321017441,31.346217407986586
104.09950423625786,32.98572063615937
104.73855378253819,32.61198366442405
103.19913502806182,31.102403794554785
104.06902382201885,31.554986620647995
103.2447435152037,30.76568489101164
102.40807975219968,29.02419617403384
103.67043448081135,31.20802124909635
102.9174158996869,30.747224444403372
102.4304785290175,29.983774762941504
102.96207942927107,30.45530491727472
105.38264827935025,32.82822777021524
102.32120547295982,29.86284643280711
105.27524490741865,32.86907146435547
104.35241169362301,32.88855311294641
104.61523772560832,32.53361686444502
102.69905894852654,29.590038713017933
103.06935163377224,30.817374477247995
103.62128877822944,31.26209982662685
102.41420942039679,29.943889465079724
104.81788560047639,32.6285045001973
102.2823851451757,30.088355150895374
105.29990086960304,32.74044841670592
103.97845608999592,32.23467103788018
105.35566724624346,32.96062016820058
102.74509026686704,30.778346502095843
104.97431476949058,32.61033569387215
105.28705184004515,32.66961541145586
105.13309162340362,32.91772176682589
103.87377516799324,31.39476325219047
103.27759161638691,30.819660900383532
103.07639781887654,30.85413704994059
102.91014459290616,30.800117094844012
103.59470394666016,31.19476714291625
104.22649471106327,32.20102380001134
102.9875849670342,31.248417097085195
103.97134289396502,32.921566708790586
103.20607503712041,30.588774417339028
104.5599210727927,32.667704995562275
102.57981403344297,29.851061125244946
102.59064843953574,30.18948469420124
103.99036550422679,32.387363918054774
102.56480838214878,30.183934856965557
103.24204638918609,30.975786318329362
104.2596129523534,32.575417839296215
103.95318031219763,32.669169674801026
103.85701631350408,32.648020078101275
104.21694414850151,32.259818479415515
104.95656161443124,32.71632759613154
104.04897181666011,31.834834117195253
104.02963613291551,32.2744497958668
104.89719527182068,32.73836712863752
103.44415027819016,30.829604526242218
104.28771395069802,32.92451203045386
105.54872636733361,32.86887159866129
104.2572549533596,32.609603763477175
104.37204736995157,32.64738833165689
103.43424353076566,31.332233324636384
102.55723483732994,30.228240553377052
103.859564159548,31.98275093211456
103.38317393285882,31.140631288572045
104.5223895063089,32.873402620345665
104.41821398134857,32.70814995440873
102.54030680407824,29.66129643299445
103.90606966877807,32.85838948050447
103.75808708849648,32.06644772960601
102.6352290971805,30.338418802431722
102.87246277346311,30.567576958977035
102.64750010353258,30.649953068532575
103.82353183084626,31.411537752074388
102.55473073765327,30.50646444174005
104.7904759452313,32.57868128847233
105.62188740136335,32.88911909138874
103.94954063928394,31.911018640569285
103.96365165182866,31.48112353418405
104.15132051737466,31.695967295570636
102.85107670473366,29.61537006730844
103.2681146168335,31.133340475018844
102.77767280203625,30.538256268139637
104.21693624201315,32.99054637852191
104.02812895620778,32.35788321832953
103.90165033761141,32.53632013243169
103.09614147697985,30.81253671487129
104.03732906000786,31.690514947998263
104.19791128939137,32.262096079044966
104.40212921119006,32.83671951975827
102.71456365569128,30.907754933895454
104.96736475060095,32.61327811815159
102.46580317492399,30.430763405274696
102.73358120592775,30.901119525776213
104.41248840413026,32.95551733278862
103.83836695943747,32.25704310573459
103.0842460816222,31.07762067448001
104.88066600297208,32.62791212903916
104.195441494942,32.79794847797895
102.42477452779532,28.88581923176324
102.94712568335369,30.97562298080988
102.91417527525209,30.583501940266025
104.09276057592972,32.948707850786775
104.70825734794941,32.82311587182687
104.01962985838995,32.437435660430964
105.01721636005004,32.71305220354408
105.15798140429945,32.939395679563816
103.2680857962367,31.16812156690232
103.72082599322519,31.97636358933323
103.87465686604085,32.65836587172778
104.34780148341218,32.635194774665464
104.55180820683279,32.488854676615134
102.45331728328655,29.018640277866638
103.90508014746501,31.882416584293264
102.81905429434164,30.56269208139045
103.69117704940082,31.207299579516878
104.59066960929094,32.471279750425175
102.96537352201152,29.52096271818216
105.17482395119308,32.89454858780055
102.51442016885258,30.51331651051181
105.21127694077899,32.785930293133575
102.8907033879702,30.38602362671557
103.41217912436518,30.860912706461026
103.90286105681349,32.705767311850245
102.96324259258927,30.743611974093323
102.6099093817718,30.38653108059631
102.54400540864299,30.579851785126053
102.46064298518047,29.994822940749334
105.53649897739821,32.73150045230096
103.7898816776609,32.03433763389907
104.04619292717256,31.56464657598843
102.44751128699644,30.062367086310466
104.29707334695301,32.30614988499431
104.79756879768104,32.61809153091773
102.62298068196756,30.750299250150807
102.45611986053436,30.05423444934225
104.47556034405666,32.53698140999504
104.03629508440807,32.222462964537044
102.62937504322461,30.162897565720154
102.91970699883002,30.991876609025763
103.21697984065715,31.170354028780977
104.42735699098826,32.49877167068778
104.43143490849967,32.85020271835311
103.72111706324358,31.235148952167844
103.22198318999234,31.31944023976039
103.97808470904629,32.27460920771735
102.68828435024149,29.647609965218553
104.5152894778617,32.57563757984557
104.14849027493203,32.80514017329937
102.83497024963391,30.496213827112047
102.70156419522796,30.239460793854512
104.34781087897235,32.891614799510165
102.36431911335846,28.975483034262034
102.40704947892037,28.91391618135222
103.75281446918332,31.34319341936517
104.03452617516962,32.85690265846493
103.0324584399675,30.71873790943351
103.88357295607622,31.79961887914437
102.49745298263251,30.110811689208326
104.76624520303997,32.53803526396391
103.85813567954935,31.435383394805665
102.3325558196399,28.947521410821608
103.79655555976032,31.423861899232566
104.89569910737626,32.59153644202998
105.4054681145267,32.78055569022761
103.32419283346393,31.081712700652353
103.98934044597587,31.96082292187674
102.7004732364761,29.652014310812017
105.5277826712416,32.92710662801095
102.50914185807933,30.213942927272594
104.05404514507588,32.86228135864483
103.8281181787772,31.408085398936485
103.01695292558169,30.76293750180461
103.96161451455329,32.5884433301481
102.7657023155213,30.898852814226718
103.03898299154477,31.25275984001429
102.95283700706862,29.68146736116962
102.8490297080302,29.62606193525978
104.06573076746571,31.71245462138379
104.37721171084003,32.297803740483836
102.47374026993772,29.0479035062605
103.02321207462472,31.13577837264391
105.21476360211823,32.854631160709786
103.76001474706113,31.42650647188276
103.82031174160278,32.59780888473714
105.15870470658733,32.924087866365454
104.06277060802388,31.999121183173955
104.04559596251303,32.778403341120374
104.63474993718957,32.58909339915979
104.43628815205493,32.49617729114774
102.70412849182131,29.693918334889172
102.58805294347466,30.415857973871745
102.62764247465978,30.236096226918367
102.23341247540955,28.954850120913026
102.34140445562232,30.14127409750623
105.46131573072978,32.86147920607047
103.03325419060043,30.709667805199764
105.06671381017802,32.604886921272865
105.11416916750767,32.5601121290695
103.01291095248827,30.8977592402374
102.67393569770233,30.572070897129056
104.08533933125116,32.330402944932395
104.78728559080629,32.720355589503995
103.86332944659958,32.5264501931869
103.06668155230906,29.477535830888254
104.12233584000901,32.785091918641825
104.4620618178651,32.70279903554463
104.08847703133134,31.624875371125512
103.87080856038162,32.09929384402458
104.53505392752398,32.60175053529155
103.21783106074747,30.833839392993447
103.9206443683282,32.60005790768042
105.01076189259588,32.67015864504994
103.96512866338082,32.73727883167258
104.14814290332387,31.681536588607006
102.50419379528496,29.94597480085458
103.94955193679861,31.471649423864843
104.17610487648794,32.87679044661621
105.54000370032485,33.04536711422361
102.25902805027047,28.975527374790264
104.31681755715184,32.78610773457709
103.79721717522312,32.093531569147935
104.0337628835882,32.09134519450717
103.08362292290634,30.94065644992093
102.42088750238062,28.857679171703673
103.28947396646186,31.336247963998538
102.6743622184633,30.72905459977814
103.80496144096233,31.566925221734056
103.25970795743883,30.828034789990493
104.3686594119974,32.28590492075372
102.54935387197538,29.846010633449
103.37425065236776,31.185331507182877
104.40809572412707,32.3216626075481
104.39642975048584,32.646126206997806
104.16576778864646,32.71417834036326
105.48578030597747,32.9256318088737
102.9071519903112,30.756006898134444
103.89584624839289,31.477870009564214
104.35438282663901,32.55416079966359
103.74304938135475,31.840181007922933
103.74534072207226,31.986883564338324
104.40417923664607,32.534126822310355
104.04611454670327,31.589431211324726
102.84441924341911,30.608737946984416
102.98213298187746,31.219096694759358
104.2139208634213,32.291423771109656
105.34686372140081,33.00435983979662
103.23822753925816,31.325265453706187
104.16324712259133,32.41993712995081
104.26905712414057,32.11398277389828
103.86787150649081,31.94324214814871
104.10808375646822,31.640343481682567
103.30957968359321,31.158784084147307
103.59636912236306,31.1301904697118
104.09713178633638,32.74293816973906
102.97884402325963,31.248201853070558
105.3117999332699,32.7090857195242
103.72909717736873,31.22889105027097
102.95951928968928,30.502180784831925
102.75084364606695,30.219455135335377
104.02806418602033,31.96073476669171
103.36021974457336,30.86997339730263
103.13223305743105,30.80451881804102
104.05155659054756,32.683041628419055
103.9209156457668,31.380015122748535
103.24074644353381,31.332850151704616
102.44594366121804,30.339368532630157
102.95893484879635,30.8322833667668
103.11331464647664,30.916564919332547
104.33133764861105,32.06707460116985
104.2829751775935,32.60386453774708
105.22052533524995,32.897477908608245
102.48710353927602,30.350032118735932
104.1343961908151,32.75997051773061
102.45554893385699,28.92900366374429
103.82655251695043,32.26031030346687
104.10043409559387,32.40576094574223
104.16959487476856,32.452105793069194
102.67978796065358,30.685795470311525
105.05888602060743,32.68920188351139
102.89939791185638,30.836156225532395
103.89590650462866,31.94127799340729
103.1815921658239,30.940783038726163
103.24208300976119,30.785981744720914
105.41677830968509,33.03048980618179
102.76279548188963,30.593696556606545
103.85899544608269,32.489352353029794
103.72100334372854,31.26518502690641
103.01976067910283,31.000768224760208
102.83725360657768,30.528286910628967
102.92333338395628,30.367280978155616
103.95115752991751,31.59560105815015
104.84183320495183,32.52938257615543
104.28948949726714,31.756334545395017
104.33286153640739,32.05185740479867
103.74900608214348,31.3871632374652
103.7625265303632,31.98480789623925
103.815869992401,31.44740670414159
102.7365524533752,29.6306595290252
104.25497438125745,31.73305998913436
103.81213728518341,31.482400091182594
102.40660800565463,29.899184718959674
104.06826284331862,32.469273727242076
102.51364168642877,30.755843577660837
103.98949527460086,32.97092201351531
104.10990393945437,32.38319287504004
102.92014524377902,30.622474078537778
102.38091219396736,29.76352272383511
103.26871598138237,30.691978672458898
102.55892553230633,30.188941620065002
102.77367836253063,30.259529306716804
104.23280012930971,32.10478530504483
103.06767784804772,30.806522988551265
104.0588947260209,32.4595444566307
105.12615232326878,32.58160375753043
104.03782476487733,32.55610002550553
102.74370057550446,30.655998461854928
103.29295884550227,30.713692953459223
103.06791092398474,30.62714105166979
103.79482806476044,31.85503192090931
102.5669540702439,30.352960801291353
104.39427998223873,32.68567349522832
102.80530912797161,30.788956742235744
103.88310255090099,31.40924100809298
104.78609131213793,32.501358266122935
104.23436345103491,32.85848865578921
104.59491440627383,32.55120639747244
104.09342520321864,32.59918483161065
104.0858668095499,33.11059597551846
102.20708104314481,29.0119103541655
102.94130338674776,30.50044202085535
102.65861872087575,30.746271968773943
102.5250829212508,29.74945669098409
102.84211579358322,30.6112379790204
104.97725977896765,32.56694453171978
104.05036880863548,32.070448230276305
103.03681420809052,30.450994511003877
104.3213274564156,32.55238007158771
102.87433958130808,30.886957481541888
105.29312763612562,32.68791208229839
103.0439977465127,29.53721033422674
103.96938590845123,31.927911517566397
105.40362035906176,32.947095667331425
102.82737422259672,29.500298846244377
104.42119669890909,32.69950462111251
104.29332957305874,32.78223192961002
102.98219003967061,30.94665088615879
102.38574763977138,29.097850314039665
103.85469437028122,32.363509961842425
103.10551630888905,30.875814674763525
102.85424803045888,29.543620218172894
103.35966670012259,31.032970586041976
103.72508736867653,32.07703745635885
103.13626167544884,29.455775904749487
104.42116939768889,32.678632433895416
103.32399428477385,30.723206587804953
103.93869296344194,31.980334187963745
102.51041596005939,30.52156006169011
103.76907353627051,31.326550500901675
102.84340490101164,30.697223116575977
104.68914556805973,32.52358407353669
103.26515196058082,31.2603687556463
103.97033222709753,31.946035490493532
102.7540842480366,30.760381385987007
103.44402193635125,31.37929849290911
102.49699541458187,30.234847494244754
103.98149250747464,32.584906975848
105.34353434656039,32.81428867115619
103.28984422783849,31.282467438825226
104.10580256628242,32.249840038916616
102.60175945341317,29.996932524594097
104.38147761780526,32.69278800646044
104.90900034051303,32.61108808993344
105.01774714752496,32.729326886693734
103.18799709985296,30.6548450961282
104.20462551029246,33.041359847834585
104.41351251241647,32.707874421098886
103.90278462903923,32.44081591107646
103.84822451300339,31.9328197408214
103.10108727673736,31.05039145501221
102.85226990859455,30.703900150719427
103.10788755935543,31.158628142579005
105.24789005433279,32.70954028506991
102.64304748994032,30.46015193775541
102.59628893631121,29.92565578661184
104.16356171085431,32.79773982605103
103.23960801189877,31.067859849921398
105.21265484167245,32.846330072950224
103.16233493928246,30.96631502789022
103.9937074918726,32.72233000714785
104.19398363199339,32.58113614469791
104.27812324810513,32.23984297064506
102.89118746357171,29.504009865789193
105.35256731186647,32.882967122600405
102.4993853046722,30.51831397812559
104.19133934007081,32.84080550637519
104.04989284068061,32.96114134457024
104.16707088999418,32.53025447326671
102.66570136291108,30.616680181846597
104.12997173071304,33.14186127788286
102.52308268997145,30.06916959903614
102.70119542626642,30.24749340058205
102.86277570116061,30.860997916624346
103.15555722211369,30.842299159738914
104.50367748417956,32.71178679395323
104.39599085035908,32.12020211436859
103.94813449243635,31.683862256187194
104.16859913203477,32.94882431527888
103.25228188058814,31.299496541641307
102.8431761043112,30.743451754505674
102.99004814282985,30.995059872881463
102.95288625974324,30.410260449460775
102.93395003000794,30.994137552636133
103.02545820545245,31.121619469829028
103.79233404322432,31.855594800233582
104.7019101566087,32.444843229803574
102.27270805824266,30.076631679989887
103.90384846226337,32.0695212582441
104.52970608308165,32.680765248253
102.47779769591254,30.30467642228764
102.61862656888096,30.540589176351727
105.5237678984565,32.84596590219278
102.95978364713325,31.194644364981382
103.99613996089242,32.984756134154566
104.08166657518962,31.86217185205458
104.6284531123191,32.49145032780263
102.73643990416319,30.613418913814098
104.08164179962051,33.200138905272766
103.91721314541182,32.16448865381007
103.918682886286,31.87306163359839
102.48815393996283,30.601356849710047
104.12924542776814,32.390141768583625
102.59063232421008,30.23574942292089
103.82850727493815,31.963570373802895
103.84395278034584,32.62171085584761
102.70005586597205,30.84257824154496
104.22907591250016,32.85658122516138
103.96067219590051,32.328966403726014
102.45426814868063,29.95866746480832
103.77611229849596,31.807490407428432
102.72078382534433,29.554381101043557
102.6175397073039,29.65814851461215
102.67072615015759,30.33526916729239
104.17420714914739,32.73093418936285
103.8665106106705,32.116482006398805
103.87765372432693,32.65530171343831
102.59701025107584,30.846928968165734
103.1174001130811,30.797605280302392
103.1099989305469,31.18863818537227
104.33210681302981,32.827637359424706
102.41350066911053,29.062022538709428
103.8681634389641,31.944189518192854
102.42572132451811,30.20800564049733
104.03739434053286,31.728912023320422
104.82272702888389,32.62522490673341
102.31527520993929,30.092173567676046
104.19228361521102,32.672252794818796
104.84163668562539,32.70569537190395
102.80751294789367,30.84343403596266
104.47308376431627,32.615865391321464
104.1892963292286,32.805372907248746
104.05603246034758,32.42948184118326
104.76875221897203,32.52891369793287
104.69923787104281,32.69914498295361
105.17370571947374,32.88154746065939
103.06174509382726,30.628711954968757
105.22161489529323,32.85336274096596
104.44110680470948,32.2866520534734
102.48893589545601,30.71975511929057
103.93156956111162,31.976835459077797
104.00660488529871,31.468999877917543
103.06010626607768,29.505150577796112
103.94593600731199,32.73277272672338
102.91023933192295,31.20230975626057
103.7941474926263,31.94228422972435
103.15137963424019,31.022330158697333
103.92166488119912,31.796601432169236
102.49435567236249,30.32639016599257
102.60252903849836,30.514037276644096
103.74373021244762,31.41063376978829
104.39706845041911,32.92820865610214
102.73233026873862,30.599941290431662
104.12634990113197,32.283988035934485
103.94832501975122,31.711190328089145
104.96854964566096,32.60982986895809
103.73149576951836,31.32353745411727
105.64191059946539,32.892584849363296
102.65460213068087,30.683633413116112
105.22968938353772,32.62787658782348
104.75147442951513,32.52898065305541
104.7228434975415,32.600141492625205
104.334331128275,32.12159602605958
105.55083652910842,33.008332168165545
102.54235277018331,30.65167272496499
104.18393867635615,33.04654028047105
102.60165166198026,30.471862926213372
103.58321367318504,31.133009441737432
103.91578870408418,32.578553902470794
104.37871509914878,32.58352427449414
103.88257344101682,31.406817578119917
102.2960295643877,30.098683358242486
104.12444390606224,33.16230810183995
103.86713777100852,31.90728941628052
104.09908880728233,32.791280717902616
104.46654034793976,32.688449842352604
103.43579137746795,31.405659263127912
102.63026751932166,30.418750796289892
104.04446184352005,32.10949475687802
104.18124300859735,32.62134245282709
103.08985206342294,30.77688991573416
102.94668809534515,29.448203971131928
102.7546645080295,30.18789964703808
104.18219744464086,32.3611001942075
104.53774097226614,32.614910254002034
104.90888053931802,32.67491522869167
102.72796736780515,30.530599208871585
103.26114997483172,30.656993311323816
102.67168808373776,30.68532927298556
103.0657224794532,30.575464270888027
104.85293438533209,32.67349667469163
104.59362566398217,32.81022900153312
102.65686679027722,30.63336019779247
102.70045007532256,30.890332301979573
103.94348041977122,32.40989439840897
104.03703417724348,32.79772384777135
103.26981908052652,30.91358918191738
103.37856899770824,31.177086720198396
102.72292303001701,29.59774146394865
103.34030422585664,31.152327096017864
105.2448933483294,32.98430883767656
102.91608388690545,30.351861459053282
102.2589477207458,28.999473741123282
103.86575467782731,32.57844455404242
103.50607656870922,30.86412472234762
102.647790638152,30.6359097168161
103.03170868815751,29.5312267792183
104.25038744985541,32.13128923460579
105.39896758587744,32.934481075954736
103.60280130182605,31.17353510064709
104.7976905125416,32.584627943358676
103.89698839301035,31.36314854932988
102.80629988405126,30.53320926310929
102.46679077476662,30.256281906343794
103.73786602076689,32.07381193358639
102.59233012062113,30.7113558613667
103.15453018585768,30.686355259988204
102.70176174703185,29.63211087874769
102.33535689788238,29.81362263083792
102.6922450021494,30.825973062653333
103.58414741694388,31.1186123681242
103.16849564636692,30.662132980614146
104.15416376068306,32.234680159262396
104.64427264172544,32.73615557590719
104.09963331961802,32.602439235169534
105.25871669601497,32.82320488450591
104.32768808778977,32.94347715522544
102.49321183234078,30.59677244587569
105.14074296465628,32.91664441699788
103.80238739605932,32.58406031139033
102.94769478599345,30.871027123403174
102.77239542763044,30.20890944447769
102.98849870790023,29.574774783978103
104.11501132666008,33.06350073666477
104.78318313627703,32.7760638068418
102.4415863928931,29.050521369120233
103.72192404991094,31.923153575032053
102.74034721984133,30.355174045244627
104.03344354613681,32.56244901626986
102.47696528601257,30.245182803688543
104.6683403090673,32.47745406141715
105.4301037070467,32.86584909069005
102.97449194471974,30.822583078705808
104.88020519344896,32.68875860361895
102.50566789849248,30.170453977038676
103.96845192270402,31.83298855827021
102.99780697486547,31.032527466014955
102.93674593861194,29.452544054851195
103.90748193373274,32.16024442904042
104.03018434795527,32.88873501516692
102.38772939149099,30.140547880251745
104.12401642491571,32.483208459054815
103.13586868618722,31.109718259593656
103.33386973421806,30.77585380705661
104.33724068442697,32.85139135192037
102.48968915221847,29.966659454233053
104.44204876428624,32.759954670244106
104.51518403429779,32.534585916318626
103.59541382625882,31.203421906867334
103.24819181336964,31.21074771060509
103.87976428334103,32.32962719348169
104.1150266667417,32.207741626920004
104.32002526820779,32.61909834732655
102.27874909541882,30.07482968933162
102.99433194357535,30.618585841871095
103.20145792060507,30.822296814583275
103.86101847536513,31.97345656993454
102.63464818643038,30.232764490298173
103.8885127379465,31.542456967527144
104.09351460948585,31.751650501216
104.37736082748319,32.69460677325714
104.34962994785373,32.52970634928473
104.48006156168013,32.96203107546597
102.94033576357793,30.376178299584737
104.63405405546335,32.554708458513495
103.96776169070854,31.5363692490457
104.06110474225031,32.17190689051569
104.00229145876013,32.96268659095316
102.62699141734647,30.580253762628335
102.49628049293322,30.21492576563144
102.93387598233976,30.9599002624509
103.87782642845224,31.862891155765297
104.486997210438,32.82537870045524
104.00160973601442,32.97856710255443
102.41947271088674,30.278741931513366
102.74160569230924,30.720939687292663
105.53949214102094,33.02657886167997
102.49039132770824,30.20052517633934
104.75352217678729,32.674594344443385
105.42616751466063,33.11336947054661
103.85833357258332,31.91588542702309
105.12011630054552,32.67738859479486
104.4560687841634,32.62631001375638
103.32645985321486,31.094504645375675
104.39619973473278,32.62846488939972
103.93968994753308,32.08413339777616
102.70984548151863,30.31697288282935
102.88520496577163,30.609057683187192
104.34353176763099,32.28506138873445
103.91404889517148,32.564162231697296
103.21446343690799,31.36457999086745
102.7218596451517,29.525190037853807
104.28020141446402,32.971469274943246
102.4253264613406,30.270952290304443
103.70571700016004,31.31562936864146
103.91331337807807,31.7011600674001
103.84926291175707,32.583835081082306
104.36319974289204,32.61026812033168
103.88878408394243,32.53066800600531
103.98947412879494,31.617765415872775
103.1822600896158,30.625712107295264
103.47203678400817,30.92962264055448
103.78627346855903,32.10699189137368
103.91654317637992,31.796535896727775
102.62538313319554,30.587600307687474
102.59257717919273,30.174681203001043
104.20333298822437,32.63883922496994
102.60357725957881,30.401849008492647
104.6938361167594,32.70534385883134
103.2465708596738,30.702804242981706
105.14680409917264,32.615733523592446
104.21712047093634,32.355987999531784
105.3354097462031,32.9198348974661
104.89487836590732,32.65210834710012
105.0141207295636,32.57620122549321
103.0893490604748,31.175333539834476
103.36104566022348,31.108409063911548
105.49463324660285,33.10466069538677
103.96121580305889,31.549373146752018
104.36563352894848,32.68279932164128
102.3484593083601,29.10828678630316
103.33047062748523,31.10920778824931
104.25524433374699,32.23866246537223
104.21209602550638,32.32181160692377
103.96704099875559,31.520262250586566
103.02989484333928,31.130322372526965
105.52099203505644,32.875034572458894
104.25882737059507,32.15957336014419
102.74999775395901,30.235840627802954
102.38660698261526,29.809287876290703
104.21786721151875,32.278882227631605
102.52058263152897,29.928019443868337
103.08395274394918,31.18344906765018
104.84543430953829,32.78666915741924
103.85126894707079,31.878259508060832
102.54821318595945,30.109005456856448
102.36381047360508,29.801576098968752
102.46530263695608,28.979110072861406
104.44873625327944,32.84429871557737
104.8370757391041,32.686591721865476
102.39529898053449,30.199433435341355
103.11652278110999,30.442351848241323
102.60075597496693,29.958945132170395
102.57174186510161,30.22499548376213
102.53310812766375,30.51623316721204
102.96445884311994,30.783409216190893
103.92413540875935,32.49758962618639
103.44339128943083,31.414685357351253
104.23311090384776,32.83810966845857
104.18372199729295,32.323148981087186
104.07488977625935,32.45934585387342
104.79616341614215,32.68196248067202
103.97689103602035,31.847568151519933
104.16248444409467,32.81827303657605
102.83096996986444,29.633124796287266
102.61596453088791,30.702533241175296
104.0396246174016,31.726178947595503
102.61043905983557,30.707981343677357
103.78691036067745,32.02902071972633
103.68405514308073,31.960295449161606
102.97918638628134,30.58578901638495
105.1475169310744,32.63289648415488
102.91818885439912,30.60536144702749
102.51701423208178,29.74311834711848
103.37510437540593,31.18578983733117
103.89229152413154,31.904099172853986
102.67553150965641,30.117749378321975
104.14859676950158,31.661709743992112
102.67648829795647,30.745346329797
102.55005032826828,30.311927839069334
102.44612002608746,30.2312503887846
103.05096623700942,31.068602503937754
103.99392482581163,32.642741835159995
104.01072491708136,31.869934087289383
104.65073767393969,32.58458684312677
104.36708557887087,32.12367247063199
105.26091604187557,32.6843500502269
102.96475526315582,29.616988305198458
102.93105788940694,30.832650908127423
105.32845606700363,32.907686681607196
104.32136168319467,32.62008989116691
102.47629147785268,30.172785768325305
102.73394359502169,30.25007069100274
103.26597124467868,30.787447860650047
105.51623600340996,32.981277124613094
102.41813566665752,30.456426124342553
104.21280289903513,32.56569885241813
102.95947485343872,29.541162609695498
103.90190762298563,32.394346324723436
102.4782479670937,30.46382333270949
103.11375159186298,30.55347354380399
102.54915551203197,30.08004413103209
105.32243290094985,32.70855278606376
103.75448693759358,31.257790436533924
102.79234877939552,29.55427627979212
105.25669919277986,32.788065059372286
103.67890913926155,31.345075617225184
103.87713973736685,31.9370820826367
103.95252281935602,32.04778261395125
104.10576713437895,32.269461880341574
102.35921125116694,30.042891986201692
104.12540536998921,31.715631614353697
104.90365525931514,32.77575692913787
103.45354013521415,30.926540797874704
103.26742821432342,31.284631170311744
105.507868999981,32.92117455618968
103.86157064362317,32.504943291625544
103.26856490262901,30.66568050151201
103.859761274665,32.23670726528515
103.2843633547041,31.087381836478844
105.45765163508332,32.96075536670541
104.54436915275149,32.8597301455167
102.82140428569998,29.500178821297077
103.92784354033215,32.54494539374764
102.60899606413133,30.576669507790275
102.6751519077664,30.583982674496962
102.95317045070075,31.00902380214965
104.60573823908332,32.45389997764015
104.38077448454635,32.61880011670672
103.92989332208136,31.56526928090338
102.49689386157226,30.070548916373504
104.85184993567151,32.75805251551118
102.6503041791349,30.79290856652121
104.15337984607716,32.804636692803506
104.51101186045105,32.55416244058108
102.28150404573373,30.008489671571496
104.85352657008788,32.55826574481289
105.47165412842105,33.061489667512255
103.34892408580284,30.895833338069338
103.97761922231537,32.643379700529394
103.0052663159352,31.21330989088405
103.80374371913693,31.580152738627362
103.83848958245245,32.18581915829284
104.22326266451843,32.11475883001914
104.01432133741785,33.12049664675418
102.24737992614168,29.0450009931851
103.19421300533176,30.67893057574532
102.77613155080157,30.718061257217137
102.36165710930996,29.746417952528375
103.84250340731806,32.01208524831451
103.13927200567238,30.63359320116469
103.86527741481217,31.897561770589125
103.82056393725802,31.972093888578705
103.28031294511653,31.079790050544084
105.28169651455939,32.77729037937185
104.7257642720914,32.69118792856215
104.32451840293626,32.24889660626497
102.76421234129225,30.92046125764462
102.92478694559226,31.219871735608667
104.07238896780662,32.76074192372863
103.23442088737582,31.329388522593362
102.96224501979412,29.705310342383168
102.4416040840091,30.23902266022342
105.0655305314885,32.703960454817015
104.10210762399254,32.65975075237595
104.32166140916088,32.2215418571717
103.99629112791001,31.627317622031985
102.99027916969591,30.501708486659435
103.82403229122734,32.56304493345493
102.54255947567904,30.603083381610734
103.21132973195597,30.66467179658108
102.67890937698131,30.710031024460747
103.96185424297522,32.49184959973514
103.34029534350658,30.890056136891896
103.18994681033425,30.76852736410622
103.23166593103868,30.75957375817049
103.46299065402727,31.427183419145408
103.03118860702129,30.647833450910984
103.22943877118212,31.236282257289204
105.01188176105416,32.60902493895348
102.47438636587515,30.519602516722394
104.5871029421739,32.494848528558535
105.01748928334628,32.66486622325428
104.1039859020814,32.547638078863734
103.98985180658725,31.97703492229774
103.84256743690595,32.07757763182756
105.09684477860982,32.604639588865595
104.61465652144814,32.65685517096128
102.86613162791797,29.539825701646713
102.87054687443666,30.698287008381698
103.8583817782298,31.624879810425316
105.09030788644411,32.87687333571251
102.36418911351147,30.165860838481336
104.87555229309352,32.59476098020417
104.78318179707695,32.51935539630111
102.55928401153953,30.703585403487644
103.9318375347036,31.43247096614963
104.62085835915822,32.76138364729701
103.96466182637721,31.451415241112766
103.99846255152241,32.91550518839661
102.71410259071779,30.616354710977955
103.0261301914249,30.982356983592055
102.57651344461406,30.532848315091503
102.55294060095537,30.681786024181726
104.76410024522552,32.55812937679713
103.40137006236665,31.340017590481168
105.38008349592752,33.1493864483895
104.7857348666161,32.574104755050904
104.0953390724721,32.743030339491945
103.30490100084913,30.780357509197106
104.31544441743513,32.56465553467373
103.42232424816291,31.29140837977037
103.04090718535844,29.566070986277147
105.24780435145738,32.65621102956754
104.0469052566624,31.873215771011626
102.92004167331095,29.488787133040336
105.35286731683995,32.67436318279432
104.121314010404,32.195750545337084
102.36753468472186,29.831576907494767
104.19432335667643,33.04842913714371
102.44352625957536,28.958630335377205
102.78463565417721,30.5612244799664
104.21467676941286,32.69810662411128
102.97668102195273,30.676148670209873
104.80850113994525,32.588256878863945
102.98241844265219,31.271462111109244
104.2949412133614,32.09239454509594
103.92890259547883,32.32452147259304
104.07193093015226,31.596664816986443
102.91758870343784,30.65154501981044
102.61815154024258,29.661312140348613
104.7311076487769,32.68699488111896
102.54554676736514,30.28928325861339
102.93650471659554,30.6715766686506
105.49188693904134,32.90586973552088
102.50716530105126,30.699286083857483
104.17774997818354,33.0073323551604
103.27987608062362,31.11179827399042
103.95080189715331,31.89098867336712
102.85671418813655,30.869409580911206
102.42116428660788,30.465470704861215
102.93852174414536,30.916741796265487
102.62650964763748,30.755467397311556
104.2016307794739,32.679394003600166
102.5999730387115,30.68970936621164
104.94024245114501,32.57407863908847
103.94939921573398,32.44030672750928
104.91479580727058,32.63947815326934
105.54555330961058,32.760581456900304
104.24665838769349,32.65059438899319
102.63848204294189,30.600344391614936
102.88715380311287,30.425026731862545
104.2576347012027,32.15485276587182
104.40574045820613,32.498442960881746
104.01060958666602,31.973929638151457
102.32385126272077,28.968206347512368
102.35753644116055,29.81026898498424
103.93869955320773,32.44872295932058
102.81069825720833,30.467120355853666
103.97251818535966,32.67553362869196
104.05802315618998,32.494581449992076
103.11710050112507,30.60803481219112
104.60864181240755,32.61183291150615
103.72908612935056,31.964440299220264
104.19536397719412,32.18462439858905
103.98439740039876,32.61261427503208
102.53393371613971,30.235351830163452
102.9162372350412,29.507910614858535
102.67343507892632,30.668888516206287
104.96281333413675,32.71076351074645
102.53912220104104,30.521282825670944
104.90101769860786,32.66079775979626
103.4156186187771,31.17136951959572
105.21358038982315,32.6429119877125
104.4164924339037,32.85504424269919
103.79754567313206,31.443916081487924
103.878358556777,31.92025074637642
105.40926586708842,32.87524335806719
103.1449143701857,31.183544460096293
103.33014543830603,31.2811715769479
102.46723651029524,30.383129204739426
103.92115295321781,32.229974156470696
102.62378014577327,30.58970418848786
104.0494705364654,32.43604697415755
105.52969443782486,32.757298019121876
102.67900610817028,30.67181856532902
103.89602497402099,32.1579585265544
103.83649151744255,32.18436196636525
105.22999092746021,32.80099322546053
105.32773812845929,32.84310553864348
105.28676832395631,33.01230410927499
104.17685667782554,33.094468332106196
103.33353384079369,31.124723421767847
103.69870444864901,31.347202476164142
103.51824117705368,31.073450701436805
103.70745091872138,31.883026605330496
104.05555300618045,32.0579370197452
104.26868972641095,32.07453311270855
102.76533761415305,30.629838799579087
104.60537168666019,32.69648972780112
103.41978840402226,31.34403569817435
104.06500497731211,33.11792604344986
103.28726729031648,30.749503533750815
102.81301184671462,30.48804713111429
103.12979306857464,30.976806608717503
102.46942819648339,30.124153938052327
102.43376383197932,28.993362417991435
103.81783639412562,31.86474754438478
103.31407353083004,30.697295268452184
104.33825555861488,32.09683812095452
102.65907528383661,30.596071439798788
103.75254185608979,32.038085295606336
103.98499822674192,31.954784021531033
103.93198706850468,31.870694591935987
104.53773744847526,32.63688580224972
104.05146089946524,32.62677411277966
105.64608169528701,32.85184520528431
102.52346958310008,29.771636546002732
103.94343306009154,32.6823810615113
103.15666337611538,30.6807501149542
102.80294897437047,29.557572242360326
104.12497437562052,31.654904817895844
104.64182957375141,32.53095124435848
103.94577698927556,32.782165500279596
103.86105684033055,32.58048121870985
104.00726131951737,31.678185023828114
104.51023360998795,32.859079969461945
103.15471138372251,30.60388228997709
102.72195445866394,30.243471471126387
104.0370703250601,32.79111497442036
105.00554638956993,32.693070494326754
104.11587616610605,32.226891309532476
105.43144638905456,32.94937335602393
102.81811150884029,30.558689793516074
104.25019392169682,32.91450030551263
103.64929806121052,31.281052797508323
102.38377312590227,29.042276010127996
104.21041168678687,32.85074136387184
103.92789703760279,32.18561097716987
103.22940626265085,30.884140164178802
104.46716703673854,32.58090456965228
105.22866026037207,32.78217952320819
105.3401153334226,32.84887414297806
104.0027061983062,31.71866309937002
103.83441530147297,31.41290016912743
103.80350255423303,31.330068068841637
102.44967702058337,30.565847050083807
102.41354028496487,28.935093570406057
102.75652504135374,30.760274390983486
103.80548411223057,31.334875195201448
105.40998752584937,33.05394170359905
103.14466786073716,31.216021781820594
105.46272318092241,32.891423236051004
102.26670589066812,28.931750348033898
102.34470787712108,29.962711021060315
104.43785956147447,32.098892399783416
104.58503463811556,32.52120052564255
104.60247056150288,32.4690283899602
103.85385982246619,31.35301678584675
104.78794379007498,32.73044550867844
103.78085670786064,31.812786970075425
102.85589960070362,30.724260892356813
104.35845847724407,32.53903450958276
104.68498737019782,32.500956900462704
104.04291241672647,31.552014276450677
104.10495060259325,33.083895639614006
102.41089390494282,30.25999964438032
103.32570647302832,30.66081827241047
104.09744497611099,32.63986486011635
104.27874459139417,31.752851005194973
102.56945565075209,29.788853532021655
103.38996764860345,31.167663051292926
103.04099987572899,30.86213226721745
103.89630192700385,32.33233140834335
102.94516915171425,30.595408864642014
103.96178274696113,32.31355174796383
104.84728115500552,32.54922166385779
104.30907542785512,32.30855495364026
102.98287557717003,31.125670251021393
103.14381263477203,31.05323562442171
104.31385100418595,32.24677488806417
103.77073637402772,31.269046349549477
102.95370673699432,30.551749690117173
104.37709397835336,32.817758229518866
103.82148428542419,31.320120428570483
103.86023141048157,31.737714573355152
104.11219466378859,32.774011867451115
103.88440611902509,31.795277043327896
105.47378416155624,33.004934819561115
103.28188408856337,31.329771370189864
102.66019271203305,30.234359701804603
102.98592011789141,30.447647066502512
102.67504011247193,30.264054717471897
102.50619931303677,29.681420536414105
102.9463574634693,30.581302142470282
103.10559502752461,30.877130152396575
103.70345172385522,31.21356292984356
102.93310424860084,30.596179894607104
104.21629952644896,32.77369898004847
103.308432786733,31.302088899434814
104.00308393814998,32.543556253578664
102.57444228090544,30.531916716485288
103.91428295938107,31.46756249789961
102.45662411335557,29.90266794697724
103.36137526406007,31.346198331271278
105.44565256525429,33.06225201839161
103.36089041697532,30.887378484746595
102.73586338606768,30.76357720753145
104.50800900233877,32.609661156186576
102.80958733828922,30.822204817849855
103.26612089536509,30.926562250586457
102.76310934659612,30.9233488901746
103.32105352076208,31.27493782415612
103.22992117973484,30.672732189341033
104.7680532828409,32.78884735964546
102.97977012343021,30.925341350791804
105.24386074375151,32.78104448880918
103.88123259597134,31.513235766148576
103.90487693147084,32.38146774541794
104.4306364599506,32.738524746917264
102.99125146511074,30.827946816558878
104.29950680371188,32.8515896272804
102.6250092209768,29.694747169582314
104.0125304390393,31.665041439918806
105.203974416046,32.70876295753584
102.90747709926545,31.190092053969174
102.86203298911968,30.70407038735367
103.30971914529167,31.122352934421855
103.99425612484522,32.16880788385968
102.5126151778582,30.76942150046034
103.26960246099625,31.113577273477624
102.50101127641447,30.527666685349413
104.36795533458746,32.72933814518111
104.08439717137807,32.47262476275671
104.3734573794779,32.90565741272676
102.81201925156276,30.423155550512174
104.02138950292829,33.10949548702782
102.78208641916362,30.845236310073595
104.46157027016984,32.55880346081162
102.31837388039716,29.860388110494828
103.16118787481302,30.668950408262333
103.56589895534455,31.235225037168668
104.10482070565239,31.87614120213645
103.96066768830545,31.60388083894548
104.42515430744336,32.0404600871907
103.02731893895594,30.799927826299133
103.24850848379019,31.282759906185017
104.87147014150379,32.654911057315665
103.18830241538892,31.053181753109534
102.49313778052559,30.786510823866685
103.22407510438978,31.222055861834438
102.83511745252817,30.691163906692047
104.45161321595387,32.06394793060518
104.04996422944605,32.49511316222234
102.44609492345982,30.244979666297255
103.38645878085124,31.34873698794449
103.1064194487597,30.85387155020285
103.37929997159904,31.40084891383889
103.36623117861312,31.342808551973313
103.98074061266402,31.37985029520127
105.47863816338223,32.80233500056337
102.98479553115452,31.003011281100974
105.4910986746598,33.08471014482193
102.95074808506301,31.1280995510778
103.2078587912259,31.188307422472086
103.0754743312168,29.535457699259165
104.92277252946397,32.53591917834151
102.56481018531377,29.864137035534757
104.03137796806342,32.632313286917324
103.15633065762016,30.506535427754812
103.24006823120061,30.836419941013588
103.88202405953702,31.619520242470102
103.95461640403323,32.57182372733726
103.34679972075539,31.29588802941182
103.06710164303081,29.53784601374543
104.67246589576408,32.846045456088916
103.9242814844181,31.463689850024874
104.7952527331102,32.51592012456896
105.44601299341116,32.77674544705212
102.70676919951167,30.596191015312733
105.27664581123064,32.941799022575985
103.12012823104227,30.569078578235235
104.2826317444242,32.27217023623315
104.04743768166327,31.937767925190528
104.59776152553697,32.75131938509467
105.04389738238395,32.665344128043714
102.4684614946749,30.280113225053338
104.9687435511753,32.71605902962467
102.65671260006,30.656153726318095
104.21958851361603,33.025875828327074
102.39427301087558,29.78620207123425
103.21817115345404,30.917424916171022
104.1346508095543,32.444664699657125
104.61335267241118,32.48861243144606
103.85341965808874,31.413197539270115
102.55276014399833,30.606522239832636
103.96081622548832,32.936481160322444
103.8564930052817,32.35772557568569
103.8566909086797,32.11224482764071
104.3770305679561,32.06243625411344
105.35899393125612,32.97057054840403
103.86122867420804,31.518965931791815
104.34607214835614,32.87418897565752
104.43624935271386,32.587690146203535
104.29023414133744,32.297390702526414
103.88333715524678,32.02970877868556
102.4554759832008,29.861609254629236
103.8061488616243,31.952741052960967
104.00345144209047,32.38811127942436
102.47477639538413,30.038762273601247
103.231505944082,30.809595082863208
104.23878335942557,32.2120415292104
104.06813895404848,32.83709048051374
104.49681056667524,32.50905938324389
104.07489855577279,32.53197621776143
103.85143025153116,32.24610028250856
102.77848446577927,30.665640798026498
103.68119868848709,31.323725076551902
103.07361302401881,29.494804848820724
103.03563244548305,31.019663962174306
102.44226180282688,30.505768780761603
104.1939019384868,33.070985364127296
102.6706930937331,29.627912297398698
102.69611111420951,30.313626851508804
103.06631832144478,30.646657410284238
103.80667282025064,32.335515015800006
104.5155279502914,32.800678184253854
102.5723308836186,30.494404088586723
104.69068017099748,32.538742162895055
104.71198160602286,32.70566587578501
102.60089673268625,30.682495915093025
103.97506187237138,32.51181006382735
104.44132323502565,32.80352302736795
103.52065624747036,31.106342261287644
103.28698675091537,30.966995976983334
104.02495095010919,32.18843852541762
102.95246732527372,30.626079722393857
104.72950588980675,32.60566124239515
103.87163553699702,31.5185707517027
102.84230812311183,30.52785624595614
103.91423969655149,32.804444295717005
105.29846467661874,32.887074099395264
104.00040836008523,31.70052252036052
104.73408612888618,32.583401448824134
103.22962125985428,31.101562177365572
102.94734823578557,29.66309776449363
102.46422822352454,29.84639892653868
104.07291660532158,32.04384383888499
104.01654705607574,32.23703166049296
103.94390085830373,31.983035094815055
103.81884139735084,32.60482185034492
103.9724250704802,32.518413049126195
104.15643429690593,32.73294079320626
102.90116553350744,30.696532128717696
102.94479696069169,30.776209574131403
104.00708554727865,32.39958071275503
105.45783208689879,33.108370880269376
103.0894238443437,29.476743128913945
103.79095500671836,31.969580632033708
103.72989055202588,31.393450780651598
102.85441712051191,30.60432200069262
104.12171830498463,32.680569355068855
102.52851085159426,30.707064272591527
103.66703653673756,31.17550739751325
105.41256065233077,33.03500809965788
104.55833585479604,32.46648009058053
103.02399676438851,31.234477357197473
102.44741640237206,28.92136018330977
104.19293206870593,32.84162990961169
103.2868971377072,31.389240165457032
103.3980752691113,31.145181723369156
103.95311373617201,31.648221250731204
104.15204501993058,32.2813391592687
104.04112290476097,32.58142787932922
104.52432047053065,32.80241691741987
103.27169933513694,30.748047265552795
105.32776759134475,32.70589052822939
102.50259267167006,29.671592071543063
102.5977632425239,30.29880801014425
102.49098440433318,29.70654215587124
102.98792639683855,30.510667629783892
102.7431627645101,29.530657529307803
102.70034659076936,30.855711911046875
103.83901066374824,31.370240553880343
102.5258107004092,29.681105967177267
102.56393874386178,29.8685488626233
104.98756626544876,32.73687994438133
102.87421616144158,30.699050926906697
104.2738185551256,32.95690835077752
103.75141218456793,31.395863613439673
104.33569399851686,32.564883932089614
102.57016416342574,30.324209910017483
105.26518489702212,32.617883874601695
104.17402849048779,31.708412163242777
104.25341287863192,32.771021661555196
105.17844381105655,32.619832057489596
102.38379237155063,29.797119594147023
102.74038099934458,29.504023144538202
102.98911415996935,29.456337661336132
105.42235682805834,33.133325335773826
103.91773012412307,31.94120927150756
102.70920219051182,29.592735663135677
103.2700570882604,31.080462958614156
102.88827014635501,30.43494367675648
103.61095782370025,31.206871878339015
102.34077728386713,29.876818362274637
104.26835818090373,32.57325480208766
102.93782927804476,31.182225428585397
103.86806413320609,31.71995288427896
103.52016603607207,31.098107433010952
105.07663541093717,32.635029743739715
105.309730831993,32.84221959517413
104.77770546200237,32.55277178444553
104.42785558263857,32.919919954796946
104.12900474495305,32.64359496805099
102.34651833458365,28.86280461375283
104.1023406574286,32.998447350459884
102.56472174148412,30.68685492040596
103.78154083570678,31.927949905046486
103.1834828177452,30.779648583218343
103.17570197813681,30.58854800633028
104.02138559145934,32.15260634667852
103.11050029629978,29.517291883234634
102.79722448849203,30.78570250394951
104.71845241272715,32.58768925346314
103.31499645157083,31.176425800129426
104.58796584700859,32.754048735760136
105.4751910126464,33.06967903805864
103.42510337121097,31.280812552174197
102.9797874507277,29.42325015401603
103.77012929952133,32.12595498811405
103.48280075568805,30.90272039142288
103.77749890007301,31.37714098629116
104.73635811935759,32.47571733324113
104.65883881343326,32.84710602877878
103.54219339961858,31.12239599648116
103.93493802924439,32.68331920357293
103.16038931905733,30.56629802934865
102.59644445371127,30.243231542125713
105.23794303877342,32.91667079372271
102.89359025449605,30.758510407547355
104.7150284848059,32.69967889537828
103.03512010057287,30.486052134123177
105.264584286681,32.715040043933996
104.00614525350237,31.494282303460533
103.17857128040109,29.44398159570449
102.45954953120867,30.525161353333555
103.39089427500882,31.322751132563276
103.95854483594174,32.23983642618392
103.34434021715863,31.144073647917097
105.18779189962594,32.810806643981316
103.8468595867136,31.337928476241917
103.97045312142468,32.716746524602
103.11629911813984,31.255564711814564
102.8448264144645,30.504921386239022
104.13623456428653,32.90440272396993
104.75300111489966,32.667306124048004
105.37580664536776,32.85047327906074
103.78262154507199,31.772557987526763
104.76229686082813,32.668116518034005
103.3218873561171,30.707107938634586
104.04965084438527,32.75562155663994
102.6507889255972,30.408250822221945
105.3683095456286,32.99692621055977
103.37169585561435,31.192591592463458
103.88772251714701,31.527065362684514
103.00665572711873,30.503908855381408
105.54101717657556,32.93577303071215
103.2969311099026,30.67657730021329
102.48910048130887,30.7700656014445
103.35480902761064,30.820150992652497
104.44701765956096,32.8561439740522
104.0077276484849,31.736447698827735
103.80343098468481,32.00466450935143
103.17809943243648,30.664793726254693
102.57150719460853,29.86640758008713
103.78955813743289,31.766611033271566
105.60533189612374,32.8538962043108
103.93150290101983,32.45596459450624
102.64066534769118,29.657924488986165
102.54364670997404,30.580336578684
104.21235360293325,32.82714213519882
104.40137172633548,32.732949636754554
105.40735336438811,33.097774900330684
102.53382378095209,30.61069769668606
102.79028799622252,30.918763367408435
104.32849375378623,31.818191729581944
102.73646212772795,30.55236597078173
104.53557359441902,32.789855732996116
102.62458873643416,29.671836984389433
105.00765954539236,32.611552543071085
104.08305546679547,31.860958476228408
104.59087285578211,32.72486936040933
105.40810631229705,33.030871281195495
102.89222452377554,30.3593593522663
102.63296790956501,30.400171681090455
103.64358727418383,31.19457690561289
102.91758527342282,29.53780263358297
105.25652040790125,32.93404609985474
103.91661099211164,32.71705618033558
105.25675786840532,32.843840027405335
104.70652752045476,32.691853592232015
103.2278037944011,30.814638255950534
105.19463771576771,32.6025051660235
102.54197469779481,30.588820607443257
104.04072535512718,32.36364111374103
103.98572174104736,32.352247847540035
103.51821403834062,31.07636844387932
103.91748230616211,32.048209017404375
102.58128316424099,29.833967734282627
105.42250456317183,32.92699612869246
105.54216064333252,32.83426523649017
103.97200989213854,32.07510191712147
103.87754968580495,31.97705835576157
102.47441617842013,29.853334409790193
104.71383192456928,32.7626225059524
103.08722882035528,30.602260679376798
103.17133009013398,31.298341254795556
103.08866729954293,30.860225686234443
104.46745616066573,32.865362624830645
103.69457238354049,31.93953239187357
103.00596354904714,31.212893247056495
102.62940597381423,30.331276462021908
104.24902833572634,32.974842988297965
104.57351197397888,32.78637693252267
102.36243708897823,29.033828934457986
105.36041262578803,32.81456934956156
102.79729787673442,30.778279097329325
102.71662618271229,30.82584455626055
104.12946411612411,32.53056784067232
104.04555805459708,33.024416600301244
103.099926664284,30.750501405773576
104.24502013482766,32.238793577198294
104.39657348175415,32.643218243789434
102.63562515723522,30.582389546044347
104.28417000331824,32.869222231622246
104.01098438549072,33.04196255090845
103.1440940695618,31.002742703834947
103.56920788143216,31.102362715319188
104.46142056798386,32.66232379575693
102.59571405086402,30.221173444396207
103.96712881911536,32.69668204170214
105.42954879589588,32.971083882035124
104.38192360951494,32.09511951686067
103.06815639607625,30.877084077007733
104.46271400408814,32.7266945680502
105.10363278500382,32.58386727416453
102.45010536453435,28.97922955447379
105.01859248546198,32.65698753684232
103.39576082270908,31.156363235800143
104.9585588223381,32.647789261181835
103.54299000134138,31.125996198051386
103.63599459035171,31.225465728040625
102.94776122821665,31.147438592822766
102.67700506176848,30.619938698301226
103.82605308408021,32.304053486479425
105.18717362155465,32.63654525832243
102.97084221146353,29.431468810307564
104.35922288963184,32.663007868840296
103.89031728041375,32.8879335674297
104.04171083837505,33.02652721608865
105.42082919187776,32.91763982257955
103.98372277626176,32.10540645427924
104.1411064194943,32.83539283436616
102.94745083299081,29.696509323442637
104.5130532429573,32.76072658376907
103.24623347577878,30.647270753576915
103.11673577613,29.475129679368848
104.05140074716698,31.57642560106708
102.8136036325185,30.790693550910106
104.2511683467207,32.11930394989042
102.3700881657126,30.048030023184126
103.63529782965294,31.349104442448265
103.74160363067102,31.338675553443544
104.04856562010124,32.17758986667426
105.32500466655338,32.91960235421054
104.12866768241592,32.385342142592684
105.15739788391855,32.83657633129157
102.79861927227101,29.52037365056414
105.51456953894737,32.753781863776936
103.76942190407583,31.315656716089514
105.39726581946789,33.099711067803675
103.95552782544544,31.557970393421087
102.95368224032329,30.62099547624777
103.92620026716823,31.893076122404107
105.59307464467872,33.006040059340854
103.10127649785429,30.45110084755029
104.64692698516345,32.792171797950374
102.55842151807023,30.070276460996375
105.42362073057737,32.88219991013078
104.18564598559348,33.060987629171244
102.56370441203754,29.82269788018103
102.68179982016265,29.648928680297633
104.08691565136651,32.342304748714064
102.61918745780324,30.47634288952878
104.75679722087916,32.52748048326892
105.1507961884123,32.6647624708075
102.6153291711333,30.78136197811162
104.73160912509955,32.7835889749002
104.41947947033009,32.29866615432765
102.80141361135901,30.917628254462286
103.01254309026604,31.09093881739025
102.46940189432507,30.5389439699618
103.27832013937832,30.944416672323417
103.91952167157685,31.96193736668186
104.16201110072114,32.711444430204885
103.08526084366487,30.62044097898466
102.94373338135806,30.500612888593544
103.04713099481484,30.479855515271872
103.08957664022056,31.018030062271983
103.39356893433019,31.33815379321955
104.2527290661721,32.180789130478274
104.07124443086002,33.168524025174534
104.61981743147886,32.81918541519048
103.89789337485422,32.22331095974728
104.66312699565863,32.49420060276024
103.9016591881299,32.71076010666376
104.84036973426873,32.61551554950488
104.2362877597247,32.672380649003216
103.41225030609098,30.866281627744108
103.78456277953511,31.55514869909906
104.01597232546962,32.25900142114112
103.63790436232794,31.222714284703635
103.73897220788216,32.03491563023075
102.55576055557323,30.49264615633949
104.3920976927746,32.72862470827588
103.19728462993108,30.875478837277257
103.75009028274917,32.11774686958122
102.3427624999435,28.89374003068014
104.01761638710697,32.003665757758775
102.96887732089549,30.818303719958493
104.54668002713494,32.474683760774404
102.68239431623543,30.755775187586067
105.36912430137572,32.94529583431656
102.8183567151766,30.57517509818291
102.37045606916617,30.044453182833834
104.60630409298824,32.868126755216345
104.22005484603221,32.14486307410978
102.32286891301395,29.96932215290121
103.1518422977051,31.153043370437327
104.63844220201169,32.51394365704592
104.07841153952158,32.487605805488776
102.41583819261554,28.8860194983361
103.82924993181408,31.94056671366677
102.5448370207129,30.5309974596387
103.12389939302143,30.947394572452872
104.99289981574779,32.56568191741918
103.07995663863045,30.610452162908825
102.50336068377284,30.065321592292772
103.98823714432285,32.43259220846238
104.3048997230653,32.7466202294168
103.925047359211,31.84912666378456
102.46190091668817,30.397539075563714
103.9796841520537,31.629355797384402
102.4393421288159,30.110174806747445
102.54486711024585,30.091190030169535
102.49805538852861,30.65175625768321
103.96805727358833,32.9589482077413
105.48043652055037,32.78675133421133
105.50959819281198,33.09722309479992
102.65098402604865,30.306565506827937
102.25109410694644,29.079297969703635
102.45432657946101,30.526537311905063
104.46032702924458,32.604732305702456
102.53330964671855,30.61223797280101
103.92024751647638,31.673775519034784
105.17926154654388,32.61262373493285
103.43411342836187,31.174160750223574
102.52748741260959,30.659513401809793
104.32930468347726,31.823955890918192
103.8876294079674,32.44135548489055
104.03708154795386,33.019523270988905
102.53375575164394,29.848400445783525
103.19558671311017,30.698594542258142
104.41689542470554,32.95921078322229
102.95084588062842,30.89362251766243
104.58532825189243,32.660827802909864
103.06546522411082,29.441270801259673
104.29749225331764,32.71197782011596
103.99132769763388,32.68504405205828
104.69531409892693,32.81188534561256
104.08169412098522,32.57851718104468
102.32617264571498,29.947796016069706
103.16410298581054,31.27708376021455
103.9230592303467,32.49360351264835
104.20964964170288,32.22551713264859
104.82297050888461,32.482557198909454
102.50956793788502,29.977285394177056
103.10071876782793,31.271153543018237
103.11635036673712,30.561464116036575
102.84106268571911,30.706921102063117
104.68640599775865,32.74967897253052
105.36662130321162,32.67694172404181
104.50757251214654,32.76884921389642
104.19933506693239,32.35822346892582
104.01280701547822,33.10287439996481
103.96705860344287,31.82178995227317
102.83625833281778,29.557757842771135
102.32634758293261,30.11066430824212
105.16315106096086,32.9063138603409
103.90539368570369,31.517338994171148
103.97039017706456,31.658084397415266
104.84326297505845,32.74694633129511
103.4637487136644,30.824106938344052
103.00890551373065,30.94811017113886
103.73861306680834,31.295443449989726
102.9617316263167,30.99818953504836
103.00724145641661,31.276509365086856
104.7825131512404,32.500921713362715
103.75127739322372,31.905954830430623
103.02430771757871,31.037443954545054
103.8319723623531,31.92609282368361
103.81927596189621,31.422791593426172
103.03537235949894,30.925720754078018
105.17193050842306,32.907313428369136
102.94469648593935,30.453935341134663
102.40620826930648,30.102347760554164
104.20072620175735,31.744431523922195
103.95550057798563,32.056975173807146
102.63185286939124,30.24919053570207
102.71098938631953,29.57427601608461
102.9981200633196,31.158692307367087
104.44203816114809,32.49931309451262
104.03746373226271,32.019890187484044
104.58844960705994,32.548983579510946
103.07344648803434,31.027711273264703
103.31260898352134,30.837838706428816
102.27712814984837,28.93841301331779
102.42047832500705,30.454871216507218
103.98366361548005,31.91671470858654
102.58063328396196,30.60767455591195
104.01555739563914,32.96508539537743
103.69493839083839,31.156378237748307
103.90984450606123,31.54574696017511
103.87832700283799,32.55388530763553
103.87097883054102,31.600415057232432
104.02610887171481,33.164090965898026
103.97122515478402,32.90105748001125
102.5031207645417,30.16492358879429
102.37335301578804,28.96660573342114
103.36564547077337,30.974592216581875
104.07437233439433,31.71032391669174
105.54494354129768,32.87793522046713
103.06843016531546,30.559579983241946
102.9179061249828,29.52448836182388
104.45047584011878,32.664464090895585
105.34649537352077,32.835885541429654
103.88895355778281,31.78598408729096
104.04985154867074,32.72974057046162
104.55346152379235,32.82096949211817
103.9885587023331,33.09250555397786
103.06952746705858,31.129866927661393
104.67071966481237,32.62221696136817
103.02944437587297,30.565352840544527
103.07863472180058,30.562616453928175
102.52964019784024,30.746939507184837
102.27199373219678,29.05312134222464
104.87733185802642,32.667752857315186
102.99363094199451,30.485574976095346
102.63738661199672,29.709422964089196
103.83020558496206,31.29560546104265
104.08604674696386,33.069589543802884
102.43748362526082,30.016785447967223
102.4950927642516,30.658558350870766
102.40592873569824,29.12574450012331
102.69626468685486,30.649590158296064
103.83741377687674,31.880756042968073
103.87721270603642,31.805498278415055
103.91285971090208,32.0685580657648
105.26175978687259,32.819787675991044
104.26924168742958,32.93087508448178
103.9874603128471,31.826869187749118
102.59425012664349,30.850468576958363
105.40081250154999,32.95388220931699
102.57755067720018,29.677536491485775
102.93612015021807,30.545841924860394
104.98109555764447,32.55713188084631
103.98772723528737,31.556867158036933
103.14677973894942,31.02823454885428
104.79878970965906,32.55809628805414
102.54240119044292,29.893132190629597
103.9670842980818,32.52692397254712
103.48154060369734,30.845284020331952
103.93333753593242,31.864170793229096
103.31153024978435,30.72921947846164
104.39858525338562,32.67968845055607
103.86202857105621,31.898528244360392
102.71093324510478,30.887909348399646
102.71253113037996,30.254016142497957
104.22828281427735,32.70153768051604
104.02497845083388,32.968665814507844
104.17743361623043,31.707117262284036
104.46338124231654,32.807055138834556
102.76941354219244,30.568228848891525
102.616765066863,30.23303220663197
102.57918974393348,30.164786616594945
102.71637783996344,30.889421882657544
104.93709509452673,32.53664152164049
104.31972559950466,32.70182975811288
103.33783673620025,31.131386292399295
102.40982558992918,29.028792412878513
102.90717773265868,29.460630584456286
102.61054793376049,30.28075632114891
104.6474228822955,32.77411332721655
103.89950639591292,32.39975524841601
102.69287047852306,30.333889855307355
104.28926410556716,31.75833421614109
102.38051523257741,29.75046560057021
104.15790451257516,32.862678499067485
102.98250280157767,30.947256354768857
104.4128871442819,32.861671854482424
105.44074122615906,32.943996248013605
103.2741788918946,31.0216349514534
103.89188362108848,31.620391234243964
103.83370186513353,31.484990860615653
105.2070613826711,32.60423295120896
104.07512053047368,32.43816782652523
105.17398909611403,32.60702991546427
103.04568094190336,30.692628612748734
104.12394472745656,33.11698417695129
102.9910249989356,29.460035031351293
102.65213423488046,29.99502353264981
103.22133867891426,31.13348163735747
102.91197561562528,30.628281798720305
103.17407002997626,30.58183799473194
104.30222838859335,32.189845325937654
105.22811265965953,32.811849130163175
103.2897662624503,31.228457906739095
103.68452837094388,31.175670768297593
103.95742336426642,32.07167251327246
104.86135143660535,32.60770481731626
102.63038403636037,30.540937222280565
104.11900050685662,32.552445389276826
103.2907379516816,31.23732700178406
105.40628806257064,33.14998340265111
104.1093838097539,32.41525406603857
104.08297208561788,32.404671488077355
104.22548343388242,32.15674062446007
104.0383367859738,32.521630773895765
103.82772695245842,31.48476557680823
103.1053036634516,31.106805478694916
102.48811416004405,30.173061668378136
104.70175385083122,32.81963526213204
103.0639284837187,30.962511061343577
102.69047398024111,30.80906834162039
104.86204810825711,32.69008185637637
104.0294127478998,31.461023863541932
105.09554114322795,32.944291931541386
104.712345464535,32.56172737699016
102.43228516909112,30.027683087122114
104.49464394459699,32.61150845364773
104.54844359375586,32.472796971701534
105.54367471629834,32.76925062573077
103.16764395119986,31.21140204194225
103.55894685845021,31.21479824195677
104.01141626943651,32.19904449047551
103.91224588051409,32.0557250488895
103.3525723324943,31.188536538396992
104.10691581858664,32.52974425210425
104.05618036096249,32.90548948359058
104.55125901466592,32.74532026890602
104.06025333877628,32.74683238516878
102.47649321639443,30.54049433379973
102.85071027200928,29.583904959610248
102.38381039738043,29.827104723308242
102.41004844750142,29.797538207288042
103.07077821709552,31.188643720375108
103.09453813045093,30.992129253425702
103.88841970962157,32.274354972474725
104.69564628851502,32.55262264506538
102.90674862355358,29.49403897732544
104.01715370378041,32.264706285912325
103.70126813333987,31.22000263731226
102.93699765179366,29.4433313756167
102.47269121172266,30.546191122853603
104.06933120480763,32.07381634881797
102.85110862932265,30.703077469422176
102.92497057700099,30.38644803791992
102.8817722025053,29.51589355898461
104.84774601144628,32.7870881492533
102.9167947371544,31.143107105901567
105.47590368906603,32.86331308700418
104.4588741327465,32.62348244729317
102.96639901383753,30.911888977450065
104.37517425171184,32.07318029513078
103.8683384207177,32.45190626921192
104.15187840128338,32.45374683097293
103.89061060944255,31.86800812729039
102.54905855484782,29.850713168961658
103.57743975706703,31.155393081091088
102.3086611253453,30.165471832407135
104.05838170808626,31.68702762344178
103.91990564806098,32.468280728023196
105.46573138850573,32.846074584977536
105.54352174516099,32.93174015488944
104.31954578318498,32.53855304050659
104.1300989068561,32.73567186433173
104.00942651918686,31.734836468113308
103.6365444883194,31.346214058445458
104.76016457171427,32.758645971460275
105.17690108939188,32.84139469263779
104.02582746436381,32.163444519552165
103.97558933072904,31.666716333375174
102.89575483065636,29.558927647703506
102.53495985403295,30.30331509538853
103.8496810349792,32.47293709439511
103.13212256691283,30.64009369094108
103.33546683189161,30.869670940192236
103.29108840244935,31.26401415052048
105.15966622387519,32.91273745624563
104.80040088454155,32.48803090150855
103.93915985743783,31.37137344907181
102.40656033537377,28.870139999752293
102.96072157244426,31.132294781477757
102.9343759344937,30.4429653969187
103.01224151971347,31.000755748862343
104.18987262387878,32.72511917475044
104.34885027592676,32.66929858833805
102.56172054721338,29.900285452412653
104.87877064802674,32.75985831417487
104.33592415604073,32.05265890790504
103.14110149596345,29.503939047894903
104.23398698114534,32.249110206550974
103.07681784031267,31.20675339122771
102.47793038443818,30.579509422672114
105.41402598066799,32.76494789440861
105.33932803347521,32.92541820154607
102.93785602427907,31.19112309436715
103.04172394156257,31.13623168773996
104.05814201601663,32.07954827860018
104.42143608972074,32.9050801555383
103.24504701674546,30.86984027170054
104.25464889879451,32.90901026603467
103.07326823497972,30.442518541664263
105.31006290858684,32.86579973010268
102.49592633100688,30.782376851487843
103.95889227322637,32.814534693532856
103.98608033034466,32.866612931673366
104.13745257175458,32.83135223833419
103.95929215163892,31.595943631078864
102.58548539554,30.487621333969805
103.3424551826148,31.158908549708165
102.46985408991404,30.487512567290928
105.30557691656591,32.87393145020885
102.79775793306939,29.493505530965862
103.32318083109213,31.22455843526364
103.1472734504837,30.728968475994005
105.39062915771169,33.00274484224712
102.74273434954635,30.85609031203245
102.79513804388999,30.678985499350496
103.88675486123189,32.618508626461264
103.18485005707629,30.855031058940554
105.24150243161219,32.606013888182176
103.18632141882951,30.574356030691202
104.09389751739576,32.92616012596102
103.84883728903169,31.44975856901238
102.94094327349265,30.372853671283575
103.92086173087965,32.788423653761555
104.30684222108215,32.09753822971073
103.9894453536861,32.90964064869683
103.9586325993135,31.51779063410757
103.36741300178143,31.071728303621246
102.48408590593785,30.274867570199063
102.43063432467964,30.138181410185982
102.40978882006839,29.037978088009357
104.38919674248878,32.51448791759457
102.3811065134325,29.748666633066183
104.87022812607506,32.57997192402208
105.39353144268289,33.10721640270659
102.6629067819232,30.80048281598628
102.6866444783367,30.654355111677933
102.70605920279752,30.240915673031303
102.39522626807513,30.058844934320913
105.05269318441556,32.61775449779087
102.60719843289735,30.762793897106445
103.1312424655817,31.093629739506508
105.25731436138507,32.67181906955877
103.78017105678929,31.37237886909124
103.77843907397373,32.06471780265358
105.13626543336704,32.69095137362996
102.9265980746908,29.59928641111702
105.35072403107317,32.69844734934979
105.27345086730543,32.837814109795076
103.97559013708657,31.984329232264713
104.07300401353262,32.50866567189183
103.14743630376843,30.846516594345246
104.04526956626955,31.685819735830115
103.74731140136227,32.05108896405742
104.22564698248942,32.71741194597089
103.18877099519034,31.09954607325271
102.99358730754645,29.58424169408606
104.47308417600591,32.77915809185414
103.22886008308032,31.273426248969262
104.14876403622412,32.67803306618814
104.84160742514739,32.57448031580002
104.21053857086065,32.22644465803311
104.4814899581474,32.52993829703793
102.88802103745246,30.702291899683132
102.9073645626303,31.207921705022848
103.17423234904555,31.060329318253366
105.48596576234554,32.95362606054206
104.27201197030054,32.95594674946176
103.92930323977437,31.43369202096187
103.69683999809652,32.01372318286893
104.26745649129573,32.226585619686574
103.14699840268939,30.953100438356763
103.2021602953627,30.791157429157767
104.00153064962714,32.78054696303351
104.65581528048662,32.442070618526614
102.54554624568702,30.628096452784252
103.32057665081051,31.3659684169691
102.86409794009545,30.588800253943937
102.50854727884301,30.776198990412247
102.47117915990266,28.93124298742
103.36082957078911,31.335802132529338
103.7590371614002,31.804949604125564
104.32896890740689,32.961310702531
105.03377834387398,32.72865632594572
104.36319204180728,32.64970811507683
104.36410499780342,32.686517816731566
103.06422726832346,29.500753827066276
102.56135403916919,30.582803430403782
104.01843076134783,32.25955523438316
102.4647883848384,30.352800115473773
102.64180471197767,30.685607343679393
102.62466517783173,30.831407545490997
104.12394116848444,32.73927178236727
104.03592061771286,32.57907336286098
103.89486893941087,32.18203082065548
105.21145928891812,32.63666545100017
102.86257008175576,29.590151452420724
102.95147357385031,30.915964441181615
102.92075073034397,30.98920460765197
102.60985164957765,30.722324978995164
104.12948858422322,31.77866585017726
103.36331827880836,31.11548202748445
102.73162805790318,30.335229595264703
103.43681794476521,30.877472445161338
103.0295538238105,30.427641213781254
102.65900676746261,30.51785442839785
104.74520275498833,32.63384326901473
104.1941391831543,32.70322666278162
104.05709916678907,32.0771444340256
102.5974589443368,30.118924318126798
103.93271805547327,32.534532545941
103.20762922611287,31.318800245577883
102.38616629661377,29.79655133330875
102.61855722291963,29.71975287710648
103.97801246625367,32.023569534309
102.55877530366081,29.69680919081809
102.42006256420113,30.532746523251532
102.93781897584165,30.847790260971088
105.52412186076432,33.01206035190862
102.58514250710715,30.35281525714412
103.35535164937495,31.094167246430946
103.97180330677794,32.13926999398796
104.66620302734958,32.59539223240832
103.36172842117347,31.372180366249527
103.40633051454967,31.427416812061225
102.77416317556268,30.647856209730097
104.39221248076915,32.650670166173335
102.90696813542115,30.80580767147547
102.76291579775413,30.185139822178755
104.49698573299816,32.93698699220046
105.31661166661179,32.69823881056669
102.39309720398592,30.165721832237217
105.02045699459974,32.64083622152778
102.6047140000471,29.699502651694356
104.11983360955168,32.3127194010438
104.04822457857924,32.09915832573378
105.58394966918245,32.875657053468885
103.98247203288643,31.875453610128844
103.83459462216824,31.571855435270784
104.46995894410252,32.92633573703927
103.92604800933992,32.658469896568995
102.9876575848354,30.474133063828976
102.95319667411324,30.625535293998016
103.95770935193619,32.11157704838016
104.83176843961314,32.63789706735072
102.68899407658623,30.617214840905362
102.44079878519042,30.213781435190413
102.9766784677685,30.789126830312203
103.92037910941939,32.63153427332563
104.48579934610989,32.9251406435611
104.51566227379388,32.63357697887173
103.4238002423571,31.42963445813966
103.5326687909791,31.089385298111498
102.46575015863468,29.05555718408989
103.34635971489809,30.99894014912314
102.44124794544715,29.864223913846065
104.14664439479215,32.27616157516491
103.98573838115487,32.60728832970642
103.06495156746563,31.237822042510043
102.95052293942781,29.721829316063783
105.34201726489678,32.85137737437689
104.19376314925425,32.95628914081985
103.99222347434949,31.914431948826067
105.56982673607126,32.85722044852984
102.96417009594776,31.05295576905551
104.85661446929969,32.67326972490893
103.23319717788003,31.092752612586285
105.02214246943093,32.74108441438283
102.94406244680772,29.573600518548506
102.97026972952084,31.02815580169711
104.00826389763769,32.704757579719086
104.29935698298152,32.63122385927675
103.82224812746378,31.79483731156743
104.0004973306034,31.679992430167754
104.21635236940385,32.812095564937664
105.35868480682342,32.95207899188211
103.2132508526524,31.095405397611437
103.02758010147004,29.563978606030872
103.80050872871887,31.8889088419894
104.2227462914556,32.807732479156
103.17195475668375,30.785517221695265
103.97185227821122,32.684986924078444
102.91058207781847,30.717058899428423
105.09118113178852,32.65981679600864
102.92593444068245,30.401127285241692
103.9423115455319,31.463629226831436
103.01628259043102,31.16929442936238
104.13201228470206,32.30914813362828
103.12597024901434,29.51778917706551
102.96193259209886,29.540101490894195
102.41538066016052,29.951907258062857
103.29622620132352,30.74049420657646
104.10949925926671,32.210233200454915
102.9690045244321,31.229701274525304
103.89760799142586,32.240511157995996
104.4637664777367,32.69742794273554
102.92834877208817,30.362912246728474
104.55256460832867,32.528670986279685
104.63121294213866,32.8098751461189
103.06996049251198,29.460634747940645
102.45398274944046,30.579769514544004
104.04592637742999,32.12574193824264
105.3287989800736,32.898627448055144
102.52505123137706,30.17930596461592
102.41891265758233,30.17654753365445
105.15797049262828,32.69550626280552
103.3075537289183,31.352909391317667
102.74985144109432,30.71374267117707
104.06293544133597,32.91284148300186
103.9672886912705,32.40259758016197
102.53509754504981,29.723806771877328
103.19547015299324,29.531233246667483
104.32759247678412,32.20772616882294
104.67096309713477,32.48898840183403
104.28286285070809,32.6947511144145
103.95937553294274,32.50864058902866
102.85394959616642,30.6056728295634
105.54212536270028,32.85151379127742
103.92671977839797,32.744841340447735
104.00239043506059,32.34951980242341
102.8350256544905,30.380559184490906
105.33990844775649,32.80085377921608
103.97751315924903,32.68782524234701
103.04898439881372,31.27590048981451
103.20020569060088,30.639581932411012
104.7695517809552,32.635490368849794
102.37204746275978,29.868924722664765
104.90395060860257,32.674072516900594
104.53263044129017,32.61206776997997
103.12284183174557,30.652125134759697
103.28395580303179,31.23231737911902
103.86139860452471,32.49774290053365
103.25046070749637,31.20412191201062
104.2933860077675,32.07267571234484
103.97566205675841,31.38592820446031
103.86617886605823,31.777252444126297
103.85723614041473,32.61649607251161
103.75101622676897,31.449831585764688
103.99375574245121,32.88086428283403
102.96131656962818,30.693436107939384
102.44562111955815,28.93298825971478
102.21380842714719,29.063539113821374
102.63413022336823,30.44321594734343
104.63547472188137,32.65491813956898
103.15484311191759,31.252587081205732
103.94356195789868,31.347321884483282
103.66663306234315,31.340239508960096
105.47774245924856,32.935252086016185
102.86241655004447,30.535891774305234
102.81356253196958,30.42018603037237
102.73723399169488,30.77439195276596
103.81961407736357,32.338425462794845
103.93959648711073,32.45054255608062
102.71042695109001,30.54524774233484
105.33075486972544,32.96822911472524
104.30719784313216,32.13196078243253
103.88570767164784,31.751354683619713
104.74994643682352,32.466169892887606
104.64039718555135,32.45400181249781
103.05566873515922,30.936508613643973
102.69564653685609,29.676907214663128
103.83038433605707,32.07235430438038
104.30744973757062,32.69572024054264
103.16944118918256,31.105609236326476
103.5477767620723,31.28562276721131
102.27854638417057,30.08399562995445
104.54905270336597,32.77888060658678
103.19743975605823,30.613709553653663
102.62719236931942,30.850224267176575
103.78038610719426,31.34961819633604
103.38784619655495,31.166121417822573
103.87361091297419,32.59705044088911
105.01427110460396,32.735650367764315
104.22853621533854,32.30555348168552
103.7294623742562,31.991956391458054
102.93576797237469,30.511067602157205
104.02177300457737,32.00720307106446
105.28587369333047,32.90538126359799
104.48946890374842,32.51080423153385
105.5268994262164,32.8369322210978
103.04166463353188,30.71013852979277
102.62013434628699,30.341436018663458
103.26059835965152,31.321836094509592
103.93579966965127,32.69253583765776
104.29746714102697,32.79421936916527
102.42119753390094,30.336793320768855
105.41361383137077,33.01749340661749
104.94156782625619,32.655580001572105
103.15332908801234,29.459738700607904
102.31446785751771,30.019400280644025
103.00570095899371,30.997275180572665
102.57841216308111,29.993451843746822
102.71219397295307,30.807061272411513
102.4103168606948,30.166261724257453
103.00714037840456,30.604542502892627
102.50647663493062,29.870058741599763
103.19363343909696,30.582547383067055
103.26498268279315,31.111013657989307
103.20796590679113,30.689275436205218
102.57349653891704,30.784416927142754
104.42861861701633,32.83572641401172
102.97386033822808,31.221327647577578
104.30669779571586,32.27229661243103
105.36723698402176,32.85111387804273
103.99863255717936,32.80042604392933
102.32652257928093,29.993319878560946
104.39210054546076,32.687090425936546
104.90615250268851,32.789222962469694
104.0686315446684,31.490759861684058
102.90072495721913,30.732094745630206
103.8475190638309,31.61832638776475
104.08834078646996,32.169061648199026
102.45777941830833,30.584607331096308
102.69119173692818,30.75898043357886
104.01829811057326,31.497064737395856
104.09287679205073,32.5447660881771
102.92861801274223,31.011213022317378
102.92156402355319,31.22613327346597
102.56588548124226,30.10280060118683
103.08083072157052,30.651096222114507
103.48436181170398,30.943335103731286
104.43524026478491,32.70942954716832
102.25296419669098,29.024678261854522
105.27132961069827,32.78524884339212
102.3640100182322,29.86328387776409
103.78050605097563,31.807979196207455
103.09171817104912,31.196418574017322
103.13701445328252,31.176094038222125
104.12459160597594,32.36128801090325
103.91399501105235,32.103708883441875
102.9189988495476,31.16772921579951
104.08555914929157,32.78517571328572
104.17657476788035,32.59133430949731
105.04626216427937,32.65601621503961
103.26453266047905,31.289446929185658
102.43654771101329,30.546710855381843
103.37505789917252,30.987637273843834
103.99678320283695,32.48786870719738
102.93097447576903,30.54671932414623
103.99444356798853,32.22313651432214
102.61580717674263,30.150062292824813
104.28042735549796,32.8504363960177
103.53603449117091,31.118052189372154
102.41922975091052,30.518245519304006
102.7390332915958,30.722668376414372
103.8860801023633,32.10609882985042
105.59231706983479,32.91195317359306
103.89010763617887,32.606709131355416
103.84272262787579,31.346159911843714
103.99045203811177,32.22681215111005
103.3399850544249,31.092469790113576
104.21769251113305,31.788120525545214
102.36449206639573,29.012873878586486
102.95580372349139,30.99717857540291
102.53299986446707,30.745611230090056
105.24962316044251,32.78465033172571
103.40787160142216,31.30255331038817
103.97523108677989,31.55371358677046
104.12344966303182,32.344952590452486
103.95731458153598,32.83070135445728
102.80143427554113,30.517540965304995
105.28337772863054,32.73576371380086
103.87484353070082,31.958879383848146
104.21573955449684,32.81631465945021
103.32156406574019,31.408235494906457
105.46165589468305,33.1174325663615
104.75842358762314,32.70489721290185
105.5908383599138,32.88230273470427
103.09501351795376,31.112774634551297
104.22915317576805,32.72454500652723
104.51747863284668,32.74985343299286
104.45433313610003,32.54990782727552
103.70666016562403,31.355363347583854
103.12586738030284,30.939855865153095
103.90279266361492,31.80288713157377
104.33682888760761,32.75021413960372
104.31684921399864,32.04358741896333
102.41410918579014,28.99754297010782
105.6237966274055,32.96488245381894
104.6803522957131,32.5439117277862
103.98653320367254,32.88191374126137
103.96809545596692,32.47057343715507
102.50617894442806,30.03425491277262
102.46079409119099,30.544952029576713
103.10062888015743,31.002225729847094
104.65040351432698,32.684995440442755
104.17748596500627,32.91583582512931
105.40530044931802,32.82770391305661
102.44182256613983,30.51782540739802
102.50363575745236,30.153496534283544
102.83600324241556,30.73318894347815
103.94373824291897,32.196242970751044
104.64328653419182,32.65119520188154
104.01621186446796,32.71823398783172
102.92517753299788,30.412916543761174
103.80268369237021,31.489274920723805
103.15684120860116,30.79936249675719
104.40228860226253,32.64298958867556
102.39045301940008,30.04779779127874
103.34846089253746,30.837078046472552
103.8761559805177,32.64053349956049
104.45729959126092,32.84199921731259
103.87038819734046,32.47456140156349
105.0414050517596,32.694310482166124
103.71079248953569,32.05947009412682
102.39033284108355,29.084978812934857
104.0984083037823,32.80999111835103
103.9228365182785,32.52799279271378
102.42576324464775,29.79839921655253
103.93537773741939,31.645441538962483
102.54383549717087,29.683469106240494
104.3455313545357,32.68505785172028
103.18640536307014,31.17499436026506
104.07610550076598,31.627305118106555
102.96891865663207,30.746986957538365
103.64978606394514,31.162642936028952
104.72001090343574,32.77266092901269
103.7542145324107,31.44690320080208
103.8309417457854,31.47084074872723
104.48450436701435,32.57691788660689
104.30076625864771,31.781009669360188
105.53313868699078,33.00819910107313
102.31088496582771,30.153112909178425
105.06953770766671,32.6732162397281
103.10181958818285,31.243921900559304
102.58239798594583,30.061348945948936
104.26280125411442,32.20813764617262
102.52769296111774,30.53770162116756
105.11358726463496,32.67919638260342
102.68000700293774,30.506019900361757
103.21813135248715,31.070843756132238
104.21471648650825,32.68319680770318
104.42807801717555,32.0435564617297
102.56573447456022,30.531527860867303
104.99617564717823,32.7243033865349
104.09730098500754,32.044090303364825
103.03246425604804,30.972702666071314
102.54561584758672,29.808869637430707
104.4494948856651,32.53499604016528
102.65286452336522,30.715536552101824
103.04880747358675,31.036560136366724
103.64540302816887,31.29882588679032
102.99226010414553,31.12641949847425
102.52660109127487,30.40790638310524
103.95914252394543,32.633472212404705
102.47910244456433,30.548871868845943
104.62320824377663,32.862526956660744
104.21503870223572,32.076093605142866
103.13673789345422,31.255960487931926
104.38963005580527,32.94194258167238
102.403369221308,30.187506805010667
103.88757382595654,31.489710304778825
105.55171238731084,32.934584625178836
104.36264258189644,32.76749456126082
102.63541538366606,29.72029880176304
105.25734592767593,32.905334409953596
103.2745003727974,31.00757838257948
103.98850594969173,32.38290511798976
103.5809439644193,31.153655617611694
103.73926185702342,31.33060702530289
103.02566586414942,29.503139979140425
102.46649447608701,29.759357333576553
104.1286372798779,31.720179764848577
103.31019573227627,31.339145282245816
102.33265001589281,29.876926379092502
104.72667108611833,32.716891392219445
104.41586196508652,32.71523423428258
104.3135189811462,32.60811292492522
104.47741125181172,32.689668035356064
102.831464802916,30.745905349644417
103.88518236094745,32.55760720191288
102.54760409490302,29.947116598763863
102.51144461125193,30.467199115577465
104.95965043950348,32.62836270759392
102.45498616094795,28.91624933379877
103.88234234581986,32.64786665160164
104.15169704593178,33.01242417319713
105.43263805918615,32.73530417746391
105.26605897384444,32.99112026283244
102.56991239950204,30.33545284813785
103.02508523591196,31.25295037153152
105.091419265365,32.71605132664864
103.97804989600145,31.665835167148384
102.57662529666084,30.480993660264343
103.4012957729324,31.23745978695366
104.78157401586631,32.717468971951774
104.69613974669167,32.56007643329484
103.81481927544881,31.964927986193217
103.05678518175003,30.711219531937907
103.31298910842865,30.943532222302057
105.19031947889194,32.698703384698184
102.37610765187776,29.76010516390599
104.61236368236084,32.618539231204075
103.08384159113105,31.132977514810342
104.44785935644776,32.083216810280476
102.66191700075242,29.944928360379933
105.48258351141163,33.025496291536214
103.15880774669115,30.893233636684762
104.98938376389039,32.726744709533484
104.0110941343518,32.87621770087359
103.02131787748186,30.68766210525898
103.67644472038853,31.216580202629082
103.99579270263277,31.90234771443589
105.15812931551953,32.650180844901904
105.32532812970871,32.971113874145615
102.55163996563054,30.68042744849897
105.11070461032507,32.913255131062414
102.64266783794484,30.191397244308046
104.01323119315146,32.439157124521195
102.57184439598653,30.547695665225188
103.55321179743694,31.135870346275926
102.19024148839438,29.03217436385904
102.99094897123796,30.941982518589107
104.583908858834,32.884268386386005
104.12654069916236,32.340252450937065
103.90727686697385,32.171726928223634
104.64367491656077,32.80698708792616
102.5655559872855,30.553558314195023
102.63229505222105,30.63718769495883
102.74481591815649,30.309528460052245
104.11698275099869,32.91852072870785
102.98454527128202,31.081163457224637
104.06293072088177,32.57869463241177
102.64492690194636,29.69445920198488
105.18989742392237,32.86768800297876
104.09137251614504,33.162692754879394
103.24904936410898,30.8387467723668
102.66373981374349,30.776491754652266
104.23874257900499,33.05835607206282
102.59716521088885,30.543403395259595
104.37603251563732,32.31815476377045
104.21504307551588,33.065385133871935
102.95298279267811,31.216566851521648
102.60350205725855,30.463618222208883
105.12431734529578,32.96404537923892
105.22304433460423,32.68196947423511
103.92885980868985,32.503884922039674
104.17142501449044,32.66252887877122
103.83989532524008,31.967673541400767
103.3966841313279,31.07816683519325
103.29689796379031,31.2628406178322
105.41501255438148,33.11240041054443
102.44403680855346,28.952687321588808
102.77173126256254,29.52906647906984
103.08068657650412,31.065522019652654
104.57462613707693,32.791273715935745
104.6186840095729,32.646546282152386
103.90773879287086,31.713096975699827
102.93582357820354,30.410350963821426
104.26917393105226,32.34196899682434
103.99070761652087,31.82754022479617
102.89755339391427,30.78071011034855
103.86934190038077,31.82102091432645
102.88044708876342,30.36484419051805
102.94902612579558,30.611182243743563
104.51326062586482,32.77925103285989
104.13656137197596,32.47134918892505
102.92394143615057,29.47969666163875
103.35145544069732,31.008971542863307
102.82523526334793,29.533139022295885
103.85614267867535,32.66503932145626
102.8920454893295,30.689034400738024
103.40086908679956,31.423370622671456
104.7480597417949,32.61009674087141
105.16006161215405,32.7138355981548
102.39840900530967,29.754833216875085
103.32570479063011,31.253346394250705
102.49386935284313,30.255876631879637
103.41417524085782,31.339190425055964
103.97193550425915,32.95968796102767
102.86335342141791,30.776850717104402
104.43288949619306,32.72347657370578
103.08659994705404,29.458944776017663
103.06017941465447,29.47783930126392
104.10220423754791,33.02001469570374
104.13038199052241,32.53352025395945
103.32101228628196,31.053285724861514
103.38173389435411,31.12309906127696
102.6357388258032,30.120458280774226
103.23027838083648,31.023299219203665
102.36568109016636,29.921543751413388
105.16088461095437,32.927760053554444
102.69266201338074,30.67443608360704
104.49981435608636,32.77064688996719
103.87660192356581,31.504125946550786
104.0070511820643,32.60986414486794
104.9943551801583,32.569224749299146
104.44796208243517,32.811795757155856
103.33567978700383,31.411847702796013
104.86153273047577,32.55279927437378
103.2533970194344,30.962322374768654
102.30554095478564,30.03757430082048
102.74943030370717,30.259960647529283
103.37695250449438,31.135652500752478
103.88015754026449,31.904090041707345
103.1970486640707,30.79633528867071
105.6116889624243,32.98625351033772
104.00382161481889,32.91519507986076
103.78805187859261,31.799754427379774
102.6891300490115,29.929809902344047
102.49313416563074,29.979887625472337
102.98629399623682,29.460165802393053
103.28150857886212,31.384945284230504
103.86069314848379,31.384480099586746
102.48453393652419,30.747234761588146
104.0706853947384,32.56053136186977
103.83327235583401,31.96539638104037
102.53516109873881,30.06555515675835
104.63892771028131,32.831666069709414
104.07414704180171,32.003231558546915
102.75998818963353,30.230258065585677
105.27140991568042,32.63396965474679
104.01191015187582,31.733410129291492
103.38877112974124,31.194422890452277
103.0156637612895,31.261402580005136
102.29041803301891,30.059056505224838
104.12388919746276,32.88291773526831
104.23859577554708,32.15150926030114
103.8874122086673,31.92066954372364
104.26164773024958,32.69320171020571
105.36207563727629,32.79345063762767
102.86615453784027,30.82024984582238
104.24590058058806,32.21400988044384
104.20035854373207,32.204581843349935
104.82271477815851,32.692358449384315
104.01591771255754,32.615824200557206
102.67075242204533,30.003402161627392
103.61401707362437,31.118847503767206
103.05241328335279,31.13158129275426
104.7231512351646,32.69740696429199
103.2564936839062,30.746128477199353
104.04638797717774,33.1016129700337
105.1872492495445,32.91694615483071
103.10912387931627,30.825038896568827
103.91028705615153,32.526456102287966
102.41062135851786,29.10316440870572
103.87612769273301,31.575670248333612
105.59124207311643,32.93830088200551
103.140437519305,31.00612488295363
102.55771506389833,30.502099168536702
104.1145977483902,31.64706885664197
103.74941826665054,32.11757052368637
102.92046668261636,31.18400273903254
103.89208476923595,32.37262654597968
102.79207239367699,30.712979891150983
103.97126150368449,32.977657203524316
102.54139446041115,30.153505937044272
104.80559759900088,32.66158451830227
103.40309490661338,31.2805653750961
102.9889223847916,30.74025147640262
102.50580195359794,30.67578404445209
103.24247383180072,31.23420813608937
102.43890580914926,30.177462637757735
104.08417698214055,32.837663509164564
102.46378036606266,28.94179660839858
105.47596803858607,32.81192992722776
102.65489684356935,30.775677706475328
104.74397114812255,32.7304494942994
102.63663141969606,29.956602951613277
104.25622109805002,33.00931138509058
102.4743396253349,29.718307131268652
103.81996605834726,31.950934160133773
103.91074347137078,32.755196197662556
102.98408035802704,30.85830423194968
104.3549178028808,32.560546953251986
103.95081540720454,32.145925622775124
104.18008794748759,32.23445964232589
104.34699084767686,32.57334262460341
103.43068336080015,31.42722255444667
105.12994759199012,32.88491983414056
104.83266073506134,32.80786166342489
104.81168075067352,32.58713927283548
103.3666810693671,31.3110333335636
102.94514395456314,29.44931867585065
104.23677129452234,32.290049141361465
103.3442670629066,31.016267696204295
103.34668926113935,31.1604164456125
102.9863833857921,31.019280585124328
104.06671822936497,31.83699596808483
104.71547294374776,32.663691675353306
103.12775163970836,31.072995749777583
103.09896254292612,29.523829029985286
102.43717814228361,30.47909829596097
103.37215102170477,31.121544072742758
103.86761609113331,31.573251709661168
104.39409849475147,32.7426773454511
103.34117340834513,30.846592067929425
102.83388757686345,30.465650067892668
105.03451462219923,32.58226616884787
102.2971610492036,29.89693227031759
104.1599464727017,32.77839226628855
102.88262268596041,30.882868106294215
104.11722683230583,32.845956210814855
104.80407288835177,32.73858237402759
104.15441522869165,33.098394605955384
102.80687828693122,30.65916414253978
104.70524812917436,32.676988611233284
103.20814189521474,30.962053607149628
102.72464801114283,30.649794120650434
102.66573092530268,30.816692599432823
103.1609926870677,30.831964044050014
102.90242753252834,30.436920356511948
104.283838312799,32.124050388405735
104.11426912550057,32.45562903499354
105.34873844483879,32.797452772722984
104.09166343209976,32.59087744261945
102.35136643761683,29.02717746875652
105.22255596127741,32.878811587721955
102.87315690803035,30.891269549981352
104.64822407643938,32.75396831616311
103.85956835670795,32.55586085582929
104.82748688702239,32.74674579025299
103.27972905077105,31.116561177559266
103.17196520454861,30.659091205325733
102.58772706388503,30.36415439215893
103.12388710423423,31.286125818023105
102.37972667669403,29.819830600303803
105.49713363243787,33.05111188922943
103.83446986423324,32.424034176294086
103.25837856600435,30.81255224462939
103.8567797342653,32.184890399824454
102.92212162603727,29.50156395655112
103.35499768638715,31.017621264864463
102.75495461297544,30.810879359904813
104.06609851026121,32.107322104329015
102.95966563011939,29.426813542819676
102.8210226341588,30.6891531300623
104.08564148143968,31.73553752283125
103.85385911026111,32.401269622226025
104.318989096607,32.953088481791276
102.40578259005134,30.252678149350086
103.822392798245,32.02040136090622
103.32222417542302,30.876359867294553
102.75943738636643,30.739443652533826
103.94676289594607,31.469372704895196
103.92784022549688,32.17400752233989
104.23734485414656,32.19351330760082
103.07537852419397,29.45281745642878
104.62769883573145,32.76956432760104
102.51416479732661,30.023631603923
104.23946691015422,32.21819359220391
104.02735965741014,32.70806163346918
104.18620109301469,31.744775572775293
104.491370915238,32.78347513252104
105.17535452221158,32.64619288744527
104.11142762983944,32.679316668992215
103.89328843511716,32.4462831491685
104.28237652557503,32.80768330183688
103.27386845057946,30.672784712597334
104.06304388127175,31.76069713524093
104.95929631239693,32.56650639734001
103.92735332316924,32.59112285530584
103.49389933613944,30.89711999678132
103.18036227083945,30.849766745603766
105.18210415060575,32.790427839003506
103.90479006711398,32.74343079676077
102.40345823006231,30.20751529584873
103.0295677680354,30.584741443199363
104.06568225852808,32.87559508320301
104.06121242425874,32.930185240524615
105.11627923489216,32.62275255416549
103.28044479723958,31.337269113444737
104.22261649622004,32.829913784853396
103.24396615479432,31.25084142599652
102.42406664793799,29.805964893312478
103.9720042979076,31.895670805189287
102.71251572612461,29.60024215700186
102.71990973152612,30.306774214268575
103.9757698047133,32.55214958146925
102.39266992544644,30.203807037873343
102.59610328673719,30.741986748120517
103.09120777250467,30.740145620596877
103.33144965720878,30.75258175856588
102.91360671563754,30.365434573203412
103.73809777981013,31.29757462101674
104.27271163915024,32.95263020434028
102.9584273189376,29.707976524787412
105.10982485040053,32.59201331602207
104.57419077451603,32.67271567911041
104.33805315800974,32.6360441774861
103.2001254963703,30.81511721889197
102.37659246438272,29.735601430656498
104.76537376215308,32.62607278984684
103.91828272260294,32.715263120397594
103.89494053021332,32.504892754508916
104.24246521599197,33.003015463695604
102.9136915947014,30.91953086120956
102.58978199689915,30.667714251721307
105.16196580019853,32.608060298033564
103.8561724735434,31.59217915992634
104.8532276919614,32.80086702449303
102.45492776648939,30.383574522309537
103.34270971782284,31.309907761129068
105.02514322554475,32.62457425385423
102.65968504358518,30.436940784087565
105.21868945400035,32.93353612238861
104.57219872672808,32.73844392929947
105.49836055466203,32.882979809689445
105.57750005421691,32.902104057408124
103.9341643911345,31.540421608637992
103.08954741000957,30.437131534432343
102.52984415326688,30.132361890150538
105.51303744256467,32.91408268671883
105.5341141619864,32.836478098586575
103.159262372736,30.65654571069158
104.82594655209343,32.774355581341304
103.92195530964956,32.1208251128665
103.10522924328657,30.41258372190825
102.56278907224431,30.35153764762242
103.32212576109967,30.667166972722104
102.48654714100117,30.382776722357416
104.15540793529206,32.37015970425957
104.84881023006136,32.70081492571869
104.28114423093838,32.893686688768966
102.66638151323251,30.634664908608592
102.60437268119733,29.696021140786954
104.16588140865929,31.766423082612548
102.96720429953848,30.636413441912566
102.6526010359509,30.274079265567167
105.33560663072278,32.989421809440096
105.55956198953822,33.013453912818356
104.47145381952954,32.733132939132254
104.09032706164534,32.49901188867217
105.17073427842865,32.81803849221185
104.50528216344705,32.87653002175844
104.09989541303192,31.56423350616709
103.96279776621813,32.08079918438664
102.449524790737,30.59740292122174
104.08112702819288,32.253714198543044
102.5867454673383,30.192074778847257
103.96921417570626,32.915757161602066
104.4279121897647,32.0970924483199
103.26247062993095,30.80408595348974
102.35686190785835,29.718073508110837
104.0156713151178,32.416854553162366
104.02801852101744,32.08082439198528
104.39226455193591,32.28408464407053
102.77257269483219,29.547039171670512
102.52986440760925,30.06300155399902
104.6511106641514,32.63616866353521
104.52093089320627,32.7872142068516
104.39935933716704,32.825459720068245
102.35544560268737,29.756063960447353
104.19831207216447,32.2415679602534
102.83525461730075,29.486724946894167
104.37764530362499,32.602807367762125
103.22528793821643,31.05950202861243
102.65038626023036,30.386945227315735
104.56718903535,32.806323940829174
104.46159328535269,32.61133054459451
103.78710038872147,32.55360726035607
103.773375669869,31.89132749587466
104.13251000479738,31.647545714359637
103.20717814708838,31.343111092835105
102.65560707519755,29.9751154695734
103.98320045639583,32.19170403926888
104.3812671448955,32.64017088578201
104.70302950361867,32.6773494618499
103.57759717919778,31.120582801268217
105.45402049045839,32.8396876060695
103.86081848564352,32.50920097073935
103.17874712489751,31.03093793542248
104.74864734570504,32.78818440565651
102.47519489347039,29.98194235211204
103.97789679866659,31.622075800121294
104.11277132912743,31.68112241163524
105.28935035169417,32.84899936160659
103.84006896878593,32.558712449980845
103.86134924316671,31.776935000904437
103.99106359259817,32.76433926304112
103.54296866177577,31.221495292678192
104.59374707597988,32.45294543152987
103.39805833887281,31.093941753708215
104.09871924193992,31.658558715043586
103.90786134765725,32.808913082635634
104.00111558971436,32.9719784936218
104.31946119245227,32.06824804852794
104.00145497387801,33.10303515848942
103.31699800736752,30.811840399475532
102.70642902412068,30.616343450657972
104.18806169766789,32.614300085893966
102.46489166536847,29.04599803155077
104.3677090277746,32.13949907536346
102.46050499639558,28.93654337784453
102.55089463158666,29.960141352276207
102.74070220546125,30.31916447003769
102.56904813547543,30.085788557427893
105.46240520804677,32.93687364554108
102.7201165323056,30.197910113070908
103.88467739880187,32.19211020389561
104.31397088469068,31.81183826864752
102.36857655578993,29.027956719202532
105.30523660801668,32.792849762944215
104.26845581445542,32.72874866441771
102.46409016192986,30.31105385935614
103.80482403098036,32.064814047575254
103.1588134691153,31.279546199688582
104.03516728540222,32.34860869910327
104.86051012463854,32.658542341590525
102.45948176038264,30.52628549699645
104.02934397269688,32.023884964915425
103.00766960286991,31.172040427777052
102.70526312686589,30.71207562524284
105.07534405020637,32.677920940500236
104.29460967847723,32.66600896562548
104.3514132905902,32.72511780185993
104.9748140933202,32.73292517673638
102.4711016925196,29.995105217694565
103.77236508388765,31.288745461184526
102.69045188974847,29.628107908053803
105.5453951758872,32.8961315799141
102.58847338711288,29.902843635693376
103.40945871339223,31.283560925631416
104.02084705363973,32.3394584972231
104.7857278205332,32.755678558068254
102.60622929017597,30.121600343733835
102.34818961492573,29.997627179998798
103.37057499526662,31.22146074340962
103.24022034788834,31.160145222579867
103.24508377693712,31.325414962518874
104.63851582577212,32.862347252159466
103.8240485578493,32.67538801537947
103.78644713706194,31.35130736226713
102.68028028763914,30.69397597745828
104.11813677403326,32.59447624038332
104.15806995612938,32.17383868877368
104.0956836594336,32.12412478075112
102.4629661706653,29.961166204873958
105.30356161616814,32.65484205738436
103.95645159570024,32.490069842957894
104.12879558014406,31.712614884271247
103.93188120462042,32.58226811602148
102.72471683990167,30.78811366541212
104.04652757885995,32.13720187616777
103.13470892045223,31.281883833058547
104.31824268795751,33.02414119352649
102.63702608055092,30.141308507408574
102.58403018108072,30.81711728598218
103.8576431859173,31.84122722106309
104.26660171760946,32.85578193318243
102.64453238916867,30.491605901217838
102.94345501305672,30.757425772686016
104.64868699662503,32.59562371097919
104.23553847495623,32.85005216839447
103.02367897107345,30.939368273533493
102.51446681557131,30.49092931744171
103.92038281721221,32.899979164111095
104.23971938599534,32.869805787778404
103.33335753740386,31.303429294845742
103.03198964461862,29.568933935287443
102.96375618091878,30.939512551987693
105.07705308108517,32.68160446291446
103.5586212317472,31.125024379028744
103.70440200232548,31.249962606109253
102.53810633390317,30.276714186953836
103.32748084301689,30.998599198773718
105.27615084663746,32.88124549693521
102.62925790597117,30.812877305231275
102.3629991038701,28.881927447709536
105.13745036104534,32.973064784691154
105.18957572389107,32.639250692295896
103.85998849848441,32.338089186540785
105.5696824095946,32.91329522188005
103.04769216956426,31.27057762297277
103.32327996592187,30.98141506075127
103.59767499322376,31.311355735513956
105.4277544362023,32.92809816815872
104.31304553571408,32.17410550320311
105.19001126274406,32.607035506961566
102.58991675963618,30.571692174607634
103.75556756867785,31.924068798423693
102.54206788822223,30.11556675675788
102.32530360230469,28.965820395432754
102.71544589148405,30.72825632281057
103.81901675223585,31.880032748557085
104.36055268931146,32.825764864342666
102.50691630578483,29.78845476653091
105.3215764153709,32.73093820642827
104.32019754361473,32.126414185812976
103.89599586365033,31.826780410924805
103.42921686749801,30.86659904782056
102.79075914489417,29.53259638496663
103.90849378215508,32.69633060694637
104.1009922993577,32.62213175125433
104.1874940131538,32.65663482185847
102.93102299344355,30.392504702917826
102.50456087875139,29.993905321153534
105.64557050044739,32.89168039261482
103.9359951100818,32.68238377961883
103.14300590700054,29.466262253136247
104.3700493844647,32.29537237166844
104.46205991609094,32.93509102845193
104.843135506125,32.64149227674237
105.15378645447178,32.61537593220002
102.50943627865404,30.688096521745866
104.96682371352827,32.66054811574777
104.78430257550458,32.68523141044047
104.36850840191741,32.68920040127339
103.99200678219465,31.71323644126533
104.26250267614074,33.009580629167935
102.86816015288085,30.521968875318635
102.4910281205028,30.05272825779492
103.10886776592919,30.76205850975421
104.40771654619284,32.778844384265966
103.59573495011301,31.209721772034648
104.74494452194044,32.58937622099764
104.44571772996326,32.51746044955569
102.94025672897835,30.988240232164724
103.83599974277102,31.79903545060774
103.6970107516492,31.894251857660205
104.34399831305188,31.810726295896448
104.79930157763215,32.63306832139617
103.9783372662362,32.813256587694156
103.1947461517418,30.649718675432062
103.35014540586819,30.855658661044526
102.29847037707488,29.97565280766339
102.40914756668444,28.97217062744501
104.25777965700031,32.33454558803614
104.59633739766095,32.73882818868922
103.15425040459603,29.51885489657638
102.90711917864748,30.60626613748245
105.46183087482962,33.00306345145081
103.38238418388063,31.24776558662748
102.69850774697204,30.84101813000663
103.36104011822779,31.116565432234548
104.04847582406133,31.854730209728547
104.68843620181154,32.7076995633091
104.09050162089173,32.50900878432351
102.9123298854303,29.470187672526727
102.44520137738097,29.792723255758297
104.00965837943373,32.08844519108414
103.49892545013206,30.88710764874393
104.4484738292696,32.47442731412184
104.10742015144939,32.48413763722427
104.00665644763316,32.07494437386684
104.00115460652277,31.579619305256664
105.339399443374,32.68781460407291
102.40826674835733,29.128098491595587
104.15755777767065,32.83834760692918
103.9538482398711,31.44721454066577
103.67566748705538,31.9748041557303
104.21502978689621,33.06063488100914
102.78281025488147,30.598781098905594
104.33752853967043,32.05845979467783
102.92017083181976,30.426693727497696
104.86595690260789,32.796146045340734
103.90371141837245,31.471208747026555
103.15089913938738,31.052441701221866
105.0945414115649,32.898475497223274
104.71877721285527,32.82253585694364
102.45659611903393,29.879653708990688
104.50078106933142,32.860977365095344
103.15331661155594,30.914162946767245
103.85401615374796,31.99498338556329
103.84532796731101,31.40081921642868
103.86761487581121,32.36661416332766
104.13835653698854,32.171596001613295
103.79044770987275,31.86909205136986
104.47413054139774,32.733006234009494
104.40310622723646,32.81232216786963
104.0975239079859,32.868483413801535
103.98498291212688,31.884098274189974
103.13057024937508,31.015960023076623
105.45098105997496,33.02139703229894
105.45795194495089,33.02994439040328
103.28076049796238,30.677194080903586
104.89307959663115,32.78406310886373
102.41975893685417,29.030593734273015
105.23617995778129,32.7082611364949
104.54236465122513,32.6522860377761
103.85372795278178,32.29647353613328
104.83153200802822,32.69628563617816
104.1689573940611,32.86774108057136
102.6035135979861,30.691656614297447
103.86942473025738,31.489858223720248
103.29657348761083,30.973213065320152
102.64350966713897,29.704437927981978
103.86394753260628,31.909622695433825
105.27085892441396,32.64541398019518
102.78948477310668,29.50321353900594
105.10172680288876,32.586414611561125
105.00051187320291,32.6921012896955
103.31629863519825,31.370472886204755
102.75475451838354,30.7594949963521
103.16313533291193,30.896695319647545
103.06953985762158,31.090932629320207
103.83391603721222,32.185274782563994
104.8534351309661,32.797129369710724
104.02253124975154,31.459753195674544
102.8789603966203,29.56027531016751
103.16190016437028,30.696984811340116
102.9249609356758,30.88398623978241
103.89147612874753,32.55654296401655
102.20226374759059,29.022530029435355
102.51304262017878,29.949457820584797
102.91449615001716,30.751322298197223
105.22623071130523,32.793799682031775
104.0791782571176,33.01974189647861
103.54881697674422,31.206613700100043
105.5754204296403,32.928403918436764
104.61826797826588,32.56481918773574
104.31094155744498,32.276898907995935
103.00756075862641,30.880680418299757
104.06449763002747,33.010677153159406
103.21121651811971,30.967795436922998
104.69001535836311,32.51291165926615
104.11328952272056,32.192756257051464
104.3645846896341,32.06054224579954
102.43044896207067,29.966280705283936
103.84559843791777,32.10182011446748
103.25866708546447,31.203182383792022
103.35971258588125,31.09902539023483
103.87279355179783,32.5309481170898
103.79263726157855,31.52850649831607
103.84369220770414,32.491085658444845
104.11979643263253,32.17998684644672
103.88217613536985,32.461746647786875
103.2243188372204,30.723385412691968
103.33256282208711,31.089780667039513
104.25638846796079,32.284639638399966
103.76789436195396,31.514464272736582
104.49173198762568,32.541127310452396
103.31037730180175,30.821765530684424
103.70805639814449,31.289386575123167
103.97309384967188,31.60295760651771
102.55533649930044,30.764752920739966
103.81166888570017,31.362158665779326
103.92494570803193,32.170633866831935
103.80374335772748,31.381271085816042
104.28533858777443,32.975645943242725
103.96989501298445,32.45662127309249
102.48531145716163,30.16763275960924
103.81975841214444,32.082361607788854
104.24298260558085,32.68838715047923
102.47925035485868,30.65798237457493
102.41548125464719,28.93389252251396
102.50887999674077,30.350069757728875
103.68905754655404,31.248464346665976
103.81021367539851,31.803770162793985
105.3913287653368,32.90912090030494
104.27027425912395,32.96569013567409
104.02154948685967,32.38109827649788
104.437107292838,32.66709964950179
102.674378381949,30.504054049924576
104.18536023979513,31.702053597366646
104.60309946641502,32.55951729594482
103.44781008396649,31.365215461479657
103.33861009843388,30.999999508397217
102.38010600161914,30.09147719702607
105.16518248882,32.60349592742616
102.92400837884702,30.652141106113614
105.59039535552017,32.982715678774234
102.61774493134092,30.135555968680293
103.97051327095215,32.40460099642662
105.35868057388299,32.82241015761873
105.19344737203825,32.85853881935846
104.81562765338461,32.73638487565153
102.46828781879842,30.108904248972372
102.71276262880798,30.24650165362503
102.36657236207678,29.885246920814296
102.56261549341724,30.098844129444245
104.27876544331544,32.150253925903606
104.34418044925442,32.55849755114076
102.48325391065595,30.143619509693657
104.19085077112926,32.178553816930204
102.63879084278375,30.710175647625828
103.31725186851821,30.87016768646312
102.55541535625586,30.532772372829577
103.89552479638027,31.68449494434
104.27244545814017,32.53309878715149
103.22337786846415,31.131767712158332
103.89369721395255,31.906482082518004
102.59011779639133,30.25052686986135
103.79352062239555,32.03449613199744
104.11216881556376,32.78311231008679
105.07789594319613,32.61073402616172
105.1441848607456,32.9206132100102
104.95726836797137,32.55539522126176
102.95804059815171,30.656857125308715
102.28171353397904,30.061346190452547
104.00729867249413,31.654150116662773
103.22463280568753,30.955721779828234
103.73426593250043,31.98088587412852
104.03135119366564,33.147310091396136
102.49491746651798,29.855548791180766
104.28787936787197,33.021393735033826
102.67781638258528,30.67757906922263
102.63452307563522,29.66382933739567
105.33663587912086,33.010556422503754
102.29478847177553,30.08528705366524
103.94006263161224,32.841745394057995
102.64703943705135,30.453233515956885
103.90247240950517,32.14569999078412
103.89226269550566,31.89941467882967
103.85734167201045,31.909496288262282
104.55975020107296,32.67830463931455
102.50904760037422,29.891851733857706
104.40929199733118,32.29114560126674
104.62307346787412,32.586079564910484
105.1383266877282,32.84203883850138
104.01358997519756,33.04505692662491
102.76241333243073,30.709427029921205
103.88584575007403,31.699182457438898
103.98080788454116,32.38799371373893
103.75798529492666,31.895418590558357
103.194424594043,30.768007262861698
104.2038453926021,32.69445006289259
102.62074745349126,30.145511544625805
103.90897237372002,32.52120799321023
104.73562055013156,32.67175586639325
102.98425836900672,30.967056501932177
104.02935053665017,32.91252832482033
103.84442554477027,31.74678577842594
103.93225333393926,31.49739585795478
103.9727440006026,31.901583265484593
102.6642362400617,30.789687818471013
104.44111356193564,32.64860737711929
102.45001474165936,30.55360119812986
102.43978239942618,30.138017505991208
103.20088410294593,31.271685898215672
102.26537555649949,29.051743355814207
103.94643009618864,31.649656192326226
103.89627503418889,31.547637424100646
103.99573880517363,32.719516124512914
102.49780129548932,30.01775317408168
104.44777170250383,32.65670662882242
102.30913027758429,29.850891724863075
102.83472422699079,30.533600297725343
102.95606188402151,31.198394729073485
104.17049411539851,33.108457446158766
102.94653658427997,30.40521286820455
103.8492097293746,32.254664516675845
103.32904092867015,31.38664921896339
102.38281507224373,30.08773352074219
104.5725107204039,32.52690743662111
104.40899274120798,32.04852028968459
103.29762650455852,30.844530841189833
102.64758120136088,30.75901264736227
103.25787657090693,30.70873280122485
105.17010588607718,32.827618079394036
104.482291067258,32.651654474697196
103.99442075484909,32.859780871600975
102.34980710897773,29.03003106558
103.0951191683771,31.14899464096582
103.01723653486395,29.459837786802442
103.26305776668333,30.918073515338218
102.72717255766555,30.198434094296722
104.66322775528963,32.47206955686514
104.443867314311,32.85607785169806
102.59467221302958,30.384552901504776
104.58167598188197,32.45803696029835
105.22070156655145,32.90060729276948
102.53089758822284,30.128040263880642
103.6052892765897,31.13202015746051
103.94236968009513,32.08829670876133
104.0598631784819,33.087264964672194
103.79184438478046,31.540728935414418
103.6865417224393,31.90229039830232
102.54857859283706,30.077454219037598
103.211857643739,31.025498891739037
103.05635062965764,30.84230592518324
103.13950969429209,30.85478184665198
102.49038319921317,29.014170201510474
104.59756934043578,32.51240301453577
104.82637418657336,32.795678519494764
103.69044487323018,31.91524314273435
103.32380892770395,31.41122017281639
105.27977058228635,32.8021293763744
104.27684441309674,32.65603075168164
104.39756348159462,32.588445553642
103.95239015688117,32.08039936051336
102.58734963117473,30.632284302083093
103.10983160206945,30.61774088529005
103.85877784175193,32.2914623578331
103.91053371573847,31.517385722387623
102.9349222066351,30.47859660868722
104.26067985632827,32.2913676755531
103.96538018982449,31.866029610921203
102.5554622606743,30.36823006506573
105.40894985227354,32.971847364343375
102.55487609369952,30.665848285355864
104.08915727078161,33.00288386396624
103.00554776045729,30.501450306442763
103.05586728588608,30.563149520991885
104.10960593813626,31.663059861009547
102.39749887961648,29.11567164217515
103.33457507118484,30.902213877955617
104.61464427042955,32.60684888430508
102.3903623493064,28.91922564785276
104.54774682794478,32.51952539518541
103.43927884175365,31.39389988375101
102.9419056942709,30.419108809520875
103.83462954433799,31.933100475359332
104.13628326265957,32.18507988388421
103.98937432072073,32.52304926293292
104.60312976140307,32.80050981299478
102.49924930355513,30.226338499317116
102.67224462860847,30.599996837480294
102.56923440009528,29.65145764430342
102.5656020816319,30.488215993512156
104.06421777950456,32.158009060331636
102.30838294427238,29.897947254344217
104.49513199143846,32.66247272306286
103.65012405545122,31.267372805867502
104.53972309628168,32.54242201013299
103.78540759063854,31.381701553345454
104.1297009334338,32.8686792179313
104.17992483042617,31.695725107223822
104.44371820365092,32.77198839129129
102.32312224810852,29.929236533263825
104.23408060338467,32.62266149669032
103.32779126286565,31.11170015672193
103.62750206633068,31.28505728885468
104.87150341044897,32.6191263981127
104.3211970885578,32.67286741594253
102.58186940696885,30.09348085961318
105.38295937481954,32.79364718451724
103.18047799320836,31.166344540345335
104.99489165412953,32.545789597895215
105.27798202997803,32.90699739920726
102.77528580434304,30.62253816454197
102.9177010754177,30.964373909699496
102.76389273331222,30.85718111965331
104.0637152425569,32.087168141226904
102.65497824162418,30.704023830347005
103.97926734370607,32.9443034952378
103.06455617120504,29.466365272587673
104.54047281601359,32.50143286313409
102.98471939879963,29.584128531415246
103.08263119449448,30.856394595529466
104.02850500634622,32.58524393907735
103.23021997396091,31.00475491291374
104.89999920367814,32.60558594084108
103.27323499959927,31.024007320498946
102.84283984758864,29.547005519505877
104.15746821566886,32.57739156927282
102.3545275462633,29.996548181827166
103.75548528159344,31.842846342728816
103.20362666107164,30.826358457026384
102.93283753391607,29.50241453586666
104.77873810113974,32.73958654969967
102.78119250264011,29.54501872392122
104.87692340225595,32.734989837043884
103.28357382391886,30.703137684078037
103.53515277119655,31.102813882563556
104.4012546024654,32.859571917916725
104.05243091493867,32.05741603115981
102.6649294455535,30.162099574745785
103.24783829006111,31.00666126305056
104.52838542705838,32.87257765342605
104.26894203568402,31.779168195366445
105.24367373727036,32.790931329120816
103.8003032933281,32.55635862588573
102.85892731617166,30.747056276659393
103.97205323984937,32.847990282876445
103.80312329707496,32.06076521331215
104.24771719830049,32.932373027175295
104.414721173516,32.72532174142466
103.26827229205891,30.712482613433036
102.94917349805533,30.87035995761679
103.2929011788056,31.137983197847035
103.98065765235853,32.77809278787572
103.90425932134514,31.40118512073249
102.63235537095473,30.80013188245248
104.07271834664496,33.01879842962083
103.96636225169384,32.791051611286925
102.33983133086704,30.183473097863672
102.42363471320569,28.878915330822757
105.58430735629112,33.006945986555834
102.42995247906029,30.52075697587442
103.97534277759783,31.483951307368372
104.62047788787775,32.57151891537346
104.56561089488994,32.824028443794255
103.73540606901967,31.818335167910718
103.35122694542895,30.790667456463684
103.41507452555602,30.856771740591533
104.53252631006745,32.86104035833841
103.92706184719972,31.40835342862921
103.97783403822898,31.89093179164212
103.08557298081983,30.59925380929285
103.18029292442347,30.771971160487812
104.19341523692559,32.717337414512876
103.86170106812182,32.679540491625694
104.91304155236334,32.61542980485073
102.89753631313751,30.776088550446563
102.36092276260187,30.117792559559664
103.99006647699493,31.466309471262555
104.08792184979163,31.849041533594328
104.4179781191807,32.74573397796685
105.16259725038886,32.71315715075216
102.4338196502404,30.004673910648037
104.03355035765512,32.10718822770245
102.89359538364705,29.453636989694093
105.58287116026088,32.997519109749724
105.26899901692303,32.76115743937791
103.12032215951086,31.03995494665115
105.48100150692214,32.82262531880738
104.08910514678006,32.03559065059894
104.77307268633096,32.805549222168565
103.40322149322812,30.859933230590364
104.30155971240079,32.09745894039417
104.00900983474664,31.66868418948245
103.08918879459874,30.786081864322714
103.10030753798394,30.979844675934057
104.42557142067739,32.809203405800886
102.56042963173343,30.50485010678534
105.05346432644845,32.67059472407396
103.23187017142007,30.86325841835012
104.30152491416435,32.612256538800395
102.68988233784138,30.78877836226845
104.98502890075176,32.629544084841214
103.04360547442899,30.82289245830068
104.90546058495502,32.578315016469986
104.24014939653541,32.746164717137184
104.41377873312987,32.94337208157066
102.94860424635257,30.9555364220747
103.85527635983131,31.744787037924237
103.32755624413852,31.097995840083566
104.92824381855563,32.664209141021914
104.9621434952756,32.720612458212
102.44260940940589,30.142547977564334
105.31361128848641,32.64565931099182
104.55121560703819,32.76492866092036
103.89889033489304,32.019950136420384
103.024596073403,30.44307545382937
103.9475817981973,31.92416246929038
103.01152351114551,30.438708715660155
104.36093396421391,32.713322183215524
104.08341899390251,32.04730988295919
105.3296153724883,32.91049500830226
103.05423222341538,30.92048493209506
104.3394427931169,32.183427722404666
103.0021003180702,30.599426527271802
104.06190589225905,31.483625283112406
104.39228837049113,32.85638272953722
104.34222570407881,32.72668502687091
102.88724887698521,30.371483257233923
104.38500995463284,32.77405758923733
103.95452432065463,32.23406586124224
104.8527723201351,32.776464615152555
103.97888759069538,31.833405846825357
104.03996963715595,32.628870288873976
103.13861410437771,31.113867330538728
103.02387840296002,31.052121866466177
103.9659860883269,31.972657048091907
103.09221740731965,31.030686334010475
105.18946821834766,32.87596012909999
104.10553727043416,32.65795184797169
102.72386066912573,30.723585226015597
105.39337112240138,33.04148693691464
104.97811384618373,32.548750402636756
104.69398238512953,32.485035311501406
103.07355210646433,30.59395112184785
102.44192600567479,29.906263537773594
104.86659198530764,32.7095357082154
103.9278581160256,31.855199722417925
102.71553642027395,30.301140256111974
102.51625169967785,29.92754698149284
104.89252108204221,32.66555178219685
103.16372836640069,29.45040736479939
104.58046055548559,32.734558120563115
105.55259971495445,32.954841690906036
104.06880259211991,32.27033114480931
104.02974046128404,32.89332896197177
103.28844341000928,31.081143335013454
102.95436696520969,30.765350193120234
102.82686649834066,30.55194044323141
105.09822502172445,32.91975888033881
103.96328679127627,32.13044909544726
102.53840558948819,30.812971183824466
102.4454380436347,29.720680373530318
105.39642297077116,33.03086756838045
103.8389365828103,32.23859183893953
105.26774504244419,32.91382941958331
102.74019939560877,30.258139474270916
104.75848445086181,32.498216254351064
102.8848132473788,30.840945780714193
103.64065071222127,31.3415053050502
102.61680883797034,30.545509761461858
102.79921837389404,29.607874838656414
102.44807212553043,29.90585616609137
104.33680084057296,32.88155009045529
103.33416398780402,30.770249232072786
103.90976920541362,31.9605169527325
103.90354875517552,32.248051252989306
102.61850832626739,30.110784011138517
102.35232846729286,28.879993482331393
103.97805274308956,32.38939937255328
103.12316743246248,30.86711053650418
103.84544621541542,32.47170293929117
105.31071320096854,32.821562134202686
104.47428167339878,32.746873875897364
103.84004336913665,32.60518617052552
102.54180966607852,30.69510773575408
103.90664071352982,32.51055916283818
103.03096495504188,30.59659658790767
104.81568325306235,32.76031374105151
105.41784626386907,32.89090964048065
103.38906773591785,31.254417072830414
103.59365850958304,31.240277279544134
103.9084546894551,32.40846286264539
105.41083205105956,32.9304107736373
102.50359480247965,30.06191766840198
102.46006177357455,30.24949863866976
105.26609550782509,32.676281538329455
104.76789233578741,32.664581118005614
103.05077393025879,30.71626975328038
104.9252089375439,32.63830991635647
102.90295200074611,30.42463577612565
102.5266511159209,30.70456545204891
102.96336497132407,30.769016625197928
105.07416307091445,32.61486474075957
104.08411235154617,32.100366082949655
102.22928583395054,28.968321269817785
103.46357860352617,30.821715681913627
104.72534556332214,32.51509207897719
102.76189928813085,30.735923374341127
104.84180073031389,32.79228045770261
102.34473071801867,29.075373470628207
103.27273111305128,30.706217130397214
104.07746854799778,31.455373764120022
102.75852713015398,30.894620868088275
102.84609387248926,30.503256248295134
102.92888723972975,30.44247926478311
104.66821826626118,32.790952887435736
103.33501507653627,30.87643381662126
103.03879630550966,31.232526279243892
103.82716666439312,32.09463732429632
102.7074425700373,30.717004001933468
103.99609100417071,32.975552650200335
102.34341941735403,30.11914052827092
103.14711079895937,30.72843135379403
102.71065530295257,30.645187600017586
102.79763227247498,29.52161782903884
104.94125544953899,32.633254900672625
103.91071672094775,32.13623609037456
105.41949800324798,32.854169219961385
102.91800764148371,30.646128927783415
104.05940356300734,31.461899616567315
104.83103943950113,32.53122294814136
102.73573924785929,30.278888383611363
103.33254724493092,30.893805596390376
103.90076092641326,32.37625072493726
102.4846498409103,30.576525969988346
103.02337832382103,30.864199469353878
103.87254886745829,32.147917544804606
105.18572882791834,32.85779072852937
104.06799596211992,32.560552007374305
102.61462059230193,30.455070645092228
105.42109210161763,33.09635666895973
103.27439308950129,31.328169269688125
104.40667788760176,32.75877644821177
104.27656275682688,32.1150623891191
102.47565366664381,30.03495480397072
104.62651012331455,32.59438089081828
103.10463074022319,31.22498482861264
102.78476964278563,30.4400073942538
102.34831303151374,29.971171820307145
103.10790823633126,30.619439479573725
103.3030760061579,30.65093681527554
103.93878857630672,31.520074309349877
104.43004733353645,32.55689156654608
102.98803535722115,30.57493915679865
103.7907303218764,31.483380754896466
104.46409612515531,32.79998365135752
102.53379558704603,30.80289772488608
105.25821505999191,32.71753789347492
103.93198330347096,32.454014653858216
103.2520795151222,30.780486853132494
102.34403404443364,29.100677268606
103.31321794515212,31.20852271757205
103.5688699134414,31.284444137048318
102.61901100147246,30.313768884551898
103.91056588211097,32.16870886730926
102.44133372875943,30.084228643381408
104.13712813326003,31.73255269349861
104.29621300130626,31.803141184523945
104.61195598948824,32.57894508858739
103.87868296096306,31.98822112662048
104.31120614367967,33.02194668211277
104.11992853291638,32.70452041284498
105.50776190983163,32.78858646416478
104.00378453703544,32.44846517938295
104.30337480868977,32.59371228945477
103.26586172407892,31.265980195827396
102.9655230645744,30.82181798350831
103.35718773396339,31.166729175176947
102.71760675139589,30.64768312363051
103.05888240306899,29.44548583588043
104.34305621456957,32.704380485758676
103.26953984692301,30.994003985136924
104.56358876312832,32.79820012146732
104.19805054273948,32.25032591644856
104.472678044119,32.084511801430594
104.5830354001189,32.787265639059186
103.21297005966478,30.86658348992594
104.73514928190463,32.48664854452548
104.84550448707954,32.5610730887257
102.64769251035617,30.689422707044386
103.96159058447996,32.10239088596278
104.60683408843057,32.44201694526308
104.15791899014832,32.59908110941602
103.7579992675409,31.965087885339564
103.90811164460492,32.278038987055076
104.18564290947879,32.17222547176754
104.40483848370847,32.50713697186673
103.01177293192555,30.546406429364414
105.19507030963419,32.85169451035105
104.4190216629295,32.61181893159864
103.8119887035969,31.55383121693693
103.65284783657812,31.16029500672652
104.85878299612419,32.69457293680037
104.05746288012631,32.57110648497473
103.57298736418261,31.228156259150094
102.54220979921026,30.808426177181953
104.28460416106427,31.807473803942592
103.91686398776902,32.85211072895814
102.48689456090862,30.089349699196227
102.8167224534224,30.770780740009517
104.0419877207164,32.81311792051523
105.08892475523382,32.91641496553969
103.30043006039638,31.313343531650226
103.29978800036565,31.297833005648013
103.63528202745124,31.19376891845749
103.22597794786009,31.125813277080265
102.73823419431373,30.73879002671273
105.36439538584027,32.91433386391419
104.15324210539532,32.61201379927585
102.83647057053388,30.787535503778873
102.71573017941712,29.63349171216379
103.06734556803404,31.229169870866862
104.93078595964111,32.66885680887196
103.17331294014791,30.97946764515092
103.31247455137425,31.412940235393705
104.25853467563901,32.81260672581784
104.92088573866506,32.72123546468056
103.39662356627947,31.376981663721327
103.93381490287332,31.491799750866107
103.07308463988396,30.758687593664316
104.17989647360933,32.918793182752964
104.16020306663255,32.89882399318096
105.55812150570375,32.91828340479658
104.02023975023474,32.13500752354567
105.63309289500197,32.98570824983615
103.30229114363493,31.38375597958077
102.5623448702237,30.345665690924093
104.0917615604847,31.75736189133138
104.35264830428177,32.938136627326855
102.52194004502779,30.17828605380884
103.94114264766691,31.50361860127492
103.16290066633549,29.478431847521854
103.25202472134765,30.66645071795538
104.2078645135449,32.9602946706209
102.50473509234082,30.031138283646285
104.04181571824017,31.746391539502756
105.41501536224543,32.78457613659972
104.01662336175889,32.41337393286381
104.54228346170532,32.815150218721136
104.67100365550353,32.73006272587398
103.86044069770139,32.52131245454057
104.0904643211776,32.692932715444
104.41405972496173,32.78516106596969
103.96485705541227,31.814700068074902
102.90273630236908,30.63935616784967
104.214784512595,32.61414184511038
104.26193510504636,32.23566197155663
102.98176477981426,31.080542797711857
103.06464888251504,31.224325250184503
103.86573334439736,31.761428399455152
103.18387751014347,30.900517299938663
103.24835336393667,31.268461300988125
104.92256929362631,32.54625739037081
104.23823433034684,32.63682563163264
103.97184707879045,32.815621014828785
103.14820836529333,30.835244747695963
103.66740781673174,31.14122275156161
104.04189505022983,32.36740620265027
102.58820120903798,30.839645869217932
102.5068429908149,29.74776076133153
103.83150127275282,31.51988292519386
102.94124317862014,30.70989099306463
102.96991255171318,30.506152599747026
102.75753091791714,30.22081669365557
102.29262785798103,30.01995635803292
103.760657785102,31.899004847725323
103.2923132198714,31.087705059833922
103.62671296354148,31.321892938287288
103.85055700343098,32.448963111476466
102.25562639093314,28.918265153480494
104.53068646059786,32.87970705955104
102.83297109024552,30.365683874714495
102.77435115804369,30.77967649343316
103.79079349144486,31.49535244186123
104.00904172244356,31.518248263350966
102.42857569824606,30.435026391155436
103.90296317872524,32.48605009398225
102.82417418528159,30.489000373966576
103.93681903761944,32.492874827952434
103.98249309117205,31.91237824920532
103.18228852007219,30.54988638336967
102.61196350675147,30.178864780211775
103.1605071623218,30.989414738797816
103.8492623315652,32.512025433459186
102.35291098683068,28.944870642004457
102.50209483405003,30.16515325784522
103.98356567460769,32.38140494352048
103.34228747633023,30.879951301769395
104.72288768878444,32.49560209714033
102.74875994291925,30.614784407399465
104.6303623875364,32.43354425376351
102.9065521985477,30.513158637527805
103.19926089422225,31.23495786241289
105.0651971234204,32.68746544974147
103.80185327196888,31.781281480500283
102.68282662663383,30.742265559325194
102.46619579461556,30.4517668872303
104.01714771295903,32.61938419127431
102.5838623459574,30.181557228801914
105.36459957395245,32.87360204555768
103.06270533926545,31.097748190168787
103.93590416211399,31.926791444725996
104.88705832190108,32.570715216833044
103.00890239050248,30.75595290082132
103.8762826991934,32.58204542005156
102.49491722119288,29.9421274869564
102.39116152747472,30.103866753814906
105.28012724581482,32.82757082267829
104.6565992018351,32.69920755000658
105.23334661720155,32.80641112012082
103.04501379755945,29.482538854889196
103.28242977176156,31.15044251868665
102.94224965817119,29.68867262371227
102.9240545122378,30.6492107312553
105.55020118876936,32.98980061870295
103.7903314190264,31.956045399342354
103.96614483468159,32.58198730069921
104.62945435972856,32.43527578918067
103.21761451613575,30.954767010371473
103.99772852214437,32.87095924453567
102.29405664626576,28.96327506941888
102.81772920786374,29.605445053227285
104.10242571062112,31.669226031506206
104.62756766033624,32.72070986752917
102.4421981473666,30.577981932579963
104.13563725155088,32.27233516179624
103.40533427576723,31.313244528136735
105.47049889944546,32.79434410932318
104.33563787340098,32.29061892743867
103.20589577662513,30.90135451161534
105.22546456187307,32.92826508132145
103.14960102413157,29.53316931644714
103.90828968848221,32.59586440165263
104.1701151767319,33.027999668451905
104.62962704591814,32.7126793580714
102.58541129964533,30.700889703219854
102.4863255129156,30.439262499473454
104.44279152060902,32.5889281099611
102.51454371928942,30.499508924606364
103.97780520088519,32.64790018195038
102.91083353479891,30.893912996343
104.18971706615261,32.320375876583064
102.60891313096486,30.723506757582808
103.8587586941001,31.459571457441502
103.4820581250155,30.90583151781886
103.86896128720086,31.816394902311508
103.17189342290378,30.815998270791898
103.84808518541232,32.661909967000476
102.97574056618792,29.413375029914288
103.3563890536421,31.25280838631816
102.63866502974918,29.697698445571472
103.07176566357509,30.75144537005241
102.74567036140716,29.559604897329073
103.61797556291005,31.273208339686782
103.01625999811198,30.895447310168517
103.97066594250003,31.551969963289576
104.31254019260585,33.03159314983293
102.89104707102393,29.55187944860031
103.89141280158024,32.53071270921209
103.92165950229503,32.336658021706725
103.92228251588034,32.627873871636204
105.25071884004014,32.605229216816596
103.76559330424236,31.827103326881804
103.2483089888976,30.701252474038025
104.1239501086328,32.287642859565466
104.51479372421063,32.52890672951177
103.75110566294975,31.368533101685752
104.54284697527382,32.72767489471312
103.33927382589452,31.20057378427256
104.09315354260806,32.105335927499794
105.4397608634546,32.77150428791224
104.45788882773412,32.50797899862848
103.94864483444591,32.04324176069694
103.23489796489844,31.242093141321483
105.51709277886188,32.74893706208577
102.95391347086041,29.62276959917115
104.03860006621044,32.48179183814064
103.04205505677386,31.121761896636908
102.78450360348566,30.933221260270912
103.31238956426277,31.29834526543871
103.21098837163383,31.26829819978569
103.1732040570099,29.47347356064901
103.1316440975145,30.74890091139095
102.75665391109672,29.515596929269755
103.317391359893,31.363591964428185
105.51619274328155,32.747977100553314
102.64132665025369,30.118695837067925
102.91196397079895,30.574798052807747
104.01080761151782,32.380420645752245
105.20186397609183,32.68943585206586
104.07322246137811,32.74432636190472
102.53425715997714,30.06675255198707
102.37505699729145,30.09869496837093
104.63974335496957,32.440807470764696
103.03368191272517,29.51241418793573
103.89646915378536,32.3394193984849
104.41026871472113,32.116248901437935
103.06623202182868,29.551940903265788
105.33935226736581,32.721717810311105
102.39747247715766,29.116309553939896
103.7766855606481,31.925658085483175
103.92058081917922,32.16799777047377
104.46892793074332,32.85279807949544
104.399051072319,32.29872500117074
103.83327282550485,32.39593025414303
103.6068428919414,31.194800401870342
103.99127864006084,32.81271413243084
103.15583893738632,29.53759281799373
104.12961681774979,32.32838313909106
104.06734278342465,32.80039803679215
102.76628244386248,30.86211235406581
104.50598550473384,32.54201725681586
103.70412671400494,31.99692520190216
104.06022527117521,32.43015519670389
104.0387810313898,32.61594259538284
104.04153081784672,32.783889061414044
103.99038811299572,31.584807804854528
104.47992799278117,32.85235858669152
103.21252924540312,30.62276845651355
104.32998629442737,32.76317563696887
104.31112818221294,32.73938241056677
104.1263543821632,33.11107866006265
103.11592574198691,31.095327237172153
102.55780876248387,30.60983868029385
102.9797338215612,30.602606615468474
104.11863215349935,32.46323955220667
103.0287264167231,30.714788943532227
103.17195702601953,31.26416964333564
103.22919393776327,31.20038023285171
103.0107342456999,30.731797355229645
103.06039204740982,29.46790167136763
102.4189828200075,28.888991939097977
103.28941368336147,30.93945408531625
103.9794160245739,32.136698720590864
103.0605709538923,30.75467231198458
102.96357061826254,30.942421359562204
103.85074884520101,32.23978685768632
105.34110137944161,32.81400451926349
102.53741696230121,30.069799006905424
104.0565184280118,31.857241329945982
103.9037061599569,32.19483024547199
103.12131171019709,31.193570171655775
102.971685098386,30.767732787303032
103.33329754309861,31.178058966703915
104.59461215450146,32.70074541267357
102.91451867197632,31.119872519702255
104.34734938291344,32.64841845543999
105.11311054329906,32.647789093918156
102.93027115400565,31.227049548691898
102.34547361480114,29.80231623950723
102.46270750076083,30.23422204045368
103.96128951004614,32.74855208616469
104.21038948910686,32.93734325702435
103.88643677734174,31.76684108836833
103.06781322819836,30.82716350728977
103.93099182835827,31.97080121286276
102.46694878950672,30.53747548669643
103.99627195991903,31.90996219529096
103.71052176117101,31.220695013704013
103.23175645525428,31.111836826866426
103.95004875088648,32.41647958102745
102.69639473420244,30.731166102298207
103.93611542274537,31.63564187563398
102.58877508756076,29.874212734075034
105.19621217943985,32.622138772997204
102.5369125037788,30.729971339231746
102.4828936318966,30.113351781095112
104.78926423704245,32.5554747418527
102.95130134570675,31.21567374246958
102.98922484960403,30.778235257211367
103.25478919940038,30.803096029041143
103.93594642932547,32.331086311938684
103.10179698169627,31.13669533855027
102.29169220171781,29.86870150694342
103.05448047508588,30.89544699304782
102.35753767473363,29.734752978948595
104.34954834624568,32.63402727362809
105.23471614926383,32.87412270079446
102.44940676280564,29.78147623851635
103.07221771498376,30.661522164227385
103.4225556665392,31.335909219536028
102.4515675219631,30.356826558704658
104.3727441308763,32.88313348805071
102.49005104906364,30.185145794861025
102.91025311182699,29.5414954681816
102.84289861269684,30.556573790595746
103.29120692886201,30.638188307226127
104.16362742210995,32.78492095955963
102.28805974930805,29.9239535724789
103.28846021951095,31.015398297227357
102.98220053022769,29.622025942660468
104.29501222625126,33.035543976763755
105.15171861854164,32.905209554497205
104.24953687363033,32.80248095499747
104.3474929834486,32.59282457250677
104.30366930217136,32.8643332073329
104.26045801598343,32.05342340796444
104.16825667521653,32.28243891811872
102.4416696527118,30.34509474045373
102.84929111868186,30.472083074323283
103.38512463756065,30.86553047294938
103.90977712447172,32.38724047336076
105.53900922103446,32.75040197880398
104.44706638560314,32.09157876620979
103.97616471798418,32.7965121664587
104.6773824571869,32.53049358382974
104.10099701119944,32.39097933558556
103.00339852459578,30.43786147360641
104.10201559720518,32.22201010380952
104.00938641462145,32.93652677889046
102.87406491292279,30.426919601547223
104.23358183625098,32.77786956430779
103.08997110584215,30.881626880889197
102.92974838620131,30.997913427765596
102.93707504012274,30.717585013588046
102.47249766110967,30.096721390606287
103.35133258591945,31.14660992224852
103.29194125327056,30.674547188012916
102.76409191280734,30.712322623229007
105.57939954529856,33.00168260580751
104.18244685702061,32.685130919527
102.51056124025112,29.937948156532627
102.88595662173485,30.415653784562593
102.32688439191098,28.975318696169534
104.06479252765362,31.674217665023235
105.54005767526296,32.73902498807257
104.30570971734345,31.788668539881943
102.38732973783796,29.005760604174153
103.1589080238834,31.141938656261516
104.9616930836943,32.70265217143423
103.35135503118833,31.166556485654556
103.97065166189277,31.485733935564387
103.00404764345497,30.558222063310673
103.18571848287932,30.59492446126306
103.85106598562005,31.588314951941065
104.69134158980845,32.799929716149414
104.77819476491203,32.503536724717264
104.11010763433579,32.87397344521311
104.31361792758543,32.822856231311334
102.4195250533028,30.19962855631269
102.4992505009976,30.663363338771994
103.38069873279044,31.08848890115226
102.73074700272379,29.535213276172268
103.9269631214446,32.52683743812068
105.26509861787915,32.77701140309806
104.05135331040557,31.941143155863365
105.45862556606052,32.86296103763659
102.96224349262545,31.005807750477995
103.0939854146329,30.950143259833624
103.97964447335877,32.6934305795076
102.39288717940221,28.922660767915975
104.21053038366327,32.68358315198804
102.8243602423164,29.58255659744245
103.02117628627572,30.788228898962295
102.53578852112472,30.229280874649206
102.57019177790542,29.955830626854365
104.8741674607265,32.50543810323337
103.95517304926493,32.53247862651146
102.77757821371534,30.593033679114658
104.6380789028876,32.504745569788284
103.64766193337823,31.2046977335167
103.82361736444228,32.09026838651317
104.21496345561167,33.05590837119563
104.02611539526224,32.46251424142849
104.99226543072557,32.68096933302169
103.97008623196852,32.24831620503296
103.35475664423802,31.239563674925662
105.46781027321421,32.949799773258995
103.0877466147238,29.498287381887074
103.33954936510587,31.30871521566467
104.5333390110665,32.60819620559719
102.60615213179118,30.790558539712155
102.9477152625798,30.72993023197289
105.10013962197874,32.90689916836406
103.91451034418927,32.10092980321764
102.46345313711888,30.262408550279957
103.3570455157356,30.97545253484175
103.74853877347707,31.378843115918386
103.94144062315064,32.11580780401198
103.16391568622313,30.961311489220193
102.45141700999785,30.21870233884208
102.51489351362665,29.779175455194743
102.80075223667346,30.716576258081755
102.41343880500919,29.79165306009473
104.16943304098207,32.65221591454185
104.38680637821216,32.8158502948882
102.30760958295203,30.09854344392098
105.27771236356895,32.64032388829729
102.93166496518127,29.65723873381765
102.61389313668093,29.73540581999268
102.47637956313862,30.604474331601637
103.04693221987574,29.48159755473934
103.98574375487058,32.813684937351454
103.98984927200343,31.888335254312032
102.83917633521204,30.609444517294804
103.09346525431872,31.270895754831084
103.90141718166794,32.84030803924233
103.10599336458235,30.69785202707844
105.28048363550869,32.90872687145469
102.35202389233693,30.09767780651365
104.01078914701328,32.22327643362234
102.80045579452684,29.574910168252508
103.87408974638832,31.342667664535572
105.40671565532185,32.96438021645742
102.78093984601786,30.450231010771777
103.95252036903594,32.16538447255949
105.3748781820524,33.000422772048154
102.60011130667975,30.610870227371706
104.06554699981956,31.722561648217503
103.73079703315632,31.959660522750696
104.12830736608707,32.409540271474306
103.83530888006067,31.924452832918263
102.37071152911035,29.917022625649956
102.9631141631366,30.94783780297923
103.37866085642545,31.385641953201993
105.04054997381662,32.610189029120505
103.41865729792103,31.40957058433448
104.4744884553055,32.8558113373847
103.74908553427905,31.31469471802881
105.62240054116782,32.86850904731151
104.55311389765224,32.771146962274656
103.95081131740417,32.706470121246326
105.32404687245497,32.88101680492243
103.8953243311771,32.54341922656064
103.75032696924274,31.435110424056198
102.50602735595166,29.94134907277024
104.01954881687631,32.61150918392997
102.35336078875531,30.186363953556093
102.57888564069897,30.450707011554744
103.16404314813911,31.25056130720842
102.85875890566555,30.741439559701263
102.91213990801234,30.35494508152438
102.44316718453025,29.064419845330164
104.33652732176225,32.85467573089085
104.91820802778147,32.76592169297698
102.3453642484968,29.08427013489425
103.38061008179011,31.262077201263555
104.15218789678521,32.74014585167786
103.89423706093217,32.37973860101291
102.50755191643695,30.370194218234005
103.94864681831409,31.484843871860182
104.97679635278176,32.64975605348842
104.38830098119465,32.82994572794293
104.48728473364606,32.663866282827954
103.63239089851254,31.15988219903229
102.7741907998832,30.207759872222375
102.9620134766807,30.73867239337712
102.7335168491396,29.552411162200055
102.7768750296598,30.7659745233157
103.45313843838174,31.4202573281373
104.15104385446176,32.21236446417505
102.94846452136235,31.227990955169833
104.04840341921488,31.54379514504054
102.6559982879033,30.39927390789937
104.47317532881362,32.802213234158685
102.51209227838218,29.694264655436612
105.32638125005292,33.03336198540858
104.454304103953,32.92230246666893
104.749118149428,32.58246924249816
104.17628042318908,33.10111483434584
103.58765759788906,31.320179545174508
104.34835630135717,32.242914372711766
104.36340863819524,32.54423275557696
105.40408310573689,32.81262641419095
102.92371539694948,30.94384406119961
103.96990804985018,32.532503008237946
104.78670825269363,32.513606033370934
103.33589938201814,31.283518117437787
103.72489923500416,31.368162366056996
104.31407138578366,32.166547670098275
103.35083985738214,31.05567311576829
104.32432605598872,32.997357040618525
104.16595521680539,32.98766673607662
102.53710636449232,29.828543904226734
103.80624939485536,31.368320380044775
103.02456388368661,30.946668331129565
102.53293389644138,30.035087149701994
104.79424456356449,32.79536515068007
102.259599039776,29.041562461273212
104.25971547907203,32.6942906447545
103.25721013305285,30.95244213875238
104.07003104897632,32.04499697598436
103.36544111012067,31.20957931279804
102.37578905379851,30.161468575814677
104.62549021251658,32.76824321010393
104.30354447660203,32.18573951859267
102.3690465607375,29.802525013547115
102.3006598625909,29.90305792280184
104.26956088347353,33.034434372418644
103.05899774531072,31.092346722076535
103.31385897288584,30.824962032662754
102.90570697127639,29.60665421572488
104.13099804049729,32.333269427569164
102.81681686513755,30.851445721003447
103.86722117802013,31.625070168759827
104.0702137308217,32.97132085435463
102.9316898595361,30.411449417310443
102.35669341603477,29.94246743446254
103.06010302010816,30.517005420012755
104.07173584991347,32.42305117693282
102.376132950297,28.910488499611276
103.18385016959513,31.111744373449167
102.32656706695352,28.96445009867453
105.17250083427389,32.970089609154826
102.94388498205755,30.869983182591074
104.08020336829028,33.15129644033949
103.92141204290688,32.81354834732673
104.16469092657745,32.592525781348826
105.41015703529541,33.11908510530496
103.9993164230737,33.04360746128732
104.0663004903812,32.4040367490708
103.2134268137172,30.922606214322276
102.765592807202,30.9209601862105
103.30419655193589,30.87212156077704
102.69144070380892,29.593624382404947
105.4055245706758,33.14755224036236
103.9560031665492,32.575239325793035
103.3926696308624,31.343471445506697
104.32712064184511,32.095902672336756
103.94609365808587,31.834545985759327
102.91793010312529,30.417584682714793
103.14126140544626,30.9138695213883
104.32279506853142,32.161728599034454
102.65763628985553,29.96380275584208
103.42670866379923,31.390297411291918
102.80001785729826,30.753536772578506
103.3290579722465,31.226531903641337
102.99392358659789,29.42963095414912
104.35086143938932,32.59746639656449
105.58462623598929,32.84973784003138
103.21483257504751,30.938007691714066
104.93688816888222,32.54713570482454
104.2678374523029,32.808350968176725
104.73941445812383,32.68087116648116
102.93946761728762,30.916524742229733
103.1640317960094,30.617942791664316
104.42257975668704,32.281474048599584
105.45442150101034,33.061425845713636
102.73329651166102,30.22495892725619
105.31315637445083,32.78709825582428
103.94826922835796,31.973232441455888
103.93370923914826,32.177203464202364
102.93262924599327,29.54611232334456
103.80381912617744,31.343707566201335
103.23521029806076,31.156535313886856
103.24265484093348,30.742170095866243
103.90610521248193,32.74911025384625
102.51791189166707,29.769033759829416
103.02600834590943,30.827139652754727
104.83389342142927,32.50605256015567
105.43310723744663,33.0501014796837
104.74796819448821,32.46652760639575
104.73963856962524,32.709555346351515
104.28839319118067,32.86575050613921
102.55466970005922,30.54402076073019
105.59563698962566,32.86981535915321
104.8373390721181,32.57956086832704
103.11298884772687,30.840584045108997
104.17230588039031,32.3332269383844
103.97832767012993,32.300524602841264
103.88616815683027,32.05267632113991
103.82855999649573,32.07417468143535
103.53122097427776,31.23297454621854
103.62231787633203,31.19434787156899
103.96454730811487,32.65598917678666
104.07780354593267,32.40457277847816
104.02299468711176,32.39438248100538
105.53701201513847,32.8627313279912
103.20197136635058,31.14406173733234
103.37095375967341,31.098180086598298
105.0560546142633,32.58873635155487
102.33304514779458,30.12787211305536
103.02536262039942,29.558630933769084
104.11386392052323,32.55038030302274
104.65937435980618,32.85879183837279
103.69361845224574,31.950007610735476
103.20097668567023,31.070480782730012
104.73068555898553,32.58581149538152
104.44749988207533,32.655389420925104
102.62210941552955,30.148421163558986
103.99648297796274,32.64353292765358
103.90061916331672,32.01867324986797
104.23787519822403,32.93019054513416
102.63124595913844,29.70220392557849
104.64767217284616,32.50195814716815
102.8928816689995,30.874064501572327
105.54445568191782,33.05519849316622
103.83377385644519,31.54009182345074
104.00076658429138,31.688114589723344
102.53543906850015,30.786013793290216
103.72553059247684,32.07207068722548
103.22679269568448,30.763688781040447
105.49617921260736,33.031191509984644
103.17476121570164,31.21530383235762
103.89673524020004,31.62360358989714
102.46976193853666,30.23164385990261
102.85352239044497,30.413741022663395
105.45436974442751,33.023869393136216
104.10540098830405,32.52956434314595
103.88027244677343,31.37238037499809
103.84365215045308,32.18653902600043
103.79519074314712,32.013822218405124
103.22739847861702,30.753508009043074
103.76124296977102,31.481033305821683
103.18445625121709,31.264472332313762
102.85146858679062,30.73678766155181
104.54679698100824,32.79432913121824
104.4663993714689,32.75881282607976
104.45973609898265,32.94123689097283
105.36109185559228,32.90816748523051
104.1235842467488,32.41371604118093
104.84328814244012,32.53465436809425
104.31714820431526,32.653366711961866
102.35505260460174,29.884570404454795
102.24676209935315,28.958309601458225
103.55647971192738,31.289283837670357
103.81949250687343,31.513334716090895
104.14232791687883,32.73597773235687
103.94851586768101,31.724447559511134
105.22048529858633,32.88513055827741
105.46593902285917,32.82001901260844
102.54848314620375,30.6874832947009
102.44030510579007,30.187264647010405
103.07606093652959,31.053737261957945
102.37781350484701,30.15151890300775
103.53333255864015,31.10437580741457
104.3691089026099,32.58946956169667
102.46114188015214,30.069724227412173
102.97489518497808,29.665341567810298
104.44487611301979,32.51575388990585
102.515995947332,30.471221723115764
104.99350912373696,32.64038110233243
103.73266660355871,31.345572755099614
103.1486346684131,29.54213456530094
104.4313865154598,32.8124116577433
104.06814538637008,32.40227327299268
103.90598313584294,31.9494297341208
105.3655405289087,32.92167784868782
103.62217501691447,31.23550283034163
102.45439068448569,30.62475118537043
103.39108058490285,31.317032567355565
103.8176930245422,31.80594448971298
102.51632760527161,30.763341526671528
104.10268746564378,32.67856832295861
102.94255583810765,30.859620585524894
103.8673216147438,31.940492450910583
103.95318558275832,32.84509541387992
103.92464549821804,31.904708150093573
103.80321824775542,31.49216686523358
103.73942372138443,31.336497664903504
104.38149492978651,32.73593409769326
104.43172074196872,32.533983612177636
103.1629932751366,31.22778827184335
102.58976106650272,29.940634588539172
103.01249498982587,30.440933566919973
105.43636312985319,32.89939995329176
103.8209673401909,31.47600095210943
103.83700941604637,32.387688903077816
104.6201305256233,32.44570619341117
102.40284272241392,28.8749989736427
103.97035846651464,31.922037815558802
103.52465218049468,31.123386498229134
103.83382182581774,32.49634622253209
103.99289593945323,33.091690744211576
102.89845947761349,30.415629216919907
104.04840020765353,33.11866651322641
102.42133590790918,29.9480445354842
105.30461539370319,32.70544995285959
104.07091083532326,32.270374470272316
102.69418665305857,30.84077070870582
105.47079879766147,33.05416317632459
102.56788866595657,30.302614165850528
104.89854693963964,32.56582323780365
105.55735180563855,32.954919985760526
103.29139551826836,31.15848631561633
104.18970100851072,32.857803858347765
104.90703951997868,32.57275856572022
102.81294416273859,30.78150754197087
102.42488678454113,28.973131117524602
103.26440195068801,31.20999424264111
102.89067380634181,30.892491984920646
105.15285446413354,32.97508572974878
104.30707014222223,32.52633306682589
103.01600201344316,29.455440666807124
102.76206573852286,29.54090121520564
103.87638427454178,31.486655172518766
105.4930533977499,33.010365057415086
103.89873587955002,31.5220710216437
103.71847919970115,31.285216421666973
102.42162581990483,30.091882218601246
103.14244364997423,30.95529038586275
102.62623734729281,30.15019340272009
104.30488946943726,32.96379938701383
102.56643228757433,30.792262370978587
103.85895409190843,31.874953905577573
105.43861236145246,32.878337555566965
104.49809871924057,32.54003458521119
102.43301189908159,30.15636195224093
102.69720283674773,30.313425692667675
103.99945184435005,32.17695278397092
102.9953963155603,30.40457766758051
103.29933221930875,30.8455886644641
104.8809239380263,32.64245428874986
105.00874865790732,32.64256579457132
103.06241632677043,30.70037922335037
102.56232880234231,30.10803541214455
102.5167044232612,30.398887409822166
104.77446860725185,32.76450677079345
104.1690982296987,32.7485467528522
103.81487438578682,31.98559376025247
104.09648959080722,32.74690070322336
104.56749720012009,32.463817804390075
102.51811192210394,30.308094224265925
103.02530550824468,30.61917412055469
103.88149814838022,32.537354523201
103.00752778148653,30.731002636609524
103.21319996620429,30.621249307514972
102.50922902210733,30.516014475685953
102.83374991565434,30.47860215804323
105.16325075154923,32.68796294008805
104.6503132376377,32.84861752334451
102.99000411608152,30.653145409052456
103.85990447685401,32.380559192007546
103.96594491159057,32.18102568875782
104.45803241974778,32.9322557195197
104.93687019241439,32.719343323699206
104.8447434166276,32.66499233115518
105.51844231463593,33.06146779895981
102.55758991364539,30.763309039502094
103.83564213078998,31.31108289681408
105.24571509335551,32.687082448351774
102.61831373205229,30.590404949037495
103.28934211278211,30.68319249414464
104.08664672235555,33.16650168875312
103.85121441724058,32.084821241952476
104.44136016744035,32.75579145122728
103.12817915338951,31.116422862234405
102.60024894154425,30.30046442131437
102.66171543185663,30.4610067692822
104.17911704830135,32.791256079382855
102.61731090590519,30.501367715055196
102.98423453789427,31.14963729183136
104.14436564899906,32.4472946634773
102.66208384326616,30.700000174925403
103.98068494622636,31.705650817873813
103.45926214871993,31.41962922587854
103.41083404329704,31.31983743014332
104.15274632836557,32.176495842838946
104.72736835467505,32.813671928536316
102.38382081938379,28.97815827067298
104.1234576463834,32.633515740972996
102.34193168150757,28.989846367709337
102.65604055176713,29.693657403557506
102.90302918742212,30.910770967846567
103.87694599900895,31.39660563384148
102.91580725806563,30.91079004810216
104.06159566670385,32.56428189074093
102.36089388399957,30.20957235599475
105.17317661895676,32.94759674990999
104.70080191841029,32.655246565569485
103.04159044615398,30.458961626651963
103.61195776322394,31.143748721842826
104.03552723927,33.054357879068974
102.822433986563,29.614309198914665
102.75914053436247,30.215209930388223
104.058749937044,32.62267331515116
103.00145889793102,30.898535759601113
104.41418903395208,32.13690827386452
104.81733826413462,32.71880529921756
103.88950068907636,32.57743293648956
103.87727636571198,31.890239237096083
103.99768460705782,31.587628984621773
102.58819534806435,29.922291771464753
102.98884361654389,31.158566173962303
103.13993526991129,29.435004329250056
104.02866828544552,33.085686809895506
104.0755403585338,32.11369206864585
103.73676052209186,31.85477783952287
103.79517380330411,32.01426592582482
104.0796813685457,31.879937098484653
103.87387166055477,31.974298506360938
102.39713396646529,29.978848923207835
103.99950960153706,31.5481489019387
102.57588359271138,30.191376140019592
103.05416520038287,29.51422589402542
103.1064576096421,31.060516123423724
104.37847088353507,32.62725318268729
103.2762191622732,31.23301354078872
103.09097955430704,29.44989275861842
103.12734695380406,30.98072369480817
104.96021536750291,32.59864737102249
103.1881461633022,30.952559058489623
104.36451565162838,32.26030584827348
102.6258546477234,30.704349308161397
102.50646084565648,30.762315768343115
102.60431486425145,30.716304108755082
102.64146601546315,30.181987779330505
104.02519874549887,32.06650282257102
104.08533587545253,32.04671867419169
102.99707085382987,29.59357730318749
102.94630949076382,30.831286887018315
104.1767188027494,32.24941225112107
102.91070882215084,30.853881279548776
105.02946393841641,32.67208109466634
104.26751817252992,32.75392894232503
104.95822246015486,32.584466062575174
102.44899844590628,30.15399686800519
105.39930801180758,32.95902663887808
102.76473174629064,30.23787205684958
103.91192658355331,32.5909343446688
102.67739608567952,30.48574954003913
102.38897288634334,29.74244165023219
105.13833149302239,32.953530833348616
103.95798298030822,31.977427827731777
104.50332473669135,32.655138700603516
104.61507421148963,32.518448063067225
103.28252801814476,31.348321305042774
102.78508406741722,30.926890260519933
105.14842033495835,32.82890603429971
104.67762078352679,32.46356308914618
105.51025205393184,32.875390942267614
102.48696775634025,30.764827082597456
102.6174413409765,30.42487779370133
102.80972429488291,30.51797719240882
105.23666139063795,32.80855236427532
102.42503318858552,30.14021052478756
102.3930533733955,29.091464383706438
105.35851600752933,32.93834092295438
104.20748584499015,32.30111733501506
104.30890828037815,32.2185163628148
102.49376903961704,30.091126844134433
104.5822302677803,32.77072659547983
103.05177529922314,30.523521068817114
103.34563697824751,31.218195245536293
103.1865611293412,30.77236218909304
104.1720421566903,31.6490783867954
103.09008670128647,29.45331686552568
102.83804404307824,29.569106780144143
105.52543033763473,32.72882270978786
103.82715442513789,31.37435402936958
104.16779564802697,33.029173465081016
103.85468318054161,31.628266599490402
103.97392140663113,32.31485198713005
102.51425883525081,29.69235198253855
103.90272956083939,31.45355059851092
102.47706253537406,29.97739151190485
102.66240316925398,30.583418687566105
104.60950279097464,32.74706313005797
102.88918918222261,29.561209258988114
103.01205412852788,31.084115795131034
103.84001433118125,31.439267242649517
103.91642708221751,31.40301153660302
104.12647557514927,32.548645688940425
103.99248526891509,32.58539345192608
105.27880883151946,32.619115965119185
104.96411823095752,32.63017456444531
104.10715192415006,31.71914258374711
103.83147595592501,31.417048255978386
104.0012035029615,32.1668670839654
105.57266981838826,32.851549779390886
103.22937269879846,31.052265965153747
102.8664051852973,30.881776352917445
102.48374061332541,30.204694365663833
102.89118762272138,30.619050386319103
102.58277686766105,30.630174192093538
102.49602557312626,30.606832046623605
103.14212235288663,29.46846168060127
102.67893149431302,30.338973656672323
104.55203673382451,32.53059673243645
103.97153111285978,31.64122355242586
105.36144991702031,32.70430254398153
102.70550450101138,30.79946239661269
102.41087811840451,29.871334650451615
102.64095898053293,30.182044984117585
104.37530414883886,32.659926790219664
102.84072441463526,30.761337379438412
102.98145020303137,30.793513430527
102.20818761642785,29.093802082411525
104.15402071150875,33.04632673415283
102.40396755640239,30.193600729135376
103.90828381294695,31.946606842267318
102.8147309731448,30.488853248618653
105.29310745584839,32.72255872395823
103.17054090372292,31.076497252726522
104.65953444116964,32.63136612554812
103.91005529851648,31.72030854310936
102.35289508333587,28.948264319659433
103.25128005534837,31.086967167678434
102.5038069556277,29.923291503929526
103.31593020422943,30.986690109930937
104.67578851812152,32.71562129901995
102.66563515089642,30.45184869660246
102.88984968109116,30.617471779072122
102.48469660072438,30.197532177302158
103.14818672831117,30.89820259460639
104.4425784184988,32.524539160282146
102.59305477267311,30.219759218101878
104.16894896455791,31.73480354157839
103.12541881371983,31.057383508154945
102.48898647965791,29.87047458061214
103.74778031902318,31.465011471377636
102.91868699329994,29.421380708843074
102.97411359449818,29.441034217634634
103.0489312165954,30.857225573520342
102.50464860726406,30.427276402998288
102.56822876724954,30.2108423448894
105.59095552443976,32.893234638631576
102.54124801303202,30.13693986332727
104.4541152611925,32.5599733334694
102.62422097683097,30.23790530921524
104.64920966833753,32.850779208353394
103.21240537360403,30.91782636573699
102.80836167424725,30.84398503663159
103.70493325066748,32.04887110156021
104.06710637885952,32.02450483705132
103.01283900728113,30.60490445944735
104.02350674448542,32.17768248184629
102.36261136876294,28.893020786211455
104.9220401933566,32.723716640827504
102.37177057041616,30.024261341251997
104.3989464738248,32.84944413981124
103.18131321922351,31.17220976872747
103.0082013866713,30.83324487036146
103.00890299716832,31.009800051248185
104.02933099359939,31.525399443065627
103.21628975492547,30.66450109381071
102.50780986564921,30.33996857936943
104.20817293735611,33.04115813491273
104.36357327007767,32.923955880849064
102.36724365309654,30.00031749098331
104.25017227659168,32.34207254313359
102.36798661461107,30.07680425006926
102.91531912112166,30.88032692493104
103.1944477006655,30.956482143421383
103.70916283067783,31.312185737183125
104.38067813543981,32.966869650932985
104.54803768233664,32.876738008374566
103.3670070499802,31.19459127359377
103.91475018247618,32.686468233597935
103.18523164728538,30.775654887570536
104.30684653681351,33.029966425471784
102.74537218703112,30.265198315722536
103.9080640382524,32.071161667453545
104.83443454417439,32.58374408455161
103.74539615965196,31.39142880232605
103.62318327196832,31.12456582657258
103.84111433420507,31.394497310708854
102.46509827674761,28.918143842588997
105.55430931663733,32.94416290141721
102.55863698549012,29.78139090377137
103.2384929590928,31.31183770516976
102.9457750146584,29.559260691979187
103.29930094314297,31.161636330350294
103.05842603432448,30.970584874403183
104.50411612594037,32.86321685035426
103.99910349993051,32.08419616814779
104.75647622930269,32.63779085908797
104.70125624772194,32.785179768567396
105.45011609541507,33.136554214690506
102.4927646643878,30.486106453620444
104.7248034321152,32.65623939135895
102.60154386221768,30.42689334635177
103.86714921437459,32.363004034558045
103.42824038142601,31.326718501802816
103.88598980224104,31.54031945682506
103.80594499879227,31.388576189683217
104.0555398845672,31.48432058437473
103.1528638319887,31.244183346515324
104.08073826170353,33.0756623780932
102.42700317487768,29.02529257522612
103.29571663429435,31.268992762463466
104.7298238684514,32.60039447089959
103.99725502903674,32.710188901884
104.53443591756388,32.51307419747338
102.77799273812543,30.80242365020475
102.75068122651393,29.621675329173115
104.02362834119779,32.74114202437698
103.92107443025098,32.634522168174115
102.93975266831431,30.816989777534054
105.17735576825704,32.91198142458986
102.83273692847382,29.608020628619823
103.3647240380348,30.975175516967454
104.43632236899361,32.70272139500123
103.30379047592025,31.362842598587697
104.09878136630523,33.11707042193274
102.63778037957651,30.72340657241334
103.75250581298934,32.104641242223096
103.00990588014966,31.001247262252896
102.52109537441179,30.37960063468356
102.6591235037784,30.135646018322934
102.48446209451552,30.43570506695776
104.14076106345499,33.01047968358884
104.81478905862109,32.67701926434734
102.83764503089765,30.87745243400439
102.69101127352842,30.708461445103875
103.26624296881317,30.647302645053536
104.52091461356571,32.872673298036375
102.56271545491518,29.731682562177458
105.24525465744857,32.896057328234896
102.79710061265979,30.78151308201489
103.94277156337407,32.23155827537133
104.1057602153531,32.58707345900541
103.089697191067,31.1786942256424
104.3588654200159,32.29264593050559
103.28931126085003,31.24083796048584
103.92949362497018,31.725989155997734
104.07661456245434,33.01542063318717
102.8012261358623,30.686252699699306
102.58558091982768,30.167897587603367
105.50044579911406,33.03289185479839
103.85652882202474,31.57802182056198
103.92620501795582,32.68108908066671
104.33878203319217,32.20721421427858
104.60943549712955,32.74171297881742
104.2985869991429,32.95078335707733
104.61521129600412,32.74953826829986
104.20271189795764,32.5753289823203
104.24294305950482,32.335791462623334
102.64100170154644,30.61343160407865
103.96424150447835,32.64483096081206
102.85038345359064,29.5582285621675
104.22083961265275,32.076398814353006
102.89349489347704,30.53026229675278
104.94323314529485,32.53097921228912
104.13599609703209,32.75072206393444
104.0670713553862,31.652428327713416
102.78600508397267,29.535555416975736
104.1019734427153,32.82570280410658
104.10757418664426,33.16511955402445
102.98545734905308,29.572334686599557
102.75996929457055,30.548846212353922
104.04521619306797,31.881730349510146
103.88634709205922,31.686450397459858
104.63121116980022,32.552374234236794
102.60612719340929,30.323639415367484
105.23710523570861,32.93985746389194
105.46021434407629,33.08527372407138
103.92942420267872,32.65578215949059
104.3865562800037,32.072774470757935
104.79886952640808,32.562978582622875
104.21999319908052,33.01485413034094
103.96959050289557,32.29527231876488
102.95736563588858,29.41469216599463
104.06492821474669,32.91422875158959
104.16299467605434,32.37537813217655
103.7272132707061,32.05964607390326
104.10498847706926,32.26340895274413
105.46452763140478,32.85948194152741
102.50466193530264,29.723177235002787
103.91207702517623,32.76716878974805
103.0265928047024,30.4093908426776
102.85584319116772,29.55564423981044
104.02525456267506,31.660725495688094
102.71806447575078,30.622640618553504
104.14542727246081,32.99573771636914
103.52019600261484,31.13024196888875
104.18863237726883,32.98091846552487
103.30793829653366,30.934421843148897
105.31029928632597,32.94608343321543
104.40499294892884,32.58198804091278
102.77718084511847,29.600563902475233
103.79576392924054,32.08537679276713
102.3385847736224,29.93340166411089
103.68824807313885,32.05022721821971
105.42939543359637,33.02782602432276
103.88179173834554,31.659785628636016
103.5754144474548,31.262294484410717
104.03254024400937,32.887548507959366
104.04307289446717,31.6560056454055
103.07216188696151,29.435703412853517
103.86149570771184,31.636305684863334
103.27665581878043,30.877442290274228
104.18015814200635,32.62177872909271
103.40995271607626,31.31779204467216
102.60113806165307,30.649348049834263
102.98390094922023,30.86008041839199
102.58128659581658,30.6466437830331
103.736651098047,31.461907395672036
104.50364842552905,32.60349243929427
104.03784085990232,31.83833692576144
103.91255206772013,32.13084122601404
104.12218096519612,32.93073385437519
103.90809062207506,32.8649336715974
102.84843003264204,30.59108845480246
103.2889050121586,31.207895038358885
105.44013145729232,32.798788272873175
103.89102562953337,31.93534993760744
102.77987133848778,30.63811968307223
102.53506775384601,29.81279273137502
102.86272216622864,29.519864582176456
103.23023633006838,31.31870593962828
102.57617769561797,30.537836334308004
105.48930057053622,33.067285734507664
104.39528558466593,32.05312409693411
104.73097919169423,32.69544982460932
103.89755157111254,32.644401928124786
104.08231306272334,32.54512973135716
103.3587973595682,31.25176850423241
104.44167076120927,32.31694938355641
103.0677383094877,30.562187827151096
102.93520633575437,29.425039739753714
103.46235341618635,30.84331537175413
102.56431459510594,30.727538454125042
102.46035588254242,30.170973449883483
102.72000887647525,30.63322426794813
105.24540964886127,32.672301957389024
103.78348568863808,31.374991717891263
104.26195025439979,32.644494220582274
105.15359834955869,32.635391858633426
104.04283660878244,32.18209088133502
104.04778948110737,31.694354954370127
102.62619914336341,29.944614246722267
103.89598788915923,31.616472719988426
105.30754420760393,32.81586978566823
104.24514374299216,32.33199603434613
103.68450668569218,31.215118910791837
104.37106715130886,32.67056041343147
104.94487346478797,32.57228097702678
105.42798173175731,32.96064380590858
102.28931554161163,30.07196806389073
105.13863319756769,32.666042155299735
103.86027022248075,32.219839496500455
103.12023770465257,30.46590039028407
105.39001243461449,33.054734917209245
103.12341457066454,31.26794050414401
104.89328251112164,32.63583185836621
103.9770251818436,32.851518959060286
104.49776613132438,32.59791641422218
102.9926441545027,30.445923278823052
103.7323613174513,32.09034581530318
103.9731326041251,31.930158334670672
104.99849510730616,32.68599255780129
103.15067080517632,31.267486035439113
105.41604445265487,32.736675359034415
105.47004109519735,32.97882016013416
104.13044087778894,32.315648956269875
104.53584867983339,32.85967285305708
105.48985881911804,32.8374481888484
103.82611103425006,31.37872038377133
103.71348713524483,31.905887672641725
104.50949786102855,32.61954202841438
105.38739934195871,32.77364861399167
103.65392047597055,31.30955483324677
102.38341584879551,29.135788982080093
103.80244048436742,31.978334725282927
102.37904728252254,28.910948611657474
102.48456793350044,29.029998537490663
102.98575659936559,30.67771956589708
104.4031143216664,32.50321709306318
104.08083661840011,31.885105308819043
102.6105584494433,30.15614886767876
103.01197615315259,30.77161138321943
102.91532375081125,30.831112519182543
102.95391140406721,30.905911324289814
105.39608787513414,32.946018844636825
102.54004076704423,30.090911967783967
103.85281928691636,32.23926239303557
103.95816948333476,32.60821981870619
102.40133597223553,30.01472940979666
105.21527884492265,32.93504964062364
104.43831308631313,32.12091941784953
103.07913606822713,30.938442096276503
103.90175920873017,32.01782442169774
104.69914709170128,32.59049495022277
104.46475646255983,32.9277998688483
104.00967845372713,31.691545397696277
102.50403869260353,29.779680337919633
102.47347279246333,29.93791073586996
105.47195177225926,32.8546932198707
102.72374805270813,30.866152490722683
104.1033740623702,31.608514228861832
105.48945671010098,33.068617145690226
104.06705925256185,32.33424287150053
104.1918494131631,32.70447792910773
104.49867103518926,32.79769031222736
104.41891640007208,32.48922363791774
103.05795579674458,30.543599027275615
103.75086730471355,31.405256820023933
104.09655252643152,32.25206226685159
104.31835343966179,32.546003747259284
103.63184286820558,31.176025832562768
102.56725821507246,30.46343194933397
103.83208818199299,32.480830422314405
103.90044144342018,32.252687366452975
103.23754640028231,30.764571735323344
103.11700687101,31.050159331910695
102.62193803037303,30.607081913255406
103.10071474200875,31.20571419124905
102.63376950978234,30.78713829479566
104.24599031948821,32.706748110330125
103.91089666759302,31.607274962880858
103.23815783310872,31.15438497751512
102.67499765974864,29.728028058676003
102.62364930735909,29.942152826403717
105.1542652685902,32.63758556885022
102.75850402733921,30.885177600923612
103.2532299207954,31.18723560581046
103.98811109252011,31.84588243636627
102.5871489881577,30.716240326174123
104.33595561369779,32.92005832090613
103.04680140219564,30.437034798254906
102.70966973184348,30.231608587852033
105.37892634507011,32.972452368516294
102.8192135634721,29.623700771388226
105.16169913228882,32.60489651955822
104.67361499996174,32.559250026682854
102.72562872576366,30.91479627921423
102.95856667437363,29.632199927465237
104.60527225225964,32.80787948336728
102.64720319493568,29.9346699140507
105.49700055453611,33.02726572959536
103.09488876460132,31.223692052950923
102.40488202554403,30.131817481289268
103.9765644487545,32.90561124895552
103.02416770376648,31.247780755617292
104.39210706140413,32.27315992216714
102.38312994647303,30.11365073048306
104.80273800959965,32.81280342056569
103.18103058283887,29.43529672914262
105.32126750946394,32.93116194334919
102.5843662500127,30.73098819665011
103.04401484381732,30.865731845284223
105.22010743088111,32.838359510324736
104.11074868741991,32.6407875957981
103.19911976651208,31.294945703839847
103.74640226465338,32.00954089721238
103.00143347261405,30.717146767552133
102.54297189712003,29.853287198165194
104.05859561471077,32.931619641467286
102.41729303800204,30.28385310857063
104.13780727252103,33.02130772557316
103.09685837030187,30.938076968398526
104.39052281262803,32.79798998991008
104.88828506492219,32.74368921248131
105.19724109649363,32.82193646959611
103.01693970619114,30.769829831319097
104.3113640965397,32.55810895620273
105.58963529005716,32.957485230108006
102.41434027546151,30.190379063852063
103.03252850665947,29.561942700099944
103.98724770995169,32.08426531338198
104.08638412009103,32.91026312131369
103.99635189244401,32.76164099372013
104.3687622316493,32.066060092584976
102.80180325810252,30.5290978868373
103.76816799953039,31.995598172752157
104.45115499332194,32.511829861306765
103.89052974924077,31.82552595437423
103.85542944226582,32.24232821896045
102.50120200866475,30.11966585708899
104.10652283026877,32.82821144112463
102.53659006077086,30.720756812038438
102.97617286501868,29.59509601666701
102.57744023836484,30.48349517766065
103.08396962413823,30.65946016851774
103.81288609480728,32.503043069626166
103.0600380827107,29.460224018026015
104.3105837243527,32.70976560577279
105.24506077643005,32.619204450240154
103.01299838270698,29.48899995570092
103.29787628967978,31.190435495004238
102.77166949574848,29.612807294443055
104.00084646436552,32.81037683269497
103.07245927748185,31.237408506355553
103.78447724150064,31.37253488971285
103.08590403463904,31.206408081095173
102.60056236692269,30.823639124015266
102.72361398434923,30.527580969176025
103.38112856838272,31.294807878112373
102.51570605312978,29.886182340152953
104.41509566983754,32.8313702554076
104.59613065684265,32.80816048879343
104.15301874682086,32.689555808886176
103.01842152409264,29.50880013433968
102.43245074251752,29.89367075303784
104.19542149256986,32.901443976958355
105.16089053179137,32.62985797700654
104.03203981510745,31.491492679266656
103.9343908611878,32.38321288380006
103.08119495063804,31.145677580240594
102.43195482409739,29.996756132037167
102.82703289849691,30.89259105293808
102.98422423433465,29.45960102445282
102.81801652004341,30.67559996318832
104.3139995341277,32.743675609928516
105.4720859057063,32.79684934932285
103.13225137320775,30.88123258640261
104.41227751437873,32.6391937666103
103.90998745705393,32.72850903813018
103.91192153787829,31.881031837370255
104.06207493158283,31.882233502339663
103.805697512893,31.894182070018285
103.84621214606538,32.260075163670294
102.50930240677262,29.863500875559154
104.10978432296083,32.885043701349716
103.95162189192712,32.12358638745752
104.26152754002302,32.68496338508465
105.39154771212213,32.98407812441458
103.94352025444614,32.33792421061553
104.2326910112313,32.30598588848925
102.62499955335394,30.78550081567707
104.5599115750349,32.59577931683426
102.40404269659567,29.76569789441866
103.62158420979935,31.190011605705806
102.19431275315705,29.05961487118293
