Longitude,Latitude
102.72247455963422,29.531567061466284
103.23967722715143,31.13981917131438
103.2657385315079,31.119371978222592
105.4563043600576,32.75378015186791
104.26434915348626,32.87173758695821
102.48685284818188,29.705965049854495
103.15834860190265,31.21805795230791
103.27496750645746,31.069229583672637
104.38823393446044,32.651872551584276
102.97341581620053,30.71395188044848
105.03240466637847,32.60507662240217
102.5963234678122,30.32365481869858
103.98830964421664,31.91726140923392
102.3576992564159,30.066479267722993
104.71117913559884,32.76373642432336
104.09279156143936,31.86874823074304
104.44486294407163,32.55489130145051
102.50493553972157,30.454930318920585
105.45965288081787,33.01153364923887
105.20358318764977,32.83408419159007
102.78243270372377,30.743363345475323
103.93368623573892,32.58658180997904
102.42647380541156,30.24236366470931
104.37266830002027,32.67808969595989
103.94107007824844,32.45560399175117
104.2169441313768,32.7813895580775
102.33665025833217,30.076583018481898
102.33585569971194,28.966232715092957
103.99360325046614,32.21949153567308
103.40139182979215,31.424001791540682
103.97155685628577,32.26892432031823
102.89804101529356,30.43990180501929
103.93466678334165,31.862204790008697
105.22628590514505,32.867368365558164
102.39119416689024,30.058765070240597
103.7920136161138,32.111126304732785
102.30607254549464,29.95217376497402
104.66719218069795,32.75543517958942
102.5520320225342,30.802504628779925
104.22576101905109,32.10226664194586
103.03630269096936,29.552007461821187
102.56901426339297,30.586376623434553
103.30749952189667,30.706662754057493
102.88161878736328,29.564980216594492
102.70731769805514,30.21072927722426
104.8385505677135,32.67500903093363
102.6229237422721,30.583898104659564
103.94329036827503,31.51792743470411
105.43839731837939,32.88784914842583
104.0532287646504,32.86293394553095
102.96179512626571,30.824429136803786
102.6695704997739,29.620503108650976
102.69680727318095,30.659507861698643
103.9304018997976,31.447846026769128
103.57647125758413,31.2919555594149
102.71975847588638,29.64466926095244
102.52505725951767,29.91176813018041
104.69830784004714,32.583121734808586
103.11557922695208,31.21342690935314
103.13434441794617,31.26813313758661
104.27348034536654,31.751612281518103
103.03417901288137,30.549044638972845
104.49384723984073,32.93696184307085
103.9100633586478,31.45420395222078
104.59366122693338,32.55477023863318
103.0492491241025,30.98573083898691
105.40360573121276,33.08623991395848
102.40612289618407,30.226291290644323
104.06054133936125,32.2997588145541
103.85252194098226,31.587930382834237
102.98295793921223,29.621118239213168
102.94742387874668,29.664338940813565
105.26190251716535,32.89737305278314
102.9590482888439,31.193104528673633
102.48159880065882,30.63259515792227
103.85500271234665,31.43486165782774
105.14604190052557,32.63370200831235
104.64979220174357,32.50164043755627
104.33661828497345,32.13400396678021
104.38550574666121,32.916020857907455
103.8831149812724,32.211157356471865
104.86808141358493,32.53552668580653
103.26103100190322,30.836556090998698
104.6031010160678,32.60242418868899
103.31720711874569,31.10909529442943
102.4846685106815,30.38040197592686
104.65222616608918,32.64972915792711
104.08880878171736,32.415656534598156
103.04029975051438,29.54705009205252
102.42999720401397,28.984922847582162
103.07721577088118,30.86884136957358
103.7085510367792,32.014249296388684
103.87622615370756,32.66043209236014
104.67582962099397,32.81573203547137
102.74866287255176,30.556833441767353
102.76093849680402,29.582264926995904
104.22057322893345,32.63796326796309
104.03150386719251,32.93598472450915
103.28124875227358,31.063403505259377
104.40817963925235,32.63642381811488
103.8838246777873,31.7595827744714
104.5948803597278,32.506446334007016
103.91288454935098,31.545808739928837
103.00694478169052,30.479073987300968
104.28371016082954,31.765464059540072
104.29926040616542,32.1870652913826
104.43733230141757,32.76775000782105
105.03650147877559,32.70746011845227
104.7492759892826,32.6140890602247
102.98741481980828,30.55606786981736
103.67220674573389,31.98084280421383
102.96895378562795,30.399457783320493
102.99357345679674,31.206351700638464
104.14011758355822,33.027655806811936
105.64118555044277,32.89409640101243
103.99587228634552,31.570835377717035
103.09616177985659,30.42187490139442
102.46042730594488,30.608726046987748
104.29349547412623,32.186744913316815
103.2661051111725,31.0586369271167
102.70164327952986,30.26722391666846
105.29085987268174,33.01766600321291
104.47878290704128,32.75504660798605
103.96538920789082,31.817864042818172
102.42671135730996,28.904048251840308
104.32406220543952,32.22958945786334
104.210343506839,32.11375281198556
102.62504206537702,30.32649979387079
102.60203206069193,29.71245292155988
103.94316480109114,32.51773203232534
103.21632030670428,31.31542617359287
104.58182795635574,32.65999456500601
102.73661683884963,30.864194565942583
102.52413853990316,30.602245870817438
103.7434277372469,32.00035129726079
104.2654842892784,32.05962977781543
104.3979119987781,32.277640679451004
102.59098765013486,30.638926240185395
102.82177286938462,30.431029252878286
103.1309094734517,31.110696398248997
103.08284711459588,30.725068737373483
103.70239333919125,32.03278696290528
102.37715571583233,30.08192065161469
102.75278895124713,30.29138132032785
105.24723322361459,32.64802523463822
103.01131371732073,30.819194921950285
105.16906292398801,32.803131308994345
102.66906282744344,29.73227544866146
104.68814231031952,32.73385243706113
103.90254801654974,32.46341836752184
104.66253193728649,32.453513861866426
102.52923081040505,29.897384482815838
102.67346100795451,30.36868983192857
103.74950040440187,32.117037498271316
104.45717993853543,32.943394988795106
102.5653524341413,30.800948444823824
102.51491401593981,29.906192908033635
102.45362266961257,29.89579724771192
103.28400701622935,30.746609452781335
103.00655864251311,31.085772070812325
102.54174820748518,30.528179309727438
103.87970895968324,31.695734510994463
103.06573127666225,30.429361746885967
102.55501102210874,30.329086622948353
102.57529330188044,30.35683486164173
103.94860554099886,32.66391795770333
103.90022457995592,31.913946040321928
103.13670427600782,30.57207389762928
102.57755873753142,30.525246630366286
102.60036982310999,30.678364325705086
102.45784774454934,30.398476447605898
104.39762825151864,32.83428653051429
104.31554995956408,32.661632977985285
103.2075699343561,30.97079596994135
104.45414022740195,32.539107836276656
105.04778431202719,32.59125920388174
103.2907073550115,31.390337788888832
104.83660744754624,32.48697205401326
104.03924008740302,32.64536809372346
103.86484564958391,32.617361916426695
104.19239563227006,32.62621355090649
104.17931033278326,33.0207731859561
104.36446717775588,32.89139959132366
104.53973253750044,32.46437804112237
104.75275058281824,32.489129266728156
103.29988042353239,30.92908740251885
103.12511217957814,31.017438916609002
103.17000154604152,29.434895555511734
102.34155462521302,30.055676931996494
102.90693536459503,30.45925389279242
105.04693819275545,32.55979588945465
102.61203608004432,30.655227546762507
104.03069486495653,31.446741144567547
103.99705192913154,33.107852284197854
102.40730410140385,29.84662532769807
103.03855647921537,30.962407492845585
104.34988567771151,32.258757629998854
103.92484882610813,31.815214834637253
105.47096884265923,33.03860386612068
103.99762275412142,33.113496073334176
103.84213935907864,31.984041365896896
104.1498475984977,32.21647583542761
103.85606196901593,31.740261494238354
102.59156839046156,30.11113151620465
105.3827751926538,32.998450063224695
103.70156806526057,31.38113599716229
103.98100911792162,32.16043128213732
105.29787209943467,32.97894632910877
104.76680148975369,32.551410910311034
104.23900905509991,31.734069618530697
104.72173572726433,32.609264792255956
102.85933335467794,30.357353015854073
104.08475395805327,33.06869485399927
104.68500303745,32.61340606516493
102.72685217405785,30.202293766547168
103.17518053618488,30.738632425587138
102.57342689273115,30.611433595756257
104.26354068679625,32.62847479148939
104.74809478945745,32.702171534148036
103.08080544297103,30.745769299133148
103.11619389177552,30.458127603391006
103.22852471769599,31.04332633731108
102.73459521103521,29.55105340557581
104.49576016496401,32.696487934593584
102.56340675745071,30.11245081770553
102.53596692724815,30.564025995944963
104.54014945838615,32.50554393289799
102.46962190904674,28.934666163947192
102.54565864779876,29.82100726064319
103.98982384030693,31.501784147730735
104.06547426048321,31.888524663233724
103.83290975428876,31.29648234796853
105.16136809896892,32.70027899086322
103.53683889915355,31.213979692371524
103.46764269004102,30.87588719649769
104.34311685718214,32.088370540939685
103.83174500931753,31.97560648834932
102.92797578630716,30.7041088417121
103.0273663315166,31.281910962599156
105.41681603619459,32.90342309882825
103.37109639328615,31.152558448060514
103.76490013435256,31.794132560081714
103.92399699099153,31.8643380720875
103.13864674993702,29.53249185113817
105.25208742250463,32.70182696146021
105.18936242370626,32.71568961979352
105.15290087040033,32.94191397485098
102.47502741653273,30.53291675064294
102.42593728640327,29.77055577248603
102.97840771776556,30.89712063419558
102.76250584307921,29.49354176597294
102.69073301412423,30.345591650702225
103.23331709508358,31.308388783994403
103.1328970295095,30.97879368452944
103.77769583181463,32.013152082514374
104.18195742920254,31.761100826665153
104.88946214364695,32.6114980420167
103.2732909327857,31.197676319965623
103.86405506035334,32.50694844760788
102.61773636793085,29.707868083599912
103.88653897248591,31.663116892955657
102.98001612509195,31.261522683748055
102.94122538318499,29.64863644270146
105.41312321009924,33.08130423396333
104.1208846685927,32.53699913590296
103.3658842881607,31.077995926563847
104.32446757089467,32.82259309294851
102.3533873334053,29.003497506903024
102.40894524265569,28.934781819658046
104.31167728980809,31.810328677951308
103.03874832606095,30.90520215679658
105.30299635554546,32.81635457090086
104.08567991045072,32.78686298956899
104.47067568892273,32.769302243202084
104.25369759409386,32.07360122287315
104.31632587448422,32.944168406665995
102.54750392892885,30.399027669498587
103.93121239284118,32.04141402914618
105.2702625840659,32.92594703415637
102.3150967183444,30.03748648738983
103.25005513412621,31.234466864800936
102.77452771552572,30.674862256589925
104.82049076035605,32.7674625942036
102.47162243449844,30.5656534477915
102.35471140721006,29.023037001653154
104.17396091797629,32.363908728235266
105.2699287821525,32.75754211404178
103.80997149594049,31.552536922420025
103.33054812229425,31.311980040842084
104.52932592537384,32.544702678240505
104.36006243928513,32.10941377978787
103.33643407231943,30.880677623331223
103.20168241768882,31.14293254095362
104.6130487756581,32.77749106592482
102.53898922774873,30.604569969849045
104.06336112588029,32.56329679098993
104.80719334440455,32.657973164055335
103.9225996696257,32.036018456878836
103.36202406947005,31.057720161348477
102.62060458754827,30.559715833246674
104.15251780909868,32.81130986556849
103.84192571115447,31.59921575528303
104.20414143975894,32.933069492444744
104.26979657576656,32.78682043637277
104.06620290826591,31.490169499136517
102.88394488353366,30.53775537040695
103.03591786590708,30.413166891368377
102.43186937075133,30.07500261519584
102.96197857731902,30.592818064330505
103.6290050533022,31.243755712608234
103.58336767408683,31.117381755291845
102.90495574291903,30.401389941643906
102.74145375999481,30.908602099462215
104.1578927333279,32.32383469232593
103.08995231632363,30.679025847577194
104.21873590573654,32.95721752504467
102.78664572407111,30.908208077261026
103.99733447438605,32.76140054800426
103.77799988618938,31.31354494388988
103.92294604681102,31.794598778450215
104.7995405699602,32.76323501220534
105.0003430590849,32.66943981146107
103.33519655795773,31.034377438496055
102.5966290447319,30.21222071379646
104.97790557541833,32.608074799620795
103.83716917259052,32.55434444564166
103.96152203313476,31.486782852888776
104.0771716934979,33.10682737668512
103.37872527781242,31.121447117402596
105.18394994895418,32.62821329894579
104.05671592934479,33.17816308399302
105.23440316182304,32.79944932325221
102.38822468566644,30.149359093295
103.26084440305539,31.046439760385606
102.31698802901735,30.046163110509088
105.51265904873864,33.01024286233225
102.80299563143016,30.561788908453714
105.38005645795165,32.72168850034285
102.41896575046015,30.311329443944096
102.89020375603533,30.896830772070043
102.60812473531114,30.193096956178692
104.2627065943143,32.6930187958612
102.35116426922403,29.972347672592363
104.35266574546817,32.085640853956974
104.98733126719296,32.536644993439225
103.74949833478793,32.117634173882095
104.010148446199,31.93584000481852
103.057989464497,30.799513275643523
104.4925894864975,32.510739559653054
102.59463338466324,30.281035514706687
104.88858684793342,32.547582866061546
102.81249610683291,30.728076756969394
104.04608317081342,31.622025898754174
104.13121224651488,32.59288409154006
103.23455796397688,31.173463705438035
103.34505631159776,31.116077823718975
105.43316566369454,32.875099672032704
103.74506034112945,31.37033868723418
104.20789702274587,32.19344990735574
104.44154825979435,32.773063585499074
103.3161915317373,30.894721018753085
102.90768431874909,29.419739297332182
103.66280661628997,31.317144262970505
102.25138045722535,29.001403056429908
104.05660469897852,32.834036801356156
103.72934081512224,32.08887971298886
103.22462823932283,30.919805322677266
104.21343014275912,32.708057451411484
103.92953094218515,32.81964683076206
104.96188479316831,32.62093263951628
103.19304083061867,30.8984273908843
103.7844091456177,31.946273927218492
102.31541936226093,28.946518852305683
103.8101089881338,31.493690298012663
104.83656586078885,32.74713863784899
103.68839835536004,31.186859479471288
105.41236874580798,33.04699003372545
102.48152992227308,30.173648939791512
105.55072417049689,32.971317980563
103.34657683728965,31.340860566413852
103.74807917970527,31.87316925839028
103.18129691375472,31.198537209702963
104.07553077296978,31.88215870302746
103.8675170756262,32.314112836946165
104.17118097995795,32.61685625588217
103.29814044416523,31.14565266006537
103.72982679581844,31.36568050794115
104.25821723275193,32.076717315506244
102.43162734938251,29.719530877929266
102.9231961481476,30.644331741252252
105.58526198021659,33.014751270166116
102.41547772574557,30.233329428256926
103.10900946132361,31.057694630006832
104.89183009552679,32.594576353715944
103.73545713730256,32.021928824388326
104.30546032096673,32.842186912107046
104.19949425497033,32.7283684539971
102.9905952170491,30.996968683486863
103.07869788466468,30.874783361492895
103.07650508979123,29.442890127466388
103.08546859140955,30.530563711564586
103.26553559341782,31.142269448276366
102.23912958048417,29.064960593940143
104.17666305794005,32.42524212901267
102.89646477456887,30.38848818399239
104.53754977162092,32.59578514500866
104.3354795134668,32.25936921710457
104.63204629019205,32.490497189162106
102.99940477335481,31.007300771446285
103.92490452010242,32.827736695658366
102.99066706004945,29.53490735672596
104.46904338981972,32.8068046068237
102.54326829533198,30.695790689130746
105.54685168337033,32.845309082589765
103.93277643019557,32.3188920033715
103.43960928515254,31.18361906270417
103.29471763615955,31.05821314542528
105.14953009308893,32.61841776994171
104.15252209085982,32.84941584762791
102.62952541681841,30.490279827373257
102.94736899814711,29.568949431501395
104.32227040176589,32.743495274725426
102.45242774065605,30.29443287046957
104.55169884619391,32.451166142757465
104.98740767228941,32.55885706500604
104.15603462143734,32.917062223274755
103.93397988567735,32.18822358067853
103.76557196217792,32.137313984584765
102.49462842791814,29.996913490758207
104.66827630921848,32.66154331605902
103.89457688537703,31.349227888845398
102.55080719978518,29.89289699443678
102.76727996014854,30.860336269086407
103.305636147163,31.224218354513383
103.02761184449683,30.847653058618448
103.36002707946578,31.309822478461744
104.35922982231057,32.977770460429646
103.04683760681922,30.474953972314598
103.06668102306264,30.98366345808006
104.19687909692564,32.825803383210975
104.07671342073866,32.08076602863367
103.57495970143236,31.24937517219136
103.07017893874,30.441195196878247
105.20716269753251,32.69456930203167
103.87133340320543,32.24387518652
104.01327921069289,32.37859346101405
103.01636909902243,30.90016088656175
103.76734696291317,31.390102528157367
103.93572113559841,32.471938587594835
105.44243102425257,32.82957913204896
102.48563067633623,30.655327194833195
104.56551100705977,32.699761377522634
102.8729986414507,30.703861728241012
102.3812839887011,29.995076740005924
104.1133322705112,32.78345337059287
102.44121113245717,29.943110211523194
104.51354195528553,32.72519167840284
103.78296657591035,31.498384284711104
102.6820604688572,30.779188872155192
103.3438773504564,31.127060174272305
102.58807631613641,29.950260398419022
104.03956661984563,31.4522446771685
103.92867172995209,32.01516736840507
102.57317467805277,30.623494128413757
103.90389003626944,32.753432215434614
103.11205875356282,30.64195208805372
105.31358323347347,32.76001393275872
104.57075790665309,32.59744432845098
103.01331529031377,30.67409345994166
102.64905829002026,30.142932782102815
104.48615338275879,32.7906162079917
102.52193589987785,29.863386434075338
104.65166608082977,32.443771981481966
102.4898097164344,30.760502193273542
104.16764987813264,32.60993170798943
103.18091774265572,31.284274805339443
104.7226401205862,32.666205630845774
102.94359670038271,30.87637447631856
103.96295964964997,32.8571157020799
104.19516293349615,33.029199978773136
103.30054572726166,30.88133197435592
105.46920413251995,32.91472696762898
102.89991882854156,30.41351284395901
103.29486925184338,30.690691105800607
105.01130454029855,32.63308249708097
104.15416589404529,32.18013814834416
104.50559128551329,32.826828579944014
103.93761942843878,32.62650963744812
104.09961934769095,32.413456733144706
103.10263273326204,30.807826298507123
104.05426344371729,31.7454544393591
105.31712693405316,32.823546033278056
102.71837123850717,29.64900778361262
103.42280106600522,31.435189661937024
104.69156098081605,32.856084294896434
103.98247305561867,32.81159396263451
104.04150635997236,32.686771490873035
102.42393366720307,30.06428634217217
103.16439510913067,30.861190822450062
103.87543562859936,32.07217232271509
105.53609293548618,32.73368940388567
103.27524011028503,31.384972789699457
102.99326877362083,30.637426144072187
103.9294966616762,31.490089840990688
105.43168718898966,32.982655050579176
103.06005858238805,30.624672188381137
103.11045874526027,31.071596392121304
105.45004334444722,32.829784065167765
102.63714854368354,30.169535945099263
104.31763272057769,32.64027390947809
104.51085962484642,32.61397435975187
105.1558609211097,32.83888105519188
103.2969739892648,31.260108539064735
102.84624487894602,30.535702710625518
102.62832435752202,30.727945465340706
103.03644928488495,31.171788630552566
103.86117755893407,31.916596258322546
102.35177522898275,30.022228629380503
105.61482569603702,32.97597286560785
103.89918096238043,31.376953452832346
103.17692768678769,30.699561581309972
102.52916974240118,30.201613201506394
103.17680650845989,30.85784965321689
102.55965236524399,30.583915559946536
103.35344878457578,31.334878942157566
104.07235917839087,32.4836733703171
104.12100138477564,32.978606765365946
104.29501817168163,32.90913228803448
102.96171682445936,31.032714147794156
104.02248278166778,32.38646286418057
103.923807555163,32.75060599292617
104.70753998953569,32.75349508758359
104.20268745338333,32.793936685428946
103.03393544046762,30.806846111512577
103.96962029992392,31.68867920585776
103.8829814632973,31.482025430107697
102.37463835409109,28.955404749508183
103.98425924060695,31.371490053025138
102.34961123622045,28.986686411128986
104.11179962723376,32.17463345491075
104.0531714958648,32.51808984400851
103.00529174241427,30.801896680419823
104.11137088498772,32.91080814656542
102.51348820685394,30.70289539447388
103.79500151309075,31.46548945318358
102.62536422380822,30.706314107835148
103.16395371840751,30.49989078229926
103.93631209804171,31.94232392089315
104.68851338531921,32.57820313224858
102.5388525215498,30.733142696403284
102.98033590595524,31.101394404035233
102.73038704338124,30.838477960936988
102.65391761220368,29.709042745093356
102.8540171618563,30.35947526466904
104.09589188172546,32.72320925856445
102.91099909728257,30.569926314382897
103.88999032781632,32.55290334706083
102.57502659525879,30.643530460944323
105.15568912017531,32.617117373829615
102.90915633110276,30.83702972274498
103.82927444005657,31.545284014681616
103.91530760521466,32.522554151353724
102.98091555872796,30.622254352330618
104.00800949985663,32.36680640470417
103.7452170118185,31.340034737431385
104.03546369624378,32.799548887155716
104.0421494340644,32.44402182713385
103.18582876692831,29.5022312764627
103.39897687389825,31.255657377734295
102.88638606138349,30.82194118472988
105.39335244570267,33.118721072882295
103.99481632967996,32.08814298082193
104.86948168107807,32.52094508299222
102.89713400138297,30.775540518965343
102.80544819895566,30.89123743419735
103.16182064279995,31.166433968821437
102.99247147951381,30.828489823553337
103.9824833744942,32.1815144083919
102.72356601829259,30.75724108236885
104.49117819761904,32.569350189111795
103.07811119950702,30.994842572655852
103.91937963940292,32.91387053028814
103.40029203095716,30.823310148851917
102.63287555598258,30.20002703203736
104.1498021344243,32.59609892589008
105.5354669234468,32.782819343356806
105.41545303428278,32.916482318190724
102.98614433397087,29.64157241528966
105.5135988423088,32.87795351825719
102.72507170098312,30.71089147168353
104.12180123211529,32.28504267562974
104.22231007637097,31.791541185704283
104.4675896936117,32.697203998972434
103.99434589642681,31.70951134540266
104.41212600394803,32.67816483196305
103.93163222877877,32.551377535371174
103.35370773424461,31.40467395772489
102.95602091488372,29.671405445746014
103.98882167888732,31.49309138979083
103.82215399519,31.351971603317047
103.0944905337421,31.051132037547767
104.0114836706047,31.86704887287155
102.94595851511363,30.5457106338125
103.05763009503353,30.831965125845755
104.0035494382313,32.770403284488324
103.90815547587891,32.04469172376438
104.57402970288229,32.5205831511629
102.88665485831852,30.604241603623485
104.17920786298488,32.574109099460074
103.9427795967191,32.4148033186237
103.63661408054111,31.317761565309713
102.50915576596945,30.303560326702986
103.30192124849678,31.374578962445316
104.1102188719198,33.15320983162014
103.9718751067083,32.467485325886706
103.72658450878184,31.34085659449985
105.19138684078479,32.90395279169351
104.42837031232479,32.56475219093239
104.30376269774665,32.57211624014332
103.10134185275984,31.116902801498895
104.12097969106371,31.73629414597205
103.67710273937192,31.268763750781645
103.21114581915508,31.096961732796977
103.22891881065695,31.37302827621619
103.9162165564109,31.37872657305938
103.76317773224234,31.98939362129784
102.6850247531829,30.2306612813799
104.18636074263395,32.996990674145934
103.06226470977899,31.05377932661844
103.35736479429721,30.900340191764837
103.88044010700649,31.913534178043392
103.96887176200093,32.654687604281136
104.18934777059418,32.305341008333045
102.65059486921776,30.121636860997967
104.47211967914943,32.75482410822605
103.85740119625501,31.543658705128905
103.60589890273562,31.224530146920117
103.92664977843899,31.847191779232986
105.34959613933796,32.95947318932998
104.05138853875334,32.823418293904524
105.3165707163123,32.895690172238034
103.90955123608092,31.860327408745267
103.89664896057427,32.84126100588367
103.25894910491189,31.12729387736288
103.19097103418625,31.21148111230733
105.48842715030524,32.786132876770395
103.10317776791614,31.010288794738344
103.7175733661135,31.975951681957305
103.26186499787863,30.861630681845035
104.80346094677442,32.61891361165099
104.45032311012424,32.58568901077244
102.57021485052356,30.367801991947715
103.99281808706377,32.47214491012727
103.17202042170773,31.054372331160533
104.03206657459668,32.36455635705322
102.44170772766212,29.92710322365513
104.04442569099245,32.674278448270805
102.76126093621124,30.627015087270248
102.98855328241427,31.183625650929898
103.00684704427606,30.508070569751236
102.68881786500509,29.675205147512354
105.40846412927993,32.816746118693274
103.80073909178093,31.86002930267572
102.56971970281185,30.121329706205497
102.5260510624955,30.43577877022434
103.98089004283165,32.06117475827123
104.12109229207059,32.90290570845989
103.4969327620132,30.87343307665664
103.18374213585996,29.55038363216039
103.81609057732418,31.992727788596117
104.34436899918931,32.73706805945886
103.90939926346326,32.44804031769823
102.39268682525785,29.07512104491637
102.35551917762403,29.81560788676244
103.13506541859743,31.239497281826615
102.80843887318481,30.624372489739955
103.02216403619992,30.589195846327996
104.25547137610627,32.65511703298549
103.18066581009231,29.557303016551927
102.34387799819382,29.807635660728323
103.76683346473254,31.895696827931765
103.6676905118304,31.258713641152585
104.03436090550801,32.37961880904894
103.40783026633626,31.27132481550043
103.8168561205482,32.265789300368276
102.21068007575926,28.995060250049036
103.89432860954459,32.202698236076586
105.56571353596121,32.98339791981243
102.79089294433773,30.688958389635346
104.05367364606269,33.19135041569309
104.07054757590149,32.20240225434742
103.06036954829494,31.107741774036
104.13169553502551,32.29518149072333
104.39859361010897,32.12770844593616
103.90176198283739,32.303757649915106
102.58074178476889,30.625425652385672
103.17623336475636,31.105279768565158
103.65363247347669,31.318607995391744
103.82780946968154,31.804342990883946
103.87160611191113,32.47182676002311
105.30978656734787,32.980042748226765
103.84117648957718,32.62675367370549
102.5298230164991,29.98607974268282
103.93522377105879,32.75041003934158
102.88521141945557,30.77957222637713
102.95018179091282,29.555215638749594
103.08948876921875,31.0837586858682
103.89843992588499,32.544248250984595
104.35863983445148,32.2522019296076
105.14098416692804,32.66600898705443
103.26028170841661,30.819619621873635
103.8925567881371,32.6562552865737
103.0506056041304,30.670082097633003
103.9413480422372,31.676042793421324
103.6375382812474,31.290479463982297
102.8320142063105,30.806055601398
103.18004446390427,31.035055995225687
103.05664807762095,30.466288561907444
104.17432359548376,32.57142097581488
102.99971237658788,29.451904048408736
102.30806383457362,28.96614705067152
103.31900871774945,30.78104282950662
102.49564356137834,29.85884012343984
104.37638196591453,32.538300307015106
104.48558726150694,32.825429781927696
104.4417715213565,32.650679566516786
104.78921169105197,32.64008260330212
104.05029446654589,32.13033881782223
102.66680533318144,30.370143007181834
103.53734215108797,31.081114150515784
104.32321773302934,32.78844617585525
102.94531904079743,30.45752340932887
104.17352060185445,32.75149287862672
103.68587645018557,31.201150738335233
103.73471721259628,31.314537884947207
102.82139596783779,30.783592483194422
103.95415885052684,32.72321132852709
102.96230183172192,29.70244010459046
102.97708668216032,31.14804370055063
103.75367149985219,31.379051615185496
105.23876475191658,32.63567846612747
104.1243036928143,31.691861076426143
103.86150995981619,31.45641270147235
103.82665369048136,31.896739096294002
102.88187226209477,30.72545500344395
104.18428104455268,32.73242633039329
104.2277640603981,32.72876875926275
104.36190560372478,32.312266936890474
103.15714724379399,31.279561201390504
103.97038158579598,31.880291406732955
102.37167473224949,30.09218493988404
102.40895757011559,29.792994700285956
102.62419789453348,30.213711610323656
104.19169222791211,32.6583626596386
102.26812235360215,28.939685961031525
104.12186524927772,32.57117044411707
103.27741000400856,31.135091470030932
103.77592727940943,31.33423702994386
104.41645088178201,32.67567758474866
105.23116551979774,32.881347843411554
103.78431008896469,31.321726450351342
102.69932594574925,30.89737723760957
104.26951073804678,32.93833661975176
103.22566706517564,31.16752596728479
104.62126538933474,32.454782703029856
104.16529336417474,32.67430967258614
103.32640003862907,31.179942905336702
102.39329592387509,29.761627397784892
104.7036669259212,32.80018939244321
102.97067293713009,30.550485600780004
104.29421022299837,32.145440352181296
105.32424832046297,32.84382033357296
103.10993898963679,30.77080657712156
104.02429398063065,32.672556827540696
102.7747875039197,30.708547334665976
105.30814546455696,32.78393505240032
104.71389788161387,32.75414340726655
102.66230870603411,30.159739684194243
103.71460977013366,31.93514963246057
102.32579340311945,28.900083160835944
102.25870003282299,29.07423688059799
103.16320520968159,30.95088635232482
103.30448215388115,31.23023476375898
102.69196086052236,30.82497423402619
102.59550372458723,30.668599001384415
103.90822721133694,32.909022789267084
103.21180964279115,31.22814254514011
102.95932610486729,30.787259245475436
103.86765676648842,32.47820634143447
105.33623328736871,32.642624660202806
102.38251592452049,29.791005018758216
102.75568140285412,30.60764529767185
104.65314502581091,32.578187889383344
104.09094215296817,33.00825820348297
103.1413925911527,30.786077130289925
102.48176211988472,30.10142478871574
104.43623262509203,32.852337209995866
102.55831150296619,29.94473736743131
102.40555225422086,29.068963499837867
105.41948411689559,32.82323024778222
104.67531150775855,32.709535684797416
103.69586651068317,32.02312358180375
103.43142055113991,31.382572282845235
104.37510521187032,32.3190247588657
102.55010332940064,30.35839500353642
102.8973865610687,30.607737968730902
103.2485070333966,30.92381242163235
103.74601224236024,31.94151052146542
103.30280313222914,30.761445397090302
102.19759226455136,29.037827796500792
104.03907080596609,32.593147111226585
103.21120366927336,31.300572583650663
104.50385219166868,32.649037036679594
103.81893133171015,32.65435471708026
102.96331499974863,30.93064975559428
102.64069676204706,30.57425559741023
102.79615832204526,30.43710141161509
105.54698086716762,32.954554172822384
102.85475260849266,29.55632926716913
103.0173812453171,31.099654780882464
104.23220881953054,32.24599564522815
102.46168284680523,28.942151211031756
104.39350450980857,32.58575093430426
104.09426371930111,31.999401520762945
103.96114213134463,32.83658860421662
102.50951312621596,30.250164945471766
104.02283748098358,32.89831847208215
104.19735614359726,31.672102803589098
102.35854413506232,29.771625268807334
102.43743809552447,30.111259635327986
103.82865312174597,32.34921241733982
103.39583462357811,30.83059476711486
102.57603270795701,30.36751374102731
104.27644895984452,33.04174382462134
102.27669752333537,28.916267471894717
102.6296035209389,29.948804681369634
103.26392884862163,30.812393627384644
102.41657477714907,28.906159682071024
103.89183058256722,31.82768240258518
102.53250055204927,30.2832564050035
104.8711797096573,32.768616339089625
105.16356152475569,32.89524733713119
103.27563088781677,31.298365583413958
104.03966563823012,32.44250108619018
102.46207090265163,28.90110094510668
103.89157579271085,31.46437774827652
102.51189308503923,30.521223510109508
104.3222060162668,31.815453822582064
104.46760233429221,32.579760055263264
102.68504465017192,30.874104382115696
104.01799874035527,32.7801242977602
103.27004626672311,31.355287760948688
104.49310456035157,32.65105402645883
104.46333843052919,32.689580002330324
102.70303861835154,30.883424382310285
104.54746445116898,32.48076088435446
103.77887127149094,31.44009094205051
102.96781778714075,30.894820497257037
102.9375827756544,29.4473979172249
102.91998712396764,30.48380312968068
105.07470991032902,32.57184763478117
104.84915751712369,32.51500248238842
102.36544013812424,30.218071364837552
104.42147846046383,32.60681962697582
104.54448252737869,32.78590825334345
102.44089449632263,28.988432291589447
103.14593109742997,30.92671282459252
104.28439383130156,32.756801474582396
104.74418253065714,32.60033740288303
104.59756383858817,32.8506788006253
103.17288167048397,30.83582146833239
104.0596314412654,32.31303281011877
103.9969638555093,32.869658824057865
103.97489916450469,32.40120434129128
102.73022306744485,29.582243294722907
105.33154936101404,32.807379855079915
103.08055628478151,30.892557278456955
102.79085480152676,30.473161078674796
104.46937227492865,32.50161630883822
104.36808856852731,32.93007362224626
102.8010345004976,30.491701982229245
104.5510370577309,32.76448835191808
102.65323034232559,29.943172669159623
104.07174196597556,32.33590115179569
103.85752830153353,31.453419185499467
102.96337762110072,30.642730096198246
103.99749156756172,32.24858137615967
104.21911382588932,31.75234247606752
104.66498837260977,32.697783125241685
103.90110499429692,32.66293880662828
104.10679658296,33.07136312509111
102.3901170371813,29.88549562262075
103.9341544687111,32.89066471981545
102.39597943428424,29.004584151430283
104.59586853875321,32.63511794505655
102.73963643152037,29.641702215916084
104.15143037105706,31.630667569281147
104.20929221245798,32.63186759965044
103.86688103219205,31.912217517535087
102.85003598647528,30.40422620222395
103.3286165615453,30.86463812975298
102.95623946225861,31.14363347916784
102.49647668476723,30.754688343722485
103.33272517638484,31.216966438701697
104.0541110830344,31.437906533312727
103.21545546627694,30.90337582412061
102.56749394811783,29.66742131784868
103.93731711036207,32.55451285942615
105.51007149897835,33.03323520526028
104.12750231864744,32.55817249475448
104.1164663109217,32.448979357179525
103.93871336156099,32.84816132305182
104.36966966446799,32.51613238107136
104.91342422880153,32.76414581638841
102.5089680697782,30.363960521267323
104.20602609143799,33.03233302795385
104.06059466210326,31.864497664508903
104.12344358973378,33.02444227672753
104.0498578623828,32.494440174636914
104.06591142333266,32.89525066223243
103.2449714092243,30.855600917601127
103.95726132900097,32.615091576689665
103.77587433600334,31.324770322160635
102.33806566768182,28.88286995780439
103.45309887837386,30.902899411416023
104.44280970504234,32.70137767873859
103.19348226422576,31.12179003088815
102.99788796016077,30.780953918718104
104.03160598708021,31.82899266140217
103.00614233805221,30.759700890715784
103.10461657725564,30.79387511813275
104.10331922921688,32.32428026090944
104.12608941638892,32.60783350575279
103.38897140429846,31.19867957947126
102.96934860846356,30.839445135222814
104.0547718216877,32.25612406304171
103.27612943181154,30.952945820554145
102.99816789003268,30.691698586657154
102.97510219469717,30.696099910587883
104.12283923607451,32.72658856918326
103.88530990049841,32.10785828303832
102.56141048337811,30.703378986307282
102.24013076753903,28.997599518358506
104.48606486909365,32.54922499313553
103.99163102455312,31.824706938110236
103.82237775933663,32.67320556263009
102.49206262349705,30.10093698663642
102.96828484218064,29.414432886719897
104.12125358733361,32.28376835125676
103.7990053736895,32.11391444637429
105.48327028527899,33.01251557860562
102.50932248464343,30.241823652433563
102.45296984469604,30.058869920938736
102.81992758283049,30.87758175375637
104.16074490876426,32.40219400612466
105.24633147297968,32.94067918557638
103.59307387037359,31.331768146118062
103.08180622909211,30.98099097855639
103.79556404542038,32.06759498157123
104.42234175377313,32.69876361948154
104.84532169228203,32.51405353738323
104.20265406559564,32.724475227956255
103.83041357031291,32.10718260834599
103.03805483294346,29.475756447396282
102.50429906216726,29.770925338223577
104.03579282266001,32.77063933774818
102.45639412483247,30.604103188844594
105.54163438882357,32.910277639631055
104.84864630606216,32.75745169883182
104.18224407558121,32.202249889621044
103.18589666938044,30.63501355805472
103.89462000864067,32.4385016947659
104.81410816646184,32.69038506539954
103.3155243336239,31.306527153429904
102.83027189750752,30.835312806022696
104.14153142779864,33.10172645934364
104.58176229525021,32.75467595175123
103.96225795316035,31.626495184297852
104.40912506947556,32.65803362889883
104.81811633377538,32.481910911736016
103.29251238583012,31.408503994930722
102.44777568922055,29.975868535665043
102.506846340859,30.22584187697576
103.88551439585292,32.39841034470207
103.0500348748341,30.981776913871613
105.41829632435798,33.10732682084064
104.9912126114926,32.72588733076563
103.8528968539926,32.45862513758744
103.83000002666945,32.46794280739481
103.74638866007594,31.857599312827126
103.92704416416237,31.925186788072292
102.687059447863,29.65904035712553
102.96859594081333,30.574573020619457
102.57625762905695,29.900166634858834
103.47773647512626,30.847051296875232
102.70268034664834,30.698322589571188
102.62853351199647,30.842189077075833
102.50716133312969,30.718401468648192
104.4796304848616,32.58699439471902
104.11319332609176,32.33947335227549
103.30359146097163,30.70229041321781
104.07715973320862,33.02274001438431
103.54071471485163,31.136836161172745
104.79004977680154,32.786022378456536
102.53899289779652,29.859342665233765
104.00542036146373,33.13591034534516
104.00954785304074,31.4664035739615
104.15536822871793,31.704212952918375
104.83278916246572,32.56168160068371
103.07485468646811,30.626658415989876
104.03562686713373,32.56855086252437
103.86950015607513,32.49299053576229
102.48867994618308,30.036352182449903
104.85766819809488,32.57103195139114
103.97147668296769,31.94205638995122
104.04813568855555,32.71191955768536
103.05743764682191,30.513509583549133
103.13137249529198,30.634920956243295
104.03522113062867,32.20244854506547
102.94027783406862,31.2168108416883
103.83827904991448,32.49771305603577
103.33030581429512,31.187248412047534
103.9176653451929,32.67015826710387
102.6378658892014,30.52144420416805
105.43233616228488,32.752445152192394
102.84103492425035,30.34907686259487
105.42569185999967,32.91776393958906
102.57375776116135,30.742819995841764
103.98085564101824,31.510257005560085
104.16924439085255,32.70740781816917
105.1768906804191,32.63880960951633
103.85190970902103,32.597146801492336
105.30394485803146,33.021554077644716
103.06712971684574,30.96985229142125
103.94955424362979,31.871125771295212
102.96028582517542,30.41739826307157
103.81221547317257,32.609863269662206
103.93683274550851,31.83192882375237
102.61108864413637,30.682550040104307
105.4812175056118,32.865897895835225
102.44643977967974,29.745699658321797
103.07681392840631,31.223301611835055
102.62328166823029,30.73836218266061
104.87656493920313,32.509786117004566
102.61222791669866,30.356083538962768
103.93392494676091,32.203862672057596
102.90558063133138,29.56145038585836
104.50810070803121,32.579117602890584
103.00668230073204,30.589749428467684
103.92159212861856,32.10796805857873
103.96293842278025,31.93326163606935
102.67812990828395,30.793751928002045
103.82422872853324,32.0953875606355
103.00269436934572,30.763116395540493
102.49937257190872,29.896817786582996
102.44622631271538,30.564957971825038
103.2370321867448,31.289430222683684
105.20050069239932,32.701350989467876
104.51795469594772,32.751872132042195
103.96992589564898,31.509493164627404
104.63730495611858,32.56179314037384
103.93645240769175,31.819290460477795
104.20867205430663,32.27966354327618
103.04534560512319,30.502862553598682
103.01706886961657,30.624243859813728
102.19880515929128,29.059307128104862
104.41543640537358,32.879275664674864
104.04986083143197,32.087670152255136
104.6071627442166,32.735686516132695
102.97475925169074,30.516605927580496
104.28424517043146,32.912517287195875
102.9702637960255,31.264707127022007
104.01058967226061,32.49171703099118
102.29368629036048,30.021697821185718
104.68980564203686,32.487667001178366
104.42592483563766,32.85567755806903
104.26360610230893,32.89414500682143
104.02561858576733,31.836273930003863
102.70664506932934,30.598299146822704
103.97254087232109,31.45554657831311
102.85557001147332,30.931833938974602
104.76303764588232,32.499165740873686
104.49081821639223,32.533565536767675
103.79650440694851,31.50775003223427
104.04423520503086,31.451956859761314
105.38826881993604,32.81003114563893
102.71597534545555,30.827629818246706
102.56449283844057,30.11098403900527
102.90346462634598,30.580742439728372
102.57688544506067,30.120699783676205
104.25129685215872,32.345256955778076
104.30214047246125,32.672643750624935
103.0323039165015,30.49267591822489
103.17345448960145,31.12069864092498
102.91451827886249,30.73739600324391
103.85060160831615,32.004553301417396
103.82358475304328,32.24952605513031
102.55146905669825,30.12731820768608
102.65341749645961,29.640973439533603
103.06030403352109,30.560756692423336
102.47000250031519,30.043216055620395
103.2169183683454,31.296765395891764
104.18953725926723,32.92415598537509
102.7008324312269,30.788316293160307
102.43389843759223,29.825412674017198
103.96401384878736,32.92404085656696
103.14416794618379,30.585615747845697
104.5517509783353,32.736267861229216
105.28357689832237,32.89902989285652
103.00896141325809,30.699778373214883
103.08317807353134,31.233548504550555
103.89305301424221,32.218055291987575
104.11642683120917,32.302455615461405
104.62316470570251,32.58280815461568
103.80795633123184,32.49274679628301
102.79784843543536,29.545405276679745
104.47221403678286,32.64612627409246
104.77791100731396,32.79804449890072
103.88624265781624,31.88828934412222
102.56344605974594,30.775187940236847
104.15635578854841,32.18510100115535
104.35800125059882,32.15498298510534
102.60182702502725,30.07907698482862
102.43624478230511,29.737831151261222
104.81873502420751,32.50131783773857
104.1739148833136,32.64992612656574
103.82482462911024,32.57021373209109
103.82506732518972,32.33445206883419
105.0582246427643,32.70613147957109
103.00215688829003,30.495393839353493
104.06944157371252,31.47525631874104
105.14898922571292,32.96150722628234
105.16547000416423,32.818071493204826
103.31171244759736,31.10620254599252
103.75635066385723,32.0543272466679
103.92630388423628,31.486994340350705
102.51616212163978,29.880056279551262
102.91766985495416,31.171561249128562
103.9319871920942,31.712799028216885
103.20229142185825,29.50258208281424
104.37176625881584,32.83970236452092
102.30433343933264,29.913899988848044
105.26215158155586,32.822907199861206
103.38196704558284,31.129060221424957
104.23012853447027,32.14960965463261
102.48612007451104,29.73194921237987
104.0248253140391,32.98977793611989
104.20864962652747,32.3215847625717
103.90960599912187,32.77754739512801
103.9973962873232,31.83116066885884
105.06266261706295,32.59101236879892
103.37307582002558,31.325968371177648
103.17242379288025,30.499730144475492
102.46490171012383,30.283281313340993
103.65886752644704,31.217897454927485
102.5167272895424,30.738166769721033
103.01211426081251,30.46059509239438
104.11275561037631,31.607239686230617
105.3286643831762,32.81317498641863
104.00617875036012,31.50281142500264
104.7286468779755,32.56055521499748
103.38603087533082,31.14477585986208
103.8645343500629,31.35434278293071
103.89410916025756,32.049229058380625
103.5585165225945,31.09629414593903
102.66860084086177,30.271545037714162
102.97859230207392,29.5390936420989
104.36806883986849,32.779989474460955
103.21472399420588,31.368546903615325
103.89924007557943,32.84677741239892
105.51267983814421,32.894393610039444
103.21672526079462,30.77589571116337
104.34368620269659,32.176783345100354
105.17605079346329,32.85040756333886
103.9815679020467,32.79851182978406
102.93961070627212,31.138157786165756
102.8523385820314,30.915642600526542
104.43957667637363,32.812487735640275
103.90290323423639,31.417573966111583
103.99906501747358,32.416310196742934
104.24541832367437,31.78308208974436
103.11514915461578,30.732696036840366
104.51704751968671,32.78127280294279
103.99602650012318,31.560876099047093
102.49689844585622,30.73796975236318
103.93703201145995,32.39454029053024
103.17442897849851,29.536208986825038
102.75990446807361,30.82811493621418
105.21485885267263,32.94830925009856
102.45305577683733,30.37338817926118
105.28219481418922,32.82729137990018
104.2991716062103,32.19270495138266
104.04855566979755,31.734840008488632
105.29715839032157,32.62707260992089
103.86519332263443,32.482929794865164
104.1696792117127,32.838218068807166
104.08357110368017,33.02847527255525
104.78685921750532,32.55879658957584
103.41328354079312,31.268944491741184
102.67835893044543,30.482207383336043
104.16212624382561,32.254467897818685
104.02454237117666,33.04010476784623
105.18395774896742,32.92312720504897
105.07929606252524,32.55658247827281
104.71316985597139,32.83130159833119
104.7271475530409,32.46536211916793
102.46932516737722,30.119068576019256
102.95003787951177,31.151320070114288
103.86819791294413,31.353982771839835
102.69234280062527,30.266789577192974
104.09245868645128,31.61641574081242
104.23362445026952,32.842602348629235
104.83597615073636,32.481899137313015
103.40801169830844,30.84545584021067
102.69667259410492,30.617522019214515
104.76199330972756,32.48197600562915
104.16108255066763,32.33204006122377
102.93111113135012,30.61420189581322
103.94301821586463,31.49452994368745
104.15176024223504,32.263385920931135
103.1981721504986,31.25574526521357
103.29190844741775,30.701432807227935
103.89630294141061,32.5859865365979
103.04250825908997,30.6335666884156
103.97765139219938,32.10521213640133
103.30915753996602,31.040129291092754
104.27712743366646,32.13605838215208
103.69007173566338,31.23847575027914
103.91794304415563,31.505004488278104
103.93721825520895,32.358681629515694
103.71257454229274,31.892432156915085
103.11320329783355,30.56597235782269
104.80771594271741,32.62532894909336
103.19664448070964,30.986886904926404
104.04497162282493,31.59136600106858
104.0439614678844,31.876733031858194
103.29877624856451,30.69679069867356
103.28941453658926,31.151897537555296
103.7996519231616,31.509237050632485
104.24081363968612,32.74245628364079
105.1457797647869,32.91418648325551
103.10544721903909,31.097216250742925
103.85269664774292,31.48851343608912
103.94207972244233,31.878939013041762
102.6666697028907,30.599272078464796
104.69819033416235,32.79368018206937
105.42561578764888,32.75633891341561
103.98780601955416,32.24904693610004
103.76821159766929,31.96490230479661
104.48619024252447,32.771154132870066
102.9782443233448,29.543966775552878
103.6548990100657,31.31049851732996
104.39062169423828,32.66294497306655
103.88266293574166,32.43901387713115
103.15064587170173,31.13060391834658
103.94717858127372,32.223875264574325
104.41734440927917,32.66611592808901
104.06730403754776,31.53092134050108
103.85356114189511,31.463466257989158
104.51078440628517,32.53693279948552
102.61989659729524,30.46381283870934
102.58899105403658,30.291695099785827
102.7735059888372,30.20922146848206
104.64982716252294,32.46557722977329
105.56788695006439,32.96573555070696
102.40276128500821,30.025222014206335
103.8236268909601,31.587196159135075
102.93792034315014,29.621534273591333
103.59733516500555,31.239949645249506
103.19825994271541,29.51440656240267
102.46291299650291,30.153039244986083
103.85806056236964,31.70717749447479
103.28759915881186,31.147046493767625
104.30591306190219,32.86708133824979
104.13471001947204,31.724315417855266
104.0591376223206,32.32614287327897
104.59280330492133,32.43415722985079
103.82472407104663,31.977035532716492
104.01272882521971,32.72963064038591
104.58911666280314,32.719355201417514
103.9498803624287,31.580780799837587
103.80145088398348,31.908749284124173
104.0871434316107,32.69630189682699
104.21997577388407,32.127353091546
104.44521170267582,32.781610782530635
105.20972845462536,32.63980638260281
103.32328011509469,30.891316084576967
104.55685521514857,32.827690617801146
102.6240304930114,30.38990541642573
102.56831954496364,30.21773237009794
103.80884608629056,32.007366015118066
105.22870542274333,32.70169826238657
104.73832736866713,32.763824548713295
103.29091286710452,30.73601733108435
104.59814814047573,32.88423392446044
105.25403462264133,32.84296985775002
104.09838395727412,32.279728851070374
105.08023080820213,32.56971520855068
102.69353008652516,30.224630580058744
102.68309488109402,30.18777034373511
104.09211184728389,32.28715498832374
102.7202124740425,30.65845700649028
104.37326252324988,32.2627138884218
103.4757511893635,30.861995883122837
103.93694788059365,32.02338979000653
103.94074049667931,32.577595713407945
102.38183667669595,29.802058601494586
102.9593641325251,30.84758657040365
105.2014074512393,32.817995814818225
102.94684750818087,30.570055995294506
103.32610949332368,30.779020508589262
102.84883532935159,30.81361357197534
103.98368603003533,32.52932459703065
103.95186862352915,31.672800702153392
103.98153276707352,32.72935531439439
102.48595198145117,30.642750390638227
105.32120775588929,32.80482074715851
102.42569214011705,30.29819548414652
102.97663687306012,29.684098042997302
102.3327626806466,29.81535756210215
103.91753480264673,31.537035164206248
102.585670333986,30.48117489726199
102.70137248843086,30.289112708499847
102.64993121159775,30.224156422061927
102.38265086217508,28.90164001093124
103.34378747706539,31.235964875171685
103.90360532069435,32.83297144300616
103.20634614501377,31.253472121719884
103.03774612743808,31.06387767303032
104.26739787892416,33.04291623008904
103.57882691549563,31.155705143777034
105.54881779267986,32.98145352416488
105.13540036837148,32.610467845342754
104.32821064966214,32.89922070957075
103.92296023935283,32.72852298652215
104.22550157193045,31.728189286180914
104.62295696599213,32.53053214917043
104.25363826782244,32.27245016736539
104.25362051375897,32.24090568909173
104.59245689893595,32.73315626049032
103.96488860306684,32.47437207232596
104.6400227929161,32.46591736738679
104.06745559046499,32.803106593090355
105.46341320973309,33.01141975214942
104.4354645791427,32.64383224099018
102.66295244276242,30.82015221784641
103.2774445692173,30.721871504620033
102.50363195872913,30.759160443950044
105.27777462768476,32.81776664211104
103.24617339297562,30.871907230924688
103.80092520688345,31.30967035023989
103.92121551503001,31.943237655931295
104.69373114604669,32.79414045076449
102.60793083232842,30.48279560594969
104.22097682223546,32.9266080757084
102.88255649915638,30.631336735651416
105.56355316139523,32.9660489630942
104.37653921900154,32.528550470683946
102.75986147653133,30.79556773751058
103.365044732779,30.890800846473972
103.94506304332752,32.19370203155163
103.43391377275762,30.874613815902173
104.12026003210323,32.52672664955524
105.3608253887374,32.703093396103064
102.61752836305023,29.67653748818036
104.00224994920494,31.971997680709134
104.75065755254363,32.785009736803374
103.00296633325812,30.841247604672198
102.8218134295897,30.470278027968437
103.33647555990994,31.309480550857227
105.36974073405051,32.90161178778997
104.0521073357499,31.595403373323215
103.29350808459085,30.8715505108334
102.69056758232996,30.408484781665102
102.78297725130452,29.485722472387867
105.37101366326725,32.69805756029192
102.33106954050068,29.87338675055488
103.91481280260179,31.383221484622037
102.44187205862855,30.10027922676806
104.24051950578838,32.78552598072234
103.95720926464958,31.636798378655612
102.44684474432674,30.58858203705017
104.74964533872004,32.762724542065975
105.20900892734693,32.70105076213003
103.32074907349401,30.787904877754706
104.655867555436,32.71017816991629
103.971261041799,31.38558307742091
102.99866146429369,30.72980136905674
102.45339275831954,28.95771673514496
102.66136970247894,30.337918422685135
105.43136588882518,33.131870361313624
105.2862304876834,32.83983108181468
102.7557438169755,30.74809200401264
104.98452636662806,32.729838190662484
103.85890694457986,32.1275212273212
102.54336993263232,29.69311383969333
102.69050699226919,29.661376773763713
103.21492759692435,30.95492515026285
104.04444683538188,31.83724464595707
102.8861499255148,30.718936370413083
104.32910767756911,32.87769130185645
102.40021541579483,29.13837344718418
104.02224191150168,31.86877926689502
102.91796390845731,31.125797923100237
105.2480641115719,32.89383322399854
103.53726693447692,31.112612571995108
103.87462017445672,31.455431759120895
103.80902688871352,31.78387540403851
104.07554165810153,33.08771410176145
104.88118362224934,32.59769650480833
102.66283767544878,30.44911938124176
105.21886561430664,32.7856454900721
105.3492802492275,32.995134428819284
103.69886539341358,31.191562749736324
103.99926384024941,33.00663167442184
104.87479176349734,32.67691796924595
104.58393500973646,32.789321367554706
104.09717135673712,32.641138792477435
104.84146370258603,32.63929061215436
102.49214072923816,30.779262158419996
104.1829716809261,32.162818242907356
105.3221027632467,32.67619961054431
102.34142220021567,30.17573659200147
103.86024637928077,32.07231187811216
102.65229952552674,30.24585987552945
103.97878793312796,32.820942292678566
102.97785093804369,29.47771839137372
103.70635485394186,31.351352067336876
103.81606227704256,31.864485679306537
102.75464366422706,30.659785173944666
103.92035307887781,31.91226517534252
103.332960659294,30.866493497146045
102.45066464582598,30.409717057292816
103.89789579111157,31.851922361252946
103.90082692435217,32.706527195428194
103.77898999771419,31.527277165189233
104.31898987899426,32.9758145750168
104.0466784397933,33.17027125895004
105.10700399988359,32.627022924890895
104.00041689894509,32.89523624038282
103.9869403188629,32.82670716810246
104.05404901678877,32.48496956677521
104.10127349336287,33.079559899579905
102.56737458800221,30.66632679265227
103.68520630738071,31.27952235401562
104.2077890530295,32.5857377725013
102.58830392674865,30.669174662522853
102.42029177561831,28.88360211896212
103.81304268689216,32.538159639727766
103.95352380099392,32.87183164782079
102.87797839309765,30.351037492826418
102.42551305842414,30.305350033868727
104.23664611704514,32.23715042416708
105.34086367492772,32.85681103366838
104.0669532365451,32.3139090622969
103.91379837112592,31.984308387796414
104.04643640231848,32.60538461214443
103.8896873173925,31.82366339979069
103.91785081784445,32.707013353250375
105.42655414484868,32.9905958814726
105.48999084643582,32.96686824869647
102.39930349994457,30.1539410955377
102.4492359174265,30.600392329288596
103.12909007911531,30.59893543931287
103.13761012378691,31.132339254565174
104.0311496705606,32.7785873951039
102.55964549209918,30.617176063160144
103.34656632040232,31.178830577030908
104.19079318166044,32.82603330934735
103.45638602518251,30.829794881203167
103.92994679090211,32.25654551126355
104.0106953278359,32.73454334661659
103.84556899087595,32.404334757938116
103.75136794343655,31.287649641627684
102.90629923032468,30.62013513866687
105.50756901840967,32.953102622421696
103.14849727762811,30.800013881696692
105.1809823996011,32.93144847881394
103.90969254933147,31.53185018304405
105.39499220703803,32.721759354892036
102.34729619724548,30.089470867787988
103.9927479232869,33.08433231826426
103.15064948878124,30.507589697864066
102.64167227094246,29.9547669433081
102.87611021073349,30.8991856386713
103.9724557981452,32.329159223545844
102.95889110891333,31.185061466865022
102.4008366780924,30.115276958914496
103.82910646789871,31.300909335574833
105.33796560973389,32.65278107709235
102.82411173478152,29.563783120798377
102.61181359204703,30.476783967859046
104.2935412744511,32.539798143942924
102.51047416272763,29.97200300661508
103.93580578974517,32.40351101295506
104.10562074234606,32.66717875435083
104.31668388589502,32.14146335345297
102.98808427165173,29.58010893670315
102.64937885657939,30.224491798996517
103.96461783955796,32.80110936248268
103.92647747437705,31.725070643993018
103.07132831781938,29.501099673745102
104.09004375684688,32.224720031151655
104.02302994555966,32.51521618318577
104.1187392722359,31.63856269581083
104.03144874572035,32.03751105663473
103.87058642519523,31.500371451612693
104.07818540526992,32.36192993523276
105.29970737593729,32.936710333048744
102.77441393773691,30.47474264204236
104.2802371144661,32.56101111612148
102.60686972873332,30.254951133931144
103.8334965682915,32.61630931164549
104.4644797801894,32.75660733645993
103.88664852320744,32.40392011621702
104.62126245892168,32.84318250223673
102.51144273350674,29.697325262136623
105.06955581259513,32.6366919368958
104.0041406857331,32.83110643431087
103.00594807507301,31.01933770781726
102.73236138255783,30.341356440545642
102.92118138709182,30.421672926029405
103.84332492662186,31.488142637749277
103.17116391141727,30.503626691100997
103.9830961298788,32.75914156224278
103.1764457126556,31.002259342183407
104.42763892724831,32.81837232568748
103.5590516701437,31.258968877174606
103.19607067414138,30.774431544931467
102.5384380887082,29.987890283433146
104.00384983380832,31.734372780164588
104.88182391741852,32.57755656098306
102.33502686834852,28.9785482181556
104.76903758321471,32.759254400695035
103.97732256714062,32.89178598601892
102.68580509505712,30.75426497882632
102.43171953196658,29.03214335799334
104.67778921108372,32.714856375284874
104.7837371993047,32.54718331503812
104.13688017781794,32.58777698661989
104.30552984215984,32.81018225370113
104.41948470539658,32.719589957919524
102.84490784444344,30.68534580688418
103.69346434916034,31.91498554074964
102.9994108624463,30.84928306584389
103.84266217137237,32.31363288401827
104.42744801932368,32.806632271921714
104.15437148755484,32.339284674569946
103.8738518427038,32.351129062899105
102.74539140329979,29.561387455842805
104.93120009422616,32.57805718952979
102.46529847890068,30.488040877023305
105.41333593146705,33.10057777534506
102.91109547112454,29.60534270487257
104.41266755650902,32.86092440313671
103.87622502171004,31.895701321092282
102.97181240862601,30.63597240448835
103.25152481335273,30.985065998498598
102.58260387979328,30.540596412076876
105.28408341417261,32.828536837850656
104.32504323727518,32.922053839461604
103.88368275749589,32.041685832791124
105.5978437963453,32.999359168153404
105.36898766905246,32.682332725143304
102.67087029394737,30.770683159104127
105.30217402891613,32.81452963062513
104.2204901040883,32.250345700806086
103.88541370119734,32.63934953016917
102.39232841006657,29.928752705738408
105.2331572838378,32.77193899135262
102.25118161123504,29.0727191806955
103.17107153886738,30.68275883986987
104.1398608865935,32.17234201995925
102.97569050409541,30.729477394251525
103.85186292424261,32.68592511998485
103.13157818671829,30.60564896698836
104.31123322138575,32.06301638731492
102.31188525705105,28.969358316243834
104.07030746919175,31.740181833837273
104.24377252232344,32.204197887957164
104.14339146804595,31.76931347492471
103.93560808481062,31.952553171664555
103.76532620561841,31.258653053283975
103.98122632614475,32.578702684184094
102.58425844079606,30.84387823978083
104.80842909806378,32.695025305274605
103.16412807684334,31.31071508166429
102.73590857343483,30.914027149047012
104.92560942132819,32.676083296348054
104.78751433544636,32.75643068522849
102.95274276891233,31.244745339494475
105.33997564428763,32.831842844798906
102.50917302107973,30.54541491324524
104.64313701200145,32.45571945451884
104.57086594887798,32.892563170847325
103.9835068006132,31.839595862604405
103.9499696851187,32.8059493079636
104.2502497257021,32.11598814384295
104.34483585552047,32.545504764580976
103.62036438511448,31.285934021626076
103.97443137882422,32.636443941071434
105.40783918436856,33.078336025767655
105.58240836121773,32.94112775737886
102.4158160162388,30.168672854173643
103.29546410344881,30.745955227627487
105.23469070691185,32.94672859105127
104.33416194920537,32.69518125525141
102.59382100377996,30.630663217480922
103.30798558063242,31.405135753896968
103.52663191778446,31.187978535873658
103.2038639860831,30.92393207436856
102.39468533674822,30.176922001648787
104.23583721453008,32.28518911236641
105.12971157032104,32.61964275042101
103.159548727132,31.101653520073018
102.68900445771484,30.640717226862787
104.63680083706777,32.52312076819482
103.92086596344821,32.01598420409556
103.94085672705697,31.437031612645747
104.32616328183433,32.2932013989505
103.69038313658355,31.92342321126565
105.19577228424264,32.59025190349675
104.05118220463304,31.680290492120115
102.49819861025266,30.2533236850863
104.37011141709196,32.752256799950274
102.64593413008956,29.69327133027688
103.08766368890288,30.566167423089244
103.94000719133383,32.74413306024964
102.9519226883525,30.610369324329525
104.6308032834597,32.56469359606848
104.35322539090859,32.767400213631596
102.7432859879677,29.627666601744462
103.89197794194877,31.812000763877514
103.77711680454539,31.99692603979667
104.48666035322124,32.79812450196612
104.10600217440076,32.65938912350247
104.14392834403273,32.32940567153263
104.17021432032331,32.531465648225335
102.5043013304846,30.07105222193396
102.63022869682273,29.682788295399085
105.56018309294076,33.01925729237045
103.28040844041904,31.378739544829124
105.3938220195458,32.84883742135558
104.71557573696046,32.50282864991608
104.03338625693267,32.427007309565205
102.69078909607397,30.34245662227763
105.35066452465259,32.82565661481332
104.98659217578232,32.74309413243502
102.55291299943256,29.726721498385903
102.64357302951719,30.272204222399242
104.25236002167438,32.90081615037585
102.41247032281495,29.74510613328204
104.22767442154765,32.777821876175025
103.82913511464463,32.590508340899575
102.55846194670048,29.889591283467738
104.17861086355369,33.07080530346334
105.44980730776801,32.83898170160578
103.06353659120843,30.60366366541425
104.0321959284674,31.89268403385567
103.94173055557914,31.475106790185976
102.90138005341993,30.369173384065107
102.89368322487402,30.86219398768179
102.67249420756607,30.82658076444197
103.77874927429627,31.41584644602419
103.9717369147121,32.47211584341515
102.98569134785187,30.497126470435553
104.34246513358342,32.58680588732408
103.89869718349725,32.26214320792229
103.17860485260847,30.930937892252825
104.07925211114869,33.09801984201541
105.41216280846048,33.05454460805594
103.3182342658435,31.32251196018161
102.68400219513349,29.655843935652857
103.76875246798636,31.283690213633914
102.7530315769604,30.724348551362247
103.31605919111671,30.787572943385662
103.54000817521089,31.10156103618033
103.94634067465338,32.14188485411669
102.64911789933329,30.694129592933372
102.59109598946453,30.327573451309473
102.48044957049586,30.126002524361493
104.1054789171849,32.26866109742593
104.61187714148676,32.80907606504913
104.28962875304549,32.53390396638067
102.43215033875454,30.370251174279876
102.85585280167831,30.404720139936995
102.90168480142893,30.635098096736222
103.59461023110299,31.181824411651345
102.6844064677383,30.687685755427772
102.73825142630677,30.20862193914712
102.65502448238728,30.33190073525362
102.8759774632621,30.857716058734034
103.10375914898495,30.820454750841122
103.97777764792343,32.90007509302193
104.06149460903296,33.16565120273439
104.24939637046876,32.830213758317655
102.74260786282038,30.595705264926927
104.3952434152135,32.920031009337436
104.25731589660863,32.589312375232446
103.8261635655032,31.517560312045028
104.10661597874774,32.664861117382934
105.17113677522129,32.91138492168001
104.02053973976153,32.173343323697814
104.19523180176556,33.046060681937085
103.05712582773275,30.454161808986218
103.34288259684277,31.283666662554197
102.70999752812207,30.643820498844427
104.31297338233556,31.764416542780825
103.00425146603565,30.790432976831454
104.42050013625015,32.94394885059444
105.60564638440731,32.980816992876335
102.65754221803962,30.76681724039191
103.80744900281843,31.424834196986584
102.52804264939293,30.150624637402817
102.73600873516148,30.613680405920626
103.371183415677,31.160964211975074
103.07472853108379,30.428346545438323
105.17704137496257,32.945503402508905
104.50830500063677,32.621104287946025
105.1083650678591,32.957900849812326
103.79048566188922,32.5800232912269
102.84958065546257,30.702562927018377
104.22409097344385,32.661873710950076
102.40992452636131,30.032789478629155
104.33729845909328,32.77417064581635
104.12055552075493,32.492220907947406
103.92934817061152,32.10456646064313
103.98527779749008,32.68432816112842
103.99109642926453,32.996088678823625
104.03278539374388,31.58670104056754
103.35692190317526,30.715759021769713
103.2349760379166,31.023173795529175
102.82412968954722,30.886019120953986
105.09635880496197,32.656920141327646
104.1738046769332,32.99021992548926
103.92276843979847,31.89286691758396
103.96109707151624,31.498642128757258
103.1413813425523,30.71557504988845
103.86878970121,31.84700659001373
104.8940435718831,32.56371279946598
104.38158508685808,32.32398632691967
104.56334390341559,32.562755392861874
102.87820863862832,29.542447447476746
103.15684818077717,30.65514872943802
104.66963197490179,32.64810028549221
103.1156813273388,30.77001694743917
104.51538116010303,32.61851779136187
104.35225875663944,32.24953314442267
104.17543755705277,32.74471602651218
103.87861785068394,31.617987027965867
104.67065691179522,32.45396680483238
102.49086128492775,30.161439281741146
102.63023696375102,30.3210496031565
102.63662614924124,30.601121278149208
104.33354710026067,32.686066512955705
103.25661185564722,31.047342622102885
103.1080160034562,30.523446537662828
104.70778254263693,32.65072052216583
104.03817943913506,33.08560241337208
105.13569969019262,32.86468991998519
102.44275205956855,29.732021651706212
103.1924230756789,30.676995189612846
102.53907356108444,30.07120806340137
104.3785807862926,32.95795239175472
102.92717342856487,30.81760258451313
104.59751932016859,32.505778566507324
104.04719047778336,31.450400577246103
104.14397456166463,32.147345375408726
104.14072402279638,32.73293595641567
103.9171613005967,32.79163884063875
104.33250833790048,32.58197205245133
104.00101325702474,32.70727569047233
104.13526988489348,31.76262622727131
104.27381572851323,32.60134414492816
104.05724094552104,32.90715047026398
104.68683424300683,32.445268535519226
104.3523323986018,32.70024840436916
103.81345841595852,32.007475298039786
103.5266885877824,31.145638811149304
103.42284677491567,31.34289427029041
102.97101839006129,29.692219804693746
103.30006887154174,30.986812866032448
105.47798162271842,32.97496474834935
103.84462887550015,32.229908208053935
102.60465485857928,30.70547347548818
102.7643435016435,30.64126821854694
102.50988702592291,29.908297770081855
103.26280413938377,30.774016551609577
103.0758538081316,31.07002507671631
103.15579565168886,30.630806123000095
102.30845387143158,29.885124168119173
104.3265775506602,32.648222093014894
103.77584774203908,32.01004877253617
104.6409429492637,32.86287030474782
102.62101810597454,29.98400363818167
102.42129574312474,29.82555740901756
104.2971805781277,32.92962176425599
104.54708622141113,32.73005834683965
104.42773965750358,32.582170430678254
104.20023061449174,32.2944338131626
104.96960949626164,32.640308693762215
104.61095640965254,32.573207813853166
105.4972161975851,32.752216261917404
103.96953055634546,31.663247665778847
104.15461556377316,32.78476273819136
105.32552511485365,32.96887752319697
103.59238839799798,31.272603765687446
104.82984666022757,32.50446466562282
102.89944229003024,30.58203139579383
105.31414960726364,32.74435409448055
103.32869327519727,31.042666179381484
103.16560396522833,30.78929555197027
104.42226842942493,32.788188371214844
102.57566742971522,30.226963477976383
102.49483387195544,30.62792914334603
103.2157945392453,30.917948351834667
103.79446320177878,32.03914040212913
104.07128766059446,33.134316511168045
103.92564333202755,32.79022497453855
104.51894323918621,32.66844962795494
102.78323001930804,30.927367601334453
103.32229542602335,30.699851856580345
104.28563046935524,32.144515162064636
103.54487691619109,31.195481408715516
102.7358207563677,29.557025893828296
103.90792223442203,31.604087282448592
103.33392084756917,31.26602703233731
104.33176977943289,32.56802470756021
102.45528540370098,30.372910688446087
102.76825105750207,30.56179952876112
104.01575329033467,31.886984361747118
104.2463022842346,32.71468475423918
104.57599984691693,32.693141514261725
103.11534990930674,31.007881480697815
103.82231377078456,31.800078544933676
103.97255946736561,32.19392106265365
103.04788778397473,30.969310458809137
104.0698467663304,32.19319226599298
103.03125950064873,29.51572171725737
104.20015038670218,33.020982609655775
102.98569253773131,30.969201570136875
104.0292964021765,31.507927057789097
102.6127309779223,30.67691289305785
104.03243679370333,32.09266226819454
104.08861927874185,33.17608673412254
102.94915289689403,30.489997043632886
104.74054232038827,32.72739334908988
104.74442811158698,32.79117545992218
103.37538924349516,31.09662937754446
105.09254323948831,32.704831528762156
103.98405891608894,32.934689198138415
102.4942171506817,30.39585267911275
102.38942201201847,29.737473696118276
103.96576722373409,32.82608889891056
103.08343685400374,30.831694089353746
104.31393069976474,32.6722994620325
103.04534646767644,31.125804829418982
104.33118474068874,32.72050149165975
102.52823716960086,30.767257835442507
104.01141413726914,33.02311828900385
103.85666387592215,31.80360354150315
102.61353507638734,30.80754938808408
104.82690515024144,32.65741083912803
103.30311317521091,31.198443340764086
102.94586663752436,29.57869973403869
104.42151336735569,32.314407625861435
103.0140752064677,31.08939091215678
103.91834385617358,31.914996253631273
102.5678530807797,30.642342305829708
102.96098423199228,30.400490198693646
104.85898628371666,32.63411663402057
103.12696649333623,31.200332051203336
103.33736698653277,31.37462746395926
104.52825247024704,32.53581006987201
102.77597174622099,30.82476166989554
103.9952311596304,32.41265355339783
104.27042488144053,32.58392786877395
102.4551547767339,30.272330267284147
102.80585429931237,30.704157753437435
104.81085580564803,32.51568204719912
103.36120344214031,31.089081300853174
104.06695748752497,32.72394045521789
102.4842084942575,30.328598804270776
103.20780986222488,30.619774408090116
104.42429710266401,32.8740240148216
103.9103935593289,32.05068617261432
102.53551585032844,29.91781871314233
103.77350506928296,31.911082146301865
105.35974844598358,32.80468835965852
102.84925568397846,30.69421639729606
104.35798639374104,32.657355701240114
103.9261628849189,31.906210298877966
104.6013366074665,32.4284062485724
105.46486009150506,33.00329681890123
103.91988065153552,31.482542207923416
102.44998667420118,28.963257929921475
104.32917810946599,32.93884532551256
105.37996640522586,32.97955288048911
103.75886436262888,31.95043500667421
104.07214713016273,32.3774611668398
103.8087435421248,32.09120714733238
103.9193980799308,32.25134041541679
103.67853008112375,31.213753173208744
105.21660866710572,32.68370025940025
104.14693275080718,31.715633677289755
104.0689304976839,32.64855593350621
102.7273441446387,30.198167948310317
103.15650026295782,31.08058252848252
102.74269703457972,30.742975609199473
102.98250076735853,29.61430430225817
102.91022690147055,30.407985119918443
103.0381687788782,30.730627682530514
103.33457273327973,31.40426519237086
105.18897781771079,32.70887741175534
105.06623879760858,32.622959151614985
104.16604985324713,31.669606241953815
104.12223942480172,32.27736359353095
103.8328626160625,32.60105077409298
102.97599777433818,29.529459381251755
103.92909376521501,31.89767690329737
102.63511285222668,30.622288847947747
102.8729645119396,30.387035208889458
104.67217419017136,32.610765241784335
103.8523284957775,32.632862691277886
103.87685295683647,31.499627621156424
104.8786758728104,32.797500305852445
102.82615134171245,30.66968826039868
103.79502118530118,31.961833927850616
103.89145600438432,31.773133485848675
102.95006787560975,30.5343644335357
103.15767670579213,31.06329576278518
102.37492132169977,29.901223674459352
102.3884712301273,30.050426135132096
103.94594423108308,31.686526962110445
105.45206995280725,33.11143000019856
105.17748317183839,32.8163503609538
102.99068927032546,30.937090584925436
104.07340508217982,32.6991065297722
103.70366438877532,31.89944001299015
102.4250258046183,28.949871524110467
102.45852231720819,29.882757077056272
104.24882772930843,32.246875151488794
103.28192283285648,30.621522585571846
104.11079516104405,32.44615065066014
105.5298029979718,32.94243744381733
105.3286321591181,32.81930149492784
103.92299137852203,32.41109880404947
105.37439758962589,32.97562033886066
102.98797962811545,29.47919080991036
103.87123649265294,32.3243214801744
103.07009521747744,31.17654571856602
103.15585597008058,31.21486861016567
104.01941641698177,32.95750651064814
102.67871335406221,30.615280815422988
102.43931451321968,30.54242956313126
103.91806711657478,32.85575094729252
103.29808610798095,31.151725073606173
104.42786223416032,32.64750185141937
102.56021620375545,30.242442794172764
104.20450276238788,32.33959881457952
104.0233871238344,31.51662017967322
103.97933058709305,32.69111325997798
105.60233249031423,32.89323461731234
104.0542128073917,32.425102128551565
102.51323143272366,30.645633261243262
103.50307000989233,30.86979778657691
103.38544385137033,31.28797349190825
103.70380232827473,31.863389128060476
104.32904210343852,32.5461339532784
103.9881205709539,31.565294727511198
102.95638361842308,30.816611713039578
104.67381788105341,32.50471908772645
103.75699855090144,32.11281096051953
102.30326878651043,30.08543040061013
102.43472664788804,30.104723479315755
104.01726406585851,32.0515997796257
102.34363275913093,29.90239345740704
105.08171959500659,32.610571891077456
102.58665350575833,29.9744094748292
103.84835090123546,32.078576658970015
103.71390442589089,31.942930024591384
102.38079137462431,29.112247325419688
102.35908576255669,30.04049762556581
104.56046310605205,32.45281041460159
102.7624779174733,30.658560307736177
102.89846387677319,29.503257484407307
103.95482113430799,32.898682469519535
104.02081810278017,31.555694632933136
103.31715204611947,31.234892534987118
102.45643774109853,29.755193653454942
104.24917090714324,32.7717520237635
104.58796330302337,32.43986626234624
103.8282198210014,32.203235377572184
102.5021006822905,29.912815874573322
103.31970421067066,30.685742932867726
102.4198425037963,30.097973262763787
104.39205641252504,32.7035184487931
103.76517013368546,32.10761218407193
102.71052739781095,29.689036178446813
102.5495608443121,30.2018211947443
104.10562067202719,33.16010096570973
104.1645231187998,31.769695440167137
103.99694791505094,32.59056939745147
103.36194560988427,31.130132044960654
102.23431111659127,28.974074275181536
104.02301292893588,32.285172444540734
104.15377915206192,32.45250323425325
103.26438328290293,31.36054827665219
102.905504926406,30.532255408160374
103.76629205479162,32.110245556413226
103.0139486501664,30.921676068848605
102.42046648978192,30.273484823954032
102.41330495875376,29.760856098141357
103.25258435673906,30.81368066154713
103.00533017316654,29.452187846657605
103.92074545147324,32.352277170278484
104.3300451120821,33.016265163741515
102.89112780108357,30.63082501631642
104.19307210688991,32.567911180132626
103.538033913577,31.103175021314794
102.59246228989046,30.204713611039836
102.92388725047721,31.116068877784777
102.66924668308121,30.72594279701187
102.90971306828109,31.20849607099843
104.60819330766104,32.53449391016349
103.06333140110445,30.520989702294937
102.68406922389312,30.32383163038373
104.56601879708144,32.47474021712924
105.09345204028058,32.69060957413654
103.94499193032716,31.881369187942415
105.59327415675989,32.91908670888798
104.11820961964818,33.181586254396876
103.70746397176934,31.308052487455655
103.12924242695273,30.840122329842817
103.31838720179366,31.4084530842295
104.17860143095656,33.06154613159476
103.89322030023985,32.03101783348237
103.95246856543386,32.035276338316805
102.81126506886471,30.888944092148247
102.88535792417485,29.590783438931282
103.01190802955125,31.026361349556606
103.19523307781232,31.101897225144942
102.79610647360231,29.497716277150726
104.08526198763138,33.13306296691535
102.31975780675059,29.864870411310328
102.50622418172142,30.355990879112685
104.07249253252556,32.36612454976633
104.35812148325778,32.63754795850753
103.92130045250038,32.29868719415029
102.61709237536556,30.497955176575076
102.60948316781537,30.729024766734423
104.34410802793177,32.74842661491262
103.0303609063957,31.00605883613623
104.80781155671778,32.54795385475053
104.12307160150532,32.730513018457955
104.25067725379088,32.861849071398915
104.14668700758175,32.74278855368329
103.28157094697391,30.816617012721405
104.14802556494912,32.88091118085491
102.53263177731513,29.813503932974058
104.08912851040661,32.225903041973574
103.94693123202106,31.87481763207937
103.97755321198943,31.665587018446537
104.08634713507362,32.335178130929485
102.71062010832355,30.681204797473278
102.55740465808516,30.114413508603132
103.85338519453389,31.343769629840228
104.62117663440154,32.8450405381997
103.39565348036619,31.29846566292256
104.28192178361127,32.80296398896763
104.22899825375391,33.04648617365225
104.01674987703554,31.846729908447863
103.89106505379328,31.7322949399461
102.90478057286697,29.46708985300376
103.60941860496771,31.171346714765335
104.56249865874446,32.67108064308482
104.14093228071086,32.52728156167756
102.5889846843311,30.79035381756354
103.32683683672826,30.87763949471366
105.13393910232156,32.940815174953755
102.74145815933309,29.535307992617657
104.2963112487894,32.160185084744995
104.00077819685393,31.656456358749132
103.63903344281124,31.150396896753005
105.48411171550055,32.78085417386237
103.42584240299831,30.876288087138352
104.11466513298555,32.34829590278003
102.91486891669881,30.59034440882262
102.6497049475578,30.15948541701786
104.05365493182914,32.117963465472435
104.22781683002466,33.024923016304335
105.49050110516283,33.05926881854053
102.3310096171207,28.980410536723248
103.89905515959151,32.287203290638594
103.95022905151085,31.680319885202785
102.43918891682105,29.068227786970713
104.20205981565994,32.96675023038464
104.45833937385493,32.079297688540976
105.44180742984327,32.96113666630222
104.05606658986022,32.919714699518615
103.13495138996217,30.826443080119788
104.47928386560797,32.81089115346331
102.99672738478672,31.211097306868698
104.05530777531037,32.66370794031913
105.40349325687937,32.94409930663233
103.90384204137008,32.421519840826484
102.36318804069354,29.113012333252204
104.91431113946454,32.59969778798851
102.86894459987224,30.6771660763015
103.85642309073069,32.10458621782087
103.83512996897765,32.552480804048706
102.91475661810922,30.88716105979301
103.30614867387675,30.652279003224557
102.92694921934824,31.226513941758462
105.16753886857451,32.60252848559084
104.41806017219102,32.118920579125295
103.11921178676286,31.24488151926544
104.0108804174408,33.06713562595953
103.16435185416721,29.52352682956936
102.38472296560982,29.97542233322532
103.99740658660026,33.07190857947199
102.6087966133323,29.949290945195198
104.8079741959864,32.81745767599681
103.95944695438892,31.986213739683947
103.95696649755604,31.731252860373786
104.34356660719108,32.51927550333388
102.82139124380016,30.51852254086471
103.09507417806329,30.58812992599518
102.4373859001581,30.29498147253209
102.5894170118682,29.83609730166709
104.11289353804659,33.11489685519339
102.67254023990672,30.144396347077922
104.26977087210042,32.7847756733684
104.19633133144993,31.68145190217967
105.35768228742948,32.711401902135606
102.83193224906519,30.592163513867586
102.95674572021967,30.542837109266095
104.20897659794724,32.84151604451863
104.1873312639932,33.09646135516705
104.19829483323925,32.34868791197691
105.40352612260013,32.85674263114775
102.86089857046899,30.565539950105425
105.34487930150046,32.793474685574544
103.31077149595517,30.678044279677408
102.96979101014206,30.878879549469286
104.17867063199967,33.04576971924461
105.28573801697632,32.95663361744938
104.3826226008903,32.72206513856811
103.99786072658263,31.982471027101816
104.4735435211989,32.54944705166719
103.59211490426578,31.33503302566917
102.66115766073297,30.797299301390016
103.01634714972005,30.528246426218764
103.26525908067023,30.78552863644079
103.89748786553317,32.46087104220556
103.05735668180029,30.78529241214261
103.77973755556847,31.27818271421459
104.12772407752448,32.87785465628081
104.02738613029413,31.848871983863198
103.82014608038413,31.984936086143666
104.50668527008987,32.76381288401016
104.38510711109127,32.871744937685555
105.35602679079027,32.736239423398196
102.34548973869418,30.094441407390203
103.39393083468617,31.117270008447587
103.82931124988671,32.302547874885434
103.82692913947959,31.295366850953673
103.71367389053856,31.230297906952018
102.44444208556529,30.19534300311606
103.14060745136277,30.794927495409958
104.07237418233703,32.9791679197711
103.11725068480574,31.03687923264875
102.87427484449346,30.80672573696656
104.06090200237337,32.15481367357186
102.72955771968293,30.678465332430076
103.22550525075499,30.737793511165542
104.24209340174644,32.09352944896656
104.04185705942292,32.26594150225194
104.09966168486218,32.77025123032877
102.46309966135595,30.136022225644922
102.96916643852477,30.729365714905306
104.55330894069706,32.829989454524146
102.66385416790195,29.62018817478355
103.2627279102311,31.36169395232144
105.58946543337353,32.86110336504704
104.01811064910603,32.25186217378095
103.03898625501093,30.566768345577533
104.35949738372068,32.972750002282325
103.80656824565602,31.334713427523127
103.94821576015681,32.83384000728197
102.96763743279556,30.995729724852676
104.73787124872429,32.74176944276914
102.80169095516786,30.905494317146417
104.67432844353142,32.796665181027265
105.00613955757214,32.58286074229913
103.12538611270764,30.63424109766751
103.11842581471895,30.612977647269275
105.18035915749861,32.631192244364925
104.55297461566306,32.67451607927498
104.21681715578053,32.80183047748006
104.30741911818664,32.23947144004925
104.01460362501578,32.20926122041898
103.49018561192088,30.84508174760935
103.34803316191943,30.97172259215742
102.99091869550938,30.40193824676283
105.00497301798644,32.695531859269856
103.95920719112559,32.91801533687424
102.63770436330184,30.758532911469455
104.38115170124294,32.8334196527348
104.89945314843071,32.78694417800928
102.8374376425137,30.37059800867464
102.98606474263099,31.25044051301761
104.06835445136406,33.0951526681376
104.1849263905356,32.90094887090862
105.40991034614082,33.13795906798754
103.94981033062368,32.04234222886177
104.37614798284956,32.2795361144249
104.96920977771074,32.56269424817901
103.09051574309849,30.66566971227708
102.74814540807759,30.610785809552898
104.10466578296166,33.005397791070436
104.07114822363226,32.616531570921985
103.2863610049172,30.763315768563288
104.41169392271753,32.10215438167919
102.9549850489132,30.903441918301354
102.6539241580365,30.300248572997994
104.6003863191509,32.702056532325344
103.97653779629776,32.564590829182734
104.01212619353075,32.671766415776034
102.3543368114724,29.010040104888432
103.92095193842574,32.73460998948075
102.31730522090602,29.84454698892096
105.47062166333859,32.816174938773045
104.27749981096804,31.79457469847262
103.91700311704807,32.43739918766764
104.36196693104081,32.99028864971309
103.06580708511207,30.634508083709374
103.79744029046155,31.38031589688761
103.38384461196168,31.20618797408636
104.13894859280359,32.29359041469342
103.03432853201744,31.136067652517482
103.2002858078022,30.861354701859224
104.0277095793324,32.361042012674936
104.2292642419807,32.627974539259064
102.47956312117707,29.893702611070452
105.23962357978048,32.83261487793979
104.0875510298277,31.672496432302754
102.59309917564177,30.34813252545945
102.58860534366445,30.709479555112498
103.11005089931794,30.565323524595446
103.06064241489885,30.52287686411769
105.37896304593309,32.98561771476977
104.07526276706186,33.0284159983167
104.0134844771237,31.487778276983825
103.2865006413331,31.373386204297518
102.53440766904798,29.67419850374843
103.97912927564505,31.845472684507712
103.89937341148487,32.32096390708545
103.86012619759134,32.69488149449038
103.16277884649762,31.212735049531513
103.85797820596493,32.43139207534224
103.47514058029981,30.94846365000799
104.16773044796635,32.92794070658229
102.67612016616404,30.565608546127834
102.9294300317893,30.801749883804916
105.13212511199866,32.60524811202174
104.33987719638253,32.09570060459918
103.27771541284216,30.786887701064447
103.90121907691524,32.613802244751795
104.74840291916173,32.68959525686065
104.2790026638075,32.58049439867238
103.67405192885936,31.285222896849724
102.59210312114226,29.922156815473677
105.5031932765555,32.83273956067603
102.37763578712472,29.933546549958297
102.56011925757157,30.167427479938254
102.36150161742118,29.953439915938148
104.65653533457039,32.816092946297935
102.86208692532527,30.85820916047648
104.04658869159388,33.008494398918714
103.18070867670055,30.977455237546202
104.2842841798163,32.07595232901854
104.67891258473179,32.84708952410323
104.19142174481046,31.667292682147103
102.98173494301287,30.970138459731825
103.81361573603476,32.60777799675429
102.94449360634732,30.42658594178181
103.97132085096771,31.685263153466636
103.77606244317528,31.323932521491464
103.63106592676418,31.139843255672083
103.76057683931027,31.455157557317204
104.21633565748193,32.733700057945185
104.2963125242561,32.04438755819245
102.72229478033456,29.601774663416293
102.56622384339224,30.441075296444804
103.02869051688036,31.163813924177443
102.64538005418297,30.831174557422095
105.2133087835213,32.635190829947135
104.08296872160122,32.82335953431122
103.9494342234496,32.19464603822181
102.45553054291595,29.97511165737523
103.9013939454365,31.394816348737365
103.0159659820445,31.103892547491036
103.85046143077705,32.087752000825816
104.136176819273,32.26323480901399
104.19550790180836,32.30733350363862
104.398916823091,32.65826918952779
104.90318520197631,32.54572321147272
102.5465225430749,30.772250866883386
103.83951154507606,32.41051407375861
102.60960833087849,30.105723373257494
103.3049052836689,30.649886925021214
102.43202134817216,29.892460217889326
104.89119994499008,32.73822140731325
105.5184686970259,32.89922821618598
103.77587632918612,31.40383066444256
104.0360960313454,33.11260303660568
104.91245978051,32.53258278271335
102.92922842082699,30.856727012944862
103.98351053820465,31.85897371612421
104.44552299797313,32.76537676790971
103.99774610467315,31.857451240838646
103.84318422125416,31.461209358317795
102.97880090091951,30.508305485990995
104.24698308452575,31.78069526605126
104.42929061022916,32.6161323181032
102.69592211813595,30.746217975461384
104.70831101245986,32.45738587076128
102.70448611805251,30.863278935361496
104.19051870815136,32.155428432571846
104.76230539937671,32.572159375056614
104.42466935090393,32.81309949181583
104.31093502646407,32.62594890259902
103.9399927727765,32.51328769741108
104.02750821438144,31.93470139330721
102.62150340588443,30.176955291625323
104.50551466753272,32.61030417290807
103.95349346965456,31.92476720894873
102.70756549031418,30.850311567441466
104.16231821138206,33.04536546276568
104.67774180857703,32.44740687193238
104.23858497419725,32.65349391742262
103.97365838233799,32.47118024919502
104.19908089915731,32.35910227152045
104.19728411518544,32.92545489472336
104.00714318520278,32.29373721927384
104.36779852678033,32.84625628345953
103.27985722303198,31.026484213832727
102.9133353401838,29.48028423510918
103.2387258979256,30.960999176004663
103.1605825204511,30.646701140314995
102.80028239236987,30.81326671993997
102.38155557638777,30.0497201487769
103.23866327959021,31.26051044089333
102.7097247997322,30.248427026499666
105.38555648406346,32.915336171128104
103.19024666793547,30.761522914972677
103.3065529188754,31.31158216755288
104.0392493523184,32.26201083633619
102.94876176542179,30.633625390110215
104.2536213934379,33.007279815171444
104.06399261179516,32.81771384167028
105.02035524037609,32.74976676526732
103.95093933603447,32.01949981800707
103.20862195182391,30.718288360580328
104.55633092594422,32.683188418632646
102.89078669669783,29.5115008397744
104.04141287171285,31.60942940578616
102.8468795584381,30.54707504539862
102.48465147835103,30.698993514177133
105.05449045492526,32.60735985071094
104.11622933431502,32.92118322286882
105.44566917341004,32.926394200799095
102.52463739419308,30.264243343145584
104.20243404964218,32.11475170370605
104.55874786760693,32.601164160730825
104.14737110095791,32.322098701493445
105.26403587021372,32.620860071439616
102.84328962672997,30.3913907758046
103.28828269076222,30.964355930927006
102.66307636109885,30.105821901277043
103.97189038711728,31.88355032125493
104.15700026398947,32.33176232690259
102.42423489048717,30.461985006735013
102.48436759898206,29.716305579041176
104.36606147957724,32.72550141727157
103.9777432285676,31.544860525754025
104.27774149117418,33.00300387640699
102.72392801682687,30.791755246462355
104.34017871449996,32.56123807053898
102.98747045742041,30.943090908143425
103.94803946041459,32.79698955476428
102.77334925000387,30.559185713208166
104.79558641341006,32.8042834312687
104.45983776782302,32.919024249660666
103.90133708797823,32.624697809653725
104.79749279517141,32.52675858797509
102.54701827651641,29.715394090634973
103.2624484624285,31.335725884420995
103.9156456532767,32.608155121914926
103.91176933613254,31.41954939795943
104.20715797773337,32.75856861794293
103.32017001295503,30.695053403346694
103.88914345293661,32.04818200679766
102.8626513367164,30.426788899593856
104.06454606328562,32.67629579091294
103.4176850651513,31.20679230692013
102.55939246380028,29.687340317127397
104.19069780265507,32.61809849215646
104.65071382506589,32.5816204756998
102.66020428859684,30.533571384827983
103.34171182954051,31.348293115736567
103.26810173784887,31.184468097380662
104.16338540379665,31.665928306361124
102.73546720038544,30.303575531182624
103.89282455949663,31.847795470217072
103.49390653991259,30.868912271467515
102.75070861851499,30.561777972020003
102.81332097241118,30.49269443749877
105.51939316360755,32.79614105781212
103.57064989718789,31.128144389080763
103.93133965682772,31.827603518603397
104.64113590154413,32.66896586679716
102.664330339902,30.59128214862074
103.17086992960837,30.506686883731
105.55805303525315,32.837676058028705
104.1493911633966,32.94007752606586
103.92896634045454,32.91213891491981
103.94527533758958,32.29093093923977
104.15637720577655,32.71206605040651
103.87262533421084,31.43898973314764
104.93383347584574,32.55416446722638
104.09228150768283,32.4152146720804
103.22494373284955,31.327741225885163
103.31554756230165,30.991879690597816
102.53432012979745,30.690262663517345
102.56774512202738,29.724616202548756
103.05961851598016,30.980369873242857
102.6179422877975,30.767337969464624
104.45528106600756,32.655554395950276
102.50063822165913,30.073283327169044
105.32110926999036,33.00977470754296
102.93531656181297,29.59703114990148
102.78297588642438,30.56744658591094
103.05009159226417,29.462110202622423
103.95494611753277,31.678388030107715
103.27125612861929,30.880109555399425
104.10336506380253,32.79469798692589
104.77941130532088,32.72937090336202
102.53510301854766,30.320256003728243
105.1483289433554,32.678191159143545
102.5439337963378,30.219657236043165
104.58022020539343,32.66847839547267
102.45552834509735,30.056363262324332
103.89956443581598,32.394401708294524
103.8389392428031,32.093071248374216
104.53978487306841,32.689814161460426
104.75375362672114,32.75193261740283
102.9951459972005,31.137225918918453
103.3693670008713,31.356022620883348
102.29004928895812,28.94440998884253
104.78908612934349,32.62933796128808
104.95025121010832,32.57399016649281
104.37982490722023,32.92488675681394
104.28699683665543,32.20852341974869
104.03563681043426,33.00707514123869
102.65420101329865,30.132461671751944
103.92401489210633,31.816358357250586
104.6412896899854,32.75619745271762
105.64207075649712,32.86010358949668
104.56223743197049,32.52133780464397
104.04291871103248,32.29111075132275
102.78793062760232,29.54055022363468
104.1162856003899,32.492804208894384
102.70148694322037,30.55063088088984
104.26503432626278,32.83347151092112
102.51967754942304,29.877042934200126
102.67242653921944,30.263607712713966
104.73920606273659,32.46477054848577
103.81042680969772,31.87797693032386
103.33821723954799,31.193873558218854
104.02201055489773,31.714285941731035
103.96638502833343,31.717334225780796
104.87188556542489,32.663380943488704
102.51222253354143,30.244138054722274
102.59621465430605,29.875968536627397
103.10337005098539,31.03047387500494
105.28896929542572,32.93100004634262
102.62052265888455,30.451180529947685
104.47819512792836,32.668519211833846
103.69082230760526,31.278154591670663
102.65099465768776,30.426635034496
105.47160849891425,32.927105303622305
105.27511302204073,32.663595939346436
104.23198259018139,32.208980589940865
102.71757065252129,29.56586281604595
104.48075232916526,32.8606902210602
103.16732806118075,31.15409725541473
103.00420252173556,31.00258870728113
104.71939570688801,32.627958786811334
102.4776692121961,30.193179219310025
103.82869631761449,32.064295549696446
102.58608928325734,30.128656926921117
102.80610594148278,30.8788646135064
104.82721513652147,32.613250829243206
103.48138124141191,30.86714579719039
103.05792346223554,30.745770403012312
102.94276617881197,29.477203374810838
104.14212486042175,31.77977957806401
104.16547087155017,31.714428401518553
102.3512271674885,30.15216739452893
102.65850618852097,29.98663455958512
102.51195265205915,30.584578809066425
105.47161333756809,32.81303319260575
102.7995506632621,30.497802216236575
103.87205014136663,32.060584787771866
102.40618301629601,30.181453142242773
103.79580742379511,31.983850836328482
104.23849856393984,32.85743669079795
104.74627009389644,32.499710310579516
104.35768581108898,32.578216838969475
102.98871621853175,30.787712734848903
104.3437395367778,32.84239539096855
102.91910096578422,29.42216759546836
103.02230522887436,29.53956773019935
104.2234264480478,31.650663691522176
104.34646609913663,32.156307240578755
103.29192389190726,31.28456125089186
102.96802562526992,31.24787288878111
104.13494214887044,32.86274393498083
102.86559135112154,30.511023576822396
103.93713599682378,32.901975415052114
102.22975692994741,28.979082978195322
102.94348871430877,30.482283817006458
102.27144329291244,29.06998426559606
103.07549316449715,30.909453306278998
103.93146696765274,32.873945877212044
104.44683493420821,32.07355873476949
105.15840667911803,32.612113352084044
104.33902239031914,32.235932708737764
105.46831877694369,32.84250168084175
102.65553424562731,29.62133267851762
102.7814097769692,30.683155061065317
103.75400182281898,31.473618192474788
105.3853763865023,32.99301937713447
105.13008077633853,32.58415954945707
104.25072575156085,32.13447859995538
103.98896819240068,32.91650724700525
104.23089757899598,31.74188668073982
103.94251742481265,32.416572022190266
104.08558437378694,32.858098740243044
103.87266559920215,32.299477499994154
104.24146136146622,32.3317539368918
104.44209389027009,32.7337925114044
102.52948239769161,30.56683417892803
102.7317017857212,30.555830988920142
103.96512667070705,32.861349348743374
103.92934031120275,32.50469169413378
103.17004519962528,29.539188714854607
104.27369203515237,32.84613515343226
103.35319586165554,30.99248633225642
102.40687073015707,30.13921957117174
103.59620656411718,31.177693108187796
103.87557422598141,31.983172186728623
103.06152575732331,31.22172521251335
103.73468855114605,31.369916662574873
104.34482255019012,32.68727207407244
103.17166591763528,31.03955683891648
103.36731654418337,31.329896902427528
104.08176940651141,32.611463869123654
103.92721644152921,31.486327513324177
105.42950736245973,33.100481499670515
104.27153309297323,32.89285300439123
103.06795266515519,30.58880173593862
103.84905260063526,32.12784619191968
104.07345928188809,31.577811284496534
103.92194360281518,32.90139463563834
105.1516104082355,32.957554203367664
105.27945590986681,32.83315244660334
102.82991216708709,30.798637865065338
105.37637550855871,32.99533184659286
104.9957455384738,32.572771749905144
103.76630648790388,32.10553676500859
103.9096164858018,32.03330432518289
104.07511299826338,32.88037762118938
104.0025938537422,33.03553414178736
104.58551795374792,32.592137402242834
103.22558200834825,30.855243020391494
103.25964546501815,31.18646875559202
102.9127202185236,31.095122966606265
102.91824782727947,30.500872293923532
104.00691933140523,31.882616394104467
104.88984917768883,32.53691508421005
103.15931314551177,30.735493543123724
102.38429287121998,29.84118662421606
104.13273372065947,33.014482383029616
103.94061576568946,31.4758412308566
105.03570466517617,32.71372408012067
104.66977435103998,32.64612163313304
105.55577749259179,32.85492205219249
104.05910096773815,32.1529063480688
104.19961278809716,32.829735698675655
105.27105438884031,32.89712061030715
104.30386426732936,32.051637943643726
104.80385478776574,32.579956905551676
103.01189884218707,31.27407113276847
105.07057785810092,32.657688592783
102.22372810025945,29.073726813213508
104.44457781239157,32.10620934134022
104.53963696852263,32.88387147395434
102.68639536267291,30.24615680635077
104.3461369686413,32.077941092121605
102.85163629506161,29.51502899474373
104.38650726356855,32.60667243103252
102.85169404811245,30.671738004662142
103.96014248533403,31.821108112960204
102.79161246217696,30.570794482984464
103.1233181110181,30.678454417421268
104.5556658159566,32.689714346417176
103.07088524149377,30.92260871978347
102.9259050672359,31.202743544484814
103.38047410885822,31.40933905104066
102.92042556044207,30.439637014397547
103.94418912998879,32.18945245065283
103.92641354800682,32.263926382871304
102.731250476715,30.882793056838157
103.08054557679976,30.999908624549224
102.86005659739983,30.360305768153683
104.20317680951689,32.916633921368756
104.22052682376635,32.29347262599433
102.96892018861286,31.167423015701484
103.28970464004338,31.004897671836375
103.12308713191373,30.61790178492493
103.17942532218994,29.474342345449326
102.9986595868377,29.451466609456187
103.00752575484782,30.794904492510458
102.91499167641925,30.45106030701549
103.157501077084,31.055208631167407
102.42013601615214,30.219611960817314
102.64798074740409,30.404395127474768
102.52460212363788,29.91994581225589
105.0254261969512,32.7416769045726
104.03410306507806,32.11558327000874
104.09058709868668,32.694537197701045
105.3752751165442,32.814041410214685
103.71182378335577,31.30695361033216
104.07906508813262,32.90495428887779
104.03555702742426,32.22461816001949
104.86705816705103,32.712020917919446
104.03657424637288,31.443193885643765
102.98141729658349,30.52615949839231
103.10102075658197,29.483175361432437
102.54158782325305,30.160982382952717
104.33842683215602,32.101857656358526
104.29809550163671,32.70747206454899
104.4065889860554,32.536547311122376
104.94717094955456,32.68297162001456
105.11013589151433,32.614468439755505
104.25097522463699,31.72572874500404
105.31552775964867,32.87904044212558
102.35584184248083,28.872857309457206
102.98479627265203,29.431339508003227
102.51812992637937,30.26176893355339
103.22505198002504,31.161266290339917
103.99120690026696,32.96358811971732
102.98736844349357,30.713440093811474
103.92697340832905,32.18810562537703
105.52084627680748,32.8161845839228
103.02805468368632,30.824546944873717
104.50884513089743,32.67635640784598
103.96652672464317,32.61152245658746
104.06358955841225,32.89655994086931
105.1124078756451,32.86005223635281
103.28919325708557,30.869400150508103
104.69970777791487,32.488356513142435
105.11549076441702,32.57290837523223
103.20825524680168,30.710592917765403
103.16124949613832,30.79639622275768
102.6406456734966,29.710774534636794
104.97784834584357,32.70863544419867
104.82309132775981,32.5342473740712
105.47305975017161,32.83990198932476
105.42774947029767,33.01980291466148
103.2317560563379,31.205742556931096
103.95722901204569,31.806846453159046
102.57245614878343,30.36338633582502
104.61526304472189,32.60409829398486
103.27656177620658,30.704257973794277
103.87622673407978,32.19033425905766
104.01953320175639,31.67490515841531
103.97335187699153,31.8314037388861
102.94911025404487,30.70613255798219
103.91882218083323,32.28814610966466
103.26928733062357,31.05625200495514
104.14383825761936,32.966293568818756
104.39379965203328,32.86833441950252
103.90368825274955,31.449154209022794
102.46504112257303,30.220826459119692
104.12940635686574,32.688379920470595
103.61919890902549,31.250006330675706
102.70762034317183,29.65332617384721
102.66684540597117,29.64147006466234
104.54516196369707,32.626483837539126
105.22714365265514,32.60502762453519
102.63751025447812,30.10618282021876
102.61879486846087,30.705888550085724
104.00227094112675,31.562204127473734
103.33183442786402,31.168564016512757
104.19443513543544,32.24149357658102
103.89054656511718,32.473860929076565
103.8571486482193,32.439122075265935
102.38752334398603,29.12270019806168
102.41665523277315,29.829529828433824
102.64459038530006,30.607206184859447
102.57542523508671,30.752769119885176
104.93376121323523,32.69302159954843
103.33967201333373,31.413396026612993
103.4572757456941,31.387786357965116
103.81319106580628,31.409695696742563
103.87223464574319,32.336640644091894
105.27500983823282,32.85244354521654
102.87364644780962,30.358202605433824
104.7329093373767,32.60019589914937
105.0807454669357,32.696283582343156
103.11668202352405,30.874365424314046
104.18629796371374,32.58968484335464
103.63061826544613,31.191516609947026
102.99021772622712,31.104620737090638
105.26947404828168,32.63216819045394
102.34934773206066,28.941173585473777
103.38961457447816,31.1314447263403
104.77825550313354,32.78576432721709
104.10138719883106,32.611401302688584
104.06823759422652,31.464479331604423
104.10943377704011,33.11410804975418
102.49856969733763,30.315420382126145
103.19713862589714,30.81761187118977
104.22109102362073,32.2506033078756
102.95565341132561,31.167244866678338
102.69229958220423,30.74876427046011
104.532025726846,32.83547167749377
105.39360903427867,33.09957073789751
102.46687997110803,30.322220160146347
102.78794960473502,30.83767792160399
102.9621798607828,29.41600046732825
103.65662538129901,31.174094811197342
103.01811995935587,30.984586060394555
103.12838855549377,30.752412759545305
102.800297697282,30.84062390800841
104.70112178978174,32.45764294893645
103.30477823937356,30.964190417578212
102.39768623059652,29.022425372962736
104.51377217400625,32.80617559233228
102.30085905733682,30.148541363848647
105.45904141825521,33.031965420516045
104.32089181402849,32.9645330878263
105.10635792578043,32.91995337840368
102.50463204367064,30.05631684205641
102.38525419946141,30.163425713981145
103.9687206483018,32.817170252766914
105.48875979808876,32.921536437425374
102.96251835439517,31.265184387923796
103.9711109977023,31.378025645713652
104.60598895203697,32.5382698072279
103.64238403123825,31.270730939133383
103.81165847541415,32.5797264519241
104.18225375259165,32.86722351006094
102.59393449724139,30.17855418499608
104.73772941162443,32.6899442825838
102.3427218325207,29.035410981621
102.92068253575133,30.658209557237083
102.93549538592795,30.504265193774465
104.03053416722398,33.10727070349655
104.6791667404088,32.835621648341146
103.31952726425322,30.678488450986872
103.2869887726436,31.32608354886147
102.69721555316687,30.74507182258085
104.25561159304422,32.803230494265335
104.47240231805247,32.59398704302316
104.04083284682697,31.599021070639495
103.34975448471901,30.822746693152197
103.88066786649658,31.855265370072697
102.90763998651629,29.463522263570084
104.37771779338638,32.55978568571124
102.52071572741393,29.987267509215553
104.44063124229169,32.634549587171875
104.26477558223753,32.552477077212174
104.15915282143621,32.98157488291864
103.96308270589043,32.43845284660064
102.3407860429384,30.097785355679353
103.66268753813145,31.202109813063934
102.53041611143071,30.798307931949747
104.31247289897368,32.90815159709377
105.4823235201065,32.91704500788372
102.93390425015005,30.962706588563307
103.98994546349215,32.028115995284175
104.3968516440204,32.899221830866665
103.9508268952127,32.29504318703001
102.66364609904842,29.735301655717993
103.85250602891244,31.51290216897314
102.49962702886849,29.745428519639436
103.90101784749656,32.88173058412611
104.04096764648729,31.54342298736402
103.05064382765379,30.640349498161534
103.87026581603898,31.401015420329113
102.98936520423982,30.77716494919293
102.57883695436001,29.925431980650952
103.88267791492194,32.136848867066846
104.68342986591777,32.86996799416492
102.74371581467697,30.905107632026677
105.39093357677685,32.726034974338084
103.88325928081288,32.17887802169992
103.99986132846219,32.837203431905735
103.9160339612612,31.469608449564983
105.12498705559099,32.71840980173212
105.53234913467466,32.9830527376984
102.67298938768563,30.468386006080998
103.83855088603839,32.55093945330628
103.41303412375062,31.427768376357836
105.11693873926785,32.59756671983911
103.26397326642959,30.882122245339282
104.17576230677989,31.756347740246778
103.99291261156397,31.666222818062025
102.60028683331176,30.002597229285964
103.89621248336641,32.486883248741115
103.73927870639493,31.34413110823636
102.64370230312127,30.843846012525304
103.83321692057709,32.56887739715977
105.44309931421643,32.871104860899635
102.56817280764011,29.78851601315352
103.97904479643043,31.6138026955661
102.48848562146954,29.0041616379632
103.089221126985,31.118484066855782
103.99621421159912,31.969963359114907
104.12022327100163,32.39071547394832
104.20908875896954,32.7486688431326
104.05904300939855,32.01149924754578
103.02288796360274,30.531385736081035
103.77695201201848,31.816300339178984
103.7810929495523,31.44321918569163
105.43701641518722,33.019930106437336
104.48332747283655,32.85031577511546
104.62540841624843,32.72199354488341
103.37926361897046,31.372343572417126
102.54596783323953,30.1019032674856
104.31389432783826,32.74023212991222
104.00389092284286,32.32584909345301
102.58641864513088,30.43939042338851
104.24493621030312,32.63304969014656
102.68034402960782,29.973103544414812
102.67605182595575,30.56306924329843
102.71301741459105,30.24861414346959
102.83153198070023,30.366638047292582
103.1207058973886,30.956318613973593
105.51944982472214,33.05464177333386
105.19691489960225,32.66929655195154
103.21053361221038,30.974988294769997
103.85308141213179,31.468339815709356
103.31673520894809,30.64749061498317
102.827111490362,30.606103904302483
102.95114214520814,29.444338853814113
105.16673458399629,32.924436019260526
102.55265035053264,30.38905709185871
102.86651524486747,30.804627651928016
103.9106608834248,32.15691526029069
104.46660682399997,32.10511492884786
102.84378576128765,30.88061857733602
102.43780255837301,30.18220517715577
103.0694594563127,30.838720113073585
102.74730636335909,30.717295607003017
103.92994381682938,32.004944066721805
103.70701312604078,31.192427750798633
103.34216215338046,30.769739399678816
103.7926788957076,32.00907300668376
103.22898754313692,30.869293004228183
105.3988394469149,33.05393752880472
104.27710891790754,33.02100790260415
103.25373580369929,31.070422602773853
104.61405717487656,32.559825465743714
102.77569506693696,30.760489989817806
104.21141299344151,32.637196514398376
102.68495928680309,30.25792934790871
103.91487835418786,31.57614934521314
104.64337176732857,32.691110504051835
104.3233712622788,32.23643520780778
102.57151990932813,30.64895998230181
104.22943456286427,32.97530600924763
103.27753871409493,31.28890383256884
103.99618732326468,32.25639359994334
103.92814102890814,31.463277895499445
105.1021372461497,32.609395376777094
104.15869278093069,32.258547849811066
103.3110663227976,30.993870878332814
103.67579656773668,31.345797199962863
104.58463563736133,32.66701486881621
105.27860982926155,32.911404008439774
105.24126495989492,32.88457117512659
103.95470447189801,31.70824439184256
104.2039339299687,32.978981664929215
103.42614713676686,30.867203730268262
103.33193031319303,31.412645729438985
102.64978301208907,30.439000878766933
103.77092745415159,31.395192994127882
102.77542118131525,30.67035742973767
102.35063136311099,29.728766622645548
103.04904305417335,30.491974350799598
104.055389391527,32.0081835725997
102.56623293977137,30.28046149800819
102.51627706392013,30.422501106801928
103.97334266067281,31.670654458622778
104.47933195530415,32.87146793762053
104.14878852242511,32.457696006589835
103.05567659597774,29.562570409046984
104.40628451648954,32.65996104033922
103.12145204239849,30.790731620498832
105.43310324162759,32.891695316620016
103.78875563170726,31.391139669715812
103.03237582080381,29.49842281899722
102.92141415437278,30.99655280239441
104.24187588823224,32.76017310798825
104.20164853176459,32.65270681409108
103.65180768989971,31.22883524854496
103.93112385748027,32.762050733384996
103.4575454332966,31.36214341659768
102.5415173234243,30.166147605192258
103.87499834737191,32.54828539404936
102.92554900251017,29.61185399290838
103.90234136504229,32.26124724484316
104.05108667829892,32.5738884894572
103.10144009889066,31.082034394705943
104.85345949127348,32.803303405970674
104.33896480596947,32.96826522297125
104.23628906210449,32.137498909688794
104.17382341863208,33.08979121139774
105.6134282323828,32.98210444902627
105.37583737517637,32.864454550600854
104.08565704700007,32.0691442004826
103.16485809937014,30.738690883323063
102.47982567273404,29.98631822945873
103.32143476266859,31.01542653639954
103.94276343121575,32.767012775415246
104.33480571485717,32.29054557392967
104.09434048947087,31.758356494209156
103.9591834229665,32.694101572202264
104.37240769006145,32.09914277470704
103.93970367306568,31.70195867165601
102.98096567253518,30.47923817669539
102.89821110745459,30.756274594927508
105.47270088099738,33.08915118887715
102.94315002295154,30.803100666904072
104.92820671281235,32.52842955759187
104.50646361003692,32.50042368180165
103.37738397260219,31.255509119632556
102.33881265645735,29.92417722886533
103.2415959849246,31.26926519701348
102.76685239841252,29.632368066143545
104.11353326633711,32.99397685265747
102.98936649986922,30.48093133765198
103.8037743202773,31.436300954501196
102.47163683051251,30.44404013736407
103.31042602397277,31.12080396473774
104.35953553039955,32.60286017063981
102.691942072749,30.901745572425323
103.22835572839418,30.735159824915122
103.30228322982408,30.684837552751386
102.27771138546075,30.009845471864345
103.88948263491224,32.27775396251876
104.64474358465424,32.654263648933814
103.24609505585993,30.859678793867605
104.39898033873698,32.68598483095463
103.85832796976962,31.899537654753402
105.10993538200967,32.7104589435925
102.75205681595827,30.200938332756124
102.89261042689327,29.577554877512675
105.27043567719014,32.64917158713564
104.28118859592574,32.916498068486916
102.72852158182648,30.786965484667274
103.06693404126368,30.670326273326673
102.59061964222482,30.208961179358294
103.79820475589467,31.57551891834257
104.42193847506016,32.54942684822385
104.16447029091685,32.25242645519874
105.01571307178044,32.74306266026116
103.17797068461692,30.70384234769682
104.3345194066561,32.70663757669524
105.26389466836858,32.639405076732196
102.7129155010853,30.855067359854438
105.02041572951697,32.743613042774214
105.48142634311544,32.760696552376956
103.83953619024862,32.484542546629704
103.84622816160872,31.506739376860295
103.04163330957171,30.680431050787647
104.09186780387637,32.771014409050494
102.36422074078554,29.88841949465821
105.04827183438128,32.57351441786871
104.67827022369053,32.557462916491076
103.62034059723403,31.22709461509977
102.9641272605623,30.927870163057808
103.8199317784442,32.29000311092823
102.94785458054635,31.25268574082832
103.84330776962047,32.21107045839222
104.07013812185865,32.99903636490104
102.36918940436092,30.121034123234764
103.17460458164086,31.130673217556968
103.26041833754238,31.319546790049323
103.80658366108794,31.858258291160393
102.9202977283905,30.79295890369787
104.48975806702136,32.5109398559626
103.99091462666038,31.627666013243413
104.20680893610057,32.29433224109647
104.1126704581102,32.3984284706106
104.06991610142025,31.42508093461114
103.92352032153937,31.67058317078558
102.78059380217125,30.45583126959503
102.74274750047576,30.540058964260123
102.87817767749355,30.72441503266763
103.00688955950378,30.56211509247773
103.23581857501912,31.024190911295676
103.93871185443214,32.27580891335176
103.16301481460482,30.570163371144922
104.53848303611794,32.69091607532897
103.03670718531565,30.527212945640795
102.50948040186059,30.289124242800643
102.34296882645536,29.90278871372813
102.31692586082643,29.990644378100615
102.52071049500402,30.57079610698541
103.0659821775261,30.835361185916987
102.42023433444632,29.055191916301847
102.60416079091165,30.142995140117165
102.55808611255512,29.68586280000727
103.32335323057653,31.238250378977742
102.98820302418905,31.116416007177865
104.22538928886578,32.63215224778079
104.12468054473268,32.93263833835151
102.89524020642457,30.80760117475492
102.86867581487996,30.86417733993583
102.65139977096642,29.944524273240162
103.92264326626037,32.52331308594965
105.24039882137225,32.62978292482009
105.16481561610756,32.61556036966281
103.81191935640403,31.58505090985251
103.86473565419927,32.4831062208638
104.00353242298279,31.54716011121741
103.38092986033732,31.16724467688101
103.07557572844473,30.738476104327443
103.60771666583582,31.34360193113266
104.22922867229136,32.30627634175056
103.22625675697891,31.089421658116905
103.28600248245172,30.72417547078189
102.93636141414562,30.69049321690326
102.42559285495436,30.27161525015414
103.7551343168769,31.950412553292818
103.85365028552683,31.503378899071627
102.49658898311117,29.751395612734
102.28250645237806,30.08815516421208
103.23700927313863,30.850175609598868
104.14390179025432,31.70507234710625
102.72751585553286,29.640328090186404
103.74795633664574,31.40390139949587
104.31092723261021,33.03058604615195
104.2163195406021,32.190803566996394
103.00537955943058,31.013764390267788
104.32738257281204,32.645014741668824
105.26180544692589,32.854591084818566
103.92254765754033,32.02016144912887
102.7095606424363,29.571975055500907
103.14551056262421,30.814921608389255
102.83746666010065,29.609568201926272
102.8062878466933,30.723452077600456
103.10141888595102,31.07870289872707
103.87844555314796,31.695800253540398
105.25578741092451,32.694184044904794
102.83537290493133,30.362318952966156
104.03010143774807,31.665231256980316
103.21815099625488,31.23937877184645
103.77597982699493,31.31955507553492
103.61061546989508,31.145245015875528
103.12313953072706,29.50311419043903
103.29456539421975,31.027859045034063
102.9680317027368,30.628301174746262
105.1921130891756,32.678361578931735
104.484667522096,32.6204985267176
105.25718965741885,32.79026032714873
102.47582820692065,30.168791834272717
102.97820971889813,31.244204269200967
104.09429963008779,32.06256536919693
105.64959937823397,32.8768552519567
102.98415602294328,29.428246524020487
102.71920684474642,30.785471255115638
103.04458925569732,30.68831540376141
103.10122710764941,29.449267080496828
105.47511627357396,33.08638392172858
102.94703646911852,30.55763215931134
102.90871553780445,30.61728158252179
102.99850724758402,29.552706834418405
103.89367300619594,31.777061927770536
102.31278844735213,30.093057337295377
102.78154126052837,30.846184928357296
104.53673867374097,32.533316688954734
105.49973114080358,32.795937217942345
102.59456987181524,30.461870695621357
105.50939616748971,33.00069011810835
104.1300999133751,31.621755319759032
102.36124943698606,29.813684262506552
103.09489517811288,31.120526272604824
102.45836517924596,28.97016001813749
105.44710758023606,32.804095061504604
102.3261581466643,29.986747696643935
103.30086788566736,30.851690800560664
103.07259016345697,30.82124196314533
102.76326580782491,30.797397616911827
102.61775082781138,30.397467557314272
103.80105011079728,32.58715455014547
104.55103181926061,32.58005059753795
102.72496760386834,30.605037652618535
103.89717968320389,31.61760329211163
103.0482038602478,30.81545290278272
102.59594957020657,30.138422109482576
104.21336866701685,32.722246638018575
104.84009336876304,32.63418792956806
104.06217483763996,33.05021951819038
102.47519884170319,30.44037826381755
102.47964107348628,30.208807261369326
103.0810861901343,30.54581595132238
102.75059405189994,30.58337811966826
104.46179145189717,32.08991782272252
102.53923737765864,30.364976913323645
103.20066648857535,31.274624900468897
104.41109201943544,32.50368093168169
102.70107173984523,30.653473902544594
103.38662742894195,31.053501096233354
104.1079321250533,32.904127347619216
104.58235066331629,32.891612236620595
102.66959812271425,30.758281769926448
102.30704286543512,30.004336634335413
103.03111793457828,30.68307413133602
102.91926172918787,30.954561471949404
103.42675579648774,31.300838555466857
103.08992605540156,31.244686011356645
103.38839201382784,31.273131824909797
103.909542967086,32.61049025340358
104.16137657087104,32.955397467312444
102.31454110764187,30.120427805466186
104.95593332485392,32.55887518342895
102.4702042665532,30.044504368999384
102.95207563910316,31.16843230631255
104.16877908643133,32.877952098257936
102.79404211310694,30.451158300488544
104.0697383903354,32.105848920840096
102.65904534605164,30.333584560086223
105.01772648389213,32.73724552864101
104.33547518417788,32.78446422148425
102.47751526263302,30.330441435014528
103.9541966957934,31.843079381128916
104.97067495149679,32.60260753447408
102.7238318626945,29.612246756864973
105.33625508728768,32.986919596249834
103.00614791421482,31.3245567878351
102.55549054884652,30.62462483345196
102.9211818689354,31.2056480112367
103.9043728027576,32.84304322011941
102.65153261734297,30.842769037694424
102.44874753097541,30.22877060776681
102.93069386192883,29.521655428363957
102.87697134445695,30.74620569606391
102.54125239394621,29.740194498437564
105.23439269884842,32.91694182056755
104.5593448164601,32.69170124537243
104.53749166749628,32.763651384008114
102.68771295581801,30.573705149388932
105.13125253553544,32.94861070950952
104.5974017470219,32.77669608329382
104.24594203124082,32.62900770860663
104.6337479979853,32.44166674396145
103.33183387479828,31.278675125350713
103.45519617437475,30.852678100660764
103.35052370293855,31.346524723639746
105.55767124671517,32.95339832315768
105.03169876561049,32.68875826163593
103.86272792965875,31.767949632035275
102.8228070332593,30.634084340096194
103.02223795228127,31.00058301948438
103.70041554086899,31.312996656522305
102.97955827824082,31.018310893613446
103.08346565953838,30.456094674624367
102.5874660431742,29.943145930771056
105.1666756953872,32.6841832880932
103.14586225516514,31.256782516497985
105.1088216516953,32.62914248249856
104.04111322915368,32.281418219749405
103.95410315496505,32.30171642901739
105.3141991729026,32.992580969739876
104.3750291959069,32.927894611837736
102.92095594431562,30.828296895080733
102.94808471880164,30.667989875331063
104.87646676845198,32.736385700284266
105.39278356140464,33.0564002818699
102.2806766843235,30.012216549703012
103.95974604187657,31.495072258504592
104.0582317523093,32.776592857115034
104.87331121451422,32.57049803002417
103.9462768984141,31.496529119985624
102.97450147731054,31.265702965274826
104.8082875597803,32.680090958570005
103.81494849984938,31.349191292685997
105.34434215704397,32.99301961416771
104.01656611330503,31.93436627048635
103.311177547331,31.082354976677895
103.06380341845258,30.41282748619089
104.14924329409567,32.65236731352862
103.28736167923806,31.057390332927223
104.30984250788033,32.2774368284853
104.34228403120368,32.797847050199586
103.12478080477572,31.293822373556424
102.39413318061005,29.947297030081014
103.12409988889364,31.025841526864237
103.6357918772743,31.16369063309677
105.3872972292866,32.82529843141885
104.66689376087882,32.685674980750846
104.31699077087983,32.21965592900714
105.48293228283018,33.04214710323089
105.01710651883124,32.69538264031422
103.15788933088609,29.526043814411366
103.27947096022301,30.929026715656818
104.34025119015418,32.961245046032836
102.37859300510294,29.11294326835005
104.1137575562787,33.03834302887151
102.52228875296093,30.431080666370466
104.11635851904039,33.103451827282555
104.95046503627832,32.67118610441311
103.82189646740795,32.66852308021498
103.26722582005465,31.187707341644497
104.22349028436274,32.8741375911259
104.72629809658761,32.72942431022305
104.04133208114587,31.616976848613227
102.90723436657423,29.49860880703859
103.95968742706143,31.57027468433833
104.69523354672921,32.552541854511794
103.61568140770562,31.245177637152388
103.25029523676555,30.814751925162852
102.88520754634783,30.523309207404008
104.12972351093296,32.43889302427729
104.05949354249617,32.8258456274453
104.9880402894485,32.56325572492791
105.43137250609396,32.93770990708789
102.39440058310208,29.057126408868335
102.90069509083196,30.32763108868874
104.0554849623425,31.57641692317018
102.47743492001098,30.50005872856117
104.51426542544257,32.5795540288561
104.85718883848993,32.769360951718056
102.61886508983903,30.193094672042005
105.39267543017536,32.840025215722754
104.10733177141911,31.60741983212738
103.9775600905008,32.83138150176539
103.96234356092619,32.959376103461565
104.3314288641599,32.9503387656078
105.1114756614814,32.964926533300144
104.23446214777128,32.08182526366394
102.51263165542524,30.086109668897997
104.90231756457,32.64078187948955
102.47018045152824,30.605665313497983
104.54903638744553,32.529842795060105
104.07215399109975,32.709205558068724
103.84805466733556,32.231725839869505
103.13742726438547,31.01398443845512
103.24601701989825,31.26650382845195
104.81338765395282,32.5373957230016
105.43394935960666,32.944553968188025
103.16400308106948,31.24335417349105
103.8382894584334,32.52498306273217
105.22443533910119,32.62304403817652
102.61674611067444,30.413426414728548
103.85780728040697,31.469518781394065
103.99587921035504,31.63392663336705
104.35637867452286,32.61213380242527
102.57242433298669,29.79120270469185
105.42862171143516,33.09896284280753
103.02003905047565,30.458475397913606
102.56481994844519,29.79573122039481
103.90612297125908,32.34936983687427
102.63236247890188,30.70514005689155
103.01448918797753,31.2468443932456
103.0790711299648,30.80504549677963
103.81934707695522,31.320903482046226
102.82913158271286,29.490979609728363
102.75746772213043,29.607397462782814
104.33860953088544,32.96497294069972
104.39782142677521,32.688000828688125
103.36365763800535,30.818255460841165
103.93059746716249,32.15831534469809
102.84643508954308,30.869465310467127
102.59937928372707,30.189415364334153
102.67082078098096,30.522245553750118
103.94871854616444,32.78759941108539
104.85340761592536,32.53449186940692
103.95777162519339,32.5847882882098
102.9032318245006,30.68786168175293
104.12466805067905,32.18811948400047
103.76889855909853,32.01315366042165
103.15959148587173,31.00625512762064
103.75636437936411,31.383934567339974
104.37145429087423,32.58541546909439
104.5653758739645,32.86638113627575
102.96489854061704,30.52587113479317
102.97761713221722,30.496539408251028
104.1869070953403,32.17101747388454
104.37218940548595,32.55932499307789
103.85406861536646,32.299122637224706
103.15739439731597,30.751696731200678
102.45879345432472,29.04080309823699
102.77864908758323,30.695264800414723
102.29092618381935,28.978351698319614
105.46775719652283,32.97058818400713
102.9153084424922,29.49437080970231
102.79621139843775,29.502050150096284
102.40521941155093,29.811576611018417
104.02398839431352,32.304067848665596
102.36428428524306,30.22067357640901
102.74691613266758,29.54457103223785
104.41019592732705,32.745964800684284
102.9923109192199,30.45813282453271
102.44183322887628,30.132749901061615
104.06506555408048,32.88915829086941
104.35789506073117,32.88287056110548
102.70666884207108,29.555159782006797
102.55422378063729,30.582479665232743
104.86892766086693,32.700231725886496
103.81317225517331,32.60572018959209
103.86677876746901,31.9896005016723
104.95705323174818,32.55097030788365
102.42891814869594,30.06792337649557
102.65157226184279,30.42226620387114
103.34372674433217,30.86150792495052
103.26103418679773,31.068870038857483
104.59081107116056,32.46508430128947
103.17246741732743,31.09685618737382
103.8767938780478,32.28908811657109
102.60410360987738,30.41827341217766
102.67664568856712,30.377744588546626
103.38704010513376,31.294100453149643
104.06996339599642,32.76947467036296
103.97348754371812,32.23405199455189
103.20056696233058,30.864496261426183
103.30793819478559,30.882904994789737
103.40696083971649,31.14891931341021
103.27079852835699,31.078260265540273
102.8356438333678,29.528278738236967
104.21883985633818,32.235776801771195
103.08426553583116,31.170802552014823
104.096289843455,33.15614914427205
104.17714079294882,33.070717612046565
104.71965389126085,32.840071696877565
104.2640102847705,32.882299861031555
102.94563311525143,30.902852913665036
103.11642684743154,30.779525595820758
104.0757772575426,32.16405149448145
105.32977087220617,32.96794888107191
105.26478268872617,32.915693841372054
105.38006186060765,33.02288364787047
102.73145281663231,30.319122944806672
105.49005114057023,33.048663422864024
104.02796253572821,31.618228641816433
102.49623111636873,29.758204927622696
102.28589030300351,29.89511587344861
103.40188810259346,31.291216372399145
104.09201162072338,32.879930442251585
103.22814167153173,31.104237887906983
104.31789398051436,32.74245451852604
102.76802126902528,30.690018688850774
103.03064619730992,31.1763634990001
103.1653296641801,31.17512056489179
102.61251409997688,29.73395395546931
102.56818138456754,29.788711172869764
105.40305827128358,32.79158695884593
105.47293535447871,32.76747064253247
102.89342859220001,30.789328820381552
105.14488007988894,32.717542279391516
103.98659170893414,32.51326180915518
102.7601251963224,29.6135464803216
102.52809003451596,30.236683127453066
103.17130384317679,30.73703334338763
102.86069086788547,30.861306924944145
104.61002812858726,32.62876637123099
102.31225489069067,30.003429301852208
105.37912997707473,33.04828894267478
103.97820566206906,32.4148118985674
104.18676363083424,33.08223368795816
104.59063416040402,32.482715743505814
103.34683531938988,31.06822928065041
103.85006024747271,31.980306381342533
103.31314233118569,30.73297783274132
102.72032585630731,30.85762920471963
102.48327471616335,30.321216104850446
104.46096533311074,32.80507897045671
102.96185402577512,29.635210353264544
103.89269540474395,32.88848269468611
105.34277966049322,32.65366732076615
102.9266610003888,29.467297638686006
104.17555564046722,32.98725221000043
104.94921837249558,32.557596660070224
102.42482731136649,28.88892757275548
103.01349412524209,30.460906265337194
102.45289052847659,30.276677136950035
103.0158865025454,30.764602450869987
102.43514569025841,28.990184809604955
104.11214344257495,32.436566976358584
102.58081631156152,30.53946622657969
102.37466906298894,28.866961232466508
103.29619889641295,31.338535968776966
102.46356513519287,30.491752773437632
103.0067859377255,30.761846478327456
102.41904336056456,30.005050257391737
103.0068555239136,31.1119387901094
103.99110654097956,32.651453098743595
103.2453806209281,30.889214971757642
102.74206332150501,30.33796557015833
104.01991921307858,31.844038570515057
103.13995523742177,30.961078287075903
103.00098627453448,30.58405833496205
104.3070061503235,32.758268337266045
104.87687356308135,32.67708316446491
102.43418877173501,30.289512536091735
103.32659224699364,31.411724114903304
104.68855928201057,32.50923441160688
102.50316705124625,30.357459266114386
103.35500966358396,31.095501235157453
104.49865195276281,32.614620462189464
102.69501113894654,30.50339878005529
104.27467882369018,32.05186689729498
