Longitude,Latitude
104.13371163379787,31.701338581638556
104.09602376862779,32.889999528356746
104.60933881848167,32.865792341773485
103.96458299081242,32.0756741121293
104.40450914689245,32.83000450526548
104.54808486364271,32.70450294624129
105.01448739995617,32.68701420508208
104.13638593810411,33.103471399672294
104.30318215396528,32.833882214136054
104.47473958548227,32.676635451676326
103.98355977416598,32.910918491277016
103.80118706885672,32.037899575804985
104.20542677877076,32.127242296936224
103.98217347809536,32.14556327675472
103.9138532480742,31.447207994910315
103.83264851255831,31.358756918943158
103.99337763764484,32.161945789793066
103.96005047317439,31.71242504599344
104.3998225867578,32.09069790330558
103.97702029028531,32.4008018785354
103.3298256271676,31.075541488915363
103.02691212189893,31.198654743034822
103.32929190833286,31.18093089695912
103.34898106401965,31.40278354167026
104.11171477717417,31.772914020542572
103.74014035323539,32.04911361280743
103.87067736664072,32.06050314997953
104.0307005853316,31.866968686792152
104.13103510786587,32.68624935448539
104.2977862769859,32.63214528788392
104.08791655563194,32.763384611488185
104.79400717700362,32.602252037302264
104.41275407210597,32.915322122997075
103.95174979807969,32.52152903507774
103.93343464645672,31.726356525353417
103.39152652043535,31.20831566309503
103.5435969054641,31.209268048635234
103.53451862658507,31.135474031215377
103.31839174985143,31.170455364236968
102.92537524945045,31.217716580749936
103.45226965136585,31.37819306012061
103.09054685963474,31.134534024291536
103.32564049785461,30.942155904532868
103.21204211401158,31.10037001300579
102.74702717120445,30.91016805606076
102.45249042126704,30.594418645621868
102.48428336682504,30.776230571457976
103.08112972803173,30.664717185346014
103.12544397979723,30.625241592356506
103.35154353245551,31.244130275459874
103.01522450790253,31.17144642549513
102.78119094239372,30.697348895659438
103.22488306228657,30.963704025702874
104.09003720126569,31.63048120385717
103.9197672128891,31.88696302728997
103.37342182987372,31.394278712329296
103.39367005221851,31.066758736733092
103.03683858664806,31.05441842713366
103.22398415189838,30.821879347983433
102.98290047687975,31.05566707546871
102.40773272346541,29.742813251420067
102.77142698354187,30.468151793261182
102.76624100001546,30.903096346575843
102.87440460291076,30.819878049243673
103.00434081740809,30.45755429947382
102.81287191126418,30.71597467161932
102.32436472724366,29.981938748138397
102.62617075138674,30.398094770274973
102.74348921956886,30.211926961680575
103.23385390000564,30.767023541336147
102.94511026852135,30.922304625833153
102.78707082014462,30.60761705328082
102.7212774972944,30.850557191276923
103.30712632260192,31.157781420338743
103.36860809735933,31.299566026865087
103.79270218968847,31.486712265644822
103.97668847949689,32.28428300545268
103.73012042919393,31.359293457345935
103.26705507190867,31.13144524035358
103.62191200875178,31.277145938558775
103.69207403843082,31.247050572533343
103.68249149483303,31.21958103565108
103.83149899550321,31.613760722574604
103.97777792524884,31.855173095827872
103.85072166250022,31.94120474659383
103.89923704092075,31.48633614132319
104.14357014187384,31.716377232382484
104.38344956896405,32.11478035434632
104.25879260607502,32.16234815669707
103.38556982920747,31.42146286977001
103.39736426246095,31.381781102873454
103.01468173187969,31.24181145741993
103.29607739569666,30.68042180310568
103.34834151456167,31.019037332142993
103.0776023900526,31.23881657767274
103.57434957226994,31.302862017650174
102.58750496423482,30.617499010913814
103.07319275558274,30.850990846090905
102.7587890970423,30.70257552586594
102.83596504870444,30.609421934005177
103.6450894220703,31.1894027218052
103.22243162142324,30.817383245792154
102.67280546492258,30.683564850123282
102.43705372390812,30.273947758262455
103.22575202359148,30.88094547134438
102.9401822218208,30.71475951234558
102.4817076163954,30.265630236553825
103.17915725511347,30.76369721507793
102.89810746601805,30.910742949350862
103.04997211789072,30.68596525133014
103.59172510768283,31.29187975558991
103.12281067471112,30.860865822266053
103.81942645386644,31.51691650654327
103.98034839627287,32.041321542983155
103.83241326543602,32.21270982078025
104.07400537253686,31.668744693947346
102.6944083117211,30.6203232829541
102.93980583677059,30.9739283358071
102.41265611204045,30.259766769157515
103.38048942468671,30.861123622680655
102.83955713223993,30.721032562523604
103.2714404444328,30.819682310657456
103.26420042469388,30.874035179443748
102.81021153191031,30.746206449443566
102.7257479426478,30.374427389554086
102.54823006573166,30.2372997540329
102.53356412074402,29.883842727021452
103.05503659834257,29.491339197769506
102.96612315889601,29.521032653560578
103.06790016655616,30.724740163812882
102.95464283964547,30.891287598960098
102.40857152956144,30.006246921599487
102.50922579403188,29.970904489482315
102.56929663159531,30.49836659952008
103.08780373201442,30.427493345886763
103.12776248982449,31.0708864941301
103.03297052731146,30.96005061808751
103.06117646455579,30.676432893254216
102.65578450733283,30.72814060150835
102.87113681939432,30.630911470351204
102.97773410408824,30.695727538900734
103.42252248842564,31.296474499998396
103.86748333668962,31.352820341223268
103.90250735414344,31.557669284497766
103.91239784915396,31.59406514930788
103.81469432523204,31.97116657261638
103.70359845251281,31.19116581319798
103.32329480565983,30.963612836266893
102.63585947204837,30.491451133635046
103.01885900674888,30.671998346835657
103.05402161852169,30.769013629748713
102.60114264566633,30.723220381943275
102.4927172959099,30.64111711701693
103.32253826712387,30.8207960445017
103.28987279518081,30.716248124742044
103.36798052394174,31.20822545915585
103.41989233712624,31.416760018981684
103.22808234687494,31.12969705753493
102.47229412091616,30.111954933564384
102.74687545940162,30.212416429733153
102.57595921904938,29.953728657951032
102.52839064526437,30.536740243928325
103.10201601928219,30.715321089624968
102.65065477781543,30.384115035250144
103.12106744377682,30.95147098543066
103.21755714235196,31.134925543649903
103.22732465580098,30.711066342721082
103.17547459809421,31.11566908965757
103.68662567333611,31.33985371182412
103.04820373107418,30.893945090296068
102.69148952818719,30.332693913554532
102.4594761418793,29.92453540079278
102.57047276026759,30.32392032317275
102.70056051604925,30.56734706478196
102.60866389775524,30.370480833035007
102.65162967885836,30.38196480610729
103.6003803295747,31.16473572379203
103.3726279818748,31.060621295752554
102.85287213321826,30.78324349453074
102.6347469994105,30.40357839973259
102.51206026421282,30.373153509558023
103.28794291325686,30.653466990187678
103.23204042562081,30.899729123485606
103.11930687145286,30.724012829778168
103.33406843775772,31.19170795532134
102.36544294660062,29.955153899718745
102.92782704501025,29.635657313277594
102.79140128887329,29.53867113931431
102.51914742200192,29.752876270803114
102.56835472099863,30.20807020180859
102.8938242823705,29.58921464250408
102.80417095431797,29.616162288311923
102.96066024796674,29.679079230508894
102.81925248441232,29.480463094326122
102.91591092464932,29.444878560359218
102.97429480112876,29.577678321259764
102.9809124470802,29.42111988688008
102.96765953675751,29.55735703779707
102.88974182509169,30.38580731034549
103.1593329614913,31.242983157339967
103.24165448222942,30.865109430503818
103.40807398158101,31.284557367093758
103.32397778615292,31.24595938967503
103.16528867694633,31.089672295507437
103.07253767174343,31.26011620957835
103.0190530161638,30.746551956468313
102.7027317267944,29.710802075370346
102.47626002617763,30.13724034822031
103.38621895980111,30.86425534690103
102.75360581263776,30.72774800375535
103.14353601633334,31.093835924323866
103.21697605378706,31.13983863006704
103.30189795535195,31.179838135439834
103.27981560373412,30.763118237262404
102.7871780609513,30.651575091473273
102.66428514928424,30.324045193858716
102.54690458123501,30.18085913473505
103.22866301502084,30.665088409840745
102.41779256631895,29.859359940546554
102.44099961056523,30.205186656300057
102.52910049069392,30.046160334074422
102.43508110055639,29.788182698069328
102.39713417940047,29.8063390573162
102.72980760400092,30.1956812057916
103.13644357689198,30.593836889617776
103.35697985867348,30.899229442754386
103.2324379131434,31.05036884637781
103.00033431354755,31.120330141700563
102.81275333359214,30.933092927622976
102.58233810159999,30.809278104812005
103.36580973011348,31.17002587794013
103.57812912542336,31.275772283534245
103.33314094453661,31.222309717111944
102.50264548480463,29.741086988574025
102.40610855333516,29.80478083626986
102.62099912191812,30.627597170886137
102.76318275530797,30.589916271523602
102.74808915423469,30.636998781730828
102.67785658014269,30.356805666492384
102.57370546227386,30.74257579612891
102.7895903201301,30.46395472889758
102.65425409783653,29.988393887530645
102.43445812769538,29.865484038359554
102.95945626369453,30.412213058874123
102.61719806418157,30.534746517897194
103.08237689675245,30.96620413783276
102.78981965430681,30.574210584046536
102.64456984601082,30.631467201699976
102.63284050132451,30.166171617279563
102.54332042393534,29.688485821839933
102.93328749199073,29.652832391504514
102.94266823172788,29.445296834169408
102.39926129945104,30.035632841142498
102.59787803737902,29.690132138621657
102.66993829594801,29.611466427953058
102.55778773437818,30.241453903358885
103.09019394395872,30.921881198728865
103.24100994222404,30.817150567696213
103.31352131673631,30.888589536049437
102.94198483076488,31.143776119266978
103.069991803108,30.855492770577225
103.18684501972372,30.818436607788414
102.51089682464053,30.742675800132382
102.64542346142565,30.21570271858281
103.1720891839282,31.291733516823918
103.02123764949265,31.092814671083534
102.70052193088829,30.785204903036195
102.73310593869078,30.84800089755793
102.42996364604889,30.47780939679135
102.50753513704836,30.20202955359666
102.50408231319234,30.2291915856744
102.84540208297354,30.90682797611114
103.69611715861058,31.290744063924837
103.08655868898806,30.67313932509162
102.83212350949448,30.691650131931034
102.4482574347531,30.506245989311914
103.0440371988975,31.239375642814085
102.84252392874068,30.865899968445976
102.58549121637974,30.77169468401657
102.58549121637974,30.77169468401657
103.1445966960527,31.252863833808156
103.21191979252933,31.15623945183788
103.25954298487511,31.186937380411464
102.99512468746357,30.537352153074583
102.95177424130807,30.565900109649238
102.60484630106015,29.97732941071795
102.8665806025437,29.591845551743383
102.56848534117042,29.833452573460743
102.54098925231627,30.78498101434136
102.71235085087328,30.36412013548118
102.55566477364322,30.050983266933624
102.64665831131629,30.302609790035426
102.83790656858048,30.81310994913482
102.99319869310926,30.813194622806627
102.54722237762937,30.247361432776675
102.57771952077286,30.310276516337513
102.44603579235685,30.498690524570968
103.30748791301424,31.370420009334353
103.1395669940336,30.992673653064738
102.53183948744521,29.748877764024286
102.61966270093004,30.462693895120825
102.4799914967099,30.160130006829434
102.3530540767444,30.14898439128797
103.07934180400606,30.77641821377659
103.02231468747686,30.5324752203457
103.26165847708378,31.254356331416403
102.75463577475657,30.696490938597922
102.77806654603374,30.674048057750877
102.93365930558679,30.892789877204013
103.07187822063743,30.937491727116765
103.41481335627444,31.39985083735681
103.31799625299273,31.305427671790454
103.56368120566938,31.274762317168744
103.57303693778451,31.147022936783102
103.17216205784034,31.240704030201584
102.91116465468106,30.889750838683927
103.06731876593524,30.758536355809042
103.12092649604199,30.652558370040392
102.90259084797036,30.44881444933623
102.6831784800018,30.39842975745076
102.28690954192308,29.885072793291528
102.33368803852453,29.802558649659098
102.5866897134631,30.69013811928825
102.99069397127411,30.895336465552397
103.25874585349597,30.726628616173315
103.18142854715947,30.879750157643063
102.6896209148069,30.86264220098134
102.90621422641094,30.329988356813853
102.89778870264999,30.773499399646443
103.33531965252293,31.279126348330234
103.14081711611128,31.06626422706285
103.53166556589586,31.138813687543042
103.70886523351051,31.86077977219738
103.90275407384975,31.42507911291918
103.84657314788738,31.734083787325517
104.18100719042577,32.617393982949906
103.95008038708492,32.47335871128021
104.17181169912644,32.53954193815812
103.98243968198527,32.918135751485664
104.50784566059416,32.755646524103724
104.57771718059843,32.63130153791016
104.02930844864795,32.904176317869926
104.08623638896283,32.49194062396145
104.11293658515923,32.70431256184082
104.29704256130833,32.52266880474321
104.10096282699206,33.140282660992376
104.3228670823675,32.68753904013197
104.19575194982191,32.78573701768164
104.06877352515104,32.913888045246914
103.81821908026046,32.50644344248916
103.95329163293066,31.90093589694305
103.7366609229082,31.30949739420006
104.41430215320145,32.05428768479594
104.10953823179379,32.20825280944953
104.3146963091687,32.854335903377724
104.67845742844415,32.855229128775825
103.30352617298246,31.357558270267553
103.2881544047866,31.103054677384858
104.05163964108837,31.662081277885303
103.87160284132413,31.342488946456466
103.1019591094406,30.85368541876596
103.31715688754325,31.31429222814356
102.93413649351955,30.64243518606232
103.43680005557428,31.36077068175287
103.30903427414277,31.358254877054364
102.3020130802953,29.83394333388139
102.60662058360498,30.319117227035473
102.52670991485347,30.20280915584523
102.88273086286249,30.6356678490667
102.46420558906009,30.460644144677335
103.35849386288245,31.17888146239666
103.3637910177611,30.986488614027323
102.94361400789776,30.961643817686948
103.17061552114161,30.532201182876893
102.975799982868,30.4704453407205
103.04916053226073,31.012909307993848
103.10369527242283,30.96346659978444
102.88563042344119,30.884755111407095
102.81601439595032,30.480559878913727
102.75599494144716,30.346884762583787
102.64593710679101,30.272498235894833
102.36266767337223,29.953448728707848
103.01742616558293,30.74672715380502
102.70021474744236,30.630384820197797
103.0543506992839,30.457370172616454
102.76900640309856,30.913048350371252
102.6109499042523,30.75844184862697
103.15209320773131,30.936503736514666
103.26777412820559,31.108969331119717
102.42858550395925,30.28179460364679
103.00090931916786,30.899430207477813
103.23147158948763,30.634305539410455
103.14329393411398,31.042645695300397
102.59792124031176,30.233486631630655
102.45301408157661,29.726708689917054
102.89301132221954,30.369495371989363
102.52713201723259,30.146296439383182
102.76443722173246,30.811042201162483
103.0684964016776,31.050726355902977
103.12129832126514,31.195424991996514
103.70909823617237,31.235140736449793
102.90340853107291,30.766617992042086
103.25133133644513,31.352166817715197
102.47215947308842,30.563399071023824
102.93649278297775,30.99160716736266
102.57503037656663,30.315334568200115
102.52066256006471,30.253785788627614
103.02685540729539,30.881990071740425
102.7420298114753,30.56851228913075
102.73069453582666,30.2082905694721
102.95261292191282,30.934320830931753
102.57700791394562,30.754214416500112
102.55089956626594,30.676065759542087
102.64945829110648,29.71545346947768
102.526125285812,29.677461512593013
102.36345963163708,29.8593997490995
102.42391665412288,29.926847622409596
102.95089883482783,30.740772510799527
103.29831473288922,30.648950401957418
102.4426907797364,29.91740564106703
102.36533670521894,29.99500612054264
103.29403505458082,30.97811567389541
103.37796960028581,31.1488727941192
102.55030815126942,30.748580525917838
102.8920856580299,30.411694963169573
102.57015479827236,30.693025321709424
102.79327395547692,29.523186574683283
102.9400676591359,29.623467800248623
103.06104882467993,29.48599321148202
102.82284024977602,29.48383310054782
103.12573328967119,29.453336441424685
102.69398101412884,29.671924150425728
102.39610015798041,30.2244749176002
102.48076435228418,30.337258382864267
102.67026745260908,30.324190953182047
102.58547054803026,30.276936334382455
102.37043948885307,29.970065382225936
102.40727948800684,29.998708253642917
102.94469670449314,29.548608307935137
103.18198102349726,29.536410463458214
103.0170422180423,29.494498836059925
103.10898346877056,29.48160480164154
102.88925310716269,30.690876364301598
103.31680227492967,31.240834357797294
103.08350446222549,30.57315172168603
103.30300182231623,31.012589810436967
103.89915137222224,31.43028179755639
104.04199123715802,31.721745945959324
103.80164556615111,31.772983954816148
103.968184747222,31.808769870088323
104.32292857901034,32.18291658554713
104.58049967908408,32.522430895565066
105.31875460423839,32.823583666547975
105.1595901063561,32.93476767769621
105.53859158463493,32.78646563277991
104.34369195782166,32.880220968098136
104.59123918261534,32.867977246208696
105.52914804722288,32.90738494379119
104.97439635834625,32.60609491399622
103.73266608113539,32.077805248909385
103.59156941594759,31.185232243517977
103.65274592908654,31.142906075041296
103.01677592844857,30.80893386650957
102.88461902911996,30.5123744069103
102.76601647385176,30.76615344434735
103.02609585119582,30.656080925467492
102.93975392638956,30.591336386982455
102.58011922650371,30.37442277417979
102.65763799498261,30.77577613598413
102.8548181090335,30.814336352584117
103.3069358940264,31.080889079792872
103.34041800297993,30.840895599759587
102.49468061730701,30.601778121665685
102.86638340291869,30.54895621665279
102.28873692404888,30.05034190159681
102.45348837987544,30.377567368678335
102.84202332904182,30.39464337652157
102.62926900371178,30.39734480532916
102.408381414083,29.948646640769784
102.539507783484,30.466573945593673
102.69276790174574,30.335553676459917
102.74442140015928,30.361090860731903
103.42800304815287,30.8342808931368
103.08492052193881,31.080060007851362
102.99760390959263,30.487474324902838
102.54727732653149,30.52408665936355
102.71924410402004,30.65615658268471
103.12197242339347,30.880918974779046
103.41867916533349,31.200598771690206
103.97967324342235,31.653403904413906
104.00838907972108,31.50108383439337
103.73458904446603,31.99316969478217
103.68025583457448,31.22236933375358
103.20052221020005,30.948088257266583
103.2388285934195,30.667908627163477
102.88377587421193,30.895521772603416
102.80973018687527,30.52647846849148
102.82590984812616,30.705222886754683
103.0557929365343,30.67808785131293
102.71724310709281,30.679587066516977
103.02665070461495,30.93293739389558
103.17229920011596,31.247406002155294
102.92361241949985,30.82332491171839
102.41119139352878,30.274458455229166
102.46709028648634,29.98182664839966
102.67451551542948,30.644268706090998
102.92729409249297,31.127732580621085
103.01046794734883,31.006283549211105
103.17335077537396,30.93999705514611
103.06571022674088,30.439169948295348
103.55421064134563,31.160878576016017
103.03488569558107,30.602012831862826
103.12794064885728,31.291824804199518
102.70688413812955,30.725934046420583
103.21635268737901,31.06487393569547
103.02861971082079,31.193556479004673
103.18595926183816,31.23784736396765
103.46806459608229,30.933552276980667
102.8628377574928,30.889900158965848
102.48212234836035,29.88754917546285
102.9077194029264,29.47905951075356
103.0779150177734,29.554219003665107
102.77575254302097,29.631549538776742
102.386942039161,30.00225080257856
102.61521567985886,30.36029524052889
103.35464009678005,31.013583353175456
103.12802449092325,31.274897834137867
102.85624861827142,30.42602538676347
103.03691760686048,30.6143051626393
102.44494993526253,30.05715629503327
102.51396158727843,30.380404816594726
102.41558910852231,30.07666349821066
102.55689678496574,30.442603112366143
102.42819268027499,30.436847815859085
102.34345894613784,29.72188972512336
102.66340080879185,30.160057656076887
102.4728690215384,30.100846101887292
102.47767050293659,30.470561147655673
103.2872903936378,30.83143051378243
103.04487162126622,31.274584625496384
102.50880785441927,30.607922369568303
102.82482811970749,30.571438980553978
102.53879286129992,30.115262160388106
102.88180126655409,30.46166379844893
102.54129812298856,30.56048580637118
102.31334272666682,29.83712419807323
102.4276616783344,29.958137415087148
102.55030522320925,30.125973103051724
102.72832955309114,30.59062608806428
102.57218620367864,30.098313994296863
102.76086484983936,30.90345099003479
103.26273588496939,31.079803298161387
103.23250020519453,30.758812523941707
103.28774985552832,30.944446138502418
103.99288671487935,31.675532234446923
104.06419646625835,31.694336898131176
104.50979413895539,32.60165242817034
104.02827402599357,32.328807175040204
103.928018771801,31.96699171603202
104.11720701449106,32.61231681763447
103.94885499917781,32.43289252131296
104.03514391746425,32.10183029840068
104.19691564586178,32.72242183973415
104.5454363581849,32.48547725919672
104.79049264894252,32.653673736133484
104.28551409200308,32.74317015963001
103.89741853223582,32.492700032361434
104.02908803165606,32.665664850078656
104.48788853433439,32.65518720390933
104.87894287348793,32.719965233704634
102.83545697739305,30.47831795861781
102.4873673109298,30.329283015064135
102.96056481727325,30.88266783566796
102.8370840019998,30.806797279624934
102.9900932132147,30.645012006793618
102.57215171399555,30.36999162065727
102.57535906481944,30.189835334152498
102.55358717829826,30.1889884909721
102.61944947963771,30.084837556888164
102.92455292360677,29.61926049832762
102.96912179591428,29.541044780187566
102.8679556081102,29.57437251996036
103.04958201900172,29.448551141046824
103.01817566608347,29.528262799049518
102.80147653654203,29.546056722624765
102.44919703246822,29.958166691599384
102.57188472548576,30.379151761228712
102.48551692913858,30.5511417404956
103.12103290663921,30.926607509906145
103.06476034938767,31.206418518763382
103.48131365051502,30.84744986814942
102.62124429234564,30.545076945580078
102.8137036435819,30.90979719501203
103.31492509324238,30.7270260639636
102.95118497792232,30.72555765808755
103.01241186613345,31.09976962834962
102.64736284196043,30.408887729239392
102.79656804607886,30.623867434163813
102.67777334328416,30.259797053078007
102.77648723896694,30.553380704291545
102.93984131548265,30.678229651781223
103.0963894192384,30.701304409893662
103.08250303876439,30.567738295586665
102.8137356946263,30.66263790388815
102.77659852325819,30.91725855944184
102.69132245945634,29.939808276301036
102.57249477044022,29.96949439032741
102.55650057674966,30.591191215454636
103.01764078444023,30.50715535084467
103.32500155359077,31.272774637774358
102.85703996256116,30.857755353097268
103.31102235110349,30.751541977433877
102.90438066054458,30.57090781794295
102.31547934334596,29.83911199060079
102.39296532457124,30.09273602121405
102.70147751575512,29.654634319907384
102.38757661768072,29.82747612976411
102.58687819896714,30.107049499289175
102.28243527351403,29.869870481882742
102.35963721500484,30.093869786058388
102.89684943264172,30.437662629623798
102.6322772601514,30.130916864577213
102.62161529716619,30.822075736910246
102.85294401852782,30.711592424358034
103.9171702367698,31.51008887764658
103.89488649959507,31.399612815027236
103.92829512322916,31.47493668646691
104.01563098710457,31.502132588715096
103.97576362245643,31.946645817185665
104.80434772107712,32.62632950376498
104.25540854454837,32.26085287009245
104.11653244727236,32.65191331061724
104.52334148939346,32.60185799660055
104.23881906643193,32.072930282957635
103.76485556690517,31.899577454023685
103.94908015681645,32.27211206523063
103.73793143935994,32.05712305448162
103.93688036740579,32.21932031546943
104.01135420959703,31.628407936607243
104.04757516850844,31.45460575465966
103.99182334843898,31.630280539041618
104.63777386533617,32.858807882271
104.7193428520497,32.600503860596426
103.98809946336556,32.29497730085215
103.82652231412665,32.67341281227702
104.87851082131368,32.76349122418567
104.00046022549992,32.85594549783748
103.99038301496604,32.81975049418302
104.01489438283706,32.81455597806823
103.86520009892098,31.930630915074996
103.86291693629,32.0415015812422
104.02732697929271,33.033184451064876
104.33359244172763,32.97635909535358
104.30478681019986,32.63708861430881
105.47460731840388,33.077235874493866
105.47666979233277,32.88198389591898
105.33104334913348,33.038407306205265
105.51857495726186,32.839972567152174
105.32758574804137,32.86283925362319
105.21950851624722,32.9051754110224
104.58527390605606,32.620848561561594
104.44115698257171,32.80755141463665
104.26890057645109,32.06644199474941
104.09602305524307,31.737200130342966
104.29679783751688,32.13543325804998
104.24264065062604,32.21756399282051
104.01405589156018,33.09195105691927
104.22551902998194,32.34815733171845
104.03990306907544,31.977847451810515
104.13096254466768,32.25818883653403
103.97108410306559,32.4926635623758
104.20372494125876,32.207879835187285
104.06214166004271,32.168314163177534
104.03522583352742,32.6392360570113
103.94083460569065,32.57817881849969
105.43226388659481,32.83495592820596
104.30857289269126,33.0252184350031
104.1153938146984,32.77217198000663
103.8497693549947,32.263362323221784
104.09411071453202,32.05431605362137
104.71469310992622,32.66820901361177
105.32442766625587,32.66611507058687
105.39065323828717,32.73922780208662
104.53653483594843,32.7812333821415
103.97384491260138,32.54740630193027
104.4940594115663,32.78501613463279
104.40744924555287,32.57008856014921
103.94995615178004,32.61786992912855
104.21185264964389,32.841845456652436
103.90625684925432,32.65816687501746
104.3411718082156,32.70193192275761
104.03126889254122,32.33007479600404
103.99213428252587,32.74445438978414
104.62116786975886,32.56395753749008
105.46057447609105,33.0979607607702
104.93916010457285,32.592381480136694
104.82102819001197,32.697506110899496
104.02883346413986,32.273494456791475
103.81246761332115,31.987405971822945
103.4548310703109,31.389532395366338
103.09705700517502,31.141419239239752
103.59079046450432,31.280794436104404
104.03356883186164,31.716514759287676
104.98332356060067,32.63302097310361
104.88091537644233,32.61718588980825
104.68100809353433,32.469506200351496
104.20391605731778,32.745155462003304
104.02473275969972,32.732887606339546
103.99056591943008,32.96686916407014
104.40389933653046,32.12649770392292
104.24445293307365,32.691880569126354
104.50071586135306,32.55374281076452
104.11463297659185,32.581565426335665
104.14346643200759,32.38569949822173
104.08620701374872,32.32910133301513
103.92636219773829,32.30249916873292
104.70645064889037,32.718500177274
104.81145883511677,32.79132428024628
104.73197540896531,32.691948142857946
104.0918421747579,33.010105632719686
104.5446882569502,32.77408879281422
104.3060151164988,32.8871355729473
104.22722433686144,32.62706984253477
104.15029705154616,32.911274260074386
104.13569056265207,32.255324527148694
104.45739315580819,32.795274709515
104.85771282029093,32.749416864613444
104.8888892917176,32.59188420515353
104.88900135405508,32.67714278183885
104.14001325371372,33.13654913096345
103.82050359794881,32.481117806609255
104.19298811249742,32.13051033976516
104.08039365800784,32.02582867311407
104.2615944953006,32.93289463460086
104.89132978606061,32.57231905506429
105.49256039365396,32.78332445319252
105.45451700989156,32.8862447638983
105.43968017746903,32.951430275189615
105.2651747360964,32.67492437921869
104.46815522908943,32.591089722435676
104.17147084869636,32.414775006888085
104.13357105190165,33.051009579930955
104.28833305079527,32.826563902171436
104.40115166670667,32.70397165219938
104.9104159492274,32.73357022439517
104.4309257125716,32.06590151671947
104.4642517057362,32.63740293350396
103.97987934686643,32.61273241450169
104.62025306951631,32.62425000243891
104.48833391440051,32.84519991486462
104.58693087602,32.891559554354046
104.6385445374617,32.52759337797991
104.51239253357191,32.59531774274666
103.83815360228762,32.30316798279286
103.80647256527298,31.887257145229835
104.78714668533443,32.67059058676205
104.30299926878143,32.193506871555755
104.02129330200489,31.960291059512304
104.2848709302285,32.141422035500206
103.9647482614983,31.471518266803226
104.65156276955034,32.671851308547026
104.79383811124593,32.70916717180437
104.64029013304008,32.66922238942328
104.06717488147804,33.11459535655933
104.53335853527956,32.666878662697705
104.7016818278794,32.55013275559109
103.89331983065783,32.40846681957325
104.61514246953328,32.537230123711424
104.04090449704002,31.710752413933097
104.03237410929603,32.09640725435608
104.15590942037062,31.765746257365734
103.99568150824189,31.638310958884986
103.8152305774664,32.274353182573634
103.95033938123196,32.30985288181368
104.1269365335665,33.10031934585438
104.0612741669294,32.615668158034545
103.98975168822308,32.71371257044791
103.72801544140368,31.98108602918489
104.09688502635476,32.43528107639463
104.29077584514077,33.03997869373323
104.26649117463243,32.51246447586363
104.7702864363152,32.71045269579296
105.15992238295782,32.80360635826304
105.36074801794548,32.81618577605866
105.33326818333593,32.68930677816521
104.75638184486364,32.51307123792501
103.98855667207202,32.15854946768243
104.15449580898154,32.193108141058865
104.0099588299973,32.559046217601825
103.90661947265681,32.37319813323928
103.88162821055282,32.27638067672308
104.0739619963207,32.660399051050845
104.34278122775568,32.239432251944415
104.39989627520305,32.55942623090317
104.08251107003473,32.52772597643857
104.07584635663603,32.620092249792485
104.25485409559118,32.99686958107773
104.01381691654484,31.523060760911918
103.97459812432812,31.372031190299424
104.07284089039328,31.584030748080977
104.02927686248711,31.578896317513035
103.71623904396068,31.904738882208814
103.75743905005682,31.950992182206495
103.87023716044624,31.515795147102843
103.79425806585911,31.503383350505644
103.92257097869548,31.81013380063096
103.90397140366285,31.621046718813794
103.8780056933527,32.520362431886866
104.32230722989257,32.62526026743366
104.46361307740693,32.09979835964951
104.54909042720304,32.57177827666695
104.3109475682677,32.26703321265291
103.92946354979796,32.406349815106786
104.07203858709161,31.597442401221592
103.01922528516651,31.299664699831062
103.16018587226294,30.97818241912828
103.05996877597165,31.07245834419466
102.55363166883761,30.760049938160236
103.28708428602111,31.407840426967613
103.15651403985667,30.94801785732431
102.47834857255275,30.56995870424714
102.92403098513643,30.521668599839153
102.87850267855781,30.37271573807947
102.74682446679526,30.678951044770486
102.57096848060793,30.07590185224927
102.37633321694024,29.94355077364615
102.40082422050563,29.759011791812203
102.88642549507472,30.604694333368485
102.53278541906728,29.969843192344076
102.45692800366581,29.868395163175986
102.3654260945519,29.8783260157504
102.40172551381083,30.02650989586112
102.69451477002713,30.648670885088876
102.81557280853241,30.75197975673733
102.56274093227363,30.28214976061291
102.73263787164706,29.629855921278352
102.62608842582506,30.257320596796532
102.7924507809622,30.84452346523372
103.28009955910039,31.167818562861918
103.31369952522157,31.118894263746693
102.9597718636743,30.94148656542203
103.00757340568086,30.889893137045682
102.98647973110477,31.071519509138124
103.01409318345004,31.15421753767065
103.00628626896173,30.9282791884236
102.91721113024157,30.863131115827066
102.60928574279123,29.947943833508766
102.63146823180236,30.176351072267902
102.63823893466237,30.12412313716927
102.3987725579832,30.144767350490604
102.64290800353335,30.201958224076517
102.51417131694211,29.8692282495329
102.4653681253377,30.16911473199819
102.8937686493199,30.345651028753043
103.25876575203534,30.90640382151488
104.75009219476401,32.57716651025923
103.87675605532097,32.37506098896257
104.1636456585695,31.754680320050355
103.72012445064424,31.298384920676018
103.35270315531311,31.291435560367738
102.84132674492948,29.619438872376953
102.93236897113195,29.585446256164758
102.38639691068637,29.716156766844875
102.57392905967117,29.890498735820273
103.06841310893101,30.749978620353357
103.22384796172094,31.327870765134985
103.4105322226576,30.83357274227788
104.22373967949312,31.65007215540686
103.81854131981953,31.37395157153611
103.60692324733733,31.109757912962877
103.20514920211633,30.55887838832311
102.45501653960406,30.553841629422923
102.3217805891425,30.16609646980215
102.48008618844567,30.26989122718906
102.66274101699013,30.293016413251674
102.47376833467355,30.217379740850227
102.92432469110884,30.853865533725916
102.66315554902384,30.624597022317914
102.96397639702356,30.55334021531337
102.87528529103244,30.50682456838925
103.03876190074847,30.568529366245414
102.56103847879223,30.433149600373003
102.61126564739037,30.133370573873975
102.4262075769086,30.146200043670802
102.47513643182553,30.018165380514464
102.8594258790651,29.58717280244161
102.70547087039533,29.919013268893345
103.00004171985135,30.68002849867505
102.9352277601514,30.378258968445156
103.10566275717575,30.61187047786844
103.07856701798737,30.792286483459335
102.83454527234666,30.90428619940591
102.62933532681653,30.480112334938653
102.4934695607626,29.86730184803586
102.86297931955683,29.609998038690826
102.93237808859818,29.587870356779323
102.49253121734569,29.712627614023653
102.46912723200528,30.36729857009339
103.48016172356692,30.880756112676753
103.18490244856713,30.912045223471644
103.04408377161317,31.193217236195665
103.37652752956984,31.030901303622652
102.98047737281979,30.75986448234307
102.64566559733531,30.837016078819847
102.84970742152947,30.351871277697
103.10332387041151,31.092806897767936
102.57983976334087,30.43334759830463
102.63089441156717,30.649958694711298
102.72705772553586,30.65012234972032
102.67801327837392,30.823060875004316
102.49023251756051,30.17613503905319
102.53934436935067,29.899971578171762
102.91790767843524,29.607451353615005
102.7097652376915,29.600888578784126
102.92764754455014,30.845759431941396
103.00185912704325,31.124363200954345
102.74881907596217,30.612809640059908
102.60304624976794,30.84387039105534
102.53356433035671,30.399637576283297
102.96471323039283,30.492346385553564
102.9587412223411,31.01345097003456
102.97589370001108,30.485911196137742
102.87396640690338,30.85219633461619
103.13522528190924,31.275850497262798
103.39902979333155,31.200587577939796
103.37136449361246,31.028453741085023
103.11137796533876,31.041730398003317
103.22018842840119,31.196653140595977
103.05699033439794,31.051312252872332
102.4795323844747,30.577631682168935
103.00884824884012,30.693483300717837
103.01290609006337,30.83370881025866
103.28473734985248,31.009815224105438
103.65915697631593,31.308668023815258
104.00243827049705,31.55597593132572
104.00218983127702,32.11181196197652
103.85481286831032,32.25187039990815
103.9793269063386,32.251867296823804
104.19624321372434,32.269357789365884
104.81661842889126,32.597861202460756
104.47718409534497,32.82214513485701
104.04511792144972,32.07331976825703
103.8276696575438,32.41345449247002
104.69320837955289,32.636768548014444
105.40679296865576,32.92880004035121
104.83349691799272,32.68029801073478
105.32682978868586,32.68372955956295
104.87189854539197,32.70817054594686
104.08738729365255,33.10122515773688
104.27583495642311,32.32744184433478
104.24196341427992,32.795630888804695
104.1095513354806,32.98386815397218
103.83291878209184,32.476876117047354
104.64109275603987,32.74408121594434
104.36339391462788,32.5859319966534
104.60381267618597,32.631769236752035
104.73577792973008,32.46496554255194
104.18207213150498,32.81470077910829
104.8024564468453,32.78958639012364
104.03591834528518,32.43492455097373
104.35782481158077,32.70319625212337
103.86884857860842,32.57028431273709
104.08030000503351,33.17418993275214
103.93228220795976,32.69745274457024
104.32765682018322,32.76348964015237
103.94092483279772,32.61929937243187
103.99405250791462,32.431481705481254
103.96326189402843,31.557024462601067
103.65159024911138,31.28812199454434
103.91661288885916,32.28115585395056
104.14221332204255,32.843712842806255
104.18680474441642,32.83166235702637
103.85579968431341,31.944796897539486
104.09616637511243,31.65793616617761
103.45258298803522,31.392363559062176
102.48621745926236,30.666835596503503
102.59759506088719,30.479813241637256
102.52082421799004,30.06390195685312
102.53285953203017,30.58080050409476
102.92291838226383,30.889410992383365
103.55140024083924,31.27665584474626
103.74837730273575,31.303097810434675
103.06766206870972,31.237453545668036
102.43121241932643,30.542388564476198
103.22425632974895,31.068550104506137
103.19389661718228,30.760982629648417
103.33683806098946,30.97940920572396
102.92498280191852,31.157533794126813
103.010210777508,30.863774437008736
102.72367314769168,30.908332655397196
102.91559141640197,30.37823642222399
102.53532583061622,30.694419061020152
103.32255533479253,30.79719391246887
103.18680868215127,30.82931501451821
103.28322877874932,31.11777805564771
103.9962070501943,31.508540847490046
103.95659729246736,31.71156994589511
103.89282267175132,31.400476254178546
103.9272509559359,31.606492404017036
103.90989084083193,32.402487667730945
103.82522315422544,31.53363620618128
103.92426371778605,31.414780485766144
103.98015005145312,32.01954782548447
104.39710964731586,32.30657906623172
104.17613242210889,32.21998951920876
104.06855012680434,32.41592862540957
104.31744419958882,32.99910988577457
104.2926020990189,33.03938934152803
105.31256458279793,33.02300109937632
105.31256458279793,33.02300109937632
105.32880810087958,32.91583308630708
105.50837169499961,32.77738939892901
105.16522409936142,32.691680548108366
105.40231425964079,32.8517267882367
105.07507129875437,32.58756565879763
104.15579230919435,32.58761364913553
103.9150004470732,31.650686681330292
103.87914559018654,32.39283847338088
103.83252814502481,32.58966164490428
104.21141988868668,32.82452437222106
104.04485272222846,32.9060858873969
104.24729756590665,32.97657080857055
104.3591233613929,32.8265518858194
103.84537728737189,32.47523766625527
104.1340590071544,32.372776185085286
104.02744000501181,32.72982418006383
104.81301645576056,32.57595037429331
105.159681957982,32.816690255877695
105.50381273102948,32.77449461343068
105.29931851524795,32.91038784784101
104.80195569774472,32.48629382831801
105.14078912950214,32.87795211987234
105.2635430766818,32.64528788665292
105.14216531453015,32.89214168899792
104.34346106556019,32.850877458278
104.24258507852673,33.01403085220653
105.25582580877284,32.7999235870762
104.34137285284739,32.982255696020246
103.94272412818351,32.6701033406949
103.86926367356665,32.14551614944744
104.7937890253379,32.77634753314731
103.91775552235345,32.581669525226545
103.8236148641894,31.80769423077288
103.94688861973253,32.2268699442446
104.42231712805848,32.7871538761326
104.48396106331299,32.672741791956916
104.54744513281831,32.66944630335178
104.27388700222453,32.64579431070784
104.04664398608003,32.84625603071441
103.823021590142,32.640202689825166
104.07304147824358,32.15405801676655
104.69901115490744,32.71104770848401
104.57925087860758,32.849876177781
104.22233831628539,32.741787586015036
104.04117990401261,33.16497452405196
104.04117990401261,33.16497452405196
103.80638403700098,32.4970331274028
104.48983985591886,32.73779467695267
104.17409502901,33.09084128889862
104.46429232887456,32.72232009501565
104.6608816980951,32.736615313388846
103.80882633644465,32.02607016775679
103.78422193418938,31.27060243298265
103.29885537162657,31.316828271077455
102.97676653424811,30.780877716495453
103.30017274463225,30.67129860952198
103.20951034514867,31.131917694839135
102.6984984849008,30.706301279148214
102.79143055487754,30.529725804987017
102.55041764776647,30.361368676790676
103.57446022852591,31.27884333407721
104.14493535841643,31.747993379267015
104.0126859148133,32.32806586922513
103.96843839790361,32.93583544374863
103.74254999778996,32.076851398209556
104.32390344102991,32.206259682923
103.97369296926365,32.8334169775741
104.58621422137983,32.81024290490589
104.14804728529388,33.05167501606045
104.2573411441375,32.60845578078317
103.96940804064042,32.354585146467876
103.99779035188034,33.0071688761998
103.91523460186507,32.82807590811839
104.61851241498952,32.79062429270115
104.54708781043283,32.72103775756685
104.03900544309703,32.47349380508146
104.27486867185557,32.894035400991314
104.34622936724345,32.91022495774572
104.17688460802027,32.28762806812628
103.95271399967346,31.61688643504281
103.90770168030551,32.314764219732695
104.27833207956736,32.56035889521556
104.00836996735053,32.186808160426544
103.80837273254676,31.424742223756034
103.98504770783026,31.616397508278432
103.3431901279678,31.137651920753875
102.71172252981656,30.717662972472283
102.81056018901154,29.54050935263126
102.54045507484136,29.95567959117014
102.67387882121388,30.002507213195486
102.62092475784034,29.9542493794317
102.4153857178554,29.909899577943868
102.53355719212176,30.38585561564089
102.73960877191904,30.308371880329368
102.77611791469963,30.269671480787324
102.98633886578357,30.585840866937584
103.68966130284181,31.315633832799175
103.30570412260973,31.280941900482873
103.15163762545136,31.25515218588071
103.30129565878991,30.746424904996307
102.64912162434821,30.66233488306225
102.54246163308673,30.502054723818325
103.04391329627403,31.20002237396286
102.58227216811439,30.837457701019417
103.0369241277442,30.714808447697482
103.06938012013316,30.9781793530818
102.31209141801686,30.08419661961929
102.43746854454014,29.785770538175367
102.73856524720404,29.618287525423884
102.45573735881219,29.838287864184043
102.64378479514926,30.388119076282205
102.84103851461734,30.86380923025718
103.07393214754053,30.584193315298858
103.4365552238001,30.82770567514123
102.92164704010956,30.580706082453737
103.0375229540703,30.809139391720716
102.89363687978577,30.64354502015133
103.21125066234255,31.340188152057767
103.67175822483019,31.31893677634586
103.07556002441756,31.149541506725352
103.62797573599806,31.290780994487214
103.9349496102285,31.45119891343665
104.0718201574595,31.45356109812252
103.86387170111048,31.431772854827017
103.60299054324962,31.19008451493337
102.96622699655977,31.23329491844194
103.19921009705651,31.077017478529385
102.52219190745278,30.44202500121152
103.14943121083378,31.086139798828196
102.88193472327329,30.489771519825528
103.08984836427013,30.70303964761526
103.18090781295113,31.281863330824336
103.4320950876188,31.382174637090035
103.12134331130652,31.1817358520267
103.00784964823983,30.74480784394158
103.15754686067191,30.752659608641622
103.86475814510119,31.405734970062916
104.15934444175078,31.745772570382574
103.95615918382315,31.823909312202698
104.05890651597001,31.4438258754595
103.83021502440761,31.409613374305522
104.3537335526314,32.071877231571115
103.85502243222035,31.898676761006538
103.91493703513996,32.86806473320442
104.47700493527698,32.83824576427022
103.90170175599275,32.177941642486196
103.93313491208133,32.71123908911203
104.06219188071981,32.91352055917578
104.4035496062907,32.89987051243995
104.34863886107317,32.517018487031486
103.89253114945623,31.728607879299258
103.94400147182829,31.855651668043194
103.72691486644526,31.84919761858159
104.18043460935176,32.374687735528795
104.24248285953418,32.27945421843079
103.94964810444795,32.74027619375493
104.11526306212966,33.16844041165233
104.96037929575311,32.71370797139527
104.85504541349107,32.50548515860978
103.92121514271065,32.81243294271586
104.19195673813937,32.135108086852355
103.92406121948483,32.240158959017315
104.43122828335072,32.090572085572234
103.72285971526298,32.07015705798065
103.94747138461886,31.362845847125246
103.92250948993444,31.62404313644865
103.99378650856927,32.160856224179945
103.9204312192437,31.436846148815807
103.64634879260888,31.30012334517163
104.35704982329071,32.13337932693485
103.87025293640642,31.905589348259767
103.7810112117015,31.55488693200862
104.06730610978387,32.29662099322527
104.62934495874778,32.703005354005086
103.97603402050892,32.69328771029152
103.96274544395443,32.395512002295504
104.20550617712182,33.028701838551974
104.57611885514726,32.82351330732344
104.30279273100068,32.90004513572636
103.99298086049006,32.85020995825001
104.65289326952687,32.50894369685282
105.28509914285566,32.68199479591568
105.1974659647548,32.670574630774944
104.04323159978341,32.87089776223899
104.69438154525093,32.78014636429554
104.75920699110908,32.488043503961
103.99491845141307,32.51351029391267
104.02480903759239,32.78163517501595
104.01752965300223,32.86523407951504
103.85876827987673,32.03588032519862
103.85294684331433,31.908066695322265
103.81108799513973,32.02621690741142
104.23955845296551,32.08221420155796
103.69730028915872,31.222497058312598
102.99285069017547,31.029062563264496
103.21485370506508,31.127434131751983
103.11881727588009,30.798943574839605
102.95454089396087,30.7305093079279
103.34586000275115,31.113753171690817
103.93117237851388,31.821151352501595
103.80434134208016,32.07231371831981
103.7765299438801,31.847325356473434
103.74694301497348,31.459178077133146
104.22304200774438,32.307037590481734
104.11665338586624,32.47606397711403
103.91499321155216,32.88675194388586
104.46537619282034,32.80388894704852
104.08167120401198,32.050924543544525
104.47328231429587,32.50899211297397
104.06871248759542,32.21022969365497
104.87705985744752,32.7102011706675
104.70910157426492,32.832241494426896
105.16321359742793,32.91492675032276
104.32688871268732,32.80279909459661
104.14789947723405,33.106747027875926
104.25926969639171,32.57214115610761
104.7945181896582,32.590986614079675
104.04413560402062,32.35729982196603
103.99146579202448,32.33865829772917
104.32551288132485,32.683083477782056
105.44406371997457,32.7463940149419
105.47391166651764,33.10421054913811
104.81846319244502,32.81557741907088
105.5014554826889,33.10375704183149
105.50968980044003,32.946910573430884
104.3713025620188,32.28579703828059
104.03283237608069,32.15176397354066
104.0489248687604,31.959032102230314
104.04833938037103,32.45442494675413
105.12642819362495,32.618449944510765
105.2234099684566,32.916248356757585
104.68753595324277,32.63589898329815
105.45141919536461,32.76723154724743
105.40777503279573,32.76458779509995
105.42969309176466,33.03236948216236
104.89379983681474,32.677564795024146
105.30916043492041,33.04044743862518
105.57741612617168,32.961608031094585
105.4917117504716,33.032319485068236
104.9492919095979,32.63320844592453
105.05761909489061,32.63422802284608
105.32912062759682,32.87615755131374
104.38742047058155,32.962380060474125
104.27706139460415,32.989410224693486
103.92996606244525,31.802157588490175
104.1186235659394,32.371578400691476
103.95203790268059,31.543480416023918
103.72800548662386,31.370592740654192
103.41246314104387,31.38469612334862
103.28227078170981,31.326458234345477
102.96553328006536,31.013563625610317
102.98350352572382,31.184312577603166
102.61207033877702,30.840025713554866
103.0667469429922,30.473783100856114
103.88842983066687,31.42504075815351
103.39708861577593,30.84564003593904
103.23384650028488,30.796008116525165
102.35200498287921,30.08446728475787
102.51772720334881,29.66517111206964
102.67653761576136,29.60444462187761
102.97923932952365,29.536252764128506
102.7696003341653,29.595831057673095
102.81782285521756,30.453693690920907
102.91925580306683,31.192754934708955
103.56753568699075,31.180002772806514
102.65065081838286,30.48831970012418
102.36432133491299,29.837959834546023
102.46552276124883,30.127795881051956
103.23873680363998,30.779863441444185
102.70867785177755,30.55806474789264
102.36574713705365,29.83988352457124
102.48343713271731,29.891628523971935
102.63548536898605,30.343657063693808
102.58045081810008,30.254849923547212
103.4249942675325,31.367667303451743
103.06373848710858,30.919483220682118
103.34522901223558,31.33917512819484
104.12965625423311,31.779259463415944
103.67009128316239,31.271771288389925
104.07998868165394,31.441931838479793
103.85554782676569,32.355305519388295
104.08175723925332,32.189421648442554
104.03104720264783,32.212938894756924
104.02333440769934,31.830960618948488
103.91281741758827,32.05575666428901
104.08764189103755,31.871471991184144
104.39446360681049,32.58054352040075
104.17621044862248,32.90097910008445
103.99606116751754,32.357602024267216
103.92841297194944,32.54034530581899
104.25932688754364,32.89072541221597
104.36739238140534,32.789108343960386
104.12312916750687,33.08609125140793
104.25143577970317,32.68719359977873
104.31515848363405,32.8587849067782
103.88557087533975,32.57388302007751
104.04939328912107,31.64967317766617
104.00578836637271,31.619431704134993
103.92460848300433,31.35980216359004
103.82444710531308,31.441254227587066
103.3735772951149,31.413275610636394
102.47625934079409,29.826503564034628
102.46860566349459,29.86902646670092
102.9591236190752,29.412860201262543
102.83318696322232,29.520587506118243
102.83110416119078,29.581137174855797
102.59021111992031,29.854891108912533
102.59482594361842,30.393428946491596
102.50628534208727,29.949378330823915
102.84139724968534,30.716038982623978
102.5077487950629,30.46612218572647
103.46750368696937,30.93487506533013
103.40577012531895,31.289557160686233
103.32168146904894,31.273422182996445
103.02212482260266,31.143250556106196
103.37770181067596,31.11793503422487
103.06423807830559,30.901642324409135
102.4319770636909,30.144867299895594
102.57125356154206,29.96720147533072
103.00343467065379,30.52847370093358
102.6562566574562,30.145731703423664
102.4495655106803,29.92539469492911
102.470809806204,29.88865869302568
102.61819214856682,30.693885278002156
102.33289529596462,30.14064090334797
102.88892783177656,30.60973487288894
102.63450513096187,30.15771770012708
102.48585747478188,30.034811920474187
102.43628773546605,30.292632591851657
102.53010995527833,30.098303785523306
102.74108841893403,30.22265555546868
102.53237238532662,30.182961241575462
102.54984950975728,30.2336159637902
102.91291313792192,30.593039715618154
102.55110709106577,30.67099380089735
103.28344459687085,30.67599029169208
103.11607936238919,30.98998549784534
102.86023953055665,30.699079346945627
102.60988464049099,30.654105774013466
103.3535463884179,30.70962850810899
103.03002981343333,31.11433306073048
102.75248660406008,30.73707088439989
103.48560979277487,30.892244908721
103.37888111939169,31.430400508118492
103.28718518283944,30.713161018026987
103.01272266363678,30.53818379750138
103.42875719367011,31.175258013188085
103.18483027312857,30.68442121668377
102.9831946584972,31.229833746459803
102.99693805150017,30.85387410460212
102.94152978180145,30.548513531004946
102.70289696621387,30.58145726413009
102.58013262140891,30.83513915969292
102.40838354182341,30.09751081956746
102.40855724586206,30.28305780601029
102.55200035540649,30.051026252663632
102.72516907439127,30.288643454604223
103.02129985941319,30.72619854249227
103.15106217458869,30.675747189629895
103.11310886065611,30.438313256948856
102.99772373036554,30.4321876491424
102.70406483003457,30.352060150403315
102.5339522915972,30.725365521174073
102.54245667526712,30.597700056645714
102.64672179197548,30.839662739131875
102.39095195974107,30.216004598995813
102.94729678562567,30.52640113950188
103.07650885973761,30.593607419619932
103.07321804554165,31.213243835655064
102.96294813075528,30.889061405721357
103.55689644185803,31.175553201624595
103.3918156415143,31.1149183798474
102.83734442254476,30.57196824466197
102.64661968784534,30.123389027860604
102.62999883123682,29.99998280852714
102.63999630486916,29.703987754789242
102.73745897615133,30.18545693527356
102.58097040281437,29.902907004898363
102.42827665874104,29.87425468849959
102.31440405487687,29.858550272720997
102.79079386466667,29.617861391795138
103.12348029707074,29.490054702237593
102.75497212066269,29.62883286686169
102.87699482256056,29.48459238658222
102.53143509543393,29.687521937629143
102.71193872004814,29.58930699844498
102.49773773850576,30.09123314884862
102.29657048925075,29.892882376976367
102.54559721581015,29.73699293254046
103.05610499726528,30.867685475592246
103.18333023001864,31.022275948510774
102.59493730722176,30.804764793806335
103.05695083794078,31.155363763839198
103.26673061650455,30.86029268791556
102.58444467977212,30.624539135230236
102.66829951899022,30.692231659762886
102.9858953757444,30.422472228591893
102.68386236703296,30.754036463472048
102.87002444008245,30.712718363977345
103.33757908802319,31.190010573478947
102.82820852870589,30.703668214912316
103.16043745880735,30.835363468237023
103.4096327085823,30.825697745477825
103.13466091293425,30.647315157991454
102.75894637905778,30.284248365328875
102.77713040811577,30.89596660575022
103.11727015924714,30.712470214194074
103.00955683065946,30.511185155919414
102.93068478218856,30.87273489117594
102.83134020650361,30.733327610560274
102.34360093762498,29.74211893493501
102.40687447910788,30.133372192767666
102.57816289409924,30.759177920826644
102.65609720633681,30.656295071590687
103.00336228534464,30.918501849722226
102.33142136586756,29.871681975285163
102.47389380624925,30.29364080726861
102.86890964454186,30.34041798007347
102.86134865197465,30.702003183715807
103.23668313327704,31.077363182204312
103.6346109406881,31.162598202812188
103.35126243019835,31.013004695619287
103.27696810824195,30.99940399319979
102.94367833866427,30.74128639753277
102.54005092283663,29.918376745032436
102.63645881721415,30.150153654738762
102.60544709375,30.229309285064144
102.56544137846358,30.295530642497173
102.53630726183337,30.18672364298946
103.0354367118247,31.13698097914903
104.06034828241161,31.435557565872614
104.06034828241161,31.435557565872614
103.40664609746317,31.422878143674485
103.97559555337362,31.56776646090338
103.94453622024142,31.939746958768875
104.13630107879432,31.718460283946147
103.9888143184753,32.67210692832966
104.42801566785977,32.90507132658495
104.51764389125336,32.871067565760775
103.70444417911251,31.8828328539916
103.8970471371249,31.608566503873224
103.99232844363077,32.27775806834901
104.05980903767804,32.59426746225296
104.32641271336126,32.950543665057566
104.0552912993577,32.845735744446635
104.3807242874938,32.54690779275685
104.10929047907072,32.62497134793688
104.35848238056381,32.5920044910288
104.29054668093572,32.66951309949662
103.84536697630439,32.123664560031806
103.75625025529865,31.911337844190136
103.78388648322026,31.26994187260506
104.13247903148877,31.75288475082427
103.80635966528259,31.39351981106776
104.038642373229,31.540803620600258
103.99269364264009,31.583455415103224
104.03455749105825,32.20463848887276
104.13842449673115,33.04720783604218
104.05863862693468,33.11750303108489
104.16176883274055,33.10601600050552
104.10642118316228,33.01126879917584
104.22885735600036,32.657681172482214
104.98311579769164,32.65308224248219
105.56417653740016,32.87205876873944
105.52264193132844,33.065090697050465
104.94319288503041,32.6117386185078
105.47308904231039,32.829831784066826
105.63027479093867,32.877046428974936
104.82283508110321,32.62624286489247
104.22160262477092,33.03630945300935
104.35336945460344,32.9407979687844
104.1657737393203,33.08945504511413
104.75126123116759,32.680676687392015
104.28549281861426,32.86619171742975
104.05330799080026,32.655931372925416
103.81112723323591,31.84433224273359
103.85231915589239,32.1000390024451
104.03912901204636,31.67509982075707
104.31231599553708,32.20178576219649
104.09914069093544,32.268436485740295
104.03958789956705,32.60935406313296
104.54338885332942,32.88022249024595
104.58118169134545,32.82506324556995
105.16015907063738,32.633651332932835
105.14169918103958,32.720861109426885
104.73140104329966,32.569259203325856
104.66876151652394,32.74835786789629
104.25659712204599,32.86435162170671
104.149420878212,32.55016039114956
103.98771453498523,32.65944551463942
104.28556142345398,32.841196015703055
104.29213693289572,32.986737305367804
104.26380258455116,32.99943380703239
104.1309586428839,32.857410054288266
104.04853714970493,32.961781320769155
103.99542733368256,32.70944396766046
104.00549273855087,32.66554553567491
104.29804522787755,32.148043896695754
104.5654736449317,32.56658431044876
104.48537386377832,32.65162371573396
104.06435017710332,31.437747039831557
104.14767237246397,31.65662253385079
103.19649029751369,31.101339185793183
102.76542255550065,30.644779137824536
103.00903986169591,31.173412972717042
102.42899272347188,30.458150400103143
102.43672382897395,30.29988470847345
102.84372153963358,30.534165674119727
103.16724786764428,31.07876132967657
103.49231284465988,30.872150236236852
103.14230111017348,31.28688452805439
103.12202674903976,31.027690883679448
102.62278042008883,30.75083089281295
102.873600648747,30.8781295769975
102.62798075457277,30.531375337625725
102.64097014439523,29.97526482344534
102.72988380790433,30.18935778647067
102.58456654704692,30.637174719149083
102.76480662868428,30.636742064854182
102.63629744131283,30.503236846086274
102.59138127084616,30.676535734985748
102.67346433159459,30.16633681150922
102.48319020458784,29.71985766000867
102.73945841866751,30.578360839403455
102.48873690167875,30.314469675124528
102.46891920563807,29.963828293884962
102.52167607905355,29.937994621330766
102.56191880655845,30.250496254747105
102.590688158735,29.825990498578957
103.06543452421228,29.506049534965673
102.65280515770192,29.68054353518368
103.68640114713887,31.305761696266433
103.07589650472983,31.172016449043614
103.06889882618053,31.259685202351957
103.34473605908242,30.991868992732282
103.03081368665138,30.998780560619004
102.95220864982912,30.419406394715804
103.05994913220123,30.43689490208181
102.91638861498704,31.189006425592083
103.05496994048681,30.81738444063352
102.88584989369974,30.744423332079787
103.66350399952047,31.27353783875155
103.00984508250731,31.11652410003185
103.95213538084433,31.831459853453005
103.84330724538582,31.964458982740954
104.30675033007718,32.702061363843704
104.6089155521845,32.47933453483362
104.77954017359778,32.5433654780184
105.07089782256709,32.56172526293445
105.56905174782446,33.00733907963661
105.28139533957246,32.69938282361995
105.62697876933856,32.85065438037658
105.28554721337879,32.71779569891966
105.1323121951745,32.6919134047002
105.43551111090355,32.827841644466915
105.11833893348123,32.64277706861543
105.16445121091043,32.841792610396574
105.55491754047941,32.968004643242615
105.19657160006848,32.7927822713489
105.51263294838712,32.8697021047968
105.52208103196735,32.983486515128455
104.96993922503492,32.681314970726106
104.59884903237739,32.642571049624884
105.04265161346083,32.699579194391426
105.35709497650218,32.67310089302891
105.54798470382198,32.748843883272954
104.8365270733513,32.55744816446631
105.28440954777928,32.612614574276414
104.73193427190925,32.716869277480136
104.89098224878593,32.728507184918655
105.27935580894605,32.93159101444643
104.35172002630728,32.686507300220434
104.23424126944127,32.79799709892879
104.00715767570166,32.13760453267272
104.11145836543875,32.879707394829765
104.00856627058,32.53473311953257
104.62168127154172,32.5429948046911
104.05554363890683,32.904431291476214
104.55869517350222,32.78579048185493
104.10605496474201,32.56864889484991
104.0902216207855,32.48186458367271
104.42702811258327,32.69748293588785
104.0895888962183,32.96643677909614
104.22494509931165,32.316835755806444
104.00249662512049,32.08904632038734
104.14022039854466,32.790107390134985
104.60320800399178,32.672929953896045
104.5533819495873,32.49022019991734
104.1805660055636,32.59841971451399
104.0208564341792,32.16622297682239
103.85162795690327,32.06412330380779
103.84621490440203,32.037708796231215
104.46991225956796,32.70336583990124
104.28238456808832,32.58351469387515
104.58769964199293,32.56173327238812
104.31497831619546,32.70144770857882
104.07942290779476,32.77353323514845
105.50862511423327,32.97990546772023
105.30352409379671,32.669137065990704
105.23567603303742,32.77586851391145
105.44072942213342,33.13537935156958
105.36243113112364,32.82444202807073
104.53296059852805,32.52292707335953
104.11074986144826,33.0461307664529
104.11488621056672,31.745546185374444
104.03320755513884,31.47394606335584
104.39156034429153,32.04384880906224
103.93887354906092,32.27763324033017
104.4698813558557,32.11903462576224
104.01659056315226,32.79714045597698
105.32506938775387,32.90380108349282
105.22060786729537,32.637301952583016
105.41031408712672,33.08482072634237
104.90078488948251,32.61980568762694
105.1317915619284,32.61858446569826
104.89376987825678,32.710921141365056
105.12384817419625,32.887965725871894
105.38921038187603,32.74914845726749
105.40111289459142,32.897986350763915
105.32597094940647,33.02180177455716
105.43271275529513,32.88805012466241
104.85527142438708,32.65880116183271
105.25919471509265,32.91600374803061
104.11469258495039,33.1657683856937
104.42642715086447,32.89749209412317
104.52744915280033,32.65345601229553
104.11980990970021,32.4649294258927
103.97584954197833,31.87811782538589
104.42370518619975,32.57228322228047
105.21278895194953,32.803129300097325
105.26811940539993,32.86466138201051
105.56377331900364,32.92728890874874
104.95148570869615,32.722766373488916
104.66071186362824,32.68187692704407
104.4723557069539,32.95552138037321
104.91240886324394,32.59633980322528
104.22163263250661,32.12447103245156
103.99698966144261,31.851626653235733
103.9485072112775,31.49238367975271
103.9790285586917,32.30814996208825
104.04459501424861,32.63002253665291
105.26773118495944,32.65707795086753
105.59620214592552,32.89571856190326
105.44494055081451,32.94767969394963
105.30487154874415,32.75523145558848
105.5031974661219,33.041376792496145
105.46676803511,33.057394672079276
105.13362926673003,32.59918742040361
105.16606027447531,32.66707093849622
105.48374739662026,32.81106719302227
105.55347487371301,32.94181583888002
105.61273266284749,32.914921675114456
105.46552089735962,33.1356069169343
105.23402039194045,32.82133647329654
104.1756475163564,31.785964247542644
103.90821373370122,32.46369061181009
104.04359120638478,32.61154195079716
105.06704944864106,32.58678327989854
104.47264952689942,32.54210221255348
104.52643162078422,32.85162262470022
104.9242811022282,32.592733391508446
105.04272324045516,32.7034735098613
104.29244899104606,32.059691797823405
104.10108544089618,32.24183891618181
103.85435792037686,31.886323416888835
104.04431319561421,31.435477130532938
103.96965577098798,32.136035614063026
104.02215025063244,32.07147417654384
104.36802529922359,32.065840692201995
104.5756558141749,32.571441605273634
103.9402603318259,31.88460033447672
103.82634010945962,31.572698416000524
103.84151368839885,31.30643981655368
103.71051032381433,31.328002571585518
104.07884731338642,32.219823725386384
103.79307762953779,32.557713135864105
104.23243167557523,32.12826014947667
103.86840815318398,31.973165121526655
104.31268725189767,32.926429848921416
104.34938061989817,32.87798550150527
104.85402086490143,32.61588486760997
104.58525837633326,32.60791999754365
105.00170532664625,32.70522540353575
104.86354050411602,32.727876984116875
104.73908102811201,32.561786369212804
104.44536824359405,32.64449983832499
103.73661877890692,32.068514934651986
104.83340967863954,32.57072062139081
104.37317109796363,32.537175852802484
104.83100827365854,32.66259922315191
104.50363060000501,32.62419915161999
104.89747718273367,32.73204157629705
104.99297720375782,32.617322589853686
105.28227239616973,32.93514503875121
105.26316414234168,32.891369215220976
105.48751160844243,32.81091627529377
105.48997264523497,33.0803955964549
105.49940047871361,32.77686722392933
105.41352430698612,32.799259177475015
105.08527025695427,32.702776720381564
103.20183818328216,30.730527997160454
103.03337445843194,30.81272858534446
102.38381239428874,30.00190538887061
102.54254323334384,29.875344918943394
102.51523740339886,30.673271129855404
102.99860447431925,30.694559737870257
102.63105744999295,30.440000756739522
103.28330317884603,31.335981214320906
103.63933531713079,31.16710872022786
102.95224599011165,31.1549365619226
102.5705664623364,29.73561994779894
102.324566406964,29.921082526404057
102.98575138269693,29.529466779625427
102.902126996574,29.55274782771341
103.10590274906883,29.497653752688365
102.85800412611651,29.625413000607075
103.12262844632879,29.509544590276363
102.55536813306114,29.90425057408904
102.48646921506827,30.582985567071375
102.54690817665193,29.93224751887878
103.0450614178001,30.422366776722512
103.16967820820416,30.632693863388884
102.6931417994464,30.60182026040837
103.20567359183191,30.585569588273522
104.06401889393892,31.57328081059259
103.91124767173955,32.0528584467906
103.90257268209834,31.43899297692212
104.01253355573677,31.733589593983965
103.73084968915457,31.826722123970473
103.13120806193915,30.66189022497505
102.82958665862924,30.47906495520146
103.16311405064138,31.300999735951457
103.29481553167527,30.699845927045892
103.10892928196965,30.429776072081467
103.13147812032166,30.698736065571634
102.90193897703723,30.584884881820173
103.05938690726175,30.533450974399322
103.32257109154375,30.87035036149714
103.3473205338082,30.956352758710338
103.12939736485072,30.59925263154541
102.82143393932614,30.927185585482587
103.43930439510471,30.81889830356005
102.48706448134655,30.61591800621501
102.83657303709091,30.495857192193967
103.03570939756429,30.99344825100485
103.09265208316309,30.544885959185162
102.93147828515632,30.716636490112048
103.22356776952398,31.197907867155074
103.32401569109636,30.89720420550732
104.01462854685735,31.605220579371164
104.07899523597447,31.431059151357733
103.37720546480556,31.201196492146813
103.8761385052699,31.37670570629644
103.4609531909277,31.40866363369941
103.28938641677031,31.052895020458656
103.1150289657276,30.741033890353147
102.93010956303964,30.661781783306175
102.65746700537933,30.185145828783654
102.63131160691705,30.626425999166322
103.3066798421272,30.75421931904744
103.11376989639821,30.82627262657549
102.36157664100864,29.962265446505064
102.29944521968667,29.854868542895776
102.71629964995105,30.636410578578015
102.74576120063547,30.549707952243157
102.67923175273435,29.945187555560114
102.45663680676245,30.155911484788582
102.94703709135582,30.5546743655215
102.53719804432332,30.20392557460807
103.33884579246278,30.986106106850535
103.74214676784898,31.256881376172068
103.70855016949214,31.328298363696664
102.61999561428932,30.667339405693244
102.61876799805094,30.12611876891202
102.5112917663599,30.356365424510198
103.33386737919989,30.679216446781183
103.40212872360746,31.32561265648387
104.33911711182782,32.58468833366745
104.09873374533534,32.67380527299372
104.8558203694988,32.525706481952305
105.11754307340544,32.71990755092417
104.76798834361375,32.734928632393434
105.29374158593815,32.96265522874852
105.3446506957802,32.800941097928344
104.96890218576632,32.63804336521461
104.4570494231632,32.69158704858099
104.3364968359084,32.92102550450478
104.7031635047324,32.589928400816184
103.98157321736107,31.542690425417764
103.48530814038648,30.9365513837984
103.17117763670862,31.200094031208387
103.22075442045342,30.6827028856275
102.32675959137036,29.818025274519545
102.59362317002939,30.154722078538544
102.28776968763621,30.118156784328146
102.54904318398738,30.457264991170202
103.07018024220362,30.72827382449663
103.0673558619013,30.909159128512123
103.08079979935583,31.02911259121392
103.48558052547722,30.88900349575847
103.28327266340771,31.065916687104178
102.51218164995255,30.089991281532846
102.76948197200775,30.254064725480507
103.28108707549421,31.36314902630772
102.56325534109627,30.307810835533125
102.70774304334715,30.366300385231977
103.06854890215436,31.190050929040506
103.09588309829611,31.03083936316948
103.07836074429026,30.993540387861138
103.9479527100758,31.449793970354815
103.82516858650474,31.814460972619756
104.39683838141167,32.13143879843512
105.30037682441825,32.73854133982707
104.58560559802262,32.67599658328833
104.27132924628096,32.88163325458563
104.1693009372782,32.36693896953642
104.05388133807288,31.944721304990882
103.86019558554214,32.298310095935015
104.10265630986909,31.594375581722634
103.80945204021671,31.289266736225294
103.68179566208376,31.9930919623982
104.04565462562813,31.44331707062923
103.88597440837287,31.488518413321277
103.94219138961289,31.449334244824602
103.92927759116833,32.3153311471686
104.28320939480234,31.788966120533736
104.01211049850566,32.413771866072416
104.05868704889615,32.86383997236161
104.19694686704436,32.96155993894865
104.25610680190051,32.9527292398482
104.05888164560056,32.830822809127056
104.92717555201511,32.663402479562
104.97493707429271,32.69442684057313
104.45964177218308,32.79229301090039
103.88434745467927,32.182081679637456
104.10798012293733,32.828068470726265
104.28650843281015,32.9826495328028
104.77508232928568,32.6592847769251
104.57323299802263,32.49769209996386
104.51272079826278,32.76067739588869
104.0545974182317,33.19755407673971
104.30135136909752,32.767763057607574
105.10522397406702,32.5666349167876
105.07599357768171,32.56423009411368
103.97113372413203,32.69314669735673
104.60995658969267,32.823052424873865
104.1752415015074,32.63422890855429
104.26329515941303,32.16704086996864
103.90637388153785,32.21289319334768
104.3989432426334,32.08225412514781
104.20540898915982,33.0484910176782
104.09644717527054,33.07901222380531
104.60976231593511,32.46758432214218
103.8256288487897,32.56089803056966
104.23000942548349,32.67002256582457
103.94081771922075,31.448181493642558
103.75420188762739,31.320853863128313
103.72986636725145,32.02333494804302
103.90406605345372,32.33143488625915
103.89345492394993,32.226529433448846
104.32278237319463,31.806867942204857
104.45939912556764,32.52421975415481
104.15786034021149,33.014024724983294
104.45644336199379,32.770300583954025
104.07450105612443,32.91448287531729
104.39290816460014,32.81965882005095
104.06963234762883,32.8410664500339
104.33322218308847,32.59170392589594
104.06302470372181,31.4891495271171
103.84857908588775,31.472025549993447
104.05657026369103,31.451200254198312
103.8298134588198,32.66584168162695
104.32215309202815,32.62508299589658
103.88617320447867,32.19066249920799
103.90906337681075,32.52074489246248
104.31588637436525,32.63575083650811
104.9867161525161,32.738399458022094
104.17687001674769,32.69398741136325
104.00839851082692,31.968512655047768
104.12108069149451,32.179178052234796
104.24760429712369,33.03120828965093
104.38156650601981,32.63858230874423
104.93834092937378,32.54524683789813
104.66652274546932,32.7999073886636
103.98100842073677,32.67174448197879
104.42701464463715,32.939487694775956
104.14744919169392,32.29449484721981
103.84881760982772,32.60962615055726
104.070127762037,32.00811324738717
103.71866214685156,32.04619068758152
104.0902285954213,32.54682430732359
104.29627205534604,32.29014792130106
103.76926272953689,32.112347984120106
103.86059464184851,32.11258148582603
104.0039342725,32.89331231646513
104.55178546740433,32.822346034556446
104.73319645311477,32.564330628307026
103.97810033539767,32.854600179712484
104.27616995614584,32.9051984751966
104.10202184958388,33.033986159716335
105.24196771752402,32.857211640710844
104.79647278163485,32.790931355745386
104.5960196999888,32.466919304694215
104.28713385208447,32.59181325230571
104.70869249210322,32.56507546910055
104.19700660607614,32.24861783979627
104.11060756859557,32.90557257298264
105.27902788801985,32.74294546880963
104.26676412539015,32.77020282205755
104.28390431052225,32.86659803339494
104.08914142978932,32.99649972716417
104.32916816563058,32.85057991859369
104.40905169888158,32.79699298774194
103.85068792747272,32.06946390547839
103.88461399705265,31.633043721807468
104.00816064525216,32.891005030538786
104.03736291919266,31.57118657457038
103.95340627176832,32.706426195177244
104.85463794394462,32.49242357365124
104.0930768245612,32.67054420597904
104.10636630449594,32.74051389066304
103.98234982258465,32.26007136518092
104.06767315014018,32.79443869070714
104.26762476187515,32.85113878510384
104.11182050102549,32.63183622086783
103.88366954852664,31.885905907461222
103.73137838836242,31.82585473257915
104.35016188183371,32.167169725714665
104.67084546103432,32.500196330350875
105.19526271164499,32.882534245054316
105.28635732712996,32.93191778027296
105.56842208624482,32.866669428533854
105.44079012830761,32.8020534066293
105.3822227587917,32.90785217734525
104.84227127598696,32.60833541195286
104.2513421085188,32.71678436333836
103.87751201258914,32.58152508461811
103.68129985764213,32.01546517939596
104.33797608193217,32.053311485093076
104.40688011914635,32.61611199818498
105.42681205668158,33.040875001353655
105.40923409335083,32.937675626505595
105.55497784493892,32.85692085749342
105.53380406104452,33.005092622119186
105.50590738056263,33.086126206691276
105.50356819684889,32.829982593816986
105.3763434840159,32.97887834039238
105.51943985777629,33.021728866753
104.8516530602558,32.79706800642158
105.14282166573764,32.69964311518495
105.4489542861986,32.97974875631466
105.52180139836008,33.002580707613156
104.97081854566456,32.58962271816798
104.03899599573042,33.12345166908925
104.24144156508324,32.59130368676931
104.20376297392174,32.745135601799355
104.96262224253513,32.68932713874398
105.26845121867643,32.68375763535331
104.6314674589102,32.772529807989194
104.66667267684673,32.86612996598549
104.86986318382912,32.612819398094494
105.39123024303095,32.92383401639869
105.43382207226126,32.936998096510955
105.5212223730517,32.90559419597292
105.25165209947598,32.86896369072
105.31370008283434,32.99344402648946
105.60562749372949,32.988728138266765
105.41137069044275,32.877712542932755
105.51002973494518,33.080484013090704
105.27070449240188,32.96378893841523
105.08761642629763,32.881983041107794
104.09204289339796,32.1186129616982
104.11605869525339,32.16306665997491
103.35748118343189,31.196000448583963
103.28606295276258,31.091007712172836
102.85186760331732,30.527783036821685
102.94640800294131,30.401143810294386
102.86972531043588,30.5107445078242
103.92004852364889,31.44848032975222
103.89153949643091,32.88061595692711
104.00536524784869,32.309986709289554
104.23173940391833,32.20447205339381
104.12819872495008,32.35224971627372
104.14231936301468,32.212042461253475
104.73266636315907,32.63606721550285
104.20162922444368,33.0591991772706
104.05687070142903,32.952908807987484
104.04524074019601,32.89506819046378
103.94073688560668,31.816809191833503
104.06395851340467,32.24544491116716
104.07458201897276,32.109785412314054
104.35593334807842,32.926331709646746
104.0323347074726,32.473946965013326
103.99524457161472,31.50428844335105
103.8113490200548,31.57422142804185
104.06330149858954,31.841824295180537
104.15444575008209,31.755969932112258
104.1168846668288,31.672886995604483
103.95490577775838,32.39024974463786
104.10525281093592,32.47663841771337
104.58257043392216,32.805325309212016
104.70966655059316,32.70064827367166
104.03882692755329,32.658090049236066
104.51602805513056,32.76479854106252
104.81511898496413,32.71391279848431
103.89475199227562,32.49747052313144
104.33388132364365,32.70196451545609
104.45665659775688,32.47737199537756
105.16248103353081,32.872108259545094
105.2424242286389,32.88152565390517
104.65286275872758,32.72988413241736
103.91438617499912,32.7990530071293
104.23489671222656,32.773916162302505
105.12969695695962,32.62934924635027
105.4369870607969,32.92582823975887
105.20627748271068,32.88933581535894
104.68545533248434,32.48227871669129
104.7625972477467,32.56024385813502
104.71443243877927,32.46690162466911
105.45244178568815,32.794515785342995
105.4895295966656,33.069051275096015
105.543848853491,32.95316024406187
105.50346891955292,32.84670449477384
104.70145838132323,32.70037573204387
105.36034813217668,32.94734940387913
105.09719071763907,32.71250995719344
104.48173732155523,32.53328868316155
104.11864426742069,33.00833940297316
104.62137831051473,32.72405858841911
105.06349814392365,32.648567618828466
105.5048654795789,32.96446238887836
104.862092431682,32.7746793700432
104.37530842594131,32.86947230393754
104.35655260874273,32.26217933693527
103.69390171434465,31.25728261501001
103.69390171434465,31.25728261501001
104.00495972593872,32.126426443547224
103.91292844193306,31.349785047457917
104.12943424883343,31.625808474907434
103.88470951947097,31.843950481969454
104.02419789396478,31.480231974255517
103.73399252833453,31.23488925800852
103.7728834062143,31.83074484042541
103.95267410355856,32.13404641697636
104.05580989257255,32.324885455794394
104.40492603283515,32.65365730197881
104.07117268914102,32.599406566861276
104.39130906026905,32.50074055694086
104.33703842096303,32.08168802441004
103.79889006678056,31.49579625142353
103.78852569453086,31.982172852618007
104.35377981411284,32.07626005805962
104.43234214125005,32.59980685046326
104.30109072044277,32.67305937266815
104.02960431090874,33.14446268262438
103.97760976364285,32.96575223542812
104.7850939695188,32.55770597909272
104.20168514113927,32.63374649864976
104.54551677912131,32.51328456372927
104.91004349209955,32.53799716316591
105.52326131640262,32.980363137061985
105.20241464238241,32.87347302229995
105.15303583625084,32.890818990856296
105.41425577205989,32.936665615157835
105.32252270750622,32.712870087355846
105.37711290679547,32.801646570656956
105.27952222133835,33.00445428800661
105.1164651953374,32.899791517650094
105.25245741070758,32.86647709701793
104.71574991703501,32.57324557648594
104.43818854853654,32.59068745885905
104.16713391832093,32.22635009909673
104.08003040924915,32.20264334960054
105.24007514791363,32.87887636211059
105.52225028552402,32.727353507467164
104.78199833485371,32.5796624721185
104.6818957455282,32.47504555671737
104.44809588537967,32.09866528069176
104.03415979596032,31.73116790726283
103.67827653276412,31.97106064127963
104.0654280138585,32.000799713649634
104.40047162966556,32.74261264808333
103.85243654294922,31.845584102798785
104.22201710176148,32.65425765584501
103.88239719105886,32.461402458552925
103.97689095246855,32.38090872812816
104.16894456828948,32.97637533655546
105.1525918996929,32.642796764314454
104.27849343751112,32.950137508903914
104.18785755422527,32.874417440301876
104.71350679879471,32.55673483441973
104.29560799716783,32.57668869705889
103.21931072898681,31.065837984705933
103.05008601479055,30.465630809684964
102.60361279249665,29.848831765536037
102.34168415058646,29.912869595207066
102.33449190730174,29.90561565248033
102.45341280938001,29.75736099750985
102.47946255884743,29.71443072334412
103.09655191077047,31.227442109399934
103.32611572176185,31.370374542507943
104.06333017357731,31.965519441837877
104.11715891171514,32.545187246141104
103.70849450802982,31.99921683642283
103.84854082530693,31.43595669947582
103.82793027687066,32.32277492644088
103.85312299495226,31.4868100971753
103.7894588394478,31.943549132209103
103.85996762734506,32.05265245552641
104.29688359272893,32.2241104431804
103.84907680871194,32.29190328795784
103.87021155351337,31.963281572585128
104.14020413500987,32.25609133432492
103.7301899169355,31.999000880552543
104.41741919814118,32.8425971688935
104.3903008417081,32.8874145540772
104.67104633297541,32.511783899180394
103.88942092983848,32.54363648080619
103.8399259729983,32.35451523067194
105.3169495491396,32.84158586240941
105.4911218099026,33.04850275920767
105.14389997769314,32.839855818781395
104.25660038944059,32.79459386005523
104.09400292210273,32.38407646472651
104.06279227603683,31.426022932415062
103.76442940422088,31.53444512606137
103.88545804340725,31.711956967268993
104.06849991132015,31.587379555235728
103.73750329065287,31.3481416959186
103.86117427328874,31.390056651551284
103.82102490515413,31.359145885522842
103.83322779767138,31.927918707904194
103.7926169556722,31.47159966248275
103.83691598213464,31.385599587224366
103.88577599664997,32.8941101865579
103.9170517251218,32.481386933886895
104.00379244639228,32.43460524604831
103.95131065613623,32.2600867670893
103.9931521547513,32.12331604062638
104.7730290767635,32.70088179016692
104.36580087047805,32.74744337588973
104.04356286721905,32.25748923556293
105.17592125446667,32.617626393952456
105.58913087555872,32.911515467981076
104.61995626312478,32.83274750296039
104.59056199140217,32.553290993318456
104.2893513497175,32.24261578449744
103.84676702160228,32.44221083508192
104.55438099897975,32.7643225062527
105.45566712834292,32.958927354264425
104.78565770972214,32.57177369166488
103.92353928234375,31.87280904680134
104.498512288739,32.77340822657875
104.02388734243453,32.51975299098713
104.26290819284867,32.84262028686113
103.93742326741156,32.70592747191987
103.938495197963,32.092446945785
104.00692986528568,32.32259037470135
104.14377661108678,32.18424847099367
104.14324604191219,33.058679059757345
104.06289203603114,33.05019916675597
104.01227509796374,32.84295532980731
104.18446577691033,32.97485858603888
104.32294225578346,32.93880133772789
104.12965714331408,32.84565213559255
104.23530992841432,32.960667145241956
103.96597474954316,32.18761982111867
103.90653954890816,32.45263715765239
104.06952985643336,32.18250801261716
103.86389162843909,31.537648758372175
103.82510150288327,31.597761930805483
103.36531643326434,31.295484072166847
102.81467698130473,30.758242347310812
102.8849074998248,30.806654560353195
102.85203729665105,30.828560533592523
102.94262165227266,30.552204696423527
102.5344154063742,29.932387290513272
102.45839240045042,30.185142787368523
102.68353735948962,30.702624752756677
102.57824231919405,30.637727063057177
102.4213963863009,29.74141336293299
102.46747052662023,30.37849939368763
102.3466703957343,29.799258314354052
102.39687734808389,30.02559421215025
102.56977179375995,29.841878714140677
102.3545981840182,30.001160497234086
102.46806699848186,30.453927269934386
103.03450901073913,30.524655526492086
102.71066810134961,30.752543845075106
103.01806374925604,30.621666683850076
102.55111713977578,30.46235502166855
103.36616154330105,30.89681622227879
103.27637797016027,31.013543710553986
103.11523290170148,30.987899890631788
103.8642386878689,31.42653164466868
103.81048149751962,31.923440452661563
104.03667429920976,32.05654245598187
103.70861353885721,31.39264499935125
103.66424992865177,31.145578365391284
103.39711122941016,31.23296649923858
104.02410994876911,31.73082698641753
103.8502063705229,32.04068002970056
103.91243533887881,32.39544656362166
103.86196433099123,32.546763269589896
104.1893762168983,32.21931245421766
103.83959798330501,32.65194893879473
104.39345395947865,32.968043697212856
104.24993959118906,31.776459588284133
103.82702716698428,31.979946454984265
103.89349452596123,31.961674611800053
104.04182048201739,31.841894613200928
103.89760688789123,31.504171585818334
103.96310123465057,31.58015468517028
103.35877945203025,31.090654169745807
103.04359696370064,31.11417824436671
102.40949873806804,30.14450013228767
102.57948167823976,30.425169368568053
102.39394610143046,29.975061278643345
102.46779324794558,30.357389203538172
102.37932298015055,29.856561576600004
102.54951689699939,29.887950946150404
102.43405949309026,29.721422782928578
102.94846455195912,30.57347735284442
102.61683415533746,30.83398746858458
102.94259581184662,30.947489594406576
103.30452571604523,31.40163413987698
102.66589950299958,30.82073980801815
102.67397960681124,30.13517539601551
102.65501457070253,29.963379580127338
102.37870952927449,30.13292169630319
102.88481944501775,30.90344406320757
102.43997494422104,30.493341066752386
102.72485382150197,29.605039019983725
102.48034452818722,30.11131024838306
102.90658702548458,30.85469925759807
102.79079657081418,30.525636695060406
103.00326824668632,30.448315078142173
102.63299371869752,30.798908340122384
102.33665732006584,30.042647589008656
102.44778146138012,29.908135254525206
102.65361019379498,29.66992082953464
102.989277567691,29.637502241995985
102.88972084667161,29.57108849667996
102.73237310568699,29.5489096925568
102.5116303771303,29.748393151003967
103.04220139118576,29.48445634932811
102.57624718247426,29.98612177414654
102.6653723164613,30.460674117402462
102.41891492554788,29.80212553366858
102.56830822482532,30.145372757990796
102.59621069763186,30.472208265377528
103.26459737922046,30.89753705162974
103.28797961484146,31.25651506678399
103.16442203492744,30.84010224369843
103.06585277355295,31.08629339700185
103.0008747361315,31.17586565606827
102.79991326303656,30.43671304439466
102.45368742128012,29.78694307053242
102.48808871628297,29.874331199443308
102.4256948727904,30.0177760651905
102.36155013873478,30.045158716758483
102.45709708764898,30.337033107475705
102.52323653126851,30.119883149115353
102.62756355575596,30.531140639196423
103.11457156618631,30.62573180428335
103.62965835128807,31.22467361692897
103.66979623635712,31.25422154206534
103.90718742800944,31.80249462636182
103.95962920773881,32.32635961026718
104.56123083002176,32.81139435632798
103.978347966463,32.284387678455076
104.41822662324381,32.72898603799822
103.88467534439461,32.55019672894402
103.72013166824455,31.94979989227637
104.41320635712823,32.0512254046381
103.76299375247925,32.13727039818701
104.38922457865372,32.76903359659856
104.28556367618772,32.064454753427235
104.3581749133863,32.07307622547552
104.14931357997283,32.308774581550075
103.96732165353532,31.98415327542657
103.82270922673507,31.465521933992967
103.89618276936942,31.659042263801084
104.39658215052184,32.91417281821063
105.16524790794834,32.69797217559836
105.43652138843738,33.13630900397797
105.43729977615834,32.78271217358817
105.5935419656479,32.93297156162805
105.08404982411028,32.601922929037706
104.72099664364119,32.63486355929378
105.2908601598606,32.88763323260159
105.08586138449917,32.91250144269015
105.28461412042263,32.70074866412789
104.52767148488071,32.77634384727818
104.80554846838433,32.534632056193914
104.05181564372582,33.016192161985764
104.21395850231983,32.93192918920282
104.06888260531029,32.76103269993315
104.16730866530506,32.85646285836153
104.59174455074866,32.57750694190677
104.21316765655828,32.271329349359256
103.7288388740052,31.92829680796289
103.89658033398817,32.491715743574126
103.80651897504455,32.56412661991852
103.9015156946322,31.979305592020165
103.80844109630164,32.02326520120562
104.78420300780742,32.61397873927176
104.3012403363473,32.91204027503131
105.17050789083962,32.70757396279738
104.78945477081032,32.68833193132918
105.00937460996889,32.542704782140504
105.27967214391634,32.61246654099773
104.57058607570599,32.68412431450151
104.24816596734115,32.92514623098278
104.14095872197281,32.792576403680165
104.18801164402036,32.975646872605765
104.5555824499845,32.571681433148775
105.1614977291776,32.9024529176528
105.4036403693531,33.04942283159758
105.43821985034478,32.95432600307574
104.48399866626309,32.654859389761725
104.65092070371956,32.70854897214515
104.61718158078371,32.558881933127715
104.03282434130514,32.763172440728155
103.90602825849047,32.73244248702626
103.96989975347726,32.52684362825803
104.33414757280266,32.23189798287877
104.14244854380627,32.65445243633726
103.76035842111783,31.915622074314637
103.89250917698398,32.56973178983634
104.07653513149529,32.85107953649329
104.08536717348801,32.868142803469
104.23315967579181,32.85313109647985
104.1410625055416,32.6621765632435
104.5096865117351,32.70057254474918
104.64276901492418,32.853020384208236
104.1405317796031,32.38983329933473
103.93553442070801,31.889926380871586
103.90788849702273,32.08389392461319
104.10283149969929,32.18191674139655
103.9865316762976,32.4283488664838
104.31720177266702,32.10272967672405
104.07156046503083,32.23700162522337
103.96048207374112,32.3718636856182
104.18227707621536,32.77158708665556
103.92856279380189,32.095555333176904
103.73354031154587,31.925777495617233
103.89715575011527,32.337973422976305
104.24887946844841,33.020797542386774
105.05724898903492,32.675258138081404
105.2500584502506,32.9908232034699
105.5450039269578,32.87227390150957
105.00221298406609,32.65747582710869
105.1698616319022,32.899082133640135
104.52381856230129,32.82274668998317
104.07605954366187,32.64983220192123
104.15272541336748,32.5837501167664
104.46069926542803,32.838736411188336
104.10882277116524,33.11598070646441
104.029223411557,31.941542570526074
104.10726084076774,32.64165485600779
104.82136079491974,32.73254310061658
105.29383029435633,32.93191502527989
105.45612541844218,33.10407343124064
105.41616311595493,33.008142838835
105.4769991009099,32.87192984078671
104.92030259003582,32.62720506969508
104.33879055047463,32.11273119741928
103.75829891875702,32.04316506806009
103.97789314283808,32.53938970005897
104.0365315707124,33.0773762374046
104.16099893152325,32.551600553096
104.06351406338598,31.72284028667666
103.71945239941927,31.943049334577122
103.8682152099805,32.326007362433614
103.83756794290903,31.370013017271166
103.94626309782386,31.87044453910252
104.13880298466249,32.186970221547774
103.92944204843499,32.3150575080582
103.81026261727911,32.53622549388
104.23757490783755,32.77580077796073
104.01201296292417,33.012101258008464
103.88283217027956,32.587803391687785
104.67969851984869,32.601394672765444
104.03312788658344,32.88188461692433
104.21632407614061,32.26396992120519
104.0883614380371,32.783436273756934
103.91144583343252,32.426512809777776
103.92608725042365,32.63450626046101
104.14371926822054,32.154918114504646
104.83907865918258,32.56607874654214
104.1116950988169,32.98633511538935
104.62600523734613,32.497472596312846
105.09761481235131,32.6684481779483
104.26033888002007,32.56642236361231
104.4193073787795,32.65773435010959
104.08958204424746,32.436748221522855
104.05992494265965,32.95950642855842
104.43586457002796,32.60847374377308
104.31102000763427,32.29729265982703
104.78308027980741,32.57079209383908
104.24100789025972,32.850340792038224
104.01538660542691,33.090494440726914
103.68234481989727,32.01269371733181
103.97175378815919,31.854309297230593
103.9395876471884,32.27438790554744
104.19298275425048,32.58678676783222
104.55886706063916,32.71118388460536
104.61557046048962,32.43527666892876
104.58373748772912,32.86909937420226
105.48926652591348,33.056341727260815
105.00849726628702,32.66844282363601
104.33553310668545,32.98075622948399
104.18998147378883,32.267550808979664
104.20174151476428,32.85423869220089
103.95507754154924,32.56732189142911
104.41951046388415,32.49154699940523
105.03702367845777,32.56348659189739
105.41171742775084,33.03224473159567
104.57932133855945,32.718959461671744
104.64870624945607,32.52158669099224
105.1576547139305,32.816910926712424
104.34108480336593,32.88944705584554
104.21083744328051,32.87024781135084
104.53680860498255,32.76055289882763
104.85432777312958,32.60925510775948
104.44181479057414,32.546192628676
104.2224956023324,32.20723188980974
103.85856132472841,31.728794872502387
103.77851613188581,32.052923963117784
104.18759529493292,32.693231723406264
104.00052802332104,32.63686343713816
104.90577024622603,32.56789787784078
104.61476504111863,32.50476750440969
104.22951030389687,32.330054462003424
103.99510259727339,32.100056267076255
103.76898262022806,31.805747774867832
104.11275427996948,32.346742274794146
104.54742902230139,32.78497926168459
104.01515424994273,31.91563574933089
104.26033932923416,32.28897976816313
104.16746632952602,32.35172631861011
104.11553560145029,32.450807300754164
105.19501540908954,32.93145799697876
103.78674271920933,31.779254537456076
104.27195657393041,32.32852781827981
105.13853240903337,32.62327806801938
104.6666280488472,32.65601655262674
104.44010205030202,32.4786801369997
103.86035158811791,32.589247616644315
103.86333484410484,32.421922655352105
104.06261621668074,32.898790083619176
104.08485804529563,33.002464548685715
104.03312212785066,32.94923405942248
104.18000059731926,32.87832004269111
103.78382471450053,31.92650100731653
103.891504089774,31.736382999468578
103.53527393774749,31.083660719692006
103.04189535276697,30.607729808534653
102.50863250761657,30.158856700045444
102.71782540229935,29.535370881076283
102.50012964373981,29.97358911445503
102.4705731967463,29.752439767672836
102.37249245478407,29.977497793493676
102.52195867094196,30.582862234762068
102.52031856039396,29.99451530654812
102.59042279704721,29.933977329146096
102.37892363355067,30.122008343301314
102.38609323286543,29.90414383380253
102.52123685974578,30.335305631932385
102.33229460617406,30.119790158330833
102.39822478105665,30.04890825367063
102.65870746635129,30.18578358848946
102.57779192013356,30.638486483172592
102.80828591235189,30.474276799269106
102.4370480919639,30.456736173587835
102.92529468066714,30.370189506890686
102.60046289728304,30.175393602779184
103.03150483358118,30.583857440502626
103.63603144237848,31.12570433123736
104.02278474417486,31.700977819190484
103.74180621212496,31.85596228429824
103.95913826248038,31.62161800767609
103.93162257188594,31.670175130998903
103.86366788862901,32.56186030249304
103.82465527294566,32.62021870561744
104.07644677442663,33.01510849269899
104.04520541505764,32.40085216882719
104.00450998879263,32.357382255586266
103.8913329918367,31.96075736929911
104.31157444350258,32.55558003835632
104.37358367961976,32.612881979131636
104.08394665707839,32.66868709294857
103.98033651215273,32.14704054916901
103.84741358905826,31.870257155790128
104.32876467137726,32.212163717587664
105.33475679306565,32.80124555841959
104.78153839913989,32.67697835745211
104.24343220983879,32.830345086458344
104.06067605448277,33.10762054126878
104.40687947403333,32.82550303981457
104.1656904527207,32.34383982286576
104.08212378657657,32.79150244169336
104.41692924596708,32.66234970141827
104.2937904334277,32.11217852453298
104.41240389868787,32.127234382300045
103.78304704873433,32.08932107945312
104.11720596204063,31.744201732888197
104.09387666134722,32.121287180297784
104.13799973633164,32.35617710512415
103.98124838677057,32.02671470901284
104.17627504508913,31.74964901870834
103.86172292659053,31.797546114855788
103.9568930101353,31.944166553235032
103.86847025132792,31.64345355867928
104.06287213202478,32.23145007530497
103.93634298467597,32.4117107769621
104.0263636965261,32.84623918359644
103.85646400909867,32.312635711305454
104.1207654137853,32.6755519437802
104.13988557647072,33.130111797464394
104.54275982582313,32.44286764229236
104.37522984452067,32.7593902807304
104.315705062126,32.303118403966984
104.02273733052047,32.22022297747996
104.00607321675297,32.28178818146279
103.88884516404862,32.12928289290485
103.72800669852887,32.11268247673909
104.1924629446241,32.70349824696826
104.13702392145366,33.069614579690295
104.02567005373864,32.82674029101481
105.45446074242605,32.89489773894241
104.80093551440352,32.76553824427392
104.53899870099836,32.74862869639848
103.8342464550655,32.20059292725579
104.2667557241572,31.756922490119152
103.3775444659696,31.319936777472762
103.76052231165218,31.262448969423804
103.06799142946187,31.016519151577974
102.93265205510092,30.519246595789422
103.30909467665268,31.316146633915828
103.59274375373626,31.214288751345514
103.65406452459678,31.2219735580253
103.04520354739067,30.41986403388904
102.51315557492829,30.625813857980827
103.1649019214593,30.88210882871299
102.62151013986205,29.948130110254898
102.47543120056726,30.128666043355775
102.38973535136704,29.829395815299453
102.52761129448076,29.940241506431306
102.54092080636309,30.081356360415253
102.39976949908595,29.88028208671368
102.43644914120382,30.318385348601666
102.94495082156939,30.716388982482197
102.63695063020798,30.77669292267044
102.1940024866342,28.997806688996366
102.40480108589752,28.897090801746145
102.36433663410396,29.010654219461763
102.46844210266961,28.968096573663374
102.47435137186055,28.92362807743947
102.22978112045764,28.97072584953051
102.22069262356084,29.058785393498813
102.25200260014184,28.914161870572062
102.37910334807906,29.146228659825663
102.39570040288162,29.067142152730664
102.25091148222057,28.991321651287144
102.25091148222057,28.991321651287144
102.33265019627275,28.980876789753214
102.33265019627275,28.980876789753214
102.23501072609241,28.971442276345453
102.2836367965277,28.97681800816908
102.19106801936421,29.06046502422442
102.32436735142822,28.947627832958307
102.38429315003023,29.003575404303767
102.22113741634134,29.07383433707786
102.32582560902736,28.95476354185765
102.32582560902736,28.95476354185765
102.41397854785251,28.938188585898004
102.3322168468422,28.886318106915997
102.49876073770069,29.036578429904463
102.3465486233758,28.885944966615266
102.4099067930116,28.993793928839185
102.46248022080147,28.93329191339581
102.45633019884538,29.06889884642193
102.3149865128675,28.89441895572979
102.33574819279387,28.99299399243261
102.410002448915,28.94293421158578
102.45532587124666,28.94556464661362
102.23221271973475,29.06581776228611
102.23221271973475,29.06581776228611
102.35022227931616,29.026204080876283
102.4471786037463,29.010049019736392
102.34396473969248,28.89244058110858
102.21861692337852,28.98608057144854
102.21861692337852,28.98608057144854
102.48738332661794,28.997328202716705
102.39308550351019,29.091620750532687
102.44916301556744,28.978551027238495
102.45483164454784,28.87407480025376
102.40110698458174,29.05491939114582
102.40110698458174,29.05491939114582
102.48155276248495,29.003377166963894
102.43312537923872,29.052347210626134
102.2433773750495,28.94039619885294
102.26084423317492,29.049445417432732
102.26084423317492,29.049445417432732
102.37386182122438,28.95594582172492
102.26577441358627,28.932876340219057
102.23316694175388,29.098520098813175
102.39447819645612,28.933529290866726
102.26354984201473,29.074583987452225
102.31552354893435,28.886176374247672
102.42081170900875,28.88879650568225
102.44764936558666,28.950969204237882
102.42683231301514,28.962254713843166
102.54673995981383,29.816460200647462
102.43717191075315,30.439700061822744
102.60156308406496,30.451131811190688
102.48349452131563,30.23541295679806
102.57066104031374,30.438687524610135
102.7822473003769,30.89096327067137
102.59358382210146,30.323590936155362
102.76724646183479,30.546114268724764
103.1566100462384,31.130526432633683
102.90012563709205,30.42341474595876
102.64378396254664,30.512900484702346
102.9691293137248,30.964082355691854
103.3598641179578,31.075962769485336
103.14302172823683,31.210159873428534
102.80229662455034,30.627872052405476
102.52506423200386,30.44952503926645
102.42169119062508,30.245175453570585
103.2067063275748,30.82327628967871
103.11308801613814,30.564781742541584
102.68054526662428,30.310031959789757
102.55880412760456,30.59072168661884
102.82411742815006,30.436280371662875
103.12930840292844,30.672519649727406
103.77697980842242,31.811575907847995
103.94473528245221,31.459064194283425
103.96340146532019,31.88023604371543
103.87650196994097,31.645790355384584
103.92025364200661,32.19905984182735
104.24141389284497,32.20276729113499
104.24183876947136,32.820019204448265
104.83594847730512,32.80493711467211
104.95566541471361,32.54306503807624
104.08559946140001,32.82365279940435
104.2910943901807,32.96073188152794
104.013726691578,32.94076610138477
103.92987273535535,32.33068100838306
104.1177432932344,31.67715325844541
103.61597855635333,31.30441020560949
103.19260165913272,30.587799837550612
103.23209451431097,30.747333227901468
102.8017834124763,30.59280142788008
102.60906217706844,30.625781161312023
102.45707335140264,30.594103486116765
102.65241509599707,30.400863354824672
102.32173947846077,29.939225227416678
102.50178777792979,29.922254543291164
102.42081396897957,30.474578611085676
102.44124217341071,30.23650143172303
102.56263490171844,29.782720507950003
102.69338030259088,30.411700904299938
102.93702864818049,30.496571254586325
102.5726931145496,30.4650456057859
102.67761371562204,30.10670690317251
102.64741042817549,29.643696469282702
102.71061284931855,29.57975250966538
102.9337715867471,29.70427108909617
103.07097823612683,29.45020068379271
102.7507114562284,29.524623942701393
102.45962878205843,29.756482820982168
102.85468004536757,30.856083971184017
103.25874999224563,30.91808453069952
103.15295529444221,30.689605989054662
102.9238705911783,30.821194612425717
102.66044106033821,30.503726492056273
102.5601197537184,30.507735052851267
102.71122240906811,30.33634526454743
102.6555072035016,29.632304710758874
103.02609550745147,29.476049548856963
102.99490218611439,29.485421528008604
102.75918102873024,29.511583632661473
103.11332317193937,29.472300985212282
102.94016156590887,29.44286745310998
102.5112440581555,29.94054763769164
102.44022612367395,29.811089338141613
102.51657840857705,29.678803491931365
102.7115115353836,30.765895779159994
103.29629283399919,30.794235120738573
102.96582357225546,30.52342002150604
102.73206500228343,30.917098303651127
103.11581903593428,30.730176513759314
103.62489331132436,31.268293391686466
102.97490879925644,30.865375677536917
102.64064110430536,30.501360539784006
102.39759258229603,30.147129503580615
102.74939442590589,30.327161791977026
102.85641395230317,30.379236461980216
103.07217407437903,31.263484906376867
104.05703838575738,31.45024168164882
104.7120075169775,32.8305170504685
104.10234100424806,32.53536757714743
103.89512137190445,32.240671323571306
103.87049470047505,32.09872544556659
103.94932899275845,32.00516600289834
103.94857821428126,31.58026080250444
103.88118994815606,31.368661118171985
104.01746106840102,31.944855709935016
102.96271717843874,30.702355743952715
103.19570323640092,31.350312852269063
103.06989442302263,31.17925948941048
103.086833946576,30.675779249102575
103.04830845481307,30.78257374298383
102.84807907974137,30.67190434820337
103.26832342507157,30.653875131174882
103.3427595975688,31.296810955745258
103.16242999301252,30.826902143303663
103.33377827051285,30.87982701812558
102.9171197530024,30.390763696200843
102.94257090677405,30.81024488348561
103.23863627651033,31.3565113493429
102.88509579792833,30.404188654102857
103.02504968233738,30.66444355088337
102.94591096484538,31.1415088074611
103.30910955345374,31.048356339659225
103.37918936062715,31.24958891018091
102.66992465199964,30.456199742233974
102.98341213093906,30.51750351735993
103.07639496073121,30.77932237651831
103.10718587164068,31.241728280698386
102.54812342226451,30.410170884846767
102.67563240878954,30.621666896834334
102.63877745003863,30.65752040945426
102.92247929200354,30.659147335877353
102.64908696806131,30.761877745243158
102.61304039875789,30.698801441573682
103.16210090355965,30.67050075506379
102.49962552159164,30.6262624590902
102.53225210776752,29.941519624216077
102.43661423677756,29.727234262448107
102.75045197888633,30.556479505606987
102.50396243166325,30.32586916332563
102.47122892757163,30.312133022477724
102.50216902153691,30.31651511308722
102.42519497636292,30.142964797526627
102.45236133428071,29.994643668042936
102.93207537841786,30.52054592348227
103.24912696081829,31.074239949094267
103.09809874412142,30.729644871207487
102.64626335751598,30.748892792851915
102.57582523179035,30.67052434435135
103.01782477849095,30.883054636743775
102.82785834306387,30.480784259844768
103.00922056461266,30.585042115444207
102.73455561918594,30.66703249502708
102.77233238473163,30.714466176712776
102.90744650026187,30.490296388994455
102.67548521780446,30.766620684066414
103.02889321190752,30.80618608527312
103.31912860996876,31.1381601066474
103.9532117058424,31.51238530274634
103.85021675063673,31.743901440973755
103.90014592307162,31.382462642283233
103.76029740361632,31.366502669157786
103.88797203960918,31.826760700745922
104.17604092448474,32.273667176148756
104.31863297761903,32.53244892847201
104.67272810582021,32.7790810931939
104.60580838714155,32.84235219911814
104.2492991830056,32.9294629232339
104.3161626399446,32.82515256581517
104.93201807273525,32.690131421592085
105.27436813946154,32.76976043911285
105.21580729225639,32.80253391381947
104.8272801772297,32.68815929418728
105.34509830567274,32.70697911418175
104.0339717352605,32.32285416435124
104.05637523214494,32.98998133784506
103.98706425983615,33.00525009243682
104.08130898469796,32.62419474643577
104.4821377096313,32.63714085556798
104.10005935890827,33.13658685394186
103.9540314274928,32.84653119898665
104.28672742384211,32.90726330236888
104.42969911610679,32.58881229292906
104.50387050790323,32.866567056359536
104.02889784432085,32.88902609417982
104.04894160699781,32.87531805709458
104.03601412560948,32.772947955836386
104.77038358357413,32.579724062238476
104.12080536771076,32.24642463187485
104.04265227857336,32.31914652131334
103.87070376934612,32.242400873144845
104.18218074420191,32.33556393737158
104.23676152542923,32.717203720358626
104.46784495830934,32.62349468855093
104.5593427779655,32.455170164131374
103.87735948045668,31.451466101213747
104.41661258448963,32.08477936188164
104.62308962023981,32.72487852711942
104.80169839402596,32.64315863945193
103.88526442928287,31.939776225280067
104.37471735759404,32.93086230610284
103.98701140134708,32.84371578063213
104.10823949256404,32.57434796717423
103.78197558750281,31.860895019153073
104.2495382836988,32.83383753540133
104.29642678321974,33.03804681013866
104.18863837669849,32.70466128973516
105.1758597165746,32.60248855744873
104.67409646905891,32.50297022803966
104.2779254058586,32.2336032374428
104.15012079880846,32.65881235611807
104.59970706458506,32.55446056417562
104.85142098985865,32.66547581992529
105.33243896932967,32.81693514430658
105.25850416401966,32.69587593347267
105.15617738533584,32.79800979507592
105.51068436800459,32.82275936522918
105.26802618721294,32.9581076883875
104.7315800530655,32.77009780411932
104.7236751480484,32.47293538572286
104.5413271696673,32.61817875279485
104.1659091904168,31.674445301076272
104.23221062208317,32.19112483812226
104.16422820009255,32.86674341694151
104.27707727347779,32.86106835236885
104.16547165427868,32.18474328635092
104.28624723218284,32.62326817835099
104.38791142349487,32.95274096658143
104.37254185986416,32.87477894766399
104.87798782605189,32.56036022657175
104.07231128605474,32.30818895838088
104.17452381782567,32.4561124980263
104.49639509147444,32.6981142894822
104.16758814549047,32.81773094571137
104.13573321362051,32.418417283915566
103.90065880761955,32.67108407070728
104.36571535970197,32.10655437881954
103.8481227010233,31.98392090477678
103.88613818334031,32.365165633129365
103.84471421584061,31.954311825570553
103.99166351585338,32.669550507598316
104.802237131653,32.51173265813018
104.17250537574004,31.665873098219528
103.84846558206367,32.24908390163042
103.91234548177891,32.38876752557297
104.14341994745992,32.523125628767076
103.84651824207322,32.5791021565766
104.71872753608184,32.71932827032427
104.04186546175532,32.431784587914116
104.14484004856229,32.587470894628034
104.17429587370724,32.883485065425525
104.83100691703454,32.74060670752373
104.91302955253269,32.61739713009623
103.91709511632352,32.53484754449956
103.8644631516478,31.995874552609568
104.28935680797372,32.21419322451237
104.03424597775391,31.644340914875446
103.94772460723561,32.794172067049246
104.39116788470042,32.552971777975806
104.07012617391507,32.62432624463728
104.04592733865849,32.818365220076444
104.23820822947287,32.814979258876285
104.35919300634656,32.716779238786685
104.04847934380864,32.609169321745505
103.69263161171257,32.03590491458957
104.32213411404285,31.812111260307848
103.86120655919854,31.611736421979163
103.9479603144826,31.65245457235019
104.01540846241363,31.654469932083362
103.90253947809678,31.902154902998106
103.85645666382477,31.9400881048679
103.90434181769959,32.481745646966615
105.04359403552557,32.595490441090085
105.30770399345984,32.73269409419708
104.11092210539822,32.66298778709381
104.06701202962891,32.90315303446323
104.31810408024113,32.67859163342717
104.85185153660501,32.6068377261576
104.67279807757969,32.56644800625925
104.32072876209973,32.98126869505814
104.26121766183194,32.29416862786295
103.83471132337365,31.764218819782606
103.00629268822681,31.23614339729827
103.22926357043177,31.322324088939425
102.76049620067151,30.903667544220006
102.97778948347595,30.90564250933814
103.11481033304355,31.134134921384074
103.26271782988526,30.655154762875267
103.44902499484633,30.82308346984211
103.32557104245114,31.197506047544756
103.11447964269136,31.095511613724902
103.28377678301662,30.951700171539095
103.02874265248795,30.79075703456954
102.75761627034642,30.672371774842297
102.6677963460002,30.192705257428454
102.45564387246937,30.007136735901117
102.59322841822429,29.67689000831304
102.5849983223823,29.659702046796685
102.43476260219151,29.8378342726574
103.18531177572888,29.478204953319512
103.17621967382784,29.435100047155743
102.96748294803147,29.700633687876994
103.04731600844138,29.500543661287594
102.78635934581058,29.59723593722301
103.04078953143964,29.55925400016303
102.41775049965293,30.151806718750553
103.27717989033928,30.630907868894372
102.97811421228299,31.266964864788996
104.11842119312958,31.760340377985294
104.05730503670361,32.08848275923676
104.27834952288768,32.526843461526134
105.50128228674248,32.92887120987358
105.41229785417926,33.0806339936932
105.55591637447537,32.84985710994672
105.20930949448086,32.66353418846546
104.79955448263605,32.79037827504738
104.70091619218047,32.52106225995357
105.4659545762907,33.03954207326911
104.383363951846,32.06344219334863
104.82568026288146,32.51927778636435
105.0369354364212,32.65519021393522
104.7186297057887,32.781321438031114
104.60210105359033,32.602355687691784
104.13977048578182,32.21823279944412
104.20931733298606,31.675086085611145
104.07613049187859,31.471815552179034
103.98936421574854,32.0345608925688
103.83874442034846,32.63448745599734
103.99584341521032,32.62013337326432
104.14236002566331,32.1905849652597
103.87371385808471,31.971197044818872
103.88106758520904,32.08293773801986
103.914049993328,31.887899863807505
103.84300452159151,31.388397504395357
103.3208550014452,30.752634165932353
103.16456019050874,31.104899568931753
102.94287659981204,31.18454414767712
102.95790481960898,31.16639415116492
102.92138664534289,30.68950022412244
103.10636660031066,31.22563890288262
103.41306015501928,31.31601087582744
103.1184879829064,30.604870845754295
103.29091343927706,30.798415049572792
102.58682033190414,30.49997490856476
103.29214668009,30.663580431487798
102.49212807436241,30.383834203495763
102.49655099826722,30.222673344823747
102.54969582828963,29.93302250438827
103.10446147750379,30.732927116805346
103.07967449296618,31.250449003173454
102.89598164420887,30.90255867951519
102.47130472400868,30.355212248237773
102.31192826694175,30.03548670336468
102.46987296316664,30.171554834982853
102.35554453204024,30.042891976283023
103.03789493231254,30.55918633761155
103.07126296595004,30.789051338409145
102.67532055837785,30.762905615292524
102.29069969771625,30.029386406953094
102.49536297883135,30.737313634205886
103.14431518697053,31.263683882673345
103.55407740783973,31.180008310948725
103.07584648651117,31.211125725615663
102.49520841585866,29.70789024290302
102.58870885443501,29.719746715712596
103.04429850638856,30.584536038666975
103.70449947779132,31.27596465458251
103.66357145105526,31.3213442064519
103.93137785677699,31.62379270356337
103.88785374951294,32.00308822915474
104.90638202904944,32.787217002216146
105.15473019230234,32.84580297388568
105.12539003113456,32.666587933621656
104.66818225049522,32.73733709619196
104.4196683474048,32.84788229696483
104.6633151125864,32.61240682521396
105.25816674276433,32.94448861119386
105.11402825093752,32.95359953718486
105.3727408111531,33.01477951600663
105.46056354348298,33.1208560799807
105.3340677629589,32.69066649549407
105.43977262493902,32.7552254594435
105.45452229981174,33.076742019243326
104.36858664560704,32.81848761013564
104.12504627151799,33.013376167934176
104.69137104368126,32.80109646840281
104.09682718327979,33.02981975309681
103.86195702701654,32.413062791642595
104.33195815985006,32.53051458580323
105.31629660162884,32.77376718909506
105.55051618397702,32.87188619447901
105.52731610877345,32.936852963670184
105.45647696737069,32.853196980305356
105.01036259348452,32.72959193808257
105.12321210159809,32.88712118246557
104.99679913897434,32.58943952164746
105.08393608176567,32.569516151727
104.29295223098384,32.31953407453578
104.61254981421126,32.501095991789754
104.4773869978768,32.52891930163055
103.94599002583176,32.79480013954182
104.56757254616278,32.56399871369068
104.30030280349168,32.99760809213063
104.4497966887576,32.79863826179929
104.92084543270474,32.56304284615046
104.9977048425171,32.611982113199616
105.02707051250914,32.54897577238568
104.76011994653791,32.68995427159784
105.45565097681433,32.792017331760725
104.31050031363066,32.97030972392668
104.48907044995815,32.56116807284035
103.97447165674903,31.674032026423042
104.31357643168775,32.069315493571345
104.31357643168775,32.069315493571345
103.85215759600038,32.35335378397961
104.26702264455922,31.726681014352973
104.17893639873378,32.803579937975975
104.67647136234858,32.832708240620384
104.75701513318207,32.63877502006052
104.77999141224866,32.776254830489336
105.32033505429476,32.6897712674734
104.07600937332654,32.92408953053478
104.98717160796649,32.555267462707725
105.49601598562286,33.05880545053981
105.2292109983599,32.792936219900106
105.46145485055364,33.08029884846654
105.29374603776206,32.84790281955676
105.12986190391543,32.68211169998118
104.96732082591443,32.72193009618999
105.5958443499809,32.92870618730172
105.25869631359609,32.967041940778515
105.63653284127902,32.85122408666277
105.23494844807365,32.85377322483372
105.45609769697644,33.05548275140036
105.44335000985632,32.93222130487047
105.2904213405852,32.73428596308296
105.62333207136638,32.86607880292454
105.39187496890241,32.81894631419572
105.44983493769182,32.95111018134486
105.30919759700183,32.62330514561382
105.2985875585222,32.71301976486376
105.58742092978943,32.93530450891145
105.17745772098927,32.85738815681257
105.34799549112546,32.919986714242576
105.38778543890514,32.87785151623541
104.19390899359381,32.92863206230997
104.04879690134167,33.0215846369407
103.99769971902347,32.48980002541623
103.83106306408213,32.37521653217844
103.77938052983137,31.537727402174703
103.49478899315525,30.85840998747388
104.02755163368116,31.658125930031105
105.36493353284686,32.95607116718383
105.2394562417285,32.68851459109487
105.12871690268355,32.678099387356525
104.57799850892076,32.69176623794231
104.22111174142083,32.31261850417818
103.86672102266792,31.749455859720616
104.08738392949272,31.445577542890717
103.79308089352041,31.51055489419439
103.46601974969428,30.88038263905025
103.23691669669893,30.987355982854204
103.65893347161357,31.33357634211489
103.19147824988173,31.02722596836665
102.94130432517703,30.986925581323824
102.99664239122029,30.86760076932277
102.74797058099877,30.893518718255628
102.758210394082,30.246720967252777
102.62660670550986,30.735215391553297
102.88845524655595,30.697487213727616
102.7745608413733,30.74721402418399
102.61018680494963,30.49193856515993
102.98358345969184,30.590301719547004
102.95493268950037,30.89761791439626
102.92339623988694,30.603792276775604
102.49121347056771,30.627117713179846
102.60375828395814,30.80499950911171
103.08570568508273,30.54307441486126
103.12162520182298,31.004307621578736
103.28242814478523,31.27776464037377
103.25194215206491,30.968638548530684
103.33383938402397,31.407698764679996
102.46770503676609,30.108555664479518
102.46808094772166,29.889094306208126
102.51623976410934,29.92110010301119
102.32177775550535,30.02773733320917
102.67672493134803,30.227084000215726
102.41655991525693,30.260703353456172
102.49829250926088,29.926205395634895
102.46588945307306,30.484707392114835
102.63192165232111,30.522799832539093
102.7560126526329,29.625279414500014
103.01458485422572,29.46157572499505
103.18609332989364,29.498630599629056
102.43290327169865,29.83752344438373
102.97212520838347,29.587393398430834
102.96419271140572,29.536578658184382
102.91839369602846,29.633515779042007
102.37993637191565,29.867567074621224
102.3825512408282,29.947930258490327
102.99606939452944,29.522734111710147
102.98512323366077,29.568262152842987
103.0520028266745,30.489370384383342
102.44524086374851,30.12226665851518
102.63715914568736,29.680957785039695
102.38660267375244,30.055209725184213
102.51278481403936,30.27507720313487
102.82388711775953,30.58924048609243
102.46460871641716,30.580550566551604
102.50944065678387,30.440307416916376
103.17770350291913,31.083143118693158
102.91812175191833,30.712835366761425
103.12048491437004,30.766680196096107
102.34317332342769,30.185495583177147
102.79427194080597,30.735126347899175
103.32259406415236,30.667942189946036
102.99763510492839,30.894206957186224
102.74136211900695,30.702432263384843
103.2165051537091,31.20343797494522
103.26542605190862,31.10940752944473
102.77466934486479,30.774926827777275
102.95136305109602,30.716345041004317
102.87287170686216,30.369251785673626
103.1688172246292,31.123599897974852
103.26723066926776,31.005637185000005
103.38681159078384,31.081780116650485
102.7788748811632,30.883951730933237
103.28978723609586,31.18220433964025
103.26512524262868,31.387701054779132
102.47840889358108,30.268232793103376
103.34240030467937,31.222684135599348
103.35476721660854,31.31361394476586
103.7097587491385,31.24889070796537
104.18913707975368,31.686622091606065
103.89142106868894,32.151134199197415
104.16604732740142,32.353558888274385
104.4065055729162,32.046933370398385
104.29026251656916,32.169762382783325
104.04288805890495,33.02506754927669
104.51280220360525,32.573480814827136
104.44845664225018,32.63042602794133
104.41546177006107,32.61161199241212
104.40018143743154,32.928791654846236
103.9264537010222,32.855906890521666
104.46923967029971,32.92717883072916
103.89234702086871,32.675545619529494
105.42409650732819,32.74584590665423
105.36830353706944,33.03364176340691
105.52989772642741,32.94517112765914
105.42604674891331,33.137807831088026
104.99672717463493,32.70464935785865
105.39570739552225,32.882159082763415
105.17036334609249,32.64949970463874
105.32712613047663,32.900174686758895
104.44275061037267,32.71781246462274
104.70113797080818,32.81865468846552
104.563848062869,32.864167220792886
104.032269216746,32.95057869868222
103.935040031397,32.16627272221421
104.00453275880697,32.96215382039646
104.68716922777686,32.50329209035811
104.68198087549482,32.58942992800046
104.65741821711396,32.85906196756894
104.65291562912901,32.57624814013409
104.10591431586718,32.055031060143
103.78963061088581,31.957527364721752
104.17718579407928,31.763050503129445
103.81651479057257,31.426099251631438
103.98806960021527,31.99271514606742
104.56379554622656,32.56200213373378
104.39508545673222,32.099111655547404
104.40078745301639,32.84948186877856
104.16252108691091,33.04815877213266
104.33732965804906,32.54796235902414
104.54887923145793,32.68760367891904
103.9113682244018,32.03880508219211
103.88813993985761,32.54401407227302
104.9128493663171,32.74992721623426
103.94355654933555,32.81328178485221
103.93817877987006,32.83578398470418
104.13676431981413,32.30817837931285
103.81807539310866,31.79763062155796
104.29259758099839,32.516240443430135
104.680350926404,32.6078483652277
103.82227016355843,32.61126867523291
104.05887297968044,32.106962114149724
104.04828653662791,32.11446742825115
104.11327690998223,31.680351457312074
104.03502291659579,32.024259501331834
104.44794821494564,32.67849771284509
104.42411450420892,32.71630147439457
104.13433086255871,32.7286150911544
103.81796311434904,32.47496732875982
103.85526465114464,32.406164251833665
103.99732640394473,32.77932820024711
104.81802956265058,32.49675559308003
103.98753774891014,32.5720754451951
104.0374132327316,32.02977734839031
103.90408881663942,31.955696216620296
103.69704320502323,31.85101966561033
103.98534096687267,32.21167301256822
104.03630008301032,32.272854757942405
104.04074990171208,32.469754985328954
104.2863293056732,31.784709920833915
104.03874896685359,31.892893896977615
103.93226878934404,32.53237283756752
104.67815927062315,32.63640594730402
104.7589286043912,32.77477338828515
104.60719305036073,32.60115640009667
104.78640458176304,32.77577706456409
104.9919777682506,32.69728749592346
105.55605836470814,33.004632818686446
105.54411878595623,32.99897996983342
105.40103511978954,33.05573413295468
105.52312190442066,32.88096783772701
105.61611447354171,32.853696426408554
105.19396823605992,32.70298789550684
105.28334013004297,32.758807787598336
105.59047923259648,32.9938299432067
105.33662636399318,32.97283134796512
105.43731014863793,32.95042395269896
105.27795823500472,32.98372702221966
104.98714217625566,32.66063527529454
104.33905693396176,32.74240444849542
104.08677258864132,32.11590975373679
103.81352239356495,31.373659918572976
103.79220822330898,31.952089983349097
104.07673299419523,32.49066754425793
104.05929299172342,32.00193897117142
104.56019548768543,32.615597886348844
105.08866378967322,32.88596930125783
104.08299263395551,32.615007273038145
104.07070532557653,32.35330582934452
104.41943334910387,32.068811758708605
104.00683847328426,31.86475493717322
103.77192314500206,31.975731572243014
103.80971933168978,31.85983116803086
103.77975318803108,31.452816550719895
103.75653655671806,31.4188122923915
103.63388237595427,31.170671431552925
103.56663809528257,31.147024366126413
102.95089979169906,31.23189796920389
103.22614344664632,31.12831786384196
102.49397057726301,30.236422786318247
102.70873082124594,29.64708416352054
102.30122513015597,29.982591724537414
102.54622580618432,29.719007190517303
102.38447308686334,29.801890371560702
102.36835844589923,30.16342734721367
102.58227006478046,30.482071730580376
103.1231362549018,31.116443266115677
103.84771534501635,31.552184191268037
103.88455217725136,31.45594155053376
104.8197709772937,32.60383898406414
104.44930269599878,32.492413572813234
104.43928082761444,32.63114830306688
103.92486813660322,32.76639613976888
104.20236922136239,32.87323973335946
104.7634617426566,32.68598993018429
103.89725473221553,31.890509255524986
103.57730903014983,31.238787982755852
102.95403491735661,30.679551018986157
102.68025167185715,30.505627183851352
102.9212929964829,30.648394680863593
103.34073596187348,30.85572733219647
103.02000749063585,31.00858031747727
103.1517225449954,30.85196210193521
103.4159379429538,31.18822892297827
103.7057346958841,31.17734681093296
103.73870659952398,31.258048850264622
103.8897615457115,31.6787427274578
103.87503485208485,31.742111921950986
103.95827607945685,31.833634087128857
103.90242059222933,32.85792368987983
103.94461067011602,32.24770125637341
104.02569860383251,32.17739821845276
103.88725449714627,32.4405674831258
103.85555120212241,32.61078645242727
104.28691209367463,32.22934161078429
104.80174546478185,32.592836770128
104.77128061668704,32.707919438623414
104.15261964721093,32.572174852067405
104.46474790853921,32.09238017534319
104.38014645464614,32.5331284363941
104.3794030187491,32.100159900688766
104.14940968996116,32.626514148336994
104.00246031634323,32.178870805565666
104.28271828127649,31.761219390689813
103.91916657007302,32.38443947192037
104.08988426650318,32.9393885977457
104.37398866626211,32.893381058777756
104.27467644497784,32.637311050643426
104.26353793668817,32.574146751501935
103.7863508818577,32.0841903941151
104.77591770671435,32.75305217726216
104.70184703687463,32.6058869290366
104.08513812667378,32.87838819912474
104.36598712296318,32.96862062839217
104.48686537334058,32.76061644475162
104.97033848025323,32.58970597781545
105.27323122691998,32.97222533605874
105.14257302687025,32.9712125591677
105.44597409116828,32.74274034010769
105.53858570472653,32.87634755037679
105.36576612045117,32.97938023436894
105.42923131071441,32.94748737010546
105.41224611953751,32.834698267365816
104.56882436249542,32.66532814064861
105.14671113318947,32.936174645625684
105.31171248565137,33.0324856092046
105.35396934709074,32.96323754177722
105.37048783006644,32.85089466959229
105.41141750965204,32.93001806143667
105.08721223172046,32.88482390891404
104.81057080138649,32.75920236787211
104.30414806338001,32.983259015687004
104.37972733930555,32.8786998864951
104.15236392193268,32.474259532927505
105.25887777402167,32.61653939410105
105.28346114346486,32.86375744475554
104.33474008540948,32.085604123891514
104.12442951792472,32.28868850352035
104.25190583862695,32.1946958602998
104.35504211689712,32.27386502029862
103.87533284748774,32.04859340240866
103.82251795544158,31.903415649548947
103.8863358281861,32.32633407384282
103.98299505027222,31.863507371888502
105.19248612833692,32.78863079733544
104.32842893892177,32.8847943276861
104.2184693283499,32.94672527550135
104.21896898609555,32.89977352783587
104.86954075122307,32.719182501428854
104.51815059074404,32.63865185860012
104.05188088006334,32.775162853366766
104.63234532124123,32.83982730535131
104.5586369265533,32.774207647224536
104.95320841632395,32.5769229567059
105.52129018954035,33.01340963663541
105.32054952082649,32.70614192781324
105.34109540584855,32.672564580453496
104.46956976172353,32.70752489008331
103.94572005711552,31.927959576705028
104.3626877235806,32.996419568466415
104.69633546048038,32.5788565231198
105.48884337006726,32.875926571896834
105.09095821229278,32.94500831093419
104.53698515455218,32.78937939714502
104.61399461384163,32.81401234336788
104.95319409063387,32.64299376642422
105.34887523467337,32.946818166437815
104.1910113313789,32.81264789509636
104.13151707369512,32.95013795681646
104.70131578843946,32.79107066559079
105.0268845442933,32.74598196542797
104.87115518468309,32.76486152311414
105.01787791426179,32.61053139618116
105.3444791700459,32.96879942625525
105.12135271404019,32.670866537148314
104.05413141427621,33.17400295034116
104.80479900383575,32.65550796610789
104.35917460559168,32.709149298713015
104.04867073628606,33.03215421181206
103.84979930983776,32.322189649302736
104.40705306024593,32.689377088910256
104.18339308098678,32.83518881995521
104.6218236464139,32.54230698110663
103.9684834883711,32.26807056198197
104.16976671975402,33.04942770492707
104.06303799062447,32.69457835739508
104.02597503311446,32.5867234762669
103.88342757327031,32.490988012317295
104.09442301466812,32.55261551278601
104.22494555720755,32.83866641414675
104.13922113712987,32.55122220515739
104.94430071051535,32.699918520822216
104.39833379747051,32.67235307320919
104.19474391761788,32.62660188050912
104.31217395264119,32.86770366466303
104.21410440427147,32.73532955025744
104.11056631686279,33.02409053985133
103.89917361220223,32.89067012053179
103.9141801860468,32.832935849315426
104.03300806205215,32.921402633181884
104.35369988900557,32.826665714698926
104.42317060419576,32.62978646538834
104.0544309231423,32.40155015221004
103.80143139859211,31.922161704358572
103.83923930806253,31.499537976477203
103.79108521424048,31.530213162764156
103.88091025068304,31.628471787073682
103.58194846920846,31.14706706411429
102.79505183645331,30.638052711995577
102.68358810481179,30.591515181413172
102.41999139179823,30.48823989784679
102.73972467461373,30.77897305204761
103.05514791655352,30.770512813943377
102.67852585503935,30.76279686033292
103.19744068911697,30.947671511884415
103.29023250116784,31.395066523400335
102.9756827167251,31.25805805379392
102.55416767248501,30.583035832906297
102.68587859003284,30.858499000735943
102.3417189484132,29.853659852654868
102.43586319836284,29.783394487970867
103.92141441590124,32.014586202758714
103.9416449633242,31.42935552244871
104.06903759542428,31.751060060935394
104.33464002586133,32.57507568258302
104.2673139548424,32.94412484311891
104.06992289548158,33.0039529236497
105.27184135087896,32.78740951854473
105.3013806979171,33.02418959653417
105.2749996413005,32.83223832352975
104.58104421636462,32.874283770897236
104.74925202525354,32.74335842109365
105.39709796579865,33.05759194768677
104.89564016092571,32.549666696846536
104.5063182894062,32.87154805098305
104.62995089635263,32.81516665760877
104.09900265058545,32.55801578733216
103.87245376682203,32.50971551472918
103.83544818097309,32.44897524940294
103.90725325823612,32.16496711622164
104.43450650725076,32.689648598428306
104.02477404732024,32.144362857403934
103.89366229072108,31.958275839567268
103.97734753269327,31.3797619032605
103.97051665423616,32.06427064844692
104.44186808244062,32.04942310952302
104.48395215562454,32.817584641300485
104.65406093518885,32.791873471279246
104.40783364735404,32.81593218765072
104.24913652029436,32.81549801377622
104.05399478909746,32.62917671288286
104.36154852580215,32.66473843885629
104.06945521764086,32.514949716007855
104.59109186346569,32.64796811800625
104.01947131020673,32.93739971764196
103.918700340587,32.758624890695216
104.00173599879474,32.87902854343187
104.56030302851255,32.62970618550568
105.28081917477982,32.9665610025827
104.79565587749407,32.75551706849342
104.65991154427833,32.67073608613461
104.8407785236841,32.81156694736045
104.7485336133838,32.48999038679014
104.29163728970704,32.770410593722424
104.20035698921876,32.70893608827195
104.65674461067988,32.776270222728016
105.07200335411628,32.70593299533257
105.23375407027629,32.93564693728096
104.88929008413788,32.696056105856485
104.8381083124613,32.542447432795754
103.99036696996629,32.93651858418008
104.00656662062927,33.09533771879867
103.87076036013282,32.41767983600173
103.98962263746036,32.71805922779639
104.212404385812,32.73500903769475
103.77921288805182,32.022642452895866
103.7397068136265,31.856291269258225
103.97902536686685,32.448427671585584
104.04862894088974,32.549855032169816
104.14669843763808,32.77453204584994
104.44397490327236,32.08639191332466
103.77112196487877,31.52369127017823
104.29000778535469,32.04419330693803
104.02829367490675,31.849715238413378
103.94483598438147,32.19859086749745
104.1338856491621,32.867043254008095
104.82648644917808,32.69834836236363
105.13685251261876,32.582302668713474
105.22784807671184,32.91763723886431
105.28554147405376,32.87384627109521
105.25794389608275,32.852852175185426
105.36724435277837,32.97671941230109
105.4961342841396,32.888113449112446
103.92554011803907,32.57415418723322
104.36350693487098,32.71205798942273
104.17680674507584,33.02223324066585
104.13051765017863,33.056279559229644
104.30174852706234,32.993221937641444
104.52078169040506,32.848853997521914
103.97319480126961,32.559734292210955
103.99055013045975,32.58920624008547
103.91041870033987,32.37146090261077
104.40734200671116,32.31383581544734
103.82112751543683,31.9513924495958
103.8732158225164,32.55157134263523
104.44157613122101,32.8439245737922
104.54189066651116,32.57032875209104
103.88739542599693,32.05378262187601
104.87941754634751,32.79259619002062
104.47576277511713,32.92940892937297
104.12365308918743,32.42323464134066
104.14979634296556,31.70628979117728
104.59213580427465,32.60481312236165
104.29765071997932,32.58919614039643
103.91963234994961,32.740756341471396
104.08509094826378,32.111345493807576
104.06803987718446,32.43803523782113
104.16799954162951,31.645697106814
103.68020767471766,31.300262220912348
103.79550398909679,31.435794880488857
103.76134911637264,31.339995864078052
103.98733169069108,31.990647058593872
103.87084330795189,32.303263911198655
104.15234955988947,32.3344712275861
104.03111230285636,31.94090749984061
103.8477031633592,31.960209269805596
103.97674055229274,31.704506822476322
104.06815016281784,32.001346411825146
104.35243919018647,32.156810928826786
104.28356267727143,32.09495639141752
103.67704715252106,31.95729244779022
104.74362616099337,32.631164034375054
103.8810729467841,32.06638075454977
104.65946618405476,32.74043643361967
104.58331060116508,32.5331059094442
104.73666142224978,32.7503434939089
103.92430402306553,32.74919870780886
104.08816506487595,32.47895449096615
104.47186681978593,32.81043957018188
104.41976819033792,32.953348854816845
104.07877045311439,33.01578497936533
104.17276637080379,32.60888627398316
104.50388452738471,32.52521193463368
103.96887831944865,32.860105293904375
104.4985470418766,32.81529593380073
104.00656399246492,32.934275906562924
103.99434460248557,32.37952874816351
104.29514662014347,32.77113694691248
104.52172321934225,32.76117014807452
104.05834025483615,32.97691454964833
103.2442754032827,30.65655290346238
103.16053085621878,30.84277099619563
102.89047302416704,30.330739251517514
102.39915623708633,29.961587307812266
102.74665981625904,30.189133472405697
102.57212736378133,29.683408222234885
103.1416175572978,29.446844845569128
103.207000098501,29.505744751667528
102.77567876679878,29.545419325622515
102.77567876679878,29.545419325622515
102.93239466628266,29.697312512891223
102.54106976543153,29.883318138993996
102.4682129872909,29.8273376886902
103.18278362333892,29.44971135420438
102.92159325299193,29.41496639315066
102.73929749746802,29.626868029209135
102.48904315480283,30.490573799252548
103.26067568961916,31.033223095577526
103.14066104613644,31.132482559561833
102.56324266775094,30.10826508715352
103.10435816099816,30.617986548958157
103.37086839164544,31.15725968973353
103.85247636789737,31.385994538508218
103.95643056255959,31.825740404529228
103.7164164281562,31.99042852471684
104.00275392477315,32.5441048399942
104.49247091616868,32.49367596984698
104.78369150173312,32.52318221393792
104.94709555420867,32.6353495212213
105.41649611532081,33.01826315194588
105.41395412810581,33.03222121111319
105.46065818185023,33.04361096184636
105.31213575472485,32.61769968562653
105.03989415384432,32.72245259376921
105.3421160358091,32.64675872052471
105.32145415944079,32.86342014922656
105.05977451303046,32.695957332791515
104.49611694567346,32.84934477169535
103.73569730639645,32.13362960655793
104.12175700978341,32.20351453423574
104.34683647123678,32.98680406528077
103.88037973935903,31.72562642489142
103.69450457812556,31.92912424454441
103.93831901075464,32.239445022652404
103.98066934295868,31.879770237639782
103.99850225733886,31.67392667617948
103.87782825554838,32.29889905901975
103.97142029114066,32.722595384830434
104.43332403879101,32.59128433103249
104.32487845939178,32.88908573178022
104.49849724451377,32.49846085833095
105.3857710383242,32.734590370051855
105.28610676084351,33.00313043440092
105.35414854206913,32.89471094281349
105.3713170657386,32.70993315947813
105.51421095900895,33.022108557590464
105.41228834751654,33.08695636612885
105.62864686273032,32.97696950161519
105.19378723001108,32.636142999419555
104.90073532281195,32.750146854408186
105.085359266607,32.93809563478455
104.58451050445247,32.86676831565557
104.19565380093728,32.95273764259957
104.07636099359866,33.002335316746745
104.17217663119055,32.53010954656572
104.08047464546249,32.05658069535966
103.84439800936529,32.092020037563934
103.8455939367148,31.45753168286819
103.79319923704531,31.8046639383356
104.15723434270167,31.713090379410577
104.08606126860231,31.64485405033831
104.24497604250165,31.733988946199315
103.9225404298381,31.466634328998904
103.83894390286575,31.52608185609014
103.76477338522864,31.834440869169374
104.25457508810638,32.15433743076927
104.1135722169775,32.563647090055284
104.2204219372282,32.074614608258585
103.95822749077462,32.82422499372329
104.01126466492252,32.73770036297938
104.35901129363664,32.760478313605994
104.75524490944156,32.551837239043174
103.85552737592215,32.54844400940278
103.93285347936705,32.79408646679395
103.9068452212265,32.54291989024784
104.55601196206783,32.70510924415121
104.22077716373013,32.9819399679472
104.49658295015307,32.859160713479724
104.53869273045629,32.74189975502232
104.41678206826427,32.765830147373514
104.62039434226206,32.48715805119656
104.29046756583445,32.54272275794666
103.94568344795758,31.52736918205344
103.86423764083521,32.07957060362309
103.6821998798605,31.948731060855334
103.94632961716627,32.381238572376084
104.5023153384044,32.57658226617341
103.7427621531588,31.91078854578573
104.14775506143705,31.71974299311411
103.7664855465829,32.09448484426817
103.98356687041279,32.68826556084354
104.03436499811765,33.07306985306282
104.41673705515593,32.79369642549086
104.38187466681991,32.284656684674594
104.02738243863045,31.70735945007382
103.85268161049896,31.567710888245134
103.85118709278225,31.577288770885996
104.03776336934898,31.85279650753381
103.99123172005238,31.511290231971298
103.69286679721915,31.981989705112827
104.0745105971328,32.80738784876769
104.05004265040664,32.452917906317715
104.24625641991919,32.86725408690071
104.0004104485244,33.10519023201583
103.94826529500321,32.356501728167736
104.54486248980457,32.794860099799756
104.28827444049452,32.59338555032948
104.97079628212055,32.715578611720886
104.76532189752056,32.62551892051515
104.56873933565247,32.758133749673505
104.42531571123253,32.715868965418075
103.95634331044008,32.4295942932382
104.04214981741234,32.68659399211995
103.96629133563496,32.532053906309265
103.99757706931422,33.11916333870878
104.09465886017156,32.30229406062274
104.17484596995195,32.809316462004965
104.08032534132599,33.16180041074121
104.13182444618703,32.69562454189148
104.28664178468213,32.609436181808675
103.95778760656698,31.476683387163902
103.85596141414625,31.832810631249114
104.38368218173362,32.5997251906981
104.60606085111802,32.624249324313354
103.83619448284598,32.29221563607835
104.43679831752513,32.63851256286652
105.51588655969915,32.858114350376056
105.57565663892785,32.89358713042423
105.57107676240923,32.894017755114945
105.51734303003278,32.949531181445266
105.50318352141385,32.796531036610126
105.57899928432819,32.984616379812735
104.47870239666521,32.70980505815837
104.37326920424829,32.934180591202214
104.12285268397976,33.15475747368581
104.45174117757492,32.65544228154667
104.58643376503058,32.761788387387696
103.88353741149255,32.181397431053846
103.28786201506387,31.147313043700343
102.79258129883073,30.677031882260565
103.16800068293439,30.97683819802514
102.90827066305276,31.18051523013828
103.71670790306486,31.33873779884916
102.98744930325878,30.92208241691462
103.65605117283219,31.227874411106235
103.9516209868185,31.722355189244617
104.32862701093892,32.74578108370262
104.34795014818178,32.640897524581995
104.25148388129946,32.10124893760944
103.87235925260104,32.34783250103082
104.05972418386499,32.717163144059846
104.31426461108748,32.1414615942888
104.14539242308494,32.67694556921968
104.73577244778954,32.512965983583456
104.51748886952596,32.50223002011267
104.02485253395636,32.9539221159325
104.54470494428601,32.677310589937804
104.14030790553258,32.33892704093142
104.2970312954108,32.0765112983488
104.36309707985798,32.08803499270631
104.43067457241163,32.86516889854457
104.40186688766175,32.57746266043485
104.37078005643431,32.544768853595066
104.08635519116345,33.16758657611431
104.06516715432018,33.0827186548028
104.26726308387836,32.25953072477305
103.96122959238971,32.0381112106519
103.8269428537318,32.26336005202038
104.65391072261872,32.7068358199866
104.88637691563518,32.52083083516971
104.54625251976191,32.65032218321676
104.7250211047506,32.46702629423157
104.63343134423585,32.476890013706964
104.14080470997177,32.999267073778
104.87979295384572,32.543236451957995
104.92051287317713,32.595487861003505
104.07554016002886,32.86056539304954
104.13115892740781,31.699658043401875
104.24688386919588,31.776758608836452
104.10124385584182,32.43917600424966
104.59654456955518,32.489246133311205
104.96590443405354,32.728418638846
104.13102152489869,32.500863575832035
104.12024258477845,32.30323045200009
103.8503711240007,32.10948150236664
104.03871156347466,32.0424673754916
104.10592229173668,32.063904646469375
104.10813649441313,32.398210855405516
103.83533177433665,31.961842455186122
103.33531635778675,31.383079744466233
103.0621296068547,30.767089932955447
103.19902803974162,31.008084137906124
103.24288060365666,30.875454485571854
103.0886572618127,31.13220831719797
102.93394250062379,30.36069141395526
102.98315806798978,30.689505910323565
103.22883759086135,30.70434284472632
102.56845852202093,30.544007261315723
103.3944468753049,31.426686241395153
103.74896617984756,31.257241480027396
103.61959941165279,31.329738236026888
103.6559614324934,31.25170715095877
103.60917653132663,31.222122247336277
103.05493614450981,30.953432738689123
102.43434213717053,30.480241381371926
102.78232662291242,29.60121924399992
103.11293370960793,29.495466769777195
102.68436122387875,29.72624875603082
102.4252098116295,29.900642178978213
102.43996927974588,30.563936326891334
102.60981617202552,30.62622292585228
102.77224632213441,30.66455595834252
102.52110558720334,30.772671785969155
102.72336959989751,30.724818450622774
102.62131616865233,29.968707774306832
103.14276862073095,29.463663554360988
102.45023146798817,29.772547347559556
102.5546086078549,30.273283810819645
103.20695322221309,30.64097349161399
103.03517244793127,30.468169101379925
102.98953612217296,31.045706040579343
102.81425811923518,30.653479894581036
103.31265177548235,30.98952940479732
103.29360095998291,31.260758289218533
103.19600193274233,30.99277461979837
103.31068955346659,30.95873351792518
103.54882741818555,31.125433945435642
103.77760238076725,31.992306015009678
102.81280134711619,30.756288012322507
102.59325327140316,30.70575689242416
103.12109896238249,30.757783334962685
102.65288868720523,30.754279441939822
102.85820908516611,30.92939904775227
102.72716899033816,30.78472021019459
102.6203995260694,30.316809546742267
102.52014177927629,30.79424808892047
103.0270141230386,31.074679343678362
103.096051284138,30.754276761855436
102.79003535231061,30.681957848659096
103.030885391472,31.109580007474683
102.98525418844125,30.91890557772513
103.00432009757309,30.904992365965697
102.63612554450027,30.345678532707492
102.49821612303454,30.03611860441716
102.38581934979935,29.84635240875141
102.63631458873803,30.58191281218777
102.68551378486835,30.305541067268816
102.64067230004889,30.71577307165565
102.52377670006472,30.73941226604201
102.59324742920238,30.469850858242225
102.67306810947545,30.29627403858996
102.68107951682555,30.22763800142249
102.38236107267134,29.771373767914913
102.464943127617,29.923741289540345
102.3702515404636,29.815717247925598
102.32575123046257,30.016470785812388
102.66016266864693,29.94969801418617
102.40387527614135,30.009318780663058
102.33915904570951,29.87036480919038
102.86278012722367,30.862217016485683
103.21682037030838,31.18651014047022
103.29595928650991,30.882169870653335
103.17125561249135,30.5568172889194
102.52504733892144,30.473819146003642
102.97107480117442,31.179326113810546
102.55175254985463,29.937081491978173
102.46695503685334,29.840204150631827
102.48845091845426,29.74891165687271
102.7554093098405,29.600639901425787
102.75442811928926,29.495791261055295
102.52007303461114,29.762408038160043
103.08482084831631,29.434118718305616
103.20878632391633,29.511801675576606
102.95008841994883,29.478210907408005
103.16614768948733,29.446491391286177
102.34752769913891,29.80802230964488
102.53818465277065,29.674415786613867
102.5451667949925,29.826329203426333
103.10987868126082,30.628810836618154
103.25492510817118,30.89572065276857
103.04045627291492,31.26970900468494
103.15933991005923,30.717262321131393
102.56352251468785,30.426862628422576
102.67543115969914,30.499321307206536
102.98998056536759,29.571247254210977
102.33969519906651,29.859320133900155
102.59889088340607,30.518428821136567
104.10715059593443,31.65702883995559
103.78405340663285,32.052061821551696
103.85613969514262,32.50207103523034
103.96227116957284,32.496880036850406
104.08932617172755,32.59367277368895
104.29504316100657,32.797182063074665
104.07868235330193,31.74743724256013
104.52136809718466,32.7579580709765
103.64545066545394,31.266309333876187
103.19937359294914,30.82830351365271
103.33459460790678,30.858858628762544
103.13650882485031,30.726618417109194
103.26874887354187,31.025254022246216
102.77232431489337,30.907877457479515
103.32776175867882,31.29472555844095
103.77479263729573,31.425389622453597
103.96859954717048,32.026084384271776
104.17659447033105,32.98459249723666
104.3364934932215,32.60344175264402
104.55542612972796,32.68373828143609
104.15871032985984,32.911874720222244
103.96424108935214,32.681477931418584
103.94095345171071,32.71499425324252
104.07464113125636,31.85349349633234
104.3180194726038,31.755486476068448
104.87847979397095,32.51999509974932
105.16813710892181,32.87626754289979
105.27623001550177,32.906950487242845
105.4795529117384,32.934577219059214
105.33601772287813,32.80241187353024
105.60144303040387,33.010948308291
105.20956262131848,32.92901619222038
105.44924432116872,32.814171900900185
105.41475527230283,33.136834139894496
105.25898420021379,32.65039582742749
104.99209458884819,32.69310187172409
105.043273057527,32.730311807984734
104.90247633138704,32.65084073955344
104.11273637876239,32.86007390728213
104.71598200900061,32.67180517665246
104.44107721784164,32.75565082843135
104.44497632116381,32.079140925817
103.71118739411934,32.044428335645826
104.19366632071568,31.687411314758855
103.82525265501647,32.516482918689235
104.37186566026196,32.05091101824725
103.71643676793096,31.8830905208197
104.09809648620725,32.07233736731454
103.89163895872885,31.344845945446263
103.95197181149261,32.88318101469069
104.35784576980981,32.69250463651374
103.82201192836295,32.55622714776485
104.02622811085912,33.130021970140106
104.02622811085912,33.130021970140106
103.99235531176346,32.988039313639426
104.33891571403574,32.87890088724411
104.47683799350155,32.77018777184976
104.62421565863752,32.78902201234577
104.34781099980952,32.67273176351611
104.08424407284186,33.009136506166165
104.26283189985378,32.766331585356575
103.93699903246134,32.05291028035337
103.8866007126122,32.15902900456934
104.21317908190876,32.62490111591754
103.95313124786519,32.14158479618127
103.77536337463947,32.01277822023745
103.73978463965628,31.940687096759557
104.04650093266802,31.564574050701726
103.68719170224186,32.01043285826085
104.18442205113352,32.22626361179974
103.91815948173911,32.05207982080699
104.03066380506013,31.849077245858187
103.71106620643735,31.928447125486418
104.47019859942915,32.51813488956157
104.01373217927465,33.05588503783092
103.92403148710683,32.73731589970183
104.4601035988238,32.49874526183002
104.79142660271577,32.70237874165228
104.1785469763427,32.763105595842234
104.03529041982094,33.163056724040324
103.94484387922085,32.42378470897585
103.96027195419042,32.26308402361809
104.22347259577195,32.25654732308529
104.17291200760916,32.833097304582736
104.12754336740511,32.91125933458927
103.8473265188681,32.49595737518377
104.0208550258324,32.65027333045826
104.31418509476474,32.74761881705289
103.89046449981389,32.415991286853696
104.90662617456307,32.76207194578178
104.26240138320651,32.67404228365334
104.63845479245715,32.65673169738835
104.69241724152387,32.703341773734614
104.15741965138541,32.892726471374296
104.18771371168918,31.759702843727354
104.02859526528876,31.61437214606079
104.07752163687307,31.540625785159747
103.90202709567289,31.71045554885985
103.91868294302584,31.498064532623935
103.29030606209872,31.064939742526313
103.09385961960407,31.16076203063886
102.69636219930862,30.821518346928052
102.57439457860842,30.668458482597867
102.30918832794485,30.08635057814063
102.48217184827202,30.190831194849682
102.93884546031843,30.73916462749984
103.37886822141856,31.238621193016666
103.79173240307114,31.800905249393722
104.54776643394707,32.51475857340607
104.27339033447599,32.27011485039351
104.83659767410744,32.54017930246604
104.7499423921667,32.651140700737216
104.81718012280855,32.69297343025168
104.35782054268252,32.807658825702816
103.83594793520749,32.44900672678635
104.18804585553033,32.83591526770421
104.13805625400758,32.91511404592622
103.90808922542368,32.67597757949434
103.98784413687675,32.52935842162342
104.32483269845028,32.54921066473072
104.67338687839911,32.735969763493046
104.99007799065402,32.68277236062061
104.60797585584265,32.65157401326383
104.00819960282075,32.80360984723323
103.90184967062915,32.69439465130657
103.95882277594731,32.697552212489725
103.88930645596758,32.35969879649572
104.1145921702062,32.285809657946054
104.26029668580844,32.96944562602499
103.88446750053352,32.47328020868022
104.44878030780077,32.822889133729895
105.167413536721,32.59132525431836
105.26158000618216,32.765032196160334
105.24472346430198,32.801269697109475
105.36138475435502,32.797771144271984
104.66255237980586,32.723403769681525
104.08054172226059,32.954257779792165
104.37713311271546,32.94914632089353
104.21447568518288,32.75670827720494
104.00292242408904,32.42830156250733
104.59585443325038,32.48187883312603
104.97314825771308,32.69284270153722
105.49350556188058,32.99642975640406
105.3777007450899,32.725966704863815
102.453457874632,30.42376181068921
102.59087926329836,29.900287226904315
102.62645701273095,30.62204685477541
102.80010206608293,30.444910856019625
103.2662254650178,31.01546269505596
103.37893646629165,31.33867384550243
102.99683739404938,31.208230846724085
103.29964122561836,31.077556343568926
103.0974519739434,31.17793825125269
102.81282855778922,30.744693684514452
103.23379381907608,30.857423587974434
102.53702085690155,29.976696817581573
103.19087471166735,30.673514256676413
103.01910228846843,30.625535444388483
103.30605060466596,31.010376671795072
103.0412788191949,31.069696065174224
102.97596969976846,30.978218493605265
102.75578397089737,30.569520756678124
103.0016202958182,30.68955807287194
103.2442657965501,30.814706578259198
102.49102474293207,30.524626909679558
103.13186545741536,30.76856676346122
103.46235020243307,30.919150058634198
103.32367017016254,31.20940642245418
103.31064840023235,30.63948830674798
102.62692589115821,30.76949686738848
103.14832367430934,30.870256370465267
102.56589000872867,29.96905916354114
102.76565983956489,29.601290071912562
102.9144165247427,29.568022504850475
102.33636161198062,30.1183923229912
102.56303425064891,30.468471937155243
102.53704019213261,29.872982215179757
102.58605458771072,30.317561768993063
103.09966162026387,30.962045504022708
103.79416768768748,31.365227296816904
103.25889851833217,31.160453298684725
103.03406708974296,30.734553693936522
102.45513837629777,30.61272210657434
103.00623816083564,30.65909291188467
102.5568165866645,30.41193254214469
103.0425147951741,31.094418738193625
103.04882894485777,30.954799422472494
103.04561252588985,30.516316031572078
102.93312500699223,30.808327805902692
102.8446368620073,30.69329128148121
102.88165448331831,30.907944813747395
103.44508853515232,30.86114310427991
103.0788433604875,30.915328344196254
103.19075056480479,31.145359511897148
103.29465807257857,30.728966764388787
102.99879412311635,30.616202692189628
102.42577591409832,30.489642030349042
102.66489964293739,30.81038500129927
102.9320378680136,30.903994330317147
103.32399950001003,31.066536877667982
103.04777218671235,30.52380330845278
102.95320804840144,30.576850094528357
102.73037151800526,30.343047815184395
102.68368411758982,30.572222071752407
103.04143280476424,30.82739019369836
103.06566940470313,30.504408853609704
103.23213392307314,30.648633706737847
103.68459148559202,31.205530233645156
102.84306223080038,30.87673457854764
102.76368807443163,29.55111528584408
103.12714338150177,31.187711939752337
102.62474388292077,30.707375882032913
103.05676828585747,31.042150643563758
103.33384200848808,30.904544960049908
103.29920831074156,31.271440074706277
103.21592076847118,31.079517372949837
103.21645250077414,30.878456735939928
103.35731747374798,30.970153355642815
103.04097230361694,30.500727029858968
103.62534493326491,31.329493737443485
103.89063538142766,31.587440972103312
104.02232421054254,32.03845290670224
103.66441352456842,31.2347547089728
103.96608922321178,31.505023262727594
103.95140444838358,31.713133944668474
103.35270954361576,31.211145285509897
103.86396145600877,31.85060074250428
103.85066654629907,32.18385502430293
103.99612443025643,31.632981733965227
104.3947896099662,32.64581599074762
103.90789018417932,32.44704157044405
104.26233922159992,32.091038769794686
104.39620242128363,32.61398227229802
104.78594540523638,32.49410181790322
105.09515364888398,32.90647100649987
103.96316396410836,31.874084556278014
104.3543832134955,32.27988966323459
104.035147735356,32.83533523371632
103.81888742875329,32.024742130082885
103.96064464974027,31.930064755737888
103.37170630191908,30.984844928967174
103.28514151859495,30.635478296202653
103.18690146763453,30.983520426717973
103.67060942376972,31.18582993884816
103.14236347142005,30.704248790604428
103.18424998324306,31.246702854516585
103.12347759411314,31.258178794737482
103.66520244613291,31.188107475524646
103.83003883565021,31.931568901727797
104.36259264138468,32.786592509905034
104.28642847388154,32.59458870758939
104.38159052329385,32.775363698023874
104.37388522009036,32.99393944424045
103.94394613180123,32.58160450030205
104.39070809134083,32.321990011223285
104.26477462888457,32.875250489306765
104.08761095327948,32.2451295931595
103.77223967675103,31.368661338004554
103.74851743208202,31.41152403569644
103.83841027469678,31.79541045953218
103.68933895006481,31.938956194389757
103.54110609222512,31.13750999182823
103.2263886557798,31.118490116523333
102.40383133198964,29.792394921875054
102.43052603591035,29.763011296499787
102.57200466229064,30.119953007992233
102.33821073846663,30.062978780758105
102.95419047431362,30.769640308096402
102.89372288685642,30.349241192923916
102.78405300006557,30.47738321970422
103.75901979166042,31.378113064541427
103.86478399265991,32.17513982161653
103.75792859092557,31.94099140060443
103.94042220000694,32.56004200785955
104.1912215349934,32.94892772123833
104.54631143004022,32.62015555520183
103.99635330844814,32.43079424505704
103.92584711541012,32.25510491895609
104.05728080403799,31.94168294216587
103.89947878029197,31.689089397577032
103.7583122915301,31.945890592509098
102.9190293024331,30.473380371165366
102.89067603872034,30.746522971283998
102.68922194008081,30.32500309004144
102.43853221771958,30.606191507782636
102.44770227720244,30.367707353822166
103.51341461821481,31.08673926443337
103.11245965572719,30.79194451518323
102.35011529705336,30.11670898248183
102.58683076814539,30.166790988424143
102.41938871681621,30.232523875066665
102.95523964004731,30.8616934938642
102.44851134450104,29.872452929373914
102.40014095985885,30.047086074647297
102.51146403636007,30.072459765840616
102.92839581566807,29.542293881249226
103.01436714649094,29.519519128868474
103.01436714649094,29.519519128868474
102.66162256445166,29.735077068098168
102.9457323368131,29.61363078495382
102.37659731689507,30.01325966428464
102.53942130111292,30.429970791644344
102.57024565136334,29.970298412105016
102.72046395073585,29.61149442172023
102.91322031025759,29.604689612689768
103.20546107137231,29.521984387737614
102.96965431167337,29.507895258865513
102.96965431167337,29.507895258865513
103.15187204154422,29.52221103627367
102.9667010124283,29.57515896262797
102.94269452632662,29.41332955464851
103.09223560098462,29.52832231746448
102.66500532277334,29.616755103493446
103.20714259483911,29.506775659948286
102.92049168680055,29.526385523726915
102.81147420943006,29.496446747805937
102.34336378176845,29.84994871949969
102.43228618903514,30.164169317199764
102.74605902312939,29.63195224369894
102.59741129542368,30.576593797402637
102.55502029385329,30.073866700654733
102.66086961218194,30.713279461104488
102.81800509462418,30.54311760361655
103.00927231997787,30.967058703503398
102.61042884564246,30.60360690608739
102.9473554124513,30.632504454862936
103.00089740412793,30.678664167580987
103.15984868064501,30.703479750146247
103.3618163163139,31.21556212171569
102.48311592716136,30.3250194803316
102.52168671062451,30.603726948880908
102.99806171286359,30.406680185768664
102.60973196068699,30.72718803118752
102.73240648990358,30.887097405506154
103.83403799379546,31.38326534017876
103.87673179620049,31.356629904264352
103.89685223206367,31.644531084705765
104.00263357315046,31.482624074749637
104.07501821042054,31.859453492548155
104.01428127872096,32.22605123165984
103.87387443263165,32.32449860811612
103.85293826274808,32.336899380156645
103.95863915002856,32.19611442594101
104.02546923979271,33.15074373499285
104.31643104834475,32.23526983549157
103.75849931407402,31.818436965889287
104.09283449955029,31.580465292301852
104.3795523439573,32.554266415746305
103.92728858261631,32.33344301533102
103.70066520633115,31.161920560866808
102.77636091011595,30.9001944473552
102.56813429368057,30.546347610087103
102.51622706759206,30.16352829237997
102.90126292174602,29.62753790340973
103.08753737617813,29.43922194063424
103.14572893996618,29.464114381015257
102.93153297914374,29.444669113800167
102.91158421971163,29.575715363923475
102.84366215792309,29.53642592985221
102.6343064809813,29.998781770706916
102.66119767542423,30.127709742888353
102.60884893881502,30.503755861456114
102.37819235780185,29.739909996198467
102.37520582095213,29.867440740498015
102.75126181650705,29.60430450185803
102.89063653887267,30.5870296068053
102.37802971445853,29.734676673794333
102.45860675943491,29.82806808627243
102.33583006885094,29.993686644044068
102.46790581760236,30.148781251725264
103.01619905367495,30.51180810953418
103.04903248057755,30.9966584047449
102.97099731311675,30.780502647665777
103.19896698792996,30.560870556825698
103.0572164118537,30.721904840135604
102.52974349000411,30.51919520870811
102.59992686536782,30.100563947969235
102.39798379369086,30.194785863756344
102.5097623941353,30.051553320849298
102.62279077761664,30.420453445535397
103.13783315418732,30.846152691271
103.40521163614034,31.418437285283844
103.10594749980439,30.749676462743796
103.21703450545647,31.232748102878713
103.26634748074824,30.641723444518444
102.63131571811674,30.728224471940525
102.8686927271511,30.912718587452716
102.80555534925878,30.91524862409846
103.01708760438522,30.535154341094632
102.73947934473577,30.73458357359975
102.55054401494516,30.12067898651352
102.65039913785176,30.393129941671088
102.60705837021717,30.103882241701047
102.51955143348204,30.664112500110903
103.18292989252438,31.26059619202386
102.97443403385466,30.40304833865646
102.98373794517418,30.876734612621867
103.26805531211893,30.81410657017656
103.2413619646757,31.003293235489608
102.98578526054435,30.450666303553657
103.08633795805962,30.850221591395908
103.01454923107791,30.502505968508967
103.34061393574927,31.06505284693388
103.77078641721768,31.40421740512348
104.04056366387458,31.740709171966063
104.05005706145513,31.824664336632942
103.97300365645488,32.3906278181657
104.01552435043939,33.122882760582215
104.31791055353935,32.89334260108134
104.16539391133624,32.58573181505292
103.9092150945004,32.31673494305274
104.05495219900796,32.673163329936294
104.78924464585332,32.64480124586015
105.05438335335317,32.61101807767785
104.15140108794677,33.10240016377355
104.63594941517275,32.847532513553844
105.08563081389046,32.69653292203019
103.87597761917687,32.6717967563945
104.18347933162305,32.277535069714524
103.87117507707775,32.02916324288065
104.19544898861975,32.159525890487245
104.59357933132017,32.464367845587596
104.23676264152576,32.736479779380474
104.06412771697872,32.92295659634114
104.36176219541534,32.672392886942106
104.11005288022064,32.84367410102591
104.09969296506348,32.69592387334619
104.07148186724275,32.19022086104907
104.44347180048919,32.29496531793087
103.95579433326365,31.59035407315283
104.17828020100039,32.33825977061699
105.00748725300139,32.708650206370045
105.54242271908907,32.8883452978573
105.4484553828765,32.749352205612354
105.07704284331577,32.6375148237872
105.1896887040806,32.583308377306054
105.49916833071156,32.966856384273605
105.30004833090248,32.796760055221405
105.34813924326107,33.02051965168592
105.26862349867368,32.91634682480468
105.30587313855298,32.71994401431327
104.06753730959878,32.3738408555892
104.00937118849778,32.18313452803611
104.21921324037854,32.24222969698125
105.19566887397244,32.893221810394074
105.5102564790652,33.07796049669399
105.18068436516118,32.69965315860696
104.09985100590377,33.089390496627
104.08082216393531,32.54145945379241
104.35554558832465,32.69407467540157
104.1246184897526,32.43939495819631
103.96596844447161,31.996878477113565
103.68055203987232,31.92230302522925
103.90331303050235,31.428945933427773
104.03733227685606,32.24735579643101
104.05653094377979,31.754135508701534
103.99625615704184,31.991834071716585
103.6423553009723,31.243055242481088
103.1109358549585,30.8802697589547
103.3145549459229,31.223925177623027
103.56549922310337,31.181017158930658
103.89743350779698,31.89120947818806
103.9394296783622,32.21280997294492
104.0721817718167,31.7485639481501
103.71524581767271,31.394165514106046
103.87707265676278,31.655376898991772
104.05042743097223,32.034957554331505
104.02232456999629,31.457877240525903
103.8535944751392,31.843752558269614
103.37440993537108,31.394672696722505
103.12406389514146,30.61694763418676
102.61891657407494,30.17018954765365
102.90505428634263,29.600247877642794
103.11858281020419,29.471759848486638
103.01224592947234,29.469735279880723
103.01224592947234,29.469735279880723
102.88842681536909,29.547946812880173
103.36138152683567,31.2654853430987
103.39565845548381,31.107629257422843
103.15461073184208,30.90621924305981
103.0895534532053,30.915116170662078
102.74402461408967,30.688818479564862
102.63720190668452,30.622775356311926
102.93242601139504,30.966698419543853
103.29879411626149,30.865283011786932
103.11453264628814,30.933901425536614
102.62564537984407,30.713922942326807
102.65588317610467,29.990525151542883
102.51752920706394,30.172369149352157
102.67097194921253,30.658635970149852
102.5264756028104,30.110757225554444
102.5804918958435,30.455405274219615
102.7708435997336,30.619486587495487
102.98523003066674,30.737330160444124
103.38921658708348,31.03880883080742
103.50938581326866,30.942814301011467
103.02171497101145,31.031187390655322
103.26293709103511,30.708602355381643
103.01945664723358,31.26190813138589
103.25280542352415,30.881254746908937
102.92419402784697,30.771503568890452
102.89566332491154,30.398004564867485
103.0595776444203,31.249222788673144
103.31151384734106,31.0946358249011
103.69577864768948,31.919624875868376
103.77992617208236,31.47902383008015
103.8218784132637,31.30662690170219
103.81063692907972,31.820592140843956
103.98518456213652,32.1269636865521
103.9217841761418,31.401718322029545
103.86326515020012,31.547950634471057
103.82523389645854,31.8630824034425
103.93078412807111,32.113187225330115
104.54592952172816,32.56709605913368
104.6473985133559,32.45416894113164
104.25513898835788,32.747572900416486
104.16390501778648,32.841313848622924
104.66799521121702,32.50798459884938
103.99525936872418,32.69717331138432
103.75874117867355,31.842748606164587
104.26636188695997,32.3301584653722
104.14537489419364,31.77511612297056
103.83587340640396,31.92643142205872
104.0986589177434,32.560232513183756
104.14382933759563,32.69521178355711
104.1549308299566,31.726680627365248
103.9301706212514,31.681368969303254
104.2264989705851,32.12101108111964
104.67372010018288,32.46603567899636
105.0372384719606,32.6058110653918
105.45078618297349,32.811404134201666
105.27079435222888,32.986678745159146
104.41761149234382,32.59829721981586
104.58432458135066,32.49695342664944
104.19537580854339,32.98584848585791
105.18584089426577,32.91480054062291
105.44417915840307,32.86111104644621
105.32458091593001,32.925523521414426
105.45182859737633,33.10875491630079
105.16393358866515,32.944479233396535
105.27728261421824,32.715730488455
105.27431442986513,32.79320204577313
105.60865526094476,32.85947666468779
105.31509773058265,33.02423216585565
105.01578521197133,32.5418565724568
104.07127148018249,32.73304129069834
104.35979373222501,32.94234695639351
104.01305276333593,32.92892544590707
103.91850767837234,32.905139875391285
103.91604192591087,32.64789708399531
103.98669468034221,32.54116765341157
103.90916649217289,32.38680351223983
104.01206698449683,32.16479630280062
104.04004687503422,32.15052893818337
104.1484381988209,33.02691767233411
104.58005818218352,32.84822098913687
104.04748459243994,32.98091185845641
103.94349424200117,32.68713762435265
104.0884203787917,32.928045935466194
104.07388116967887,32.054163737798135
103.91901530046758,32.479718365242064
103.9586728913143,31.454674130349893
103.54865649399986,31.17471170831449
102.59519208657369,30.744756246751535
102.88774568032343,30.3256303022562
102.59186330937055,30.21940793649594
102.52645991551357,29.685366772865397
102.43289458378631,30.086752527171402
102.48711448087617,29.753929471514493
102.74898740198121,30.225912283215436
103.38407534870758,31.309229320511452
103.31651191584986,31.30057380833798
103.35781320246159,31.04838195898994
102.78421010850117,30.581256762054114
103.03395115984458,30.820058695821967
103.13023250003165,31.19643185921979
103.02285894812603,30.592625719531963
103.04498780328161,31.13391464245219
103.0369679376137,31.160603088634712
102.45838155889811,30.338913159452712
102.79969197365182,29.524216520859824
102.99126548545398,29.476075491338978
103.16892195272874,29.44795194712309
103.17606152964585,29.453712861676877
102.74123246944649,29.53358930574677
102.74203091813142,29.60064848857626
102.82644939215201,29.524772051928466
102.49867829589647,30.114662652335774
102.50022246621786,29.75286224405288
102.56860156267612,29.898648644767142
102.6176574144668,30.101265195103263
103.17245088520787,30.683106096715512
103.38715151133422,31.214843277735035
103.02774010538309,30.66046152737968
103.19572672894833,30.942231306589527
103.20813555808286,30.954452641455116
102.8962040828358,30.44312673129817
102.37732425922967,29.893636423731706
102.84601331440085,30.35967233818588
102.38982126553189,30.06703304818198
102.49987856912848,30.222065236285307
103.36145068320197,30.85374531268368
103.0741931625402,30.57598032006985
103.13579418757911,30.767351973613213
103.00502950334192,30.899379435558792
103.13107745557352,30.66569696447447
102.99931381094429,30.801836154079623
102.56748345698519,30.674942149928555
103.15694168108064,30.581228024410883
103.34734250480197,30.827615170571704
102.49153306993679,30.76061319971003
102.49224269017589,30.480431412735193
102.64888390346185,30.74552346368011
102.32844138383871,30.009691456752325
102.32844138383871,30.009691456752325
102.50224547578088,30.143106397288058
102.5690331964621,30.204156910841636
102.49644249963137,30.081306866377176
102.56171976369114,30.194704728305293
102.43869784480471,30.47488053613041
102.58090168762381,30.728486710794776
103.11467678606404,31.01959659581434
102.78916098413761,30.4436985826185
103.08780940314067,30.800382934805214
103.27596127768878,30.77915639795671
103.33645736162178,31.347339872513015
103.10726469971665,30.561993446562454
102.98414294844055,30.675025145808092
102.77763721232007,30.451542854392535
103.07660526178307,30.63519739696955
103.18551759205398,30.94937351372076
103.24369207873647,31.034117079805938
103.1298335336893,30.636211418764013
103.0808100947417,31.162578415646323
103.58007932804334,31.248566661591006
103.20869837428616,31.2858718737945
103.0797380385621,30.41775500219993
102.50924879422392,30.504517694080604
102.97060680682249,30.844345369616263
103.32828023627914,31.090461822576092
102.95384598306288,30.80414017022656
103.22432330466688,31.28534089301464
103.27082042679527,30.794334507088195
103.30399730247805,30.685968685197512
103.04360591416635,30.527622450012323
102.95443826595535,30.78595188567448
102.7224569185472,30.202959863051944
102.33736472216552,30.140529936014996
102.37856817834522,30.18610153469288
102.27355029801811,30.07437192067628
102.62536843176242,29.9461047063017
102.8629389027341,30.535412081760857
102.82279690401054,30.46857554363868
103.01318520134572,30.772637923593745
103.01777391925758,31.049912471043392
103.16555938917212,30.991663676271834
102.97403453197519,31.164049625963386
103.3842840446533,31.11931095778044
103.13559956941225,31.183731308267575
103.33460895287381,30.977047680891673
103.1654237293741,31.291191469242175
103.6134676050957,31.13517714600294
103.2374253652712,30.704600089371045
102.45611415245628,30.214946679585097
102.47206972991084,30.47966548969709
102.33824127680101,30.01958493405659
102.31357594742198,29.9406573898314
103.14875589039347,30.56012690351854
103.38851524386695,31.211320860028355
103.23772456368347,30.77641399818399
103.1219120648448,31.034509164829593
102.53847493494597,30.478034672113708
102.52254342755928,30.529076746470697
102.39724554463163,30.133302499976935
102.45306062352364,30.517430110211833
103.16700469273198,30.636362153448925
103.3492302063006,31.316485053161827
103.04782642870144,31.15679284625622
103.00713295533126,31.10030324216934
103.30687724000597,30.802524908965935
103.13366124240272,30.727386252350577
103.23659965333054,30.888123945892183
102.93764178253956,30.423572617100522
102.64825255063572,30.272772884283935
102.54878451508529,30.691179567054327
102.4214542863209,29.911529147952088
102.94765854573815,29.689817469928624
103.16114449989308,29.501399137359908
102.89854306802823,29.469664404715065
102.7148507614997,29.59585151953307
102.52281065102093,30.74631677360971
102.82210416950942,30.725623898099613
102.88260554865472,29.551807270396267
102.84626492688118,29.54359886894343
102.84626492688118,29.54359886894343
102.97301263513339,29.650825877650423
102.85230731287507,29.499772887686323
102.70394175171626,30.908155948246502
103.15905864576611,30.97990322273116
103.18355572130244,31.312318973417703
102.82604918678004,30.695933463662556
103.22500785639481,31.35712338275893
103.09268678923752,30.44174109550384
102.66096410218788,30.70017611613878
103.32935469768232,30.873902535028662
103.78910742885994,31.33208000854854
104.1124545100499,32.72992982347407
104.72021260378028,32.49393292544431
104.68469239736947,32.85658668923597
104.27595329272513,32.10458712244316
103.94379181715306,31.616120879639958
104.06561826338404,32.257220020804766
104.1721537943928,32.581655965256566
103.90288488371691,31.37984081189534
103.86627432045124,32.419844639188774
104.21214527708355,32.28061307574619
104.2972980828443,32.21818356070449
104.06983986778822,32.64990528501342
104.00882200631547,32.38764308721209
104.07440639177855,32.794267312008415
104.36025790229041,32.312540306433476
104.2597662280473,32.09477017023832
104.54873431725942,32.51696089328535
104.64848776212021,32.443861800747456
104.36055457518557,32.864891946224866
104.1895196383653,31.736991656107648
104.24681652535727,32.12366280340566
103.78599503468484,32.124525653429195
103.05782498412762,30.86595605136316
103.28648149763369,31.277357944894607
103.47289689586428,30.860379908059368
102.99166752291701,30.922320319681614
102.9451112235282,30.5773023347995
103.3210201991743,30.981004059801766
102.94541054207367,30.821129931705965
103.04150026869627,30.75270134137572
102.53950510543886,30.38704381713637
102.60244625568882,30.21926122153887
103.28003505320714,31.08257805985181
103.57398038828096,31.267738376990174
103.32102101367153,31.386268779793358
103.77920686143754,31.44107518301159
104.09541284387359,31.641564407294528
104.2255354827474,32.968017015055395
104.75683322614177,32.567504720923665
105.1721552763552,32.69861260800458
105.32780669094389,32.896054333516574
105.11173038806332,32.96558463829715
105.3083739305121,32.772044306960666
105.14399805304676,32.65796065003114
104.08589122717699,32.27444560988585
103.87242119884706,31.97932009046803
104.02759956103738,31.852081336764567
103.8957304139355,32.3219016947398
104.00655654698096,31.9862008659993
104.12192868521409,32.34140232612032
103.99018302833727,31.998541043124522
104.08991909796283,32.11673226340094
103.99121495386098,32.483221140298475
104.06894489096703,31.464225383506868
103.96876042423388,31.503824542265992
104.10944719044514,32.54856736955701
105.01094935945746,32.73589944125903
105.13676117401198,32.5740058228645
104.22992884319564,32.23255402827379
103.91466344254351,31.7646713133704
104.09400216453858,32.018325339163766
104.26101188237615,32.111340880376076
103.86819204420988,32.468680855795995
103.80670613172926,32.58326303607469
104.44902046045854,32.7625980690496
104.86805492314288,32.595201747547264
104.8060914941245,32.6755378668151
103.86713430983811,32.512170197291034
103.79626564489801,32.07774843668098
104.25982222836204,32.803047710948384
103.98471508977367,31.957935601396603
102.96682003934946,31.19647719782377
102.45817977124287,30.608877472413468
102.88817772477205,30.754409992369872
102.38992892233688,30.12943084662579
102.47811011464921,30.756649614134478
103.76618256699832,31.51987374399307
103.19246140552961,30.999190410064266
103.07866561719358,30.537321404670518
103.14506439761661,31.07129311156173
102.56936669479256,30.748945559100694
102.47808718835485,30.192964216755477
103.25394432870918,30.89429497858612
103.81961721992452,31.480896594254173
102.93067553787193,30.995882182876947
102.52496150266566,30.567710135635707
103.22559444430323,31.12832343032932
102.96242940802787,30.633245778934988
102.41877517450146,30.502505585448027
102.55921521109666,29.706846804406037
102.47259097014793,29.71779999334226
102.5653322169925,29.68720204278805
102.84490905888043,29.569572416337817
102.91329461059216,30.343592879995047
102.49052905986893,29.88498822840383
103.15542995442388,30.5665574379812
103.00487297361512,30.926075597241663
103.13947305135008,30.950397345354666
102.96550823009315,30.655679680312684
102.55140171071805,29.95691794610603
102.60731825450395,29.933629403091544
102.46723098241053,30.139142429543984
102.55549595295948,30.677933504491943
102.78564216680563,30.651509589086313
102.4003051199517,30.19795249679703
103.17207987765151,30.6316476142394
102.34185936439957,30.073470662146672
103.11111740820276,30.541196707347808
103.49843608656887,30.9518315838114
103.01723658967782,31.141501689493477
102.5045915486897,30.768259404722013
102.6667017220721,30.75999360621022
102.654930455873,30.18444602077681
102.79522562954533,30.479742377460415
103.30582391537736,30.707504697142
102.56284747511201,30.453946829603662
102.57725176095722,30.4944614746467
102.53544349169016,30.52814540711048
102.45772321883906,30.282974533321497
103.18493621128445,30.586477336474854
103.55124072870424,31.12563102819201
103.5691730988691,31.258368758167638
104.74448404009928,32.71656490920112
104.29071034450732,32.623651492775494
103.97942627429772,32.93523878425003
104.18785399546103,32.9602587801581
104.24202439546808,32.949938413420284
104.30000705575465,32.07941873401258
104.25962347672402,32.11996380610229
104.17833765718046,31.65809679409011
103.69427183565418,31.99174406516383
104.70914786048266,32.79502381995312
104.96423727577118,32.700444303773374
105.17881014179915,32.93640301349545
105.14675215294436,32.586598202718605
105.06266899146978,32.713113039057845
104.00926310490188,33.01279042424499
104.18381702035605,32.94789259655136
103.81594004148076,31.8048732904188
103.96969262806894,31.897220030367862
103.74567229132072,32.01564478564498
104.07185164835371,31.845048445659724
103.93376276975906,31.93915400681496
103.91492928525452,32.37988162984265
103.74704026492799,31.911841270099018
104.24746564767888,32.155682245290464
104.6932078399053,32.47687562425602
103.98942103332853,32.70863633308482
104.14919116918391,32.99402412177823
104.25684296239508,32.86475575297511
103.98380618175482,32.19076985446262
103.95718742630393,32.59341464013316
103.96228620873069,32.85739263376485
104.20803141622305,32.88980226435334
104.14746253270285,32.58123395974424
104.01328445616141,32.10848150974115
104.27376297981552,31.763309053637492
103.98161622920249,33.076440347549976
104.003216479832,32.215123650139155
103.8996426843141,31.71134640165416
103.99476687990338,32.06905858982105
104.2899717911239,32.781740369475536
104.60452178781834,32.585607537572415
104.43669819870469,32.05828553518681
103.97998034136525,32.77583226667111
104.1507326646543,32.81866146416311
104.61941506831023,32.66871907266262
105.15949076539987,32.67346181847331
104.59741234164213,32.657078836572104
104.29817723104027,32.82643108691152
104.09866589024858,33.016539152193616
104.06626307084302,33.136470211204674
103.83166045340228,32.201166582329186
103.27151360195545,31.02806815530256
102.97454426687241,30.591446759275847
103.06531154661575,30.793926307461906
102.43634254521041,29.833746941850364
102.47168336826721,29.89731383161799
102.92847307571482,29.4386247594499
103.02500542939737,29.51469589628424
103.06912674210794,29.54926578641482
103.13209633435746,29.52245712429443
102.88746929708367,29.508763567262616
102.93767578192389,29.64875304671305
102.50394462010283,29.915457132135664
102.44544428119713,30.098640650984777
102.85552707904033,30.381331169998848
103.09647885847005,30.870677766295124
102.32003751757159,30.061231466104395
102.48157173501217,29.74360810986842
102.86903258892632,30.346623045768983
102.88547405369418,30.44326717696029
102.3020302387559,29.985565404907245
102.37272400829362,29.77163694576513
102.91562346250963,30.369565438630993
102.28001531364114,30.0917485029385
102.55146171681642,30.155224458037438
102.30817775523667,30.021333651468588
102.61073397206695,29.7301258874055
102.33552894647146,29.885680218000868
102.4239162607171,29.73635376830065
103.14470138559203,31.25788898776544
103.60362358650124,31.18048773655476
103.12455557824815,31.052668916268722
103.02229171292596,31.104846498505033
103.3978323294116,31.232464664555998
103.31272860449573,31.33429088007076
104.30908839851288,31.768627962278625
104.07330367299734,32.1350676086721
103.98758335494105,32.22985975215787
103.71109980025422,31.303256494430755
103.34035768945445,31.254294560030022
102.93909773163313,31.205249561749024
103.58545218217554,31.14064957338537
103.24931046165605,31.188262223797174
102.78313881444728,30.84812099848442
102.80164149235372,30.489917477052614
102.34056510256853,30.1728101466304
102.39838829417036,30.208665570937644
102.73773865826836,30.261330021725904
103.16306801354716,30.513073173443438
102.77514005276873,30.612866877132575
103.19500617899372,31.08224799450987
103.00062880256098,30.542670926330306
103.26550698654856,30.871105820040086
102.96525388175418,30.63155849417171
102.77412895784832,30.899955438942843
102.93959611738424,30.90520833105348
103.25431915698346,31.216559829638136
103.33259104688469,30.816896910017192
103.02436837124598,31.042963157713306
103.38905505714429,31.14110220034328
103.2372465433334,30.759007945206424
103.21684463860984,30.85328933143855
102.98788706983578,30.41731592799854
103.02318299674347,30.902920596811928
102.86328157628809,30.572966301953656
102.71024980011593,30.74179630826359
102.78378297603166,30.788828030141577
103.25363471386507,30.98683436742856
103.21064999069667,31.36548715118995
103.83665027307562,31.616881321361173
104.03823423908412,32.20636210861946
104.29663707452261,32.79023162934673
105.0884175060282,32.613705562464254
104.84284325931735,32.66532586213247
103.80621991449873,31.772485489297996
104.25009369877507,32.28274507137114
103.2920996311088,30.95534562970668
103.38042731573594,31.19485067232919
103.2312258518708,31.13892400891176
102.59865624031023,30.281075067516003
102.48220459285415,30.14303768274492
102.31162692529075,29.842757300262505
102.49091921297135,29.714210986447675
102.70990421702074,29.579011297775608
102.92689998421275,29.47115648544018
103.00312502073119,29.501280656029532
103.18270962272338,29.542852763819315
103.09631623416394,29.487454722705554
103.18778707232855,29.45669069136027
102.96400139763978,29.600322989767918
102.43668112196482,30.15331338590121
102.71899947955684,30.239676077085193
102.64106995916777,30.2919778804668
102.86932068407525,30.50051792762937
102.61206683487354,30.131115392322148
102.64525033025734,30.13824512350965
103.0790682836584,30.53708952389555
102.72436444588473,30.20963624084447
102.96380009334386,30.73037391581775
102.95879331728513,31.133573023551126
103.32666839611622,30.888818832368152
103.10591435155774,30.532840670819446
102.28977795159616,30.077574663066446
102.48233730994387,30.370693000344225
103.25451547307274,30.82796151028881
102.83814544996089,30.668949764893952
102.67938232629683,29.950320529103116
102.36206305530214,30.21543207343566
102.44196791638385,30.10135201937282
103.08042295034576,30.546042317509745
103.3494518709395,31.353963148341577
103.37515060092434,31.36174326972896
102.53142357741208,30.06934305215055
102.57211796408089,30.32890590967487
102.70706261755801,29.923570182014863
102.88466283045993,30.90024136033852
103.03467230413551,30.56964591964434
103.13128141771851,30.723079302201917
103.32619602869374,31.079479452670732
103.02778580125961,31.226754154333094
103.35156507625241,31.253128052751652
103.35991472130493,31.032084162563162
103.24233380178292,31.334468247040956
103.0989443020119,30.429771769512282
103.10022198647336,30.912814158587178
103.45528897271643,30.89983288740898
103.13416574479758,31.132129279394764
103.37481111591354,31.203209396135733
103.94743339897835,32.12188595174403
104.37631238422243,32.676163725977986
103.94418516298009,31.933784403456634
103.97175280405146,31.640693577190522
103.89610861085875,31.39094825274399
104.26515592670799,32.25738345753609
104.3011779508926,32.96804499647068
103.99535727061675,33.015690397313335
103.88950538253627,32.62995106530042
103.90433557812331,32.64779865329041
104.24579250411631,32.642917796632936
104.10371183635395,31.7353074814144
103.7973819908543,32.090948291152934
103.82468121688736,31.977227167310538
103.81251391822894,31.850127037270422
103.83318842237028,32.49403087078387
104.46509666256989,32.75305633762779
104.10154758731285,33.135223900212395
103.8319752048279,32.2451183169271
104.19542522211172,32.6447551776912
103.92703039541585,31.5400517186255
103.9180343238168,31.868790560128573
104.1220322591267,32.285438665905744
103.8330559476783,31.57584208584066
103.90130659217893,32.47365111234264
104.1604995137159,32.94807538532032
104.26460361738529,32.5669331474252
104.12785396871945,32.32730642508091
103.27376421624977,31.352913436495566
102.83088317241705,30.77212406720254
102.57310894825528,30.424811329983353
102.69164646034717,30.850981883440614
102.53493138616251,30.54760579213255
103.06306357658711,31.022428034505726
103.07221151222369,30.568782118090873
103.11668402707376,30.663126436484966
102.61129724983958,30.58198983862182
103.00667125384248,31.168492659134028
103.22433513046511,30.65634786456319
103.23700271536306,30.725736207365685
103.0701624611579,30.676695511769363
103.01054143853302,31.078070267175416
103.02871528990494,30.622883014335947
102.45951008505074,30.198494056587794
102.45349256994841,30.09681295171908
103.16517346174592,29.482435580184866
103.16517346174592,29.482435580184866
103.06821625514898,29.509623891031282
103.10281202043512,29.51966080696961
103.10281202043512,29.51966080696961
102.99930833065713,29.47709809047217
102.92552968420033,29.599858226319363
102.46253571283998,30.03853872597648
102.4311016404626,30.309019701370065
102.35920607138354,30.13323046075964
102.40344101492136,30.04658090044278
102.44126486998046,30.073138748013832
102.53409118982738,29.921811241339295
102.52996591390632,29.687041958344434
102.55755345563897,30.438101959589392
103.01725202943858,30.840677926200655
102.64141965472609,30.52691120278081
103.16195066875103,30.563073597612917
103.27656981482714,31.23940543756649
102.69350331648366,30.88246378765179
102.6891029503898,30.82601060564544
102.83068392124764,30.719990928132805
102.67057808034828,30.79504727092712
103.15150426105384,30.603638647110174
102.47087550288092,30.336463640148875
103.0510757099197,30.543002579644224
102.49359535503493,30.67892512707636
102.59891874464876,30.535902071553018
102.87192147741062,30.559082359200815
102.72476553497084,30.869942079749713
103.29549092552784,31.057017634443582
102.81050604001113,30.454979001115333
103.12033441389242,30.952397661054842
103.00484426486351,30.618241291026678
103.33220122468519,31.384933474995844
102.68012922399657,30.36613596116765
102.64399724567164,30.226453847083178
102.60458385500536,30.179475063758797
102.43974633874448,30.372883673883972
102.51442858143662,29.6900310855208
102.5839423186218,29.958122289018114
102.42798058938895,29.97424883262816
102.3900405125973,29.99110259037978
102.63641993948555,30.099694321998353
102.45551311658083,29.726829947491915
102.60935248145269,29.67612293638504
102.37560001759869,30.108583435482895
102.44169877169158,30.32521995037704
102.63992358870813,30.307767719599465
102.38174249723707,30.01122792937431
102.67678525018806,30.231047410593902
102.4265086876994,30.099055825399507
102.47935906906507,29.99523884959026
102.36308110769816,29.74826782594846
102.74439360918832,30.227250890965866
102.41389198372286,29.735292359780278
103.22006027844043,31.044102405900187
102.92843208305072,30.34229474499447
102.81283919031371,30.90652181947732
102.9851589200132,30.99211219536935
102.91753944392094,30.650432986817542
103.11155810772225,31.290442756355652
103.02097234531645,30.475375701855214
102.64278692697471,29.702925712933986
103.43936899240586,31.326953986665963
103.18736089077927,30.74788974045176
103.63728047914569,31.276070588322682
103.60961386116774,31.2430108494855
103.2443512483076,30.821292577190295
102.62170133713046,30.141602477010906
103.28355744041592,30.656456833650953
103.31468396366293,30.704849033582846
103.33180590739937,31.084692938172008
102.98472450644292,30.908396381484057
103.26589627706242,31.304327524352843
103.28935518406057,31.09808178666031
103.52376465366402,30.962390863918415
103.21758782050138,31.210379880669116
103.32911108155864,30.89906337400615
103.34679744309067,31.183173920459854
103.01237930493308,31.054997853937216
103.8730825409423,31.348573168384274
103.87733538568949,31.830443551602293
103.3819819069781,31.217972267842292
102.96808754333091,30.949630590851903
103.02681835238415,30.867539990870018
102.90363233725851,30.782864258228514
103.16315926285013,30.847596736659078
102.58641083202244,30.480047168112304
102.80524108250826,30.446705740248827
102.49501082598653,30.02295588538728
102.47521551199492,30.280300911992075
102.39422222940101,30.01589848522717
102.4243452182492,30.346573835916395
102.28350695849224,30.092832748120276
102.7317690330171,30.78344138064586
102.54030147062595,30.506062576539563
102.69819773089237,30.20010536510956
102.60398309462761,30.149256694128056
102.98476317923706,30.41024178172577
103.24038857086681,30.920273087306647
102.54390356522305,30.626873964524094
102.71845808542787,30.81223336713594
103.25529532780327,30.71781761053225
103.18640680209096,30.85881562727876
102.91844550579984,30.747147014576374
102.75735030709123,30.678083476379722
102.37517270242348,30.071541204497414
102.6137585137043,29.73557083420458
102.57771961278156,30.078123113333803
103.18808075773003,30.61014501335701
103.22329438773409,31.018769596142576
103.40090317552665,31.232669784285125
103.6120779016795,31.212846173809535
103.20066426928526,30.90174479956769
102.93542361262709,30.99883683689042
103.29055534863207,31.009187001633563
102.59866905108497,30.28025626954474
102.32257270134731,30.037130362614494
102.66728021349535,29.941688466792396
103.07276685983213,30.831414821472165
102.5711629857038,30.0794873222258
103.13995257034748,30.868337760194375
103.06941323714732,31.105598313337076
102.99760346518192,30.812684765307885
102.9724563201661,31.037396890715026
102.91053259193748,30.92262868682326
102.91119589908958,30.905848969216013
102.86206075695911,30.472445229172624
102.64716391018423,30.806984406882034
103.43670469170338,31.35484611041282
103.18804139446038,31.20853841097942
102.7250336821881,30.2627022288067
102.96147080806367,30.472013740526886
102.77313284691998,30.724656993305615
102.67388047156368,30.648749873438323
102.61896187358812,30.64609949268103
103.0673751631965,31.237619631105144
103.30301692620314,30.780125936794793
103.17143541596758,30.998933142096018
103.5602924175893,31.18727611788037
103.07833109827591,30.76598545014032
103.32481880911791,31.085405149609795
103.30620716287568,31.144399240036748
103.27512552698595,31.015596189724008
102.84690276270715,30.89564104867426
102.91335245641076,30.87483236645006
103.07529381203815,30.591316163815442
102.39072041211828,29.741253049803806
102.39072041211828,29.741253049803806
102.93338445294582,29.627328340323267
102.93338445294582,29.627328340323267
102.93843482026901,29.481577551499814
102.92441388009273,29.483125757823586
102.95165256499278,29.559547106528967
103.2170654106363,29.49804872175766
102.50801472958683,29.75487617762048
102.30258860731492,30.03508679118397
102.41777738156198,30.07682366298891
102.62723687641021,30.347128429239106
103.08481514374168,30.65143810593908
103.37055277683557,31.148881796221072
103.06100339155422,30.419692234739294
103.63808442631786,31.353892129933442
103.23737131883905,31.260551061543513
102.89785116364529,30.86740344478789
102.43345668528467,30.375859868372125
103.93187964433957,31.342605198783104
103.95660074702381,31.55751610731834
104.33844612422266,32.62531577801172
104.0315456985885,32.864991039075676
103.87614996087522,32.17465584569654
103.69896566124504,32.05427907354596
104.0838273919063,31.569352342192243
103.92991058662219,31.414482997718505
103.82404934594265,31.462682090062707
103.8375056267487,31.331277265449653
103.31040246228277,31.28382135623937
103.10342067390539,30.764273915951385
102.65293077442041,30.766167725748765
102.46626317497997,30.418659385456777
102.80887272645703,30.842118968841316
103.16282619127084,31.147473209830483
103.34931937068355,30.695509952908207
103.31077157439091,30.717113229430765
102.95850596062586,30.809117762094772
103.56300500464802,31.167805650204123
103.3627969188111,31.084201699103925
102.99635627751442,31.00079015047979
102.98787116252757,30.484074690785175
102.55141554697188,30.21797005571462
102.33768105866397,29.889853386751536
102.42333829032923,30.31415261451522
102.41811364547549,30.310944838572667
102.84611645698656,30.357518123315312
102.62005935555214,30.784011368018405
103.19973799052629,30.679933011532306
102.4188986624159,30.134208757322323
103.17535105376652,30.650832497149672
103.3050471964189,31.257423642980378
102.99433078035358,30.53540217676802
102.4088805458287,29.72606695661274
102.51713643361487,30.05290008135904
102.94256998661835,31.000263034818747
103.18503268358803,30.824140055094208
103.14857803417776,30.66313671614747
102.80564070859485,30.68939747287316
103.12599273384072,30.693669786697622
103.05560438970373,31.22844961174922
103.3021755127748,31.30350968837492
103.21234637905143,31.289632809883162
102.853202876174,30.50424520503739
102.62910195191276,30.16078249337606
102.42125028309142,29.73332337454619
102.6655322354844,30.005598318655856
102.36794862801557,29.729222465742957
102.44816661040623,29.872331312757623
102.74501067316591,30.674442722106356
102.67962166429558,29.949192261212232
102.63663340554781,30.462270167008047
102.47038998482209,29.86510841823553
102.60683687590337,29.722874476183016
102.3943837671217,30.158960382508592
102.47529254874743,30.599741861465198
102.54214726749989,30.260892270233963
102.6232330036261,30.397617748164844
102.51598681839056,30.585898368616537
103.16055846438923,30.865764240780894
103.4430596018695,30.876865339016668
103.41030407526647,31.170197562331943
103.00136275373643,30.89644507580558
103.42995233804547,31.409201290107077
103.09834468070305,30.95879737118721
102.99067702962573,31.15855688365353
103.41280916571957,31.33583826163988
102.33182053159678,30.09486540915218
102.4425380042028,29.8168950525215
103.1014980841009,30.423736225830954
102.6372955202884,30.393329619196155
102.99820841711434,30.890403093215596
102.9443951213506,30.7281333247335
102.66218611275306,30.1260189767742
102.604551487638,30.354429422550457
102.51672291798913,30.53132515973616
102.53191436636203,30.725460834664304
102.87161902932912,30.506051684915636
102.65927244547255,30.425718883785805
102.96473318982547,30.796001738359987
102.35452088412349,30.103293863509542
102.40409957124079,29.889693284779202
102.89711319331988,29.492794354394125
102.91822067768204,29.55282685697295
102.90890076394871,29.572008840126347
102.5247703076701,29.664339151380716
103.0692560781379,30.669982708095507
103.01573212960696,30.415619878382664
102.49376822152274,30.200695727205847
102.57381233604887,30.117350093427543
103.03548778770829,30.860397842084584
102.62115295948608,30.806643243607542
102.91111595497763,30.87564010982748
102.85099404560978,30.78215767542351
102.89579721731455,30.90396037930987
103.12145061617123,30.7912333233211
102.82926268809041,30.839047183806084
102.44017156745156,30.163121518760157
102.50613792125603,30.343881202115224
102.63240249810076,30.101729102342503
103.12906597323318,30.63360881260323
102.74993085991406,30.80713355605993
102.8581312705385,30.575240902016965
103.62405127839497,31.15692605923881
103.02030681752622,30.74528255239808
103.32607525238049,30.942097245738427
103.37396046149904,31.02640553242055
103.03790719301504,30.85413393033807
102.88616397032361,30.38216415260263
102.60332456446727,30.676286380739178
102.93887674268322,30.91762329696616
103.0518577845699,31.03298481362481
103.41158209529578,31.195609097296494
103.39499232717041,31.283703667868597
103.04792898293073,31.156878991924405
103.37989538229512,31.19219356278526
103.35227318122057,31.26502689050547
102.56270566684803,30.38778046755585
102.57635815876411,30.05920727504333
103.11807783344126,30.594333085421408
103.12930869118695,30.84676881265637
102.83741692400777,30.546172291142327
102.62930479926104,30.495321215397713
102.55441728509737,30.167806549400748
103.15780010083023,30.56176372228656
102.94565172308131,30.661142832465927
102.77696694993584,30.900470531806597
102.93135722676506,30.46072540147504
102.62428491908199,30.232625509191806
102.45990924847968,30.14158590045984
102.41622633912453,30.074207765764328
103.1379751244135,30.648567305254907
102.95896682065278,30.899381798424344
103.08795104285672,30.621297193291163
102.92213597578413,30.80278660004156
102.37491232442446,29.89965667556101
102.54153596710246,29.946025099754785
102.81399623428418,30.44805275525597
102.8573824690002,30.839821612095307
103.00368857874317,30.489244271154924
102.42366070946879,30.537386661749537
103.08277565584704,30.587144318538925
103.27084697185849,30.62945172605562
102.71120255446478,30.91802266648295
102.69419667692328,30.313964526466002
102.62280772170269,29.698719554870497
102.30585166591878,30.134991685319754
102.5590860564761,30.577070676697584
102.50086446663758,30.73439877878724
102.49759435812746,30.26016470040204
102.66749960689631,30.726314749318757
102.68081409983178,30.58490756528624
103.15012331004203,31.283916000283046
102.98991161701957,31.102727975551147
102.63624004596784,30.65214469014947
102.87627618791309,30.55405788176372
103.14272205206647,30.96432849265172
102.3694514554056,29.92471165215279
102.88869624528472,30.622086649630337
103.3275371118539,31.395579211036647
102.86840824655742,30.56930297991323
102.69998680486782,30.589330330010487
102.9585118035292,30.60704824891813
103.36473903796941,31.036757384408247
103.34359311778833,31.33772055745082
103.93701012722092,31.835132518913856
104.00001562116904,32.798240523910394
103.9894955647089,32.20614701956314
103.88357278922328,32.47141026991526
104.2319149736291,33.0487157620475
104.37783101384488,32.56888991653508
105.02880991371138,32.736636922192766
105.35880318614001,32.8020557777738
105.21319539897878,32.851986620421144
105.26198520545847,32.681651205035934
105.03549353889304,32.64081285664782
104.8333113365387,32.607966664856704
104.7254126531746,32.672638605692995
104.300645714835,32.57188942031032
103.77128171397241,32.138659046186476
103.9442036036444,32.223694963865775
104.08010260133265,33.1694923712148
103.90235289310978,32.70139511774531
104.28617961087721,32.555003293493435
103.7912107792806,31.870079581293776
103.99191117299826,32.31118116409753
104.15310430792705,32.86691582644702
104.18079925666785,32.78803251727477
103.95964631423475,32.2599838861938
103.94830939329312,32.16675125381452
103.8736895966021,32.066996400181445
103.88459935063591,32.59593115214736
105.30809665786578,32.76281379228638
105.2244700623896,32.655395983542775
103.89688570962039,32.33669197904405
104.42234150937429,32.05795668576439
104.07289311647577,33.02183421379044
104.65573853152752,32.822647726038895
104.01928964853278,32.38015549697444
103.95201298309203,32.831421222939866
104.15763946585831,33.02050806982006
104.16175052486464,32.67144230862486
103.8887109506624,32.67838321181565
103.84243659038079,32.591336854923995
104.08726829321769,32.679286446727566
104.144765378146,33.09241193422489
104.27204712763424,32.822714193302765
103.84778931023149,31.999913978721196
103.84042539928228,31.923764747621632
103.91407164204949,31.53080937085003
104.46134395219404,32.597528376802686
104.18254254516685,32.213798056707994
104.45997243058719,32.513374133707394
104.81889416827332,32.79682182139511
104.29518672824119,32.12237932889904
104.45840152430812,32.76572908728696
104.87441964627288,32.69074651698768
104.1520015933594,32.57930994472838
103.99281227185826,33.03403165713415
104.04090621206836,33.02004154995481
104.35107412823888,32.149074126972366
104.45442466641117,32.10060950558193
104.0541025131032,32.80854820545699
103.89229792363929,32.17773036131926
103.97320363768019,32.394322186720565
104.14995412971795,31.775352649100455
103.8900171836825,31.744860842869496
103.88022918170792,31.65124527749807
103.90071875378685,31.498437096796117
104.17312185366559,32.32559799430916
104.17649661393172,32.97310872431824
104.0071233126068,32.3181285050282
103.85796492641764,31.88215198195005
103.79660982464259,32.00025383194165
104.09976732237925,32.97256034391084
103.93657054255807,32.89014470974056
104.4781680779234,32.620842857988755
104.39792913666251,32.75555256477226
104.15734026199577,32.64105062809053
104.59850151984126,32.786963410914495
105.34665744385971,32.950588962537545
105.07077039424476,32.61323836666761
104.08045852681818,32.43940097224029
104.05647411534025,31.942773202020035
103.92817487519852,32.34444035581316
103.89182077766444,31.623298292853246
104.08256974863936,32.35301094107984
104.07039940022155,32.55098145858316
103.92837676238553,32.78003411036076
103.98291508769334,32.843224314785225
104.36641067886472,32.08651330988199
104.05723226148318,33.15920970789108
103.92646349831381,32.61925236015688
103.8432925157491,32.323724204998726
103.8510437367667,31.587725911889166
103.57587193151582,31.10533311119776
103.90377851123307,31.698468871173635
103.93277356738653,32.07398998189223
103.85501673423123,32.40409798327813
104.17677066541975,32.85310630100586
104.45166729833583,32.81334371209993
104.56424309554687,32.56678764979237
103.932172615264,31.943832234623095
104.47075846572845,32.10482995986296
103.86513394399707,32.428907245571395
104.2379451197097,31.767530804662567
103.70131827493577,31.851053753587053
103.8169756218528,32.63625536376327
104.55677652830238,32.69135588696542
104.78642955437783,32.56169327702568
105.44886902294105,32.813432709563905
105.43335041070361,32.869425132400785
105.30507127823022,32.8005731303842
104.61702900328416,32.855309295232786
104.8394318747341,32.52678356702708
105.27534445178023,32.722690755795384
105.44399369194466,32.95723307733277
105.50384560490774,32.78557883627396
104.09042453471841,32.69262065640119
104.03514522577373,32.18058300545573
104.2230345807888,32.80235083664313
103.95250398573157,32.7632356250405
103.8154217708218,32.51360059313157
104.0884614070109,32.477615266236526
104.31405581931452,32.917069130974006
103.93454482929005,32.198901592834105
104.7511927853403,32.49865066408662
103.8709062435843,32.03880350759426
103.83401471860606,32.57188686507832
103.95346204273153,32.21833285871206
103.76696399378878,31.9214604985591
104.81765031431989,32.67808634878642
105.56456761193816,33.00185210271905
105.51399140363006,32.81065683733344
105.28842796928312,32.827546819064224
105.22767968927575,32.7052900482986
104.89675168084224,32.528615595660774
104.33605751747572,32.574548608708156
104.22111600628594,32.65689720570029
104.55602218894936,32.45140350605567
103.91941872543589,32.3218919148789
105.01798313784793,32.6748155669349
104.35103278365294,32.88659591469029
103.93251778243364,32.31601727044199
103.889361662157,32.15502585847215
103.8910780793809,31.999462086953585
104.04800664480811,31.54306317291662
103.83184611751221,32.100065857110025
103.73942898972473,31.241636945229786
103.62869931529197,31.32008889590127
103.4769021865537,30.8915245418423
103.35525932237788,31.20654027576357
103.11462444370677,31.254486774670436
103.29272284593539,31.341105057773827
103.42173125847744,31.28864272604969
103.3209026704856,31.235753504438208
103.01533806424322,30.727321426786446
103.01525478616642,30.585708155796766
102.60237930311666,30.788317064069567
102.67150099672722,30.468830593805528
103.04893899666577,30.452571390700424
102.73215816313052,30.729106257078417
102.98615522119644,30.737378968965814
102.70914067803456,30.2557616689579
102.45957692211945,29.94416237228593
103.22577750359683,30.91628826945044
102.66371022689191,30.732765550268166
102.77978234623787,30.71245577061948
102.31354947318314,30.119166327004542
102.36310996668827,29.910160050595987
102.95347751372012,30.982691928637006
103.19571115014779,31.135449520048134
103.09387066944873,31.11023686787262
102.92119052970217,31.100152147893795
103.02744512262704,30.82590077769883
102.85604427091414,30.432701157922708
102.80973216595916,30.605393960459395
103.07558479905708,31.158725427903253
103.29095059683968,31.39431043676638
102.94228058772744,31.168315347173102
102.51670690085088,30.758771336872137
102.5667256572037,30.329845332233383
102.64243796394963,30.38854762227599
102.51956659612118,30.281352790505025
102.53065183080905,29.73896819630744
102.44491041726705,30.463626811820443
102.94636123589382,30.449524222042687
102.6445904877207,30.395602726192735
102.54992414410036,30.375416812881824
102.50745801565877,30.62352373676409
104.04668691404183,32.23356801931627
103.9034200742977,31.862784127264753
104.15864668629935,32.69258388218069
104.26634527417336,32.87074078507014
104.13515595111349,32.985487567716454
104.07587897716498,32.38814373756829
103.95703923726633,31.934149064386762
104.35835176258396,32.285574765911626
104.05178707887221,32.78224384167431
104.7596411635266,32.69406381563174
105.36202388047285,32.87602994260062
105.13653618900676,32.86137405080397
104.58089852867577,32.840697733857986
104.30444259223869,32.52243722379335
104.52425881159672,32.87028951717313
104.62576477035932,32.5887998071879
104.49704361239883,32.5958730615739
103.9497177647645,32.20863713907338
104.39544562261555,32.87826162488968
104.46290613561573,32.7199529008105
104.72363703423481,32.74580594904217
104.42592570811445,32.842062592574415
103.94286520117994,32.075006311191466
103.8257391576673,31.484921033592975
103.79718345595052,31.57832610477558
104.03715353492848,31.563425678692635
103.14369811517827,31.2204096875937
104.04490315329521,31.618890876577037
103.27233170929188,30.773036419708536
102.96124691772985,30.422437823576768
103.20850640160984,30.80969460565018
103.2306100261512,30.673182944600114
103.02646277217849,30.834530762474863
103.76105120334773,31.449547529500173
103.68428271314777,31.165360505435963
103.4078044432512,31.305087618497325
104.25735369026215,32.14892238165194
104.22324790271169,31.79690335200657
104.72275019086632,32.50156276978871
104.09777062246361,32.93155727314101
104.05957169852515,33.05223717525845
104.02288745308356,32.753162550760365
104.62257819518018,32.65740201986847
103.97389095477544,32.38285637097053
104.5459230307676,32.66844944600057
104.91304405615831,32.64343648585162
104.72991801853908,32.611767768628965
103.84343183439637,32.43494454308835
104.21614151261447,32.62238472120638
104.92703266501408,32.696581323434124
105.16143970476912,32.94483370903861
103.82941624862974,32.07233880000011
103.91076477198787,32.13516732960851
104.74991061020263,32.58920626797262
103.83453487113859,32.52309878995655
103.91020955164844,32.6664120162115
104.0060146565522,33.079726323884856
104.7480036572835,32.75175976295271
104.54141644857135,32.59362179601209
104.14779645013994,32.369258622109136
104.05340835021,31.598324015371077
103.53702071387609,31.24072983298802
103.08372487599085,31.07567871822117
103.33034661473316,31.172912361156186
102.65780605070552,30.839455551455746
102.31355429544156,29.92489705041965
102.48008682035527,30.408732460999833
102.45689729693147,29.885266737092454
102.38076257775516,29.90982497811718
103.01542297329087,30.691358220717632
103.3135532480383,30.882105795943858
102.9929655727412,31.064924095458977
102.5853178494254,30.442027774474948
104.08986914552183,31.57262638848372
104.5392756749997,32.82637927290258
103.82219409010676,31.84417036345641
104.21784996161266,32.173863886008334
104.36171057682763,32.14563069623165
104.04068700273645,32.13866358506522
103.88602567450808,32.49546880522426
104.41468103353603,32.053350785087304
103.8615331211683,32.494600296098845
104.14661011455931,33.12473325757883
103.91794732326227,32.02806965066265
104.11610932713491,31.738456730524906
103.8719258942391,31.466819824401295
104.22447576420353,32.24925931659004
104.17280454022385,32.57749851490754
104.73203688257394,32.69245166004267
104.04963503316671,32.618608664518135
104.70073814256061,32.61113690072127
103.9884864688956,32.38282200500261
104.12445487767751,32.8667478184783
104.10457084705526,32.42106526652945
104.11792633818875,32.60446765919778
104.47062280617365,32.70801059916737
104.06185515505071,33.16189588839124
104.52437031536485,32.6627211111083
105.21445004096904,32.69830878359609
105.47745382307998,32.87906102961019
105.34753527301808,32.79722264149665
105.2241101167307,32.81943078814391
105.60006712895667,33.00527341594472
105.47033209706224,32.95215961405869
105.25403173508923,32.66261119067284
105.37849986808169,32.92501835095205
105.24265910613812,32.622684221757204
105.53538687445202,32.90771688604062
104.99259313316315,32.56378690211844
105.15808268892025,32.86755452518288
105.15808268892025,32.86755452518288
105.072416012072,32.681273676346635
105.03091327308576,32.74132371921148
104.62548066679335,32.83650394341824
104.72128789809804,32.54922440687578
104.60673475348963,32.4309201658287
104.1602793907184,33.073659277272405
104.03962083981081,33.12035576256011
104.12535547505857,33.04455251297901
104.11525857228345,32.90291397158943
104.45966706545838,32.9344619219892
104.22254315747766,32.75714591159671
104.66386340332468,32.70150788533389
104.11586335733587,32.500084816901015
104.079732772404,32.295615149324675
104.29266494241958,33.00080692760383
104.83856999290016,32.734253395463725
105.26940608424144,32.986288641148434
105.13309869807506,32.6280789867392
104.30014112062443,32.68684353794324
104.30237523990267,32.71144997496675
103.77151756794171,32.0315591131737
103.9903814624246,32.19430034410311
104.00230558499362,32.511805276084374
103.99806136380134,32.89628493570525
104.0203614730743,32.9725263118249
104.78409448637171,32.50709395077429
104.91216044548908,32.69192180481336
104.79148393066534,32.726601427271845
103.8375655628655,32.605741487529414
105.48647818548795,32.970715284125
104.76081563987117,32.707443572555604
104.42899024282887,32.61306961418556
103.81045026792509,32.11295193647682
104.07300303267895,32.887557081365316
104.27106765633008,32.76371616385991
105.49627779442847,32.882721574931345
105.25605395989405,32.88302636608502
105.29504023271657,32.7149694122662
105.13588286309218,32.689236772335775
105.4272534184628,32.75997139034083
105.14386354414236,32.90261676948945
105.18073796694014,32.84287434858935
105.29265834634823,32.9161764422031
105.4604297594855,33.11065423135304
105.44405367449703,33.1063955570012
105.33902360987786,32.657422605058386
104.39993629447392,32.73655421329608
104.72084761663527,32.52866299839725
104.00417126786255,32.447983791114105
104.83983215155112,32.543605135863324
104.60206938425704,32.59900528914807
103.93018147356219,32.17716174037998
104.05165561404772,31.484736252204335
103.89892348733487,31.75924880904562
103.845439167469,32.32135049628413
104.00235240247802,32.64752877017325
104.5831658327566,32.74637715757476
104.29389378035343,32.6114275440204
105.29049489999245,33.01390268501492
105.3955380585325,32.91281273830169
104.28009745046134,32.96995128666786
104.34144878775761,32.75515517194381
104.10345012246806,32.24014390253025
104.90136574320583,32.63406314091952
104.76794125552837,32.622084221885636
104.78402940806926,32.71871832361374
105.35791123171659,32.99226951424955
104.54382729652478,32.7930874681005
103.93582897407695,31.98398162700836
103.69567163320475,31.99358148362893
103.81023163472105,32.088175769022996
104.01361751219213,32.1773064438291
103.94580671762417,32.35273429059099
103.83972792498817,31.86763406851136
103.81723961078542,32.01507323154043
103.9224810709967,31.759831297569182
104.18318503099282,32.249233144791276
104.62857581175938,32.481312145755666
103.75841237907325,32.024993896818
103.92006614095531,32.487964961286885
103.9404596847022,32.090963789695714
103.18379889017766,30.720799864055593
103.16444972498543,30.631462968527458
102.68257678824291,30.6756275246264
102.74853171487584,30.342640842284784
103.77618410041833,31.3145823192051
103.08517311070278,30.942715005956355
103.21343396077603,31.36562094066715
103.05536729083701,30.51786359844108
103.07878213889313,31.034035727758845
102.92420179844846,30.452615558783396
103.11396244450638,30.701813256156694
102.84600057883088,30.491375440486742
102.60282175918228,30.21675917617891
102.54013298678838,29.967111981211573
102.3605552055604,29.747393296039867
102.50138818425617,30.273522814921957
102.53631510419012,30.254141540713213
103.05560987234794,30.489388180496864
102.57564499581761,30.202890335770526
102.5774443556132,30.77076029205938
103.17195591076889,30.72079082167362
102.47473465911386,30.2481465695504
102.652943436016,29.645319933959378
102.56323985749471,30.259156832336423
102.27861232665528,30.074730815269778
102.68809062666551,29.658024255162335
103.00262700709204,29.62743200232227
102.92481822534403,29.415970025578904
102.8022263055997,29.614644360485304
102.72857336836039,29.577982596293943
102.38099084065699,29.87808225087312
102.39103081509644,29.838876629318385
102.34063168371125,30.03822994401487
102.37330857825035,30.11824405054238
102.48014524005511,30.350324550195616
102.47962479733094,30.585728158850493
102.9053402482279,30.498977401293182
102.58819166475345,30.806340800878186
102.87511199511934,30.444233791379453
103.17576985079016,31.065065806691322
103.35215262230545,31.18477804873883
102.93239727302758,31.209271716822297
102.93948551645659,30.740603175182986
102.76045342834739,30.228265064920045
102.49532663133567,30.195612481003597
102.77485828888408,30.567972982041166
103.23633764635787,30.67129658446473
103.33180707779195,31.25734765361568
103.34821256177521,30.80721796950543
102.9932000047958,31.117659203621674
102.91362415245084,30.80206045228247
102.52426668910228,30.756629725075335
102.41936208469008,30.340400612816218
102.60722538115108,30.175720048188904
102.64946544759509,30.003146959031277
102.65887023422034,29.938572307115145
102.58439183282181,30.209260984046157
103.18161752302137,31.06220515833906
103.32152328499312,31.06733608881789
103.1447271249619,30.81293361583063
103.24656277887044,30.822418294957135
102.93176284073802,30.62456916857813
103.26222365434303,30.6385451451883
103.10837302273859,31.278213953379822
104.22491895561703,32.07386093577762
103.9822204427865,32.32429712525641
104.11544661037627,32.945524561324795
103.9142771140328,32.51239192124953
104.43594760057654,32.562385273112056
104.21786696058156,32.883500886943295
104.03292689189875,32.16672658660591
103.90794189425357,32.732405791386235
104.43744294327044,32.68049234429824
104.65138264121478,32.51445921281591
104.63165522697825,32.493582250988815
104.50164033606798,32.60597475688738
103.82257891793887,31.906877176393703
104.05766277608349,31.715213257981528
103.90357832027213,31.57665025645756
104.25152537986477,32.30317690319358
103.98233066392079,32.12463215383504
104.83124007645212,32.611022795360064
105.22366197842267,32.677809667008376
105.15122274006569,32.93253953776008
105.4324682533899,33.03290594358254
105.31264829215027,32.619601833770886
104.7677914595489,32.7463071241325
104.46829853666495,32.49349411497182
104.4158732270473,32.84576505145542
104.4148597556509,32.29416421285827
104.14779873608154,32.56713936826682
104.08813944689584,32.64338260065903
103.84351754482742,32.32069816686632
102.93421331890957,30.97414827841873
102.54194616053584,29.669089247163097
102.96086791096383,30.413391846883872
102.99247547667977,30.93963126075276
102.94655367953274,30.57685101302966
103.37501408188476,31.23724088222714
102.90515140871828,30.360086679995284
102.8297892847883,30.874989725191924
102.46713171335591,30.35135474368296
102.92402020382201,30.39764849400409
103.22926061043054,30.93505050752777
103.16575932895725,30.827899444335134
103.25433185176918,30.821307936033314
102.96748921264458,30.6322095883075
103.16650277389407,30.70162100533679
103.08700115213021,31.25525399414829
103.34016192797401,31.220969915923543
103.30772886779656,31.15648250061979
103.2912101677782,31.264258087175502
103.05999334348587,31.126496620250215
103.23511958229263,31.02034485058207
103.06722968162869,30.796911043106757
102.31668125698094,30.048197453548703
103.12343896828654,31.01637828730303
102.921397841001,30.852294409201463
103.15863809665123,31.09420546151974
102.5032294236602,30.227704449579026
103.24517805752183,30.70333867306807
103.20292628933565,30.786358450622213
103.32859479702746,30.70922825794189
103.14222521977244,30.504716361523798
103.32380171750715,31.084642713376788
103.29870918295701,31.045891037632103
102.67081641410729,30.61736228225578
103.29974587477403,30.77221133927245
102.58858716957498,30.12914509513904
102.79252784632791,29.489982022049166
102.71276713017183,29.616299912212973
102.36354805721955,30.09259826969274
102.31303742999242,30.15743091135807
102.64538651282707,29.648767022133057
102.53487511425674,29.92838215304574
102.56667507923981,30.211679004760054
102.54248660914863,29.824702215841857
102.33581957555116,29.94703627336585
102.88156544672725,30.44725039381042
103.3386571289419,30.76020728104444
102.63960163392525,30.23305214991511
102.65654847489941,30.006229416631108
102.55200519929438,30.38255653929635
102.50144503929351,30.217207351016867
102.48667966141441,30.06895621385114
102.47875585653365,30.215946013328445
102.66450358278088,30.190456673453845
103.12908562490831,30.86099910132625
102.99159198315535,31.261718401948336
103.07294239380624,30.649950534264615
103.04534302294441,31.069925439441313
103.16429055124662,30.927339339541604
102.66684412008983,29.987712385175794
102.71296792352356,29.56381775203787
102.36763693121391,30.223803890240852
102.38629702345521,29.991693499397137
102.67702739945331,29.6122963854937
102.53492156609708,30.624282070950574
102.64582974117167,30.510894280726124
103.10898490974314,30.950208459943536
103.26199154839098,31.36397482311423
103.81315130453,31.29126553399137
102.53566084153321,30.7855382530862
102.44394954201763,30.534209803997417
103.26394084664759,30.699308499544944
103.22079407943649,30.959730891085186
103.37873821613957,31.290120075270906
103.93780174276321,31.464244368632226
103.9291190126576,31.882527305278078
104.08005477281394,32.106212546731406
104.80183559555283,32.55175393701505
104.23284686491702,32.78102059546827
105.2582031138069,32.98142026942226
104.10798752498161,32.67844696031897
104.41851599131365,32.28297200922208
104.60638209102628,32.454434728207666
104.18519361861362,32.37374932823229
103.95802535551354,31.52706260856002
104.12208031033083,32.42424402063522
104.1305903975047,31.769734225005973
103.81739156383811,31.393120050505487
103.90793829118014,31.597847956508172
103.94586974491872,32.26536729342583
104.25586531897797,32.19920545740313
103.95970402434165,32.88162557054246
104.19590822080379,32.57623144728551
104.08617489899568,32.48432389046346
104.4550265049103,32.742360878866975
104.74125919006138,32.578069969148665
105.39454003245145,32.92891032115913
104.39993337249338,32.313571463779304
105.10526645517895,32.62464903179695
105.10575021999355,32.922607580919596
104.45198215084294,32.64322599905663
104.26997752625043,32.86224066270559
104.12877783541978,33.07431277898003
104.29537573833649,32.52386659191285
104.6892033030608,32.46018291216839
104.38638252899722,32.1286405137134
104.27354879285748,32.92967827193151
104.05448813999493,33.086594635763916
104.25587910536358,32.59065974107278
103.90421830641661,32.86751780137694
104.21938522896487,33.05278681922378
104.84982605316445,32.583078200214466
105.27960117373662,32.69124604159682
104.52914448455464,32.70516060137521
104.57593953924368,32.53219228895356
105.54996703446474,32.792774772195486
105.54461854732796,32.755469908878126
105.48292647395131,32.87505143798671
105.59791729734718,32.99418954855376
105.5642421848381,32.764012783316986
104.67876170670331,32.54250773388142
104.86555660661146,32.49566190560561
105.25519367272851,32.86192487375319
105.34514353582945,32.94836502280737
105.53522957693579,32.81998721283873
105.43313761501948,32.834808209350534
104.83041862353184,32.627250571154526
103.83142323909256,31.959538882686434
103.97621489269473,32.590439711657545
104.45935921304812,32.65924540300247
104.10593273958771,32.60080505746174
104.74612498226222,32.54930912343359
104.68950501676998,32.59667254396151
104.35415846778612,32.96969435886763
103.98206441936985,32.68762915643431
104.05665166164567,32.07321043691233
104.64348679604117,32.57720279538039
103.91302535022682,32.14274350457297
104.22165746167583,32.15334280130285
104.20362064051855,32.95595289930921
104.36042180601343,32.95995107053959
105.2378363221527,32.85330375110764
105.5139310873835,32.781087975223336
105.35394719593226,32.82525373279209
105.54150516650357,32.988367589801264
105.4421391757213,33.14420085321539
104.68489701445203,32.60141321238569
104.42985744568269,32.07314716302014
103.77480707102312,31.4149469756018
104.14831308989623,31.65140098638465
104.14831308989623,31.65140098638465
104.12620416523036,32.52226694388717
103.88869415580739,32.094187626794394
104.10119856852873,32.85824092488434
104.35780853415378,32.67524009919233
103.97727180549653,32.62882868200922
104.39585975266587,32.56027339383749
104.67598076021893,32.66174400364493
104.63218345209478,32.50254841966057
104.53184143849114,32.87529176845857
104.71141094674658,32.53566936674361
104.90360703038736,32.77215466352751
104.68116199576693,32.56180774554935
105.23589253611956,32.66762453912485
105.49022910848242,32.92900289904704
104.57529745708328,32.768150825502886
103.91898608866973,32.86797528824633
103.76819874909819,32.06820156021311
103.73085944437885,32.0740382394256
104.58142894811328,32.76066242671023
104.85391662436213,32.51999187900382
105.19719853571264,32.63656186897869
105.361373903809,32.99477381785624
105.4232467002543,33.07671016460411
105.4232467002543,33.07671016460411
105.62446159618524,32.960203305602064
105.61793859614872,32.96825188892579
105.17930688938905,32.91514249611826
104.86559317726885,32.77944396389734
104.53597828914988,32.78257436267167
104.04576818502534,31.534005390343673
104.06365391545923,32.283239787712866
104.07980480766088,32.48147700673777
104.34698332029048,32.71721223308601
104.04066600500613,33.11580672632509
104.0114115325228,32.61814391770904
104.01937850273222,32.79799135033236
104.8157026188381,32.756245094780475
104.79565088084254,32.62888489556839
104.30815841714696,32.96226772092134
104.73215708831695,32.765946021620074
104.50537223660656,32.56535965573638
104.03677045014203,32.7520279128079
103.89622021325201,32.59726132249304
104.58497409988996,32.49780052656441
104.01892322523074,32.414487770464646
103.98916678576013,32.46698972303795
104.47208590927443,32.69397598949436
104.01827250081541,32.464561034240134
104.07278397822958,32.10516213435148
104.0618661955102,31.69481332839201
104.05250423802595,32.2330008211007
103.82237360443334,31.491235439089518
103.96714380494525,31.678570502364177
103.89059421571,31.768493493099
104.00030956826168,31.66774338592549
103.75702613825744,31.931135249324065
103.20562228479098,31.24621376958007
103.36038100915756,31.217565211830948
102.5472085680149,30.17026213041726
102.7229723017743,30.256050149709708
102.50165653340224,30.135886378729413
103.11856314272362,30.45730993694912
102.32386207949627,29.932855197370056
102.63358093198741,30.294333845584454
102.32782451328161,29.821137233401245
102.7457191776078,30.24472703266036
103.1906125967833,30.75617111723464
103.44309097072482,31.409115847873323
102.8683768074011,30.436621082419116
102.45514453149234,29.943497359964844
102.46702698968625,30.312734140911587
102.5303201244985,30.538807492904297
103.15272818462532,31.279796210799034
103.25748144566042,31.093839337694327
103.55902720754327,31.113751026367403
103.1213756485529,30.739835387039996
103.09378474735554,31.10639390468904
103.37185452527845,31.12790089694929
102.77166349431047,30.73072587823868
102.9588997226029,30.466456719420883
102.77310522810471,30.547287923864594
102.92603693103327,31.125585823956264
103.0170589997621,30.51267183434573
103.18298787991955,30.59055388907049
102.63158160432614,30.785571805287244
102.75530487214775,30.882889948255624
103.9877936810563,31.641500255856144
103.90303453103306,32.069895858186946
104.033387090602,32.063936375799194
103.8170993786553,31.47202760790403
103.8039262495382,31.77198769114645
103.91665458810077,32.73213312980262
104.27129159811061,32.307459990783656
104.47718316398112,32.5854155269734
104.80355886320577,32.62193448285857
103.95442277775514,32.12878264007605
104.19747062343886,32.184990065034064
104.07653159973552,31.875291796098175
103.95710092754422,31.602598749062956
103.88014857041583,31.41076846471245
103.80933777604176,32.476016646658046
103.79125025558038,31.99684161325715
104.19430438539193,32.150760988030136
104.28875239935441,32.73687154411762
103.98296110619006,31.89474125758038
104.06078051292737,32.18957154803457
104.59490662981734,32.688785644456914
103.96374843255073,32.785367578243104
103.95313672946708,32.83064841804764
104.16511067619192,32.645022687921205
104.070967731232,32.42215244701646
104.3358214964421,32.584969777458035
104.51277114896004,32.71585984197112
103.9684761260574,31.939418437694236
103.97915986239568,32.5049789441597
103.84806937896391,32.383846339009935
104.38093336686704,32.656243937948915
104.79120347807437,32.64864289090346
105.12888759194306,32.59947102932169
105.57446787177439,32.868266459480616
105.37639931160825,33.005819482594575
105.43264834529352,32.75207347834566
105.51704046334402,32.83514861586176
105.38170905330652,32.85794603318463
105.40998883666416,33.0058178307822
105.44129959095227,32.90711418764631
104.65473052880883,32.80972114732063
104.06726882620018,32.573815976312744
105.14100228197348,32.573882093456284
105.27712597091734,32.64669257284021
104.41076287225091,32.64551890809844
104.0812868857005,32.43884651156052
104.01887802869429,31.542367265292036
104.10973588730599,32.28784639502803
105.32213772857222,32.655680120237015
103.85472740711876,32.36912811788944
103.72415032730694,31.98285675374669
104.08023476624709,32.01023246575188
104.07595917570086,32.432062428203395
105.00255789747749,32.58611755834476
105.03667422903987,32.560523413267816
105.34568233201563,32.904349012121074
105.50842676811057,32.96818239975823
104.37452040947734,32.72420157856938
105.3512815071824,32.97112394601562
105.23041206369301,32.63068923827328
105.5182305125832,32.832795153148176
105.48438299870023,32.95637120889952
104.14127559409518,32.57519944186573
105.20773772276786,32.60588126416257
105.15873144487685,32.63701691193048
105.36741457945654,32.683824176066594
105.25647324017085,32.777397315424196
104.799423271812,32.48314198806908
103.8109244221362,31.88183579055755
104.25961019723748,31.793821715235257
103.84250584233943,32.45463807914221
104.24571352238212,32.313879605606374
104.18505508720595,32.288726722966715
103.93734959720582,31.593091085145407
103.23758389400396,30.74495283574305
102.5118502359728,30.3858388720882
102.49552926961115,30.716161990221718
102.64147480446836,30.308312778215715
102.30914966971262,29.844410692633407
102.60176389870573,29.71604611863051
102.5584427405036,29.719111549553922
102.66831380861359,30.113662048607928
102.56725710266478,30.28471554020043
102.35802236113442,29.975087995208312
102.66418153269532,30.125088211154928
102.74124268114882,29.653265600830718
102.80729635739561,29.50327152175679
102.90845508470296,29.597536120112505
102.57683063297293,29.866332157029987
102.7451213117278,29.55904292226421
102.85696033836871,29.597170206966418
103.07175152736123,29.463767153664705
102.79375015106976,29.563162454577
102.74656214257968,29.545767972155257
102.43246750442937,30.184506760247647
102.60455284301798,30.098542964094264
102.66440675037545,30.147655064143695
102.95733696009222,30.448126763747194
102.62205337221793,30.62056028240887
102.63224781652532,30.526392562876843
102.36716201732251,29.790404179744957
102.29936589332597,30.064338623242897
102.35075606746341,29.72371393462372
102.95230568282611,29.696159752028823
102.3563341810441,29.783638664830814
102.37547634471116,30.223352375249434
102.97385683212282,30.48745690613555
102.77125971975835,30.260433574945065
102.38629410686268,29.850164715317042
102.57830094494818,29.701267638149993
102.41016367647642,29.991105602855374
102.36772970725154,30.065430887126485
102.38385517937199,29.89184336382475
102.63936165609883,29.7254985550173
102.67917073114252,29.59256221937986
102.799838551262,29.503950897503373
102.77022689583667,29.55737004905636
102.96909723585958,29.57494933315527
102.94177438348592,29.523255286688194
102.95559489981147,29.671886420435964
103.08999087139222,29.479203981757003
102.44348978926467,29.730242872762147
102.60735440867852,30.573409842951882
102.66735928778377,30.2857507539715
103.11292234754968,30.856952963074395
102.91956550276663,30.775950582800128
103.11748863655255,31.201193347144894
102.51909447246597,30.37647250959853
102.58613809205862,29.92739884294527
102.44779242709906,30.491081966925098
102.98427397309331,30.98302445054579
103.7362791593945,31.249460786472948
103.57676434398189,31.24771485202621
103.27164999389537,30.9779665157469
102.84652183962464,30.512835217205076
103.267705759951,31.224692268157632
103.14550691864899,31.0543834807122
103.64444741052131,31.14932057930104
103.25880337171655,30.79235869444777
103.04372009283357,31.24632306456104
102.72910119720969,30.76717936730062
103.29696439034319,31.209891156384625
103.21571083751112,31.152025215860494
102.31934091325604,30.158596272186607
102.45486654237878,30.332744505259665
102.42424842590849,30.088925189545574
102.30366755073864,29.851880267522372
102.65951975550807,29.703549287009295
102.76728448834668,29.556269782199774
102.76728448834668,29.556269782199774
102.4104798307416,29.732702524367184
102.38974301495553,30.10261267340824
102.60126470539623,29.872063106684408
103.34281842695633,31.049948773303715
103.01146941359977,30.860831171911133
103.13365476701047,31.094102973719966
102.97524135270412,30.528974484784364
102.90614714350481,30.455504029811934
102.79942807310475,30.495595045235945
102.80359010270575,30.451162895417827
102.44226671438666,30.555713655819893
102.98638838245186,30.778637615687813
103.69988512574959,31.303074452078548
103.22070101615138,31.337004772341444
103.35302488283325,30.968076253875054
102.41707289909652,29.874738916243874
102.89063000319196,29.557306725810896
102.854731223231,30.507512488411777
103.31856691430629,31.198962474610717
103.28890311045066,31.352502843546638
103.69880831377624,31.168814009971186
104.2714558893413,32.27738283503871
104.36906714237469,32.89134303433299
104.31426847294814,32.278562687315805
104.44260062976358,32.65493695708739
103.86283486996248,32.38319561408632
103.81251316436389,32.07171781115357
103.78704072529496,32.09984309092413
104.29910434290586,32.593936083702125
104.90625113982381,32.632870245064055
104.55834670575085,32.85857203397075
104.15817402158855,32.658612123622504
104.35919583939028,32.13079461080255
103.93869947412983,32.785257134274964
103.95189140264695,32.66195844074043
103.93784525468968,32.7007256585389
104.61078078310464,32.56096959586672
104.20322058144151,32.64506967545125
104.45405515567012,32.53937358030836
104.23181387748359,32.91796062401039
104.12771548990881,32.526920586688064
104.71896405286721,32.80924894596283
104.15314802817048,32.86872327392781
103.85053849646117,32.50039730711693
103.89605291885916,32.28006802832417
103.84512676162001,32.077349094573584
103.98670782966838,31.541855161596356
103.99548678887042,31.979010291074758
103.96902329735572,32.401973619820886
104.43889752289405,32.59243784324169
104.1327014375341,32.22428426112426
104.40360455735417,32.07938980893004
104.04557908817706,32.74257766533659
104.15815423422161,32.898276321844456
104.46358932771271,32.78292902732315
104.67740374091065,32.74255241243422
104.44174470191925,32.70279373074391
104.07922416106143,32.757274713108345
103.98823840480195,32.82315973517057
104.10347939518097,33.079616544257156
104.40923852791558,32.59616770386876
104.30009060260306,32.73122449906038
104.09556260826314,32.12568078917093
104.26227808535337,32.92461153522512
103.917605455944,31.76946728205891
103.7346086985647,31.34863631331728
103.2335526182009,31.270537349801447
103.38102564176226,31.429082540466514
103.53106321707791,31.077060299672475
102.96084455340804,31.111130237056802
103.03151786864414,30.66495689751801
102.3829417260551,29.715221227712092
102.57940645297766,30.743741171378314
102.83893011580473,30.379523634941016
102.34717528697678,29.89310899361227
102.44134008594882,30.065747635544028
102.35899775252082,30.14957048020115
103.25177863879077,31.187230297438497
103.34229978130602,31.171716817320114
103.29786457915358,31.387396323504465
103.34902796369767,31.13646680641784
103.28523221417942,31.30833686350247
103.14474599333681,30.868327174914892
102.6388322284804,30.695170537530704
102.88102597236907,30.60277306811047
102.64530738595795,30.37103824613667
103.03575678301509,30.52531283985533
102.46535401932395,30.490385457028164
102.44022941524823,29.999561039689617
102.36659708838737,30.016276872408415
102.59629896925144,29.83685894021786
102.4810373131537,29.953766638678655
102.30929420412636,30.069199584931177
102.66113519438508,30.175321317034815
102.91427184200148,30.57935852470279
102.83219467139261,30.570729599069765
103.40152271163828,30.850780698222813
103.93722688468198,31.67972181815522
103.73522773629482,31.933860857743195
103.9784406658031,31.736231471020183
104.00010983923616,32.07025083477774
104.34381930903774,32.07350745412691
103.86570817435548,31.729045358067943
103.8374839375466,31.42069592009584
103.9590468851756,31.851894541266358
104.36551570112934,32.31200555633075
104.21643995052513,32.786981223466306
104.08819915348256,32.49565070958474
104.11326259124208,32.11062699998645
104.26230885409221,32.18859205011635
104.5082241915449,32.5951878154772
104.5341844444987,32.5331867692608
104.0251001912302,32.08477237352552
104.31555358622509,32.16459246354446
103.97419985988363,31.836719105307022
103.71617709233385,31.23643675369489
103.4109186326125,31.403541661909717
102.92109733086009,30.72330052401866
103.28101438030802,31.36614294583684
103.32221656695097,30.840272940694163
103.00841020683912,30.78717491317154
103.36157404823653,30.82340934571509
102.96521016490206,30.701266249913814
102.38698167908174,30.109255608199252
102.8595525301722,29.535684741459878
103.04237640798999,29.47146479429766
103.01083943940301,29.4978184695718
103.09398062324951,29.516158153218715
102.7439280386368,29.50746824955742
102.8076779956077,29.545799707093387
102.52447031355472,29.882063983578167
102.34577968494406,30.128745997362998
102.40158671356895,29.814452967134084
102.43399644185098,30.512289867346233
102.4927189275077,30.07506579883781
102.65079741782685,30.244594923127963
103.28597993560118,31.02984962235017
103.25471911627012,31.310502790706977
103.41614515322571,31.277010976727794
103.27751344526638,31.330075086280456
103.02845213102911,31.250554749974555
103.42781170320599,31.38299660482048
103.62985303238985,31.3397949318822
103.27018777020263,31.36553132658567
103.84899647509044,32.02254852690365
104.07819982058408,32.61310198272603
104.49153835420343,32.87129351734245
104.14503859137194,33.123140382472634
104.40870906029585,32.706233151707245
105.41477253767981,33.06683616682168
105.24905733366222,32.68154453405238
103.91658334164407,32.22696920361646
103.96922610762068,32.82279728300864
104.74563550957998,32.75973645464084
104.04762102566343,32.90115530538843
104.22043043224289,32.13885301894271
103.98384785757717,32.367967363320915
104.2057600637586,32.26710523671384
104.03056687380855,32.09661045875091
104.3630076074322,32.52843511456902
104.16092152222498,32.19890938886947
103.71660884770525,32.074336603693745
104.24547761552242,32.906310526707664
104.83036690690636,32.75211049206808
104.98281128964601,32.5605762297471
104.84601273712869,32.587295623650206
104.41248898877606,32.03507904096564
104.0911784687996,33.019631262080615
104.61536826023976,32.71741357242853
103.9754096452626,32.43245383785765
104.08412814416467,32.28585657229453
104.10681526222392,32.6073880963383
103.9812935412612,32.85063800164997
103.94939823677042,32.85736315117828
104.18242616396365,31.680581916880417
104.47664094655407,32.52119575118269
103.9764633107326,32.061085943215154
103.91153123931262,32.43827984360042
104.24120224266913,32.68894234322236
104.06202843547317,32.8721762368269
104.01730511895026,32.974082393537365
104.01308717694604,33.00199494491742
103.90661935367322,32.53648147871857
102.80772360647495,30.805411932378544
102.73062606781818,30.889898384226587
102.51031813798954,30.677621212236502
102.85961629086074,30.866791186830273
102.35061691118148,29.876992247998817
102.58597958875282,29.8641173478528
102.42954190273983,30.18069865230116
102.76241467530795,30.18935834087573
103.24379180504617,31.057587759081578
103.11105210830989,30.675684316735996
103.56459800650985,31.253581909786607
103.54733653326264,31.252611510610667
102.97231125466543,30.96350843968193
103.13486480442602,30.683255468039697
103.2425080513187,30.693874689423943
103.27577816987538,31.341841690037356
103.10654711548277,30.538425996526833
103.24380468151992,31.001802373790703
102.58669902941702,30.732096724120453
102.27630172389682,29.88953298441919
102.52712573041097,29.650381200769658
102.52520311371318,29.97979058117226
102.96075062968326,31.035913023098146
102.93047371635897,30.410518578349716
102.92454078873924,30.8068227185437
102.77830177460997,30.647721399320968
102.59814414153983,30.626477105330505
102.73392765717027,30.83716021259081
102.36689786873335,30.226302054297648
102.63006155509973,29.72615720968135
102.68521948474427,30.41538910353871
102.9357845838921,30.581242300284046
103.13718309509257,31.206587230533774
102.95440345639322,30.580698745212807
102.66520774976432,30.77954871541793
102.96919982412268,30.580747759357116
102.44682662894097,30.278307353788588
102.57460423333364,30.547710335475685
103.85341458283871,31.76904920048269
104.1171343931026,32.77086716333321
104.60469562520325,32.74125913085217
104.03074148777593,33.1622376002544
103.95493897237534,32.895755821484734
104.80728021474984,32.71266640089264
103.9936997127984,31.527767452087335
103.96767833138904,31.638356175189777
104.61987269444472,32.78158929911302
104.2292053631952,32.86581318858245
104.09652915489752,32.78197772654635
103.89662878197676,32.54093628032663
104.2454155890829,32.94975433231297
104.15937866517203,32.71877247328167
104.57994813014584,32.42983039431076
104.84799663210123,32.79897495179274
104.32621615302529,32.89997288672634
104.15944872027518,31.74208586134334
103.7996651671418,31.933633483562247
103.90156161802511,32.11677806254579
104.23276433907209,32.15249490214348
103.85595679168655,32.52697639272345
104.51362169307204,32.70123581080154
104.09126050062807,33.08506130228422
104.0358550340523,32.6298778485445
103.80349812461638,31.549490766923185
104.0017478404613,31.92239452671351
104.14294279631945,32.2288338843085
103.98006158765726,33.00650399119247
104.310902979465,32.950296602435294
104.35935297690271,32.812603672454664
104.13851446322802,32.66316098896713
104.07165153709539,32.1924335001681
103.88521411180511,31.86524248374654
104.14232212962118,31.63489042718839
103.93513721176147,31.61458871794234
103.19165434894455,30.66516122739512
102.91515779357223,31.121157393916125
103.23798275898002,30.802785052545833
102.86103203461929,30.684713650213325
102.42763437943336,29.949818564886172
102.6464800374203,29.722482230062813
102.67120355106564,29.682386729919216
102.67390015565798,30.6764862467873
103.30875470945992,30.77967307301903
102.71350116175698,30.84106598113216
103.32890448465182,31.099631813031632
103.37670623313079,31.397275676066215
103.36359543333734,30.981893952335813
103.01766731556918,30.890024973897596
102.35337147883901,30.125954653876793
102.96962826402277,30.716625632257944
102.56034774046321,30.785171524218445
102.48009430634123,30.46007617060163
102.82855583577673,30.61161047931441
102.45881450569075,29.95287617942904
102.49155996612336,29.7580762244742
102.67674997621364,29.926090077978234
102.61114689596826,30.13420738611285
103.22840372662279,31.19552431337351
103.70164453461281,32.012478300547784
103.8972444285664,31.477629759003598
103.93562578702617,31.492932474475783
103.38624859850574,31.21273585836156
102.95537725547246,31.01129674487553
103.36259135436326,31.24301229518607
102.45642091270362,30.411408612046863
102.76793353076837,30.694243664396407
102.59363896654521,30.44119174300037
102.50491231972889,29.74843054998841
102.43551909534179,29.978437655125756
102.45011159214265,29.84616602946756
102.3098082691106,29.87322009548202
103.0070228831989,31.048348855601212
102.6069621231167,30.510615276808508
103.15969507386922,30.58225561680169
103.03686412050713,30.429725613988506
103.36888083044994,31.1923849555011
102.95804884165103,31.23061172166697
103.18198239207277,31.086396678059035
102.99767148836972,31.29644061395112
103.09630981197017,30.817389777889687
102.50295721277959,30.192266211789583
102.35599314781685,29.829175923498006
102.73182363498073,29.541112708985732
102.82211073640735,29.56520164687263
102.96598230262178,29.683442955154085
102.95310728405023,29.55776897405084
103.0038052784364,29.470155452807514
102.9408723040373,29.584051033236516
102.4740797189415,29.84261551035345
102.31412718974077,30.047395395542747
102.61153833658771,30.215776029640107
102.73472220795205,30.299333779646464
102.72322941260815,30.816376391560276
102.96594704339302,30.4957909205203
102.88944165011144,30.351913275215356
102.57521103924938,30.678693575212463
102.54896787798572,29.791225011281767
102.98914654836214,29.574640882254755
103.13579368385237,29.486574033715772
103.13579368385237,29.486574033715772
102.38508160342327,30.11725715395983
102.95453245639018,30.739335280372146
102.81351620525835,30.58076098921721
102.53651258705273,30.544837724095252
103.10167866083188,30.52834354852524
103.27357449059734,30.79765173895238
103.79087387879984,31.284209403296597
103.82825655942531,31.447542394101053
104.00952761378878,31.66971217116819
104.03219066926663,32.0770925077408
104.02283957139478,32.4715018227092
104.48846680217618,32.671045608070536
103.86414603165083,32.40644426005737
103.9688989174394,32.638567643594826
104.99695512469673,32.71999901465941
104.15843941302955,32.68643230838901
104.71658127971352,32.509025787029344
104.61724085170198,32.723243283492224
103.97264658413769,31.95455926388992
103.99231493836177,32.793122180036676
104.72682882524512,32.58514233859166
103.85843991714344,32.595091718621035
104.17969794968946,32.60553598856727
104.84769178313046,32.68251968999375
105.35075055366183,32.8560308693948
105.1472099616195,32.93922547437603
104.72195946385202,32.53062430044917
105.59807057672104,33.011374278001675
105.5380843233674,32.98437183369928
105.03480749603939,32.60928967307802
104.28928667490327,32.68179885380877
103.96766808679371,32.03592730947363
103.9896827357719,31.8738452597208
103.81189724688072,31.3728362776116
103.61740816498995,31.226657699759276
103.25363168774429,31.044243423982298
102.56114691231541,30.75644808401204
102.33838690313578,29.737836711679012
102.67963419391577,30.283721739642466
103.21346572536386,30.953027475111632
103.03399978917595,30.775336955350376
102.58779037394379,30.366054819486582
102.69066017781131,30.675072153362418
102.67647214612214,30.291531416625098
103.10829031871536,31.06319558972445
102.5840544684666,30.075385641206537
102.32631398701125,29.942028781882804
102.34042617832063,29.989166094541698
102.63899279979108,30.21546511008785
103.17957895532929,30.65338347814265
102.56243830902041,30.763107863972696
102.88111316153827,29.521618783037763
102.89255912108308,29.496807001080796
102.91310183354766,29.44739446741185
102.4965714174757,30.409609566798505
102.55214152065237,30.251219477554088
102.42419018584228,30.068941879926737
102.73087996236424,29.65152835974747
102.46573375025275,30.07985537764262
102.5537192449019,29.832147745919862
103.1127441072318,29.478852974360162
102.44171962944053,30.26405417327591
103.29121802844539,30.79227793371461
103.38553912145896,31.328873082417886
102.81705740819456,30.936975316359
102.50112929804011,30.09906388702104
102.89610480886861,30.82954640742083
102.93485012705042,30.555580606401797
102.56485057877096,30.479270601545878
103.20384019095579,30.901900970389267
102.85739174214568,30.469497911110686
102.5015497773095,29.691786323881853
102.59635612732114,30.191124635466608
102.80146274140907,30.45644308949401
102.766140923018,30.561378440942477
102.78396200901716,30.90843442281096
102.57512569814342,30.35233845908339
102.844605764543,30.57366956795521
102.33000810327445,29.88360920865059
102.65736268868888,30.293535859773904
102.32744018279806,30.187545960016607
102.67130351490167,30.201993090546647
102.72653224149124,30.344377994680436
102.4548379915238,30.548605116465104
102.8060310201195,29.503984811526966
103.1753219315219,29.55604116526685
102.93957694476936,29.432056641725108
102.72110787825744,29.575481100179786
102.86173279470886,29.594008432505593
102.86173279470886,29.594008432505593
102.42782854625315,29.852345259359364
103.27214781376564,30.657627307365814
102.82514919157374,30.646029408411017
102.29713274401983,29.992200042717275
102.4547592080919,30.580789353930726
102.80968226725403,30.468357099597984
102.49991492080636,29.9978084992063
102.6292098085102,30.423588507614138
103.2283324091737,30.747705914650272
102.83340537868203,30.869515637629018
103.06853024075022,30.78511313801908
103.34232500036985,31.259611856763748
103.01134905661613,30.99477854675879
103.15537533018521,30.991188856794306
103.00370289675976,31.1160850661226
102.81700185093398,30.456438641299723
102.53289802714326,30.5855583614974
102.45577372951125,30.395134419503286
102.53918931822834,30.147245908966443
102.47609250370441,29.850047354508458
102.32489252531445,29.93696412746628
102.52209155401742,30.663728638909163
103.27175618193225,30.882292652814403
103.28500274603994,30.823311964036037
103.2207446864139,30.891586686629484
103.6847286944244,31.163927195038752
103.89431038433706,31.702493689177746
103.99028800854379,31.524213842476637
103.78379384016887,31.50862173697196
103.9492776066909,31.8574975767742
104.08918555167709,31.62371214176017
103.79213357616003,31.413464063049904
103.33428771923046,31.28193229596133
103.04292209943341,31.254946117350702
102.51796404940471,30.707748860976057
102.95318554767907,30.73969462110738
102.85365309454443,30.717373482883705
103.08938639247451,31.177810088071432
102.86097677265761,30.387172980196745
103.33299352888095,30.879308541766417
103.01069255012973,30.47668185359394
102.89089560698395,30.331397223984514
103.0468513462503,30.59035853867356
102.6404883981246,30.442294116832645
102.63043628090158,29.940505661109565
102.51135224035255,29.85767449593928
102.39536400526988,30.00944217095722
102.40240874458424,29.820281440862612
102.53168847282579,29.985705847899293
102.60527416417577,29.69704102904698
102.29241015604869,30.10959574009976
102.49166989978376,30.55985146881268
102.62043016213119,30.409751078586208
102.67643964624963,30.229284650301338
102.86134680599626,30.41994346211723
102.38251723929612,30.039810683244294
102.61019370122362,30.265259212074245
102.54496915094124,30.41139249737721
102.60532985002095,30.76809495933466
103.27836122473248,31.241404823723272
104.15795104980108,31.682568998107058
103.88760396059206,31.44226226700876
103.61352530911103,31.176140527298084
103.27196373035667,30.83103415984438
102.50444876198083,30.339855351737466
102.8447987754754,29.62118488498705
103.01870512713799,29.55099367797563
102.57112085619099,30.636773698501244
102.81684950621447,30.631267993525686
102.98010008271207,30.964037316302015
103.02203449356992,30.997274313985486
103.97410256777465,31.740126496724805
103.65833664089934,31.350895368100023
103.18898154137493,31.23290555764975
103.15872815602445,31.175402817333598
103.22358347479144,31.33461406877545
104.00167437966924,31.902582768926518
104.10463060044295,31.699805074941555
103.56681498427662,31.110440281316798
103.99896505719568,31.906947257806575
104.10111784265433,32.62677795026904
104.30310733420633,32.63485695761125
104.11844895050316,32.97279764886271
104.02562185604339,32.15518432642459
104.01250221281057,31.570210204162372
104.05627871143673,31.600578879302613
103.71169600191227,31.970671894171964
104.28455869180985,32.12724887799116
104.22030586589891,32.91132120246016
104.3260288677992,33.00411494979827
104.3529071242535,32.555111234451054
103.92442806179452,32.702807647264976
104.24016305807535,32.80581342838066
104.84205145766593,32.748653349560705
104.50537688934288,32.604902972950406
105.00550240134554,32.64768828092621
104.95945136646569,32.7125135834293
104.09410583771967,32.360851275901645
103.7643670987971,31.30817807154232
103.65833997283998,31.19294894612802
103.07816199660677,30.587402625170014
102.54783476260083,29.81172706610534
102.58482540058098,29.66155369887272
102.58810063922448,29.68921997340237
102.47910667717893,29.75175613254226
102.36898774167246,30.019351719695944
102.71972104760637,30.756926372367655
102.44730201365769,30.29738915987078
102.62887052082175,29.722862887253285
102.65056857561565,30.296436161598418
102.54755751399424,30.260701731261168
102.43719925791633,30.084221907449184
102.54756923764252,29.852749713238232
102.54840163936257,30.15970247875477
103.29200371011216,31.2680768731213
103.00773091905134,30.997765262389706
103.30747585093576,31.291892480674576
102.4970525768577,30.727367282807794
103.32981250692814,31.157780507896828
103.08673080982791,31.00701932324921
103.1777513697924,30.65203124193291
103.240568304712,31.06192674250059
103.01165390356773,30.452584226973404
102.91623333997336,30.72695777400376
102.97675098028891,30.544269469575806
103.8010608299689,31.50333037410487
103.75918158328425,31.29241344287535
103.31536702520532,30.777279156692845
102.90067656324051,30.69538992933349
103.22095475585328,30.9082630079513
103.27156594823053,31.39528555152508
103.87086811183846,31.639622290321693
104.22294274008674,32.08453117883199
104.0104891080848,32.053648534727294
103.989263500453,31.56685228245623
103.93633925735371,31.976024548925277
103.83639414408772,31.35496521284838
104.20219308269787,32.13356985182896
103.80643824582951,31.476604354925044
103.75581409687457,31.819342116563565
104.58489563187602,32.47991313461582
104.4440402477038,32.30130261903693
103.74468236060608,32.09280295101152
103.38726847069663,31.242860497945692
103.39033658513983,31.278598194107417
103.26925136097333,31.042788369724676
102.51795999776141,30.283454381644056
102.48042961003286,30.65099123293398
102.81011300979935,30.66884726424195
102.44040831222976,30.39313623939492
102.59172594994425,30.692316634592107
103.32248609825547,31.006423844520093
103.26514930018106,30.692716255136087
103.15342740975791,31.281558977294203
102.60490220974378,30.519304245433766
102.61172245696427,30.711817185562783
102.32810396340855,29.95377934889439
102.48942476462379,30.471084605229144
102.91557612861637,30.447227528108865
102.51953615286979,29.966121273589927
102.55291075674737,29.929916217682706
102.62047949204884,30.751582467120933
102.61232555934612,30.149614418162223
103.04042380230287,29.547695901992817
102.46502654496925,30.028723340491098
102.41252167247266,30.237454360873524
102.73977494697996,30.647024750230997
103.08205585721139,31.200945035896783
103.0401319913591,31.248716462521948
102.75733717837859,30.767957346688956
102.49626711366743,30.50494418028742
102.55038604216948,29.992480374300644
102.34745247031255,29.882615866291008
102.8606828077941,29.498718056854536
102.5391028705912,29.67894718349817
102.55850340804349,30.059103258385516
102.72108423993556,29.560926590766385
102.47022149554242,30.160354215928752
102.48986743432823,30.315009881666906
102.65214616475184,30.339829146834596
102.75844963309993,30.613156863016535
102.55740051278146,30.38200851057861
103.06382125796397,30.872335990712617
102.57780582023004,30.468819536153934
102.7443241655879,29.54816702838606
102.78203761850271,29.501570592760896
102.45611924397339,29.87449811912525
103.06070371374396,29.47825765354546
102.62078331061832,29.954769145446424
102.89703516622691,29.57953046971296
103.14767074826996,29.48396533658647
103.06647938546278,29.464885908951842
102.97819533704127,29.588914181820577
102.97819533704127,29.588914181820577
103.12878047705316,29.528063230055018
102.65619371249593,29.739793758070213
103.07428912908595,29.43473168572326
102.95098680228655,29.52279199682662
102.85493256288869,29.525603583342765
102.66845038487254,30.85032112390389
102.912844307878,30.95371658327652
102.9689229173844,30.40138195599995
103.11124196479167,30.591481481822054
103.12235033954785,30.74334225242711
103.16596807783375,31.208188404723536
103.0422686984895,30.96369217576269
103.76877133933965,31.28496008409887
103.44958599447666,30.850918528823595
103.29919176878752,31.083227281500218
103.2834664598405,30.665935165425488
102.41683252187238,30.265154535264887
102.51851031017533,29.927374007702827
102.49543970104592,30.151581955726876
102.76125275702344,30.65095510619616
103.66497659038401,31.176448284237328
103.25791874819126,31.175116847133516
103.40354375445956,31.4002271026195
103.23848460539361,30.89175189828791
102.42497490926556,30.50372163011325
103.10800720072508,30.615302269711215
103.0313058478616,30.69710453829771
102.47508946962526,30.357794281821487
102.58037355526558,29.93919784097225
102.79788161949426,30.692989787022903
102.5383090918524,30.636701764558186
102.64023395863623,30.657223922140645
102.62802723963229,30.08362787736508
102.42347113103324,30.128192419003643
102.43636759852932,30.52257737913256
102.4836880634458,30.01893836444566
102.4570245071423,30.33415529830411
103.05768566566417,30.64448682214609
102.86610916109176,30.69762683349111
102.65132612102731,30.30717780328175
102.9688301328069,30.508445192682718
103.17728899029545,30.95831501774571
103.37161561409391,31.044263087940784
103.19129335696327,31.064393895701404
103.68939959419878,31.287238417311638
103.62941911693413,31.321568329383943
104.25405443880996,32.2444835040611
104.01276589327489,32.261332552677395
104.3508913844388,32.14817352654678
104.27764903745708,32.34085968935099
103.69203674734999,31.917748964633052
104.2128039931744,32.118708265235796
103.37554705177108,31.38671970176475
103.26577040069814,31.25041623113251
103.72093176341942,32.072678575674736
103.23624945919937,31.093989974404085
103.385590850682,31.285299861019706
103.09990379814903,30.78336287965019
102.30197249722626,30.083755176248378
102.55444573776747,30.167039997714713
102.48610469369876,30.294236148976943
102.54453100941141,30.09695201687163
102.85951511234884,30.336307467731558
103.46170566234821,30.936638832764693
103.16154721175926,31.14293860426925
103.3623987807988,31.357282222141876
103.37169916232587,31.375724377083642
103.29491189770756,31.225023952647796
102.62631387553346,30.32826511758954
102.6266199716816,30.16796913927769
102.328502321105,30.08226301899903
102.49810389505048,30.512957857813948
102.57871267430018,30.382422406905764
102.55605555920545,30.22274161155306
102.53072491610097,30.086220194686497
103.03511096751697,30.48209201853897
102.80253820285724,30.831661964417453
103.00429887480888,30.99837224111162
103.09616081279296,31.279819789938518
103.29132744077248,31.207139881034816
102.5129593291486,30.574284205955827
102.28439410184951,29.895663502951393
102.45513224921267,30.453603437303098
102.33854999058943,30.070891163143596
102.31354414904266,30.032950256389867
102.97608250856828,29.487394172634463
102.96265123628156,29.69681072920627
102.54067170774569,29.883048814951188
103.69047136033349,31.190180246176723
103.40099798202544,31.3596170499622
103.80889750192574,31.36037797259726
102.87668122718557,30.815619842951133
103.2160186604331,30.8502144512056
103.02673116012983,30.62327615175256
103.18162362770445,30.60667306890045
102.89811902032062,30.379690083893344
102.72535806346175,30.27282627060702
102.67452476759036,29.99284693784135
102.4489954498627,30.145669684833752
102.69867379560583,30.760514838279107
103.24003893138453,30.66504336404096
102.9967695375082,31.08840699549547
102.6236009486221,30.383075693555604
102.7652555897962,30.788161981759362
102.55634662966567,30.75135083284206
102.61232368243301,30.666248720836265
103.01315788259483,30.965605143576678
103.09021361903714,30.73246097502549
102.85501496085762,30.805992881454273
102.80736271859692,30.860735578830592
103.31621305518155,31.222918334171283
102.46975413427494,30.495944699675004
103.10967141371333,31.169055134607994
102.74213427239081,30.861261718747116
102.95167105251035,31.029410187229058
102.98271177599919,31.043923567969767
103.8927861300649,31.68921187075417
103.82549426433573,31.309621298501554
103.61698673689449,31.17582016487923
103.00277314025293,30.626990335855204
102.90514204951431,30.46242163451768
102.53262230308144,30.261557766465
103.24296955564246,30.880477631270374
102.97110164956969,30.51354642238395
102.60675100817551,30.73829109175811
102.49493098085381,30.587240741443622
102.27955672363224,30.065364972127476
103.03682086186065,30.64059122502501
103.29328123058767,31.15777106031844
102.32807315436499,30.175451118946587
102.7346622100554,30.34341344264823
103.03768514705058,30.793996062353635
102.55599254055721,30.456620039727152
102.47773040179428,30.536006030674905
102.37413591121314,29.893197018067045
102.94124354365961,30.36446349462742
102.97365902913215,30.64153693806056
103.00209449237197,30.41754616595631
102.51919623631122,30.562013303995993
102.49570087552344,30.448316233840632
102.69663585428589,30.33134370241953
103.22619454009666,30.693088559593345
102.34369308906732,30.006125673347984
102.85068513383928,30.79877632280101
102.94328309655202,30.580020959138523
103.25717324033458,31.034570937537886
102.45049769060242,30.562507631765985
102.51669636654867,30.354286771300014
102.85867838094055,30.749585485841347
103.07798076488113,30.42889022780921
102.46791852861104,30.279134450679887
103.13808303979746,31.146726449059518
103.1608663546941,30.612690612047437
103.15188514106997,30.87631530285731
102.52750198901666,30.79033272087292
103.41260430406442,31.429297129858675
103.36452958919845,31.13244235144184
103.61263204962603,31.255940142607354
102.75024967229452,30.730118542397786
102.89823840793164,30.810611466979626
102.72090261601373,30.698159522053924
103.28856477057032,30.774570851830553
103.40071519182086,31.296733264728033
103.67400333991418,31.24664232204782
103.36585094552746,31.276627818369192
103.7407413704875,31.460860211127248
103.53625653798944,31.246517418454822
102.98475835924273,31.16411528297416
102.4629670019228,29.838425342913123
102.84935744604961,30.762003942953775
102.4782022282588,29.835575347352105
102.64823726094892,29.639811695821997
102.72612723128697,29.532734261173314
103.21285450855362,29.491770659889646
103.03042264369074,29.512210949302194
102.98619231279633,29.62599558040291
103.08017319603573,29.456075175263706
102.9927739091654,29.506836326387155
103.07389903208662,29.452125198616592
103.07389903208662,29.452125198616592
102.92885213325566,29.57848930486848
102.86296913956951,29.61141761492407
103.07356575710322,29.473727504866776
102.69759596258636,29.583550359659178
103.14357032550622,29.533393295862954
102.63129019601631,29.665439519799477
102.8217539013665,30.82271378231191
103.3318494361958,30.823686628176617
102.64464544626685,30.570023775308748
102.57093016914926,30.50214748944327
102.40267995765014,30.232628187335592
103.09353311941541,29.462616803983174
103.16891254349125,29.523531774869237
102.5678800974919,29.664033443328055
102.93301547406355,31.201648059136186
103.0532620077465,30.92717790416112
102.89150180755782,30.80361176014125
102.52693082972814,30.438752549013554
102.5234298565566,30.706966907605462
102.64134454743832,30.805188777875166
102.4910053146492,30.682317767485316
103.29869184369481,30.66387145043338
103.79427704513928,31.336433032966863
102.85180681782376,30.770428495160914
102.67513995845076,30.784034064325866
102.6557419320647,30.215462877042018
102.57451095976572,30.41745838013496
102.77922258270885,30.705538918292692
102.94492714355891,30.814090248601065
102.62439394707265,30.112414426403255
102.51355089878903,29.763963789797476
103.06539103265239,29.539362807520416
102.99486005057373,29.494200939326532
102.8375656731142,29.567522021973677
102.93265626474937,29.516625442632215
102.62981327548668,30.26435883215205
103.02534300159134,30.470480760144255
102.87389644005343,30.687111718845685
103.39406391628533,31.16433883731285
103.3939215795598,31.389237462841017
103.43477166512372,31.319231085528035
103.50597248860562,31.08474379732048
103.69454860314622,31.201557878435967
103.92399831381705,31.723016295163177
103.75681173550771,31.383163312836338
102.7213891984248,30.890682342762197
102.91410677726594,31.158126665125152
103.1358275571817,30.59082863149795
103.14587851767615,31.21787799029377
102.53621374297832,30.45890845937468
102.31560901002919,30.074900626193646
102.6427898415305,30.320093085992838
103.08303426143839,30.627276120154587
103.35821172719423,31.238285645948725
103.97182669302173,32.16725056143983
103.707434577428,31.9984178041576
104.13163730776066,32.324401576051855
104.84151370428667,32.79701733483212
104.16034092411041,32.599741553979456
104.6183295384856,32.767647843563275
104.25512090348018,32.05323778897922
104.24835336564644,32.909159175705845
104.65205740502101,32.73273841004658
104.00879873730925,32.64272488614469
104.08479325733147,31.892493828530014
103.74842120637894,31.460213703666025
103.79918935572455,31.3651557858205
103.08277670139661,31.016925502837356
102.75430001557939,30.767843614433307
102.43476100915942,30.31382888024345
103.47377953096414,30.87691472034999
103.02677575378638,30.63176254936718
103.23495452705774,30.67642713792188
102.83372424573969,29.53857115880434
102.52007906633264,29.651165452318004
102.95323859313088,29.654949677748476
103.13005998649622,29.44668164445546
103.18122942879221,29.480792273501443
103.15250951488599,29.526018897128186
103.12758501304563,29.458156304818115
103.09801188924983,29.482405186654077
102.39236471639414,29.757657505248257
102.83067249641904,30.899795531954492
103.4811132581487,30.8958536864161
103.00581661301884,30.44579325615958
102.94281305090941,29.520745076266525
102.86452992030476,29.54094862913712
102.93798307667326,30.36332083996568
103.43230492398273,30.862849094060675
103.21053960106047,30.856694739501897
103.26593564013046,30.648259113632516
102.57272069015137,30.752733204305006
102.58827996823418,30.747816290579536
103.03986093524438,30.687201438959498
102.86024589323341,30.870209646046344
102.60077113162788,30.69402445870231
102.84319641763233,30.830816654591764
102.82203400671642,30.624199912079373
102.50342478162172,30.27412176779852
102.45415756915722,29.983485810796182
102.58564492194758,29.919492110586557
102.52224862770646,30.2360809625177
102.50147965583774,29.74012571829293
102.35929868760492,30.01187719234412
102.5109822414979,30.221513450128818
102.99098781300471,30.776066977210697
103.06146474458698,31.22222278049306
102.69921696259587,30.76928176872393
102.7726916569042,30.842192832711763
102.9527793232876,31.024474231094995
103.3487286809992,31.330117440993146
102.78761765724333,30.737192172268212
102.63938784992759,30.80946902153981
103.06624223546048,30.425666675078947
102.83261357862756,30.839250691101437
103.16019596339478,31.30509648267351
102.96148548158949,30.48747009203187
102.54200790358522,30.73673249662197
102.99761970165561,30.880546154721706
103.44006554300209,30.853535330553015
102.69613134226303,30.555043347188075
103.17018735306507,30.499119270211462
102.54205337457252,30.49423074805762
102.59176882590668,30.11720148747996
102.50045230974409,29.782160755215987
102.23704714885133,28.95345771557965
102.33547988594401,29.089007869495433
102.3742904293313,29.01597735468475
102.4136677376942,29.02534765094956
102.39246048937557,29.106308867360564
102.36632272176121,28.927910419378485
102.3622124784997,28.99371995846414
102.4368989231668,28.92111757011613
102.4368989231668,28.92111757011613
102.4368989231668,28.92111757011613
102.34291612529827,29.076054416302913
102.39568327622479,29.130400431917533
102.20355505694626,29.02706769952458
102.28204288028608,28.976828091080712
102.39454229841972,28.989986988516122
102.367633578344,28.88589139135988
102.3937426812483,29.127499936286764
102.22061319834492,29.078838895170545
102.28530975940629,28.967997872100987
102.39975607903821,28.89870151638138
102.43885446782724,28.900511294720516
102.46040217504238,29.00523642636981
102.45426538472694,28.972038467041727
102.24708439896023,29.054791004638677
102.38588882179616,29.11547471173271
102.94468494136167,29.67464476888365
102.49851701278943,30.127728614831586
102.38505733922773,29.94890323736789
102.3235772974496,30.063316369886945
102.72096623734372,30.82416510340577
103.5592443377797,31.191604861675035
102.97891763347747,30.576202292505712
103.34915200206314,31.05749348868675
104.00756742791606,31.5028238098938
103.96914033743819,31.573415264703254
103.34241791177925,30.834718759630167
103.15197692253157,30.600749735327692
102.48642469198579,30.476505323491708
102.55564478452536,30.126624860796746
102.59721300914187,30.162109687098862
102.50222035503188,29.92515587495155
103.18074000170718,29.452550804839582
102.93930856996457,29.489272055411966
102.94330463112306,29.416204791276304
103.07336195335016,29.450310769736657
102.92870394205974,29.486971260561994
103.17790057344698,29.433557381196366
102.8926391439466,29.554831090010367
102.92268009336563,29.477191874764674
102.92887711102568,29.555956349011442
103.16523963690162,30.57971136448817
102.74888217037848,30.78651778250939
103.27604766003606,31.33693513858613
103.04950193199016,30.84296825359433
103.177165429218,31.013396342660553
103.18121585474935,31.14087537749929
102.88682631123139,30.889518458988974
103.67246151207637,31.266185647527127
103.32477657922361,31.015625603695813
103.12330799075139,30.457394917916876
103.39055841262397,31.129916503205372
102.69240095689092,30.343156698177694
102.7104311413374,29.917671502011597
102.53569746432035,29.91203929891944
102.81407529421251,30.78980646415564
102.96497479059518,30.990710981600802
103.11013850275457,30.60194544497837
102.59525267043473,30.8068265339643
102.59800241034246,30.19699215366741
103.42826232501727,31.325087181888534
103.34773139122622,31.19598418557155
103.20957942817044,30.972361866570438
103.30869536641256,31.095185237664953
102.50538757016666,30.24302194901032
102.49423646718624,30.150269606423542
102.36414193753576,30.16042627392723
102.57273621830593,30.18688518605419
102.69160040426978,30.244421167255922
102.38959214504668,29.954412744495784
102.56126164424495,30.516767871427838
102.9243845929559,30.647800153267863
102.73021128927948,30.2333324474921
102.80714503474083,30.722763691430796
103.19594691774384,30.61461426744692
103.22206758602107,31.120259122410665
103.07471517149396,30.833488487126925
102.62767130449521,30.47257716123812
102.98562552482146,30.936032384125674
103.0146275588521,31.022502138757712
103.09753174099603,30.916898240662473
102.59527349300342,30.637835381304573
102.4608397890793,30.446937937612837
102.52388957223843,30.378854976000422
102.37975722917314,30.033700997694
102.53039073808732,30.604564345223736
102.80110352257464,30.664203162248622
102.76532198386373,30.91053257063175
103.29606444879438,30.931691961277558
103.14064722618828,31.244732854698626
103.06152109108044,30.874048791215454
103.16025967305825,31.30095446672486
103.32315371918723,30.676699741998508
103.32678461147633,30.69035767128379
102.96974808077144,30.719561883042495
103.13349618000561,31.16890002646913
103.24312474882026,30.69978807512775
102.97311795461583,30.640611660284776
103.25393970712508,31.270618248514758
102.96842823427652,30.42914635712669
103.067246056529,30.541153844545686
102.7067668975109,30.291961615130045
102.6060424928722,30.45004306559042
102.53341190480577,30.14707514442658
102.52493310329504,30.296093252454394
102.5274708861172,30.629976010637073
102.57049755871125,30.103997898628673
103.30679867485865,30.94817308170934
102.94893465144547,30.42602237183532
102.60187536498944,30.769214942253665
102.57548837141687,30.175646103298828
102.53059003898272,30.256121751594875
102.66910969314536,30.580556699609843
102.97388942630015,31.096110891543493
102.52143383005523,30.229417582431537
102.55818597886474,30.46988131053276
102.59490266618988,30.535017537341975
102.79456337747163,30.7614146968704
102.37343438880096,30.153909507366812
102.69678701024598,29.590596901001557
102.5135855776565,30.075197143845536
102.48151407093114,30.46696132105083
102.47161756012746,30.290937088438618
102.93295766069494,30.380973619416558
102.49450093695918,30.692467716119403
102.98263700025946,30.659113080546028
103.13204631122873,31.06820649848214
103.47658795161391,31.41865360511015
103.31548029639592,30.888178307022496
103.78358679070892,31.28216401354515
104.15830016563315,32.51975007460079
104.02827445133885,32.28836139624066
104.01837951895887,32.52140083950696
103.88721747812535,32.457744978459374
103.94675577511163,31.601775073737024
104.1569447790281,31.6917960814231
103.86431559650309,31.803516028800082
103.4924900351433,30.89301396850289
103.04837927598967,31.064990121784703
103.96308009288343,31.899758358214648
104.09726019282114,32.87337329284515
104.17877581639479,32.57098802038123
103.9445005662947,32.79300999928576
104.71028699133694,32.46111540775008
105.21840483675791,32.61924954019119
104.5550848926218,32.61929119278142
104.58577636114336,32.658344443006655
104.70285323743433,32.767236787880755
104.8572950176624,32.55536210608559
103.97729822942796,32.90195535276943
104.10977458560454,33.14759991679563
103.82952865697973,32.56129081972958
104.17712625155826,32.36622918894116
103.9591578820996,32.38167628097888
103.93420561169086,32.35928568632606
104.38174124642654,32.30306728677458
104.82425796225483,32.801062273112
104.64577725311027,32.466803185153054
105.41616685423229,32.89117118797211
105.03419786046354,32.69261297886345
104.68254853185128,32.62333883826824
104.41748057873029,32.75361630004095
104.14717842304336,32.353857200946635
104.36305088455839,32.295848930172696
104.03746339207487,32.3749255082152
104.81975075822591,32.674496508722314
104.00945722854031,32.430641770096884
104.4901332006653,32.934948715487494
104.49573154410453,32.48867046419299
104.6179910080112,32.62515668727739
104.1175216374645,31.689797337277376
104.10464800031488,32.06150753971573
104.16274314672015,32.62489705407381
103.87851478219802,31.938975144494634
104.23565770791822,32.718607491055074
104.23058579931434,31.74347629982526
104.07732499251013,32.2133312534314
104.47678985703224,32.93884081236775
104.50720055806671,32.87010517403933
104.0721803017591,33.002235694193246
104.21317815279392,32.27425593497371
104.47810847975079,32.78511044095332
103.99881105999555,32.24728917734227
104.4236690495611,32.84703693618381
104.59058839753182,32.51599261694463
103.71690363605397,32.02095180639233
103.91797499360415,32.33191575513715
104.13270074476763,32.5257208950976
103.95922389777449,32.614042609081885
104.79105182502875,32.81012485535313
104.5105734844277,32.588042834927954
104.29978693748575,32.741231940755114
104.20148544575795,32.16432563789068
103.9715336756585,32.33319770148637
104.17169531901128,31.734794487576885
104.37777251789238,32.700469458779864
105.16268165037302,32.58698666307476
105.45214089364558,32.805478039901914
104.71727812943129,32.482022824730784
105.21568760679723,32.81286626536796
105.5237160248369,32.919750711805904
103.9899141279154,32.54941400634446
104.07230866657252,32.42498788798028
104.3550988788212,32.07740498481688
103.94998325142546,32.67145529156407
104.20438750400534,32.962226338972805
105.34482690746631,32.6975665665928
104.48306984469058,32.664665010088925
104.93212614298334,32.628760532027066
105.18696212855218,32.66805476213428
105.29869798066444,32.94649261007875
105.23388552395713,32.83823515487656
105.58676336711935,32.84277829554144
105.01420497561706,32.6482008665457
104.63027936661213,32.58412682797142
104.11325014093282,33.00382928200031
104.13694127551483,32.71584166430509
103.93904134840014,32.85702952758853
104.44650195220866,32.68516419899194
104.16058577401999,32.94101696581596
104.05282914493817,32.26789334535709
104.35844183576725,32.74655522131728
104.14208402848074,33.077855688954706
104.38221098838251,32.602813645810386
104.10711554975488,33.043945311820984
103.90980898755572,32.90526524385867
104.46247364886071,32.61171844914977
105.2241784407357,32.68123140808024
105.33260642552004,32.65635221195244
103.9076935579287,32.68095131755282
104.13339221162516,32.98625767347145
104.47646423724056,32.500158978690294
105.0953453626907,32.92338102027922
105.17799525186707,32.82052966750893
104.10647879704888,32.566272685541286
104.44825509335658,32.059422077403475
104.10581143464161,32.32293695923288
104.11373507053484,32.32077003591174
103.88742796331925,32.30090352989981
104.37834974579697,32.84024219895419
103.88599876599066,32.08096948569672
104.3360658472448,32.87618575158234
103.98841209579442,32.618448207852246
103.83876329764114,32.60034645959047
104.60079287783238,32.43124960889721
103.96747240526103,32.9129379764181
104.66085231375921,32.82113154616352
105.01816441018433,32.686238414495854
105.25999950044924,32.67539179945733
104.43281409134181,32.53393146774392
104.21169658195622,32.713828538567896
104.69599725003287,32.586069317617145
105.31565311364251,32.63523112293807
105.23971243453528,32.70639512438543
105.24747413073763,32.911728553938964
104.9747378034057,32.56992930143867
104.3144576119477,32.274753335547125
104.1077342852681,32.378485647978366
103.91039215397055,32.467822472411996
103.98359375819247,32.89824128090417
103.93010808169022,32.751265391947065
104.09119862950533,32.97923682511527
103.8298848216096,32.244407054717314
103.73879481901245,32.01584175767752
104.5953380264328,32.49795874053429
104.18142930039448,32.67831054240212
105.07163333955012,32.56426293117537
105.30991866330548,33.0067697426112
105.27071688783016,32.705608544359606
104.03344949609655,32.6557609761379
104.13869989926854,32.211358346718264
103.36227248353906,31.136623314590246
103.122428026629,30.801441114948013
102.60696651845574,30.42387491497068
102.73101974891163,30.678646381671463
103.24780898395352,30.64068600518889
103.14671582058354,31.114740562875188
103.26574839804432,30.96605022695254
103.61936023593108,31.23547430988554
104.20092607356881,31.680046036694623
103.87860124111563,31.81656199301304
104.07370501775117,31.64508633662224
104.03630054819402,31.83125147968014
103.828316235641,31.90695539696423
104.23654205497142,32.15704300661336
104.1413677123336,32.30665494901434
104.04600955376263,32.677783457820865
104.32262788595843,32.82001288961522
103.95262690801671,32.32752849584576
104.28578286813291,32.78672567636679
103.6881454814409,32.02142459245088
104.02375292577,32.36222128444619
104.24492925441574,32.915050489370806
103.86923338278137,31.962451514292212
104.43152599651242,32.31466143507164
104.23225883822998,32.9074717919037
104.46170986539367,32.55790651236379
104.25841343490444,32.968894637399146
104.70965981501651,32.609425673854254
104.5522658934983,32.64957283613434
104.55946065183358,32.86859565218031
104.63852004916535,32.79153088571052
104.01457910926052,32.971298284239936
104.93717053489937,32.66883443814029
104.13038927742508,32.44994747489636
104.29092852547295,32.82431266837254
104.3722485182068,32.519805202928865
104.25306668520763,32.9901951867222
105.08239658355237,32.61043514604673
105.25623086066152,32.99305025933664
104.43036366294257,32.49686497788661
104.07190416036156,32.84028728226086
104.23207628881407,32.79353036258446
103.98699074460569,32.25312346797703
104.09099529596388,32.62678091011204
103.63825701519251,31.208288193300643
103.35816068753134,31.27690956654279
103.22152123763921,31.18536194851409
102.98542194723449,30.799937066799984
102.85489711610354,30.74867431341162
102.70751633213877,30.197595193220295
102.6441470046785,30.5990084674326
102.82287457494662,30.61618293976082
103.21102051297004,30.831575684316665
103.39215296428695,31.23228700637541
103.03197523256576,30.851774165454394
103.03343133381675,31.073094479511013
103.12535437606972,31.006478811292883
103.23164161487153,31.245572792342298
103.34640053192365,30.837983245753318
102.61229823993651,30.408826714121044
103.16990482087243,30.868480063903483
103.22675638392047,31.301551830942877
103.15816503830995,31.2016446973717
103.78709168970484,31.80746542959622
103.84256984044372,31.31560247532816
104.14128045294787,31.712699594382926
103.9606869870347,31.605740768794213
103.91209292098043,31.49666593453022
103.79819558044251,31.326477430781125
103.27145866566384,31.38073435120958
103.60868291107653,31.28199579463266
104.02473154147613,32.30595046801596
104.06864635386891,33.10903091345032
104.37206183489154,32.88243471649872
104.49303240601932,32.53955060660083
104.86037713742377,32.745469459715416
104.6851778947499,32.73298795695439
104.21207491792366,32.27024351445435
103.87868201332557,32.21185568634591
104.21290432984934,32.157878388977785
104.03118251396063,32.069145556971705
104.19475688198224,32.99441086404756
104.20447587442551,33.05423551650767
104.2396672903174,32.85360249816514
103.95899574991212,32.72290568550246
104.31012387446988,32.530204348299485
104.05511774320225,33.05155487564174
104.43270046037003,32.47764550622419
103.92075675553043,32.09965243209172
104.0581556478369,31.740889467989977
103.82482425538603,31.797595208022468
103.75036290259148,31.36954896930271
103.96387539953876,31.5248945114542
104.16404894174453,32.86283425306202
103.94698124764345,32.86241740312766
104.71172148321241,32.622592098916876
105.35378363498613,32.835669908478714
105.38568568772216,32.83763247519572
105.37094910320789,32.926151531184566
104.98170819879024,32.592133358679845
104.76001395749319,32.58833124401391
104.12159521297758,33.06397659773661
105.13917046910993,32.69511668626779
105.53561190081416,32.79081215192963
105.52030083541266,32.88768756954974
104.86890559199242,32.64119269154755
104.08237728029574,32.142937875908224
104.28762543041454,32.54014311798734
104.11628967371176,32.704577420360515
104.15565897694636,32.237819484812015
104.09933364792363,32.966897853525886
104.00279224921249,32.780336852016895
103.82909002604475,31.607703253957002
103.30337797914999,31.30208575507942
103.38183766086551,31.069567884559213
102.64453540870197,30.357555526864818
103.54828474418224,31.237843270482962
102.96396741331273,30.88223513019095
102.83552347992855,30.86307360887609
103.09146947357044,30.769017139011115
102.6989997433047,30.582532680162977
102.49022290058069,30.49919719885652
102.45483699505297,30.066443297302573
102.36025800815658,30.076725474010882
102.64796920792888,30.29706871352201
102.57072151454238,30.77677843280167
102.96012757333136,30.58188778642591
103.31295067928004,31.21246164211857
103.35843030908413,31.150232603436372
103.96489185275995,32.07518988811328
104.0622243728151,32.616939799428
102.93783849355233,31.156858817811134
102.6307177916314,30.69250879316746
102.60862351167009,30.207367897199155
102.49387431867054,30.257467464180333
102.29640495108511,30.065581343516715
102.70043146211064,30.275845318288955
103.47235413013438,30.85600370648851
103.31177669600436,31.333955962587655
103.260295949329,31.107992113986192
102.99311123753398,30.71473587339534
102.74150672121061,30.715083764933773
102.61070616462099,29.92610159797299
103.15848228160957,29.51409654279744
103.15848228160957,29.51409654279744
102.99347194356676,29.450486800425136
102.80924689438835,29.599568032447134
102.89740992448743,29.47918328100361
102.55600839443925,29.891259274965922
102.63610748901279,30.32105162676676
102.6012025945413,30.25837801537839
103.32307237750162,30.98901946556429
103.0131922170121,30.900021271887535
103.73714939722599,31.466973889551042
104.08443738690256,32.03544154004386
104.0622958367491,32.07153621242624
103.86588047671464,32.317198891658734
104.03640781211539,32.29422573280443
103.8891343103707,32.22683084009688
103.98290950679865,32.79876948284144
104.4537933725981,32.7919032250097
104.38457234654521,32.62928919023556
104.25621023283138,32.64070650772768
104.83135001351835,32.581398866074124
104.72528149415498,32.596672747723915
105.0651230532782,32.64399011867661
104.18832227942055,32.2584749821168
104.09890800283743,32.91114742450848
104.7026203457738,32.44548012347269
104.08230193516236,32.58171864620385
104.10927392603823,32.42286179723482
104.31022352345062,32.85375823383036
104.48392177555593,32.66898551304465
105.22481701260338,32.80905517916313
105.32622966522788,32.70228841523499
104.78766836275166,32.52173863839091
105.31148037688234,32.74271607759129
105.30343133347847,32.78387321941316
105.14453158317733,32.62801002774048
105.09793817359288,32.94968420743061
105.24211322070893,32.892126916804216
105.37882502359636,32.860223725404886
104.99464720782655,32.64812697260773
104.20873002643758,32.994001644160626
104.21355790759486,32.95008721894629
104.11299626246876,33.12352468099529
104.02993890108114,32.8174079434024
104.36829877917094,32.620934105966754
104.53232977710617,32.66057246490289
104.60802758051989,32.68058457379119
104.06533737011846,32.25809473870495
104.31940050273205,31.770181383977064
103.95660846238083,31.935011556983063
103.89772807425669,32.46147558968774
104.16757869614374,32.54619620958462
104.18402959104034,33.02485782995501
104.00675918450911,32.596655565017265
104.3753984829159,32.660611804366404
103.8404050146515,32.649371862584154
103.93011096200328,32.25444724646582
104.29795390941835,32.17676641842524
103.77503384122546,31.9195017878551
104.04812607245297,31.45763800129147
104.0667156942642,32.23970056020106
104.71264235140417,32.64580163015939
104.97628239565698,32.71046771404141
105.08575861346374,32.65138543077666
104.06837864960492,33.10766353624722
103.94925912644544,32.8412232014655
104.8996242445483,32.563940894782206
105.11690206995613,32.61688701300046
104.31130348575181,32.59449229429807
104.10472684568641,32.420077991419745
103.871183192049,32.24760835725086
104.34053796802635,32.18094379530487
104.42198023273767,32.64453190648112
104.15655809598103,32.5213680636883
104.04703785866135,32.83531396310522
104.0601389034749,31.453556007053866
103.35726345273743,31.160517721163444
104.03530068977322,31.550342600927415
103.98153172305423,32.70512592400903
104.3437332971991,32.12659323441011
103.84483782172913,31.533439678647802
103.80592681894558,32.32652711888292
103.93974260012781,32.30914211679574
105.23831511472407,32.90090639188278
105.27180331752191,32.88419485288922
105.44905675917086,32.78094367905163
104.65640146702107,32.495451110277415
104.14233614484526,32.89822368867708
103.99900400685793,32.36836838358655
104.37133493605337,32.555263242474645
104.71654914855918,32.576456829420366
104.37593611292911,32.55480392224945
104.42859087806508,32.60971426805458
103.94633665450881,31.949017870568955
104.02717358566476,32.109263768799714
104.38378513598099,32.838611260937945
104.46944409305061,32.1160567312484
104.21788103855239,32.879909734690806
103.99088261156453,31.64976548451604
103.63485373192063,31.33929948957593
104.01045662216913,31.66701040142953
103.88677588982493,31.644636209488674
104.02947769951409,31.693165449540693
103.92532438214165,31.778701816449594
104.18589070507075,32.73262626155138
104.42800949356948,32.541602880004
103.74256534350168,31.916394539995498
103.81092820355994,31.408287694948534
103.87144268227253,31.349900837103103
103.94759629761472,31.812798018344814
104.21649609535964,32.26074384711282
104.20560535717249,32.95714372746905
104.28389287389078,32.566420263901136
104.01569135131628,32.123166209800125
103.91283393722686,31.472742966438762
103.94422155082391,31.971039444843203
104.0672158970772,32.04732951435237
104.05715923955327,31.882429428919387
104.03277380310226,31.845153327946115
104.19705629613878,32.35839105898632
104.34653525566594,32.653365703979695
103.95831129381051,32.63615047788686
103.88934101344755,32.65764941903545
104.36117950631072,32.1257421741744
103.88218936070406,32.610343632757655
104.10685462166597,32.92539966091392
104.27643256014315,32.84306563546331
104.34387180268602,32.62348423471128
104.08709909736679,32.962389783538775
104.15455533421485,32.37115999547163
104.11318435698162,31.72608081409312
104.44195230652643,32.491513061605296
104.44848402815566,32.71563696862841
104.83729713819424,32.67822541705347
104.00646020985054,32.57508383651307
104.05483539448998,32.70213158477842
104.36092678584613,32.81896898255613
104.03663349543665,32.88273860913753
104.24938211323447,32.22466753484432
104.02702729410241,32.93337989536714
103.9162047912711,32.31036558328892
104.01978846089975,32.160311580011474
104.48070302271259,32.84295354270426
105.02156894201764,32.56901314231718
103.9134073543806,32.84653268723273
105.27942740744462,32.63064409432914
104.15965706809675,32.65804275402522
104.18653960099985,32.859242897027556
104.53858543544355,32.616883662950976
104.6652493660106,32.73901608160516
104.13112719955592,32.43202669706598
103.88945106162836,31.77556696247605
103.7073819703562,31.376498351920436
103.78541178123457,31.37151551874528
103.86470021397197,31.475400947040526
103.38058330131064,31.187664125459957
103.09438248376453,30.962668201061682
103.02833211828558,30.52037553640728
102.9292255528777,30.945667162786034
103.25184629371292,30.957267564817514
102.78746946629393,30.660354745104055
102.7346429881761,30.900697051565416
102.62030007882689,30.456949281832816
102.93774011238733,30.70429443272395
102.87645193617848,30.84401962799317
103.04300491667234,30.496938378339603
102.58950261142485,30.600097530726384
102.6149476820075,30.15832801518647
102.36886398037765,30.174914374125972
102.73066054324272,30.23993522201356
103.01131869561196,30.772059889256816
103.80459071233551,31.290582434204385
103.9302021008984,31.6228232443096
103.95829135401769,31.65059145576374
104.28171178189933,31.752252995849403
104.18778382135633,32.766331823620355
104.12463182957255,32.88098807500448
104.4701475198148,32.58676395496305
105.24992146319262,32.612021254543215
104.38719603107766,32.650111280659466
104.69761881292251,32.635692780491134
104.86079343921713,32.766390178980906
105.16587626752484,32.59055038053385
105.00215921760244,32.6577281335948
104.76653891124549,32.78351370252885
104.82991973652375,32.622935262995206
104.70820506398212,32.71870387967339
104.57157495706677,32.725574874425625
105.40849924719505,33.152166268424935
105.4157406342218,32.84747948851684
105.3217462110824,32.700032878069386
105.5364346100138,32.88550085484442
105.41486752937126,32.77555436863407
104.1310739628625,32.194436340433185
104.05161719792828,31.427871204769538
103.7242406754176,31.883386894000793
104.35456281520916,32.57370476458701
104.04212524722837,32.96012328372202
105.43466326834624,32.948225677614204
105.35735709125622,32.655514623830165
105.56591794957022,32.874673271938995
105.42308469607957,32.75779356308566
105.52342859965249,33.06303006116476
105.26671556118583,32.852465687061375
104.80181758430159,32.80482187180779
104.32949841590599,32.635776272894375
104.68390788872087,32.817099271995566
104.8485901378447,32.55321773433744
104.39009686675772,32.61257817958238
104.21180943097116,32.99644975778209
104.12129913357009,33.17097787232308
104.54827760757738,32.7623031641792
104.79092912839175,32.59726838939289
105.09055644137878,32.568943082713695
104.30219280642899,33.00257380467117
103.87580977267606,32.67612724338428
104.05423387837175,31.60208229332414
103.90423078059386,31.610545988754353
103.86485070220476,31.517092867385866
103.8054673268764,31.88140157425067
103.69949491936633,31.94423201311805
103.98342883409202,32.05318652120745
104.81136346616098,32.66663528158878
104.09714838858658,32.48365913405394
104.17527827105401,32.87461264676322
104.52957682540388,32.68967784155567
104.97383849935036,32.540288215687816
105.50148921417788,33.11809936576757
105.40619348708307,33.02603518208223
105.41725840900219,33.09146049773496
105.16110808797688,32.69785750161023
104.90761338755338,32.53529261230387
105.42429258745096,32.778172026127415
105.29595250947568,32.69153833183799
105.42649607165013,32.93351708972368
105.39202179942292,32.89339853127153
105.23773544395347,32.60076382173071
105.01208795888633,32.5552815654158
105.16735019183025,32.87672913833456
105.21031292639343,32.60625728234975
105.00696529750599,32.612074587565395
104.02372334730906,32.82780362017641
105.0496720351231,32.62870432695078
104.72559926326578,32.650116095369015
105.6366564063316,32.972567668662855
104.3261851495496,32.72125979927618
104.60548675692979,32.77134430472661
104.0767116590291,32.90834117185508
104.4916311071206,32.78536883696142
105.34633644216342,33.02337625496645
105.31289006210494,32.82807789941856
105.39773437971465,33.156056953560025
105.33223486022007,32.6863901330333
105.32080810837986,32.93978562867992
105.1729830995315,32.84233771026463
104.71374684583449,32.59379121875362
104.22606240882727,32.564750645005304
104.40557662079233,32.56726945164482
104.09799621976047,32.827582328843
104.18357149492864,32.84641213934275
104.28686645470229,33.01186218963531
104.52722278282518,32.684687887233686
104.13449457032699,32.719250084017375
104.19834642677468,33.08224461772536
104.09495314810815,32.586017616315615
103.9053953037794,32.03159221515543
103.92194102796921,31.923615134047566
103.96705273538002,31.805338226319993
103.70181510701323,32.04582970370805
104.02696524883426,31.52393275115128
103.34730802603215,30.83592251878204
103.16604953423659,31.223149840968144
103.2888184077097,30.766921091089735
103.99337502680146,31.979908814597003
104.17038617629552,31.728810021333103
103.71174909921929,31.943662039828567
103.8302187166927,32.32137846926739
103.83065693229739,31.89470964580679
103.81979024716071,32.07274262866958
104.56933927809229,32.793401811521534
104.0891280647158,32.763495160121174
104.07426422222686,33.191981408145956
104.07482291840516,31.845204434417717
104.4041690455407,32.56173942407802
104.00413970837043,33.079122302264025
103.9143433016941,32.71980998522056
104.57094430162778,32.62626159062738
105.53863053825599,32.78505728876283
105.47961242918359,33.12005943013401
105.32331067257596,32.724375858247704
105.3719221939459,32.96923249224513
105.15496646121214,32.82374423734213
105.27872967375794,32.73689940350929
105.45856261797165,33.0447743627619
105.17530083762828,32.82890759671592
105.37229292642813,32.98739221498705
103.93505901362768,32.7751216856608
104.87053965418501,32.57089302081447
105.1042322427139,32.929599512952585
105.2388410272043,32.60356838320126
105.23270227525238,32.63364670455134
104.8792956748955,32.76838455177896
104.04614961441378,32.58252048325305
104.28409957512571,32.76975634858459
104.06027311455505,33.13532418865081
104.00976359473675,32.856873185483686
104.07865830198322,32.80613556356317
103.91424472759438,32.610508701352806
104.16271917975314,32.964028575928324
104.48804288017739,32.762168814361395
105.02353338790222,32.64234074058077
105.15081435244399,32.92740048044052
104.81379891203726,32.59022331155291
104.50756702173453,32.50978875634647
104.31652841168429,32.208873352334045
104.16305303287707,32.670179556769256
104.27608290876564,32.67806962434619
104.51107385286771,32.537880513286666
103.8612282499686,32.59001900900423
104.11562408913971,33.059447358029715
104.03473626356678,31.57661374603045
104.09852838475136,31.757355732968364
103.79234069664881,32.031353862353
104.14459492363183,32.41889073623701
104.23147744230317,32.726983652082794
104.5980266843036,32.44532895582059
104.1117047390115,33.11455423948411
104.11034515072612,33.08409492284301
104.99125295895642,32.5687832006444
104.5691261598749,32.86516426768703
104.27752810093355,32.530315185353956
104.36934078535407,32.68806751933825
103.98923706430013,32.314184044676225
104.02951834791222,32.67324791603993
103.90610002881978,32.068828205294054
104.10529760189553,32.64367423347564
104.65685470188839,32.74083518931736
104.14856838151636,32.923122985979546
104.21082570679266,32.20457794599085
103.97583788029577,31.862495727624133
104.09018444950722,32.89619970704691
104.40486368877224,32.79329526463314
104.98936052463115,32.72765415919963
104.96541089809281,32.72526095098759
104.1852176428427,32.30920445044021
104.41960420377399,32.94368715505629
104.58442465906394,32.758020960120035
104.03814965226839,33.108954583892626
104.607845290234,32.58478465382497
104.77896140536299,32.726609106540444
104.85678120770118,32.64916312790411
104.40781436296014,32.6814672261293
104.13260959348426,32.712394903232344
103.7659697884548,31.85043222136315
104.07332875356778,32.357308506660864
104.0265217663529,32.1418486021961
103.92383917865095,31.603636032099214
103.15043321454604,31.197022054946206
103.15928127799987,31.283210187709283
103.44999200958932,30.862062838704144
103.22623141238633,31.272635417492054
103.83618476744961,32.4626573080885
103.99645860618006,33.06063093816145
104.26598920080205,32.85414436081819
103.98999532735115,32.74950891716188
103.86203687122422,32.30331101326665
104.03284830784675,32.398794761862625
105.11076744974116,32.9379765192905
104.96441630048811,32.62248545424161
104.85980860292801,32.56403335239886
104.719466836795,32.80332976883296
104.68235580581987,32.68590778963925
104.32499257501314,32.65072282876188
104.02115539244865,31.925553667091794
104.18978862809962,32.5820061397374
104.4249147067758,32.588159124700624
103.72215554402901,32.05764189239597
104.18324415665356,31.78249677379597
104.08689219220511,31.60182015277549
103.88471666107883,32.08626242565566
103.9669485356694,32.014962824640776
104.38467179478899,32.66314827382837
103.96726773684958,32.52330893023708
103.91556675451892,32.38513537065809
104.8936889086824,32.63580556698147
105.01747867160988,32.739998062118055
105.28358015346934,32.97681588913615
105.15777408882889,32.72079879439766
104.49508399475452,32.77826588236609
105.42204873106287,32.9514239936466
105.3165234436987,32.84202147899155
105.14704483285122,32.92343487557226
105.32309003863215,32.635384170113426
104.58028798247382,32.4310480711259
104.65735568777781,32.8605813923722
103.95468885103838,32.50326204276954
103.96862741071722,32.79437803880755
104.16741800832854,32.96124990229894
104.66887879667821,32.74548949293482
104.32944843074603,32.70167455546395
104.31317018476547,32.10465138788592
104.14590549951838,33.02780611803124
104.02716190559805,32.49935915025506
103.69859871663914,32.0493456411515
103.88421614805338,32.69524076913799
104.07311153087798,32.46167817624727
104.06451760855279,32.09316209433868
103.95060859233651,31.671753749216432
103.86132825507714,31.33059087454525
103.18496460308403,31.15594192909292
102.7406987097987,30.749227304684926
103.39772422779433,30.845581225763
103.33994314527312,31.047734993873743
102.63614805000103,30.162848166757577
102.66222473488925,30.693292447633137
102.5317297991917,30.556384184879587
102.94809245777518,30.79761109844805
103.40891580120703,30.86610300195899
103.65336460971537,31.153091518750443
103.98458015006781,31.84762423926672
103.85379113963444,31.478389534553738
104.1465185330254,31.630950315421998
103.99052853637646,31.623119804841522
103.90903367997183,32.264350047622855
104.00875945938164,32.56451779808341
104.21667369588454,32.31202024016863
103.99530990260679,32.77244005587491
104.54539387912318,32.6348178267116
104.04490446675165,32.83199001767038
104.46418760735776,32.809902902376635
104.39937727121868,32.71990829603651
104.93460492517174,32.59632175696089
104.74991004079163,32.74985617564957
104.69444776796223,32.52485879415072
104.91116646543088,32.75842485828236
104.1482113367342,32.96564739513338
104.53375331006946,32.73443811614962
104.13286013663587,33.150054113767546
104.15155548256188,32.737975223672045
104.13156810725002,33.01075470608466
104.30218809362377,32.98285558633732
104.382446390724,32.78289665035721
104.29660201059701,32.780966164475025
103.8439321796757,32.59096237050834
103.99032849242569,32.38163632178005
104.73653279793746,32.49533994704386
105.10207728772409,32.57931040177017
104.89269295181032,32.75443176925477
105.5703468934189,32.88620560624343
104.58344055895279,32.45392229866018
104.60106371254093,32.87955175724892
104.58720906931225,32.80840746899069
104.38848533486667,32.71557083341053
104.10951482099605,32.92546083839644
105.06154522436461,32.57323109219745
104.07550321231194,32.652566859353136
104.50228823746211,32.74203607403054
104.30573453263007,32.153333382429025
104.20952048087072,32.31063003731663
104.45047800327723,32.80252539035869
104.5714484095744,32.45409260210235
103.98111236801998,32.738341984236946
104.20790414200975,32.59666523130952
104.09786360387666,32.83295474244247
104.43224681366617,32.691790905546746
104.21916901424832,32.84234537185899
104.14484225218692,32.814846122594396
104.22510289874958,32.983680874671634
104.21532504865317,32.946375029448895
104.44597533248101,32.94826342866167
104.63217353649634,32.624696472015025
104.33097561074129,32.999564637185
103.90785568282051,32.905434122426094
104.10148834602282,32.32055340273338
104.07645597199924,32.606501832302875
105.33671130064073,32.6383609446745
104.63017706751943,32.44797884756475
103.99961005402608,33.05667878393438
104.49357081211579,32.765875154317605
105.32064038427951,32.982863309844504
105.40025500085027,32.82920338606121
105.25189006282629,32.93654739599964
105.27487033065009,32.78533758537995
104.90462845399679,32.644051436340206
105.5432747601839,32.86938527734225
105.56254097610646,32.93521432763764
105.19003724300092,32.92071738106887
105.57710027018835,32.89033582795816
105.53939804022721,32.92961435843275
105.3179855610899,32.95635097880758
105.24015593221066,32.939135129404534
104.84464989528954,32.7332725918813
104.6953087724695,32.559349716123606
104.82680557436174,32.509921287770524
104.38728537167826,32.58143852578097
104.36267305919506,32.57331144316932
103.944755306488,32.73535124144725
104.12952500039236,32.34696156300705
104.05848420529203,32.314343216578315
104.74107559863604,32.61207544987044
104.38086555691136,32.29390964621033
104.14687697342367,33.03589979969415
104.25410305333281,32.760535510622084
104.2683866467512,32.96758742782277
104.31165665240393,32.26126401864224
104.47281627221548,32.84472409491307
104.02291287618235,32.52141983431244
105.53022105693245,32.752322811392304
104.64507509073779,32.83253966536148
104.29941146673085,32.86056104284681
103.83376359390488,32.59879623253672
104.55363982324666,32.5678885401724
104.16407511809982,32.186786833743035
104.15014353051427,32.788901111136155
104.14691059236385,33.04448264697536
105.52197548397422,32.760545849579806
105.06134617768541,32.57304809632165
104.8608718351223,32.75350754003025
103.91745596303026,31.932597996016966
103.19638858154418,30.91863965251418
103.1383359512507,31.01993575454555
103.75595297373125,31.423503975543547
103.82192680720446,31.36076969710173
104.24369849872348,31.730071564693034
103.74069829929178,32.13943793005781
104.34514001092396,32.56530323583071
104.49176417009602,32.806773099653654
104.7329735646719,32.46058245497932
104.10380200825423,32.52543182161262
103.80493421204675,32.58058073582027
104.20860842146473,33.0431119502885
103.92703276371323,31.990536460588203
104.35160863158892,32.06369412636524
103.97920567525033,31.697784360927045
104.2296543602015,32.14563624018635
103.95318454246335,31.835056815767775
103.81469427286186,31.805134473669828
103.99196720078713,32.06216796912961
103.85996427947066,31.419068341924998
104.04650536024145,31.417004483523538
104.0018958733467,31.469335153992116
104.09276847040587,33.14177511534142
103.85734873747856,32.52820348079086
104.16068119054651,32.29561453446928
103.99298376538583,32.614248483838985
103.99460167044964,31.857212189940046
105.58126183045921,32.83561916695281
105.28823366675108,32.885615011051456
105.20892104776276,32.94245138923992
105.57591836733086,32.893588632895096
105.09627595306351,32.70017892067123
104.22649236443812,32.91283471734882
104.12209618963448,33.05563340526346
104.2631155706098,32.78544579903381
104.20672347818741,32.23257707834957
104.15521693001043,32.88255090289949
104.27073193310768,33.01294091806416
104.52259978327955,32.64048878427957
104.2199639494842,32.30269530651047
104.25646910018033,32.230647810898574
103.9862720259429,32.19219093739072
103.8576560502435,31.60594352256062
103.83006129786598,31.374794167287796
104.22057797827611,31.726821402547355
104.28613144144302,31.75543290023007
104.15530265925126,31.722423049187178
103.8769195372715,32.33277079281713
104.18382700596108,32.83635874169547
103.96064649946196,32.94328142233598
104.12495372103419,32.454427103152504
104.52570655083487,32.769277953112955
103.82465563071551,32.42754280687619
104.15599246268985,32.849204111023994
104.42520694515123,32.717538497315935
104.64545372660491,32.458665723223135
103.76832739847903,31.942238537169974
103.79687649033106,31.500866954767567
102.60098349977247,30.731378418814515
103.18634880930551,30.813736295724954
103.06174351907198,30.953412945784258
102.9752056234953,31.1567738988904
103.35049503454667,31.187897320163998
102.51457976162435,30.797200557356977
102.61444761851354,30.088576555447244
102.73305297147446,29.597778166354114
102.29821986440687,30.02031229575374
102.57938375638788,30.717611185072766
102.79461522751106,30.45774479740591
102.87036464698913,29.563340169061288
103.16967350904785,29.53297807465885
102.78598425258582,30.440844377263737
102.41480535230825,30.310626288944732
102.51679511383233,30.358997828106336
102.52607154898956,29.909404437768814
102.47353742287633,30.125181260600254
102.30028972253497,30.044338739806715
102.45813184140734,29.976554447102945
102.42162564814073,30.46444828414909
102.52784199199019,29.875688427367344
102.7375795588346,30.377121619941533
102.9528963223695,30.58407690069741
103.30192660321205,30.629067440859732
103.5122641107595,30.971658144963747
103.01199525584357,31.190643149382907
102.45710601009267,30.537087655689927
102.65511348148259,29.961118933717156
102.62136372289882,30.42821151228035
103.39870939091253,31.32231299654771
102.53036232323913,30.23471415948849
102.44800566016107,30.008486107343675
103.02745732597548,29.518408970982616
102.60274911283518,29.861563932298385
102.39367337599431,29.79465968215467
102.33714425277807,30.067502517767096
103.06869155914755,30.513475138273062
102.8537903809263,30.42030961391768
102.62333674448597,30.738581915339616
103.30847305751661,30.95348340494463
103.05609458799829,30.68208529606138
102.67593185057929,30.488036781768837
102.3610971739622,30.05499704545211
102.95419493067789,30.657332135225097
102.5212802245808,30.428530601317046
102.7624689711641,30.788117644688764
103.34475373460853,31.050783338451982
103.05596005368595,30.499609155647832
102.97370612139832,30.62312712758335
102.64159022985022,29.940754247902824
103.092938863684,29.470523030427486
102.47942165947912,29.71861786567044
102.75715940595263,30.63247498875485
103.17881407811849,30.721447766361926
103.13768328978432,30.94981916519756
102.92725432304503,31.18249117191654
102.59968784112627,30.31060406038857
102.42116891101163,30.458966146181787
102.73799034493548,30.588654633359184
102.69872024245268,30.657235357509347
102.63151717748038,29.94981340548718
102.61326826667516,30.269581193828547
102.3614509062487,30.093184183856717
102.6122838564221,30.476150040678935
103.13174833448204,30.894851895001707
102.57054110209494,30.726854715380053
102.82047143278481,30.571229412913574
102.61932830255783,30.627903662922254
102.7157612640222,30.6442996706738
102.50766605188875,30.656136575831077
102.62017320849314,30.606743182478
102.94800678367046,30.867631374555874
102.48311134558625,30.085157750243066
102.35840271636418,29.837698955058425
103.07893795037326,29.555023307643882
102.8383899837844,29.549501022188895
102.69689978377947,29.717727164676738
102.80916113276764,29.590107275073052
102.65853197051419,30.104627078776737
102.45849795685295,30.329840433037113
102.7030048709793,29.668263122530284
102.46620017950599,30.156063462303155
102.46593734769499,30.374767004205758
102.46526464076219,30.145293250046198
102.41143148942082,29.85192758159933
102.44688873717968,29.887188556059634
102.62313190569428,29.665809173664506
103.17874803864002,29.438203482045825
102.74265172011488,29.62441149608372
102.71142788986788,29.578635592040058
102.79123188464443,29.585834589646506
102.44864512829668,29.731580128566076
102.714409039533,29.62216750865101
102.776723744566,29.532644801764363
103.01950619702151,29.468777691825608
102.92639354164261,29.570441247610116
103.01517222088256,29.45605184926483
102.81076489630124,29.525965904333138
102.98566157922141,29.462654326483353
103.03232918107263,29.541967820691422
102.95923902152045,29.684289748353084
102.95923902152045,29.684289748353084
103.16808981813732,29.478521895360377
102.69537615855116,29.702862151736383
102.35924549553815,30.196656999315355
102.66606691021477,30.839268789836407
102.3782209697529,30.182033807889844
102.6747428840808,30.23425335170899
102.5475072083235,29.707653979851642
102.3649128030693,30.19483230220886
102.49844450799363,30.104324075951162
103.08391296778946,31.055449680101603
102.80522754068728,30.88500631526513
102.51157460023843,30.104455069672465
102.46288383021086,29.922182579895946
102.35323258285023,29.8247013795751
102.74376484406258,29.635602962242388
103.08109724480825,29.48825804067538
102.99423637373427,29.618327960687836
102.50737084686666,29.713740800315776
102.84961865852006,29.52142479979991
102.36701955676625,28.885810762917185
102.36701955676625,28.885810762917185
102.4898474363278,29.035120969794704
102.25724720441018,28.99626593220219
102.41411154002515,28.917034812847593
102.40695611700102,29.13836045243702
102.21743690352005,29.038074962437406
102.38969111304348,29.127193912583536
102.38969111304348,29.127193912583536
102.41483572639456,29.10219286177895
102.36277947402124,28.869706698201366
102.19385308118397,29.00910379043616
102.25493588527858,29.07300305178217
102.36879045399604,29.1099206678009
102.45189924840551,29.06123283423475
102.45189924840551,29.06123283423475
102.34446552879068,28.959446504585284
102.45984173413014,28.980112497786234
102.35902594133482,28.973156529356253
102.42121888295281,29.08699381255147
102.20899766063252,28.9855031361681
102.18799148692385,29.023608587737808
102.366626854613,28.992454112847632
102.44124013757725,28.95158881441307
102.37521595601763,29.125556874569316
102.34472923000925,29.02410641610295
102.23599205078062,29.07771783081341
102.44136174374762,28.946644006367144
102.33217370832891,28.878519861118093
102.45876783236658,29.053814344935432
102.42234852430899,29.043129599109843
102.3914973700865,29.001639815851114
102.24398138619624,29.059247416226548
102.32899863460055,28.950206368202295
102.40151246074797,29.004751802084442
102.37533470428507,28.932170544158648
102.23284800654477,29.094593477258893
102.20932888863173,29.015939722771012
102.20932888863173,29.015939722771012
102.20932888863173,29.015939722771012
102.36812723658713,28.875919299779195
102.26143593057003,28.98527993356644
102.29710484183884,28.96257677553902
102.20342231038707,28.98570807616911
102.50536664327699,29.026478978532996
102.27331147960089,29.063773923035335
102.27331147960089,29.063773923035335
102.19587631925359,29.08469484651908
102.24172633629541,28.993424144278045
102.24172633629541,28.993424144278045
102.42682020592568,28.86446292286523
102.42290015132028,28.94540590119723
102.26806232392433,28.909915617865146
102.22434029528493,29.0800946692442
102.22434029528493,29.0800946692442
102.22434029528493,29.0800946692442
102.40526777537323,28.89276797246955
102.44775239370728,28.899204012597625
102.20800912834964,29.004245127400374
102.20800912834964,29.004245127400374
102.20800912834964,29.004245127400374
102.20800912834964,29.004245127400374
102.20800912834964,29.004245127400374
102.35474739951493,28.862328127067077
102.45283042200329,28.895512969680492
102.37326294497744,28.90615929048608
102.37326294497744,28.90615929048608
102.46748452722242,28.988874855505514
102.40960229735981,28.929888498165827
102.29644583823679,28.97749068413391
102.2213566836214,29.02486711497453
102.40834262006524,29.098998429397607
102.3752637485061,29.133477442751293
102.35296279270206,28.95984594381066
102.49746155465878,29.015226103575554
102.37305092348596,28.880000286970926
102.43749125227541,29.0531615208216
102.35335202989404,28.955465418340882
102.37408942099557,29.011087785296365
102.26461423609499,29.03610158563746
102.20731433040922,29.05979215599105
102.36703542218453,29.02946088030028
102.257498006606,29.058521311080767
102.35183888286203,28.86022461974075
102.44153225269115,28.894715857433887
102.42081480478308,28.89883798780979
102.40441405825334,29.11833710693098
102.21660688286848,29.061510953955903
102.37928292374409,29.033121909468885
102.35079496156798,29.01969415339898
102.42167113182504,29.051780149451986
102.45645415338956,28.93296048165347
102.45645415338956,28.93296048165347
102.37978053530682,28.958212383435672
102.35332832609278,28.90238101689016
102.2768430809756,28.936154405407603
102.18884523121137,29.057321236653763
102.42457890996631,29.03446936253544
102.40483455577956,29.053380966274876
102.47395926391552,28.941900898401634
102.39690013178084,29.029288744670055
102.39690013178084,29.029288744670055
102.39690013178084,29.029288744670055
102.25814419140352,28.98663259925497
102.19681258853616,29.001003186453175
102.41446250737285,28.89498489214934
102.43651497251707,29.03441153994264
102.41449563228679,28.933204333240482
102.29060999351819,28.95597110251152
102.29060999351819,28.95597110251152
102.4540093714459,28.90062963130002
102.44699425662087,28.873585282123994
102.36853587550081,28.968548234860855
102.30432656965179,28.97095834568446
102.30432656965179,28.97095834568446
102.37110435172694,28.944237475679206
102.33295219930953,29.06855224494627
102.28505586384603,28.96462413268893
102.21744039546667,28.979596611362872
102.40892034367383,29.071235220732053
102.40892034367383,29.071235220732053
102.3874811098228,29.091292906541952
102.26889379009053,28.96451594615054
102.31504265993303,28.95348612769982
102.45147798321216,28.920334816660716
102.45147798321216,28.920334816660716
102.46544026941596,28.96963848215733
102.37693927160005,28.867501251016545
102.37190624482406,28.865840509988846
102.26942767521112,29.07247138308338
102.25800199163149,28.96489350623808
102.41271065760597,28.969025950799345
102.37498624660653,28.924093232537302
102.43224204220948,28.860413434157042
102.22530856198827,29.017853177199754
102.44853925451208,28.88674208900363
102.44264885757282,28.888945227756174
102.42056710977587,29.081792080805027
102.44928663163758,28.91344407865256
102.40880980292681,29.132866895714677
102.35328356055389,28.93751835896924
102.35803977696462,28.877742143801523
102.49968661126,29.018294916965317
102.46964757013184,29.01489077739488
104.1140059556461,32.01477526439485
104.16146808935179,32.865827471361285
103.92063472012566,32.25615826083772
104.23951405109709,32.170238739873156
104.11737178215196,32.57251345246674
104.18142874334183,33.05987438975192
104.7743111794113,32.517384955907154
103.87550447949053,32.04125498658885
103.87500566209228,31.433086084895876
103.96652192992491,31.878993792898576
103.79517447987256,32.11634713803258
103.82794889878932,32.500897437228815
103.97203604045264,32.387691166979174
104.2991967934471,32.07446537074365
103.87251844326063,32.106358383661046
103.9834422400027,32.041454291673645
104.3065848934043,31.773337725211015
104.00085508359003,32.463346468177896
103.93465090141723,32.37015137141022
104.63573899311616,32.45643195592479
104.95624384281078,32.70081999676223
104.84841561115164,32.80906353647315
105.03615531999924,32.72743344422464
105.04167497984503,32.643003085128704
104.66500431311061,32.823601162717516
105.40309623657186,32.81914090204439
104.64450056517701,32.85351844990244
104.92288448375197,32.61736149185251
104.39060202412465,32.879030945502535
104.70698875413382,32.47323267372248
104.15456292293871,32.92434385307647
104.10310861346142,32.82606647657436
104.10883233392056,33.00077698151057
103.92805461452056,32.89145425490345
104.3157015327128,32.83754334378269
104.67822943359533,32.52378238834614
104.49965620466728,32.703243834594886
104.62473080382195,32.51289522953537
104.6285869651671,32.42867770449701
104.56765807169671,32.722655687969315
105.05354654165694,32.61027930345468
105.31251680934976,33.02895957811492
104.74487289441063,32.576050695411354
104.4086685492758,32.498722774108906
104.0793656271212,31.98197867222421
104.0171825750291,31.712740528629883
103.92216379274201,31.579460155476973
103.85277430693571,31.712668286052782
103.90411342028126,31.482532556527918
104.05449897734256,31.672938754993996
103.87792261755132,31.57397412615623
103.9224998885349,31.497654119306386
104.29199709661793,32.57582906994258
103.83108007174103,32.51532001990833
104.2168418241601,32.999631463488484
104.37443494399886,32.66064333131566
104.74775101294271,32.78702491410781
104.97965690356843,32.58660361548476
105.33473732547516,32.732467112217336
105.27863321871413,32.83796787563499
104.84008882225906,32.530992437668694
104.34552933057955,32.31332838510667
103.90730446018878,31.54503273854442
103.68983207075283,31.300256742561047
103.33812702520365,31.23454371095257
103.04476199674487,30.492974017147098
103.08603727473802,30.6903103732605
102.47569042258735,30.22282101051384
102.40367822366967,29.84974800672995
102.40849861714027,29.811054881483095
102.79059178719677,30.91182050530457
102.79937377752987,30.9067955005624
102.61765429860652,30.12418279726228
103.278897618466,31.017115409208856
103.33269528919016,31.28908443539162
102.7967553427052,30.878335521087656
102.33910836061546,29.846789979506504
102.89189219509429,30.705405088343795
102.7386713165015,30.378042639831868
102.90798363287456,30.474629394495423
103.07609087965584,30.59439765117168
102.593111367446,30.826713824958315
103.211678280177,30.964131336556992
102.64102721690325,30.734451852619607
102.56847639957662,30.40890451892644
103.10696611337352,30.623970473171614
103.08070934693248,31.07366718147349
102.99710541436475,31.292757884986205
103.34233735171034,31.227491686031357
103.20214043480318,31.033228056623535
103.89379855772874,31.513850982321323
104.21054292851382,32.30849674485096
104.28937021879187,32.89932198168292
104.3705716009885,32.99339871659894
104.03201993738763,32.94300991777
103.99078552095631,31.92898842479426
103.9893614099995,32.82324834053688
104.05465676469929,32.23442033476315
104.77401909054338,32.582893434255425
103.84736707442585,32.09388847927546
104.62633108346216,32.72649671151527
104.02201536413652,33.028743286445575
104.19927132423759,32.768590205301656
104.06428745553957,33.13735741413806
104.20860624044631,32.69671697940761
104.66128251030877,32.644446026212336
105.03516318388078,32.59844723231289
105.483911044511,32.9561137161628
105.27511669205124,32.61800176237244
105.08188125237228,32.70226419730128
105.44163268287998,32.74716367878943
105.21934824644362,32.7818443375105
105.62254437862424,32.88310176310949
105.45340391457006,33.122594978983415
105.48827934540513,33.01756563387344
105.33218105260703,32.83769274737352
104.94210815167608,32.69194401694504
104.34818924812689,32.66587638277216
104.10334411456458,32.34084350207744
104.02643793159709,32.19478234301852
104.0574423858053,33.21039128131734
104.1517401145263,32.981883406198094
104.63616806578307,32.80751316305027
104.46238862571866,32.83163826981115
104.49418511956858,32.810064506586365
104.70587100656867,32.728485113150526
104.75003941222494,32.63895270462747
103.97988224805329,32.338072751820256
103.97633957124881,31.729245713596757
103.76156868769603,31.37859969015521
103.25650728179909,30.935441364904044
103.27853563910138,30.92114864810604
103.10236252727809,31.11093690923698
103.20292076299471,31.28474072552583
103.2115390753457,31.204520342482642
102.66764078748274,30.516237776845184
103.10410163876557,30.78713947029047
103.05614493404659,30.585181398223295
102.9610660768237,31.2080038697853
103.18951627606401,31.02320808051674
103.21717098168148,30.89247921539843
102.93904175887828,30.897334886319015
103.03105601094948,30.784081690549943
102.73621384452142,29.563098633072432
102.9537873708915,29.43836233966806
102.44002220967208,29.7722987721954
102.99593602922792,29.474980906823692
102.72195191926195,29.58997281575469
102.84517403034178,29.614565142080068
102.71459568734821,30.33635355937435
102.54204007775911,29.99495568667359
102.62248555818995,30.449831707054482
103.30928981170777,30.66568951924221
103.11748948059065,30.468939494899246
102.57267772175432,30.13634851486814
102.64174345784363,29.987014459877418
102.61196938255783,30.647593951200175
102.53860935577282,30.81594038682528
102.86254177574136,30.93043417734761
102.90875329925753,30.499403139520698
103.00109544743655,30.887606191633594
102.64044055708925,30.467812654806966
102.78223269181292,30.804556359889318
102.48710406124621,30.115908809620418
103.03762025952473,30.422186772243705
103.37273781642699,31.14107669465229
103.2071512517891,31.324265785306643
103.1840670267484,30.72950137065818
102.71730453176573,30.60388375786941
102.8872962539941,30.52455054415022
102.92428893716647,30.953133873038357
103.11283718271167,30.753048282326915
102.7347136273132,30.870284190853376
103.43788254232378,30.851991658599427
102.83312496680746,30.522153608437797
102.72717063302095,30.241491380555452
102.97452218405873,30.999917557914646
103.2775412475469,30.684828802336213
103.00434148969914,30.88530338468149
103.78892424770272,31.559449926834773
103.8985957725486,31.36660038401569
104.00309406165044,31.520067541244227
104.4659216495922,32.608102563926174
104.06565388413308,32.25222124910294
103.81165595846586,32.60597830179211
103.88164459647258,32.25265244967795
104.02755601475131,31.888277639505155
103.90846527041616,32.23027468438692
104.03998363434962,32.179844844622814
103.96422576194264,32.40248649202811
103.87124248389001,31.84271119073296
104.0379718195004,32.31430432754699
104.00156620174434,31.704495057605186
104.36097946690353,32.15327550530398
103.89204748393823,31.880686015213865
103.88294107591561,32.1491647046916
104.60448245810956,32.548117830766344
104.12197771264066,32.85061832633771
103.94299036835585,32.22813637560165
103.75051577985805,32.14166517890748
103.79022622533536,32.0405677319525
104.03899341590301,31.695011248555065
104.10145007759728,32.06800891941607
103.79631295242848,31.361671037892936
103.73632902716604,32.04345770515798
104.08210986282774,32.59425467496436
104.04709177232537,32.62948611155498
104.2366684653301,32.809007177605885
103.73436870006164,31.843608793920488
104.30314157210667,32.19912833623262
104.30386271605497,32.09462076303843
104.06899168303323,32.15821094497266
103.97201667537875,31.5659982725569
104.3031609507595,32.19191870456138
104.1591409625358,32.59251603549315
104.01177159626349,32.31849015686241
103.90569100154372,32.05207427209363
103.87796589315344,32.623233766410614
103.9816434280099,32.28395057956748
104.19741836497141,32.760617673544225
104.70312111576888,32.596862276087315
103.93569287584009,32.25541526592981
103.74094633741221,32.09363691218811
104.0229739258575,33.037502921250834
104.09791670201304,33.16976481111339
104.20934215518378,32.56802311811923
104.15623719135654,32.995359652928805
104.24819342744908,32.773452419542764
104.30988637586279,32.12314590880652
103.94851351853885,32.11738243962081
103.83774433344728,31.88800111549171
104.02444659329204,31.89649476721306
103.90446378800304,32.18264571376077
103.9187649408988,31.535987480972945
104.13501711506662,32.56188768426861
104.45875773821592,32.7736606775127
104.07374842129667,33.102628785018815
103.98580502986229,32.55713807667806
104.35106250746975,32.86467326999832
104.06968344011122,32.42566653599483
104.301189671926,32.679603772406026
104.57099807465806,32.868459740812675
103.8243020369431,32.465907842905104
103.95773123974541,32.71676789403814
104.29511105346253,32.273432279858554
103.96571515597404,32.72610207783896
103.98227074133189,32.91107888483854
104.42206247533254,32.04319232651414
104.19893654128178,32.21747089254434
103.9923167820453,32.68617771258715
104.05881428136152,31.65229049055593
103.5215596343163,31.12160371086483
102.85089703131005,30.570993855955322
103.1748437011144,31.114330245715227
103.38588744239672,31.320914779841296
102.51991761222953,30.71618182910189
102.54102593363318,30.589104138532534
102.94489750615001,30.569546267077108
102.63659389944827,30.620669041687623
103.66233605226797,31.304351680907843
103.14049251683532,31.07280015720911
103.40732996928874,31.298315609169464
103.21863869390273,31.1956463933463
103.55926639509205,31.140779073400406
103.40433658980426,31.39182270830987
103.69876497541436,31.201571135352516
103.45985722648395,30.881622432532016
103.14374059035453,30.880121669862042
102.74724459524698,30.703713854903206
102.71933484809031,30.89312979216324
102.76233397551555,30.4523904970224
102.6632113563124,30.469518361521843
102.58910081458355,30.789947277650153
102.9830413356887,30.942144876853263
102.54076189865641,30.425414638645496
102.95174863852998,30.60850006669871
102.63989475590446,30.56716361190029
103.13805116422719,30.823760321028082
102.97605585719278,31.13928335821339
102.86975439134157,30.765233937570656
103.06584615864458,31.103251714007293
102.96108902088943,31.14195278099429
103.25263239951767,30.630063348201656
102.54907079951496,29.909595715646464
102.5388479884645,30.29472460697373
